date,bok,ktb3,ktb10,aa3,kospi,kosdaq,ust10,fed,kr_cpi,kr_cpi_month,us_cpi,us_cpi_month,kr_cpi_fcst,cpi_surprise,gdp_now,taylor,credit_bp,curve_bp,kosdaq_val,ipo_demand,loss_share,taylor_gap,kospi_risk,kospi_state,kospi_wt,kosdaq_risk,kosdaq_state,kosdaq_wt,risk_mac_gdp,risk_mac_uscpi,risk_mac_krcpi,risk_mac_fed,risk_mac_bok,risk_rat_ust,risk_rat_ktb,risk_rat_curve,risk_rat_credit,risk_eq_fin,risk_eq_val,risk_eq_ipo,risk_eq_kospi,temp_mac,temp_rat,temp_eq,temp_all
2024-01-02,3.5,3.24,3.306,3.98,2669.81,878.93,3.95,5.33,2.81639,,3.088343,,2.693931,0.0,2.6,4.024584,74.0,6.6,0.0,489.54,47.368421,0.524584,0.0,NORMAL,1.066,0.1082,NORMAL,1.2,,,,,,,,,,,,,0.0,,,0.0,0.0
2024-01-03,3.5,3.278,3.338,4.017,2607.31,871.57,3.91,5.33,2.81639,,3.088343,,2.693931,0.0,2.6,4.024584,73.9,6.0,-0.420451,489.54,47.368421,0.524584,0.0655,NORMAL,0.904,0.1213,NORMAL,1.198,,,,,,,,,,,,,0.081875,,,8.2,8.2
2024-01-04,3.5,3.227,3.288,3.977,2587.02,866.25,3.99,5.33,2.81639,,3.088343,,2.693931,0.0,2.6,4.024584,75.0,6.1,-0.687876,489.54,47.368421,0.524584,0.083,NORMAL,0.889,0.1307,NORMAL,1.178,,,,,,,,,,,,,0.10375,,,10.4,10.4
2024-01-05,3.5,3.283,3.344,4.032,2578.08,878.33,4.05,5.33,2.81639,,3.088343,,2.693931,0.0,2.6,4.024584,74.9,6.1,0.521876,489.54,47.368421,0.524584,0.0808,NORMAL,0.914,0.1093,NORMAL,1.2,,,,,,,,,,,,,0.101,,,10.1,10.1
2024-01-08,3.5,3.297,3.344,4.045,2567.82,879.34,4.01,5.33,2.81639,,3.088343,,2.693931,0.0,2.6,4.024584,74.8,4.7,0.509325,606.095,45.0,0.524584,0.0888,NORMAL,0.909,0.1075,NORMAL,1.2,,,,,,,,,,,,,0.111,,,11.1,11.1
2024-01-09,3.5,3.255,3.323,4.004,2561.24,884.64,4.02,5.33,2.81639,,3.088343,,2.693931,0.0,2.6,4.024584,74.9,6.8,0.927542,631.53,40.909091,0.524584,0.0928,NORMAL,0.909,0.0981,NORMAL,1.2,,,,,,,,,,,,,0.116,,,11.6,11.6
2024-01-10,3.5,3.269,3.346,4.017,2541.98,875.46,4.04,5.33,2.81639,,3.088343,,2.693931,0.0,2.6,4.024584,74.8,7.7,-0.102698,631.53,40.909091,0.524584,0.1035,NORMAL,0.914,0.1144,NORMAL,1.2,,,,,,,,,,,,,0.129375,,,12.9,12.9
2024-01-11,3.5,3.227,3.307,3.976,2540.27,882.53,3.98,5.33,2.81639,,3.088343,,2.693931,0.0,2.6,4.024584,74.9,8.0,0.615501,631.53,40.909091,0.524584,0.1041,NORMAL,0.915,0.1018,NORMAL,1.2,,,,,,,,,,,,,0.130125,,,13.0,13.0
2024-01-12,3.5,3.204,3.306,3.953,2525.05,868.08,3.96,5.33,2.81639,,3.088343,,2.693931,0.0,2.6,4.024584,74.9,10.2,-0.918311,675.71,39.130435,0.524584,0.1143,NORMAL,0.913,0.1275,NORMAL,1.2,,,,,,,,,,,,,0.142875,,,14.3,14.3
2024-01-15,3.5,3.191,3.293,3.939,2525.99,859.71,3.96,5.33,2.81639,,3.088343,,2.693931,0.0,2.6,4.024584,74.8,10.2,-1.689453,675.71,39.130435,0.524584,0.105,NORMAL,0.943,0.1423,NORMAL,1.2,,,,,,,,,,,,,0.13125,,,13.1,13.1
2024-01-16,3.5,3.235,3.322,3.982,2497.59,854.83,4.07,5.33,2.81639,,3.088343,,2.693931,0.0,2.6,4.024584,74.7,8.7,-2.047362,675.71,39.130435,0.524584,0.1163,NORMAL,0.966,0.1509,NORMAL,1.2,,,,,,,,,,,,,0.145375,,,14.5,14.5
2024-01-17,3.5,3.277,3.369,4.025,2435.9,833.05,4.1,5.33,2.81639,,3.088343,,2.693931,0.0,2.6,4.024584,74.8,9.2,-4.18031,675.71,39.130435,0.524584,0.2736,NORMAL,0.854,0.2177,NORMAL,1.104,,,,,,,,,,,,,0.342,,,34.2,34.2
2024-01-18,3.5,3.285,3.38,4.034,2440.04,840.33,4.14,5.33,2.81639,,3.088343,,2.693931,0.0,2.6,4.024584,74.9,9.5,-3.09375,759.815,37.5,0.524584,0.2394,NORMAL,0.856,0.1767,NORMAL,1.139,,,,,,,,,,,,,0.29925,,,29.9,29.9
2024-01-19,3.5,3.307,3.422,4.058,2472.74,842.67,4.15,5.33,2.81639,,3.088343,,2.693931,0.0,2.6,4.024584,75.1,11.5,-2.627496,759.815,37.5,0.524584,0.254,NORMAL,0.813,0.2234,NORMAL,1.156,,,,,,,,,,,,,0.3175,,,31.8,31.8
2024-01-22,3.5,3.278,3.372,4.03,2464.35,839.69,4.11,5.33,2.81639,,3.088343,,2.693931,0.0,2.6,4.024584,75.2,9.4,-2.779225,759.815,37.5,0.524584,0.2904,NORMAL,0.898,0.2782,NORMAL,1.164,,,,,,,,,,,,,0.363,,,36.3,36.3
2024-01-23,3.5,3.286,3.372,4.041,2478.61,840.11,4.14,5.33,2.81639,,3.088343,,2.693931,0.0,2.6,4.024584,75.5,8.6,-2.564311,759.815,37.5,0.524584,0.2264,NORMAL,0.883,0.2291,NORMAL,1.164,,,,,,,,,,,,,0.283,,,28.3,28.3
2024-01-24,3.5,3.3,3.4,4.051,2469.69,836.21,4.18,5.33,2.81639,,3.088343,,2.693931,0.0,2.6,4.024584,75.1,10.0,-2.84423,759.815,37.5,0.524584,0.2339,NORMAL,0.884,0.2267,NORMAL,1.165,,,,,,,,,,,,,0.292375,,,29.2,29.2
2024-01-25,3.5,3.313,3.419,4.061,2470.34,823.74,4.14,5.33,2.81639,,3.088343,,2.693931,0.0,2.6,4.024584,74.8,10.6,-4.064257,759.815,37.5,0.524584,0.2725,NORMAL,0.886,0.3089,WARNING,1.126,,,,,,,,,,,,,0.340625,,,34.1,34.1
2024-01-26,3.5,3.263,3.386,4.01,2478.56,837.24,4.15,5.33,2.81639,,3.088343,,2.693931,0.0,2.6,4.024584,74.7,12.3,-2.363941,759.815,37.5,0.524584,0.2692,NORMAL,0.89,0.2705,NORMAL,1.102,,,,,,,,,,,,,0.3365,,,33.6,33.6
2024-01-29,3.5,3.304,3.436,4.051,2500.65,819.14,4.08,5.33,2.81639,,3.088343,,2.693931,0.0,2.6,4.024584,74.7,13.2,-4.260498,759.815,37.5,0.524584,0.2811,NORMAL,0.947,0.3914,WARNING,1.038,,,,,,,,,,,,,0.351375,,,35.1,35.1
2024-01-30,3.5,3.268,3.35,4.009,2498.81,818.86,4.06,5.33,2.81639,,3.088343,,2.693931,0.0,2.6,4.024584,74.1,8.2,-4.097161,759.815,36.0,0.524584,0.1757,NORMAL,0.968,0.2899,NORMAL,1.098,0.5,0.5,0.5,0.5,0.5,0.5,0.4,0.6,0.1,0.0,0.55,0.2,0.219625,50.0,40.0,24.2,38.1
2024-01-31,3.5,3.261,3.345,4.002,2497.09,799.24,3.99,5.33,2.81639,,3.088343,,2.693931,0.0,2.6,4.024584,74.1,8.4,-6.12212,759.815,36.0,0.524584,0.2775,NORMAL,1.131,0.4898,HIGH,1.018,0.5,0.5,0.5,0.5,0.5,0.261905,0.333333,0.571429,0.095238,0.02381,0.47619,0.214286,0.346875,50.0,31.5,26.5,36.0
2024-02-01,3.5,3.267,3.339,4.001,2542.46,798.73,3.87,5.33,2.81639,,3.088343,,2.693931,0.0,2.6,4.024584,73.4,7.2,-5.929177,759.815,36.0,0.524584,0.2301,NORMAL,0.998,0.4903,HIGH,1.014,0.5,0.5,0.5,0.5,0.5,0.0,0.409091,0.727273,0.0,0.045455,0.363636,0.227273,0.287625,50.0,28.4,23.1,33.8
2024-02-02,3.5,3.248,3.287,3.982,2615.31,814.77,4.03,5.33,2.81639,,3.088343,,2.693931,0.0,2.6,4.024584,73.4,3.9,-3.878251,838.92,38.461538,0.524584,0.1535,NORMAL,0.81,0.3306,WARNING,0.974,0.5,0.5,0.5,0.5,0.5,0.434783,0.26087,1.0,0.0,0.478261,0.0,0.0,0.191875,50.0,42.4,16.8,36.4
2024-02-05,3.5,3.312,3.374,4.047,2591.31,807.99,4.17,5.33,2.81639,2024-01,3.088343,,2.693931,0.0,2.6,4.024584,73.5,6.2,-4.49941,838.92,38.461538,0.524584,0.1468,NORMAL,0.797,0.3358,WARNING,0.976,0.5,0.5,0.5,0.5,0.5,0.958333,0.958333,0.791667,0.083333,0.479167,0.75,0.020833,0.1835,50.0,69.8,35.8,51.9
2024-02-06,3.5,3.292,3.382,4.028,2576.2,807.03,4.09,5.33,2.81639,2024-01,3.088343,,2.693931,0.0,2.6,4.024584,73.6,9.0,-4.443342,838.92,38.461538,0.524584,0.1351,NORMAL,0.792,0.3132,WARNING,0.993,0.5,0.5,0.5,0.5,0.5,0.64,0.76,0.4,0.12,0.48,0.8,0.04,0.168875,50.0,48.0,37.2,45.1
2024-02-07,3.5,3.286,3.378,4.019,2609.58,811.92,4.09,5.33,2.81639,2024-01,3.088343,,2.693931,0.0,2.6,4.024584,73.3,9.2,-3.72655,838.92,38.461538,0.524584,0.1079,NORMAL,0.781,0.2819,NORMAL,0.984,0.5,0.5,0.5,0.5,0.5,0.634615,0.711538,0.365385,0.0,0.480769,0.730769,0.057692,0.134875,50.0,42.8,35.1,42.6
2024-02-08,3.5,3.305,3.4,4.034,2620.32,826.58,4.15,5.33,2.81639,2024-01,3.088343,,2.693931,0.0,2.6,4.024584,72.9,9.5,-1.918594,838.92,38.461538,0.524584,0.1012,NORMAL,0.78,0.2269,NORMAL,0.937,0.5,0.5,0.5,0.5,0.5,0.888889,0.888889,0.277778,0.0,0.481481,0.87037,0.074074,0.1265,50.0,51.4,38.8,46.7
2024-02-13,3.5,3.353,3.453,4.074,2649.64,845.15,4.31,5.33,2.81639,2024-01,3.088343,2024-01,2.693931,0.0,2.6,4.024584,72.1,10.0,0.275058,838.92,38.461538,0.524584,0.1395,NORMAL,0.778,0.2371,NORMAL,0.886,0.5,0.5,0.5,0.5,0.5,1.0,1.0,0.25,0.0,0.482143,1.0,0.089286,0.174375,50.0,56.2,43.6,49.9
2024-02-14,3.5,3.425,3.502,4.141,2620.42,853.3,4.27,5.33,2.81639,2024-01,3.088343,2024-01,2.693931,0.0,2.6,4.024584,71.6,7.7,1.200138,838.92,38.461538,0.524584,0.1129,NORMAL,0.753,0.168,NORMAL,0.883,0.5,0.5,0.5,0.5,0.5,0.965517,1.0,0.672414,0.0,0.482759,1.0,0.103448,0.141125,50.0,65.9,43.2,53.0
2024-02-15,3.5,3.405,3.477,4.117,2613.8,859.21,4.24,5.33,2.81639,2024-01,3.088343,2024-01,2.693931,0.0,2.6,4.024584,71.2,7.2,1.838604,838.92,38.461538,0.524584,0.1071,NORMAL,0.776,0.1577,NORMAL,0.882,0.5,0.5,0.5,0.5,0.5,0.933333,0.966667,0.716667,0.0,0.483333,0.966667,0.116667,0.133875,50.0,65.4,42.5,52.6
2024-02-16,3.5,3.405,3.482,4.115,2648.76,857.6,4.3,5.33,2.81639,2024-01,3.088343,2024-01,2.693931,0.0,2.6,4.024584,71.0,7.7,1.595462,838.92,38.461538,0.524584,0.0373,NORMAL,0.912,0.1327,NORMAL,0.978,0.5,0.5,0.5,0.5,0.5,0.967742,0.951613,0.612903,0.0,0.483871,0.967742,0.129032,0.046625,50.0,63.3,40.7,51.3
2024-02-19,3.5,3.397,3.467,4.102,2680.26,858.47,4.3,5.33,2.81639,2024-01,3.088343,2024-01,2.693931,0.0,2.6,4.024584,70.5,7.0,1.646209,856.115,40.740741,0.524584,0.0272,NORMAL,0.902,0.1287,NORMAL,0.987,0.5,0.5,0.5,0.5,0.5,0.953125,0.90625,0.75,0.0,0.75,0.90625,0.0,0.034,50.0,65.2,42.3,52.5
2024-02-20,3.5,3.405,3.489,4.105,2657.79,866.17,4.27,5.33,2.81639,2024-01,3.088343,2024-01,2.693931,0.0,2.6,4.024584,70.0,8.4,2.48082,856.115,40.740741,0.524584,0.0461,NORMAL,0.886,0.1171,NORMAL,0.979,0.5,0.5,0.5,0.5,0.5,0.893939,0.939394,0.5,0.0,0.742424,0.969697,0.015152,0.057625,50.0,58.3,44.6,51.0
2024-02-21,3.5,3.402,3.474,4.09,2653.31,864.07,4.32,5.33,2.81639,2024-01,3.088343,2024-01,2.693931,0.0,2.6,4.024584,68.8,7.2,2.167195,856.115,40.740741,0.524584,0.0463,NORMAL,0.894,0.1201,NORMAL,0.982,0.5,0.5,0.5,0.5,0.5,1.0,0.882353,0.705882,0.0,0.735294,0.882353,0.029412,0.057875,50.0,64.7,42.6,52.4
2024-02-22,3.5,3.342,3.424,4.023,2664.27,870.11,4.33,5.33,2.81639,2024-01,3.088343,2024-01,2.693931,0.0,2.6,4.024584,68.1,8.2,2.799083,920.05,39.285714,0.524584,0.0382,NORMAL,0.899,0.11,NORMAL,0.979,0.5,0.5,0.5,0.5,0.5,1.0,0.8,0.542857,0.0,0.685714,0.771429,0.0,0.04775,50.0,58.6,37.6,48.7
2024-02-23,3.5,3.374,3.468,4.045,2667.7,868.57,4.26,5.33,2.81639,2024-01,3.088343,2024-01,2.693931,0.0,2.6,4.024584,67.1,9.4,2.544606,920.05,39.285714,0.524584,0.0324,NORMAL,0.911,0.1115,NORMAL,0.984,0.5,0.5,0.5,0.5,0.5,0.805556,0.833333,0.291667,0.0,0.680556,0.861111,0.013889,0.0405,50.0,48.3,39.9,46.1
2024-02-26,3.5,3.34,3.402,4.005,2647.08,867.4,4.28,5.33,2.81639,2024-01,3.088343,2024-01,2.693931,0.0,2.6,4.024584,66.5,6.2,2.341663,920.05,39.285714,0.524584,0.0536,NORMAL,0.884,0.1095,NORMAL,1.033,0.5,0.5,0.5,0.5,0.5,0.864865,0.756757,0.851351,0.0,0.675676,0.675676,0.027027,0.067,50.0,61.8,36.1,49.3
2024-02-27,3.5,3.364,3.43,4.025,2625.05,853.75,4.31,5.33,2.81639,2024-01,3.088343,2024-01,2.693931,0.0,2.6,4.024584,66.1,6.6,0.712264,920.05,39.285714,0.524584,0.0764,NORMAL,0.856,0.134,NORMAL,1.013,0.5,0.5,0.5,0.5,0.5,0.934211,0.815789,0.789474,0.0,0.671053,0.763158,0.039474,0.0955,50.0,63.5,39.2,50.9
2024-02-28,3.5,3.359,3.442,4.015,2652.29,863.39,4.27,5.33,2.81639,2024-01,3.088343,2024-01,2.693931,0.0,2.6,4.024584,65.6,8.3,1.802373,920.05,39.285714,0.524584,0.0607,NORMAL,0.852,0.1167,NORMAL,1.105,0.5,0.5,0.5,0.5,0.5,0.794872,0.794872,0.487179,0.0,0.666667,0.794872,0.051282,0.075875,50.0,51.9,39.7,47.2
2024-02-29,3.5,3.385,3.475,4.037,2642.36,862.96,4.25,5.33,2.81639,2024-01,3.088343,2024-01,2.693931,0.0,2.6,4.024584,65.2,9.0,1.708218,920.05,39.285714,0.524584,0.0674,NORMAL,0.851,0.1058,NORMAL,1.104,0.5,0.5,0.5,0.5,0.5,0.725,0.85,0.3625,0.0,0.6625,0.9,0.0625,0.08425,50.0,48.4,42.7,47.0
2024-03-04,3.5,3.36,3.434,4.008,2674.27,872.97,4.22,5.33,3.126983,2024-02,3.088343,2024-01,2.957935,0.433052,2.6,4.490474,64.8,7.4,2.817295,920.05,37.931034,0.990474,0.0503,NORMAL,0.843,0.0877,NORMAL,1.2,0.5,0.5,1.0,0.5,1.0,0.682927,0.780488,0.658537,0.0,0.268293,0.731707,0.073171,0.062875,70.0,53.0,28.4,50.5
2024-03-05,3.5,3.349,3.409,3.992,2649.4,866.37,4.13,5.33,3.126983,2024-02,3.088343,2024-01,2.957935,0.433052,2.6,4.490474,64.3,6.0,1.99157,920.05,37.931034,0.990474,0.06,NORMAL,0.86,0.0997,NORMAL,1.2,0.5,0.5,0.988095,0.5,0.988095,0.47619,0.714286,0.952381,0.0,0.27381,0.619048,0.083333,0.075,69.5,53.6,26.3,49.8
2024-03-06,3.5,3.325,3.381,3.962,2641.49,870.67,4.11,5.33,3.126983,2024-02,3.088343,2024-01,2.957935,0.433052,2.6,4.490474,63.7,5.6,2.439626,920.05,37.931034,0.990474,0.0241,NORMAL,1.049,0.0858,NORMAL,1.2,0.5,0.5,0.976744,0.5,0.976744,0.453488,0.651163,0.953488,0.0,0.27907,0.488372,0.093023,0.030125,69.1,51.5,22.3,47.6
2024-03-07,3.5,3.321,3.399,3.959,2647.62,863.37,4.09,5.33,3.126983,2024-02,3.088343,2024-01,2.957935,0.433052,2.6,4.490474,63.8,7.8,1.545066,980.055,40.0,0.990474,0.0203,NORMAL,1.081,0.0926,NORMAL,1.2,0.5,0.5,0.965909,0.5,0.965909,0.386364,0.636364,0.545455,0.022727,0.75,0.545455,0.0,0.025375,68.6,39.8,33.0,47.1
2024-03-08,3.5,3.271,3.334,3.91,2680.35,873.18,4.09,5.33,3.126983,2024-02,3.088343,2024-01,2.957935,0.433052,2.6,4.490474,63.9,6.3,2.638648,980.055,40.0,0.990474,0.0,NORMAL,1.052,0.0747,NORMAL,1.2,0.5,0.5,0.955556,0.5,0.955556,0.388889,0.288889,0.8,0.044444,0.744444,0.177778,0.011111,0.0,68.2,38.1,23.3,43.2
2024-03-11,3.5,3.275,3.342,3.914,2659.84,875.93,4.1,5.33,3.126983,2024-02,3.088343,2024-01,2.957935,0.433052,2.6,4.490474,63.9,6.7,2.897054,980.055,40.0,0.990474,0.0238,NORMAL,1.069,0.0779,NORMAL,1.2,0.5,0.5,0.945652,0.5,0.945652,0.445652,0.304348,0.73913,0.054348,0.73913,0.23913,0.021739,0.02975,67.8,38.6,25.7,44.0
2024-03-12,3.5,3.273,3.335,3.917,2681.81,889.71,4.16,5.33,3.126983,2024-02,3.088343,2024-01,2.957935,0.433052,2.6,4.490474,64.4,6.2,4.41758,980.055,40.0,0.990474,0.0,NORMAL,1.052,0.0181,NORMAL,1.2,0.5,0.5,0.93617,0.5,0.93617,0.659574,0.297872,0.851064,0.106383,0.734043,0.191489,0.031915,0.0,67.4,47.9,23.9,46.4
2024-03-13,3.5,3.251,3.331,3.899,2693.57,889.93,4.19,5.33,3.126983,2024-02,3.157074,2024-02,2.957935,0.433052,2.6,4.490474,64.8,8.0,4.348774,980.055,40.0,0.990474,0.0,NORMAL,1.087,0.0177,NORMAL,1.2,0.5,1.0,0.927083,0.5,0.927083,0.708333,0.145833,0.489583,0.135417,0.729167,0.166667,0.041667,0.0,77.1,37.0,23.4,45.8
2024-03-14,3.5,3.273,3.354,3.922,2718.76,887.52,4.29,5.33,3.126983,2024-02,3.157074,2024-02,2.957935,0.433052,2.6,4.490474,64.9,8.1,3.981627,980.055,40.0,0.990474,0.0,NORMAL,1.126,0.0221,NORMAL,1.2,0.5,0.989796,0.918367,0.5,0.918367,0.877551,0.316327,0.469388,0.163265,0.72449,0.387755,0.05102,0.0,76.5,45.7,29.1,50.4
2024-03-15,3.5,3.308,3.41,3.953,2666.84,880.46,4.31,5.33,3.126983,2024-02,3.157074,2024-02,2.957935,0.433052,2.6,4.490474,64.5,10.2,3.090715,920.05,41.935484,0.990474,0.0383,NORMAL,0.975,0.0344,NORMAL,1.2,0.5,0.98,0.91,0.5,0.91,0.94,0.62,0.09,0.12,0.9,0.68,0.21,0.047875,76.0,44.2,45.9,55.4
2024-03-18,3.5,3.348,3.435,3.993,2685.84,894.48,4.34,5.33,3.126983,2024-02,3.157074,2024-02,2.957935,0.433052,2.6,4.490474,64.5,8.7,4.637054,920.05,41.935484,0.990474,0.0259,NORMAL,1.01,0.0057,NORMAL,1.2,0.5,0.970588,0.901961,0.5,0.901961,1.0,0.745098,0.343137,0.127451,0.892157,0.784314,0.215686,0.032375,75.5,55.4,48.1,59.7
2024-03-19,3.5,3.383,3.472,4.022,2656.17,891.91,4.3,5.33,3.126983,2024-02,3.157074,2024-02,2.957935,0.433052,2.6,4.490474,63.9,8.9,4.251116,920.05,41.935484,0.990474,0.0611,NORMAL,1.01,0.0275,NORMAL,1.2,0.5,0.961538,0.894231,0.5,0.894231,0.865385,0.865385,0.326923,0.057692,0.884615,0.884615,0.221154,0.076375,75.0,52.9,51.7,59.9
2024-03-20,3.5,3.371,3.451,4.006,2690.14,891.45,4.27,5.33,3.126983,2024-02,3.157074,2024-02,2.957935,0.433052,2.6,4.490474,63.5,8.0,4.116421,920.05,41.935484,0.990474,0.1326,NORMAL,0.986,0.1171,NORMAL,1.2,0.5,0.95283,0.886792,0.5,0.886792,0.764151,0.830189,0.528302,0.0,0.877358,0.811321,0.226415,0.16575,74.5,53.1,52.0,59.9
2024-03-21,3.5,3.306,3.411,3.942,2754.86,904.29,4.27,5.33,3.126983,2024-02,3.157074,2024-02,2.957935,0.433052,2.6,4.490474,63.6,10.5,5.508327,920.05,41.935484,0.990474,0.0778,NORMAL,0.861,0.0376,NORMAL,1.2,0.5,0.944444,0.87963,0.5,0.87963,0.759259,0.555556,0.074074,0.018519,0.87037,0.648148,0.231481,0.09725,74.1,35.2,46.2,51.8
2024-03-22,3.5,3.284,3.362,3.918,2748.56,903.98,4.22,5.33,3.126983,2024-02,3.157074,2024-02,2.957935,0.433052,2.6,4.490474,63.4,7.8,5.369194,920.05,41.935484,0.990474,0.1207,NORMAL,0.86,0.0767,NORMAL,1.2,0.5,0.936364,0.872727,0.5,0.872727,0.645455,0.4,0.563636,0.0,0.863636,0.363636,0.236364,0.150875,73.6,40.2,40.4,51.4
2024-03-25,3.5,3.29,3.37,3.915,2737.57,913.69,4.25,5.33,3.126983,2024-02,3.157074,2024-02,2.957935,0.433052,2.6,4.490474,62.5,8.0,6.379676,920.05,41.935484,0.990474,0.1557,NORMAL,0.854,0.1026,NORMAL,1.2,0.5,0.928571,0.866071,0.5,0.866071,0.6875,0.464286,0.526786,0.0,0.857143,0.392857,0.241071,0.194625,73.2,42.0,42.1,52.4
2024-03-26,3.5,3.301,3.397,3.923,2757.09,916.09,4.24,5.33,3.126983,2024-02,3.157074,2024-02,2.957935,0.433052,2.6,4.490474,62.2,9.6,6.536788,920.05,41.935484,0.990474,0.0385,NORMAL,0.867,0.0,NORMAL,1.2,0.5,0.921053,0.859649,0.5,0.859649,0.657895,0.526316,0.175439,0.0,0.850877,0.54386,0.245614,0.048125,72.8,34.0,42.2,49.7
2024-03-27,3.5,3.288,3.373,3.903,2755.11,911.25,4.2,5.33,3.126983,2024-02,3.157074,2024-02,2.957935,0.433052,2.6,4.490474,61.5,8.5,5.866726,920.05,41.935484,0.990474,0.031,NORMAL,0.894,0.0088,NORMAL,1.2,0.5,0.913793,0.853448,0.5,0.853448,0.603448,0.448276,0.396552,0.0,0.844828,0.431034,0.25,0.03875,72.4,36.2,39.1,49.2
2024-03-28,3.5,3.293,3.377,3.903,2745.82,910.05,4.2,5.33,3.126983,2024-02,3.157074,2024-02,2.957935,0.433052,2.6,4.490474,61.0,8.4,5.626487,920.05,41.935484,0.990474,0.0509,NORMAL,0.907,0.0294,NORMAL,1.2,0.5,0.90678,0.847458,0.5,0.847458,0.601695,0.491525,0.440678,0.0,0.838983,0.457627,0.254237,0.063625,72.0,38.3,40.4,50.2
2024-03-29,3.5,3.322,3.413,3.926,2746.63,905.5,4.2,5.33,3.126983,2024-02,3.157074,2024-02,2.957935,0.433052,2.6,4.490474,60.4,9.1,5.010616,920.05,41.935484,0.990474,0.0299,NORMAL,0.914,0.0193,NORMAL,1.2,0.5,0.9,0.841667,0.5,0.841667,0.6,0.683333,0.283333,0.0,0.833333,0.683333,0.258333,0.037375,71.7,39.2,45.3,52.1
2024-04-01,3.5,3.291,3.381,3.896,2747.86,912.45,4.33,5.33,3.126983,2024-02,3.157074,2024-02,2.957935,0.433052,2.6,4.490474,60.5,9.0,5.717426,920.05,41.935484,0.990474,0.0214,NORMAL,0.941,0.0066,NORMAL,1.2,0.5,0.893443,0.836066,0.5,0.836066,0.97541,0.459016,0.327869,0.016393,0.827869,0.5,0.262295,0.02675,71.3,44.5,40.4,52.1
2024-04-02,3.5,3.333,3.425,3.926,2753.16,891.59,4.36,5.33,3.126983,2024-02,3.157074,2024-02,2.957935,0.433052,2.6,4.490474,59.3,9.2,3.246473,920.05,41.935484,0.990474,0.009,NORMAL,0.974,0.0446,NORMAL,1.2,0.5,0.887097,0.830645,0.5,0.830645,1.0,0.709677,0.274194,0.0,0.822581,0.741935,0.266129,0.01125,71.0,49.6,46.0,55.5
2024-04-03,3.5,3.341,3.452,3.927,2706.97,879.96,4.36,5.33,3.103511,2024-03,3.157074,2024-02,2.937984,0.145575,2.6,4.455266,58.6,11.1,1.869477,920.05,41.935484,0.955266,0.0602,NORMAL,0.893,0.0657,NORMAL,1.2,0.5,0.880952,0.650794,0.5,0.650794,0.992063,0.730159,0.047619,0.0,0.81746,0.84127,0.269841,0.07525,63.7,44.2,50.1,52.7
2024-04-04,3.5,3.338,3.457,3.919,2742.0,882.9,4.31,5.33,3.103511,2024-03,3.157074,2024-02,2.937984,0.145575,2.6,4.455266,58.1,11.9,2.175092,920.05,41.935484,0.955266,0.0478,NORMAL,0.866,0.0604,NORMAL,1.2,0.5,0.875,0.648438,0.5,0.648438,0.882812,0.703125,0.03125,0.0,0.8125,0.859375,0.273438,0.05975,63.4,40.4,50.1,51.3
2024-04-05,3.5,3.329,3.433,3.902,2714.21,872.29,4.39,5.33,3.103511,2024-03,3.157074,2024-02,2.937984,0.145575,2.6,4.455266,57.3,10.4,0.932746,920.05,41.935484,0.955266,0.0649,NORMAL,0.865,0.0797,NORMAL,1.2,0.5,0.869231,0.646154,0.5,0.646154,1.0,0.676923,0.107692,0.0,0.807692,0.738462,0.276923,0.081125,63.2,44.6,47.6,51.8
2024-04-08,3.5,3.383,3.488,3.945,2717.65,860.57,4.42,5.33,3.103511,2024-03,3.157074,2024-02,2.937984,0.145575,2.6,4.455266,56.2,10.5,-0.417083,920.05,43.75,0.955266,0.0578,NORMAL,0.881,0.1073,NORMAL,1.155,0.5,0.863636,0.643939,0.5,0.643939,1.0,0.886364,0.098485,0.0,0.924242,0.969697,0.280303,0.07225,63.0,49.6,56.2,56.3
2024-04-09,3.5,3.391,3.503,3.953,2705.16,859.33,4.36,5.33,3.103511,2024-03,3.157074,2024-02,2.937984,0.145575,2.6,4.455266,56.2,11.2,-0.552375,920.05,43.75,0.955266,0.0633,NORMAL,0.887,0.1121,NORMAL,1.2,0.5,0.858209,0.641791,0.5,0.641791,0.955224,0.910448,0.059701,0.007463,0.91791,1.0,0.283582,0.079125,62.8,48.3,57.0,56.0
2024-04-11,3.5,3.466,3.585,4.016,2706.96,858.1,4.56,5.33,3.103511,2024-03,3.157074,2024-02,2.937984,0.145575,2.6,4.455266,55.0,11.9,-0.68472,920.05,43.75,0.955266,0.061,NORMAL,0.891,0.1174,NORMAL,1.2,0.5,0.852941,0.639706,0.5,0.639706,1.0,1.0,0.036765,0.0,0.911765,1.0,0.286765,0.07625,62.6,50.9,56.9,56.8
2024-04-12,3.5,3.403,3.538,3.961,2681.82,860.47,4.5,5.33,3.103511,2024-03,3.157074,2024-02,2.937984,0.145575,2.6,4.455266,55.8,13.5,-0.40458,920.05,43.75,0.955266,0.0755,NORMAL,0.893,0.1062,NORMAL,1.2,0.5,0.847826,0.637681,0.5,0.637681,0.985507,0.927536,0.0,0.014493,0.905797,0.985507,0.289855,0.094375,62.5,48.2,56.9,55.9
2024-04-15,3.5,3.44,3.561,3.983,2670.43,852.42,4.63,5.33,3.103511,2024-03,3.486835,2024-03,2.937984,0.145575,2.6,4.455266,54.3,12.1,-1.317756,869.465,44.117647,0.955266,0.0572,NORMAL,0.981,0.1441,NORMAL,1.2,0.5,1.0,0.635714,0.5,0.635714,1.0,0.985714,0.042857,0.0,0.928571,0.985714,0.5,0.0715,65.4,50.7,62.1,59.4
2024-04-16,3.5,3.469,3.618,4.01,2609.63,832.81,4.67,5.33,3.103511,2024-03,3.486835,2024-03,2.937984,0.145575,2.6,4.455266,54.1,14.9,-3.539882,909.96,42.857143,0.955266,0.1555,NORMAL,0.874,0.2366,NORMAL,1.192,0.5,0.992958,0.633803,0.5,0.633803,1.0,1.0,0.0,0.0,0.859155,1.0,0.492958,0.194375,65.2,50.0,63.7,59.6
2024-04-17,3.5,3.475,3.632,4.007,2584.18,833.03,4.59,5.33,3.103511,2024-03,3.486835,2024-03,2.937984,0.145575,2.6,4.455266,53.2,15.7,-3.467927,909.96,42.857143,0.955266,0.1955,NORMAL,0.879,0.2353,NORMAL,1.187,0.5,0.986111,0.631944,0.5,0.631944,0.972222,1.0,0.0,0.0,0.854167,1.0,0.493056,0.244375,65.0,49.3,64.8,59.7
2024-04-18,3.5,3.427,3.562,3.96,2634.7,855.65,4.64,5.33,3.103511,2024-03,3.486835,2024-03,2.937984,0.145575,2.6,4.455266,53.3,13.5,-0.83536,909.96,42.857143,0.955266,0.1349,NORMAL,0.834,0.1333,NORMAL,0.984,0.5,0.979452,0.630137,0.5,0.630137,0.986301,0.945205,0.034247,0.013699,0.849315,0.958904,0.493151,0.168625,64.8,49.5,61.7,58.7
2024-04-19,3.5,3.468,3.583,3.982,2591.86,841.91,4.62,5.33,3.103511,2024-03,3.486835,2024-03,2.937984,0.145575,2.6,4.455266,51.4,11.5,-2.396149,909.96,42.857143,0.955266,0.1718,NORMAL,0.932,0.1941,NORMAL,1.004,0.5,0.972973,0.628378,0.5,0.628378,0.959459,0.972973,0.128378,0.0,0.844595,0.959459,0.493243,0.21475,64.6,51.5,62.8,59.6
2024-04-22,3.5,3.512,3.65,4.019,2629.44,845.82,4.62,5.33,3.103511,2024-03,3.486835,2024-03,2.937984,0.145575,2.6,4.455266,50.7,13.8,-1.917783,909.96,42.857143,0.955266,0.1361,NORMAL,0.867,0.1773,NORMAL,0.994,0.5,0.966667,0.626667,0.5,0.626667,0.953333,1.0,0.026667,0.0,0.84,1.0,0.493333,0.170125,64.4,49.5,62.6,58.8
2024-04-23,3.5,3.489,3.625,3.992,2623.02,845.44,4.61,5.33,3.103511,2024-03,3.486835,2024-03,2.937984,0.145575,2.6,4.455266,50.3,13.6,-1.936863,909.96,42.857143,0.955266,0.1477,NORMAL,0.869,0.1781,NORMAL,1.031,0.5,0.960526,0.625,0.5,0.625,0.934211,0.986842,0.039474,0.0,0.835526,0.973684,0.493421,0.184625,64.2,49.0,62.2,58.5
2024-04-24,3.5,3.509,3.645,4.004,2675.75,862.23,4.65,5.33,3.103511,2024-03,3.486835,2024-03,2.937984,0.145575,2.6,4.455266,49.5,13.6,0.010484,909.96,42.857143,0.955266,0.1115,NORMAL,0.801,0.1159,NORMAL,0.943,0.5,0.954545,0.623377,0.5,0.623377,0.987013,0.987013,0.045455,0.0,0.831169,0.987013,0.493506,0.139375,64.0,50.5,61.3,58.6
2024-04-25,3.5,3.543,3.707,4.029,2628.62,853.26,4.7,5.33,3.103511,2024-03,3.486835,2024-03,2.937984,0.145575,2.6,4.455266,48.6,16.4,-1.017046,869.465,44.444444,0.955266,0.1977,NORMAL,0.764,0.1738,NORMAL,0.938,0.5,0.948718,0.621795,0.5,0.621795,1.0,1.0,0.0,0.0,0.935897,1.0,0.544872,0.247125,63.8,50.0,68.2,60.7
2024-04-26,3.5,3.531,3.694,4.012,2656.33,856.82,4.67,5.33,3.103511,2024-03,3.486835,2024-03,2.937984,0.145575,2.6,4.455266,48.1,16.3,-0.59656,869.465,44.444444,0.955266,0.1527,NORMAL,0.744,0.1468,NORMAL,0.933,0.5,0.943038,0.620253,0.5,0.620253,0.981013,0.987342,0.012658,0.0,0.93038,0.987342,0.544304,0.190875,63.7,49.5,66.3,59.8
2024-04-29,3.5,3.552,3.704,4.024,2687.44,869.72,4.63,5.33,3.103511,2024-03,3.486835,2024-03,2.937984,0.145575,3.4,4.855266,47.2,15.2,0.888815,869.465,44.444444,1.355266,0.1375,NORMAL,0.724,0.1149,NORMAL,0.891,0.0,0.9375,0.61875,0.5,1.0,0.93125,1.0,0.0375,0.0,0.925,0.9875,0.54375,0.171875,61.1,49.2,65.7,58.7
2024-04-30,3.5,3.529,3.656,3.995,2692.06,868.93,4.69,5.33,3.103511,2024-03,3.486835,2024-03,2.937984,0.145575,3.4,4.855266,46.6,12.7,0.787376,869.465,44.444444,1.355266,0.135,NORMAL,0.723,0.1124,NORMAL,0.904,0.006173,0.932099,0.617284,0.5,0.993827,0.987654,0.962963,0.135802,0.0,0.919753,0.962963,0.54321,0.16875,61.0,52.2,64.9,59.4
2024-05-02,3.5,3.509,3.638,3.972,2683.65,867.48,4.58,5.33,3.103511,2024-03,3.486835,2024-03,2.937984,0.145575,3.4,4.855266,46.3,12.9,0.611684,906.225,43.243243,1.355266,0.1994,NORMAL,0.725,0.1556,NORMAL,0.974,0.012195,0.926829,0.615854,0.5,0.987805,0.853659,0.932927,0.134146,0.0,0.829268,0.926829,0.512195,0.24925,60.9,48.0,62.9,57.3
2024-05-03,3.5,3.5,3.614,3.958,2676.63,865.59,4.5,5.33,2.92498,2024-04,3.486835,2024-03,2.786233,-0.013004,3.4,4.58747,45.8,11.4,0.387788,906.225,43.243243,1.08747,0.1283,NORMAL,0.758,0.0991,NORMAL,1.0,0.018072,0.921687,0.493976,0.5,0.963855,0.825301,0.915663,0.228916,0.0,0.825301,0.879518,0.512048,0.160375,58.0,49.2,59.4,55.5
2024-05-07,3.5,3.448,3.536,3.912,2734.36,871.26,4.47,5.33,2.92498,2024-04,3.486835,2024-03,2.786233,-0.013004,3.4,4.58747,46.4,8.8,1.032947,906.225,43.243243,1.08747,0.1389,NORMAL,0.722,0.1122,NORMAL,0.993,0.02381,0.916667,0.494048,0.5,0.958333,0.809524,0.845238,0.52381,0.02381,0.821429,0.809524,0.511905,0.173625,57.9,55.1,57.9,57.0
2024-05-08,3.5,3.439,3.53,3.901,2745.05,872.42,4.48,5.33,2.92498,2024-04,3.486835,2024-03,2.786233,-0.013004,3.4,4.58747,46.2,9.1,1.153732,906.225,43.243243,1.08747,0.1248,NORMAL,0.734,0.1062,NORMAL,1.019,0.029412,0.911765,0.494118,0.5,0.952941,0.811765,0.823529,0.464706,0.011765,0.817647,0.8,0.511765,0.156,57.8,52.8,57.1,55.9
2024-05-09,3.5,3.453,3.556,3.913,2712.14,870.15,4.45,5.33,2.92498,2024-04,3.486835,2024-03,2.786233,-0.013004,3.4,4.58747,46.0,10.3,0.880208,906.225,43.243243,1.08747,0.1348,NORMAL,0.718,0.0958,NORMAL,1.055,0.034884,0.906977,0.494186,0.5,0.947674,0.790698,0.848837,0.302326,0.011628,0.813953,0.825581,0.511628,0.1685,57.7,48.8,58.0,54.8
2024-05-10,3.5,3.44,3.538,3.894,2727.63,864.16,4.5,5.33,2.92498,2024-04,3.486835,2024-03,2.786233,-0.013004,3.4,4.58747,45.4,9.8,0.183647,906.225,43.243243,1.08747,0.1232,NORMAL,0.718,0.1237,NORMAL,1.043,0.04023,0.902299,0.494253,0.5,0.942529,0.827586,0.821839,0.367816,0.0,0.810345,0.810345,0.511494,0.154,57.6,50.4,57.2,55.1
2024-05-13,3.5,3.452,3.554,3.904,2727.21,854.43,4.48,5.33,2.92498,2024-04,3.360795,2024-04,2.786233,-0.013004,3.4,4.58747,45.2,10.2,-0.933858,906.225,43.243243,1.08747,0.1158,NORMAL,0.719,0.1625,NORMAL,1.018,0.045455,0.795455,0.494318,0.5,0.9375,0.801136,0.840909,0.335227,0.0,0.806818,0.818182,0.511364,0.14475,55.5,49.4,57.0,54.0
2024-05-14,3.5,3.454,3.546,3.9,2730.34,862.15,4.45,5.33,2.92498,2024-04,3.360795,2024-04,2.786233,-0.013004,3.4,4.58747,44.6,9.2,-0.038339,906.225,43.243243,1.08747,0.1091,NORMAL,0.731,0.1278,NORMAL,1.004,0.050562,0.792135,0.494382,0.5,0.932584,0.769663,0.853933,0.466292,0.0,0.803371,0.808989,0.511236,0.136375,55.4,52.2,56.5,54.7
2024-05-16,3.5,3.375,3.458,3.82,2753.0,870.37,4.38,5.33,2.92498,2024-04,3.360795,2024-04,2.786233,-0.013004,3.4,4.58747,44.5,8.3,0.904583,906.225,43.243243,1.08747,0.0952,NORMAL,0.729,0.0888,NORMAL,1.005,0.055556,0.788889,0.494444,0.5,0.927778,0.733333,0.644444,0.638889,0.0,0.8,0.633333,0.511111,0.119,55.3,50.4,51.6,52.4
2024-05-17,3.5,3.379,3.454,3.825,2724.62,855.06,4.42,5.33,2.92498,2024-04,3.360795,2024-04,2.786233,-0.013004,3.4,4.58747,44.6,7.5,-0.860972,906.225,43.243243,1.08747,0.0968,NORMAL,0.792,0.1718,NORMAL,1.052,0.06044,0.785714,0.494505,0.5,0.923077,0.752747,0.648352,0.78022,0.021978,0.796703,0.615385,0.510989,0.121,55.3,55.1,51.1,53.8
2024-05-20,3.5,3.412,3.497,3.853,2742.14,847.08,4.44,5.33,2.92498,2024-04,3.360795,2024-04,2.786233,-0.013004,3.4,4.58747,44.1,8.5,-1.767338,906.225,43.243243,1.08747,0.117,NORMAL,0.813,0.2478,NORMAL,1.028,0.065217,0.782609,0.494565,0.5,0.918478,0.76087,0.76087,0.586957,0.0,0.793478,0.73913,0.51087,0.14625,55.2,52.7,54.7,54.2
2024-05-21,3.5,3.411,3.491,3.853,2724.18,846.51,4.41,5.33,2.92498,2024-04,3.360795,2024-04,2.786233,-0.013004,3.4,4.58747,44.2,8.0,-1.814288,906.225,43.243243,1.08747,0.0641,NORMAL,0.85,0.199,NORMAL,1.2,0.069892,0.77957,0.494624,0.5,0.913978,0.731183,0.752688,0.698925,0.010753,0.790323,0.731183,0.510753,0.080125,55.2,54.8,52.8,54.3
2024-05-22,3.5,3.409,3.478,3.848,2723.46,845.72,4.43,5.33,2.92498,2024-04,3.360795,2024-04,2.786233,-0.013004,3.4,4.58747,43.9,6.9,-1.886235,906.225,43.243243,1.08747,0.0423,NORMAL,0.919,0.2018,NORMAL,1.2,0.074468,0.776596,0.494681,0.5,0.909574,0.755319,0.744681,0.840426,0.0,0.787234,0.691489,0.510638,0.052875,55.1,58.5,51.1,54.9
2024-05-23,3.5,3.402,3.472,3.84,2721.81,846.58,4.47,5.33,2.92498,2024-04,3.360795,2024-04,2.786233,-0.013004,3.4,4.58747,43.8,7.0,-1.768184,906.225,43.243243,1.08747,0.0492,NORMAL,0.955,0.2128,NORMAL,1.2,0.078947,0.773684,0.494737,0.5,0.905263,0.794737,0.689474,0.831579,0.0,0.784211,0.647368,0.510526,0.0615,55.1,57.9,50.1,54.4
2024-05-24,3.5,3.423,3.515,3.861,2687.6,839.41,4.46,5.33,2.92498,2024-04,3.360795,2024-04,2.786233,-0.013004,3.4,4.58747,43.8,9.2,-2.574031,857.115,42.105263,1.08747,0.0948,NORMAL,0.912,0.2533,NORMAL,1.2,0.083333,0.770833,0.494792,0.5,0.901042,0.78125,0.770833,0.416667,0.010417,0.635417,0.770833,0.635417,0.1185,55.0,49.5,54.0,52.8
2024-05-27,3.5,3.413,3.498,3.851,2722.99,847.99,4.46,5.33,2.92498,2024-04,3.360795,2024-04,2.786233,-0.013004,3.4,4.58747,43.8,8.5,-1.562342,857.115,42.105263,1.08747,0.0412,NORMAL,0.965,0.1992,NORMAL,1.2,0.087629,0.768041,0.494845,0.5,0.896907,0.778351,0.762887,0.561856,0.015464,0.634021,0.742268,0.634021,0.0515,54.9,53.0,51.5,53.1
2024-05-28,3.5,3.394,3.481,3.828,2722.85,851.01,4.54,5.33,2.92498,2024-04,3.360795,2024-04,2.786233,-0.013004,3.4,4.58747,43.4,8.7,-1.199676,906.225,43.589744,1.08747,0.0207,NORMAL,1.077,0.1735,NORMAL,1.2,0.091837,0.765306,0.494898,0.5,0.892857,0.857143,0.653061,0.540816,0.0,0.857143,0.683673,0.5,0.025875,54.9,51.3,51.7,52.6
2024-05-29,3.5,3.425,3.536,3.855,2677.3,838.45,4.61,5.33,2.92498,2024-04,3.360795,2024-04,2.786233,-0.013004,3.4,4.58747,43.0,11.1,-2.631985,906.225,43.589744,1.08747,0.0651,NORMAL,1.0,0.2313,NORMAL,1.2,0.09596,0.762626,0.494949,0.5,0.888889,0.893939,0.782828,0.212121,0.0,0.853535,0.792929,0.5,0.081375,54.8,47.2,55.7,52.6
2024-05-30,3.5,3.44,3.564,3.867,2635.44,831.99,4.55,5.33,2.92498,2024-04,3.360795,2024-04,2.786233,-0.013004,3.4,4.58747,42.7,12.4,-3.34981,906.225,43.589744,1.08747,0.1723,NORMAL,0.973,0.2964,NORMAL,1.2,0.1,0.76,0.495,0.5,0.885,0.85,0.82,0.13,0.0,0.85,0.87,0.5,0.215375,54.8,45.0,60.9,53.6
2024-05-31,3.5,3.452,3.578,3.871,2636.52,839.98,4.51,5.33,2.92498,2024-04,3.360795,2024-04,2.786233,-0.013004,3.4,4.58747,41.9,12.6,-2.39846,897.61,45.0,1.08747,0.1433,NORMAL,0.975,0.2311,NORMAL,1.2,0.10396,0.757426,0.49505,0.5,0.881188,0.831683,0.846535,0.128713,0.0,0.955446,0.871287,0.584158,0.179125,54.8,45.2,64.8,54.9
2024-06-03,3.5,3.434,3.532,3.853,2682.52,844.72,4.41,5.33,2.672546,2024-05,3.360795,2024-04,2.571664,-0.113687,3.4,4.208819,41.9,9.8,-1.830085,897.61,45.0,0.708819,0.1769,NORMAL,0.899,0.2899,NORMAL,1.2,0.107843,0.754902,0.0,0.5,0.401961,0.671569,0.784314,0.357843,0.004902,0.95098,0.764706,0.583333,0.221125,35.3,45.5,63.0,47.9
2024-06-04,3.5,3.39,3.47,3.81,2662.1,845.84,4.33,5.33,2.672546,2024-05,3.360795,2024-04,2.571664,-0.113687,3.4,4.208819,42.0,8.0,-1.683853,967.52,45.0,0.708819,0.2538,NORMAL,0.889,0.3255,WARNING,1.2,0.11165,0.752427,0.004854,0.5,0.402913,0.592233,0.61165,0.703883,0.019417,0.946602,0.592233,0.058252,0.31725,35.4,48.2,47.9,43.8
2024-06-05,3.5,3.345,3.43,3.771,2689.5,850.75,4.29,5.33,2.672546,2024-05,3.360795,2024-04,2.571664,-0.113687,3.4,4.208819,42.6,8.5,-1.102655,967.52,45.0,0.708819,0.1869,NORMAL,0.976,0.3013,WARNING,1.2,0.115385,0.75,0.009615,0.5,0.403846,0.495192,0.480769,0.591346,0.028846,0.942308,0.456731,0.0625,0.233625,35.6,39.9,42.4,39.3
2024-06-07,3.5,3.308,3.385,3.736,2722.67,866.18,4.43,5.33,2.672546,2024-05,3.360795,2024-04,2.571664,-0.113687,3.4,4.208819,42.8,7.7,0.684476,967.52,45.0,0.708819,0.1323,NORMAL,0.938,0.19,NORMAL,1.2,0.119048,0.747619,0.014286,0.5,0.404762,0.709524,0.366667,0.771429,0.047619,0.938095,0.314286,0.066667,0.165375,35.7,47.4,37.1,40.1
2024-06-10,3.5,3.353,3.433,3.782,2701.17,864.71,4.47,5.33,2.672546,2024-05,3.360795,2024-04,2.571664,-0.113687,3.4,4.208819,42.9,8.0,0.508779,1030.31,42.5,0.708819,0.1174,NORMAL,0.961,0.1747,NORMAL,1.2,0.122642,0.745283,0.018868,0.5,0.40566,0.773585,0.514151,0.726415,0.056604,0.59434,0.476415,0.0,0.14675,35.8,51.8,30.4,39.3
2024-06-11,3.5,3.341,3.425,3.775,2705.32,868.36,4.39,5.33,2.672546,2024-05,3.360795,2024-04,2.571664,-0.113687,3.4,4.208819,43.4,8.4,0.924315,1030.31,42.5,0.708819,0.0995,NORMAL,0.972,0.1478,NORMAL,1.2,0.126168,0.742991,0.023364,0.5,0.406542,0.649533,0.462617,0.61215,0.079439,0.593458,0.443925,0.004673,0.124375,36.0,45.1,29.2,36.8
2024-06-12,3.5,3.307,3.382,3.745,2728.17,870.67,4.31,5.33,2.672546,2024-05,3.360795,2024-04,2.571664,-0.113687,3.4,4.208819,43.8,7.5,1.18172,954.75,42.5,0.708819,0.0884,NORMAL,0.953,0.1412,NORMAL,1.2,0.12963,0.740741,0.027778,0.5,0.407407,0.537037,0.347222,0.791667,0.111111,0.592593,0.300926,0.101852,0.1105,36.1,44.7,27.6,36.1
2024-06-13,3.5,3.277,3.345,3.718,2754.89,871.33,4.24,5.33,2.672546,2024-05,3.244279,2024-05,2.571664,-0.113687,3.4,4.208819,44.1,6.8,1.246837,954.75,42.5,0.708819,0.0984,NORMAL,0.931,0.1601,NORMAL,1.2,0.133028,0.642202,0.03211,0.5,0.408257,0.376147,0.169725,0.866972,0.137615,0.591743,0.151376,0.105505,0.123,34.3,38.8,24.3,32.5
2024-06-14,3.5,3.252,3.302,3.694,2758.42,862.19,4.2,5.33,2.672546,2024-05,3.244279,2024-05,2.571664,-0.113687,3.4,4.208819,44.2,5.0,0.183119,1009.35,40.0,0.708819,0.0203,NORMAL,0.947,0.1159,NORMAL,1.2,0.136364,0.640909,0.036364,0.5,0.409091,0.331818,0.072727,0.981818,0.159091,0.327273,0.027273,0.018182,0.025375,34.5,38.6,10.0,27.7
2024-06-17,3.5,3.212,3.283,3.662,2744.1,858.96,4.28,5.33,2.672546,2024-05,3.244279,2024-05,2.571664,-0.113687,3.4,4.208819,45.0,7.1,-0.190482,1009.35,40.0,0.708819,0.0926,NORMAL,0.968,0.1989,NORMAL,1.2,0.13964,0.63964,0.040541,0.5,0.40991,0.472973,0.018018,0.81982,0.198198,0.328829,0.0,0.022523,0.11575,34.6,37.7,11.7,28.0
2024-06-18,3.5,3.214,3.279,3.666,2763.92,858.95,4.22,5.33,2.672546,2024-05,3.244279,2024-05,2.571664,-0.113687,3.4,4.208819,45.2,6.5,-0.189951,1009.35,40.0,0.708819,0.0168,NORMAL,0.966,0.1295,NORMAL,1.2,0.142857,0.638393,0.044643,0.5,0.410714,0.357143,0.026786,0.892857,0.209821,0.330357,0.0,0.026786,0.021,34.7,37.2,9.5,27.1
2024-06-19,3.5,3.162,3.231,3.62,2797.33,861.17,4.22,5.33,2.672546,2024-05,3.244279,2024-05,2.571664,-0.113687,3.4,4.208819,45.8,6.9,0.067416,1009.35,40.0,0.708819,0.0299,NORMAL,0.948,0.1259,NORMAL,1.2,0.146018,0.637168,0.048673,0.5,0.411504,0.358407,0.0,0.840708,0.234513,0.331858,0.0,0.030973,0.037375,34.9,35.8,10.0,26.9
2024-06-20,3.5,3.196,3.269,3.648,2807.63,857.51,4.25,5.33,2.672546,2024-05,3.244279,2024-05,2.571664,-0.113687,3.4,4.208819,45.2,7.3,-0.354773,1009.35,40.0,0.708819,0.0762,NORMAL,0.948,0.1871,NORMAL,1.2,0.149123,0.635965,0.052632,0.5,0.412281,0.412281,0.017544,0.77193,0.210526,0.333333,0.008772,0.035088,0.09525,35.0,35.3,11.8,27.4
2024-06-21,3.5,3.176,3.255,3.637,2784.26,852.67,4.25,5.33,2.672546,2024-05,3.244279,2024-05,2.571664,-0.113687,3.4,4.208819,46.1,7.9,-0.90936,1009.35,40.0,0.708819,0.0721,NORMAL,0.926,0.1834,NORMAL,1.2,0.152174,0.634783,0.056522,0.5,0.413043,0.413043,0.008696,0.686957,0.26087,0.334783,0.008696,0.03913,0.090125,35.1,34.2,11.8,27.0
2024-06-24,3.5,3.194,3.264,3.656,2764.73,841.52,4.25,5.33,2.672546,2024-05,3.244279,2024-05,2.571664,-0.113687,3.4,4.208819,46.2,7.0,-2.186691,1009.35,40.0,0.708819,0.0684,NORMAL,0.958,0.226,NORMAL,1.2,0.155172,0.633621,0.060345,0.5,0.413793,0.413793,0.025862,0.823276,0.275862,0.336207,0.017241,0.043103,0.0855,35.3,38.5,12.1,28.6
2024-06-25,3.5,3.201,3.271,3.662,2774.39,841.99,4.23,5.33,2.672546,2024-05,3.244279,2024-05,2.571664,-0.113687,3.4,4.208819,46.1,7.0,-2.114375,1009.35,40.0,0.708819,0.0225,NORMAL,0.995,0.1901,NORMAL,1.2,0.15812,0.632479,0.064103,0.5,0.41453,0.367521,0.042735,0.820513,0.260684,0.337607,0.034188,0.047009,0.028125,35.4,37.3,11.2,28.0
2024-06-26,3.5,3.215,3.278,3.676,2792.05,842.12,4.32,5.33,2.672546,2024-05,3.244279,2024-05,2.571664,-0.113687,3.4,4.208819,46.1,6.3,-2.081988,1009.35,40.0,0.708819,0.0357,NORMAL,0.988,0.2081,NORMAL,1.2,0.161017,0.631356,0.067797,0.5,0.415254,0.597458,0.076271,0.902542,0.271186,0.338983,0.042373,0.050847,0.044625,35.5,46.2,11.9,31.2
2024-06-27,3.5,3.22,3.3,3.684,2784.06,838.65,4.29,5.33,2.672546,2024-05,3.244279,2024-05,2.571664,-0.113687,3.4,4.208819,46.4,8.0,-2.465263,1009.35,40.0,0.708819,0.0725,NORMAL,1.093,0.2561,NORMAL,1.2,0.163866,0.630252,0.071429,0.5,0.415966,0.512605,0.084034,0.659664,0.306723,0.340336,0.092437,0.054622,0.090625,35.6,39.1,14.5,29.7
2024-06-28,3.5,3.182,3.266,3.658,2797.82,840.44,4.36,5.33,2.672546,2024-05,3.244279,2024-05,2.571664,-0.113687,3.4,4.208819,47.6,8.4,-2.23885,1009.35,40.0,0.708819,0.0058,NORMAL,1.2,0.186,NORMAL,1.2,0.166667,0.629167,0.075,0.5,0.416667,0.654167,0.016667,0.533333,0.333333,0.341667,0.025,0.058333,0.00725,35.8,38.4,10.8,28.3
2024-07-01,3.5,3.21,3.312,3.681,2804.31,847.15,4.48,5.33,2.672546,2024-05,3.244279,2024-05,2.571664,-0.113687,3.4,4.208819,47.1,10.2,-1.446553,1009.35,40.0,0.708819,0.002,NORMAL,1.2,0.1511,NORMAL,1.2,0.169421,0.628099,0.078512,0.5,0.417355,0.818182,0.066116,0.272727,0.322314,0.342975,0.140496,0.061983,0.0025,35.9,37.0,13.7,28.9
2024-07-02,3.5,3.169,3.289,3.634,2780.86,829.91,4.43,5.33,2.672546,2024-05,3.244279,2024-05,2.571664,-0.113687,3.4,4.208819,46.5,12.0,-3.425068,1009.35,40.0,0.708819,0.0159,NORMAL,1.2,0.2299,NORMAL,1.2,0.172131,0.627049,0.081967,0.5,0.418033,0.729508,0.008197,0.139344,0.311475,0.344262,0.090164,0.065574,0.019875,36.0,29.7,13.0,26.2
2024-07-03,3.5,3.16,3.274,3.624,2794.01,836.1,4.36,5.33,2.410939,2024-06,3.244279,2024-05,2.349298,-0.160725,3.4,3.816409,46.4,11.4,-2.683524,1009.35,40.0,0.316409,0.0081,NORMAL,1.2,0.1985,NORMAL,1.2,0.174797,0.626016,0.0,0.5,0.0,0.642276,0.0,0.182927,0.300813,0.345528,0.04878,0.069106,0.010125,26.0,28.2,11.8,22.0
2024-07-04,3.5,3.128,3.234,3.591,2824.94,840.81,4.36,5.33,2.410939,2024-06,3.244279,2024-05,2.349298,-0.160725,3.4,3.816409,46.3,10.6,-2.11859,1009.35,40.0,0.316409,0.0394,NORMAL,1.2,0.2135,NORMAL,1.2,0.177419,0.625,0.004032,0.5,0.004032,0.641129,0.0,0.221774,0.28629,0.346774,0.008065,0.072581,0.04925,26.2,28.7,11.9,22.3
2024-07-05,3.5,3.115,3.227,3.582,2862.23,847.49,4.28,5.33,2.410939,2024-06,3.244279,2024-05,2.349298,-0.160725,3.4,3.816409,46.7,11.2,-1.330449,1009.35,40.0,0.316409,0.0917,NORMAL,1.2,0.2328,NORMAL,1.2,0.18,0.624,0.008,0.5,0.008,0.472,0.0,0.2,0.336,0.348,0.0,0.076,0.114625,26.4,25.2,13.5,21.7
2024-07-08,3.5,3.119,3.212,3.58,2857.76,859.27,4.28,5.33,2.410939,2024-06,3.244279,2024-05,2.349298,-0.160725,3.4,3.816409,46.1,9.3,0.040721,1009.35,40.0,0.316409,0.0467,NORMAL,1.2,0.1474,NORMAL,1.2,0.18254,0.623016,0.011905,0.5,0.011905,0.472222,0.007937,0.380952,0.246032,0.349206,0.0,0.079365,0.058375,26.6,27.7,12.2,22.2
2024-07-09,3.5,3.114,3.191,3.572,2867.38,860.42,4.3,5.33,2.410939,2024-06,3.244279,2024-05,2.349298,-0.160725,3.4,3.816409,45.8,7.7,0.173244,1009.35,40.0,0.316409,0.0,NORMAL,1.2,0.1013,NORMAL,1.2,0.185039,0.622047,0.015748,0.5,0.015748,0.523622,0.0,0.728346,0.220472,0.350394,0.0,0.082677,0.0,26.8,36.8,10.8,24.8
2024-07-10,3.5,3.12,3.198,3.576,2867.99,858.55,4.28,5.33,2.410939,2024-06,3.244279,2024-05,2.349298,-0.160725,3.4,3.816409,45.6,7.8,-0.044124,1009.35,40.0,0.316409,0.0,NORMAL,1.2,0.1047,NORMAL,1.2,0.1875,0.621094,0.019531,0.5,0.019531,0.46875,0.023438,0.699219,0.210938,0.351562,0.007812,0.085938,0.0,27.0,35.1,11.1,24.4
2024-07-11,3.5,3.163,3.234,3.614,2891.35,852.42,4.2,5.33,2.410939,2024-06,3.244279,2024-05,2.349298,-0.160725,3.4,3.816409,45.1,7.1,-0.752018,1009.35,40.0,0.316409,0.0,NORMAL,1.2,0.1174,NORMAL,1.2,0.189922,0.620155,0.023256,0.5,0.023256,0.286822,0.054264,0.79845,0.178295,0.352713,0.042636,0.089147,0.0,27.1,32.9,12.1,24.0
2024-07-12,3.5,3.101,3.177,3.552,2857.0,850.37,4.18,5.33,2.410939,2024-06,3.244279,2024-05,2.349298,-0.160725,3.4,3.816409,45.1,7.6,-0.983213,1029.19,40.0,0.316409,0.0198,NORMAL,1.2,0.127,NORMAL,1.2,0.192308,0.619231,0.026923,0.5,0.026923,0.257692,0.0,0.738462,0.180769,0.353846,0.0,0.015385,0.02475,27.3,29.4,9.8,22.2
2024-07-15,3.5,3.076,3.177,3.538,2860.92,852.88,4.23,5.33,2.410939,2024-06,2.970258,2024-06,2.349298,-0.160725,3.4,3.816409,46.2,10.1,-0.685751,1029.19,40.0,0.316409,0.0175,NORMAL,1.2,0.1161,NORMAL,1.2,0.194656,0.0,0.030534,0.5,0.030534,0.347328,0.0,0.29771,0.293893,0.354962,0.003817,0.019084,0.021875,15.1,23.5,10.0,16.2
2024-07-16,3.5,3.035,3.137,3.496,2866.09,839.61,4.17,5.33,2.410939,2024-06,2.970258,2024-06,2.349298,-0.160725,3.4,3.816409,46.1,10.2,-2.214583,998.79,40.0,0.316409,0.0146,NORMAL,1.2,0.1794,NORMAL,1.2,0.19697,0.003788,0.034091,0.5,0.034091,0.246212,0.0,0.284091,0.268939,0.356061,0.0,0.181818,0.01825,15.4,20.0,13.9,16.4
2024-07-17,3.5,3.05,3.139,3.509,2843.29,829.41,4.16,5.33,2.410939,2024-06,2.970258,2024-06,2.349298,-0.160725,3.4,3.816409,45.9,8.9,-3.377995,998.79,40.0,0.316409,0.0277,NORMAL,1.2,0.2266,NORMAL,1.2,0.199248,0.007519,0.037594,0.5,0.037594,0.236842,0.007519,0.462406,0.24812,0.357143,0.007519,0.184211,0.034625,15.6,23.9,14.6,18.0
2024-07-18,3.5,3.058,3.138,3.513,2824.35,822.48,4.2,5.33,2.410939,2024-06,2.970258,2024-06,2.349298,-0.160725,3.4,3.816409,45.5,8.0,-4.15559,998.79,40.0,0.316409,0.0386,NORMAL,1.2,0.2586,NORMAL,1.2,0.201493,0.011194,0.041045,0.5,0.041045,0.302239,0.014925,0.634328,0.216418,0.358209,0.007463,0.186567,0.04825,15.9,29.2,15.0,20.0
2024-07-19,3.5,3.074,3.156,3.525,2795.46,828.72,4.25,5.33,2.410939,2024-06,2.970258,2024-06,2.349298,-0.160725,3.4,3.816409,45.1,8.2,-3.404086,998.79,40.0,0.316409,0.0553,NORMAL,1.2,0.2281,NORMAL,1.2,0.203704,0.014815,0.044444,0.5,0.044444,0.411111,0.022222,0.588889,0.177778,0.359259,0.022222,0.188889,0.069125,16.1,30.0,16.0,20.7
2024-07-22,3.5,3.071,3.145,3.522,2763.51,809.96,4.26,5.33,2.410939,2024-06,2.970258,2024-06,2.349298,-0.160725,3.4,3.816409,45.1,7.4,-5.552216,998.79,40.0,0.316409,0.0737,NORMAL,1.2,0.3157,WARNING,1.135,0.205882,0.018382,0.047794,0.5,0.047794,0.4375,0.022059,0.772059,0.169118,0.360294,0.022059,0.191176,0.092125,16.4,35.0,16.6,22.7
2024-07-23,3.5,3.084,3.171,3.533,2774.29,812.12,4.25,5.33,2.410939,2024-06,2.970258,2024-06,2.349298,-0.160725,3.4,3.816409,44.9,8.7,-5.263956,998.79,40.0,0.316409,0.0675,NORMAL,1.2,0.303,WARNING,1.129,0.208029,0.021898,0.051095,0.5,0.051095,0.408759,0.043796,0.485401,0.160584,0.361314,0.036496,0.193431,0.084375,16.6,27.5,16.9,20.3
2024-07-24,3.5,3.046,3.131,3.509,2758.71,814.25,4.28,5.33,2.410939,2024-06,2.970258,2024-06,2.349298,-0.160725,3.4,3.816409,46.3,8.5,-4.9812,966.24,42.5,0.316409,0.0883,NORMAL,1.2,0.3029,WARNING,1.124,0.210145,0.025362,0.054348,0.5,0.054348,0.503623,0.007246,0.521739,0.347826,0.673913,0.0,0.282609,0.110375,16.9,34.5,26.7,26.0
2024-07-25,3.5,3.024,3.128,3.484,2710.65,797.29,4.27,5.33,2.410939,2024-06,2.970258,2024-06,2.349298,-0.160725,3.4,3.816409,46.0,10.4,-6.914066,966.24,42.5,0.316409,0.1653,NORMAL,1.13,0.3883,WARNING,1.032,0.21223,0.028777,0.057554,0.5,0.057554,0.464029,0.0,0.230216,0.276978,0.672662,0.0,0.284173,0.206625,17.1,24.3,29.1,23.5
2024-07-26,3.5,3.024,3.108,3.482,2731.9,797.56,4.2,5.33,2.410939,2024-06,2.970258,2024-06,2.349298,-0.160725,3.4,3.816409,45.8,8.4,-6.837068,966.24,42.5,0.316409,0.1165,NORMAL,1.111,0.3657,WARNING,1.035,0.214286,0.032143,0.060714,0.5,0.060714,0.292857,0.003571,0.546429,0.253571,0.671429,0.0,0.285714,0.145625,17.4,27.4,27.6,24.1
2024-07-29,3.5,2.978,3.046,3.434,2765.53,807.99,4.17,5.33,2.410939,2024-06,2.970258,2024-06,2.349298,-0.160725,2.5,3.366409,45.6,6.8,-5.58138,966.24,42.5,-0.133591,0.1002,NORMAL,1.049,0.3396,WARNING,1.007,1.0,0.035461,0.06383,0.5,0.0,0.241135,0.0,0.879433,0.237589,0.670213,0.0,0.287234,0.12525,32.0,34.0,27.1,31.0
2024-07-30,3.5,2.994,3.052,3.451,2738.19,803.78,4.15,5.33,2.410939,2024-06,2.970258,2024-06,2.349298,-0.160725,2.5,3.366409,45.7,5.8,-6.033436,966.24,45.0,-0.133591,0.2296,NORMAL,1.04,0.4508,HIGH,1.085,0.996479,0.038732,0.066901,0.5,0.003521,0.207746,0.007042,0.971831,0.246479,0.950704,0.007042,0.288732,0.287,32.1,35.8,38.3,35.4
2024-07-31,3.5,3.004,3.064,3.459,2770.69,803.15,4.09,5.33,2.410939,2024-06,2.970258,2024-06,2.349298,-0.160725,2.5,3.366409,45.5,6.0,-6.06725,891.8,45.0,-0.133591,0.1002,NORMAL,1.001,0.3597,WARNING,1.108,0.993007,0.041958,0.06993,0.5,0.006993,0.125874,0.013986,0.954545,0.227273,0.947552,0.013986,0.706294,0.12525,32.2,33.0,44.8,36.7
2024-08-01,3.5,2.976,3.01,3.431,2777.68,813.53,3.99,5.33,2.410939,2024-06,2.970258,2024-06,2.349298,-0.160725,2.5,3.366409,45.5,3.4,-4.821395,966.24,45.0,-0.133591,0.0683,NORMAL,1.04,0.2795,NORMAL,1.066,0.989583,0.045139,0.072917,0.5,0.010417,0.048611,0.0,1.0,0.229167,0.944444,0.0,0.288194,0.085375,32.4,31.9,33.0,32.4
2024-08-02,3.5,2.939,2.976,3.394,2676.19,779.33,3.8,5.33,2.410939,2024-06,2.970258,2024-06,2.349298,-0.160725,2.5,3.366409,45.5,3.7,-8.767479,998.79,45.0,-0.133591,0.2593,NORMAL,0.81,0.4914,HIGH,0.819,0.986207,0.048276,0.075862,0.5,0.013793,0.0,0.0,0.993103,0.231034,0.941379,0.0,0.186207,0.324125,32.5,30.6,36.3,33.1
2024-08-05,3.5,2.806,2.878,3.271,2441.55,691.28,3.78,5.33,2.551891,2024-07,2.970258,2024-06,2.469108,0.202593,2.5,3.577837,46.5,7.2,-18.969935,998.79,47.5,0.077837,0.7012,SEVERE,0.41,0.7012,SEVERE,0.392,0.982877,0.05137,0.157534,0.5,0.034247,0.0,0.0,0.770548,0.414384,1.0,0.0,0.188356,0.8765,34.5,29.6,51.6,38.6
2024-08-06,3.5,2.935,2.993,3.398,2522.15,732.87,3.9,5.33,2.551891,2024-07,2.970258,2024-06,2.469108,0.202593,2.5,3.577837,46.3,5.8,-14.012972,998.79,47.5,0.077837,0.6628,SEVERE,0.383,0.7,SEVERE,0.346,0.979592,0.054422,0.159864,0.5,0.037415,0.020408,0.006803,0.955782,0.377551,0.996599,0.013605,0.190476,0.8285,34.6,34.0,50.7,39.8
2024-08-07,3.5,2.929,3.001,3.397,2568.41,748.54,3.96,5.33,2.551891,2024-07,2.970258,2024-06,2.469108,0.202593,2.5,3.577837,46.8,7.2,-12.102605,998.79,47.5,0.077837,0.6014,SEVERE,0.374,0.7,SEVERE,0.34,0.976351,0.057432,0.162162,0.5,0.040541,0.047297,0.006757,0.763514,0.439189,0.993243,0.02027,0.192568,0.75175,34.7,31.4,48.9,38.3
2024-08-08,3.5,2.911,2.997,3.38,2556.73,745.28,3.99,5.33,2.551891,2024-07,2.970258,2024-06,2.469108,0.202593,2.5,3.577837,46.9,8.6,-12.412506,998.79,47.5,0.077837,0.6163,SEVERE,0.377,0.7,SEVERE,0.339,0.973154,0.060403,0.16443,0.5,0.043624,0.077181,0.006711,0.466443,0.442953,0.989933,0.020134,0.194631,0.770375,34.8,24.8,49.4,36.3
2024-08-09,3.5,2.941,3.012,3.409,2588.43,764.43,3.94,5.33,2.551891,2024-07,2.970258,2024-06,2.469108,0.202593,2.5,3.577837,46.8,7.1,-10.101442,998.79,47.5,0.077837,0.6222,SEVERE,0.373,0.7553,SEVERE,0.332,0.97,0.063333,0.166667,0.5,0.046667,0.033333,0.033333,0.783333,0.436667,0.986667,0.04,0.196667,0.77775,34.9,32.2,50.0,39.0
2024-08-12,3.5,2.946,3.0,3.421,2618.3,772.72,3.9,5.33,2.551891,2024-07,2.970258,2024-06,2.469108,0.202593,2.5,3.577837,47.5,5.4,-9.071925,967.69,45.0,0.077837,0.5917,HIGH,0.37,0.7444,SEVERE,0.331,0.966887,0.066225,0.168874,0.5,0.049669,0.023179,0.039735,0.966887,0.463576,0.907285,0.02649,0.278146,0.739625,35.0,37.3,48.8,40.4
2024-08-13,3.5,2.918,2.974,3.395,2621.5,764.86,3.85,5.33,2.551891,2024-07,2.941476,2024-07,2.469108,0.202593,2.5,3.577837,47.7,5.6,-9.937987,967.69,45.0,0.077837,0.6404,SEVERE,0.37,0.8195,SEVERE,0.332,0.963816,0.0,0.171053,0.5,0.052632,0.013158,0.013158,0.953947,0.473684,0.904605,0.006579,0.279605,0.8005,33.8,36.3,49.8,40.0
2024-08-14,3.5,2.888,2.945,3.37,2644.5,776.83,3.83,5.33,2.551891,2024-07,2.941476,2024-07,2.469108,0.202593,2.5,3.577837,48.2,5.7,-8.477839,967.69,45.0,0.077837,0.5605,HIGH,0.368,0.7356,SEVERE,0.33,0.960784,0.003268,0.173203,0.5,0.055556,0.013072,0.006536,0.947712,0.48366,0.901961,0.006536,0.281046,0.700625,33.9,36.3,47.3,39.2
2024-08-16,3.5,2.928,2.973,3.415,2697.23,786.33,3.89,5.33,2.551891,2024-07,2.941476,2024-07,2.469108,0.202593,2.5,3.577837,48.7,4.5,-7.314595,967.69,45.0,0.077837,0.4851,HIGH,0.361,0.6937,SEVERE,0.329,0.957792,0.006494,0.175325,0.5,0.058442,0.032468,0.025974,0.980519,0.493506,0.899351,0.012987,0.282468,0.606375,34.0,38.3,45.0,39.1
2024-08-19,3.5,2.927,2.985,3.424,2674.36,777.47,3.86,5.33,2.551891,2024-07,2.941476,2024-07,2.469108,0.202593,2.5,3.577837,49.7,5.8,-8.309801,967.69,45.0,0.077837,0.5242,HIGH,0.362,0.7368,SEVERE,0.329,0.954839,0.009677,0.177419,0.5,0.06129,0.025806,0.025806,0.929032,0.503226,0.896774,0.032258,0.283871,0.65525,34.1,37.1,46.7,39.3
2024-08-20,3.5,2.944,2.999,3.442,2696.63,787.44,3.82,5.33,2.551891,2024-07,2.941476,2024-07,2.469108,0.202593,2.5,3.577837,49.8,5.5,-7.091781,967.69,45.0,0.077837,0.4883,HIGH,0.362,0.6853,SEVERE,0.332,0.951923,0.012821,0.179487,0.5,0.064103,0.012821,0.064103,0.955128,0.50641,0.894231,0.051282,0.285256,0.610375,34.2,38.5,46.0,39.6
2024-08-21,3.5,2.94,2.997,3.439,2701.13,779.87,3.79,5.33,2.551891,2024-07,2.941476,2024-07,2.469108,0.202593,2.5,3.577837,49.9,5.7,-7.938422,967.69,45.0,0.077837,0.4678,HIGH,0.362,0.7053,SEVERE,0.332,0.949045,0.015924,0.181529,0.5,0.066879,0.006369,0.057325,0.933121,0.509554,0.89172,0.047771,0.286624,0.58475,34.3,37.7,45.3,39.1
2024-08-22,3.5,2.907,2.98,3.422,2707.67,773.47,3.86,5.33,2.551891,2024-07,2.941476,2024-07,2.469108,0.202593,2.5,3.577837,51.5,7.3,-8.643973,967.69,45.0,0.077837,0.4381,WARNING,0.363,0.7035,SEVERE,0.332,0.946203,0.018987,0.183544,0.5,0.06962,0.041139,0.012658,0.705696,0.531646,0.889241,0.031646,0.287975,0.547625,34.4,32.3,43.9,36.9
2024-08-23,3.5,2.92,3.005,3.439,2701.69,773.26,3.81,5.33,2.551891,2024-07,2.941476,2024-07,2.469108,0.202593,2.5,3.577837,51.9,8.5,-8.619266,967.69,45.0,0.077837,0.4301,WARNING,0.368,0.6838,SEVERE,0.335,0.943396,0.022013,0.185535,0.5,0.072327,0.018868,0.031447,0.468553,0.534591,0.886792,0.081761,0.289308,0.537625,34.5,26.3,44.9,35.2
2024-08-26,3.5,2.89,2.974,3.414,2698.01,766.79,3.82,5.33,2.551891,2024-07,2.941476,2024-07,2.469108,0.202593,2.5,3.577837,52.4,8.4,-9.331018,967.69,45.0,0.077837,0.5004,HIGH,0.369,0.7642,SEVERE,0.336,0.940625,0.025,0.1875,0.5,0.075,0.028125,0.0125,0.49375,0.5375,0.884375,0.021875,0.290625,0.6255,34.6,26.8,45.6,35.7
2024-08-27,3.5,2.94,3.073,3.465,2689.25,764.95,3.83,5.33,2.551891,2024-07,2.941476,2024-07,2.469108,0.202593,2.5,3.577837,52.5,13.3,-9.495244,967.69,45.0,0.077837,0.4683,HIGH,0.372,0.7204,SEVERE,0.338,0.937888,0.02795,0.189441,0.5,0.07764,0.040373,0.07764,0.062112,0.540373,0.881988,0.124224,0.291925,0.585375,34.7,18.0,47.1,33.3
2024-08-28,3.5,2.919,3.054,3.456,2689.83,762.5,3.84,5.33,2.551891,2024-07,2.941476,2024-07,2.469108,0.202593,2.5,3.577837,53.7,13.5,-9.730925,967.69,45.0,0.077837,0.4217,WARNING,0.373,0.6781,SEVERE,0.338,0.935185,0.030864,0.191358,0.5,0.080247,0.049383,0.037037,0.055556,0.555556,0.87963,0.117284,0.29321,0.527125,34.8,17.4,45.4,32.5
2024-08-29,3.5,2.939,3.075,3.484,2662.28,756.04,3.87,5.33,2.551891,2024-07,2.941476,2024-07,2.469108,0.202593,2.5,3.577837,54.5,13.6,-10.438378,967.69,45.0,0.077837,0.5012,HIGH,0.375,0.7321,SEVERE,0.338,0.932515,0.033742,0.193252,0.5,0.082822,0.076687,0.076687,0.042945,0.570552,0.877301,0.134969,0.294479,0.6265,34.8,19.2,48.3,34.1
2024-08-30,3.5,2.953,3.088,3.503,2674.31,767.66,3.91,5.33,2.551891,2024-07,2.941476,2024-07,2.469108,0.202593,2.5,3.577837,55.0,13.5,-9.011885,967.69,45.0,0.077837,0.4693,HIGH,0.374,0.6787,SEVERE,0.338,0.929878,0.036585,0.195122,0.5,0.085366,0.106707,0.115854,0.054878,0.579268,0.875,0.140244,0.295732,0.586625,34.9,21.4,47.4,34.6
2024-09-02,3.5,2.989,3.121,3.542,2681.0,769.21,3.91,5.33,2.551891,2024-07,2.941476,2024-07,2.469108,0.202593,2.5,3.577837,55.3,13.2,-8.779656,980.4,45.0,0.077837,0.4939,HIGH,0.396,0.7045,SEVERE,0.351,0.927273,0.039394,0.19697,0.5,0.087879,0.109091,0.133333,0.087879,0.581818,0.872727,0.151515,0.218182,0.617375,35.0,22.8,46.5,34.8
2024-09-03,3.5,2.981,3.12,3.545,2664.63,760.37,3.84,5.33,2.012825,2024-08,2.941476,2024-07,2.010901,-0.456283,2.5,2.769238,56.4,13.9,-9.774891,980.4,45.0,-0.730762,0.277,NORMAL,0.899,0.5827,HIGH,0.667,0.924699,0.042169,0.0,0.5,0.0,0.051205,0.13253,0.03012,0.60241,0.870482,0.150602,0.21988,0.34625,29.3,20.4,39.7,29.8
2024-09-04,3.5,2.931,3.052,3.497,2580.8,731.75,3.77,5.33,2.012825,2024-08,2.941476,2024-07,2.010901,-0.456283,2.5,2.769238,56.6,12.1,-13.102799,980.4,45.0,-0.730762,0.5199,HIGH,0.837,0.6715,SEVERE,0.777,0.922156,0.04491,0.002994,0.5,0.002994,0.0,0.065868,0.134731,0.60479,0.868263,0.110778,0.221557,0.649875,29.5,20.1,46.3,32.0
2024-09-05,3.5,2.905,3.03,3.48,2575.5,725.28,3.73,5.33,2.012825,2024-08,2.941476,2024-07,2.010901,-0.456283,2.5,2.769238,57.5,12.5,-13.800378,980.4,45.0,-0.730762,0.5019,HIGH,0.895,0.6504,SEVERE,0.82,0.919643,0.047619,0.005952,0.5,0.005952,0.0,0.017857,0.119048,0.613095,0.866071,0.10119,0.223214,0.627375,29.6,18.8,45.4,31.3
2024-09-06,3.5,2.881,2.99,3.46,2544.28,706.59,3.72,5.33,2.012825,2024-08,2.941476,2024-07,2.010901,-0.456283,2.5,2.769238,57.9,10.9,-15.942466,987.01,45.0,-0.730762,0.4927,HIGH,0.87,0.612,SEVERE,0.764,0.91716,0.050296,0.008876,0.5,0.008876,0.0,0.005917,0.213018,0.615385,0.863905,0.047337,0.213018,0.615875,29.7,20.9,43.5,31.4
2024-09-09,3.5,2.897,3.032,3.471,2535.93,714.46,3.7,5.33,2.012825,2024-08,2.941476,2024-07,2.010901,-0.456283,2.5,2.769238,57.4,13.5,-14.931581,987.01,45.0,-0.730762,0.5065,HIGH,0.903,0.6031,SEVERE,0.824,0.914706,0.052941,0.011765,0.5,0.011765,0.0,0.023529,0.061765,0.605882,0.861765,0.111765,0.214706,0.633125,29.8,17.3,45.5,30.9
2024-09-10,3.5,2.877,3.01,3.451,2523.43,706.2,3.65,5.33,2.012825,2024-08,2.941476,2024-07,2.010901,-0.456283,2.5,2.769238,57.4,13.3,-15.837197,987.01,45.0,-0.730762,0.4846,HIGH,0.939,0.5696,HIGH,0.842,0.912281,0.055556,0.01462,0.5,0.01462,0.0,0.005848,0.090643,0.605263,0.859649,0.096491,0.216374,0.60575,29.9,17.5,44.5,30.6
2024-09-11,3.5,2.82,2.943,3.406,2513.37,709.42,3.65,5.33,2.012825,2024-08,2.941476,2024-07,2.010901,-0.456283,2.5,2.769238,58.6,12.3,-15.377857,987.01,45.0,-0.730762,0.4656,HIGH,0.941,0.5411,HIGH,0.839,0.909884,0.05814,0.017442,0.5,0.017442,0.002907,0.005814,0.142442,0.633721,0.857558,0.005814,0.218023,0.582,30.1,19.6,41.6,30.4
2024-09-12,3.5,2.866,2.97,3.449,2572.09,731.03,3.68,5.33,2.012825,2024-08,2.941476,2024-07,2.010901,-0.456283,2.5,2.769238,58.3,10.4,-12.735945,987.01,45.0,-0.730762,0.4148,WARNING,0.838,0.5777,HIGH,0.763,0.907514,0.060694,0.020231,0.5,0.020231,0.011561,0.011561,0.257225,0.624277,0.855491,0.017341,0.219653,0.5185,30.2,22.6,40.3,31.0
2024-09-13,3.5,2.822,2.928,3.41,2575.41,733.2,3.66,5.33,2.012825,2024-08,2.607144,2024-08,2.010901,-0.456283,2.5,2.769238,58.8,10.6,-12.414463,987.01,45.0,-0.730762,0.3827,WARNING,0.93,0.5627,HIGH,0.781,0.905172,0.0,0.022989,0.5,0.022989,0.011494,0.011494,0.235632,0.637931,0.853448,0.005747,0.221264,0.478375,29.0,22.4,39.0,30.1
2024-09-19,3.5,2.843,2.979,3.432,2580.8,739.51,3.73,4.83,2.012825,2024-08,2.607144,2024-08,2.010901,-0.456283,2.5,2.769238,58.9,13.6,-11.602125,987.01,45.0,-0.730762,0.3842,WARNING,0.936,0.554,HIGH,0.775,0.902857,0.002857,0.025714,0.0,0.025714,0.037143,0.017143,0.048571,0.64,0.851429,0.051429,0.222857,0.48025,19.1,18.6,40.1,25.9
2024-09-20,3.5,2.838,2.989,3.426,2593.37,748.33,3.73,4.83,2.012825,2024-08,2.607144,2024-08,2.010901,-0.456283,2.5,2.769238,58.8,15.1,-10.494482,987.01,45.0,-0.730762,0.3162,WARNING,0.95,0.477,HIGH,0.779,0.900568,0.005682,0.028409,0.002841,0.028409,0.039773,0.017045,0.022727,0.633523,0.849432,0.068182,0.224432,0.39525,19.3,17.8,38.4,25.2
2024-09-23,3.5,2.864,3.022,3.449,2602.01,755.12,3.75,4.83,2.012825,2024-08,2.607144,2024-08,2.010901,-0.456283,2.5,2.769238,58.5,15.8,-9.633195,987.01,45.0,-0.730762,0.3438,WARNING,0.946,0.4949,HIGH,0.775,0.898305,0.008475,0.031073,0.00565,0.031073,0.050847,0.028249,0.011299,0.615819,0.847458,0.135593,0.225989,0.42975,19.5,17.7,41.0,26.1
2024-09-24,3.5,2.854,3.026,3.439,2631.68,767.35,3.74,4.83,2.012825,2024-08,2.607144,2024-08,2.010901,-0.456283,2.5,2.769238,58.5,17.2,-8.127674,1038.12,42.5,-0.730762,0.288,NORMAL,0.912,0.4407,WARNING,0.758,0.896067,0.011236,0.033708,0.008427,0.033708,0.050562,0.02809,0.0,0.615169,0.533708,0.140449,0.0,0.36,19.7,17.3,25.9,21.0
2024-09-25,3.5,2.812,2.997,3.401,2596.32,759.3,3.79,4.83,2.012825,2024-08,2.607144,2024-08,2.010901,-0.456283,2.5,2.769238,58.9,18.5,-9.045535,1037.455,45.0,-0.730762,0.3449,WARNING,0.884,0.4619,HIGH,0.753,0.893855,0.013966,0.036313,0.011173,0.036313,0.075419,0.005587,0.0,0.645251,0.846369,0.089385,0.005587,0.431125,19.8,18.2,34.3,24.1
2024-09-26,3.5,2.807,3.001,3.395,2671.57,779.18,3.79,4.83,2.012825,2024-08,2.607144,2024-08,2.010901,-0.456283,2.5,2.769238,58.8,19.4,-6.629787,1037.455,45.0,-0.730762,0.2475,NORMAL,0.748,0.376,WARNING,0.709,0.891667,0.016667,0.038889,0.013889,0.038889,0.077778,0.005556,0.0,0.633333,0.844444,0.113889,0.008333,0.309375,20.0,17.9,31.9,23.3
2024-09-27,3.5,2.826,3.0,3.409,2649.78,774.49,3.75,4.83,2.012825,2024-08,2.607144,2024-08,2.010901,-0.456283,2.5,2.769238,58.3,17.4,-7.155108,1022.29,47.5,-0.730762,0.2645,NORMAL,0.744,0.3482,WARNING,0.707,0.889503,0.019337,0.041436,0.016575,0.041436,0.058011,0.027624,0.01105,0.599448,0.986188,0.107735,0.038674,0.330625,20.2,17.4,36.6,24.7
2024-09-30,3.5,2.811,2.992,3.397,2593.27,763.88,3.81,4.83,2.012825,2024-08,2.607144,2024-08,2.010901,-0.456283,2.5,2.769238,58.6,18.1,-8.384833,1022.29,47.5,-0.730762,0.4156,WARNING,0.7,0.4377,WARNING,0.696,0.887363,0.021978,0.043956,0.019231,0.043956,0.101648,0.010989,0.010989,0.618132,0.983516,0.076923,0.041209,0.5195,20.3,18.5,40.5,26.4
2024-10-02,3.5,2.78,2.932,3.37,2561.69,762.13,3.79,4.83,2.012825,2024-08,2.607144,2024-08,2.010901,-0.456283,2.5,2.769238,59.0,15.2,-8.552002,910.215,50.0,-0.730762,0.4138,WARNING,0.696,0.3919,WARNING,0.702,0.885246,0.02459,0.046448,0.021858,0.046448,0.084699,0.0,0.051913,0.655738,1.0,0.010929,0.622951,0.51725,20.5,19.8,53.8,31.4
2024-10-04,3.5,2.824,2.996,3.415,2569.71,768.98,3.98,4.83,1.595038,2024-09,2.607144,2024-08,1.655782,-0.415864,2.5,2.142556,59.1,17.2,-7.6915,910.215,50.0,-1.357444,0.3968,WARNING,0.698,0.3304,WARNING,0.713,0.883152,0.027174,0.0,0.024457,0.0,0.236413,0.038043,0.021739,0.657609,0.997283,0.092391,0.622283,0.496,18.7,23.8,55.2,32.6
2024-10-07,3.5,2.96,3.101,3.546,2610.38,781.01,4.03,4.83,1.595038,2024-09,2.607144,2024-08,1.655782,-0.415864,2.5,2.142556,58.6,14.1,-6.215916,910.215,50.0,-1.357444,0.3452,WARNING,0.673,0.2825,NORMAL,0.698,0.881081,0.02973,0.002703,0.027027,0.002703,0.278378,0.205405,0.075676,0.610811,0.994595,0.227027,0.621622,0.4315,18.9,29.3,56.9,35.0
2024-10-08,3.5,2.932,3.077,3.517,2594.36,778.24,4.04,4.83,1.595038,2024-09,2.607144,2024-08,1.655782,-0.415864,2.5,2.142556,58.5,14.5,-6.515802,976.88,52.5,-1.357444,0.3808,WARNING,0.673,0.2987,NORMAL,0.708,0.879032,0.032258,0.005376,0.02957,0.005376,0.287634,0.155914,0.075269,0.596774,1.0,0.22043,0.322581,0.476,19.0,27.9,50.5,32.5
2024-10-10,3.5,2.962,3.088,3.542,2599.16,775.48,4.09,4.83,1.595038,2024-09,2.607144,2024-08,1.655782,-0.415864,2.5,2.142556,58.0,12.6,-6.8134,976.88,52.5,-1.357444,0.3242,WARNING,0.78,0.2513,NORMAL,0.848,0.877005,0.034759,0.008021,0.032086,0.008021,0.328877,0.213904,0.179144,0.572193,0.997326,0.227273,0.323529,0.40525,19.2,32.4,48.8,33.5
2024-10-11,3.25,2.947,3.085,3.523,2596.91,770.98,4.08,4.83,1.595038,2024-09,2.607144,2024-08,1.655782,-0.415864,2.5,2.142556,57.6,13.8,-7.318085,867.235,50.0,-1.107444,0.327,WARNING,0.781,0.2697,NORMAL,0.856,0.875,0.037234,0.010638,0.034574,0.021277,0.31117,0.202128,0.093085,0.56383,0.981383,0.223404,0.803191,0.40875,19.6,29.3,60.4,36.4
2024-10-14,3.25,2.938,3.087,3.509,2623.29,770.26,4.08,4.83,1.595038,2024-09,2.426483,2024-09,1.655782,-0.415864,2.5,2.142556,57.1,14.9,-7.368539,867.235,50.0,-1.107444,0.2856,NORMAL,0.793,0.2393,NORMAL,0.982,0.873016,0.0,0.013228,0.037037,0.02381,0.312169,0.164021,0.071429,0.539683,0.978836,0.227513,0.801587,0.357,18.9,27.2,59.1,35.1
2024-10-15,3.25,2.906,3.05,3.475,2633.45,773.81,4.03,4.83,1.595038,2024-09,2.426483,2024-09,1.655782,-0.415864,2.5,2.142556,56.9,14.4,-6.907783,820.845,50.0,-1.107444,0.2325,NORMAL,0.797,0.1908,NORMAL,0.99,0.871053,0.002632,0.015789,0.039474,0.026316,0.273684,0.105263,0.084211,0.536842,0.976316,0.184211,0.878947,0.290625,19.1,25.0,58.3,34.1
2024-10-16,3.25,2.88,3.008,3.452,2610.36,765.79,4.02,4.83,1.595038,2024-09,2.426483,2024-09,1.655782,-0.415864,2.5,2.142556,57.2,12.8,-7.834828,887.51,50.0,-1.107444,0.2674,NORMAL,0.788,0.2165,NORMAL,0.998,0.86911,0.005236,0.018325,0.041885,0.028796,0.264398,0.078534,0.183246,0.544503,0.973822,0.141361,0.764398,0.33425,19.3,26.8,55.3,33.8
2024-10-17,3.25,2.897,3.028,3.467,2609.3,765.06,4.09,4.83,1.595038,2024-09,2.426483,2024-09,1.655782,-0.415864,2.5,2.142556,57.0,13.1,-7.884872,887.51,50.0,-1.107444,0.2633,NORMAL,0.792,0.2174,NORMAL,0.993,0.867188,0.007812,0.020833,0.044271,0.03125,0.34375,0.101562,0.177083,0.536458,0.971354,0.171875,0.763021,0.329125,19.4,29.0,55.9,34.8
2024-10-18,3.25,2.908,3.072,3.48,2593.82,753.22,4.08,4.83,1.595038,2024-09,2.426483,2024-09,1.655782,-0.415864,2.5,2.142556,57.2,16.4,-9.266893,950.805,50.0,-1.107444,0.2576,NORMAL,0.861,0.2728,NORMAL,1.08,0.865285,0.010363,0.023316,0.046632,0.033679,0.318653,0.124352,0.031088,0.546632,0.968912,0.217617,0.450777,0.322,19.6,25.5,49.0,31.4
2024-10-21,3.25,2.902,3.054,3.471,2604.92,759.95,4.19,4.83,1.595038,2024-09,2.426483,2024-09,1.655782,-0.415864,2.5,2.142556,56.9,15.2,-8.41648,950.805,50.0,-1.107444,0.2381,NORMAL,0.859,0.2346,NORMAL,1.068,0.863402,0.012887,0.025773,0.048969,0.036082,0.466495,0.108247,0.06701,0.528351,0.966495,0.208763,0.451031,0.297625,19.7,29.3,48.1,32.4
2024-10-22,3.25,2.943,3.13,3.512,2570.7,738.34,4.2,4.83,1.595038,2024-09,2.426483,2024-09,1.655782,-0.415864,2.5,2.142556,56.9,18.7,-10.970697,950.805,50.0,-1.107444,0.2973,NORMAL,0.829,0.3577,WARNING,0.919,0.861538,0.015385,0.028205,0.051282,0.038462,0.489744,0.215385,0.005128,0.528205,0.964103,0.287179,0.451282,0.371625,19.9,31.0,51.9,34.3
2024-10-23,3.25,2.936,3.128,3.508,2599.62,745.19,4.24,4.83,1.595038,2024-09,2.426483,2024-09,1.655782,-0.415864,2.5,2.142556,57.2,19.2,-10.098425,950.805,50.0,-1.107444,0.2564,NORMAL,0.813,0.3225,WARNING,0.927,0.859694,0.017857,0.030612,0.053571,0.040816,0.548469,0.183673,0.005102,0.55102,0.961735,0.283163,0.451531,0.3205,20.1,32.2,50.4,34.2
2024-10-24,3.25,2.891,3.074,3.46,2581.03,734.59,4.21,4.83,1.595038,2024-09,2.426483,2024-09,1.655782,-0.415864,2.5,2.142556,56.9,18.3,-11.326283,950.805,50.0,-1.107444,0.2837,NORMAL,0.808,0.3638,WARNING,0.914,0.857868,0.020305,0.032995,0.055838,0.043147,0.507614,0.096447,0.020305,0.525381,0.959391,0.228426,0.451777,0.354625,20.2,28.7,49.9,32.9
2024-10-25,3.25,2.882,3.054,3.451,2583.27,727.41,4.25,4.83,1.595038,2024-09,2.426483,2024-09,1.655782,-0.415864,2.5,2.142556,56.9,17.2,-12.139161,950.805,52.5,-1.107444,0.2692,NORMAL,0.83,0.3709,WARNING,0.956,0.856061,0.022727,0.035354,0.058081,0.045455,0.578283,0.085859,0.042929,0.525253,0.994949,0.207071,0.45202,0.3365,20.4,30.8,49.8,33.7
2024-10-28,3.25,2.932,3.117,3.503,2612.43,740.48,4.28,4.83,1.595038,2024-09,2.426483,2024-09,1.655782,-0.415864,1.6,1.692556,57.1,18.5,-10.513238,950.805,52.5,-1.557444,0.2206,NORMAL,0.837,0.3385,WARNING,0.908,1.0,0.025126,0.037688,0.060302,0.0,0.653266,0.183417,0.017588,0.547739,0.992462,0.276382,0.452261,0.27575,22.5,35.1,49.9,35.8
2024-10-29,3.25,2.936,3.118,3.504,2617.8,744.18,4.28,4.83,1.595038,2024-09,2.426483,2024-09,1.655782,-0.415864,1.6,1.692556,56.8,18.2,-10.021033,970.415,52.5,-1.557444,0.1998,NORMAL,1.022,0.3311,WARNING,1.029,0.9975,0.0275,0.04,0.0625,0.0025,0.6525,0.1975,0.03,0.51,0.99,0.28,0.31,0.24975,22.6,34.8,45.7,34.4
2024-10-30,3.25,2.937,3.105,3.502,2593.79,738.19,4.29,4.83,1.595038,2024-09,2.426483,2024-09,1.655782,-0.415864,1.6,1.692556,56.5,16.8,-10.697781,904.415,52.5,-1.557444,0.2953,NORMAL,1.017,0.4136,WARNING,1.024,0.995025,0.029851,0.042289,0.064677,0.004975,0.679104,0.20398,0.059701,0.502488,0.987562,0.268657,0.751244,0.369125,22.7,36.1,59.4,39.4
2024-10-31,3.25,2.936,3.1,3.503,2556.15,743.06,4.28,4.83,1.595038,2024-09,2.426483,2024-09,1.655782,-0.415864,1.6,1.692556,56.7,16.4,-10.06385,904.415,52.5,-1.557444,0.3311,WARNING,1.096,0.3723,WARNING,1.038,0.992574,0.032178,0.044554,0.066832,0.007426,0.648515,0.19802,0.066832,0.509901,0.985149,0.262376,0.75,0.413875,22.9,35.6,60.3,39.6
2024-11-01,3.25,2.939,3.09,3.507,2542.36,729.05,4.37,4.83,1.595038,2024-09,2.426483,2024-09,1.655782,-0.415864,1.6,1.692556,56.8,15.1,-11.708653,904.415,52.5,-1.557444,0.4184,WARNING,1.141,0.4921,HIGH,0.981,0.990148,0.034483,0.046798,0.068966,0.009852,0.793103,0.221675,0.110837,0.514778,0.982759,0.261084,0.748768,0.523,23.0,41.0,62.9,42.3
2024-11-04,3.25,2.935,3.096,3.507,2588.97,754.08,4.31,4.83,1.253642,2024-10,2.426483,2024-09,1.365595,-0.40214,1.6,1.180463,57.2,16.1,-8.638731,904.415,52.5,-2.069537,0.3244,WARNING,1.026,0.4102,WARNING,0.827,0.987745,0.036765,0.0,0.071078,0.0,0.718137,0.188725,0.083333,0.566176,0.980392,0.264706,0.747549,0.4055,21.9,38.9,60.0,40.3
2024-11-05,3.25,2.918,3.073,3.491,2576.88,751.81,4.26,4.83,1.253642,2024-10,2.426483,2024-09,1.365595,-0.40214,1.6,1.180463,57.3,15.5,-8.874325,904.415,52.5,-2.069537,0.2758,NORMAL,1.104,0.3417,WARNING,0.859,0.985366,0.039024,0.002439,0.073171,0.002439,0.585366,0.143902,0.097561,0.578049,0.978049,0.221951,0.746341,0.34475,22.0,35.1,57.3,38.1
2024-11-06,3.25,2.96,3.134,3.529,2563.51,743.31,4.42,4.83,1.253642,2024-10,2.426483,2024-09,1.365595,-0.40214,1.6,1.180463,56.9,17.4,-9.861466,904.415,52.5,-2.069537,0.2755,NORMAL,1.107,0.3694,WARNING,0.85,0.98301,0.041262,0.004854,0.075243,0.004854,0.825243,0.279126,0.041262,0.526699,0.975728,0.330097,0.745146,0.344375,22.2,41.8,59.9,41.3
2024-11-07,3.25,2.922,3.098,3.492,2564.63,733.52,4.31,4.83,1.253642,2024-10,2.426483,2024-09,1.365595,-0.40214,1.6,1.180463,57.0,17.6,-11.00139,904.415,52.5,-2.069537,0.2561,NORMAL,1.109,0.3931,WARNING,0.837,0.980676,0.043478,0.007246,0.077295,0.007246,0.714976,0.15942,0.038647,0.541063,0.97343,0.270531,0.743961,0.320125,22.3,36.4,57.7,38.8
2024-11-08,3.25,2.889,3.049,3.461,2561.15,743.38,4.3,4.58,1.253642,2024-10,2.426483,2024-09,1.365595,-0.40214,1.6,1.180463,57.2,16.0,-9.762733,904.415,52.5,-2.069537,0.3067,WARNING,1.108,0.409,WARNING,0.813,0.978365,0.045673,0.009615,0.0,0.009615,0.6875,0.091346,0.096154,0.567308,0.971154,0.177885,0.742788,0.383375,20.9,36.1,56.9,38.0
2024-11-11,3.25,2.901,3.038,3.471,2531.66,728.84,4.3,4.58,1.253642,2024-10,2.426483,2024-09,1.365595,-0.40214,1.6,1.180463,57.0,13.7,-11.479119,904.415,52.5,-2.069537,0.3653,WARNING,1.116,0.4863,HIGH,0.785,0.976077,0.047847,0.011962,0.002392,0.011962,0.686603,0.114833,0.177033,0.543062,0.9689,0.172249,0.741627,0.456625,21.0,38.0,58.5,39.2
2024-11-12,3.25,2.9,3.014,3.467,2482.57,710.52,4.43,4.58,1.253642,2024-10,2.426483,2024-09,1.365595,-0.40214,1.6,1.180463,56.7,11.4,-13.648081,904.415,52.5,-2.069537,0.3956,WARNING,1.026,0.5151,HIGH,0.751,0.97381,0.05,0.014286,0.004762,0.014286,0.840476,0.114286,0.328571,0.492857,0.966667,0.147619,0.740476,0.4945,21.1,44.4,58.7,41.4
2024-11-13,3.25,2.939,3.067,3.501,2417.08,689.65,4.44,4.58,1.253642,2024-10,2.578844,2024-10,1.365595,-0.40214,1.6,1.180463,56.2,12.8,-16.120448,904.415,52.5,-2.069537,0.4648,HIGH,0.897,0.5583,HIGH,0.709,0.971564,0.104265,0.016588,0.007109,0.016588,0.850711,0.244076,0.253555,0.469194,0.964455,0.222749,0.739336,0.581,22.3,45.4,62.7,43.5
2024-11-14,3.25,2.929,3.074,3.492,2418.86,681.56,4.43,4.58,1.253642,2024-10,2.578844,2024-10,1.365595,-0.40214,1.6,1.180463,56.3,14.5,-17.037784,904.415,52.5,-2.069537,0.507,HIGH,0.896,0.6052,SEVERE,0.708,0.96934,0.106132,0.018868,0.009434,0.018868,0.834906,0.186321,0.148585,0.476415,0.962264,0.242925,0.738208,0.63375,22.5,41.2,64.4,42.7
2024-11-15,3.25,2.941,3.084,3.506,2416.86,685.42,4.43,4.58,1.253642,2024-10,2.578844,2024-10,1.365595,-0.40214,1.6,1.180463,56.5,14.3,-16.503286,904.415,52.5,-2.069537,0.4533,HIGH,0.895,0.5532,HIGH,0.708,0.967136,0.107981,0.021127,0.011737,0.021127,0.833333,0.269953,0.159624,0.485915,0.960094,0.258216,0.737089,0.566625,22.6,43.7,63.1,43.1
2024-11-18,3.25,2.915,3.063,3.482,2469.07,689.55,4.42,4.58,1.253642,2024-10,2.578844,2024-10,1.365595,-0.40214,1.6,1.180463,56.7,14.8,-15.937617,904.415,52.5,-2.069537,0.4443,WARNING,0.802,0.564,HIGH,0.713,0.964953,0.109813,0.023364,0.014019,0.023364,0.810748,0.149533,0.14486,0.5,0.957944,0.214953,0.735981,0.555375,22.7,40.1,61.6,41.5
2024-11-19,3.25,2.889,3.036,3.457,2471.95,686.12,4.39,4.58,1.253642,2024-10,2.578844,2024-10,1.365595,-0.40214,1.6,1.180463,56.8,14.7,-16.292381,904.415,52.5,-2.069537,0.5087,HIGH,0.818,0.6272,SEVERE,0.757,0.962791,0.111628,0.025581,0.016279,0.025581,0.786047,0.090698,0.148837,0.511628,0.955814,0.172093,0.734884,0.635875,22.8,38.4,62.5,41.2
2024-11-20,3.25,2.873,3.017,3.438,2482.29,682.91,4.41,4.58,1.253642,2024-10,2.578844,2024-10,1.365595,-0.40214,1.6,1.180463,56.5,14.4,-16.619899,904.415,52.5,-2.069537,0.5138,HIGH,0.84,0.6532,SEVERE,0.772,0.960648,0.113426,0.027778,0.018519,0.027778,0.796296,0.064815,0.164352,0.481481,0.953704,0.148148,0.733796,0.64225,23.0,37.7,61.9,40.9
2024-11-21,3.25,2.829,2.978,3.396,2480.63,680.67,4.43,4.58,1.253642,2024-10,2.578844,2024-10,1.365595,-0.40214,1.6,1.180463,56.7,14.9,-16.828941,904.415,52.5,-2.069537,0.5322,HIGH,0.844,0.6699,SEVERE,0.782,0.958525,0.115207,0.029954,0.020737,0.029954,0.834101,0.041475,0.138249,0.493088,0.951613,0.046083,0.732719,0.66525,23.1,37.7,59.9,40.2
2024-11-22,3.25,2.816,2.976,3.385,2501.24,677.01,4.41,4.58,1.253642,2024-10,2.578844,2024-10,1.365595,-0.40214,1.6,1.180463,56.9,16.0,-17.210847,904.415,52.5,-2.069537,0.4559,HIGH,0.829,0.622,SEVERE,0.785,0.956422,0.116972,0.03211,0.022936,0.03211,0.791284,0.022936,0.094037,0.536697,0.949541,0.043578,0.731651,0.569875,23.2,36.1,57.4,38.9
2024-11-25,3.25,2.773,2.92,3.342,2534.34,696.83,4.27,4.58,1.253642,2024-10,2.578844,2024-10,1.365595,-0.40214,1.6,1.180463,56.9,14.7,-14.729816,904.415,52.5,-2.069537,0.4045,WARNING,0.821,0.5875,HIGH,0.737,0.954338,0.118721,0.034247,0.025114,0.034247,0.570776,0.0,0.159817,0.53653,0.947489,0.004566,0.730594,0.505625,23.3,31.7,54.7,36.6
2024-11-26,3.25,2.773,2.903,3.343,2520.36,693.15,4.3,4.58,1.253642,2024-10,2.578844,2024-10,1.365595,-0.40214,1.6,1.180463,57.0,13.0,-15.121831,965.74,50.0,-2.069537,0.3295,WARNING,0.821,0.5001,HIGH,0.742,0.952273,0.120455,0.036364,0.027273,0.036364,0.659091,0.002273,0.272727,0.556818,0.861364,0.004545,0.390909,0.411875,23.5,37.3,41.7,34.2
2024-11-27,3.25,2.741,2.88,3.316,2503.06,692.0,4.25,4.58,1.253642,2024-10,2.578844,2024-10,1.365595,-0.40214,1.6,1.180463,57.5,13.9,-15.204354,965.74,50.0,-2.069537,0.3425,WARNING,0.826,0.4904,HIGH,0.743,0.950226,0.122172,0.038462,0.029412,0.038462,0.520362,0.0,0.19457,0.61991,0.859729,0.004525,0.391403,0.428125,23.6,33.4,42.1,33.0
2024-11-28,3.0,2.638,2.788,3.22,2504.67,694.39,4.25,4.58,1.253642,2024-10,2.578844,2024-10,1.365595,-0.40214,1.6,1.180463,58.2,15.0,-14.854556,489.355,50.0,-1.819537,0.3269,WARNING,0.855,0.476,HIGH,0.749,0.948198,0.123874,0.040541,0.031532,0.081081,0.52027,0.0,0.135135,0.644144,0.858108,0.0,1.0,0.408625,24.5,32.5,56.7,37.9
2024-11-29,3.0,2.607,2.751,3.194,2455.91,678.19,4.18,4.58,1.253642,2024-10,2.578844,2024-10,1.365595,-0.40214,1.6,1.180463,58.7,14.4,-16.778416,489.355,50.0,-1.819537,0.4168,WARNING,0.804,0.5316,HIGH,0.739,0.946188,0.125561,0.042601,0.033632,0.08296,0.399103,0.0,0.179372,0.686099,0.856502,0.0,0.997758,0.521,24.6,31.6,59.4,38.5
2024-12-02,3.0,2.567,2.697,3.156,2454.48,675.84,4.19,4.58,1.253642,2024-10,2.578844,2024-10,1.365595,-0.40214,1.6,1.180463,58.9,13.0,-17.003833,489.355,50.0,-1.819537,0.3902,WARNING,0.873,0.481,HIGH,0.879,0.944196,0.127232,0.044643,0.035714,0.084821,0.410714,0.0,0.283482,0.705357,0.854911,0.0,0.995536,0.48775,24.7,35.0,58.5,39.4
2024-12-03,3.0,2.585,2.713,3.169,2500.1,690.8,4.23,4.58,1.526447,2024-11,2.578844,2024-10,1.59748,0.160851,1.6,1.58967,58.4,12.8,-15.109709,489.355,50.0,-1.41033,0.3427,WARNING,0.805,0.4527,HIGH,0.803,0.942222,0.128889,0.093333,0.037778,0.115556,0.48,0.004444,0.297778,0.648889,0.853333,0.004444,0.993333,0.428375,26.4,35.8,57.0,39.7
2024-12-04,3.0,2.626,2.765,3.21,2464.0,677.15,4.19,4.58,1.526447,2024-11,2.578844,2024-10,1.59748,0.160851,1.6,1.58967,58.4,13.9,-16.725533,489.355,50.0,-1.41033,0.409,WARNING,0.783,0.5065,HIGH,0.786,0.940265,0.130531,0.095133,0.039823,0.117257,0.409292,0.013274,0.196903,0.64823,0.85177,0.013274,0.99115,0.51125,26.5,31.7,59.2,39.1
2024-12-05,3.0,2.603,2.738,3.194,2441.85,670.94,4.17,4.58,1.526447,2024-11,2.578844,2024-10,1.59748,0.160851,1.6,1.58967,59.1,13.5,-17.425885,313.78,50.0,-1.41033,0.4293,WARNING,0.778,0.5159,HIGH,0.791,0.938326,0.132159,0.096916,0.04185,0.118943,0.381057,0.008811,0.253304,0.718062,0.85022,0.008811,1.0,0.536625,26.6,34.0,59.9,40.2
2024-12-06,3.0,2.62,2.744,3.212,2428.16,661.33,4.15,4.58,1.526447,2024-11,2.578844,2024-10,1.59748,0.160851,1.6,1.58967,59.2,12.4,-18.542417,489.355,47.5,-1.41033,0.4402,WARNING,0.779,0.5065,HIGH,0.816,0.936404,0.133772,0.098684,0.04386,0.120614,0.355263,0.017544,0.33114,0.723684,0.787281,0.013158,0.984649,0.55025,26.7,35.7,58.4,40.3
2024-12-09,3.0,2.579,2.677,3.173,2360.58,627.01,4.2,4.58,1.526447,2024-11,2.578844,2024-10,1.59748,0.160851,1.6,1.58967,59.4,9.8,-22.69316,489.355,47.5,-1.41033,0.5324,HIGH,0.715,0.5731,HIGH,0.67,0.934498,0.135371,0.100437,0.045852,0.122271,0.441048,0.004367,0.49345,0.729258,0.786026,0.0,0.982533,0.6655,26.8,41.7,60.9,43.1
2024-12-10,3.0,2.524,2.645,3.175,2417.84,661.59,4.22,4.58,1.526447,2024-11,2.578844,2024-10,1.59748,0.160851,1.6,1.58967,65.1,12.1,-18.364508,489.355,47.5,-1.41033,0.4938,HIGH,0.677,0.6576,SEVERE,0.546,0.932609,0.136957,0.102174,0.047826,0.123913,0.473913,0.0,0.347826,0.821739,0.784783,0.0,0.980435,0.61725,26.9,41.1,59.6,42.5
2024-12-11,3.0,2.536,2.692,3.188,2442.51,675.92,4.26,4.58,1.526447,2024-11,2.578844,2024-10,1.59748,0.160851,1.6,1.58967,65.2,15.6,-16.536582,489.355,47.5,-1.41033,0.4458,WARNING,0.734,0.6313,SEVERE,0.552,0.930736,0.138528,0.103896,0.049784,0.125541,0.564935,0.004329,0.103896,0.824675,0.78355,0.008658,0.978355,0.55725,27.0,37.4,58.2,40.9
2024-12-12,3.0,2.549,2.7,3.2,2482.12,683.35,4.32,4.58,1.526447,2024-11,2.578844,2024-10,1.59748,0.160851,1.6,1.58967,65.1,15.1,-15.562514,489.355,47.5,-1.41033,0.3975,WARNING,0.71,0.5974,HIGH,0.553,0.928879,0.140086,0.105603,0.051724,0.127155,0.724138,0.008621,0.125,0.818966,0.782328,0.017241,0.976293,0.496875,27.1,41.9,56.8,41.9
2024-12-13,3.0,2.541,2.676,3.197,2494.46,693.73,4.4,4.58,1.526447,2024-11,2.719472,2024-11,1.59748,0.160851,1.6,1.58967,65.6,13.5,-14.227577,489.355,47.5,-1.41033,0.3855,WARNING,0.71,0.5719,HIGH,0.548,0.927039,0.253219,0.107296,0.053648,0.128755,0.793991,0.008584,0.244635,0.832618,0.781116,0.004292,0.974249,0.481875,29.4,47.0,56.0,44.1
2024-12-16,3.0,2.553,2.721,3.212,2488.97,698.53,4.39,4.58,1.526447,2024-11,2.719472,2024-11,1.59748,0.160851,1.6,1.58967,65.9,16.8,-13.583971,489.355,47.5,-1.41033,0.3636,WARNING,0.754,0.5448,HIGH,0.549,0.925214,0.254274,0.108974,0.055556,0.130342,0.784188,0.017094,0.061966,0.833333,0.779915,0.029915,0.972222,0.4545,29.5,42.4,55.9,42.6
2024-12-17,3.0,2.621,2.79,3.279,2456.81,694.47,4.4,4.58,1.526447,2024-11,2.719472,2024-11,1.59748,0.160851,1.6,1.58967,65.8,16.9,-14.034928,489.355,47.5,-1.41033,0.4201,WARNING,0.735,0.556,HIGH,0.549,0.923404,0.255319,0.110638,0.057447,0.131915,0.793617,0.046809,0.059574,0.829787,0.778723,0.055319,0.970213,0.525125,29.6,43.2,58.2,43.7
2024-12-18,3.0,2.536,2.738,3.203,2484.43,697.57,4.5,4.58,1.526447,2024-11,2.719472,2024-11,1.59748,0.160851,1.6,1.58967,66.7,20.2,-13.601428,489.355,47.5,-1.41033,0.3809,WARNING,0.724,0.5418,HIGH,0.55,0.92161,0.256356,0.112288,0.059322,0.133475,0.917373,0.006356,0.0,0.84322,0.777542,0.036017,0.96822,0.476125,29.7,44.2,56.4,43.4
2024-12-19,3.0,2.603,2.814,3.275,2435.93,684.36,4.57,4.33,1.526447,2024-11,2.719472,2024-11,1.59748,0.160851,1.6,1.58967,67.2,21.1,-15.18327,489.355,47.5,-1.41033,0.4594,HIGH,0.688,0.5925,HIGH,0.539,0.919831,0.257384,0.113924,0.0,0.135021,0.940928,0.040084,0.0,0.848101,0.776371,0.063291,0.966245,0.57425,28.5,45.7,59.5,44.6
2024-12-20,3.0,2.629,2.873,3.3,2404.15,668.31,4.52,4.33,1.526447,2024-11,2.719472,2024-11,1.59748,0.160851,1.6,1.58967,67.1,24.4,-17.112885,489.355,47.5,-1.41033,0.4892,HIGH,0.685,0.6549,SEVERE,0.526,0.918067,0.258403,0.115546,0.002101,0.136555,0.92437,0.063025,0.0,0.842437,0.77521,0.067227,0.964286,0.6115,28.6,45.7,60.5,44.9
2024-12-23,3.0,2.616,2.844,3.292,2442.01,679.24,4.59,4.33,1.526447,2024-11,2.719472,2024-11,1.59748,0.160851,1.6,1.58967,67.6,22.8,-15.701946,489.355,47.5,-1.41033,0.4531,HIGH,0.678,0.5981,HIGH,0.542,0.916318,0.259414,0.117155,0.004184,0.138075,0.947699,0.050209,0.004184,0.849372,0.774059,0.066946,0.962343,0.566375,28.7,46.3,59.2,44.7
2024-12-24,3.0,2.626,2.876,3.308,2440.52,680.11,4.59,4.33,1.526447,2024-11,2.719472,2024-11,1.59748,0.160851,1.6,1.58967,68.2,25.0,-15.539323,489.355,47.5,-1.41033,0.4501,HIGH,0.679,0.5883,HIGH,0.544,0.914583,0.260417,0.11875,0.00625,0.139583,0.945833,0.064583,0.0,0.854167,0.772917,0.075,0.960417,0.562625,28.8,46.6,59.3,44.9
2024-12-26,3.0,2.648,2.904,3.33,2429.67,675.64,4.58,4.33,1.526447,2024-11,2.719472,2024-11,1.59748,0.160851,1.6,1.58967,68.2,25.6,-16.038598,489.355,47.5,-1.41033,0.5025,HIGH,0.681,0.6445,SEVERE,0.544,0.912863,0.261411,0.120332,0.008299,0.141079,0.935685,0.078838,0.0,0.852697,0.771784,0.091286,0.958506,0.628125,28.9,46.7,61.2,45.6
2024-12-27,3.0,2.634,2.876,3.321,2404.77,665.97,4.62,4.33,1.526447,2024-11,2.719472,2024-11,1.59748,0.160851,1.6,1.58967,68.7,24.2,-17.181526,489.355,47.5,-1.41033,0.4809,HIGH,0.676,0.6291,SEVERE,0.541,0.911157,0.262397,0.121901,0.010331,0.142562,0.96281,0.07438,0.012397,0.855372,0.770661,0.076446,0.956612,0.601125,29.0,47.6,60.1,45.6
2024-12-30,3.0,2.597,2.855,3.285,2399.49,678.19,4.55,4.33,1.526447,2024-11,2.719472,2024-11,1.59748,0.160851,1.6,1.58967,68.8,25.8,-15.607706,489.355,47.5,-1.41033,0.4679,HIGH,0.706,0.5774,HIGH,0.546,0.909465,0.263374,0.123457,0.012346,0.144033,0.915638,0.037037,0.0,0.860082,0.769547,0.069959,0.954733,0.584875,29.1,45.3,59.5,44.6
2024-12-31,3.0,2.596,2.855,3.284,2399.49,678.19,4.58,4.33,1.526447,2024-11,2.719472,2024-11,1.59748,0.160851,1.6,1.58967,68.8,25.9,-15.553909,489.355,47.5,-1.41033,0.4679,HIGH,0.706,0.5774,HIGH,0.546,0.907787,0.264344,0.125,0.014344,0.145492,0.930328,0.036885,0.0,0.854508,0.768443,0.071721,0.952869,0.584875,29.1,45.5,59.4,44.7
2025-01-02,3.0,2.507,2.749,3.197,2398.94,686.63,4.57,4.33,1.526447,2024-11,2.719472,2024-11,1.59748,0.160851,1.6,1.58967,69.0,24.2,-14.452552,489.355,47.5,-1.41033,0.4652,HIGH,0.707,0.5454,HIGH,0.543,0.906122,0.265306,0.126531,0.016327,0.146939,0.920408,0.0,0.022449,0.861224,0.767347,0.044898,0.95102,0.5815,29.2,45.1,58.6,44.3
2025-01-03,3.0,2.482,2.754,3.17,2441.92,705.76,4.6,4.33,1.933824,2024-12,2.719472,2024-11,1.943751,0.336345,1.6,2.200736,68.8,27.2,-12.026153,489.355,47.5,-0.799264,0.4179,WARNING,0.71,0.4791,HIGH,0.537,0.904472,0.26626,0.252033,0.018293,0.252033,0.947154,0.0,0.0,0.849593,0.76626,0.052846,0.949187,0.522375,33.9,44.9,57.3,45.4
2025-01-06,3.0,2.524,2.817,3.202,2488.64,717.96,4.62,4.33,1.933824,2024-12,2.719472,2024-11,1.943751,0.336345,1.6,2.200736,67.8,29.3,-10.467482,489.355,45.0,-0.799264,0.3598,WARNING,0.694,0.4587,HIGH,0.545,0.902834,0.267206,0.253036,0.020243,0.253036,0.961538,0.010121,0.0,0.825911,0.617409,0.072874,0.947368,0.44975,33.9,44.9,52.2,43.7
2025-01-07,3.0,2.508,2.794,3.187,2492.1,718.29,4.67,4.33,1.933824,2024-12,2.719472,2024-11,1.943751,0.336345,1.6,2.200736,67.9,28.6,-10.388807,417.005,40.0,-0.799264,0.3478,WARNING,0.704,0.4545,HIGH,0.55,0.90121,0.268145,0.254032,0.022177,0.254032,0.987903,0.008065,0.004032,0.826613,0.201613,0.068548,0.995968,0.43475,34.0,45.7,42.5,40.7
2025-01-08,3.0,2.505,2.796,3.182,2521.05,719.63,4.67,4.33,1.933824,2024-12,2.719472,2024-11,1.943751,0.336345,1.6,2.200736,67.7,29.1,-10.184911,417.005,40.0,-0.799264,0.3247,WARNING,0.699,0.4503,HIGH,0.56,0.899598,0.269076,0.25502,0.024096,0.25502,0.985944,0.004016,0.004016,0.819277,0.202811,0.072289,0.993976,0.405875,34.1,45.3,41.9,40.4
2025-01-09,3.0,2.5,2.778,3.174,2521.9,723.52,4.68,4.33,1.933824,2024-12,2.719472,2024-11,1.943751,0.336345,1.6,2.200736,67.4,27.8,-9.629296,742.5,40.0,-0.799264,0.2588,NORMAL,0.81,0.3525,WARNING,0.709,0.898,0.27,0.256,0.026,0.256,0.992,0.004,0.012,0.812,0.204,0.06,0.84,0.3235,34.1,45.5,35.7,38.4
2025-01-10,3.0,2.561,2.837,3.22,2515.78,717.89,4.77,4.33,1.933824,2024-12,2.719472,2024-11,1.943751,0.336345,1.6,2.200736,65.9,27.6,-10.263606,983.845,40.0,-0.799264,0.2375,NORMAL,0.881,0.2799,NORMAL,0.893,0.896,0.272,0.258,0.028,0.258,1.0,0.048,0.016,0.786,0.206,0.088,0.2,0.296875,34.2,46.2,19.8,33.4
2025-01-13,3.0,2.664,2.871,3.306,2489.56,708.21,4.79,4.33,1.933824,2024-12,2.870691,2024-12,1.943751,0.336345,1.6,2.200736,64.2,20.7,-11.403599,983.845,40.0,-0.799264,0.2714,NORMAL,0.869,0.2844,NORMAL,0.9,0.894,0.312,0.26,0.03,0.26,1.0,0.12,0.06,0.728,0.208,0.104,0.202,0.33925,35.1,47.7,21.3,34.7
2025-01-14,3.0,2.646,2.841,3.292,2497.4,718.04,4.78,4.33,1.933824,2024-12,2.870691,2024-12,1.943751,0.336345,1.6,2.200736,64.6,19.5,-10.10177,983.845,40.0,-0.799264,0.2263,NORMAL,0.914,0.2535,NORMAL,0.894,0.892,0.314,0.262,0.032,0.262,0.996,0.116,0.068,0.748,0.21,0.092,0.204,0.282875,35.2,48.2,19.7,34.4
2025-01-15,3.0,2.675,2.86,3.315,2496.81,711.61,4.66,4.33,1.933824,2024-12,2.870691,2024-12,1.943751,0.336345,1.6,2.200736,64.0,18.5,-10.831902,983.845,40.0,-0.799264,0.2153,NORMAL,0.919,0.2629,NORMAL,0.901,0.89,0.316,0.264,0.034,0.264,0.96,0.128,0.088,0.728,0.212,0.108,0.206,0.269125,35.4,47.6,19.9,34.3
2025-01-16,3.0,2.626,2.802,3.276,2527.49,724.24,4.61,4.33,1.933824,2024-12,2.870691,2024-12,1.943751,0.336345,1.6,2.200736,65.0,17.6,-9.176285,983.845,40.0,-0.799264,0.212,NORMAL,0.892,0.2677,NORMAL,0.875,0.888,0.318,0.266,0.036,0.266,0.92,0.1,0.108,0.768,0.214,0.08,0.208,0.265,35.5,47.4,19.2,34.0
2025-01-17,3.0,2.588,2.813,3.241,2523.55,724.69,4.61,4.33,1.933824,2024-12,2.870691,2024-12,1.943751,0.336345,1.6,2.200736,65.3,22.5,-9.051068,1013.94,40.0,-0.799264,0.1975,NORMAL,0.932,0.243,NORMAL,0.884,0.886,0.32,0.268,0.038,0.268,0.918,0.064,0.056,0.788,0.216,0.084,0.036,0.246875,35.6,45.6,14.6,31.9
2025-01-20,3.0,2.623,2.868,3.268,2520.05,727.66,4.61,4.33,1.933824,2024-12,2.870691,2024-12,1.943751,0.336345,1.6,2.200736,64.5,24.5,-8.607279,1013.94,42.5,-0.799264,0.203,NORMAL,0.955,0.2466,NORMAL,0.884,0.884,0.322,0.27,0.04,0.27,0.916,0.1,0.04,0.744,0.41,0.12,0.038,0.25375,35.7,45.0,20.5,33.7
2025-01-21,3.0,2.579,2.818,3.227,2518.03,726.07,4.57,4.33,1.933824,2024-12,2.870691,2024-12,1.943751,0.336345,1.6,2.200736,64.8,23.9,-8.741872,880.045,40.0,-0.799264,0.1558,NORMAL,1.076,0.1958,NORMAL,0.942,0.882,0.324,0.272,0.042,0.272,0.872,0.058,0.056,0.76,0.218,0.096,0.736,0.19475,35.8,43.6,31.1,36.8
2025-01-22,3.0,2.577,2.827,3.227,2547.06,732.31,4.6,4.33,1.933824,2024-12,2.870691,2024-12,1.943751,0.336345,1.6,2.200736,65.0,25.0,-7.898589,1013.94,40.0,-0.799264,0.1384,NORMAL,1.132,0.1664,NORMAL,1.067,0.88,0.326,0.274,0.044,0.274,0.902,0.056,0.038,0.778,0.216,0.1,0.04,0.173,36.0,44.4,13.2,31.2
2025-01-23,3.0,2.578,2.837,3.218,2515.49,724.01,4.65,4.33,1.933824,2024-12,2.870691,2024-12,1.943751,0.336345,1.6,2.200736,64.0,25.9,-8.8825,1013.94,40.0,-0.799264,0.1573,NORMAL,1.119,0.1834,NORMAL,1.05,0.878,0.328,0.276,0.046,0.276,0.954,0.06,0.024,0.73,0.214,0.106,0.042,0.196625,36.1,44.2,14.0,31.4
2025-01-24,3.0,2.57,2.859,3.21,2536.8,728.74,4.63,4.33,1.933824,2024-12,2.870691,2024-12,1.943751,0.336345,1.6,2.200736,64.0,28.9,-8.23904,1013.94,40.0,-0.799264,0.1445,NORMAL,1.104,0.1737,NORMAL,1.047,0.876,0.33,0.278,0.048,0.278,0.94,0.056,0.008,0.732,0.212,0.128,0.044,0.180625,36.2,43.4,14.1,31.2
2025-01-31,3.0,2.573,2.859,3.204,2517.37,728.29,4.58,4.33,1.933824,2024-12,2.870691,2024-12,1.943751,0.336345,1.1,1.950736,63.1,28.6,-8.243924,1013.94,40.0,-1.049264,0.1562,NORMAL,1.085,0.1746,NORMAL,1.063,1.0,0.332,0.28,0.05,0.248,0.87,0.06,0.014,0.696,0.21,0.13,0.046,0.19525,38.2,41.0,14.5,31.2
2025-02-03,3.0,2.572,2.835,3.196,2453.95,703.8,4.54,4.33,2.244411,2025-01,2.870691,2024-12,2.207749,0.300661,1.1,2.416617,62.4,26.3,-11.26728,1096.63,37.5,-0.583383,0.2439,NORMAL,0.925,0.2548,NORMAL,0.893,0.998,0.334,0.388,0.052,0.388,0.834,0.06,0.032,0.692,0.026,0.104,0.0,0.304875,43.2,40.4,10.9,31.5
2025-02-04,3.0,2.584,2.844,3.208,2481.69,719.92,4.52,4.33,2.244411,2025-01,2.870691,2024-12,2.207749,0.300661,1.1,2.416617,62.4,26.0,-9.180069,1096.63,37.5,-0.583383,0.2036,NORMAL,0.907,0.2272,NORMAL,0.876,0.996,0.336,0.39,0.054,0.39,0.826,0.084,0.036,0.694,0.026,0.122,0.002,0.2545,43.3,41.0,10.1,31.5
2025-02-05,3.0,2.578,2.818,3.198,2509.27,730.98,4.43,4.33,2.244411,2025-01,2.870691,2024-12,2.207749,0.300661,1.1,2.416617,62.0,24.0,-7.73401,1096.63,37.5,-0.583383,0.1525,NORMAL,0.892,0.1571,NORMAL,0.869,0.994,0.338,0.392,0.056,0.392,0.738,0.074,0.08,0.688,0.026,0.098,0.004,0.190625,43.4,39.5,8.0,30.3
2025-02-06,3.0,2.582,2.796,3.196,2536.75,740.32,4.45,4.33,2.244411,2025-01,2.870691,2024-12,2.207749,0.300661,1.1,2.416617,61.4,21.4,-6.509831,1096.63,37.5,-0.583383,0.223,NORMAL,0.926,0.2156,NORMAL,0.933,0.992,0.34,0.394,0.058,0.394,0.764,0.088,0.096,0.684,0.026,0.078,0.006,0.27875,43.6,40.8,9.7,31.4
2025-02-07,3.0,2.635,2.836,3.242,2521.92,742.9,4.49,4.33,2.244411,2025-01,2.870691,2024-12,2.207749,0.300661,1.1,2.416617,60.7,20.1,-6.145695,1096.63,37.5,-0.583383,0.117,NORMAL,0.99,0.1028,NORMAL,0.967,0.99,0.342,0.396,0.06,0.396,0.8,0.16,0.112,0.68,0.026,0.116,0.008,0.14625,43.7,43.8,7.4,31.6
2025-02-10,3.0,2.638,2.83,3.239,2521.27,749.67,4.51,4.33,2.244411,2025-01,2.870691,2024-12,2.207749,0.300661,1.1,2.416617,60.1,19.2,-5.248476,1096.63,37.5,-0.583383,0.1443,NORMAL,0.99,0.1173,NORMAL,0.961,0.988,0.344,0.398,0.062,0.398,0.818,0.166,0.126,0.672,0.026,0.112,0.01,0.180375,43.8,44.5,8.2,32.2
2025-02-11,3.0,2.633,2.849,3.228,2539.05,749.59,4.54,4.33,2.244411,2025-01,2.870691,2024-12,2.207749,0.300661,1.1,2.416617,59.5,21.6,-5.225263,1096.63,37.5,-0.583383,0.1038,NORMAL,1.011,0.0904,NORMAL,0.96,0.986,0.346,0.4,0.064,0.4,0.832,0.156,0.096,0.672,0.026,0.144,0.012,0.12975,43.9,43.9,7.8,31.9
2025-02-12,3.0,2.651,2.879,3.238,2548.39,745.18,4.62,4.33,2.244411,2025-01,2.870691,2024-12,2.207749,0.300661,1.1,2.416617,58.7,22.8,-5.747722,1064.07,40.0,-0.583383,0.098,NORMAL,1.007,0.1014,NORMAL,0.954,0.984,0.348,0.402,0.066,0.402,0.924,0.184,0.088,0.624,0.208,0.192,0.028,0.1225,44.0,45.5,13.8,34.4
2025-02-13,3.0,2.631,2.872,3.227,2583.17,749.28,4.52,4.33,2.244411,2025-01,2.990978,2025-01,2.207749,0.300661,1.1,2.416617,59.6,24.1,-5.205183,1064.07,37.5,-0.583383,0.0846,NORMAL,0.969,0.0892,NORMAL,0.967,0.982,0.56,0.404,0.068,0.404,0.816,0.156,0.08,0.68,0.022,0.176,0.03,0.10575,48.4,43.3,8.3,33.3
2025-02-14,3.0,2.611,2.846,3.208,2591.05,756.32,4.47,4.33,2.244411,2025-01,2.990978,2025-01,2.207749,0.300661,1.1,2.416617,59.7,23.5,-4.29398,1064.07,37.5,-0.583383,0.0718,NORMAL,1.007,0.0659,NORMAL,1.002,0.98,0.562,0.406,0.07,0.406,0.762,0.124,0.092,0.684,0.02,0.144,0.032,0.08975,48.5,41.5,7.1,32.4
2025-02-17,3.0,2.623,2.869,3.215,2610.42,768.48,4.47,4.33,2.244411,2025-01,2.990978,2025-01,2.207749,0.300661,1.1,2.416617,59.2,24.6,-2.732443,1064.07,37.5,-0.583383,0.06,NORMAL,0.999,0.0415,NORMAL,0.995,0.978,0.564,0.408,0.072,0.408,0.76,0.142,0.064,0.664,0.018,0.176,0.034,0.075,48.6,40.8,7.6,32.3
2025-02-18,3.0,2.641,2.878,3.224,2626.81,773.65,4.55,4.33,2.244411,2025-01,2.990978,2025-01,2.207749,0.300661,1.1,2.416617,58.3,23.7,-2.061041,1064.07,37.5,-0.583383,0.0576,NORMAL,0.998,0.0365,NORMAL,1.02,0.976,0.566,0.41,0.074,0.41,0.836,0.188,0.096,0.584,0.02,0.202,0.036,0.072,48.7,42.6,8.2,33.2
2025-02-19,3.0,2.63,2.873,3.214,2671.52,778.27,4.53,4.33,2.244411,2025-01,2.990978,2025-01,2.207749,0.300661,1.1,2.416617,58.4,24.3,-1.46183,1064.07,37.5,-0.583383,0.0301,NORMAL,0.969,0.0194,NORMAL,1.054,0.974,0.568,0.412,0.076,0.412,0.816,0.164,0.076,0.592,0.022,0.19,0.038,0.037625,48.8,41.2,7.2,32.4
2025-02-20,3.0,2.628,2.888,3.212,2654.06,768.27,4.5,4.33,2.244411,2025-01,2.990978,2025-01,2.207749,0.300661,1.1,2.416617,58.4,26.0,-2.706439,1064.07,37.5,-0.583383,0.0451,NORMAL,0.954,0.0406,NORMAL,1.006,0.972,0.57,0.414,0.078,0.414,0.784,0.16,0.038,0.594,0.024,0.22,0.04,0.056375,49.0,39.4,8.5,32.3
2025-02-21,3.0,2.618,2.856,3.2,2654.58,774.65,4.42,4.33,2.244411,2025-01,2.990978,2025-01,2.207749,0.300661,1.1,2.416617,58.2,23.8,-1.872665,1064.07,37.5,-0.583383,0.044,NORMAL,0.957,0.0136,NORMAL,1.001,0.97,0.572,0.416,0.08,0.416,0.668,0.132,0.104,0.574,0.026,0.16,0.042,0.055,49.1,37.0,7.1,31.1
2025-02-24,3.0,2.61,2.825,3.191,2645.27,773.33,4.4,4.33,2.244411,2025-01,2.990978,2025-01,2.207749,0.300661,1.1,2.416617,58.1,21.5,-2.004212,1064.07,37.5,-0.583383,0.0513,NORMAL,0.951,0.0164,NORMAL,1.002,0.968,0.574,0.418,0.082,0.418,0.636,0.124,0.132,0.57,0.028,0.108,0.044,0.064125,49.2,36.5,6.1,30.6
2025-02-25,2.75,2.596,2.797,3.178,2630.29,769.43,4.3,4.33,2.244411,2025-01,2.990978,2025-01,2.207749,0.300661,1.1,2.416617,58.2,20.1,-2.456949,1002.07,37.5,-0.333383,0.055,NORMAL,0.958,0.0254,NORMAL,0.997,0.966,0.576,0.42,0.084,0.452,0.514,0.106,0.154,0.576,0.03,0.084,0.204,0.06875,50.0,33.8,9.7,31.2
2025-02-26,2.75,2.591,2.752,3.168,2641.09,771.41,4.25,4.33,2.244411,2025-01,2.990978,2025-01,2.207749,0.300661,1.1,2.416617,57.7,16.1,-2.162379,1002.07,37.5,-0.333383,0.0352,NORMAL,1.011,0.0205,NORMAL,1.033,0.964,0.578,0.422,0.086,0.454,0.384,0.104,0.264,0.56,0.032,0.052,0.206,0.044,50.1,32.8,8.3,30.4
2025-02-27,2.75,2.592,2.754,3.172,2621.75,770.85,4.29,4.33,2.244411,2025-01,2.990978,2025-01,2.207749,0.300661,1.1,2.416617,58.0,16.2,-2.190357,1002.07,35.0,-0.333383,0.0426,NORMAL,0.998,0.0217,NORMAL,1.032,0.962,0.58,0.424,0.088,0.456,0.488,0.108,0.26,0.572,0.0,0.058,0.208,0.05325,50.2,35.7,8.0,31.3
2025-02-28,2.75,2.566,2.706,3.157,2532.78,743.96,4.24,4.33,2.244411,2025-01,2.990978,2025-01,2.207749,0.300661,1.1,2.416617,59.1,14.0,-5.547412,1064.07,35.0,-0.333383,0.168,NORMAL,0.78,0.1259,NORMAL,0.842,0.96,0.582,0.426,0.09,0.458,0.354,0.052,0.376,0.694,0.002,0.024,0.046,0.21,50.3,36.9,7.1,31.4
2025-03-04,2.75,2.541,2.703,3.132,2528.92,737.9,4.22,4.33,2.021445,2025-02,2.990978,2025-01,2.018228,-0.186305,1.1,2.082167,59.1,16.2,-6.25572,1064.07,35.0,-0.667833,0.1261,NORMAL,0.888,0.0928,NORMAL,0.997,0.958,0.584,0.388,0.092,0.388,0.326,0.038,0.262,0.696,0.004,0.024,0.048,0.157625,48.2,33.1,5.8,29.0
2025-03-05,2.75,2.565,2.773,3.151,2558.13,746.95,4.28,4.33,2.021445,2025-02,2.990978,2025-01,2.018228,-0.186305,1.1,2.082167,58.6,20.8,-5.049479,1064.07,35.0,-0.667833,0.1337,NORMAL,0.888,0.0984,NORMAL,1.055,0.956,0.586,0.39,0.094,0.39,0.466,0.056,0.144,0.642,0.006,0.076,0.05,0.167125,48.3,32.7,7.5,29.5
2025-03-06,2.75,2.594,2.806,3.174,2576.16,734.92,4.29,4.33,2.021445,2025-02,2.990978,2025-01,2.018228,-0.186305,1.1,2.082167,58.0,21.2,-6.514442,1064.07,35.0,-0.667833,0.2023,NORMAL,0.9,0.2076,NORMAL,1.036,0.954,0.588,0.392,0.096,0.392,0.498,0.124,0.14,0.574,0.008,0.112,0.052,0.252875,48.4,33.4,10.6,30.8
2025-03-07,2.75,2.565,2.773,3.144,2563.48,727.7,4.32,4.33,2.021445,2025-02,2.990978,2025-01,2.018228,-0.186305,1.1,2.082167,57.9,20.8,-7.366465,1064.07,35.0,-0.667833,0.1042,NORMAL,0.913,0.1266,NORMAL,1.05,0.952,0.59,0.394,0.098,0.394,0.564,0.058,0.15,0.566,0.01,0.078,0.054,0.13025,48.6,33.4,6.8,29.6
2025-03-10,2.75,2.596,2.801,3.166,2570.39,725.82,4.22,4.33,2.021445,2025-02,2.990978,2025-01,2.018228,-0.186305,1.1,2.082167,57.0,20.5,-7.539127,1064.07,35.0,-0.667833,0.1821,NORMAL,0.921,0.2154,NORMAL,1.053,0.95,0.592,0.396,0.1,0.396,0.328,0.136,0.16,0.492,0.012,0.112,0.056,0.227625,48.7,27.9,10.2,28.9
2025-03-11,2.75,2.56,2.76,3.131,2537.6,721.5,4.28,4.33,2.021445,2025-02,2.990978,2025-01,2.018228,-0.186305,1.1,2.082167,57.1,20.0,-8.027465,1064.07,35.0,-0.667833,0.1157,NORMAL,0.886,0.127,NORMAL,1.072,0.948,0.594,0.398,0.102,0.398,0.466,0.052,0.176,0.51,0.014,0.072,0.058,0.144625,48.8,30.1,7.2,28.7
2025-03-12,2.75,2.55,2.763,3.127,2574.82,729.49,4.32,4.33,2.021445,2025-02,2.990978,2025-01,2.018228,-0.186305,1.1,2.082167,57.7,21.3,-6.945414,1064.07,35.0,-0.667833,0.1015,NORMAL,0.859,0.1099,NORMAL,1.04,0.946,0.596,0.4,0.104,0.4,0.562,0.048,0.14,0.57,0.016,0.076,0.06,0.126875,48.9,33.0,7.0,29.6
2025-03-13,2.75,2.57,2.77,3.138,2573.64,722.8,4.27,4.33,2.021445,2025-02,2.801583,2025-02,2.018228,-0.186305,1.1,2.082167,56.8,20.0,-7.732812,1064.07,35.0,-0.667833,0.1174,NORMAL,0.86,0.1422,NORMAL,1.032,0.944,0.312,0.402,0.106,0.402,0.436,0.082,0.18,0.45,0.018,0.084,0.062,0.14675,43.3,28.7,7.8,26.6
2025-03-14,2.75,2.596,2.813,3.161,2566.36,734.26,4.31,4.33,2.021445,2025-02,2.801583,2025-02,2.018228,-0.186305,1.1,2.082167,56.5,21.7,-6.203482,1002.07,32.5,-0.667833,0.1143,NORMAL,0.892,0.1207,NORMAL,0.99,0.942,0.314,0.404,0.108,0.404,0.542,0.15,0.128,0.418,0.0,0.138,0.246,0.142875,43.4,30.9,13.2,29.2
2025-03-17,2.75,2.601,2.805,3.171,2610.69,743.51,4.31,4.33,2.021445,2025-02,2.801583,2025-02,2.018228,-0.186305,1.1,2.082167,57.0,20.4,-4.962198,1002.07,32.5,-0.667833,0.1561,NORMAL,0.842,0.1571,NORMAL,0.978,0.94,0.316,0.406,0.11,0.406,0.54,0.164,0.172,0.502,0.002,0.132,0.248,0.195125,43.6,34.5,14.4,30.8
2025-03-18,2.75,2.598,2.788,3.168,2612.34,745.54,4.29,4.33,2.021445,2025-02,2.801583,2025-02,2.018228,-0.186305,1.1,2.082167,57.0,19.0,-4.641708,1002.07,30.0,-0.667833,0.1534,NORMAL,0.852,0.1486,NORMAL,1.025,0.938,0.318,0.408,0.112,0.408,0.488,0.164,0.212,0.516,0.0,0.102,0.25,0.19175,43.7,34.5,13.6,30.6
2025-03-19,2.75,2.621,2.811,3.184,2628.62,738.35,4.25,4.33,2.021445,2025-02,2.801583,2025-02,2.018228,-0.186305,1.1,2.082167,56.3,19.0,-5.500901,1002.07,30.0,-0.667833,0.1589,NORMAL,0.852,0.1799,NORMAL,1.027,0.936,0.32,0.41,0.114,0.41,0.38,0.206,0.214,0.406,0.002,0.144,0.252,0.198625,43.8,30.1,14.9,29.6
2025-03-20,2.75,2.598,2.792,3.168,2637.1,725.15,4.24,4.33,2.021445,2025-02,2.801583,2025-02,2.018228,-0.186305,1.1,2.082167,57.0,19.4,-7.11994,1002.07,30.0,-0.667833,0.1035,NORMAL,0.905,0.1848,NORMAL,1.001,0.934,0.322,0.412,0.116,0.412,0.348,0.166,0.202,0.522,0.004,0.112,0.254,0.129375,43.9,30.9,12.5,29.1
2025-03-21,2.75,2.597,2.805,3.165,2643.13,719.41,4.25,4.33,2.021445,2025-02,2.801583,2025-02,2.018228,-0.186305,1.1,2.082167,56.8,20.8,-7.78119,1002.07,30.0,-0.667833,0.1132,NORMAL,0.912,0.2338,NORMAL,1.012,0.932,0.324,0.414,0.118,0.414,0.378,0.162,0.16,0.46,0.006,0.142,0.256,0.1415,44.0,29.0,13.6,28.9
2025-03-24,2.75,2.604,2.816,3.171,2632.07,720.22,4.34,4.33,2.021445,2025-02,2.801583,2025-02,2.018228,-0.186305,1.1,2.082167,56.7,21.2,-7.597056,1002.07,30.0,-0.667833,0.0774,NORMAL,0.909,0.1869,NORMAL,1.033,0.93,0.326,0.416,0.12,0.416,0.578,0.188,0.152,0.438,0.008,0.168,0.258,0.09675,44.2,33.9,13.3,30.5
2025-03-25,2.75,2.612,2.821,3.179,2615.81,711.26,4.31,4.33,2.021445,2025-02,2.801583,2025-02,2.018228,-0.186305,1.1,2.082167,56.7,20.9,-8.662859,1002.07,30.0,-0.667833,0.107,NORMAL,0.904,0.2563,NORMAL,1.021,0.928,0.328,0.418,0.122,0.418,0.534,0.204,0.16,0.44,0.01,0.184,0.26,0.13375,44.3,33.5,14.7,30.8
2025-03-26,2.75,2.618,2.839,3.187,2643.94,716.48,4.35,4.33,2.021445,2025-02,2.801583,2025-02,2.018228,-0.186305,1.1,2.082167,56.9,22.1,-7.911621,1002.07,30.0,-0.667833,0.0489,NORMAL,0.888,0.1845,NORMAL,0.999,0.926,0.33,0.42,0.124,0.42,0.58,0.214,0.128,0.496,0.012,0.216,0.262,0.061125,44.4,35.4,13.8,31.2
2025-03-27,2.75,2.622,2.838,3.182,2607.15,707.49,4.38,4.33,2.021445,2025-02,2.801583,2025-02,2.018228,-0.186305,1.1,2.082167,56.0,21.6,-8.986161,1002.07,30.0,-0.667833,0.0818,NORMAL,0.857,0.2374,NORMAL,0.994,0.924,0.332,0.422,0.126,0.422,0.61,0.232,0.138,0.392,0.014,0.216,0.264,0.10225,44.5,34.3,14.9,31.2
2025-03-28,2.75,2.629,2.842,3.184,2557.98,693.76,4.27,4.33,2.021445,2025-02,2.801583,2025-02,2.018228,-0.186305,1.1,2.082167,55.5,21.3,-10.660158,1002.07,30.0,-0.667833,0.1284,NORMAL,0.813,0.3227,WARNING,0.962,0.922,0.334,0.424,0.128,0.424,0.414,0.262,0.154,0.388,0.016,0.228,0.266,0.1605,44.6,30.4,16.8,30.6
2025-03-31,2.75,2.569,2.771,3.14,2481.12,672.85,4.23,4.33,2.021445,2025-02,2.801583,2025-02,2.018228,-0.186305,1.1,2.082167,57.1,20.2,-13.254988,1002.07,30.0,-0.667833,0.2325,NORMAL,0.852,0.4288,WARNING,1.006,0.92,0.336,0.426,0.13,0.426,0.318,0.08,0.202,0.566,0.018,0.088,0.268,0.290625,44.8,29.1,16.6,30.2
2025-04-01,2.75,2.581,2.787,3.153,2521.39,691.45,4.17,4.33,2.021445,2025-02,2.801583,2025-02,2.018228,-0.186305,1.1,2.082167,57.2,20.6,-10.765009,1002.07,30.0,-0.667833,0.1851,NORMAL,0.81,0.3638,WARNING,0.871,0.918,0.338,0.428,0.132,0.428,0.222,0.12,0.192,0.582,0.02,0.104,0.27,0.231375,44.9,27.9,15.6,29.5
2025-04-02,2.75,2.584,2.767,3.151,2505.86,684.85,4.2,4.33,2.021445,2025-02,2.801583,2025-02,2.018228,-0.186305,1.1,2.082167,56.7,18.3,-11.516538,1002.07,30.0,-0.667833,0.2054,NORMAL,0.827,0.3924,WARNING,0.898,0.916,0.34,0.43,0.134,0.43,0.27,0.13,0.274,0.45,0.022,0.084,0.272,0.25675,45.0,28.1,15.9,29.7
2025-04-03,2.75,2.529,2.738,3.101,2486.7,683.49,4.06,4.33,2.053532,2025-03,2.801583,2025-02,2.045502,0.035304,1.1,2.130298,57.2,20.9,-11.59151,1002.07,30.0,-0.619702,0.2357,NORMAL,0.831,0.3941,WARNING,0.916,0.914,0.342,0.476,0.136,0.476,0.18,0.028,0.174,0.588,0.024,0.044,0.274,0.294625,46.9,24.2,15.9,29.0
2025-04-04,2.75,2.461,2.692,3.035,2465.42,687.39,4.01,4.33,2.053532,2025-03,2.801583,2025-02,2.045502,0.035304,1.1,2.130298,57.4,23.1,-10.982823,1002.07,30.0,-0.619702,0.2721,NORMAL,0.826,0.3677,WARNING,0.912,0.912,0.344,0.478,0.138,0.478,0.164,0.0,0.116,0.616,0.026,0.014,0.276,0.340125,47.0,22.4,16.4,28.6
2025-04-07,2.75,2.405,2.648,2.986,2328.2,651.3,4.15,4.33,2.053532,2025-03,2.801583,2025-02,2.045502,0.035304,1.1,2.130298,58.1,24.3,-15.540641,1002.07,30.0,-0.619702,0.5954,HIGH,0.58,0.5575,HIGH,0.699,0.91,0.346,0.48,0.14,0.48,0.216,0.0,0.082,0.672,0.028,0.004,0.278,0.74425,47.1,24.2,26.4,32.6
2025-04-08,2.75,2.413,2.686,2.995,2334.23,658.45,4.26,4.33,2.053532,2025-03,2.801583,2025-02,2.045502,0.035304,1.1,2.130298,58.2,27.3,-14.501328,1002.07,30.0,-0.619702,0.5902,HIGH,0.582,0.5649,HIGH,0.685,0.908,0.348,0.482,0.142,0.482,0.41,0.004,0.028,0.684,0.03,0.016,0.28,0.73775,47.2,28.2,26.6,34.0
2025-04-09,2.75,2.434,2.732,3.01,2293.7,643.39,4.34,4.33,2.053532,2025-03,2.801583,2025-02,2.045502,0.035304,1.1,2.130298,57.6,29.8,-16.340976,1002.07,30.0,-0.619702,0.6065,SEVERE,0.594,0.566,HIGH,0.683,0.906,0.35,0.484,0.144,0.484,0.57,0.008,0.0,0.632,0.032,0.052,0.282,0.758125,47.4,30.2,28.1,35.2
2025-04-10,2.75,2.437,2.702,3.017,2445.06,681.79,4.4,4.33,2.053532,2025-03,2.801583,2025-02,2.045502,0.035304,1.1,2.130298,58.0,26.5,-11.244611,1002.07,30.0,-0.619702,0.4923,HIGH,0.436,0.5767,HIGH,0.537,0.904,0.352,0.486,0.146,0.486,0.634,0.012,0.04,0.664,0.034,0.036,0.284,0.615375,47.5,33.8,24.2,35.2
2025-04-11,2.75,2.411,2.696,2.996,2432.72,695.59,4.48,4.33,2.053532,2025-03,2.801583,2025-02,2.045502,0.035304,1.1,2.130298,58.5,28.5,-9.345758,1002.07,30.0,-0.619702,0.5108,HIGH,0.436,0.5023,HIGH,0.533,0.902,0.354,0.488,0.148,0.488,0.762,0.004,0.024,0.734,0.036,0.028,0.286,0.6385,47.6,38.1,24.7,36.8
2025-04-14,2.75,2.408,2.691,2.998,2455.89,708.98,4.38,4.33,2.053532,2025-03,2.381981,2025-03,2.045502,0.035304,1.1,2.130298,59.0,28.3,-7.512633,1002.07,30.0,-0.619702,0.4731,HIGH,0.441,0.4327,WARNING,0.527,0.9,0.0,0.49,0.15,0.49,0.6,0.004,0.028,0.798,0.038,0.02,0.288,0.591375,40.6,35.8,23.4,33.3
2025-04-15,2.75,2.399,2.664,2.984,2477.41,711.92,4.35,4.33,2.053532,2025-03,2.381981,2025-03,2.045502,0.035304,1.1,2.130298,58.5,26.5,-7.047602,1082.68,35.0,-0.619702,0.4382,WARNING,0.439,0.4162,WARNING,0.527,0.898,0.002,0.492,0.152,0.492,0.566,0.0,0.05,0.736,0.108,0.008,0.028,0.54775,40.7,33.8,17.3,30.6
2025-04-16,2.75,2.351,2.629,2.941,2447.43,699.11,4.29,4.33,2.053532,2025-03,2.381981,2025-03,2.045502,0.035304,1.1,2.130298,59.0,27.8,-8.632449,1082.68,35.0,-0.619702,0.4856,HIGH,0.439,0.4912,HIGH,0.522,0.896,0.004,0.494,0.154,0.494,0.476,0.0,0.034,0.796,0.11,0.0,0.03,0.607,40.8,32.6,18.7,30.7
2025-04-17,2.75,2.385,2.645,2.968,2470.41,711.75,4.34,4.33,2.053532,2025-03,2.381981,2025-03,2.045502,0.035304,1.1,2.130298,58.3,26.0,-6.90238,1140.37,32.5,-0.619702,0.4477,WARNING,0.437,0.4224,WARNING,0.52,0.894,0.006,0.496,0.156,0.496,0.56,0.004,0.064,0.706,0.084,0.006,0.0,0.559625,41.0,33.3,16.2,30.2
2025-04-18,2.75,2.362,2.62,2.942,2483.42,717.77,4.34,4.33,2.053532,2025-03,2.381981,2025-03,2.045502,0.035304,1.1,2.130298,58.0,25.8,-6.04476,1140.37,32.5,-0.619702,0.4262,WARNING,0.436,0.3887,WARNING,0.519,0.892,0.008,0.498,0.158,0.498,0.562,0.004,0.086,0.662,0.086,0.0,0.002,0.53275,41.1,32.9,15.5,29.8
2025-04-21,2.75,2.331,2.602,2.918,2488.42,715.45,4.42,4.33,2.053532,2025-03,2.381981,2025-03,2.045502,0.035304,1.1,2.130298,58.7,27.1,-6.27784,1140.37,32.5,-0.619702,0.4177,WARNING,0.436,0.4008,WARNING,0.52,0.89,0.01,0.5,0.16,0.5,0.664,0.0,0.052,0.766,0.088,0.0,0.004,0.522125,41.2,37.1,15.4,31.2
2025-04-22,2.75,2.33,2.621,2.923,2486.64,716.12,4.41,4.33,2.053532,2025-03,2.381981,2025-03,2.045502,0.035304,1.1,2.130298,59.3,29.1,-6.120229,1140.37,32.5,-0.619702,0.42,WARNING,0.436,0.3927,WARNING,0.524,0.888,0.012,0.502,0.162,0.502,0.644,0.0,0.01,0.828,0.09,0.008,0.006,0.525,41.3,37.0,15.7,31.3
2025-04-23,2.75,2.337,2.598,2.927,2525.56,726.08,4.4,4.33,2.053532,2025-03,2.381981,2025-03,2.045502,0.035304,1.1,2.130298,59.0,26.1,-4.747397,1140.37,32.5,-0.619702,0.3897,WARNING,0.433,0.3746,WARNING,0.521,0.886,0.014,0.504,0.164,0.504,0.628,0.008,0.072,0.79,0.092,0.0,0.008,0.487125,41.4,37.5,14.7,31.2
2025-04-24,2.75,2.341,2.623,2.93,2522.33,726.08,4.32,4.33,2.053532,2025-03,2.381981,2025-03,2.045502,0.035304,1.1,2.130298,58.9,28.2,-4.684205,1080.575,30.0,-0.619702,0.3967,WARNING,0.436,0.3722,WARNING,0.525,0.884,0.016,0.506,0.166,0.506,0.544,0.012,0.036,0.778,0.04,0.016,0.056,0.495875,41.6,34.2,15.2,30.3
2025-04-25,2.75,2.305,2.576,2.901,2546.3,729.69,4.29,4.33,2.053532,2025-03,2.381981,2025-03,2.045502,0.035304,1.1,2.130298,59.6,27.1,-4.158408,1080.575,30.0,-0.619702,0.3387,WARNING,0.441,0.3305,WARNING,0.537,0.882,0.018,0.508,0.168,0.508,0.478,0.0,0.062,0.836,0.042,0.0,0.058,0.423375,41.7,34.4,13.1,29.7
2025-04-28,2.75,2.316,2.588,2.909,2548.86,719.41,4.23,4.33,2.053532,2025-03,2.381981,2025-03,2.045502,0.035304,-0.1,1.530298,59.3,27.2,-5.452202,1080.575,30.0,-1.219702,0.3693,WARNING,0.464,0.3856,WARNING,0.56,1.0,0.02,0.51,0.17,0.204,0.324,0.004,0.056,0.822,0.044,0.004,0.06,0.461625,38.1,30.1,14.2,27.5
2025-04-29,2.75,2.31,2.603,2.903,2565.42,726.46,4.19,4.33,2.053532,2025-03,2.381981,2025-03,2.045502,0.035304,-0.1,1.530298,59.3,29.3,-4.460777,1080.575,30.0,-1.219702,0.3812,WARNING,0.47,0.3593,WARNING,0.577,0.998,0.022,0.512,0.172,0.206,0.258,0.004,0.006,0.82,0.046,0.016,0.062,0.4765,38.2,27.2,15.0,26.8
2025-04-30,2.75,2.267,2.563,2.868,2556.61,717.24,4.17,4.33,2.053532,2025-03,2.381981,2025-03,2.045502,0.035304,-0.1,1.530298,60.1,29.6,-5.611427,1122.875,30.0,-1.219702,0.3705,WARNING,0.471,0.3936,WARNING,0.574,0.996,0.024,0.514,0.174,0.208,0.236,0.0,0.004,0.846,0.048,0.0,0.02,0.463125,38.3,27.1,13.3,26.2
2025-05-02,2.75,2.282,2.593,2.872,2559.79,721.86,4.33,4.33,2.053532,2025-03,2.381981,2025-03,2.045502,0.035304,-0.1,1.530298,59.0,31.1,-4.941409,1122.875,30.0,-1.219702,0.3197,WARNING,0.473,0.3182,WARNING,0.575,0.994,0.026,0.516,0.176,0.21,0.574,0.004,0.0,0.772,0.05,0.012,0.022,0.399625,38.4,33.8,12.1,28.1
2025-05-07,2.75,2.253,2.603,2.846,2573.8,722.81,4.26,4.33,2.078765,2025-04,2.381981,2025-03,2.06695,0.033263,-0.1,1.568148,59.3,35.0,-4.754784,1122.875,30.0,-1.181852,0.311,WARNING,0.476,0.3115,WARNING,0.575,0.992,0.028,0.56,0.178,0.22,0.412,0.0,0.0,0.814,0.052,0.026,0.024,0.38875,39.6,30.6,12.3,27.5
2025-05-08,2.75,2.281,2.622,2.867,2579.48,729.59,4.37,4.33,2.078765,2025-04,2.381981,2025-03,2.06695,0.033263,-0.1,1.568148,58.6,34.1,-3.794119,1122.875,30.0,-1.181852,0.201,NORMAL,0.635,0.1992,NORMAL,0.725,0.99,0.03,0.562,0.18,0.222,0.622,0.008,0.004,0.71,0.054,0.04,0.026,0.25125,39.7,33.6,9.3,27.5
2025-05-09,2.75,2.331,2.67,2.91,2577.27,722.52,4.37,4.33,2.078765,2025-04,2.381981,2025-03,2.06695,0.033263,-0.1,1.568148,57.9,33.9,-4.660645,1122.875,30.0,-1.181852,0.2396,NORMAL,0.634,0.2632,NORMAL,0.713,0.988,0.032,0.564,0.182,0.224,0.624,0.034,0.008,0.6,0.056,0.068,0.028,0.2995,39.8,31.6,11.3,27.6
2025-05-12,2.75,2.33,2.685,2.91,2607.33,725.4,4.45,4.33,2.078765,2025-04,2.381981,2025-03,2.06695,0.033263,-0.1,1.568148,58.0,35.5,-4.214175,1122.875,30.0,-1.181852,0.2072,NORMAL,0.67,0.2326,NORMAL,0.769,0.986,0.034,0.566,0.184,0.226,0.762,0.03,0.0,0.616,0.058,0.08,0.03,0.259,39.9,35.2,10.7,28.6
2025-05-13,2.75,2.37,2.722,2.939,2608.42,731.88,4.49,4.33,2.078765,2025-04,2.325388,2025-04,2.06695,0.033263,-0.1,1.568148,56.9,35.2,-3.288109,1146.225,30.0,-1.181852,0.0394,NORMAL,1.2,0.0993,NORMAL,1.151,0.984,0.0,0.568,0.186,0.228,0.818,0.06,0.004,0.454,0.06,0.132,0.0,0.04925,39.3,33.4,6.0,26.2
2025-05-14,2.75,2.351,2.718,2.924,2640.57,739.05,4.53,4.33,2.078765,2025-04,2.325388,2025-04,2.06695,0.033263,-0.1,1.568148,57.3,36.7,-2.273563,1146.225,30.0,-1.181852,0.0193,NORMAL,1.2,0.084,NORMAL,1.2,0.982,0.002,0.57,0.188,0.23,0.862,0.054,0.0,0.55,0.062,0.128,0.002,0.024125,39.4,36.6,5.4,27.1
2025-05-15,2.75,2.362,2.727,2.931,2621.36,733.23,4.45,4.33,2.078765,2025-04,2.325388,2025-04,2.06695,0.033263,-0.1,1.568148,56.9,36.5,-2.97426,1146.225,30.0,-1.181852,0.0313,NORMAL,1.2,0.0965,NORMAL,1.2,0.98,0.004,0.572,0.19,0.232,0.764,0.062,0.004,0.448,0.064,0.14,0.004,0.039125,39.6,31.9,6.2,25.9
2025-05-16,2.75,2.319,2.676,2.896,2626.87,725.07,4.43,4.33,2.078765,2025-04,2.325388,2025-04,2.06695,0.033263,-0.1,1.568148,57.7,35.7,-3.982628,1146.225,30.0,-1.181852,0.0279,NORMAL,1.2,0.1139,NORMAL,1.2,0.978,0.006,0.574,0.192,0.234,0.732,0.028,0.008,0.584,0.066,0.074,0.006,0.034875,39.7,33.8,4.5,26.0
2025-05-19,2.75,2.366,2.747,2.935,2603.42,713.75,4.46,4.33,2.078765,2025-04,2.325388,2025-04,2.06695,0.033263,-0.1,1.568148,56.9,38.1,-5.402753,1146.225,30.0,-1.181852,0.0425,NORMAL,1.2,0.1653,NORMAL,1.2,0.976,0.008,0.576,0.194,0.236,0.784,0.072,0.0,0.442,0.068,0.168,0.008,0.053125,39.8,32.5,7.4,26.6
2025-05-20,2.75,2.33,2.713,2.907,2601.8,715.55,4.48,4.33,2.078765,2025-04,2.325388,2025-04,2.06695,0.033263,-0.1,1.568148,57.7,38.3,-5.085255,1117.6,30.0,-1.181852,0.0435,NORMAL,1.2,0.1516,NORMAL,1.2,0.974,0.01,0.578,0.196,0.238,0.816,0.036,0.0,0.582,0.07,0.13,0.064,0.054375,39.9,35.9,8.0,27.9
2025-05-21,2.75,2.345,2.76,2.921,2625.58,723.62,4.58,4.33,2.078765,2025-04,2.325388,2025-04,2.06695,0.033263,-0.1,1.568148,57.6,41.5,-3.94012,1117.6,30.0,-1.181852,0.0287,NORMAL,1.2,0.117,NORMAL,1.2,0.972,0.012,0.58,0.198,0.24,0.914,0.06,0.0,0.566,0.072,0.198,0.066,0.035875,40.0,38.5,9.3,29.3
2025-05-22,2.75,2.336,2.755,2.917,2593.67,717.67,4.54,4.33,2.078765,2025-04,2.325388,2025-04,2.06695,0.033263,-0.1,1.568148,58.1,41.9,-4.655813,1117.6,30.0,-1.181852,0.0486,NORMAL,1.2,0.1338,NORMAL,1.2,0.97,0.014,0.582,0.2,0.242,0.874,0.052,0.0,0.626,0.074,0.196,0.068,0.06075,40.2,38.8,10.0,29.7
2025-05-23,2.75,2.338,2.766,2.921,2592.09,715.98,4.51,4.33,2.078765,2025-04,2.325388,2025-04,2.06695,0.033263,-0.1,1.568148,58.3,42.8,-4.810299,1117.6,30.0,-1.181852,0.0496,NORMAL,1.2,0.14,NORMAL,1.2,0.968,0.016,0.584,0.202,0.244,0.84,0.06,0.0,0.652,0.076,0.216,0.07,0.062,40.3,38.8,10.6,29.9
2025-05-26,2.75,2.348,2.766,2.926,2644.4,725.27,4.51,4.33,2.078765,2025-04,2.325388,2025-04,2.06695,0.033263,-0.1,1.568148,57.8,41.8,-3.50495,1117.6,30.0,-1.181852,0.0169,NORMAL,1.2,0.1135,NORMAL,1.2,0.966,0.018,0.586,0.204,0.246,0.838,0.072,0.008,0.58,0.078,0.218,0.072,0.021125,40.4,37.5,9.7,29.2
2025-05-27,2.75,2.34,2.709,2.913,2637.22,727.11,4.43,4.33,2.078765,2025-04,2.325388,2025-04,2.06695,0.033263,-0.1,1.568148,57.3,36.9,-3.186331,1117.6,30.0,-1.181852,0.0214,NORMAL,1.2,0.1096,NORMAL,1.2,0.964,0.02,0.588,0.206,0.248,0.734,0.064,0.024,0.524,0.08,0.128,0.074,0.02675,40.5,33.7,7.7,27.3
2025-05-28,2.75,2.314,2.706,2.893,2670.15,728.79,4.47,4.33,2.078765,2025-04,2.325388,2025-04,2.06695,0.033263,-0.1,1.568148,57.9,39.2,-2.897339,1117.6,30.0,-1.181852,0.0009,NORMAL,1.2,0.106,NORMAL,1.2,0.962,0.022,0.59,0.208,0.25,0.792,0.024,0.016,0.58,0.082,0.126,0.076,0.001125,40.6,35.3,7.1,27.7
2025-05-29,2.5,2.341,2.76,2.914,2720.64,736.29,4.43,4.33,2.078765,2025-04,2.325388,2025-04,2.06695,0.033263,-0.1,1.568148,57.3,41.9,-1.840093,1117.6,30.0,-0.931852,0.0,NORMAL,1.148,0.0899,NORMAL,1.2,0.96,0.024,0.592,0.21,0.332,0.728,0.074,0.008,0.518,0.084,0.212,0.078,0.0,42.4,33.2,9.3,28.3
2025-05-30,2.5,2.347,2.786,2.917,2697.67,734.35,4.41,4.33,2.078765,2025-04,2.325388,2025-04,2.06695,0.033263,-0.1,1.568148,57.0,43.9,-2.040137,1117.6,30.0,-0.931852,0.0141,NORMAL,1.104,0.0941,NORMAL,1.2,0.958,0.026,0.594,0.212,0.334,0.682,0.084,0.0,0.44,0.086,0.26,0.08,0.017625,42.5,30.1,11.1,27.9
2025-06-02,2.5,2.34,2.793,2.916,2698.97,740.29,4.46,4.33,2.078765,2025-04,2.325388,2025-04,2.06695,0.033263,-0.1,1.568148,57.6,45.3,-1.192175,1117.6,30.0,-0.931852,0.0202,NORMAL,1.115,0.0882,NORMAL,1.2,0.956,0.028,0.596,0.214,0.336,0.774,0.07,0.0,0.554,0.088,0.284,0.082,0.02525,42.6,35.0,12.0,29.9
2025-06-04,2.5,2.414,2.894,2.982,2770.84,750.21,4.37,4.33,1.90184,2025-05,2.325388,2025-04,1.916564,-0.16511,-0.1,1.302761,56.8,48.0,0.18341,1117.6,30.0,-1.197239,0.0096,NORMAL,0.963,0.0601,NORMAL,1.2,0.954,0.03,0.248,0.216,0.22,0.626,0.144,0.0,0.366,0.09,0.496,0.084,0.012,33.4,28.4,17.0,26.3
2025-06-05,2.5,2.412,2.891,2.973,2812.05,756.23,4.4,4.33,1.90184,2025-05,2.325388,2025-04,1.916564,-0.16511,-0.1,1.302761,56.1,47.9,1.032214,1117.6,30.0,-1.197239,0.0164,NORMAL,0.939,0.0472,NORMAL,1.2,0.952,0.032,0.25,0.218,0.222,0.666,0.14,0.004,0.288,0.092,0.496,0.086,0.0205,33.5,27.5,17.4,26.1
2025-06-09,2.5,2.405,2.867,2.96,2855.77,764.21,4.49,4.33,1.90184,2025-05,2.325388,2025-04,1.916564,-0.16511,-0.1,1.302761,55.5,46.2,2.144073,1117.6,30.0,-1.197239,0.0227,NORMAL,0.917,0.0301,NORMAL,1.2,0.95,0.034,0.252,0.22,0.224,0.816,0.13,0.008,0.278,0.094,0.444,0.088,0.028375,33.6,30.8,16.4,26.9
2025-06-10,2.5,2.385,2.831,2.955,2871.85,771.2,4.47,4.33,1.90184,2025-05,2.325388,2025-04,1.916564,-0.16511,-0.1,1.302761,57.0,44.6,3.122356,1117.6,30.0,-1.197239,0.0203,NORMAL,0.925,0.0151,NORMAL,1.2,0.948,0.036,0.254,0.222,0.226,0.788,0.122,0.016,0.452,0.096,0.372,0.09,0.025375,33.7,34.5,14.6,27.6
2025-06-11,2.5,2.419,2.837,2.974,2907.04,786.29,4.41,4.33,1.90184,2025-05,2.325388,2025-04,1.916564,-0.16511,-0.1,1.302761,55.5,41.8,5.169482,1117.6,32.5,-1.197239,0.0207,NORMAL,0.923,0.0,NORMAL,1.2,0.946,0.038,0.256,0.224,0.228,0.69,0.16,0.038,0.272,0.21,0.388,0.092,0.025875,33.8,29.0,17.9,26.9
2025-06-12,2.5,2.429,2.827,2.972,2920.03,789.45,4.36,4.33,1.90184,2025-05,2.325388,2025-04,1.916564,-0.16511,-0.1,1.302761,54.3,39.8,5.616183,1117.6,32.5,-1.197239,0.0192,NORMAL,0.929,0.0,NORMAL,1.2,0.944,0.04,0.258,0.226,0.23,0.614,0.164,0.048,0.252,0.212,0.366,0.094,0.024,34.0,27.0,17.4,26.1
2025-06-13,2.5,2.462,2.819,2.997,2894.62,768.86,4.41,4.33,1.90184,2025-05,2.377265,2025-05,1.916564,-0.16511,-0.1,1.302761,53.5,35.7,2.900723,1117.6,35.0,-1.197239,0.0421,NORMAL,0.901,0.0435,NORMAL,1.098,0.942,0.084,0.26,0.228,0.232,0.696,0.18,0.08,0.244,0.256,0.356,0.096,0.052625,34.9,30.0,19.0,28.0
2025-06-16,2.5,2.483,2.864,3.016,2946.66,777.26,4.46,4.33,1.90184,2025-05,2.377265,2025-05,1.916564,-0.16511,-0.1,1.302761,53.3,38.1,4.062522,1117.6,35.0,-1.197239,0.0277,NORMAL,0.9,0.0257,NORMAL,1.106,0.94,0.086,0.262,0.23,0.234,0.788,0.188,0.062,0.24,0.258,0.46,0.098,0.034625,35.0,31.9,21.3,29.4
2025-06-17,2.5,2.448,2.868,2.986,2950.3,775.65,4.39,4.33,1.90184,2025-05,2.377265,2025-05,1.916564,-0.16511,-0.1,1.302761,53.8,42.0,3.886019,1117.6,35.0,-1.197239,0.028,NORMAL,0.899,0.0291,NORMAL,1.15,0.938,0.088,0.264,0.232,0.236,0.654,0.176,0.028,0.248,0.26,0.47,0.1,0.035,35.2,27.7,21.6,28.2
2025-06-18,2.5,2.472,2.876,3.0,2972.19,779.73,4.38,4.33,1.90184,2025-05,2.377265,2025-05,1.916564,-0.16511,-0.1,1.302761,52.8,40.4,4.47222,1117.6,35.0,-1.197239,0.0141,NORMAL,0.946,0.0205,NORMAL,1.2,0.936,0.09,0.266,0.234,0.238,0.64,0.188,0.052,0.232,0.262,0.5,0.102,0.017625,35.3,27.8,22.0,28.4
2025-06-19,2.5,2.475,2.874,3.005,2977.74,782.51,4.38,4.33,1.90184,2025-05,2.377265,2025-05,1.916564,-0.16511,-0.1,1.302761,53.0,39.9,4.891734,1117.6,35.0,-1.197239,0.0122,NORMAL,0.953,0.0147,NORMAL,1.2,0.934,0.092,0.268,0.236,0.24,0.638,0.192,0.056,0.232,0.264,0.496,0.104,0.01525,35.4,28.0,22.0,28.5
2025-06-20,2.5,2.463,2.867,2.996,3021.84,791.53,4.38,4.33,1.90184,2025-05,2.377265,2025-05,1.916564,-0.16511,-0.1,1.302761,53.3,40.4,6.14247,1117.6,35.0,-1.197239,0.0156,NORMAL,0.941,0.0,NORMAL,1.2,0.932,0.094,0.27,0.238,0.242,0.64,0.188,0.054,0.234,0.266,0.466,0.106,0.0195,35.5,27.9,21.4,28.3
2025-06-23,2.5,2.498,2.873,3.019,3014.47,784.79,4.34,4.33,1.90184,2025-05,2.377265,2025-05,1.916564,-0.16511,-0.1,1.302761,52.1,37.5,5.285846,1117.6,35.0,-1.197239,0.0041,NORMAL,1.01,0.0142,NORMAL,1.2,0.93,0.096,0.272,0.24,0.244,0.584,0.208,0.084,0.212,0.268,0.496,0.108,0.005125,35.6,27.2,21.9,28.2
2025-06-24,2.5,2.461,2.823,2.983,3103.64,800.93,4.3,4.33,1.90184,2025-05,2.377265,2025-05,1.916564,-0.16511,-0.1,1.302761,52.2,36.2,7.491384,1117.6,35.0,-1.197239,0.02,NORMAL,0.926,0.0,NORMAL,1.2,0.928,0.098,0.274,0.242,0.246,0.518,0.182,0.1,0.212,0.27,0.364,0.11,0.025,35.8,25.3,19.2,26.8
2025-06-25,2.5,2.46,2.82,2.981,3108.25,798.21,4.29,4.33,1.90184,2025-05,2.377265,2025-05,1.916564,-0.16511,-0.1,1.302761,52.1,36.0,7.168405,1117.6,37.5,-1.197239,0.0148,NORMAL,0.944,0.0057,NORMAL,1.197,0.926,0.1,0.276,0.244,0.248,0.494,0.18,0.104,0.206,0.346,0.36,0.112,0.0185,35.9,24.6,20.9,27.1
2025-06-26,2.5,2.454,2.788,2.969,3079.56,787.95,4.26,4.33,1.90184,2025-05,2.377265,2025-05,1.916564,-0.16511,-0.1,1.302761,51.5,33.4,5.833084,1117.6,37.5,-1.197239,0.0409,NORMAL,0.907,0.027,NORMAL,1.117,0.924,0.102,0.278,0.246,0.25,0.41,0.18,0.136,0.192,0.348,0.272,0.114,0.051125,36.0,22.9,19.6,26.2
2025-06-27,2.5,2.453,2.785,2.967,3055.94,781.56,4.29,4.33,1.90184,2025-05,2.377265,2025-05,1.916564,-0.16511,-0.1,1.302761,51.4,33.2,5.018485,1117.6,37.5,-1.197239,0.0649,NORMAL,0.872,0.0403,NORMAL,1.085,0.922,0.104,0.28,0.248,0.252,0.492,0.18,0.14,0.188,0.35,0.26,0.116,0.081125,36.1,25.0,20.2,27.1
2025-06-30,2.5,2.452,2.805,2.963,3071.7,781.5,4.24,4.33,1.90184,2025-05,2.377265,2025-05,1.916564,-0.16511,-0.1,1.302761,51.1,35.3,5.054155,1117.6,37.5,-1.197239,0.0478,NORMAL,0.899,0.0404,NORMAL,1.093,0.92,0.106,0.282,0.25,0.254,0.346,0.18,0.12,0.184,0.352,0.324,0.118,0.05975,36.2,20.8,21.3,26.1
2025-07-01,2.5,2.454,2.784,2.959,3089.65,783.67,4.26,4.33,1.90184,2025-05,2.377265,2025-05,1.916564,-0.16511,-0.1,1.302761,50.5,33.0,5.389778,1117.6,37.5,-1.197239,0.0247,NORMAL,0.944,0.0359,NORMAL,1.1,0.918,0.108,0.284,0.252,0.256,0.408,0.19,0.148,0.18,0.354,0.26,0.12,0.030875,36.4,23.1,19.1,26.2
2025-07-02,2.5,2.483,2.832,2.981,3075.06,782.17,4.3,4.33,1.90184,2025-05,2.377265,2025-05,1.916564,-0.16511,-0.1,1.302761,49.8,34.9,5.230702,1117.6,37.5,-1.197239,0.038,NORMAL,0.925,0.039,NORMAL,1.099,0.916,0.11,0.286,0.254,0.258,0.52,0.23,0.132,0.168,0.356,0.408,0.122,0.0475,36.5,26.2,23.3,28.7
2025-07-03,2.5,2.449,2.814,2.952,3116.27,793.33,4.35,4.33,2.169712,2025-06,2.377265,2025-05,2.144255,0.253147,-0.1,1.704568,50.3,36.5,6.766228,1117.6,37.5,-0.795432,0.0,NORMAL,1.007,0.0158,NORMAL,1.094,0.914,0.112,0.716,0.256,0.488,0.6,0.18,0.096,0.176,0.358,0.354,0.124,0.0,49.7,26.3,20.9,32.3
2025-07-04,2.5,2.467,2.828,2.965,3054.28,775.8,4.35,4.33,2.169712,2025-06,2.377265,2025-05,2.144255,0.253147,-0.1,1.704568,49.8,36.1,4.443994,1117.6,35.0,-0.795432,0.064,NORMAL,0.89,0.0555,NORMAL,0.987,0.912,0.114,0.718,0.258,0.49,0.598,0.22,0.108,0.162,0.272,0.404,0.126,0.08,49.8,27.2,22.1,33.0
2025-07-07,2.5,2.482,2.84,2.973,3059.47,778.46,4.4,4.33,2.169712,2025-06,2.377265,2025-05,2.144255,0.253147,-0.1,1.704568,49.1,35.8,4.837969,1114.275,37.5,-0.795432,0.0534,NORMAL,0.916,0.0468,NORMAL,1.001,0.91,0.116,0.72,0.26,0.492,0.68,0.234,0.116,0.152,0.364,0.448,0.192,0.06675,50.0,29.5,26.8,35.4
2025-07-08,2.5,2.477,2.847,2.968,3114.95,784.24,4.42,4.33,2.169712,2025-06,2.377265,2025-05,2.144255,0.253147,-0.1,1.704568,49.1,37.0,5.649324,1114.275,37.5,-0.795432,0.0352,NORMAL,0.879,0.0347,NORMAL,1.004,0.908,0.118,0.722,0.262,0.494,0.724,0.232,0.088,0.152,0.366,0.472,0.194,0.044,50.1,29.9,26.9,35.6
2025-07-09,2.5,2.478,2.854,2.967,3133.74,790.36,4.34,4.33,2.169712,2025-06,2.377265,2025-05,2.144255,0.253147,-0.1,1.704568,48.9,37.6,6.501496,1041.605,37.5,-0.795432,0.0305,NORMAL,0.891,0.022,NORMAL,1.062,0.906,0.12,0.724,0.264,0.496,0.57,0.236,0.084,0.144,0.368,0.48,0.324,0.038125,50.2,25.8,30.3,35.4
2025-07-10,2.5,2.433,2.814,2.928,3183.23,797.7,4.35,4.33,2.169712,2025-06,2.377265,2025-05,2.144255,0.253147,-0.1,1.704568,49.5,38.1,7.515334,1041.605,37.5,-0.795432,0.0379,NORMAL,0.868,0.0067,NORMAL,1.048,0.904,0.122,0.726,0.266,0.498,0.588,0.168,0.076,0.152,0.37,0.356,0.326,0.047375,50.3,24.6,27.5,34.1
2025-07-11,2.5,2.448,2.823,2.938,3175.77,800.47,4.43,4.33,2.169712,2025-06,2.377265,2025-05,2.144255,0.253147,-0.1,1.704568,49.0,37.5,7.915838,1041.605,37.5,-0.795432,0.0345,NORMAL,0.891,0.001,NORMAL,1.2,0.902,0.124,0.728,0.268,0.5,0.75,0.182,0.094,0.14,0.372,0.394,0.328,0.043125,50.4,29.1,28.4,36.0
2025-07-14,2.5,2.474,2.886,2.959,3202.03,799.37,4.43,4.33,2.169712,2025-06,2.680454,2025-06,2.144255,0.253147,-0.1,1.704568,48.5,41.2,7.785292,1041.605,37.5,-0.795432,0.0209,NORMAL,0.923,0.0032,NORMAL,1.2,0.9,0.476,0.73,0.27,0.502,0.752,0.236,0.052,0.128,0.374,0.592,0.33,0.026125,57.6,29.2,33.1,40.0
2025-07-15,2.5,2.463,2.877,2.953,3215.28,812.88,4.5,4.33,2.169712,2025-06,2.680454,2025-06,2.144255,0.253147,-0.1,1.704568,49.0,41.4,9.620679,1041.605,37.5,-0.795432,0.0203,NORMAL,0.925,0.0,NORMAL,1.2,0.898,0.478,0.732,0.272,0.504,0.84,0.226,0.052,0.136,0.376,0.576,0.332,0.025375,57.7,31.4,32.7,40.6
2025-07-16,2.5,2.459,2.877,2.95,3186.38,812.23,4.46,4.33,2.169712,2025-06,2.680454,2025-06,2.144255,0.253147,-0.1,1.704568,49.1,41.8,9.549912,1041.605,37.5,-0.795432,0.0444,NORMAL,0.895,0.0013,NORMAL,1.2,0.896,0.48,0.734,0.274,0.506,0.79,0.208,0.048,0.146,0.378,0.578,0.334,0.0555,57.8,29.8,33.6,40.4
2025-07-17,2.5,2.479,2.905,2.968,3192.29,818.27,4.47,4.33,2.169712,2025-06,2.680454,2025-06,2.144255,0.253147,-0.1,1.704568,48.9,42.6,10.381961,1041.605,37.5,-0.795432,0.0411,NORMAL,0.896,0.0,NORMAL,1.191,0.894,0.482,0.736,0.276,0.508,0.804,0.26,0.028,0.126,0.38,0.624,0.336,0.051375,57.9,30.4,34.8,41.0
2025-07-18,2.5,2.474,2.873,2.961,3188.07,820.67,4.44,4.33,2.169712,2025-06,2.680454,2025-06,2.144255,0.253147,-0.1,1.704568,48.7,39.9,10.728776,1041.605,37.5,-0.795432,0.0363,NORMAL,0.918,0.0,NORMAL,1.2,0.892,0.484,0.738,0.278,0.51,0.762,0.246,0.078,0.116,0.382,0.554,0.338,0.045375,58.0,30.0,33.0,40.3
2025-07-21,2.5,2.456,2.855,2.948,3210.81,821.69,4.38,4.33,2.169712,2025-06,2.680454,2025-06,2.144255,0.253147,-0.1,1.704568,49.2,39.9,10.889578,1041.605,37.5,-0.795432,0.0237,NORMAL,0.921,0.0,NORMAL,1.2,0.89,0.486,0.74,0.28,0.512,0.622,0.208,0.08,0.148,0.384,0.496,0.34,0.029625,58.2,26.4,31.2,38.6
2025-07-22,2.5,2.463,2.839,2.952,3169.94,812.97,4.35,4.33,2.169712,2025-06,2.680454,2025-06,2.144255,0.253147,-0.1,1.704568,48.9,37.6,9.739789,1041.605,37.5,-0.795432,0.0235,NORMAL,1.043,0.0177,NORMAL,1.2,0.888,0.488,0.742,0.282,0.514,0.578,0.236,0.114,0.12,0.386,0.454,0.342,0.029375,58.3,26.2,30.3,38.3
2025-07-23,2.5,2.458,2.83,2.95,3183.77,813.56,4.4,4.33,2.169712,2025-06,2.680454,2025-06,2.144255,0.253147,-0.1,1.704568,49.2,37.2,9.842478,1041.605,37.5,-0.795432,0.0345,NORMAL,1.04,0.0346,NORMAL,1.2,0.886,0.49,0.744,0.284,0.516,0.658,0.212,0.128,0.146,0.388,0.418,0.344,0.043125,58.4,28.6,29.8,38.9
2025-07-24,2.5,2.467,2.849,2.96,3190.45,809.89,4.43,4.33,2.169712,2025-06,2.680454,2025-06,2.144255,0.253147,-0.1,1.704568,49.3,38.2,9.370885,1041.605,37.5,-0.795432,0.019,NORMAL,1.074,0.0301,NORMAL,1.2,0.884,0.492,0.746,0.286,0.518,0.736,0.25,0.1,0.148,0.39,0.494,0.346,0.02375,58.5,30.9,31.3,40.2
2025-07-25,2.5,2.485,2.855,2.974,3196.05,806.95,4.4,4.33,2.169712,2025-06,2.680454,2025-06,2.144255,0.253147,-0.1,1.704568,48.9,37.0,9.000898,1041.605,37.5,-0.795432,0.1031,NORMAL,1.105,0.1231,NORMAL,1.2,0.882,0.494,0.748,0.288,0.52,0.652,0.3,0.138,0.116,0.392,0.51,0.348,0.128875,58.6,30.1,34.5,41.1
2025-07-28,2.5,2.464,2.829,2.958,3209.52,804.4,4.42,4.33,2.169712,2025-06,2.680454,2025-06,2.144255,0.253147,0.7,2.104568,49.4,36.5,8.677125,995.475,40.0,-0.395432,0.0595,NORMAL,1.107,0.0916,NORMAL,1.2,0.76,0.496,0.75,0.29,0.848,0.702,0.248,0.154,0.148,0.514,0.416,0.568,0.074375,62.9,31.3,39.3,44.5
2025-07-29,2.5,2.46,2.823,2.952,3230.57,804.45,4.34,4.33,2.169712,2025-06,2.680454,2025-06,2.144255,0.253147,0.7,2.104568,49.2,36.3,8.698543,902.97,37.5,-0.395432,0.0271,NORMAL,1.105,0.0621,NORMAL,1.2,0.758,0.498,0.752,0.292,0.85,0.536,0.222,0.164,0.136,0.394,0.396,0.856,0.033875,63.0,26.5,42.0,43.8
2025-07-30,2.5,2.454,2.797,2.946,3254.47,803.67,4.38,4.33,2.169712,2025-06,2.680454,2025-06,2.144255,0.253147,0.7,2.104568,49.2,34.3,8.604189,902.97,37.5,-0.395432,0.0651,NORMAL,1.115,0.1016,NORMAL,1.2,0.756,0.5,0.754,0.294,0.852,0.604,0.204,0.212,0.134,0.396,0.314,0.854,0.081375,63.1,28.8,41.1,44.3
2025-07-31,2.5,2.46,2.785,2.952,3245.44,805.24,4.37,4.33,2.169712,2025-06,2.680454,2025-06,2.144255,0.253147,0.7,2.104568,49.2,32.5,8.830164,821.745,37.5,-0.395432,0.0046,NORMAL,1.148,0.0334,NORMAL,1.2,0.754,0.502,0.756,0.296,0.854,0.58,0.228,0.236,0.132,0.398,0.266,0.88,0.00575,63.2,29.4,38.7,43.8
2025-08-01,2.5,2.478,2.832,2.97,3119.41,772.79,4.23,4.33,2.169712,2025-06,2.680454,2025-06,2.144255,0.253147,0.7,2.104568,49.2,35.4,4.465459,805.715,40.0,-0.395432,0.1139,NORMAL,0.848,0.0992,NORMAL,1.081,0.752,0.504,0.758,0.298,0.856,0.298,0.294,0.196,0.13,0.52,0.446,0.884,0.142375,63.4,22.9,49.8,45.4
2025-08-04,2.5,2.421,2.778,2.917,3147.75,784.06,4.22,4.33,2.094103,2025-07,2.680454,2025-06,2.079988,-0.050152,0.7,1.991155,49.6,35.7,6.005017,821.745,40.0,-0.508845,0.1026,NORMAL,0.839,0.0763,NORMAL,1.039,0.75,0.506,0.716,0.3,0.848,0.286,0.164,0.186,0.152,0.52,0.258,0.874,0.12825,62.4,19.7,44.5,42.2
2025-08-05,2.5,2.425,2.766,2.917,3198.0,798.6,4.22,4.33,2.094103,2025-07,2.680454,2025-06,2.079988,-0.050152,0.7,1.991155,49.2,34.1,7.979966,821.745,40.0,-0.508845,0.0732,NORMAL,0.85,0.0492,NORMAL,0.991,0.748,0.508,0.718,0.302,0.85,0.288,0.168,0.224,0.124,0.52,0.232,0.872,0.0915,62.5,20.1,42.9,41.8
2025-08-06,2.5,2.43,2.779,2.918,3198.14,803.49,4.22,4.33,2.094103,2025-07,2.680454,2025-06,2.079988,-0.050152,0.7,1.991155,48.8,34.9,8.637507,821.745,40.0,-0.508845,0.0719,NORMAL,0.853,0.0381,NORMAL,0.995,0.746,0.51,0.72,0.304,0.852,0.29,0.176,0.218,0.072,0.522,0.268,0.87,0.089875,62.6,18.9,43.7,41.7
2025-08-07,2.5,2.408,2.772,2.901,3227.68,805.81,4.23,4.33,2.094103,2025-07,2.680454,2025-06,2.079988,-0.050152,0.7,1.991155,49.3,36.4,8.946327,821.745,40.0,-0.508845,0.0484,NORMAL,0.878,0.0322,NORMAL,1.006,0.744,0.512,0.722,0.306,0.854,0.312,0.142,0.164,0.138,0.524,0.252,0.868,0.0605,62.8,18.9,42.6,41.4
2025-08-08,2.5,2.409,2.776,2.902,3210.01,809.27,4.27,4.33,2.094103,2025-07,2.680454,2025-06,2.079988,-0.050152,0.7,1.991155,49.3,36.7,9.413365,821.745,40.0,-0.508845,0.0588,NORMAL,0.874,0.0252,NORMAL,1.004,0.742,0.514,0.724,0.308,0.856,0.39,0.148,0.15,0.14,0.526,0.264,0.866,0.0735,62.9,20.7,43.2,42.3
2025-08-11,2.5,2.42,2.781,2.909,3206.77,811.85,4.27,4.33,2.094103,2025-07,2.680454,2025-06,2.079988,-0.050152,0.7,1.991155,48.9,36.1,9.757391,821.745,40.0,-0.508845,0.0568,NORMAL,0.885,0.02,NORMAL,1.002,0.74,0.516,0.726,0.31,0.858,0.388,0.172,0.18,0.07,0.528,0.28,0.864,0.071,63.0,20.2,43.6,42.3
2025-08-12,2.5,2.431,2.801,2.917,3189.91,807.19,4.29,4.33,2.094103,2025-07,2.680454,2025-06,2.079988,-0.050152,0.7,1.991155,48.6,37.0,9.125002,821.745,40.0,-0.508845,0.0683,NORMAL,0.885,0.032,NORMAL,1.046,0.738,0.518,0.728,0.312,0.86,0.432,0.192,0.14,0.048,0.53,0.35,0.862,0.085375,63.1,20.3,45.7,43.0
2025-08-13,2.5,2.417,2.809,2.907,3224.37,814.1,4.24,4.33,2.094103,2025-07,2.742618,2025-07,2.079988,-0.050152,0.7,1.991155,49.0,39.2,10.058834,821.745,40.0,-0.508845,0.0495,NORMAL,0.88,0.0154,NORMAL,1.031,0.736,0.64,0.73,0.314,0.862,0.316,0.168,0.092,0.086,0.532,0.376,0.86,0.061875,65.6,16.5,45.7,42.6
2025-08-14,2.5,2.404,2.787,2.896,3225.66,815.26,4.29,4.33,2.094103,2025-07,2.742618,2025-07,2.079988,-0.050152,0.7,1.991155,49.2,38.3,10.194245,821.745,40.0,-0.508845,0.0487,NORMAL,0.881,0.013,NORMAL,1.041,0.734,0.642,0.732,0.316,0.864,0.43,0.132,0.102,0.114,0.534,0.302,0.858,0.060875,65.8,19.4,43.9,43.0
2025-08-18,2.5,2.426,2.837,2.912,3177.28,798.05,4.34,4.33,2.094103,2025-07,2.742618,2025-07,2.079988,-0.050152,0.7,1.991155,48.6,41.1,7.805831,821.745,40.0,-0.508845,0.0861,NORMAL,0.843,0.0562,NORMAL,0.968,0.732,0.644,0.734,0.318,0.866,0.526,0.192,0.068,0.038,0.536,0.502,0.856,0.107625,65.9,20.6,50.0,45.5
2025-08-19,2.5,2.444,2.858,2.924,3151.56,787.96,4.3,4.33,2.094103,2025-07,2.742618,2025-07,2.079988,-0.050152,0.7,1.991155,48.0,41.4,6.411132,821.745,40.0,-0.508845,0.0992,NORMAL,0.843,0.0812,NORMAL,0.951,0.73,0.646,0.736,0.32,0.868,0.456,0.22,0.06,0.024,0.538,0.584,0.854,0.124,66.0,19.0,52.5,45.8
2025-08-20,2.5,2.441,2.853,2.923,3130.09,777.61,4.29,4.33,2.094103,2025-07,2.742618,2025-07,2.079988,-0.050152,0.7,1.991155,48.2,41.2,4.996914,821.745,40.0,-0.508845,0.1042,NORMAL,0.861,0.135,NORMAL,0.944,0.728,0.648,0.738,0.322,0.87,0.42,0.22,0.068,0.026,0.54,0.56,0.852,0.13025,66.1,18.4,52.1,45.5
2025-08-21,2.5,2.438,2.845,2.921,3141.74,777.24,4.33,4.33,2.094103,2025-07,2.742618,2025-07,2.079988,-0.050152,0.7,1.991155,48.3,40.7,4.928842,821.745,40.0,-0.508845,0.0979,NORMAL,0.862,0.1389,NORMAL,0.947,0.726,0.65,0.74,0.324,0.872,0.506,0.22,0.08,0.028,0.542,0.544,0.85,0.122375,66.2,20.8,51.5,46.2
2025-08-22,2.5,2.456,2.86,2.932,3168.73,782.51,4.26,4.33,2.094103,2025-07,2.742618,2025-07,2.079988,-0.050152,0.7,1.991155,47.6,40.4,5.629989,821.745,40.0,-0.508845,0.0881,NORMAL,0.85,0.117,NORMAL,0.938,0.724,0.652,0.742,0.326,0.874,0.34,0.266,0.088,0.008,0.544,0.606,0.848,0.110125,66.4,17.5,52.7,45.5
2025-08-25,2.5,2.434,2.852,2.915,3209.86,798.02,4.28,4.33,2.094103,2025-07,2.742618,2025-07,2.079988,-0.050152,0.7,1.991155,48.1,41.8,7.708949,821.745,40.0,-0.508845,0.0758,NORMAL,0.825,0.0813,NORMAL,0.882,0.722,0.654,0.744,0.328,0.876,0.382,0.214,0.054,0.016,0.546,0.564,0.846,0.09475,66.5,16.7,51.3,44.8
2025-08-26,2.5,2.422,2.86,2.902,3179.36,801.66,4.26,4.33,2.094103,2025-07,2.742618,2025-07,2.079988,-0.050152,0.7,1.991155,48.0,43.8,8.178748,821.745,40.0,-0.508845,0.095,NORMAL,0.816,0.0743,NORMAL,0.881,0.72,0.656,0.746,0.33,0.878,0.334,0.188,0.024,0.01,0.548,0.612,0.844,0.11875,66.6,13.9,53.1,44.5
2025-08-27,2.5,2.402,2.825,2.887,3187.16,801.72,4.24,4.33,2.094103,2025-07,2.742618,2025-07,2.079988,-0.050152,0.7,1.991155,48.5,42.3,8.172312,821.745,40.0,-0.508845,0.0887,NORMAL,0.822,0.0739,NORMAL,0.882,0.718,0.658,0.748,0.332,0.88,0.282,0.132,0.036,0.03,0.55,0.45,0.842,0.110875,66.7,12.0,48.8,42.5
2025-08-28,2.5,2.416,2.815,2.898,3196.32,798.43,4.22,4.33,2.094103,2025-07,2.742618,2025-07,2.079988,-0.050152,0.7,1.991155,48.2,39.9,7.721373,821.745,40.0,-0.508845,0.0921,NORMAL,0.83,0.092,NORMAL,0.881,0.716,0.66,0.75,0.334,0.882,0.236,0.176,0.114,0.018,0.552,0.408,0.84,0.115125,66.8,13.6,47.9,42.8
2025-08-29,2.5,2.426,2.815,2.906,3186.01,796.91,4.23,4.33,2.094103,2025-07,2.742618,2025-07,2.079988,-0.050152,0.7,1.991155,48.0,38.9,7.505022,821.745,40.0,-0.508845,0.1056,NORMAL,0.83,0.103,NORMAL,0.882,0.714,0.662,0.752,0.336,0.884,0.258,0.206,0.136,0.008,0.554,0.41,0.838,0.132,67.0,15.2,48.4,43.5
2025-09-01,2.5,2.435,2.847,2.913,3142.93,785.0,4.23,4.33,2.094103,2025-07,2.742618,2025-07,2.079988,-0.050152,0.7,1.991155,47.8,41.2,5.899729,821.745,40.0,-0.508845,0.1092,NORMAL,1.15,0.157,NORMAL,1.138,0.712,0.664,0.754,0.338,0.886,0.256,0.236,0.086,0.004,0.556,0.566,0.836,0.1365,67.1,14.5,52.4,44.7
2025-09-02,2.5,2.45,2.87,2.924,3172.35,794.0,4.28,4.33,2.094103,2025-07,2.742618,2025-07,2.079988,-0.050152,0.7,1.991155,47.4,42.0,7.1057,821.745,40.0,-0.508845,0.1014,NORMAL,1.148,0.1192,NORMAL,1.157,0.71,0.666,0.756,0.34,0.888,0.38,0.268,0.042,0.0,0.558,0.66,0.834,0.12675,67.2,17.2,54.5,46.3
2025-09-03,2.5,2.475,2.913,2.946,3184.42,796.81,4.22,4.33,1.66754,2025-08,2.742618,2025-07,1.717409,-0.412448,0.7,1.35131,47.1,43.8,7.471217,821.745,42.5,-1.14869,0.1235,NORMAL,1.2,0.1381,NORMAL,1.2,0.708,0.668,0.248,0.342,0.364,0.222,0.37,0.026,0.0,0.64,0.752,0.832,0.154375,46.6,15.4,59.5,40.5
2025-09-04,2.5,2.472,2.883,2.943,3200.83,805.42,4.17,4.33,1.66754,2025-08,2.742618,2025-07,1.717409,-0.412448,0.7,1.35131,47.1,41.1,8.613661,821.745,42.5,-1.14869,0.0621,NORMAL,1.2,0.0677,NORMAL,1.2,0.706,0.67,0.25,0.344,0.366,0.162,0.358,0.102,0.002,0.642,0.724,0.83,0.077625,46.7,15.6,56.8,39.7
2025-09-05,2.5,2.46,2.855,2.931,3205.12,811.4,4.1,4.33,1.66754,2025-08,2.742618,2025-07,1.717409,-0.412448,0.7,1.35131,47.1,39.5,9.393761,821.745,42.5,-1.14869,0.033,NORMAL,1.2,0.0286,NORMAL,1.2,0.704,0.672,0.252,0.346,0.368,0.144,0.314,0.144,0.004,0.644,0.6,0.828,0.04125,46.8,15.2,52.8,38.3
2025-09-08,2.5,2.448,2.848,2.918,3219.59,818.6,4.05,4.33,1.66754,2025-08,2.742618,2025-07,1.717409,-0.412448,0.7,1.35131,47.0,40.0,10.33255,821.745,42.5,-1.14869,0.0604,NORMAL,1.2,0.0488,NORMAL,1.191,0.702,0.674,0.254,0.348,0.37,0.116,0.26,0.124,0.0,0.646,0.572,0.826,0.0755,47.0,12.5,53.0,37.5
2025-09-09,2.5,2.425,2.818,2.898,3260.05,824.82,4.08,4.33,1.66754,2025-08,2.742618,2025-07,1.717409,-0.412448,0.7,1.35131,47.3,39.3,11.133555,821.745,42.5,-1.14869,0.0372,NORMAL,1.2,0.0372,NORMAL,1.177,0.7,0.676,0.256,0.35,0.372,0.126,0.202,0.152,0.016,0.648,0.428,0.824,0.0465,47.1,12.4,48.7,36.1
2025-09-10,2.5,2.43,2.833,2.902,3314.53,833.0,4.04,4.33,1.66754,2025-08,2.742618,2025-07,1.717409,-0.412448,0.7,1.35131,47.2,40.3,12.189169,821.745,42.5,-1.14869,0.0,NORMAL,1.135,0.0,NORMAL,1.169,0.698,0.678,0.258,0.352,0.374,0.106,0.222,0.124,0.016,0.65,0.504,0.822,0.0,47.2,11.7,49.4,36.1
2025-09-11,2.5,2.42,2.813,2.892,3344.2,834.76,4.01,4.33,1.66754,2025-08,2.742618,2025-07,1.717409,-0.412448,0.7,1.35131,47.2,39.3,12.385581,821.745,42.5,-1.14869,0.0,NORMAL,1.146,0.0,NORMAL,1.182,0.696,0.68,0.26,0.354,0.376,0.086,0.19,0.158,0.018,0.652,0.392,0.82,0.0,47.3,11.3,46.6,35.1
2025-09-12,2.5,2.431,2.813,2.901,3395.54,847.08,4.06,4.33,1.66754,2025-08,2.742618,2025-07,1.717409,-0.412448,0.7,1.35131,47.0,38.2,13.996446,821.745,42.5,-1.14869,0.0,NORMAL,1.086,0.0,NORMAL,1.135,0.694,0.682,0.262,0.356,0.378,0.114,0.234,0.186,0.0,0.654,0.394,0.818,0.0,47.4,13.4,46.7,35.8
2025-09-15,2.5,2.443,2.821,2.909,3407.31,852.69,4.05,4.33,1.66754,2025-08,2.938592,2025-08,1.717409,-0.412448,0.7,1.35131,46.6,37.8,14.694417,821.745,42.5,-1.14869,0.0,NORMAL,1.2,0.0,NORMAL,1.2,0.692,0.892,0.264,0.358,0.38,0.106,0.268,0.204,0.0,0.656,0.454,0.816,0.0,51.7,14.4,48.2,38.1
2025-09-16,2.5,2.417,2.804,2.885,3449.62,851.84,4.04,4.33,1.66754,2025-08,2.938592,2025-08,1.717409,-0.412448,0.7,1.35131,46.8,38.7,14.506099,821.745,42.5,-1.14869,0.0,NORMAL,1.2,0.0017,NORMAL,1.2,0.69,0.894,0.266,0.36,0.382,0.096,0.182,0.176,0.004,0.658,0.364,0.814,0.0,51.8,11.5,45.9,36.4
2025-09-17,2.5,2.418,2.787,2.881,3413.4,845.53,4.06,4.33,1.66754,2025-08,2.938592,2025-08,1.717409,-0.412448,0.7,1.35131,46.3,36.9,13.584455,821.745,42.5,-1.14869,0.0175,NORMAL,1.2,0.014,NORMAL,1.2,0.688,0.896,0.268,0.362,0.384,0.112,0.188,0.248,0.0,0.66,0.304,0.812,0.021875,52.0,13.7,44.9,36.9
2025-09-18,2.5,2.403,2.756,2.868,3461.3,857.11,4.11,4.08,1.66754,2025-08,2.938592,2025-08,1.717409,-0.412448,0.7,1.35131,46.5,35.3,15.047006,821.745,42.5,-1.14869,0.0,NORMAL,1.165,0.0,NORMAL,1.2,0.686,0.898,0.27,0.0,0.386,0.144,0.136,0.324,0.004,0.662,0.208,0.81,0.0,44.8,15.2,42.0,34.0
2025-09-19,2.5,2.441,2.815,2.898,3445.24,863.11,4.14,4.08,1.66754,2025-08,2.938592,2025-08,1.717409,-0.412448,0.7,1.35131,45.7,37.4,15.759977,821.745,42.5,-1.14869,0.0077,NORMAL,1.137,0.0,NORMAL,1.2,0.684,0.9,0.272,0.002,0.388,0.144,0.278,0.228,0.0,0.664,0.432,0.808,0.009625,44.9,16.2,47.8,36.3
2025-09-22,2.5,2.459,2.833,2.912,3468.65,874.36,4.15,4.09,1.66754,2025-08,2.938592,2025-08,1.717409,-0.412448,0.7,1.35131,45.3,37.4,17.163125,821.745,42.5,-1.14869,0.0,NORMAL,1.165,0.0,NORMAL,1.2,0.682,0.902,0.274,0.008,0.39,0.148,0.346,0.23,0.0,0.666,0.534,0.806,0.0,45.1,18.1,50.2,37.8
2025-09-23,2.5,2.46,2.813,2.912,3486.19,872.21,4.12,4.09,1.66754,2025-08,2.938592,2025-08,1.717409,-0.412448,0.7,1.35131,45.2,35.3,16.773138,821.745,42.5,-1.14869,0.0,NORMAL,1.2,0.0041,NORMAL,1.2,0.68,0.904,0.276,0.01,0.392,0.136,0.36,0.33,0.0,0.668,0.408,0.804,0.0,45.2,20.6,47.0,37.6
2025-09-24,2.5,2.489,2.848,2.935,3472.14,860.94,4.16,4.09,1.66754,2025-08,2.938592,2025-08,1.717409,-0.412448,0.7,1.35131,44.6,35.9,15.184154,821.745,42.5,-1.14869,0.0067,NORMAL,1.2,0.0256,NORMAL,1.2,0.678,0.906,0.278,0.012,0.394,0.152,0.468,0.304,0.0,0.67,0.618,0.802,0.008375,45.4,23.1,52.5,40.3
2025-09-25,2.5,2.528,2.885,2.969,3471.11,852.48,4.18,4.09,1.66754,2025-08,2.938592,2025-08,1.717409,-0.412448,0.7,1.35131,44.1,35.7,13.979544,821.745,42.5,-1.14869,0.0072,NORMAL,1.2,0.0417,NORMAL,1.2,0.676,0.908,0.28,0.014,0.396,0.17,0.5,0.322,0.0,0.672,0.784,0.8,0.009,45.5,24.8,56.6,42.3
2025-09-26,2.5,2.562,2.943,3.001,3386.05,835.19,4.2,4.09,1.66754,2025-08,2.938592,2025-08,1.717409,-0.412448,0.7,1.35131,43.9,38.1,11.610699,821.745,42.5,-1.14869,0.0572,NORMAL,0.964,0.0747,NORMAL,1.162,0.674,0.906,0.282,0.016,0.398,0.194,0.544,0.198,0.0,0.674,0.828,0.798,0.0715,45.5,23.4,59.3,42.7
2025-09-29,2.5,2.563,2.939,3.004,3431.21,846.71,4.15,4.09,1.66754,2025-08,2.938592,2025-08,1.717409,-0.412448,0.7,1.35131,44.1,37.6,13.090703,821.745,42.5,-1.14869,0.0263,NORMAL,1.016,0.0527,NORMAL,1.2,0.672,0.904,0.284,0.018,0.4,0.134,0.548,0.22,0.006,0.676,0.828,0.796,0.032875,45.6,22.7,58.3,42.2
2025-09-30,2.5,2.582,2.951,3.022,3424.6,841.99,4.16,4.09,1.66754,2025-08,2.938592,2025-08,1.717409,-0.412448,0.7,1.35131,44.0,36.9,12.408107,821.745,42.5,-1.14869,0.0294,NORMAL,1.013,0.0617,NORMAL,1.2,0.67,0.902,0.286,0.02,0.402,0.142,0.614,0.262,0.004,0.678,0.836,0.794,0.03675,45.6,25.6,58.6,43.3
2025-10-01,2.5,2.596,2.96,3.033,3455.83,845.34,4.12,4.09,1.66754,2025-08,2.938592,2025-08,1.717409,-0.412448,0.7,1.35131,43.7,36.4,12.808359,821.745,42.5,-1.14869,0.0145,NORMAL,1.005,0.0553,NORMAL,1.2,0.668,0.9,0.288,0.022,0.404,0.114,0.656,0.294,0.0,0.68,0.84,0.792,0.018125,45.6,26.6,58.3,43.5
2025-10-02,2.5,2.581,2.959,3.019,3549.21,854.25,4.1,4.09,1.66754,2025-08,2.938592,2025-08,1.717409,-0.412448,0.7,1.35131,43.8,37.8,13.939627,821.745,42.5,-1.14869,0.0283,NORMAL,0.898,0.0383,NORMAL,1.2,0.666,0.898,0.29,0.024,0.406,0.102,0.61,0.214,0.004,0.68,0.84,0.79,0.035375,45.7,23.2,58.6,42.5
2025-10-10,2.5,2.591,2.964,3.026,3610.6,859.49,4.05,4.1,2.10205,2025-09,2.938592,2025-08,2.086742,0.384641,0.7,2.003075,43.5,37.3,14.589438,821.745,42.5,-0.496925,0.0347,NORMAL,0.878,0.0283,NORMAL,1.2,0.664,0.896,0.832,0.044,0.964,0.056,0.642,0.248,0.0,0.682,0.848,0.788,0.043375,68.0,23.7,59.0,50.2
2025-10-13,2.5,2.554,2.904,2.995,3584.55,860.49,4.05,4.1,2.10205,2025-09,3.022572,2025-09,2.086742,0.384641,0.7,2.003075,44.1,35.0,14.67017,821.745,42.5,-0.496925,0.0558,NORMAL,0.851,0.0264,NORMAL,1.2,0.662,1.0,0.83,0.046,0.962,0.054,0.536,0.378,0.028,0.684,0.81,0.786,0.06975,70.0,24.9,58.7,51.2
2025-10-14,2.5,2.533,2.871,2.975,3561.81,847.96,4.03,4.1,2.10205,2025-09,3.022572,2025-09,2.086742,0.384641,0.7,2.003075,44.2,33.8,12.949781,821.745,42.5,-0.496925,0.07,NORMAL,0.84,0.0503,NORMAL,1.157,0.66,0.998,0.828,0.048,0.96,0.028,0.508,0.408,0.032,0.686,0.722,0.784,0.0875,69.9,24.4,57.0,50.4
2025-10-15,2.5,2.52,2.856,2.966,3657.28,864.72,4.05,4.1,2.10205,2025-09,3.022572,2025-09,2.086742,0.384641,0.7,2.003075,44.6,33.6,15.119318,887.8,42.5,-0.496925,0.065,NORMAL,0.794,0.0184,NORMAL,1.092,0.658,0.996,0.826,0.05,0.958,0.052,0.492,0.412,0.038,0.688,0.666,0.668,0.08125,69.8,24.9,52.6,49.1
2025-10-16,2.5,2.569,2.908,3.004,3748.37,865.41,3.99,4.11,2.10205,2025-09,3.022572,2025-09,2.086742,0.384641,0.7,2.003075,43.5,33.9,15.152046,887.8,42.5,-0.496925,0.0828,NORMAL,0.751,0.0171,NORMAL,1.091,0.656,0.994,0.824,0.06,0.956,0.004,0.582,0.406,0.004,0.69,0.828,0.666,0.1035,69.8,24.9,57.2,50.6
2025-10-17,2.5,2.555,2.885,2.99,3748.89,859.54,4.02,4.11,2.10205,2025-09,3.022572,2025-09,2.086742,0.384641,0.7,2.003075,43.5,33.0,14.323196,887.8,42.5,-0.496925,0.0791,NORMAL,0.76,0.0282,NORMAL,1.119,0.654,0.992,0.822,0.062,0.954,0.014,0.548,0.43,0.006,0.692,0.794,0.664,0.098875,69.7,25.0,56.2,50.3
2025-10-20,2.5,2.569,2.892,3.004,3814.69,875.77,4.0,4.11,2.10205,2025-09,3.022572,2025-09,2.086742,0.384641,0.7,2.003075,43.5,32.3,16.42146,887.8,42.5,-0.496925,0.0858,NORMAL,0.745,0.0,NORMAL,1.054,0.652,0.99,0.82,0.064,0.952,0.004,0.588,0.44,0.008,0.694,0.812,0.662,0.10725,69.6,26.0,56.9,50.8
2025-10-21,2.5,2.6,2.904,3.024,3823.84,872.5,3.98,4.11,2.10205,2025-09,3.022572,2025-09,2.086742,0.384641,0.7,2.003075,42.4,30.4,15.926952,887.8,42.5,-0.496925,0.0837,NORMAL,0.749,0.0062,NORMAL,1.049,0.65,0.988,0.818,0.066,0.95,0.0,0.716,0.448,0.0,0.696,0.828,0.66,0.104625,69.4,29.1,57.2,51.9
2025-10-22,2.5,2.572,2.869,2.999,3883.68,879.15,3.97,4.11,2.10205,2025-09,3.022572,2025-09,2.086742,0.384641,0.7,2.003075,42.7,29.7,16.743407,887.8,42.5,-0.496925,0.075,NORMAL,0.769,0.0,NORMAL,1.058,0.648,0.986,0.816,0.068,0.948,0.0,0.606,0.456,0.004,0.698,0.718,0.658,0.09375,69.3,26.6,54.2,50.0
2025-10-23,2.5,2.605,2.912,3.027,3845.56,872.03,4.01,4.11,2.10205,2025-09,3.022572,2025-09,2.086742,0.384641,0.7,2.003075,42.2,30.7,15.735371,887.8,42.5,-0.496925,0.1001,NORMAL,0.749,0.0135,NORMAL,1.071,0.646,0.984,0.814,0.07,0.946,0.02,0.74,0.448,0.0,0.7,0.848,0.66,0.125125,69.2,30.2,58.3,52.6
2025-10-24,2.5,2.591,2.913,3.013,3941.59,883.08,4.02,4.11,2.10205,2025-09,3.022572,2025-09,2.086742,0.384641,0.7,2.003075,42.2,32.2,17.133973,887.8,42.5,-0.496925,0.0947,NORMAL,0.725,0.0,NORMAL,1.049,0.644,0.982,0.812,0.072,0.944,0.032,0.672,0.444,0.0,0.702,0.854,0.662,0.118375,69.1,28.7,58.4,52.1
2025-10-27,2.5,2.62,2.959,3.036,4042.83,902.7,4.01,4.12,2.10205,2025-09,3.022572,2025-09,2.086742,0.384641,0.7,2.003075,41.6,33.9,19.649505,887.8,42.5,-0.496925,0.1096,NORMAL,0.695,0.0017,NORMAL,0.993,0.642,0.98,0.81,0.088,0.942,0.022,0.778,0.408,0.0,0.704,0.878,0.664,0.137,69.2,30.2,59.6,53.0
2025-10-28,2.5,2.633,2.935,3.047,4010.41,903.3,3.99,4.12,2.10205,2025-09,3.022572,2025-09,2.086742,0.384641,2.0,2.653075,41.4,30.2,19.641345,959.815,45.0,0.153075,0.133,NORMAL,0.676,0.0009,NORMAL,0.996,0.028,0.978,0.808,0.09,1.0,0.01,0.838,0.464,0.0,0.778,0.864,0.536,0.16625,58.1,32.8,58.6,49.8
2025-10-29,2.5,2.677,2.984,3.085,4081.15,901.59,4.08,4.12,2.10205,2025-09,3.022572,2025-09,2.086742,0.384641,2.0,2.653075,40.8,30.7,19.321063,969.63,45.0,0.153075,0.1181,NORMAL,0.679,0.0032,NORMAL,1.036,0.026,0.976,0.806,0.092,0.998,0.092,0.884,0.458,0.0,0.78,0.904,0.528,0.147625,58.0,35.9,59.0,51.0
2025-10-30,2.5,2.732,3.05,3.135,4086.89,890.86,4.11,3.87,2.10205,2025-09,3.022572,2025-09,2.086742,0.384641,2.0,2.653075,40.3,31.8,17.819349,969.63,42.5,0.153075,0.1169,NORMAL,0.681,0.023,NORMAL,1.025,0.024,0.974,0.804,0.0,0.996,0.106,0.888,0.452,0.0,0.706,0.928,0.53,0.146125,56.0,36.1,57.8,50.0
2025-10-31,2.5,2.716,3.061,3.122,4107.5,900.42,4.11,3.86,2.10205,2025-09,3.022572,2025-09,2.086742,0.384641,2.0,2.653075,40.6,34.5,18.981675,969.63,42.5,0.153075,0.0643,NORMAL,0.795,0.0053,NORMAL,1.137,0.022,0.972,0.802,0.0,0.994,0.108,0.888,0.392,0.004,0.708,0.936,0.532,0.080375,55.8,34.8,56.4,49.0
2025-11-03,2.5,2.741,3.086,3.147,4221.87,914.55,4.13,3.87,2.38033,2025-10,3.022572,2025-09,2.32328,0.293587,2.0,3.070494,40.6,34.5,20.740732,996.425,45.0,0.570494,0.0788,NORMAL,0.76,0.0,NORMAL,1.126,0.02,0.97,1.0,0.006,1.0,0.124,0.898,0.394,0.006,0.79,0.964,0.5,0.0985,59.9,35.5,58.8,51.4
2025-11-04,2.5,2.729,3.082,3.136,4121.74,926.57,4.1,3.87,2.38033,2025-10,3.022572,2025-09,2.32328,0.293587,2.0,3.070494,40.7,35.3,22.203744,996.425,45.0,0.570494,0.1637,NORMAL,0.668,0.0,NORMAL,1.131,0.018,0.968,0.998,0.008,0.998,0.1,0.892,0.37,0.012,0.792,0.96,0.502,0.204625,59.8,34.4,61.5,51.9
2025-11-05,2.5,2.767,3.125,3.169,4004.42,901.89,4.17,3.87,2.38033,2025-10,3.022572,2025-09,2.32328,0.293587,2.0,3.070494,40.2,35.8,18.839352,996.425,45.0,0.570494,0.2646,NORMAL,0.583,0.06,NORMAL,0.941,0.016,0.966,0.996,0.01,0.996,0.168,0.908,0.332,0.0,0.794,0.996,0.504,0.33075,59.7,35.2,65.6,53.5
2025-11-06,2.5,2.834,3.203,3.232,4026.45,898.17,4.11,3.87,2.38033,2025-10,3.022572,2025-09,2.32328,0.293587,2.0,3.070494,39.8,36.9,18.250896,996.425,45.0,0.570494,0.241,NORMAL,0.604,0.0663,NORMAL,0.943,0.014,0.964,0.994,0.012,0.994,0.114,0.928,0.278,0.0,0.796,1.0,0.506,0.30125,59.6,33.0,65.1,52.6
2025-11-07,2.5,2.894,3.226,3.286,3953.76,876.81,4.11,3.87,2.38033,2025-10,3.022572,2025-09,2.32328,0.293587,2.0,3.070494,39.2,33.2,15.358116,996.425,45.0,0.570494,0.2855,NORMAL,0.582,0.131,NORMAL,0.858,0.016,0.962,0.992,0.014,0.992,0.116,0.944,0.452,0.0,0.798,1.0,0.508,0.356875,59.5,37.8,66.6,54.6
2025-11-10,2.5,2.865,3.23,3.261,4073.24,888.35,4.13,3.87,2.38033,2025-10,3.022572,2025-09,2.32328,0.293587,2.0,3.070494,39.6,36.5,16.784097,1023.66,45.0,0.570494,0.2533,NORMAL,0.562,0.1156,NORMAL,0.842,0.018,0.96,0.99,0.016,0.99,0.138,0.932,0.302,0.004,0.8,1.0,0.376,0.316625,59.5,34.4,62.3,52.1
2025-11-11,2.5,2.831,3.201,3.236,4106.39,884.27,4.13,3.87,2.38033,2025-10,3.022572,2025-09,2.32328,0.293587,2.0,3.070494,40.5,37.0,16.161477,1023.66,45.0,0.570494,0.2335,NORMAL,0.571,0.1139,NORMAL,0.869,0.02,0.958,0.988,0.018,0.988,0.14,0.928,0.262,0.02,0.802,0.988,0.378,0.291875,59.4,33.8,61.5,51.6
2025-11-12,2.5,2.923,3.282,3.331,4150.39,906.51,4.08,3.87,2.38033,2025-10,3.022572,2025-09,2.32328,0.293587,2.0,3.070494,40.8,35.9,18.97208,1023.66,45.0,0.570494,0.2024,NORMAL,0.589,0.082,NORMAL,0.845,0.022,0.956,0.986,0.02,0.986,0.092,0.976,0.342,0.038,0.804,1.0,0.38,0.253,59.4,36.2,60.9,52.2
2025-11-13,2.5,2.932,3.267,3.345,4170.63,918.37,4.11,3.88,2.38033,2025-10,3.022572,2025-09,2.32328,0.293587,2.0,3.070494,41.3,33.5,20.424746,996.425,47.5,0.570494,0.1811,NORMAL,0.608,0.0644,NORMAL,0.834,0.024,0.954,0.984,0.04,0.984,0.122,0.984,0.456,0.044,0.866,0.996,0.522,0.226375,59.7,40.1,65.3,55.0
2025-11-14,2.5,2.944,3.317,3.365,4011.57,897.9,4.14,3.88,2.38033,2025-10,3.022572,2025-09,2.32328,0.293587,2.0,3.070494,42.1,37.3,17.650388,969.63,47.5,0.570494,0.3097,WARNING,0.525,0.121,NORMAL,0.783,0.026,0.952,0.982,0.042,0.982,0.158,0.996,0.248,0.056,0.868,1.0,0.566,0.387125,59.7,36.4,70.5,55.5
2025-11-17,2.5,2.914,3.301,3.342,4089.25,902.67,4.13,3.88,2.38033,2025-10,3.022572,2025-09,2.32328,0.293587,2.0,3.070494,42.8,38.7,18.176689,969.63,47.5,0.570494,0.2805,NORMAL,0.523,0.1025,NORMAL,0.808,0.028,0.95,0.98,0.044,0.98,0.15,0.964,0.178,0.076,0.87,0.996,0.568,0.350625,59.6,34.2,69.6,54.5
2025-11-18,2.5,2.872,3.268,3.309,3953.62,878.7,4.12,3.88,2.38033,2025-10,3.022572,2025-09,2.32328,0.293587,2.0,3.070494,43.7,39.6,14.951166,969.63,47.5,0.570494,0.3559,WARNING,0.481,0.1719,NORMAL,0.744,0.03,0.948,0.978,0.046,0.978,0.14,0.94,0.152,0.1,0.872,0.988,0.57,0.444875,59.6,33.3,71.9,54.9
2025-11-19,2.5,2.869,3.281,3.308,3929.51,871.32,4.13,3.88,2.38033,2025-10,3.022572,2025-09,2.32328,0.293587,2.0,3.070494,43.9,41.2,13.909457,969.63,47.5,0.570494,0.3779,WARNING,0.486,0.1981,NORMAL,0.744,0.032,0.946,0.976,0.048,0.976,0.156,0.94,0.096,0.108,0.874,0.988,0.572,0.472375,59.6,32.5,72.7,54.9
2025-11-20,2.5,2.908,3.325,3.34,4004.85,891.94,4.1,3.88,2.38033,2025-10,3.022572,2025-09,2.32328,0.293587,2.0,3.070494,43.2,41.7,16.505785,969.63,47.5,0.570494,0.3441,WARNING,0.481,0.1717,NORMAL,0.712,0.034,0.944,0.974,0.05,0.974,0.106,0.968,0.076,0.08,0.876,1.0,0.574,0.430125,59.5,30.8,72.0,54.1
2025-11-21,2.5,2.872,3.271,3.308,3853.26,863.95,4.06,3.88,2.38033,2025-10,3.022572,2025-09,2.32328,0.293587,2.0,3.070494,43.6,39.9,12.75932,969.63,50.0,0.570494,0.4321,WARNING,0.457,0.2763,NORMAL,0.663,0.036,0.942,0.972,0.052,0.972,0.082,0.946,0.148,0.1,0.944,0.98,0.576,0.540125,59.5,31.9,76.0,55.8
2025-11-24,2.5,2.904,3.289,3.338,3846.06,856.44,4.04,3.88,2.38033,2025-10,3.022572,2025-09,2.32328,0.293587,2.0,3.070494,43.4,38.5,11.681897,989.135,50.0,0.570494,0.4107,WARNING,0.476,0.2611,NORMAL,0.692,0.038,0.94,0.97,0.054,0.97,0.052,0.964,0.2,0.084,0.946,0.988,0.54,0.513375,59.4,32.5,74.7,55.5
2025-11-25,2.5,2.902,3.264,3.334,3857.78,856.03,4.01,3.88,2.38033,2025-10,3.022572,2025-09,2.32328,0.293587,2.0,3.070494,43.2,36.2,11.526937,989.135,52.5,0.570494,0.4103,WARNING,0.476,0.2696,NORMAL,0.692,0.04,0.938,0.968,0.056,0.968,0.028,0.964,0.356,0.082,0.984,0.964,0.542,0.512875,59.4,35.8,75.1,56.8
2025-11-26,2.5,2.895,3.251,3.328,3960.87,877.32,4.0,3.88,2.38033,2025-10,3.022572,2025-09,2.32328,0.293587,2.0,3.070494,43.3,35.6,14.186488,903.21,55.0,0.570494,0.5275,HIGH,0.465,0.3953,WARNING,0.654,0.042,0.936,0.966,0.058,0.966,0.018,0.964,0.404,0.088,1.0,0.96,0.644,0.659375,59.4,36.9,81.6,59.3
2025-11-27,2.5,3.013,3.351,3.446,3986.91,880.06,4.0,3.88,2.38033,2025-10,3.022572,2025-09,2.32328,0.293587,2.0,3.070494,43.3,33.8,14.429615,947.505,55.0,0.570494,0.4818,HIGH,0.464,0.3516,WARNING,0.66,0.044,0.934,0.964,0.06,0.964,0.02,1.0,0.486,0.092,0.998,1.0,0.616,0.60225,59.3,40.0,80.4,59.9
2025-11-28,2.5,2.991,3.344,3.428,3926.59,912.67,4.02,3.89,2.38033,2025-10,3.022572,2025-09,2.32328,0.293587,2.0,3.070494,43.7,35.3,18.530062,947.505,55.0,0.570494,0.5108,HIGH,0.461,0.3321,WARNING,0.606,0.046,0.932,0.962,0.084,0.962,0.052,0.996,0.428,0.122,0.996,0.996,0.618,0.6385,59.7,40.0,81.2,60.3
2025-12-01,2.5,3.045,3.387,3.481,3920.37,922.38,4.09,3.89,2.38033,2025-10,3.022572,2025-09,2.32328,0.293587,2.0,3.070494,43.6,34.2,19.642279,947.505,55.0,0.570494,0.5015,HIGH,0.486,0.2991,NORMAL,0.611,0.048,0.93,0.96,0.086,0.96,0.124,1.0,0.468,0.118,0.994,1.0,0.62,0.626875,59.7,42.8,81.0,61.2
2025-12-02,2.5,3.022,3.346,3.463,3994.93,928.42,4.09,3.89,2.38033,2025-10,3.022572,2025-09,2.32328,0.293587,2.0,3.070494,44.1,32.4,20.27113,947.505,55.0,0.570494,0.4536,HIGH,0.486,0.2696,NORMAL,0.616,0.05,0.928,0.958,0.088,0.958,0.126,0.996,0.532,0.162,0.992,0.992,0.622,0.567,59.6,45.4,79.3,61.4
2025-12-03,2.5,3.041,3.368,3.484,4036.3,932.01,4.06,3.89,2.447552,2025-11,3.022572,2025-09,2.38042,0.124272,2.0,3.171329,44.3,32.7,20.576869,947.505,55.0,0.671329,0.4728,HIGH,0.507,0.2902,NORMAL,0.651,0.052,0.926,1.0,0.09,1.0,0.104,0.996,0.528,0.172,0.99,0.996,0.624,0.591,61.4,45.0,80.0,62.1
2025-12-04,2.5,3.025,3.376,3.474,4028.51,929.83,4.11,3.89,2.447552,2025-11,3.022572,2025-09,2.38042,0.124272,2.0,3.171329,44.9,35.1,20.149964,1062.895,52.5,0.671329,0.479,HIGH,0.508,0.2974,NORMAL,0.652,0.054,0.924,0.998,0.092,0.998,0.164,0.992,0.44,0.184,0.972,0.996,0.324,0.59875,61.3,44.5,72.3,59.4
2025-12-05,2.5,2.994,3.358,3.453,4100.05,924.74,4.14,3.89,2.447552,2025-11,3.022572,2025-09,2.38042,0.124272,2.0,3.171329,45.9,36.4,19.349386,994.47,55.0,0.671329,0.4423,WARNING,0.511,0.2819,NORMAL,0.686,0.056,0.922,0.996,0.094,0.996,0.216,0.98,0.344,0.2,0.988,0.988,0.544,0.552875,61.3,43.5,76.8,60.5
2025-12-08,2.5,3.034,3.401,3.492,4154.85,927.79,4.17,3.89,2.447552,2025-11,3.022572,2025-09,2.38042,0.124272,2.0,3.171329,45.8,36.7,19.597445,994.47,55.0,0.671329,0.3792,WARNING,0.535,0.2534,NORMAL,0.693,0.058,0.92,0.994,0.096,0.994,0.258,0.992,0.32,0.2,0.986,1.0,0.546,0.474,61.2,44.2,75.2,60.2
2025-12-09,2.5,3.084,3.453,3.545,4143.55,931.35,4.18,3.89,2.447552,2025-11,3.022572,2025-09,2.38042,0.124272,2.0,3.171329,46.1,36.9,19.909841,994.47,55.0,0.671329,0.3141,WARNING,0.537,0.1777,NORMAL,0.696,0.06,0.918,0.992,0.098,0.992,0.276,1.0,0.312,0.208,0.984,1.0,0.548,0.392625,61.2,44.9,73.1,59.7
2025-12-10,2.5,3.095,3.371,3.574,4135.0,935.0,4.13,3.89,2.447552,2025-11,3.022572,2025-09,2.38042,0.124272,2.0,3.171329,47.9,27.6,20.220774,994.47,55.0,0.671329,0.2908,NORMAL,0.541,0.1373,NORMAL,0.729,0.062,0.916,0.99,0.1,0.99,0.202,1.0,0.652,0.272,0.982,0.984,0.55,0.3635,61.2,53.1,72.0,62.1
2025-12-11,2.5,3.101,3.378,3.585,4110.62,934.64,4.14,3.64,2.447552,2025-11,3.022572,2025-09,2.38042,0.124272,2.0,3.171329,48.4,27.7,20.014741,834.785,55.0,0.671329,0.2905,NORMAL,0.541,0.1237,NORMAL,0.739,0.064,0.914,0.988,0.0,0.988,0.222,1.0,0.648,0.304,0.98,0.988,0.7,0.363125,59.1,54.4,75.8,63.1
2025-12-12,2.5,3.093,3.409,3.582,4167.16,937.34,4.19,3.64,2.447552,2025-11,3.022572,2025-09,2.38042,0.124272,2.0,3.171329,48.9,31.6,20.20922,834.785,55.0,0.671329,0.2014,NORMAL,0.606,0.0859,NORMAL,0.784,0.066,0.912,0.986,0.002,0.986,0.292,0.992,0.568,0.34,0.978,0.996,0.702,0.25175,59.0,54.8,73.2,62.3
2025-12-15,2.5,3.0,3.325,3.499,4090.59,938.83,4.18,3.64,2.447552,2025-11,2.696444,2025-11,2.38042,0.124272,2.0,3.171329,49.9,32.5,20.2389,834.785,55.0,0.671329,0.2163,NORMAL,0.603,0.0683,NORMAL,0.785,0.068,0.356,0.984,0.004,0.984,0.284,0.96,0.55,0.444,0.976,0.95,0.704,0.270375,47.9,56.0,72.5,58.8
2025-12-16,2.5,2.999,3.313,3.507,3999.13,916.11,4.15,3.64,2.447552,2025-11,2.696444,2025-11,2.38042,0.124272,2.0,3.171329,50.8,31.4,17.1819,834.785,55.0,0.671329,0.2817,NORMAL,0.641,0.1576,NORMAL,0.797,0.07,0.354,0.982,0.006,0.982,0.24,0.956,0.576,0.456,0.974,0.94,0.706,0.352125,47.9,55.7,74.3,59.3
2025-12-17,2.5,2.996,3.324,3.507,4056.41,911.07,4.16,3.64,2.447552,2025-11,2.696444,2025-11,2.38042,0.124272,2.0,3.171329,51.1,32.8,16.3885,834.785,55.0,0.671329,0.2101,NORMAL,0.633,0.1108,NORMAL,0.802,0.072,0.352,0.98,0.008,0.98,0.256,0.952,0.544,0.462,0.972,0.944,0.708,0.262625,47.8,55.4,72.2,58.5
2025-12-18,2.5,2.967,3.312,3.484,3994.51,901.33,4.12,3.64,2.447552,2025-11,2.696444,2025-11,2.38042,0.124272,2.0,3.171329,51.7,34.5,14.983043,834.785,55.0,0.671329,0.2315,NORMAL,0.638,0.1158,NORMAL,0.836,0.074,0.35,0.978,0.01,0.978,0.186,0.94,0.476,0.476,0.97,0.932,0.71,0.289375,47.8,51.9,72.5,57.4
2025-12-19,2.5,3.01,3.342,3.523,4020.55,915.27,4.16,3.64,2.447552,2025-11,2.696444,2025-11,2.38042,0.124272,2.0,3.171329,51.3,33.2,16.610425,834.785,55.0,0.671329,0.1548,NORMAL,0.768,0.0537,NORMAL,0.955,0.076,0.348,0.976,0.012,0.976,0.258,0.96,0.534,0.468,0.968,0.952,0.712,0.1935,47.8,55.5,70.6,58.0
2025-12-22,2.5,2.999,3.359,3.513,4105.93,929.14,4.17,3.64,2.447552,2025-11,2.696444,2025-11,2.38042,0.124272,2.0,3.171329,51.4,36.0,18.224974,834.785,55.0,0.671329,0.1357,NORMAL,0.735,0.0282,NORMAL,0.958,0.078,0.346,0.974,0.014,0.974,0.278,0.95,0.382,0.472,0.966,0.968,0.714,0.169625,47.7,52.0,70.4,56.7
2025-12-23,2.5,2.963,3.379,3.5,4117.32,919.56,4.18,3.64,2.447552,2025-11,2.696444,2025-11,2.38042,0.124272,2.0,3.171329,53.7,41.6,16.865503,834.785,55.0,0.671329,0.1312,NORMAL,0.735,0.0527,NORMAL,0.931,0.08,0.344,0.972,0.016,0.972,0.298,0.928,0.08,0.52,0.964,0.984,0.716,0.164,47.7,45.6,70.7,54.7
2025-12-24,2.5,2.939,3.345,3.475,4108.62,915.2,4.15,3.64,2.447552,2025-11,2.696444,2025-11,2.38042,0.124272,2.0,3.171329,53.6,40.6,16.180595,834.785,55.0,0.671329,0.1087,NORMAL,0.796,0.0424,NORMAL,0.998,0.082,0.342,0.97,0.018,0.97,0.244,0.92,0.124,0.52,0.962,0.948,0.718,0.135875,47.6,45.2,69.1,54.0
2025-12-26,2.5,2.958,3.374,3.489,4129.68,919.67,4.14,3.64,2.447552,2025-11,2.696444,2025-11,2.38042,0.124272,2.0,3.171329,53.1,41.6,16.617092,834.785,55.0,0.671329,0.0997,NORMAL,0.798,0.0343,NORMAL,0.999,0.084,0.344,0.968,0.02,0.968,0.228,0.924,0.082,0.508,0.96,0.972,0.72,0.124625,47.7,43.5,69.4,53.5
2025-12-29,2.5,2.939,3.354,3.47,4220.56,932.59,4.12,3.64,2.447552,2025-11,2.696444,2025-11,2.38042,0.124272,2.0,3.171329,53.1,41.5,18.112735,834.785,55.0,0.671329,0.0658,NORMAL,0.793,0.0111,NORMAL,1.2,0.086,0.346,0.966,0.022,0.966,0.188,0.914,0.088,0.512,0.958,0.952,0.722,0.08225,47.7,42.5,67.9,52.7
2025-12-30,2.5,2.952,3.385,3.476,4214.17,925.47,4.14,3.64,2.447552,2025-11,2.696444,2025-11,2.38042,0.124272,2.0,3.171329,52.4,43.3,17.075817,834.785,55.0,0.671329,0.0682,NORMAL,0.793,0.0237,NORMAL,1.2,0.088,0.348,0.964,0.024,0.964,0.234,0.92,0.032,0.5,0.956,0.984,0.724,0.08525,47.8,42.2,68.7,52.9
2025-12-31,2.5,2.953,3.385,3.476,4214.17,925.47,4.18,3.64,2.447552,2025-11,2.696444,2025-11,2.38042,0.124272,2.0,3.171329,52.3,43.2,16.933151,834.785,55.0,0.671329,0.0682,NORMAL,0.793,0.0237,NORMAL,1.2,0.09,0.35,0.962,0.026,0.962,0.316,0.92,0.036,0.5,0.954,0.982,0.726,0.08525,47.8,44.3,68.7,53.6
2026-01-02,2.5,2.935,3.386,3.459,4309.63,945.57,4.19,3.64,2.447552,2025-11,2.696444,2025-11,2.38042,0.124272,2.0,3.171329,52.4,45.1,19.305607,834.785,55.0,0.671329,0.071,NORMAL,0.779,0.0,NORMAL,1.141,0.092,0.352,0.96,0.028,0.96,0.332,0.9,0.016,0.506,0.952,0.984,0.728,0.08875,47.8,43.9,68.8,53.5
2026-01-05,2.5,2.933,3.396,3.457,4457.52,957.5,4.17,3.64,2.314855,2025-12,2.696444,2025-11,2.267627,-0.065564,2.0,2.972283,52.4,46.3,20.64143,834.785,55.0,0.472283,0.1085,NORMAL,0.697,0.0,NORMAL,1.11,0.094,0.354,0.828,0.03,0.828,0.296,0.896,0.008,0.508,0.95,0.988,0.73,0.135625,42.7,42.7,70.1,51.8
2026-01-06,2.5,2.948,3.398,3.46,4525.48,955.97,4.18,3.64,2.314855,2025-12,2.696444,2025-11,2.267627,-0.065564,2.0,2.972283,51.2,45.0,20.281429,834.785,55.0,0.472283,0.11,NORMAL,0.694,0.0027,NORMAL,1.111,0.096,0.356,0.826,0.032,0.826,0.322,0.912,0.024,0.468,0.948,0.988,0.732,0.1375,42.7,43.1,70.1,52.0
2026-01-07,2.5,2.91,3.354,3.423,4551.06,947.39,4.15,3.64,2.314855,2025-12,2.696444,2025-11,2.267627,-0.065564,2.0,2.972283,51.3,44.4,19.039075,834.785,55.0,0.472283,0.1034,NORMAL,0.707,0.0176,NORMAL,1.096,0.098,0.358,0.824,0.034,0.824,0.258,0.876,0.032,0.472,0.946,0.93,0.734,0.12925,42.8,40.9,68.5,50.7
2026-01-08,2.5,2.902,3.341,3.418,4552.37,944.06,4.19,3.64,2.314855,2025-12,2.696444,2025-11,2.267627,-0.065564,2.0,2.972283,51.6,43.9,18.4551,834.785,55.0,0.472283,0.1009,NORMAL,0.712,0.0234,NORMAL,1.092,0.1,0.36,0.822,0.036,0.822,0.346,0.862,0.038,0.492,0.944,0.904,0.736,0.126125,42.8,43.5,67.8,51.4
2026-01-09,2.5,2.942,3.386,3.445,4586.32,947.92,4.18,3.64,2.314855,2025-12,2.696444,2025-11,2.267627,-0.065564,2.0,2.972283,50.3,44.4,18.778632,834.785,55.0,0.472283,0.0983,NORMAL,0.718,0.0167,NORMAL,1.091,0.102,0.362,0.82,0.038,0.82,0.328,0.904,0.034,0.448,0.942,0.974,0.738,0.122875,42.8,42.9,69.4,51.7
2026-01-12,2.5,2.98,3.392,3.469,4624.79,949.81,4.19,3.64,2.314855,2025-12,2.696444,2025-11,2.267627,-0.065564,2.0,2.972283,48.9,41.2,18.853649,834.785,55.0,0.472283,0.0963,NORMAL,0.722,0.0134,NORMAL,1.093,0.104,0.364,0.818,0.04,0.818,0.352,0.932,0.146,0.342,0.94,0.98,0.74,0.120375,42.9,44.3,69.5,52.2
2026-01-13,2.5,3.003,3.412,3.486,4692.64,948.98,4.18,3.64,2.314855,2025-12,2.653304,2025-12,2.267627,-0.065564,2.0,2.972283,48.3,40.9,18.594055,834.785,52.5,0.472283,0.093,NORMAL,0.729,0.0148,NORMAL,1.092,0.106,0.24,0.816,0.042,0.816,0.33,0.956,0.164,0.304,0.872,0.996,0.742,0.11625,40.4,43.9,68.2,50.8
2026-01-14,2.5,2.996,3.418,3.481,4723.1,942.18,4.15,3.64,2.314855,2025-12,2.653304,2025-12,2.267627,-0.065564,2.0,2.972283,48.5,42.2,17.605271,834.785,52.5,0.472283,0.0902,NORMAL,0.735,0.0267,NORMAL,1.08,0.108,0.242,0.814,0.044,0.814,0.26,0.938,0.076,0.316,0.87,0.996,0.744,0.11275,40.4,39.8,68.1,49.4
2026-01-15,2.5,3.09,3.493,3.565,4797.55,951.16,4.17,3.64,2.314855,2025-12,2.653304,2025-12,2.267627,-0.065564,2.0,2.972283,47.5,40.3,18.5881,834.785,52.5,0.472283,0.0623,NORMAL,0.8,0.011,NORMAL,1.062,0.11,0.244,0.812,0.046,0.812,0.306,0.988,0.194,0.264,0.868,1.0,0.746,0.077875,40.5,43.8,67.3,50.5
2026-01-16,2.5,3.08,3.488,3.56,4840.74,954.59,4.24,3.64,2.314855,2025-12,2.653304,2025-12,2.267627,-0.065564,2.0,2.972283,48.0,40.8,18.875654,834.785,52.5,0.472283,0.0096,NORMAL,0.963,0.0051,NORMAL,1.2,0.112,0.246,0.81,0.048,0.81,0.446,0.98,0.172,0.286,0.866,0.996,0.748,0.012,40.5,47.1,65.5,51.0
2026-01-19,2.5,3.13,3.565,3.599,4904.66,968.36,4.24,3.64,2.314855,2025-12,2.653304,2025-12,2.267627,-0.065564,2.0,2.972283,46.9,43.5,20.441216,834.785,52.5,0.472283,0.0087,NORMAL,0.966,0.0,NORMAL,1.2,0.114,0.248,0.808,0.05,0.808,0.448,1.0,0.056,0.228,0.864,1.0,0.75,0.010875,40.6,43.3,65.6,49.8
2026-01-20,2.5,3.191,3.653,3.653,4885.75,976.37,4.3,3.64,2.314855,2025-12,2.653304,2025-12,2.267627,-0.065564,2.0,2.972283,46.2,46.2,21.284902,834.785,52.5,0.472283,0.0064,NORMAL,1.081,0.0,NORMAL,1.2,0.116,0.25,0.806,0.052,0.806,0.58,1.0,0.014,0.212,0.862,1.0,0.752,0.008,40.6,45.1,65.5,50.4
2026-01-21,2.5,3.138,3.602,3.624,4909.93,951.29,4.26,3.64,2.314855,2025-12,2.653304,2025-12,2.267627,-0.065564,2.0,2.972283,48.6,46.4,18.032574,834.785,52.5,0.472283,0.0,NORMAL,1.075,0.0428,NORMAL,1.08,0.118,0.252,0.804,0.054,0.804,0.488,0.996,0.008,0.348,0.86,0.996,0.754,0.0,40.6,46.0,65.2,50.6
2026-01-22,2.5,3.109,3.558,3.615,4952.53,970.35,4.26,3.64,2.314855,2025-12,2.653304,2025-12,2.267627,-0.065564,2.0,2.972283,50.6,44.9,20.241034,834.785,52.5,0.472283,0.0,NORMAL,1.114,0.0103,NORMAL,1.048,0.12,0.254,0.802,0.056,0.802,0.49,0.988,0.036,0.492,0.858,0.988,0.752,0.0,40.7,50.2,65.0,52.0
2026-01-23,2.5,3.137,3.59,3.644,4990.07,993.93,4.24,3.64,2.314855,2025-12,2.653304,2025-12,2.267627,-0.065564,2.0,2.972283,50.7,45.3,22.99476,834.785,52.5,0.472283,0.0,NORMAL,1.127,0.0004,NORMAL,0.998,0.122,0.256,0.8,0.058,0.8,0.45,0.992,0.028,0.496,0.856,0.992,0.75,0.0,40.7,49.1,65.0,51.6
2026-01-26,2.5,3.096,3.544,3.611,4949.59,1064.41,4.22,3.64,2.314855,2025-12,2.653304,2025-12,2.267627,-0.065564,2.0,2.972283,51.5,44.8,31.486755,834.785,52.5,0.472283,0.0135,NORMAL,1.07,0.1349,NORMAL,0.649,0.124,0.258,0.798,0.06,0.798,0.398,0.976,0.044,0.536,0.854,0.98,0.748,0.016875,40.8,48.9,65.0,51.6
2026-01-27,2.5,3.094,3.53,3.607,5084.85,1082.59,4.24,3.64,2.314855,2025-12,2.653304,2025-12,2.267627,-0.065564,2.0,2.972283,51.3,43.6,33.496154,834.785,52.5,0.472283,0.0008,NORMAL,0.997,0.137,NORMAL,0.646,0.126,0.26,0.796,0.062,0.796,0.456,0.968,0.076,0.522,0.852,0.976,0.746,0.001,40.8,50.5,64.4,51.9
2026-01-28,2.5,3.067,3.518,3.589,5170.81,1133.52,4.26,3.64,2.314855,2025-12,2.653304,2025-12,2.267627,-0.065564,1.7,2.822283,52.2,45.1,39.495128,834.785,52.5,0.322283,0.0,NORMAL,1.019,0.1739,NORMAL,0.59,0.256,0.262,0.794,0.064,0.76,0.504,0.948,0.036,0.56,0.85,0.972,0.744,0.0,42.7,51.2,64.1,52.7
2026-01-29,2.5,3.106,3.557,3.626,5221.25,1164.41,4.24,3.64,2.314855,2025-12,2.653304,2025-12,2.267627,-0.065564,1.7,2.822283,52.0,45.1,42.989149,834.785,52.5,0.322283,0.0,NORMAL,1.058,0.1721,NORMAL,0.592,0.258,0.264,0.792,0.066,0.758,0.458,0.98,0.034,0.552,0.848,0.98,0.742,0.0,42.8,50.6,64.2,52.5
2026-01-30,2.5,3.138,3.607,3.658,5224.36,1149.44,4.26,3.64,2.314855,2025-12,2.653304,2025-12,2.267627,-0.065564,1.7,2.822283,52.0,46.9,40.857912,834.785,52.5,0.322283,0.0,NORMAL,1.074,0.2049,NORMAL,0.577,0.26,0.266,0.79,0.068,0.756,0.51,0.994,0.008,0.554,0.846,0.996,0.74,0.0,42.8,51.6,64.5,53.0
2026-02-02,2.5,3.152,3.603,3.668,4949.67,1098.36,4.29,3.64,2.314855,2025-12,2.653304,2025-12,2.267627,-0.065564,1.7,2.822283,51.6,45.1,34.357245,834.785,52.5,0.322283,0.223,NORMAL,0.649,0.3445,WARNING,0.498,0.262,0.268,0.788,0.07,0.754,0.584,0.996,0.04,0.546,0.844,0.992,0.738,0.27875,42.8,54.1,71.3,56.1
2026-02-03,2.5,3.189,3.661,3.708,5288.08,1144.33,4.28,3.64,2.005013,2026-01,2.653304,2025-12,2.004261,-0.262614,1.7,2.357519,51.9,47.2,39.693243,834.785,52.5,-0.142481,0.25,NORMAL,0.495,0.2787,NORMAL,0.478,0.264,0.27,0.18,0.072,0.728,0.556,0.996,0.008,0.556,0.842,1.0,0.736,0.3125,30.3,52.9,72.3,51.8
2026-02-04,2.5,3.212,3.712,3.731,5371.1,1149.43,4.29,3.64,2.005013,2026-01,2.653304,2025-12,2.004261,-0.262614,1.7,2.357519,51.9,50.0,40.028174,834.785,52.5,-0.142481,0.25,NORMAL,0.493,0.2714,NORMAL,0.484,0.266,0.272,0.178,0.074,0.726,0.59,1.0,0.0,0.556,0.84,1.0,0.734,0.3125,30.3,53.6,72.2,52.0
2026-02-05,2.5,3.204,3.687,3.724,5163.57,1108.41,4.21,3.64,2.005013,2026-01,2.653304,2025-12,2.004261,-0.262614,1.7,2.357519,52.0,48.3,34.781296,834.785,52.5,-0.142481,0.3144,WARNING,0.441,0.3302,WARNING,0.45,0.268,0.274,0.176,0.076,0.724,0.384,0.996,0.004,0.568,0.838,0.996,0.732,0.393,30.4,48.8,74.0,51.1
2026-02-06,2.5,3.233,3.71,3.755,5089.14,1080.77,4.22,3.64,2.005013,2026-01,2.653304,2025-12,2.004261,-0.262614,1.7,2.357519,52.2,47.7,31.179779,834.785,52.5,-0.142481,0.3375,WARNING,0.434,0.3697,WARNING,0.434,0.27,0.276,0.174,0.078,0.722,0.404,1.0,0.016,0.586,0.836,0.996,0.73,0.421875,30.4,50.2,74.6,51.7
2026-02-09,2.5,3.267,3.754,3.787,5298.04,1127.55,4.22,3.64,2.005013,2026-01,2.653304,2025-12,2.004261,-0.262614,1.7,2.357519,52.0,48.7,36.587444,994.47,52.5,-0.142481,0.2727,NORMAL,0.412,0.3028,WARNING,0.418,0.272,0.278,0.176,0.08,0.72,0.406,1.0,0.004,0.57,0.834,1.0,0.524,0.340875,30.5,49.5,67.5,49.2
2026-02-10,2.5,3.224,3.681,3.759,5301.69,1115.2,4.16,3.64,2.005013,2026-01,2.653304,2025-12,2.004261,-0.262614,1.7,2.357519,53.5,45.7,34.840373,994.47,50.0,-0.142481,0.2715,NORMAL,0.413,0.3204,WARNING,0.414,0.274,0.28,0.178,0.082,0.718,0.284,0.992,0.048,0.642,0.784,0.984,0.522,0.339375,30.6,49.1,65.7,48.5
2026-02-11,2.5,3.2,3.639,3.746,5354.49,1114.87,4.18,3.64,2.005013,2026-01,2.653304,2025-12,2.004261,-0.262614,1.7,2.357519,54.6,43.9,34.556723,994.47,50.0,-0.142481,0.2552,NORMAL,0.413,0.3209,WARNING,0.416,0.276,0.282,0.18,0.084,0.716,0.344,0.98,0.108,0.664,0.782,0.972,0.52,0.319,30.8,52.4,64.8,49.3
2026-02-12,2.5,3.154,3.618,3.716,5522.27,1125.99,4.09,3.64,2.005013,2026-01,2.653304,2025-12,2.004261,-0.262614,1.7,2.357519,56.2,46.4,35.647953,994.47,50.0,-0.142481,0.25,NORMAL,0.405,0.305,WARNING,0.416,0.278,0.284,0.182,0.086,0.714,0.132,0.968,0.034,0.688,0.78,0.968,0.518,0.3125,30.9,45.6,64.5,47.0
2026-02-13,2.5,3.142,3.571,3.705,5507.01,1106.08,4.04,3.64,2.005013,2026-01,2.391201,2026-01,2.004261,-0.262614,1.7,2.357519,56.3,42.9,33.020937,994.47,50.0,-0.142481,0.2546,NORMAL,0.404,0.3335,WARNING,0.409,0.28,0.24,0.184,0.088,0.712,0.07,0.96,0.14,0.694,0.778,0.948,0.516,0.31825,30.1,46.6,64.0,46.9
2026-02-19,2.5,3.178,3.588,3.735,5677.25,1160.71,4.08,3.64,2.005013,2026-01,2.391201,2026-01,2.004261,-0.262614,1.7,2.357519,55.7,41.0,39.315401,994.47,50.0,-0.142481,0.25,NORMAL,0.396,0.2553,NORMAL,0.391,0.282,0.242,0.186,0.09,0.71,0.126,0.968,0.248,0.68,0.776,0.948,0.514,0.3125,30.2,50.6,63.8,48.2
2026-02-20,2.5,3.143,3.54,3.718,5808.53,1154.0,4.08,3.64,2.005013,2026-01,2.391201,2026-01,2.004261,-0.262614,1.7,2.357519,57.5,39.7,38.238697,994.47,50.0,-0.142481,0.25,NORMAL,0.395,0.2649,NORMAL,0.389,0.284,0.244,0.188,0.092,0.708,0.128,0.956,0.316,0.804,0.774,0.924,0.512,0.3125,30.3,55.1,63.1,49.5
2026-02-23,2.5,3.154,3.578,3.725,5846.09,1151.99,4.03,3.64,2.005013,2026-01,2.391201,2026-01,2.004261,-0.262614,1.7,2.357519,57.1,42.4,37.732144,994.47,50.0,-0.142481,0.25,NORMAL,0.396,0.2678,NORMAL,0.402,0.286,0.246,0.19,0.094,0.706,0.062,0.962,0.152,0.778,0.772,0.944,0.51,0.3125,30.4,48.9,63.5,47.6
2026-02-24,2.5,3.158,3.593,3.73,5969.64,1165.0,4.04,3.64,2.005013,2026-01,2.391201,2026-01,2.004261,-0.262614,1.7,2.357519,57.2,43.5,39.015919,920.59,52.5,-0.142481,0.25,NORMAL,0.394,0.25,NORMAL,0.403,0.288,0.248,0.192,0.096,0.704,0.076,0.964,0.13,0.788,0.832,0.952,0.6,0.3125,30.6,48.9,67.4,49.0
2026-02-25,2.5,3.124,3.556,3.705,6083.86,1165.25,4.05,3.64,2.005013,2026-01,2.391201,2026-01,2.004261,-0.262614,1.7,2.357519,58.1,43.2,38.782922,920.59,52.5,-0.142481,0.25,NORMAL,0.393,0.25,NORMAL,0.405,0.29,0.25,0.194,0.098,0.702,0.098,0.924,0.142,0.884,0.83,0.92,0.598,0.3125,30.7,51.2,66.5,49.5
2026-02-26,2.5,3.062,3.47,3.653,6307.27,1188.15,4.02,3.64,2.005013,2026-01,2.391201,2026-01,2.004261,-0.262614,1.7,2.357519,59.1,40.8,41.231454,920.59,52.5,-0.142481,0.25,NORMAL,0.389,0.25,NORMAL,0.457,0.292,0.252,0.196,0.1,0.7,0.054,0.876,0.268,0.972,0.828,0.892,0.596,0.3125,30.8,54.2,65.7,50.2
2026-02-27,2.5,3.041,3.446,3.637,6244.13,1192.78,3.97,3.64,2.005013,2026-01,2.391201,2026-01,2.004261,-0.262614,1.7,2.357519,59.6,40.5,41.502925,920.59,52.5,-0.142481,0.2667,NORMAL,0.386,0.25,NORMAL,0.46,0.294,0.254,0.198,0.102,0.698,0.002,0.866,0.284,0.996,0.826,0.884,0.594,0.333375,30.9,53.7,65.9,50.2
2026-03-03,2.5,3.18,3.594,3.769,5791.91,1137.7,4.06,3.64,1.998622,2026-02,2.391201,2026-01,1.998828,-0.005639,1.7,2.347932,58.9,41.4,34.732432,859.155,50.0,-0.152068,0.3862,WARNING,0.317,0.327,WARNING,0.45,0.296,0.256,0.168,0.104,0.664,0.13,0.968,0.23,0.942,0.754,0.952,0.648,0.48275,29.8,56.8,70.9,52.5
2026-03-04,2.5,3.223,3.632,3.8,5093.54,978.44,4.09,3.64,1.998622,2026-02,2.391201,2026-01,1.998828,-0.005639,1.7,2.347932,57.7,40.9,15.760273,859.155,50.0,-0.152068,0.5,HIGH,0.3,0.5889,HIGH,0.3,0.298,0.258,0.17,0.106,0.662,0.17,0.988,0.268,0.836,0.752,0.968,0.646,0.625,29.9,56.5,74.8,53.7
2026-03-05,2.5,3.189,3.589,3.777,5583.9,1116.41,4.13,3.64,1.998622,2026-02,2.391201,2026-01,1.998828,-0.005639,1.7,2.347932,58.8,40.0,31.869546,859.155,50.0,-0.152068,0.4411,WARNING,0.3,0.3567,WARNING,0.3,0.3,0.26,0.172,0.108,0.66,0.256,0.966,0.318,0.936,0.75,0.936,0.644,0.551375,30.0,61.9,72.0,54.6
2026-03-06,2.5,3.227,3.616,3.815,5584.87,1154.67,4.15,3.64,1.998622,2026-02,2.391201,2026-01,1.998828,-0.005639,1.7,2.347932,58.8,38.9,36.140989,920.59,47.5,-0.152068,0.4409,WARNING,0.3,0.3033,WARNING,0.3,0.302,0.262,0.174,0.11,0.658,0.31,0.992,0.376,0.934,0.712,0.96,0.58,0.551125,30.1,65.3,70.1,55.2
2026-03-09,2.5,3.42,3.739,3.997,5251.87,1102.28,4.12,3.64,1.998622,2026-02,2.391201,2026-01,1.998828,-0.005639,1.7,2.347932,57.7,31.9,29.761478,1035.515,45.0,-0.152068,0.5,HIGH,0.3,0.3765,WARNING,0.3,0.304,0.264,0.176,0.112,0.656,0.234,1.0,0.776,0.838,0.676,0.996,0.316,0.625,30.2,71.2,65.3,55.6
2026-03-10,2.5,3.283,3.629,3.874,5532.59,1137.68,4.15,3.64,1.998622,2026-02,2.391201,2026-01,1.998828,-0.005639,1.7,2.347932,59.1,34.6,33.697858,1035.515,47.5,-0.152068,0.4547,HIGH,0.3,0.327,WARNING,0.3,0.306,0.266,0.178,0.114,0.654,0.316,0.996,0.668,0.966,0.71,0.96,0.318,0.568375,30.4,73.6,63.9,56.0
2026-03-11,2.5,3.253,3.608,3.845,5609.95,1136.83,4.21,3.64,1.998622,2026-02,2.391201,2026-01,1.998828,-0.005639,1.7,2.347932,59.2,35.5,33.351698,1035.515,47.5,-0.152068,0.4343,WARNING,0.3,0.3282,WARNING,0.3,0.308,0.268,0.18,0.116,0.652,0.454,0.988,0.618,0.972,0.708,0.948,0.32,0.542875,30.5,75.8,63.0,56.4
2026-03-12,2.5,3.271,3.649,3.866,5583.25,1148.4,4.27,3.64,1.998622,2026-02,2.391201,2026-01,1.998828,-0.005639,1.7,2.347932,59.5,37.8,34.449912,1116.57,47.5,-0.152068,0.4413,WARNING,0.3,0.312,WARNING,0.3,0.31,0.27,0.182,0.118,0.65,0.616,0.992,0.432,0.988,0.706,0.968,0.192,0.551625,30.6,75.7,60.4,55.6
2026-03-13,2.5,3.338,3.701,3.919,5487.24,1152.96,4.28,3.64,1.998622,2026-02,2.434004,2026-02,1.998828,-0.005639,1.7,2.347932,58.1,36.3,34.727613,1116.57,47.5,-0.152068,0.4667,HIGH,0.3,0.3056,WARNING,0.3,0.312,0.304,0.184,0.12,0.648,0.634,0.996,0.558,0.884,0.704,0.984,0.194,0.583375,31.4,76.8,61.6,56.6
2026-03-16,2.5,3.3,3.68,3.887,5549.85,1138.29,4.23,3.64,1.998622,2026-02,2.434004,2026-02,1.998828,-0.005639,1.7,2.347932,58.7,38.0,32.763056,1116.57,47.5,-0.152068,0.4501,HIGH,0.3,0.3261,WARNING,0.3,0.314,0.306,0.186,0.122,0.646,0.508,0.992,0.428,0.922,0.702,0.972,0.196,0.562625,31.5,71.2,60.8,54.5
2026-03-17,2.5,3.324,3.692,3.906,5640.48,1136.94,4.2,3.64,1.998622,2026-02,2.434004,2026-02,1.998828,-0.005639,1.7,2.347932,58.2,36.8,32.352906,1116.57,47.5,-0.152068,0.4262,WARNING,0.3,0.328,WARNING,0.3,0.316,0.308,0.188,0.124,0.644,0.448,0.992,0.52,0.894,0.7,0.98,0.198,0.53275,31.6,71.4,60.3,54.4
2026-03-18,2.5,3.261,3.606,3.855,5925.03,1164.38,4.26,3.64,1.998622,2026-02,2.434004,2026-02,1.998828,-0.005639,1.7,2.347932,59.4,34.5,35.270996,1116.57,47.5,-0.152068,0.351,WARNING,0.3,0.2897,NORMAL,0.3,0.318,0.31,0.19,0.126,0.642,0.592,0.972,0.698,0.984,0.698,0.924,0.2,0.43875,31.7,81.2,56.5,56.5
2026-03-19,2.5,3.329,3.693,3.915,5763.22,1143.48,4.25,3.64,1.998622,2026-02,2.434004,2026-02,1.998828,-0.005639,1.7,2.347932,58.6,36.4,32.582968,1116.57,47.5,-0.152068,0.3938,WARNING,0.3,0.3189,WARNING,0.3,0.32,0.312,0.192,0.128,0.64,0.564,0.992,0.558,0.91,0.696,0.98,0.202,0.49225,31.8,75.6,59.3,55.6
2026-03-20,2.5,3.41,3.736,3.991,5781.2,1161.52,4.39,3.64,1.998622,2026-02,2.434004,2026-02,1.998828,-0.005639,1.7,2.347932,58.1,32.6,34.405342,1116.57,47.5,-0.152068,0.389,WARNING,0.3,0.2937,NORMAL,0.3,0.322,0.314,0.194,0.13,0.638,0.842,0.996,0.788,0.87,0.694,0.992,0.204,0.48625,32.0,87.4,59.4,59.6
2026-03-23,2.5,3.617,3.879,4.197,5405.75,1096.89,4.34,3.64,1.998622,2026-02,2.434004,2026-02,1.998828,-0.005639,1.7,2.347932,58.0,26.2,26.707283,1116.57,47.5,-0.152068,0.4882,HIGH,0.3,0.384,WARNING,0.3,0.324,0.316,0.196,0.132,0.636,0.748,1.0,0.916,0.854,0.692,1.0,0.206,0.61025,32.1,87.9,62.7,60.9
2026-03-24,2.5,3.523,3.835,4.121,5553.92,1121.44,4.39,3.64,1.998622,2026-02,2.434004,2026-02,1.998828,-0.005639,1.7,2.347932,59.8,31.2,29.311838,1116.57,47.5,-0.152068,0.4491,WARNING,0.3,0.3497,WARNING,0.3,0.326,0.318,0.198,0.134,0.634,0.84,0.996,0.828,0.996,0.69,0.996,0.208,0.561375,32.2,91.5,61.4,61.7
2026-03-25,2.5,3.558,3.859,4.158,5642.21,1159.55,4.33,3.64,1.998622,2026-02,2.434004,2026-02,1.998828,-0.005639,1.7,2.347932,60.0,30.1,33.450174,1116.57,47.5,-0.152068,0.4257,WARNING,0.3,0.2964,NORMAL,0.3,0.328,0.32,0.2,0.136,0.632,0.72,0.996,0.852,0.996,0.688,0.996,0.21,0.532125,32.3,89.1,60.7,60.7
2026-03-26,2.5,3.552,3.865,4.156,5460.46,1136.64,4.42,3.64,1.998622,2026-02,2.434004,2026-02,1.998828,-0.005639,1.7,2.347932,60.4,31.3,30.578412,1116.57,47.5,-0.152068,0.4738,HIGH,0.3,0.3284,WARNING,0.3,0.33,0.322,0.202,0.138,0.63,0.89,0.992,0.828,1.0,0.686,0.996,0.212,0.59225,32.4,92.8,62.2,62.5
2026-03-27,2.5,3.582,3.915,4.182,5438.87,1141.51,4.44,3.64,1.998622,2026-02,2.434004,2026-02,1.998828,-0.005639,1.7,2.347932,60.0,33.3,30.895384,1116.57,47.5,-0.152068,0.4795,HIGH,0.3,0.3216,WARNING,0.3,0.332,0.324,0.204,0.14,0.628,0.922,0.996,0.76,0.99,0.684,1.0,0.214,0.599375,32.6,91.7,62.4,62.2
2026-03-30,2.5,3.542,3.891,4.157,5277.3,1107.05,4.35,3.64,1.998622,2026-02,2.434004,2026-02,1.998828,-0.005639,1.7,2.347932,61.5,34.9,26.721927,1116.57,47.5,-0.152068,0.5834,HIGH,0.3,0.4532,HIGH,0.3,0.334,0.326,0.206,0.142,0.626,0.764,0.984,0.684,1.0,0.682,0.996,0.216,0.72925,32.7,85.8,65.6,61.4
2026-03-31,2.5,3.552,3.879,4.166,5052.46,1052.39,4.3,3.64,1.998622,2026-02,2.434004,2026-02,1.998828,-0.005639,1.7,2.347932,61.4,32.7,20.281715,1116.57,47.5,-0.152068,0.6983,SEVERE,0.3,0.607,SEVERE,0.3,0.336,0.328,0.208,0.144,0.624,0.684,0.986,0.794,0.996,0.68,0.99,0.218,0.872875,32.8,86.5,69.0,62.8
2026-04-01,2.5,3.37,3.689,4.011,5478.7,1116.18,4.33,3.64,1.998622,2026-02,2.434004,2026-02,1.998828,-0.005639,1.7,2.347932,64.1,31.9,27.342002,1116.57,47.5,-0.152068,0.6189,SEVERE,0.3,0.507,HIGH,0.3,0.338,0.33,0.21,0.146,0.622,0.706,0.964,0.826,1.0,0.678,0.94,0.22,0.773625,32.9,87.4,65.3,61.9
2026-04-02,2.5,3.477,3.804,4.114,5234.05,1056.34,4.31,3.64,1.998622,2026-02,2.434004,2026-02,1.998828,-0.005639,1.7,2.347932,63.7,32.7,20.325531,1116.57,47.5,-0.152068,0.6823,SEVERE,0.3,0.6567,SEVERE,0.373,0.34,0.332,0.212,0.148,0.62,0.694,0.972,0.796,0.996,0.676,0.972,0.222,0.852875,33.0,86.5,68.1,62.5
2026-04-03,2.5,3.448,3.747,4.093,5377.3,1063.75,4.35,3.64,2.158397,2026-03,2.434004,2026-02,2.134638,0.159569,1.7,2.587596,64.5,29.9,20.978168,1116.57,47.5,0.087596,0.6457,SEVERE,0.3,0.6333,SEVERE,0.386,0.342,0.334,0.656,0.15,0.728,0.762,0.968,0.88,1.0,0.674,0.964,0.224,0.807125,44.2,90.2,66.7,67.0
2026-04-06,2.5,3.432,3.725,4.081,5450.33,1047.37,4.34,3.64,2.158397,2026-03,2.434004,2026-02,2.134638,0.159569,1.7,2.587596,64.9,29.3,18.931417,1116.57,47.5,0.087596,0.6264,SEVERE,0.3,0.6972,SEVERE,0.404,0.344,0.336,0.654,0.152,0.726,0.732,0.964,0.898,1.0,0.672,0.952,0.226,0.783,44.2,89.8,65.8,66.6
2026-04-07,2.5,3.451,3.754,4.107,5494.78,1036.73,4.33,3.64,2.158397,2026-03,2.434004,2026-02,2.134638,0.159569,1.7,2.587596,65.6,30.3,17.540115,1116.57,47.5,0.087596,0.6147,SEVERE,0.304,0.7398,SEVERE,0.418,0.346,0.338,0.652,0.154,0.724,0.708,0.968,0.872,1.0,0.67,0.966,0.228,0.768375,44.3,88.7,65.8,66.3
2026-04-08,2.5,3.315,3.628,3.973,5872.34,1089.85,4.29,3.64,2.158397,2026-03,2.434004,2026-02,2.134638,0.159569,1.7,2.587596,65.8,31.3,23.329409,1116.57,47.5,0.087596,0.5149,HIGH,0.3,0.5493,HIGH,0.387,0.348,0.34,0.65,0.156,0.722,0.65,0.932,0.85,1.0,0.668,0.884,0.23,0.643625,44.3,85.8,60.6,63.6
2026-04-09,2.5,3.338,3.66,3.999,5778.01,1076.0,4.29,3.64,2.158397,2026-03,2.434004,2026-02,2.134638,0.159569,1.7,2.587596,66.1,32.2,21.55054,1116.57,47.5,0.087596,0.5057,HIGH,0.3,0.571,HIGH,0.387,0.35,0.342,0.648,0.158,0.72,0.648,0.942,0.824,1.0,0.666,0.904,0.232,0.632125,44.4,85.4,60.9,63.6
2026-04-10,2.5,3.36,3.686,4.018,5858.87,1093.63,4.31,3.64,2.158397,2026-03,2.434004,2026-02,2.134638,0.159569,1.7,2.587596,65.8,32.6,23.314341,1116.57,47.5,0.087596,0.4601,HIGH,0.3,0.4873,HIGH,0.385,0.352,0.344,0.646,0.16,0.718,0.69,0.944,0.806,0.994,0.664,0.916,0.234,0.575125,44.4,85.9,59.7,63.3
2026-04-13,2.5,3.382,3.715,4.043,5808.62,1099.84,4.3,3.64,2.158397,2026-03,3.285958,2026-03,2.134638,0.159569,1.7,2.587596,66.1,33.3,23.782116,1116.57,50.0,0.087596,0.4361,WARNING,0.3,0.4342,WARNING,0.386,0.354,1.0,0.644,0.162,0.716,0.674,0.948,0.768,0.998,0.748,0.944,0.236,0.545125,57.5,84.7,61.8,68.0
2026-04-14,2.5,3.339,3.658,4.005,5967.75,1121.88,4.26,3.64,2.158397,2026-03,3.285958,2026-03,2.134638,0.159569,1.7,2.587596,66.6,31.9,26.016133,1116.57,50.0,0.087596,0.3613,WARNING,0.3,0.3706,WARNING,0.382,0.356,0.998,0.642,0.164,0.714,0.566,0.936,0.844,1.0,0.746,0.892,0.238,0.451625,57.5,83.7,58.2,66.5
2026-04-15,2.5,3.328,3.655,3.995,6091.39,1152.43,4.29,3.64,2.158397,2026-03,3.285958,2026-03,2.134638,0.159569,1.7,2.587596,66.7,32.7,29.156879,1116.57,50.0,0.087596,0.307,WARNING,0.3,0.3064,WARNING,0.38,0.358,0.996,0.64,0.166,0.712,0.638,0.92,0.802,1.0,0.744,0.888,0.24,0.38375,57.4,84.0,56.4,65.9
2026-04-16,2.5,3.34,3.675,4.005,6226.05,1162.97,4.32,3.64,2.158397,2026-03,3.285958,2026-03,2.134638,0.159569,1.7,2.587596,66.5,33.5,30.044009,1116.57,50.0,0.087596,0.2715,NORMAL,0.3,0.2917,NORMAL,0.383,0.36,0.994,0.638,0.168,0.71,0.694,0.936,0.758,0.992,0.742,0.9,0.242,0.339375,57.4,84.5,55.6,65.8
2026-04-17,2.5,3.371,3.717,4.037,6191.92,1170.04,4.26,3.64,2.158397,2026-03,3.285958,2026-03,2.134638,0.159569,1.7,2.587596,66.6,34.6,30.52711,1132.16,50.0,0.087596,0.2805,NORMAL,0.3,0.2818,NORMAL,0.385,0.362,0.992,0.636,0.17,0.708,0.558,0.944,0.698,0.994,0.74,0.944,0.04,0.350625,57.4,79.8,51.9,63.0
2026-04-20,2.5,3.348,3.688,4.016,6219.09,1174.85,4.26,3.64,2.158397,2026-03,3.285958,2026-03,2.134638,0.159569,1.7,2.587596,66.8,34.0,30.775971,1132.16,50.0,0.087596,0.2747,NORMAL,0.326,0.2764,NORMAL,0.424,0.364,0.99,0.634,0.172,0.706,0.56,0.932,0.736,1.0,0.738,0.912,0.042,0.343375,57.3,80.7,50.9,63.0
2026-04-21,2.5,3.33,3.655,3.994,6388.47,1179.03,4.3,3.64,2.158397,2026-03,3.285958,2026-03,2.134638,0.159569,1.7,2.587596,66.4,32.5,30.959366,1132.16,50.0,0.087596,0.251,NORMAL,0.326,0.2702,NORMAL,0.429,0.366,0.988,0.632,0.174,0.704,0.676,0.912,0.84,0.98,0.736,0.874,0.044,0.31375,57.3,85.2,49.2,63.9
2026-04-22,2.5,3.365,3.697,4.028,6417.93,1181.12,4.3,3.64,2.158397,2026-03,3.285958,2026-03,2.134638,0.159569,1.7,2.587596,66.3,33.2,30.916886,1132.16,50.0,0.087596,0.25,NORMAL,0.327,0.2663,NORMAL,0.443,0.368,0.986,0.63,0.176,0.702,0.678,0.936,0.794,0.976,0.734,0.924,0.046,0.3125,57.2,84.6,50.4,64.1
2026-04-23,2.5,3.458,3.791,4.107,6475.81,1174.31,4.34,3.64,2.158397,2026-03,3.285958,2026-03,2.134638,0.159569,1.7,2.587596,64.9,33.3,29.895761,1156.35,50.0,0.087596,0.25,NORMAL,0.341,0.2758,NORMAL,0.449,0.37,0.984,0.628,0.178,0.7,0.748,0.968,0.782,0.948,0.732,0.968,0.0,0.3125,57.2,86.1,50.3,64.5
2026-04-24,2.5,3.496,3.817,4.145,6475.63,1203.84,4.31,3.64,2.158397,2026-03,3.285958,2026-03,2.134638,0.159569,1.7,2.587596,64.9,32.1,32.86549,1156.35,50.0,0.087596,0.25,NORMAL,0.342,0.25,NORMAL,0.441,0.372,0.982,0.626,0.18,0.698,0.7,0.972,0.868,0.944,0.73,0.972,0.002,0.3125,57.2,87.1,50.4,64.9
2026-04-27,2.5,3.492,3.82,4.147,6615.03,1226.18,4.35,3.64,2.158397,2026-03,3.285958,2026-03,2.134638,0.159569,1.7,2.587596,65.5,32.8,35.024464,1156.35,50.0,0.087596,0.25,NORMAL,0.356,0.25,NORMAL,0.457,0.374,0.98,0.624,0.182,0.696,0.78,0.968,0.814,0.952,0.728,0.972,0.004,0.3125,57.1,87.9,50.4,65.1
2026-04-28,2.5,3.529,3.861,4.182,6641.02,1215.58,4.36,3.64,2.158397,2026-03,3.285958,2026-03,2.134638,0.159569,3.7,3.587596,65.3,33.2,33.564345,1156.35,50.0,1.087596,0.25,NORMAL,0.394,0.2501,NORMAL,0.515,0.0,0.978,0.622,0.184,1.0,0.794,0.976,0.792,0.948,0.726,0.98,0.006,0.3125,55.7,87.8,50.6,64.7
2026-04-29,2.5,3.525,3.843,4.185,6690.9,1220.26,4.42,3.64,2.158397,2026-03,3.285958,2026-03,2.134638,0.159569,3.7,3.587596,66.0,31.8,33.78175,1156.35,50.0,1.087596,0.25,NORMAL,0.487,0.1779,NORMAL,0.595,0.002,0.976,0.62,0.186,0.998,0.888,0.972,0.892,0.964,0.724,0.972,0.008,0.3125,55.6,92.9,50.4,66.3
2026-04-30,2.5,3.595,3.923,4.248,6598.87,1192.35,4.4,3.64,2.158397,2026-03,3.285958,2026-03,2.134638,0.159569,3.7,3.587596,65.3,32.8,30.449435,1156.35,50.0,1.087596,0.2068,NORMAL,0.576,0.1369,NORMAL,0.733,0.004,0.974,0.618,0.188,0.996,0.854,0.996,0.82,0.94,0.722,1.0,0.01,0.2585,55.6,90.2,49.8,65.2
2026-05-04,2.5,3.615,3.932,4.268,6936.99,1213.74,4.45,3.64,2.56917,2026-04,3.285958,2026-03,2.483794,0.434532,3.7,4.203755,65.3,31.7,32.506832,1156.35,50.0,1.703755,0.2226,NORMAL,0.529,0.1118,NORMAL,0.725,0.006,0.972,1.0,0.19,1.0,0.932,0.996,0.904,0.936,0.72,1.0,0.012,0.27825,63.4,94.2,50.3,69.3
2026-05-06,2.5,3.595,3.932,4.249,7384.56,1210.17,4.36,3.64,2.56917,2026-04,3.285958,2026-03,2.483794,0.434532,3.7,4.203755,65.4,33.7,31.838384,1156.35,50.0,1.703755,0.25,NORMAL,0.463,0.1038,NORMAL,0.753,0.008,0.97,0.998,0.192,0.998,0.792,0.99,0.76,0.944,0.718,0.998,0.014,0.3125,63.3,87.1,51.1,67.2
2026-05-07,2.5,3.546,3.888,4.199,7490.05,1199.18,4.41,3.63,2.56917,2026-04,3.285958,2026-03,2.483794,0.434532,3.7,4.203755,65.3,34.2,30.37438,1156.35,50.0,1.703755,0.25,NORMAL,0.464,0.1174,NORMAL,0.756,0.01,0.968,0.996,0.0,0.996,0.87,0.968,0.726,0.934,0.716,0.98,0.016,0.3125,59.4,87.5,50.6,65.8
2026-05-08,2.5,3.569,3.909,4.218,7498.0,1207.72,4.38,3.63,2.56917,2026-04,3.285958,2026-03,2.483794,0.434532,3.7,4.203755,64.9,34.0,31.024607,1156.35,50.0,1.703755,0.2127,NORMAL,0.54,0.0376,NORMAL,0.952,0.012,0.966,0.994,0.002,0.994,0.818,0.98,0.744,0.918,0.714,0.984,0.018,0.265875,59.4,86.5,49.5,65.1
2026-05-11,2.5,3.598,3.95,4.245,7822.24,1207.34,4.42,3.63,2.56917,2026-04,3.285958,2026-03,2.483794,0.434532,3.7,4.203755,64.7,35.2,30.710613,1156.35,50.0,1.703755,0.2104,NORMAL,0.543,0.0256,NORMAL,1.0,0.014,0.964,0.992,0.004,0.992,0.884,0.992,0.668,0.908,0.712,1.0,0.02,0.263,59.3,86.3,49.9,65.2
2026-05-12,2.5,3.674,4.056,4.311,7643.15,1179.29,4.46,3.63,2.56917,2026-04,3.285958,2026-03,2.483794,0.434532,3.7,4.203755,63.7,38.2,27.418872,1156.35,50.0,1.703755,0.2882,NORMAL,0.498,0.0904,NORMAL,0.904,0.016,0.962,0.99,0.006,0.99,0.944,1.0,0.408,0.894,0.71,1.0,0.022,0.36025,59.3,81.2,52.3,64.3
2026-05-13,2.5,3.635,4.044,4.273,7844.01,1176.93,4.46,3.63,2.56917,2026-04,3.779246,2026-04,2.483794,0.434532,3.7,4.203755,63.8,40.9,26.914271,1156.35,50.0,1.703755,0.2407,NORMAL,0.509,0.0946,NORMAL,0.9,0.018,1.0,0.988,0.008,0.988,0.942,0.996,0.274,0.896,0.708,0.996,0.024,0.300875,60.0,77.7,50.7,62.8
2026-05-14,2.5,3.654,4.085,4.284,7981.41,1191.09,4.47,3.63,2.56917,2026-04,3.779246,2026-04,2.483794,0.434532,3.7,4.203755,63.0,43.1,28.182302,1156.35,50.0,1.703755,0.2364,NORMAL,0.514,0.0676,NORMAL,0.926,0.02,0.998,0.986,0.01,0.986,0.958,0.996,0.148,0.884,0.706,1.0,0.026,0.2955,60.0,74.6,50.7,61.8
2026-05-15,2.5,3.766,4.217,4.391,7493.18,1129.82,4.59,3.63,2.56917,2026-04,3.779246,2026-04,2.483794,0.434532,3.7,4.203755,62.5,45.1,21.379448,1156.35,50.0,1.703755,0.352,WARNING,0.395,0.2592,NORMAL,0.723,0.022,0.996,0.984,0.012,0.984,1.0,1.0,0.078,0.88,0.704,1.0,0.028,0.44,60.0,74.0,54.3,62.8
2026-05-18,2.5,3.757,4.239,4.381,7516.04,1111.09,4.61,3.63,2.56917,2026-04,3.779246,2026-04,2.483794,0.434532,3.7,4.203755,62.4,48.2,19.168249,1156.35,50.0,1.703755,0.3472,WARNING,0.397,0.3291,WARNING,0.716,0.024,0.994,0.982,0.014,0.982,1.0,0.996,0.012,0.876,0.702,1.0,0.03,0.434,59.9,72.1,54.1,62.0
2026-05-19,2.5,3.751,4.21,4.377,7271.66,1084.36,4.67,3.62,2.56917,2026-04,3.779246,2026-04,2.483794,0.434532,3.7,4.203755,62.6,45.9,16.122536,1156.35,50.0,1.703755,0.3982,WARNING,0.376,0.4321,WARNING,0.694,0.026,0.992,0.98,0.0,0.98,1.0,0.992,0.056,0.88,0.7,0.992,0.032,0.49775,59.6,73.2,55.5,62.8
2026-05-20,2.5,3.76,4.198,4.386,7208.95,1056.07,4.57,3.62,2.56917,2026-04,3.779246,2026-04,2.483794,0.434532,3.7,4.203755,62.6,43.8,12.936169,1156.35,50.0,1.703755,0.4113,WARNING,0.373,0.5405,HIGH,0.673,0.028,0.99,0.978,0.002,0.978,0.984,0.996,0.128,0.88,0.698,0.988,0.034,0.514125,59.5,74.7,55.9,63.4
2026-05-21,2.5,3.753,4.174,4.381,7815.59,1105.97,4.57,3.62,2.56917,2026-04,3.779246,2026-04,2.483794,0.434532,3.7,4.203755,62.8,42.1,18.087135,1156.35,50.0,1.703755,0.2846,NORMAL,0.326,0.4261,WARNING,0.574,0.03,0.988,0.976,0.004,0.976,0.982,0.988,0.192,0.88,0.696,0.984,0.036,0.35575,59.5,76.0,51.8,62.4
2026-05-22,2.5,3.736,4.128,4.361,7847.71,1161.13,4.56,3.62,2.56917,2026-04,3.779246,2026-04,2.483794,0.434532,3.7,4.203755,62.5,39.2,23.750547,1156.35,50.0,1.703755,0.2779,NORMAL,0.326,0.3316,WARNING,0.507,0.032,0.986,0.974,0.006,0.974,0.976,0.98,0.402,0.864,0.694,0.98,0.038,0.347375,59.4,80.5,51.5,63.8
2026-05-26,2.5,3.664,4.073,4.295,8047.51,1172.52,4.5,3.62,2.56917,2026-04,3.779246,2026-04,2.483794,0.434532,3.7,4.203755,63.1,40.9,24.726548,1156.35,50.0,1.703755,0.2658,NORMAL,0.324,0.3334,WARNING,0.505,0.034,0.984,0.972,0.008,0.972,0.958,0.972,0.294,0.884,0.692,0.972,0.04,0.33225,59.4,77.7,50.9,62.7
2026-05-27,2.5,3.711,4.102,4.336,8228.7,1133.13,4.48,3.62,2.56917,2026-04,3.779246,2026-04,2.483794,0.434532,3.7,4.203755,62.5,39.1,20.321736,1156.35,50.0,1.703755,0.2674,NORMAL,0.324,0.4093,WARNING,0.498,0.036,0.982,0.97,0.01,0.97,0.946,0.976,0.412,0.864,0.69,0.976,0.042,0.33425,59.4,80.0,51.1,63.5
2026-05-28,2.5,3.766,4.147,4.384,8185.29,1104.36,4.45,3.62,2.56917,2026-04,3.779246,2026-04,2.483794,0.434532,3.7,4.203755,61.8,38.1,17.073446,1156.35,50.0,1.703755,0.2588,NORMAL,0.323,0.491,HIGH,0.499,0.038,0.98,0.968,0.012,0.968,0.902,0.998,0.46,0.848,0.688,0.98,0.044,0.3235,59.3,80.2,50.9,63.5
2026-05-29,2.5,3.731,4.068,4.353,8476.15,1074.8,4.45,3.62,2.56917,2026-04,3.779246,2026-04,2.483794,0.434532,3.7,4.203755,62.2,33.7,13.770363,1156.35,50.0,1.703755,0.25,NORMAL,0.32,0.5939,HIGH,0.49,0.04,0.978,0.966,0.014,0.966,0.904,0.972,0.782,0.848,0.686,0.96,0.046,0.3125,59.3,87.7,50.1,65.7
2026-06-01,2.5,3.79,4.174,4.41,8788.38,1050.03,4.47,3.62,2.56917,2026-04,3.779246,2026-04,2.483794,0.434532,3.7,4.203755,62.0,38.4,10.992201,1156.35,50.0,1.703755,0.25,NORMAL,0.316,0.6845,SEVERE,0.487,0.042,0.976,0.964,0.016,0.964,0.94,1.0,0.432,0.844,0.684,0.982,0.048,0.3125,59.2,80.4,50.7,63.4
2026-06-02,2.5,3.773,4.135,4.397,8801.49,1026.03,4.46,3.62,2.56917,2026-04,3.779246,2026-04,2.483794,0.434532,3.7,4.203755,62.4,36.2,8.313317,1156.35,50.0,1.703755,0.25,NORMAL,0.321,0.7,SEVERE,0.487,0.044,0.974,0.962,0.018,0.962,0.922,0.996,0.61,0.85,0.682,0.972,0.05,0.3125,59.2,84.5,50.4,64.7
2026-06-04,2.5,3.858,4.229,4.48,8639.41,1049.73,4.47,3.62,3.139245,2026-05,3.779246,2026-04,2.968358,0.65545,3.7,5.058867,62.2,37.1,10.663601,1156.35,50.0,2.558867,0.2807,NORMAL,0.324,0.6789,SEVERE,0.482,0.046,0.972,1.0,0.02,1.0,0.946,1.0,0.516,0.844,0.68,0.996,0.052,0.350875,60.8,82.7,52.0,65.2
2026-06-05,2.5,3.882,4.254,4.501,8160.59,1002.44,4.55,3.62,3.139245,2026-05,3.779246,2026-04,2.968358,0.65545,3.7,5.058867,61.9,37.2,5.555689,1156.35,50.0,2.558867,0.3714,WARNING,0.315,0.7,SEVERE,0.458,0.048,0.97,0.998,0.022,0.998,0.976,1.0,0.512,0.832,0.678,1.0,0.054,0.46425,60.7,83.0,54.9,66.2
2026-06-08,2.5,3.94,4.348,4.565,7484.41,911.39,4.56,3.62,3.139245,2026-05,3.779246,2026-04,2.968358,0.65545,3.7,5.058867,62.5,40.8,-4.105516,1156.35,50.0,2.558867,0.4994,HIGH,0.3,0.7,SEVERE,0.376,0.05,0.968,0.996,0.024,0.996,0.978,1.0,0.298,0.862,0.676,1.0,0.056,0.62425,60.7,78.5,58.9,66.0
2026-06-09,2.5,3.856,4.273,4.492,8096.93,967.81,4.53,3.62,3.139245,2026-05,3.779246,2026-04,2.968358,0.65545,3.7,5.058867,63.6,41.7,1.731747,1184.335,52.5,2.558867,0.39,WARNING,0.3,0.7066,SEVERE,0.339,0.052,0.966,0.994,0.026,0.994,0.968,0.988,0.22,0.884,0.824,0.996,0.0,0.4875,60.6,76.5,57.7,64.9
2026-06-10,2.5,3.881,4.273,4.499,7730.82,951.63,4.55,3.62,3.139245,2026-05,3.779246,2026-04,2.968358,0.65545,3.7,5.058867,61.8,39.2,-0.060323,1184.335,52.5,2.558867,0.5102,HIGH,0.3,0.7574,SEVERE,0.34,0.054,0.964,0.992,0.028,0.992,0.97,0.992,0.394,0.816,0.822,0.994,0.002,0.63775,60.6,79.3,61.4,67.1
2026-06-11,2.5,3.904,4.3,4.515,7763.95,996.93,4.45,3.62,3.139245,2026-05,3.779246,2026-04,2.968358,0.65545,3.7,5.058867,61.1,39.6,4.584308,1184.335,52.5,2.558867,0.5191,HIGH,0.3,0.7726,SEVERE,0.321,0.056,0.962,0.99,0.03,0.99,0.894,0.996,0.37,0.804,0.82,0.996,0.004,0.648875,60.6,76.6,61.7,66.3
2026-06-12,2.5,3.808,4.195,4.433,8123.62,1029.05,4.48,3.62,3.139245,2026-05,3.779246,2026-04,2.968358,0.65545,3.7,5.058867,62.5,38.7,7.827733,1184.335,52.5,2.558867,0.488,HIGH,0.3,0.8097,SEVERE,0.313,0.058,0.96,0.988,0.032,0.988,0.946,0.976,0.408,0.85,0.818,0.96,0.006,0.61,60.5,79.5,59.9,66.6
2026-06-15,2.5,3.744,4.118,4.373,8545.98,1034.03,4.47,3.63,3.139245,2026-05,4.166615,2026-05,2.968358,0.65545,3.7,5.058867,62.9,37.4,8.223545,1245.535,52.5,2.558867,0.4484,WARNING,0.3,0.8377,SEVERE,0.315,0.06,1.0,0.986,0.084,0.986,0.93,0.94,0.496,0.872,0.816,0.936,0.0,0.5605,62.3,81.0,57.8,67.0
2026-06-16,2.5,3.717,4.11,4.348,8726.6,1018.68,4.43,3.63,3.139245,2026-05,4.166615,2026-05,2.968358,0.65545,3.7,5.058867,63.1,39.3,6.503523,1217.04,55.0,2.558867,0.4094,WARNING,0.3,0.8452,SEVERE,0.326,0.062,0.998,0.984,0.086,0.984,0.866,0.928,0.372,0.878,0.938,0.932,0.004,0.51175,62.3,76.1,59.6,66.0
2026-06-17,2.5,3.71,4.071,4.345,8864.24,1031.96,4.49,3.63,3.139245,2026-05,4.166615,2026-05,2.968358,0.65545,3.7,5.058867,63.5,36.1,7.774426,1217.04,55.0,2.558867,0.3438,WARNING,0.3,0.7772,SEVERE,0.325,0.064,0.996,0.982,0.088,0.982,0.952,0.92,0.618,0.88,0.936,0.916,0.006,0.42975,62.2,84.2,57.2,67.9
2026-06-18,2.5,3.75,4.118,4.381,9063.84,1000.93,4.46,3.63,3.139245,2026-05,4.166615,2026-05,2.968358,0.65545,3.7,5.058867,63.1,36.8,4.440111,1171.245,52.5,2.558867,0.3442,WARNING,0.3,0.7942,SEVERE,0.324,0.066,0.994,0.98,0.09,0.98,0.91,0.94,0.55,0.876,0.806,0.934,0.028,0.43025,62.2,81.9,55.0,66.4
2026-06-19,2.5,3.784,4.171,4.419,9052.42,966.59,4.46,3.63,3.139245,2026-05,4.166615,2026-05,2.968358,0.65545,3.7,5.058867,63.5,38.7,0.782458,1171.245,52.5,2.558867,0.2521,NORMAL,0.3,0.7,SEVERE,0.322,0.068,0.992,0.978,0.092,0.978,0.908,0.968,0.394,0.878,0.804,0.948,0.03,0.315125,62.2,78.7,52.4,64.4
2026-06-22,2.5,3.81,4.195,4.442,9114.55,968.4,4.51,3.63,3.139245,2026-05,4.166615,2026-05,2.968358,0.65545,3.7,5.058867,63.2,38.5,0.88722,1171.245,52.5,2.558867,0.25,NORMAL,0.3,0.7,SEVERE,0.337,0.07,0.99,0.976,0.094,0.976,0.96,0.976,0.406,0.872,0.802,0.958,0.032,0.3125,62.1,80.3,52.6,65.0
2026-06-23,2.5,3.77,4.171,4.417,8203.84,891.52,4.5,3.63,3.139245,2026-05,4.166615,2026-05,2.968358,0.65545,3.7,5.058867,64.7,40.1,-7.166285,1171.245,52.5,2.558867,0.4165,WARNING,0.3,0.7,SEVERE,0.326,0.072,0.988,0.974,0.096,0.974,0.952,0.956,0.308,0.904,0.8,0.942,0.034,0.520625,62.1,78.0,57.4,65.8
2026-06-24,2.5,3.772,4.171,4.428,8471.02,909.31,4.41,3.63,3.139245,2026-05,4.166615,2026-05,2.968358,0.65545,3.7,5.058867,65.6,39.9,-5.366502,1171.245,52.5,2.558867,0.3677,WARNING,0.3,0.7,SEVERE,0.323,0.074,0.986,0.972,0.098,0.972,0.826,0.956,0.32,0.95,0.798,0.94,0.036,0.459625,62.0,76.3,55.8,64.7
2026-06-25,2.5,3.757,4.144,4.403,8930.3,887.81,4.4,3.63,3.139245,2026-05,4.166615,2026-05,2.968358,0.65545,3.7,5.058867,64.6,38.7,-7.645598,1171.245,52.5,2.558867,0.2837,NORMAL,0.3,0.7,SEVERE,0.325,0.076,0.984,0.97,0.1,0.97,0.812,0.934,0.404,0.896,0.796,0.928,0.038,0.354625,62.0,76.2,52.9,63.7
2026-06-26,2.5,3.722,4.117,4.38,8411.21,851.37,4.38,3.63,3.139245,2026-05,4.166615,2026-05,2.968358,0.65545,3.7,5.058867,65.8,39.5,-11.461636,1171.245,52.5,2.558867,0.3971,WARNING,0.3,0.7185,SEVERE,0.322,0.078,0.982,0.968,0.102,0.968,0.782,0.904,0.35,0.956,0.794,0.908,0.04,0.496375,62.0,74.8,56.0,64.3
2026-06-29,2.5,3.733,4.144,4.396,8394.65,920.57,4.38,3.63,3.139245,2026-05,4.166615,2026-05,2.968358,0.65545,3.7,5.058867,66.3,41.1,-4.316531,1171.245,52.5,2.558867,0.4334,WARNING,0.3,0.7518,SEVERE,0.3,0.08,0.98,0.966,0.104,0.966,0.782,0.908,0.236,0.976,0.792,0.926,0.042,0.54175,61.9,72.5,57.5,64.0
2026-06-30,2.5,3.703,4.091,4.375,8476.48,916.18,4.44,3.63,3.139245,2026-05,4.166615,2026-05,2.968358,0.65545,3.7,5.058867,67.2,38.8,-4.824816,1171.245,52.5,2.558867,0.3667,WARNING,0.3,0.7,SEVERE,0.3,0.082,0.978,0.964,0.106,0.964,0.868,0.884,0.388,1.0,0.79,0.892,0.044,0.458375,61.9,78.5,54.6,65.0
2026-07-01,2.5,3.791,4.205,4.466,8303.41,929.35,4.48,3.63,3.139245,2026-05,4.166615,2026-05,2.968358,0.65545,3.7,5.058867,67.5,41.4,-3.508172,1171.245,52.5,2.558867,0.5224,HIGH,0.3,0.824,SEVERE,0.3,0.084,0.976,0.962,0.108,0.962,0.936,0.968,0.202,1.0,0.788,0.964,0.046,0.653,61.8,77.6,61.3,66.9
2026-07-02,2.5,3.747,4.183,4.431,7648.09,866.72,4.49,3.63,3.139245,2026-05,4.166615,2026-05,2.968358,0.65545,3.7,5.058867,68.4,43.6,-10.036468,1171.245,52.5,2.558867,0.65,SEVERE,0.3,0.85,SEVERE,0.3,0.086,0.974,0.96,0.11,0.96,0.942,0.912,0.118,1.0,0.786,0.948,0.048,0.8125,61.8,74.3,64.9,67.0
2026-07-03,2.5,3.748,4.197,4.433,8088.34,868.41,4.49,3.63,3.163958,2026-06,4.166615,2026-05,2.989365,0.1956,3.7,5.095938,68.5,44.9,-9.891152,1171.245,52.5,2.595938,0.5877,HIGH,0.3,0.85,SEVERE,0.3,0.088,0.972,1.0,0.112,1.0,0.94,0.912,0.082,1.0,0.784,0.956,0.05,0.734625,63.4,73.4,63.1,66.6
2026-07-06,2.5,3.776,4.203,4.459,8051.33,847.07,4.48,3.63,3.163958,2026-06,4.166615,2026-05,2.989365,0.1956,3.7,5.095938,68.3,42.7,-12.129347,1171.245,52.5,2.595938,0.5944,HIGH,0.3,0.85,SEVERE,0.315,0.09,0.97,0.998,0.114,0.998,0.926,0.956,0.156,0.992,0.782,0.96,0.052,0.743,63.4,75.8,63.4,67.5
2026-07-07,2.5,3.78,4.213,4.472,7656.31,831.23,4.55,3.63,3.163958,2026-06,4.166615,2026-05,2.989365,0.1956,3.7,5.095938,69.2,43.3,-13.790296,1171.245,52.5,2.595938,0.65,SEVERE,0.3,0.85,SEVERE,0.339,0.092,0.968,0.996,0.116,0.996,0.968,0.956,0.136,1.0,0.78,0.968,0.054,0.8125,63.4,76.5,65.4,68.4
2026-07-08,2.5,3.775,4.245,4.473,7246.79,785.0,4.56,3.62,3.163958,2026-06,4.166615,2026-05,2.989365,0.1956,3.7,5.095938,69.8,47.0,-18.585417,1171.245,52.5,2.595938,0.7776,SEVERE,0.3,0.85,SEVERE,0.325,0.094,0.966,0.994,0.034,0.994,0.976,0.948,0.024,1.0,0.778,0.98,0.056,0.972,61.6,73.7,69.7,68.3
2026-07-09,2.5,3.778,4.25,4.478,7291.91,794.0,4.54,3.62,3.163958,2026-06,4.166615,2026-05,2.989365,0.1956,3.7,5.095938,70.0,47.2,-17.656042,1171.245,52.5,2.595938,0.7703,SEVERE,0.3,0.85,SEVERE,0.342,0.096,0.964,0.992,0.036,0.992,0.956,0.952,0.022,1.0,0.776,0.98,0.058,0.962875,61.6,73.2,69.4,68.1
2026-07-10,2.5,3.768,4.23,4.466,7475.94,837.43,4.56,3.62,3.163958,2026-06,4.166615,2026-05,2.989365,0.1956,3.7,5.095938,69.8,46.2,-13.167899,1171.245,52.5,2.595938,0.726,SEVERE,0.3,0.857,SEVERE,0.328,0.098,0.962,0.99,0.038,0.99,0.974,0.928,0.048,0.996,0.774,0.968,0.06,0.9075,61.6,73.7,67.7,67.7
2026-07-13,2.5,3.809,4.263,4.506,6806.93,799.36,4.62,3.62,3.163958,2026-06,3.463531,2026-06,2.989365,0.1956,3.7,5.095938,69.7,45.4,-17.12343,1171.245,52.5,2.595938,0.85,SEVERE,0.3,0.85,SEVERE,0.323,0.1,0.836,0.988,0.04,0.988,0.996,0.972,0.064,0.988,0.772,0.984,0.062,1.0,59.0,75.5,70.5,68.3
2026-07-14,2.5,3.887,4.333,4.582,6856.83,783.98,4.58,3.63,3.163958,2026-06,3.463531,2026-06,2.989365,0.1956,3.7,5.095938,69.5,44.6,-18.719868,1171.245,52.5,2.595938,0.8439,SEVERE,0.3,0.8439,SEVERE,0.322,0.102,0.834,0.986,0.134,0.986,0.984,0.992,0.108,0.984,0.77,0.996,0.064,1.0,60.8,76.7,70.8,69.4
2026-07-15,2.5,3.866,4.327,4.563,7284.41,829.43,4.55,3.63,3.163958,2026-06,3.463531,2026-06,2.989365,0.1956,3.7,5.095938,69.7,46.1,-14.023894,1171.245,52.5,2.595938,0.7949,SEVERE,0.3,0.85,SEVERE,0.302,0.104,0.832,0.984,0.136,0.984,0.95,0.98,0.056,0.984,0.768,0.992,0.066,0.993625,60.8,74.2,70.5,68.5
2026-07-16,2.75,3.848,4.297,4.544,6820.6,791.84,4.57,3.63,3.163958,2026-06,3.463531,2026-06,2.989365,0.1956,3.7,5.095938,69.6,44.9,-17.920859,1171.245,52.5,2.345938,0.85,SEVERE,0.3,0.85,SEVERE,0.3,0.106,0.83,0.982,0.138,0.88,0.976,0.968,0.104,0.98,0.766,0.984,0.068,1.0,58.7,75.7,70.5,68.3
2026-07-20,2.75,3.895,4.336,4.59,6516.27,749.64,4.6,3.63,3.163958,2026-06,3.463531,2026-06,2.989365,0.1956,3.7,5.095938,69.5,44.1,-22.279664,1171.245,52.5,2.345938,0.85,SEVERE,0.3,0.85,SEVERE,0.3,0.108,0.828,0.98,0.14,0.878,0.988,0.992,0.128,0.974,0.764,0.996,0.07,1.0,58.7,77.0,70.8,68.8
2026-07-21,2.75,3.867,4.328,4.571,6747.95,753.34,4.63,3.63,3.163958,2026-06,3.463531,2026-06,2.989365,0.1956,3.7,5.095938,70.4,46.1,-21.880791,1171.245,55.0,2.345938,0.85,SEVERE,0.3,0.85,SEVERE,0.3,0.11,0.826,0.978,0.142,0.876,0.996,0.976,0.056,1.0,0.934,0.988,0.072,1.0,58.6,75.7,74.8,69.7
2026-07-22,2.75,3.913,4.394,4.604,6797.7,751.09,4.67,3.63,3.163958,2026-06,3.463531,2026-06,2.989365,0.1956,3.7,5.095938,69.1,48.1,-22.098509,1171.245,55.0,2.345938,0.85,SEVERE,0.3,0.85,SEVERE,0.317,0.112,0.824,0.976,0.144,0.874,0.998,0.996,0.016,0.96,0.932,1.0,0.074,1.0,58.6,74.2,75.2,69.3
2026-07-23,2.75,3.917,4.392,4.609,7096.89,790.28,4.71,3.63,3.163958,2026-06,3.463531,2026-06,2.989365,0.1956,3.7,5.095938,69.2,47.5,-18.026118,1171.245,55.0,2.345938,0.85,SEVERE,0.3,0.85,SEVERE,0.304,0.114,0.822,0.974,0.146,0.872,1.0,0.996,0.024,0.96,0.93,0.996,0.076,1.0,58.6,74.5,75.0,69.4
2026-07-24,2.75,3.959,4.447,4.653,6690.62,748.22,4.69,3.63,3.163958,2026-06,3.463531,2026-06,2.989365,0.1956,3.7,5.095938,69.4,48.8,-22.368285,1171.245,52.5,2.345938,0.85,SEVERE,0.3,0.85,SEVERE,0.3,0.116,0.82,0.972,0.148,0.87,0.996,1.0,0.004,0.964,0.75,1.0,0.078,1.0,58.5,74.1,70.7,67.8
2026-07-27,2.75,3.865,4.333,4.576,6755.75,764.86,4.65,3.63,3.163958,2026-06,3.463531,2026-06,2.989365,0.1956,3.7,5.095938,71.1,46.8,-20.624203,1171.245,52.5,2.345938,0.85,SEVERE,0.3,0.85,SEVERE,0.3,0.118,0.818,0.97,0.15,0.868,0.984,0.956,0.048,1.0,0.748,0.978,0.08,1.0,58.5,74.7,70.2,67.8
2026-07-28,2.75,3.829,4.289,4.545,6023.66,705.85,4.61,3.63,3.163958,2026-06,3.463531,2026-06,2.989365,0.1956,3.7,5.095938,71.6,46.0,-26.713224,1042.325,52.5,2.345938,0.85,SEVERE,0.3,0.85,SEVERE,0.309,0.12,0.816,0.968,0.152,0.866,0.97,0.94,0.08,1.0,0.746,0.956,0.376,1.0,58.4,74.8,77.0,70.1
2026-07-29,2.75,3.8,4.257,4.512,5663.24,662.68,4.67,3.63,3.163958,2026-06,3.463531,2026-06,2.989365,0.1956,3.7,5.095938,71.2,45.7,-31.149998,1042.325,52.5,2.345938,0.85,SEVERE,0.3,0.85,SEVERE,0.3,0.122,0.814,0.966,0.154,0.864,0.988,0.924,0.09,0.996,0.744,0.94,0.378,1.0,58.4,75.0,76.5,70.0
2026-07-30,2.75,3.831,4.311,4.541,5593.56,644.78,4.68,3.63,3.163958,2026-06,3.463531,2026-06,2.989365,0.1956,3.7,5.095938,71.0,48.0,-32.962885,1042.325,52.5,2.345938,0.8485,SEVERE,0.3,0.8485,SEVERE,0.303,0.124,0.812,0.964,0.156,0.862,0.992,0.94,0.024,0.988,0.742,0.964,0.38,1.0,58.4,73.6,77.1,69.7
2026-07-31,2.75,3.758,4.261,4.478,6595.45,719.76,4.75,3.63,3.163958,2026-06,3.463531,2026-06,2.989365,0.1956,3.7,5.095938,72.0,50.3,-25.138088,1042.325,52.5,2.345938,0.85,SEVERE,0.3,0.85,SEVERE,0.3,0.126,0.81,0.962,0.158,0.86,1.0,0.86,0.0,1.0,0.74,0.936,0.382,1.0,58.3,71.5,76.4,68.7
2026-08-03,2.75,3.742,4.264,4.462,6257.45,737.35,4.7,3.63,2.789221,2026-07,3.463531,2026-06,2.670838,-0.200144,3.7,4.533831,72.0,52.2,-23.285408,893.0,52.5,1.783831,0.85,SEVERE,0.3,0.85,SEVERE,0.3,0.128,0.808,0.836,0.16,0.836,0.992,0.824,0.0,0.998,0.738,0.94,0.6,1.0,55.4,70.3,82.0,69.2
2026-08-04,2.75,3.74,4.26,4.458,6358.95,780.72,4.63,3.63,2.789221,2026-07,3.463531,2026-06,2.670838,-0.200144,3.7,4.533831,71.8,52.0,-18.764285,562.395,55.0,1.783831,0.85,SEVERE,0.3,0.85,SEVERE,0.3,0.13,0.806,0.834,0.162,0.834,0.962,0.82,0.004,0.992,0.928,0.928,1.0,1.0,55.3,69.5,96.4,73.7
2026-08-05,2.75,3.669,4.15,4.392,6598.26,799.59,4.63,3.63,2.789221,2026-07,3.463531,2026-06,2.670838,-0.200144,3.7,4.533831,72.3,48.1,-16.799152,562.395,55.0,1.783831,0.7241,SEVERE,0.3,0.7241,SEVERE,0.3,0.132,0.804,0.832,0.164,0.832,0.96,0.78,0.034,1.0,0.926,0.836,0.998,0.905125,55.3,69.3,91.6,72.1
2026-08-06,2.75,3.742,4.195,4.445,6296.38,801.67,4.69,3.63,2.789221,2026-07,3.463531,2026-06,2.670838,-0.200144,3.7,4.533831,70.3,45.3,-16.581754,562.395,55.0,1.783831,0.8217,SEVERE,0.3,0.8217,SEVERE,0.3,0.134,0.802,0.83,0.166,0.83,0.986,0.822,0.12,0.964,0.924,0.864,0.996,1.0,55.2,72.3,94.6,74.0
2026-08-07,2.75,3.746,4.208,4.448,6258.77,798.81,4.65,3.63,2.789221,2026-07,3.463531,2026-06,2.670838,-0.200144,3.7,4.533831,70.2,46.2,-16.877671,562.395,55.0,1.783831,0.792,SEVERE,0.3,0.792,SEVERE,0.3,0.136,0.8,0.828,0.168,0.828,0.962,0.828,0.09,0.96,0.922,0.884,0.994,0.99,55.2,71.0,94.8,73.7
2026-08-10,2.75,3.778,4.239,4.476,6299.66,854.47,4.72,3.63,2.789221,2026-07,3.463531,2026-06,2.670838,-0.200144,3.7,4.533831,69.8,46.1,-11.104036,562.395,55.0,1.783831,0.7409,SEVERE,0.3,0.6992,SEVERE,0.3,0.138,0.798,0.826,0.17,0.826,0.996,0.898,0.102,0.946,0.92,0.906,0.992,0.926125,55.2,73.6,93.6,74.1
2026-08-11,2.75,3.808,4.301,4.504,6345.53,857.84,4.7,3.63,2.789221,2026-07,3.463531,2026-06,2.670838,-0.200144,3.7,4.533831,69.6,49.3,-10.785009,562.395,55.0,1.783831,0.769,SEVERE,0.3,0.7037,SEVERE,0.3,0.14,0.796,0.824,0.172,0.824,0.986,0.922,0.016,0.93,0.918,0.96,0.99,0.96125,55.1,71.4,95.7,74.1
2026-08-12,2.75,3.791,4.294,4.496,6579.04,858.91,4.68,3.63,2.789221,2026-07,3.463531,2026-06,2.670838,-0.200144,3.7,4.533831,70.5,50.3,-10.701535,562.395,55.0,1.783831,0.85,SEVERE,0.3,0.7698,SEVERE,0.3,0.142,0.794,0.822,0.174,0.822,0.97,0.91,0.012,0.968,0.916,0.948,0.988,1.0,55.1,71.5,96.3,74.3
2026-08-13,2.75,3.781,4.298,4.488,6813.34,861.37,4.63,3.63,2.789221,2026-07,3.303856,2026-07,2.670838,-0.200144,3.7,4.533831,70.7,51.7,-10.469147,562.395,55.0,1.783831,0.85,SEVERE,0.3,0.752,SEVERE,0.3,0.144,0.748,0.82,0.176,0.82,0.938,0.896,0.008,0.968,0.914,0.952,0.986,1.0,54.2,70.2,96.3,73.6
2026-08-14,2.75,3.796,4.313,4.492,6977.94,864.65,4.68,3.63,2.789221,2026-07,3.303856,2026-07,2.670838,-0.200144,3.7,4.533831,69.6,51.7,-10.15107,562.395,55.0,1.783831,0.8204,SEVERE,0.3,0.7168,SEVERE,0.3,0.146,0.746,0.818,0.178,0.818,0.968,0.912,0.01,0.924,0.912,0.964,0.984,1.0,54.1,70.3,96.5,73.6
2026-08-18,2.75,3.847,4.382,4.542,6869.83,834.2,4.71,3.63,2.789221,2026-07,3.303856,2026-07,2.670838,-0.200144,3.7,4.533831,69.5,53.5,-13.325468,478.4,57.5,1.783831,0.8023,SEVERE,0.3,0.7607,SEVERE,0.3,0.148,0.744,0.816,0.18,0.816,0.99,0.94,0.0,0.908,1.0,0.988,1.0,1.0,54.1,71.0,99.7,74.9
2026-08-19,2.75,3.798,4.337,4.497,6471.17,824.46,4.65,3.63,2.789221,2026-07,3.303856,2026-07,2.670838,-0.200144,3.7,4.533831,69.9,53.9,-14.342875,478.4,57.5,1.783831,0.8035,SEVERE,0.3,0.777,SEVERE,0.3,0.15,0.742,0.814,0.182,0.814,0.94,0.908,0.0,0.944,0.998,0.98,0.998,1.0,54.0,69.8,99.4,74.4
2026-08-20,2.75,3.811,4.323,4.504,6852.58,840.89,4.69,3.63,2.789221,2026-07,3.303856,2026-07,2.670838,-0.200144,3.7,4.533831,69.3,51.2,-12.646426,478.4,57.5,1.783831,0.7017,SEVERE,0.3,0.6144,SEVERE,0.3,0.152,0.74,0.812,0.184,0.812,0.972,0.928,0.024,0.892,0.996,0.956,0.996,0.877125,54.0,70.4,95.6,73.3
2026-08-21,2.75,3.854,4.376,4.542,6912.95,801.94,4.74,3.63,2.789221,2026-07,3.303856,2026-07,2.670838,-0.200144,3.7,4.533831,68.8,52.2,-16.690823,478.4,57.5,1.783831,0.6887,SEVERE,0.3,0.7,SEVERE,0.3,0.154,0.738,0.81,0.186,0.81,0.996,0.944,0.01,0.876,0.994,0.984,0.994,0.860875,54.0,70.7,95.8,73.5
2026-08-24,2.75,3.836,4.335,4.52,6696.96,813.33,4.7,3.63,2.789221,2026-07,3.303856,2026-07,2.670838,-0.200144,3.7,4.533831,68.4,49.9,-15.507308,478.4,57.5,1.783831,0.7511,SEVERE,0.3,0.7115,SEVERE,0.3,0.156,0.736,0.808,0.188,0.808,0.976,0.932,0.044,0.864,0.992,0.968,0.992,0.938875,53.9,70.4,97.3,73.9
2026-08-25,2.75,3.83,4.32,4.516,6742.74,827.15,4.64,3.63,2.789221,2026-07,3.303856,2026-07,2.670838,-0.200144,3.7,4.533831,68.6,49.0,-14.075864,478.4,57.5,1.783831,0.7373,SEVERE,0.3,0.6452,SEVERE,0.3,0.158,0.734,0.806,0.19,0.806,0.92,0.924,0.052,0.872,0.99,0.944,0.99,0.921625,53.9,69.2,96.1,73.1
2026-08-26,2.75,3.816,4.288,4.5,6808.21,826.87,4.66,3.63,2.789221,2026-07,3.303856,2026-07,2.670838,-0.200144,3.7,4.533831,68.4,47.2,-14.115235,478.4,57.5,1.783831,0.7911,SEVERE,0.3,0.6884,SEVERE,0.327,0.16,0.732,0.804,0.192,0.804,0.932,0.916,0.092,0.862,0.988,0.908,0.988,0.988875,53.8,70.0,96.8,73.5
2026-08-27,3.0,3.755,4.238,4.448,6912.37,837.65,4.67,3.63,2.789221,2026-07,3.303856,2026-07,2.670838,-0.200144,3.7,4.533831,69.3,48.3,-13.013504,478.4,57.5,1.533831,0.7707,SEVERE,0.3,0.6718,SEVERE,0.361,0.162,0.73,0.802,0.194,0.688,0.938,0.8,0.064,0.892,0.986,0.856,0.986,0.963375,51.5,67.3,94.8,71.2
2026-08-28,3.0,3.788,4.284,4.476,6788.88,838.41,4.73,3.63,2.789221,2026-07,3.303856,2026-07,2.670838,-0.200144,3.7,4.533831,68.8,49.6,-12.956564,478.4,57.5,1.533831,0.8586,SEVERE,0.3,0.7171,SEVERE,0.373,0.164,0.728,0.8,0.196,0.686,0.992,0.868,0.048,0.872,0.984,0.904,0.984,1.0,51.5,69.5,96.8,72.6
2026-08-31,3.0,3.838,4.313,4.516,6820.02,834.29,4.75,3.63,2.789221,2026-07,3.303856,2026-07,2.670838,-0.200144,3.7,4.533831,67.8,47.5,-13.404817,478.4,57.5,1.533831,0.7353,SEVERE,0.349,0.6159,SEVERE,0.496,0.166,0.726,0.798,0.198,0.684,0.998,0.932,0.1,0.84,0.982,0.938,0.982,0.919125,51.4,71.8,95.5,72.9
2026-09-01,3.0,3.878,4.371,4.549,6835.8,821.25,4.79,3.63,2.789221,2026-07,3.303856,2026-07,2.670838,-0.200144,3.7,4.533831,67.1,49.3,-14.772013,478.4,57.5,1.533831,0.7172,SEVERE,0.383,0.64,SEVERE,0.492,0.168,0.724,0.796,0.2,0.682,1.0,0.964,0.054,0.828,0.98,0.98,0.98,0.8965,51.4,71.2,95.9,72.8
2026-09-02,3.0,3.93,4.418,4.6,6562.72,803.98,4.79,3.63,2.789221,2026-07,3.303856,2026-07,2.670838,-0.200144,3.7,4.533831,67.0,48.8,-16.566329,478.4,57.5,1.533831,0.778,SEVERE,0.363,0.6606,SEVERE,0.543,0.17,0.722,0.794,0.202,0.68,0.998,0.992,0.066,0.824,0.978,0.996,0.978,0.9725,51.4,72.0,98.1,73.8
2026-09-03,3.0,3.888,4.367,4.567,6579.48,790.21,4.77,3.63,3.091456,2026-08,3.303856,2026-07,2.927737,0.420618,3.7,4.987183,67.9,47.9,-17.991424,216.435,60.0,1.987183,0.8106,SEVERE,0.378,0.7204,SEVERE,0.549,0.172,0.72,0.836,0.204,0.836,0.992,0.972,0.1,0.84,1.0,0.972,1.0,1.0,55.4,72.6,99.3,75.8
2026-09-04,3.0,3.884,4.36,4.567,6687.21,813.5,4.78,3.63,3.091456,2026-08,3.303856,2026-07,2.927737,0.420618,3.7,4.987183,68.3,47.6,-15.578499,216.435,60.0,1.987183,0.785,SEVERE,0.406,0.651,SEVERE,0.528,0.174,0.718,0.834,0.206,0.834,0.992,0.964,0.108,0.844,0.998,0.968,0.998,0.98125,55.3,72.7,98.6,75.5
2026-09-07,3.0,3.9,4.385,4.575,6995.39,822.19,4.78,3.63,3.091456,2026-08,3.303856,2026-07,2.927737,0.420618,3.7,4.987183,67.5,48.5,-14.685103,216.435,60.0,1.987183,0.7944,SEVERE,0.385,0.7381,SEVERE,0.527,0.176,0.716,0.832,0.208,0.832,0.99,0.976,0.076,0.826,0.996,0.984,0.996,0.993,55.3,71.7,99.2,75.4
2026-09-08,3.0,3.901,4.401,4.575,6954.52,811.88,4.8,3.63,3.091456,2026-08,3.303856,2026-07,2.927737,0.420618,3.7,4.987183,67.4,50.0,-15.760159,216.435,60.0,1.987183,0.7811,SEVERE,0.383,0.6309,SEVERE,0.68,0.178,0.714,0.83,0.21,0.83,1.0,0.976,0.042,0.82,0.994,0.992,0.994,0.976375,55.2,71.0,98.9,75.0
2026-09-09,3.0,3.91,4.401,4.581,7051.64,830.37,4.83,3.63,3.091456,2026-08,3.303856,2026-07,2.927737,0.420618,3.7,4.987183,67.1,49.1,-13.857876,481.525,57.5,1.987183,0.5975,HIGH,0.383,0.439,WARNING,0.655,0.18,0.712,0.828,0.212,0.828,1.0,0.98,0.064,0.81,0.96,0.99,0.936,0.746875,55.2,71.4,90.8,72.5
2026-09-10,3.0,3.93,4.453,4.6,7033.92,836.92,4.95,3.63,3.091456,2026-08,3.303856,2026-07,2.927737,0.420618,3.7,4.987183,67.0,52.3,-13.193843,481.525,57.5,1.987183,0.5369,HIGH,0.395,0.383,WARNING,0.653,0.182,0.71,0.826,0.214,0.826,1.0,0.99,0.008,0.802,0.958,1.0,0.934,0.671125,55.2,70.0,89.1,71.4
2026-09-11,3.0,4.014,4.54,4.688,6909.91,820.64,4.96,3.63,3.091456,2026-08,3.303856,2026-07,2.927737,0.420618,3.7,4.987183,67.4,52.6,-14.890835,481.525,57.5,1.987183,0.5692,HIGH,0.405,0.3993,WARNING,0.64,0.184,0.708,0.824,0.216,0.824,1.0,1.0,0.008,0.816,0.956,1.0,0.932,0.7115,55.1,70.6,90.0,71.9
2026-09-14,3.0,4.025,4.536,4.69,6684.37,806.79,4.97,3.63,3.091456,2026-08,3.353016,2026-08,2.927737,0.420618,3.7,4.987183,66.5,51.1,-16.327704,481.525,57.5,1.987183,0.6354,SEVERE,0.399,0.4356,WARNING,0.634,0.186,0.748,0.822,0.218,0.822,1.0,1.0,0.04,0.774,0.954,0.996,0.93,0.79425,55.9,70.3,91.9,72.7
2026-09-15,3.0,4.091,4.6,4.75,6627.26,812.41,5.0,3.63,3.091456,2026-08,3.353016,2026-08,2.927737,0.420618,3.7,4.987183,65.9,50.9,-15.745206,481.525,57.5,1.987183,0.6421,SEVERE,0.401,0.3838,WARNING,0.68,0.188,0.746,0.82,0.22,0.82,1.0,1.0,0.044,0.744,0.952,1.0,0.928,0.802625,55.9,69.7,92.1,72.6
2026-09-16,3.0,4.053,4.547,4.716,6717.97,815.98,5.01,3.63,3.091456,2026-08,3.353016,2026-08,2.927737,0.420618,3.7,4.987183,66.3,49.4,-15.374043,481.525,57.5,1.987183,0.5962,HIGH,0.459,0.3651,WARNING,0.685,0.19,0.744,0.818,0.222,0.818,1.0,0.996,0.072,0.764,0.95,0.996,0.926,0.74525,55.8,70.8,90.4,72.3
2026-09-17,3.0,4.063,4.506,4.726,6715.41,822.18,4.94,3.88,3.091456,2026-08,3.353016,2026-08,2.927737,0.420618,3.7,4.987183,66.3,44.3,-14.730102,983.13,57.5,1.987183,0.6432,SEVERE,0.548,0.4538,HIGH,0.704,0.192,0.742,0.816,0.814,0.816,0.98,0.996,0.292,0.762,0.948,0.984,0.496,0.804,67.6,75.8,80.8,74.7
2026-09-18,3.0,4.035,4.466,4.706,6894.23,827.12,5.01,3.88,3.091456,2026-08,3.353016,2026-08,2.927737,0.420618,3.7,4.987183,67.1,43.1,-14.215672,983.13,57.5,1.987183,0.6092,SEVERE,0.527,0.4061,WARNING,0.873,0.194,0.74,0.814,0.816,0.814,0.998,0.988,0.346,0.804,0.946,0.98,0.498,0.7615,67.6,78.4,79.6,75.2
2026-09-21,3.0,4.056,4.457,4.724,7007.72,836.27,4.96,3.88,3.091456,2026-08,3.353016,2026-08,2.927737,0.420618,3.7,4.987183,66.8,40.1,-13.267228,983.13,57.5,1.987183,0.4855,HIGH,0.556,0.3197,WARNING,0.881,0.196,0.738,0.812,0.818,0.812,0.982,0.992,0.46,0.786,0.944,0.976,0.5,0.606875,67.5,80.5,75.7,74.6
2026-09-22,3.0,4.04,4.461,4.713,7017.91,834.38,4.96,3.88,3.091456,2026-08,3.353016,2026-08,2.927737,0.420618,3.7,4.987183,67.3,42.1,-13.458687,983.13,57.5,1.987183,0.5199,HIGH,0.557,0.3462,WARNING,0.909,0.198,0.736,0.81,0.82,0.81,0.98,0.984,0.37,0.812,0.942,0.976,0.502,0.649875,67.5,78.6,76.7,74.3
2026-09-23,3.0,4.006,4.392,4.689,7080.92,844.48,5.11,3.88,3.091456,2026-08,3.353016,2026-08,2.927737,0.420618,3.7,4.987183,68.3,38.6,-12.408139,983.13,57.5,1.987183,0.4712,HIGH,0.557,0.3021,WARNING,0.895,0.2,0.734,0.808,0.822,0.808,1.0,0.968,0.54,0.838,0.94,0.942,0.504,0.589,67.4,83.7,74.4,75.2
2026-09-28,3.0,4.119,4.539,4.788,6889.74,846.58,5.24,3.88,3.091456,2026-08,3.353016,2026-08,2.927737,0.420618,3.7,4.987183,66.9,42.0,-12.188405,983.13,57.5,1.987183,0.466,HIGH,0.536,0.274,NORMAL,0.912,0.202,0.732,0.806,0.824,0.806,1.0,1.0,0.376,0.78,0.938,0.988,0.506,0.5825,67.4,78.9,75.4,73.9
2026-09-29,3.0,4.076,4.476,4.755,6870.81,849.8,5.24,3.88,3.091456,2026-08,3.353016,2026-08,2.927737,0.420618,3.7,4.987183,67.9,40.0,-11.855971,983.13,57.5,1.987183,0.4563,HIGH,0.548,0.2743,NORMAL,0.911,0.204,0.73,0.804,0.826,0.804,0.998,0.992,0.472,0.83,0.936,0.976,0.508,0.570375,67.4,82.3,74.8,74.8
