date,Y10Y,dY_bp,sigma20_bp,sigma_z,mu60_bp,t60,cum60_bp,tr_index,tr_dd,score_sigma_spike,score_mu_drift,score_cum60d,score_tr_dd,composite,state,cs_bp,cs_z,cs_chg20_bp,st_bp,st_z,st_chg20_bp,score_aa_level,score_aa_widen,score_st_level,score_st_widen,credit_stress,credit_state
2017-03-30,2.184,2.5000000000000355,2.9499330946917905,-0.5233003492326238,0.215,0.5470802753078012,12.9,0.9888986093784956,-0.011101390621504392,0.0,0.18236009176926707,0.129,0.05550695310752196,0.0844747995968622,NORMAL,52.099999999999994,0.0,5.399999999999984,17.99999999999999,0.0,2.9999999999999982,0.0,0.26999999999999924,0.0,0.09999999999999994,0.10099999999999976,NORMAL
2017-03-31,2.177,-0.7000000000000117,2.944057350699969,-0.5265540996177088,0.1933333333333335,0.4916511180967819,11.60000000000001,0.9894870040510757,-0.010512995948924297,0.0,0.16388370603226063,0.1160000000000001,0.05256497974462149,0.07700273310430074,NORMAL,52.099999999999994,0.0,5.200000000000017,17.99999999999999,0.0,2.9999999999999982,0.0,0.26000000000000084,0.0,0.09999999999999994,0.09800000000000024,NORMAL
2017-04-03,2.177,0.0,2.8234497376529704,-0.5933417384158032,0.13499999999999993,0.3468429873834512,8.099999999999996,0.9894870040510757,-0.010512995948924297,0.0,0.11561432912781706,0.08099999999999996,0.05256497974462149,0.060348857723412,NORMAL,51.60000000000002,0.0,4.500000000000014,17.99999999999999,0.0,2.9999999999999982,0.0,0.2250000000000007,0.0,0.09999999999999994,0.0875000000000002,NORMAL
2017-04-04,2.139,-3.8000000000000256,2.654782179586985,-0.6867430392165902,0.12499999999999956,0.3198545523767859,7.499999999999973,0.9926830470741608,-0.007316952925839226,0.0,0.1066181841255953,0.07499999999999973,0.03658476462919613,0.05095754267679746,NORMAL,51.500000000000014,0.0,4.200000000000003,17.99999999999999,0.0,2.9999999999999982,0.0,0.21000000000000013,0.0,0.09999999999999994,0.08300000000000003,NORMAL
2017-04-05,2.141,0.20000000000002238,2.6652688222272882,-0.6809359588576385,0.10666666666666676,0.2732954017934712,6.400000000000006,0.9925142909561582,-0.007485709043841826,0.0,0.0910984672644904,0.06400000000000006,0.03742854521920913,0.04599111154058175,NORMAL,51.500000000000014,0.0,4.300000000000047,17.99999999999999,0.0,2.9999999999999982,0.0,0.21500000000000236,0.0,0.09999999999999994,0.0845000000000007,NORMAL
2017-04-06,2.182,4.0999999999999925,2.837085235162831,-0.5857909490459313,0.08333333333333304,0.2161688505835573,4.999999999999982,0.989055378652176,-0.010944621347824035,0.0,0.07205628352785244,0.04999999999999982,0.054723106739120175,0.046300499401218526,NORMAL,51.30000000000001,0.0,3.6999999999999886,17.99999999999999,0.0,2.9999999999999982,0.0,0.18499999999999944,0.0,0.09999999999999994,0.07549999999999982,NORMAL
2017-04-07,2.193,1.100000000000012,2.8615187355116514,-0.5722606605786998,0.1483333333333333,0.3875655244094951,8.899999999999997,0.9881306118731361,-0.011869388126863889,0.0,0.12918850813649838,0.08899999999999997,0.059346940634319445,0.06737647788102745,NORMAL,51.69999999999999,0.0,3.8999999999999915,17.99999999999999,0.0,2.9999999999999982,0.0,0.19499999999999956,0.0,0.09999999999999994,0.07849999999999985,NORMAL
2017-04-10,2.253,6.000000000000005,3.2064737148790914,-0.38123848559693574,0.21166666666666703,0.537809428517024,12.700000000000022,0.9830911457525832,-0.016908854247416838,0.0,0.17926980950567464,0.12700000000000022,0.08454427123708419,0.09507167039596864,NORMAL,51.2,0.0,2.89999999999997,17.99999999999999,0.0,2.9999999999999982,0.0,0.14499999999999852,0.0,0.09999999999999994,0.06349999999999954,NORMAL
2017-04-11,2.204,-4.899999999999993,3.368601146501396,-0.2914588434259752,0.23000000000000057,0.5911549980585249,13.800000000000034,0.9871857203746427,-0.012814279625357305,0.0,0.1970516660195083,0.13800000000000034,0.06407139812678653,0.09263889245461635,NORMAL,51.2,0.0,2.59999999999998,17.99999999999999,0.0,2.9999999999999982,0.0,0.129999999999999,0.0,0.09999999999999994,0.05899999999999969,NORMAL
2017-04-12,2.205,0.09999999999998899,3.354694275818664,-0.2991599083297981,0.18166666666666664,0.470360885487865,10.899999999999999,0.9871018095884109,-0.012898190411589128,0.0,0.15678696182928833,0.10899999999999999,0.06449095205794564,0.07895377318903593,NORMAL,51.29999999999999,0.0,2.499999999999993,19.99999999999999,0.0,4.999999999999998,0.0,0.12499999999999964,0.0,0.1666666666666666,0.0708333333333332,NORMAL
2017-04-13,2.172,-3.299999999999992,2.6635156822278527,-0.6819067771840003,0.08833333333333322,0.22718286323762613,5.299999999999994,0.9898706301643063,-0.01012936983569368,0.0,0.0757276210792087,0.052999999999999936,0.0506468491784684,0.046004263887229085,NORMAL,51.29999999999999,0.0,1.1999999999999815,19.99999999999999,0.0,4.0,0.0,0.059999999999999075,0.0,0.13333333333333333,0.04466666666666639,NORMAL
2017-04-14,2.185,1.29999999999999,2.6791789787171774,-0.6732330744061431,0.13833333333333364,0.3564034789699935,8.300000000000018,0.9887768231179748,-0.011223176882025232,0.0,0.1188011596566645,0.08300000000000018,0.05611588441012616,0.0628065856953834,NORMAL,51.29999999999999,0.0,0.10000000000000853,20.99999999999999,0.0,5.0,0.0,0.005000000000000426,0.0,0.16666666666666666,0.03483333333333346,NORMAL
2017-04-17,2.173,-1.200000000000001,2.689237810235461,-0.6676628986170559,0.08333333333333304,0.2151529109995218,4.999999999999982,0.9897853754775551,-0.010214624522444926,0.0,0.0717176369998406,0.04999999999999982,0.05107312261222463,0.04477277644485794,NORMAL,51.39999999999998,0.0,-0.4000000000000483,20.99999999999999,0.0,5.999999999999998,0.0,0.0,0.0,0.19999999999999993,0.03999999999999999,NORMAL
2017-04-18,2.174,0.09999999999998899,2.689237810235461,-0.6676628986170559,0.008333333333333156,0.021948083726620368,0.49999999999998934,0.9897012437206395,-0.0102987562793605,0.0,0.007316027908873456,0.004999999999999893,0.051493781396802496,0.023060718140495668,NORMAL,51.49999999999999,0.0,-0.19999999999999574,20.99999999999999,0.0,5.999999999999998,0.0,0.0,0.0,0.19999999999999993,0.03999999999999999,NORMAL
2017-04-19,2.144,-2.9999999999999805,2.6709893692275024,-0.6777681503161582,0.025000000000000206,0.06630272994074898,1.5000000000000124,0.9922249818921272,-0.007775018107872844,0.0,0.02210090998024966,0.015000000000000124,0.03887509053936422,0.022970218211795644,NORMAL,51.500000000000014,0.0,-0.0999999999999659,20.99999999999999,0.0,5.999999999999998,0.0,0.0,0.0,0.19999999999999993,0.03999999999999999,NORMAL
2017-04-20,2.144,0.0,2.670752899957537,-0.6778990974743871,0.03166666666666688,0.08399870269365392,1.9000000000000128,0.9922249818921272,-0.007775018107872844,0.0,0.027999567564551308,0.019000000000000128,0.03887509053936422,0.024949949728655975,NORMAL,51.69999999999999,0.0,-0.10000000000003695,20.99999999999999,0.0,5.0,0.0,0.0,0.0,0.16666666666666666,0.03333333333333333,NORMAL
2017-04-21,2.165,2.0999999999999908,2.657165090051705,-0.6854234793697012,0.10500000000000027,0.27893295555623127,6.300000000000017,0.9904538602994497,-0.009546139700550293,0.0,0.09297765185207708,0.06300000000000017,0.04773069850275147,0.050287809771516034,NORMAL,51.800000000000004,0.0,-0.29999999999999005,20.99999999999999,0.0,5.0,0.0,0.0,0.0,0.16666666666666666,0.03333333333333333,NORMAL
2017-04-24,2.205,4.0000000000000036,2.738012148679367,-0.6406536343068651,0.1200000000000001,0.31683247280393134,7.200000000000006,0.9870863171744316,-0.012913682825568373,0.0,0.10561082426797712,0.07200000000000006,0.06456841412784187,0.061349530504732186,NORMAL,51.90000000000001,0.0,-0.4999999999999929,20.99999999999999,0.0,5.0,0.0,0.0,0.0,0.16666666666666666,0.03333333333333333,NORMAL
2017-04-25,2.194,-1.100000000000012,2.7473001100602126,-0.635510335354146,0.0016666666666664831,0.004555244420301151,0.09999999999998899,0.9880092428809897,-0.01199075711901032,0.0,0.0015184148067670501,0.0009999999999998899,0.0599537855950516,0.024485197199374028,NORMAL,52.59999999999998,0.0,0.29999999999996874,20.99999999999999,0.0,5.0,0.0,0.014999999999998436,0.0,0.16666666666666666,0.037833333333332865,NORMAL
2017-04-26,2.207,1.29999999999999,2.7572679078735685,-0.629990570364589,0.08666666666666674,0.24024239339948442,5.200000000000005,0.9869174926676062,-0.0130825073323938,0.0,0.08008079779982814,0.052000000000000046,0.065412536661969,0.05258117422475324,NORMAL,52.49999999999999,0.0,-0.09999999999998721,21.99999999999999,0.0,4.0,0.0,0.0,0.0,0.13333333333333333,0.02666666666666667,NORMAL
2017-04-27,2.196,-1.0999999999999677,2.7192104117110714,-0.6510652790255609,0.03833333333333355,0.1064538922416188,2.300000000000013,0.9878402605232504,-0.012159739476749643,0.0,0.035484630747206265,0.02300000000000013,0.06079869738374821,0.03601640510294057,NORMAL,52.59999999999998,0.0,0.4999999999999858,21.99999999999999,0.0,4.0,0.0,0.02499999999999929,0.0,0.13333333333333333,0.034166666666666456,NORMAL
2017-04-28,2.196,0.0,2.713412107137044,-0.6542761465798385,0.06833333333333395,0.19047905391516914,4.100000000000037,0.9878402605232504,-0.012159739476749643,0.0,0.06349301797172305,0.04100000000000037,0.06079869738374821,0.04521808254784397,NORMAL,52.500000000000014,0.0,0.4000000000000199,21.99999999999999,0.0,4.0,0.0,0.020000000000000996,0.0,0.13333333333333333,0.03266666666666697,NORMAL
2017-05-02,2.236,4.0000000000000036,2.850018467160852,-0.5786290460337293,0.08666666666666674,0.23963974647549105,5.200000000000005,0.9844816036374714,-0.015518396362528608,0.0,0.07987991549183035,0.052000000000000046,0.07759198181264304,0.0574127758234233,NORMAL,52.60000000000002,0.0,1.0,21.99999999999999,0.0,4.0,0.0,0.05,0.0,0.13333333333333333,0.04166666666666667,NORMAL
2017-05-04,2.211,-2.5000000000000355,2.7652733756547945,-0.6255574647166566,0.09166666666666619,0.2539161680667752,5.499999999999972,0.9865736270452009,-0.013426372954799093,0.0,0.08463872268892507,0.054999999999999716,0.06713186477399546,0.054780490447383146,NORMAL,52.49999999999999,0.0,0.9999999999999787,21.99999999999999,0.0,4.0,0.0,0.049999999999998934,0.0,0.13333333333333333,0.04166666666666635,NORMAL
2017-05-08,2.242,3.100000000000014,2.8316770184542777,-0.5887858016505669,0.18000000000000016,0.496809245116638,10.80000000000001,0.9839740055379368,-0.01602599446206321,0.0,0.165603081705546,0.1080000000000001,0.08012997231031604,0.08677260526523564,NORMAL,52.39999999999998,0.0,0.899999999999963,21.99999999999999,0.0,4.0,0.0,0.04499999999999815,0.0,0.13333333333333333,0.040166666666666115,NORMAL
2017-05-10,2.299,5.699999999999994,2.958355695492453,-0.5186362521179916,0.2816666666666668,0.753843846431292,16.900000000000006,0.9792066514811055,-0.020793348518894472,0.0,0.251281282143764,0.16900000000000007,0.10396674259447236,0.12564295346654175,NORMAL,52.29999999999997,0.0,0.9999999999999574,21.99999999999999,0.0,4.0,0.0,0.049999999999997866,0.0,0.13333333333333333,0.041666666666666026,NORMAL
2017-05-11,2.306,0.7000000000000117,2.9560419838910135,-0.5199174924212857,0.3066666666666669,0.8216117653067381,18.400000000000016,0.9786240235234742,-0.021375976476525782,0.0,0.2738705884355794,0.18400000000000016,0.10687988238262891,0.13432607064016747,NORMAL,52.49999999999997,0.0,0.799999999999983,22.99999999999999,0.0,5.0,0.0,0.03999999999999915,0.0,0.16666666666666666,0.04533333333333307,NORMAL
2017-05-12,2.289,-1.6999999999999904,2.7013836610541873,-0.6609370155912427,0.23000000000000057,0.6181239857547539,13.800000000000034,0.9800381352374655,-0.019961864762534476,0.0,0.20604132858491797,0.13800000000000034,0.09980932381267238,0.10873199524205263,NORMAL,52.70000000000002,0.0,1.5000000000000142,22.99999999999999,0.0,5.0,0.0,0.0750000000000007,0.0,0.16666666666666666,0.05583333333333354,NORMAL
2017-05-15,2.301,1.200000000000001,2.428184290240018,-0.8122238244156003,0.2516666666666671,0.6757991102360527,15.100000000000025,0.9790384963395233,-0.020961503660476666,0.0,0.22526637007868422,0.15100000000000025,0.10480751830238333,0.11717628133669022,NORMAL,52.70000000000002,0.0,1.5000000000000142,22.99999999999999,0.0,5.0,0.0,0.0750000000000007,0.0,0.16666666666666666,0.05583333333333354,NORMAL
2017-05-16,2.301,0.0,2.4291215652880296,-0.8117047992414874,0.2766666666666673,0.7452443586189218,16.600000000000037,0.9790384963395233,-0.020961503660476666,0.0,0.24841478620630728,0.16600000000000037,0.10480751830238333,0.12480596456221486,NORMAL,52.30000000000001,0.0,1.0000000000000213,22.99999999999999,0.0,3.0,0.0,0.050000000000001064,0.0,0.1,0.03500000000000032,NORMAL
2017-05-17,2.249,-5.200000000000005,2.6147909245190855,-0.7088885856798678,0.16000000000000014,0.4195908095714253,9.600000000000009,0.9833658464933441,-0.01663415350665587,0.0,0.1398636031904751,0.09600000000000009,0.08317076753327934,0.08044102765140679,NORMAL,52.29999999999999,0.0,1.0,24.0,0.0,4.000000000000011,0.0,0.05,0.0,0.1333333333333337,0.04166666666666674,NORMAL
2017-05-18,2.248,-0.09999999999998899,2.607736465535621,-0.7127950609561838,0.17333333333333348,0.45502841606219957,10.40000000000001,0.9834494325902959,-0.016550567409704064,0.0,0.15167613868739985,0.10400000000000009,0.08275283704852032,0.08423636255688813,NORMAL,52.39999999999998,0.0,1.0999999999999872,24.0,0.0,3.0000000000000107,0.0,0.05499999999999936,0.0,0.10000000000000035,0.03649999999999988,NORMAL
2017-05-19,2.238,-1.000000000000023,2.601998219992111,-0.7159726702381568,0.171666666666667,0.45055469729540076,10.30000000000002,0.9842853646079978,-0.01571463539200224,0.0,0.1501848990984669,0.1030000000000002,0.0785731769600112,0.0820662506036979,NORMAL,52.39999999999998,0.0,1.0,24.0,0.0,3.0000000000000107,0.0,0.05,0.0,0.10000000000000035,0.03500000000000007,NORMAL
2017-05-22,2.272,3.399999999999981,2.6901183695341855,-0.6671752803407485,0.14666666666666606,0.38950385849652547,8.799999999999963,0.9814407799042807,-0.01855922009571931,0.0,0.1298346194988418,0.08799999999999963,0.09279610047859654,0.08068536409120691,NORMAL,52.59999999999998,0.0,1.0999999999999872,24.0,0.0,3.0000000000000107,0.0,0.05499999999999936,0.0,0.10000000000000035,0.03649999999999988,NORMAL
2017-05-23,2.249,-2.2999999999999687,2.6465220473988915,-0.6913171677567836,0.07833333333333359,0.20741719879277498,4.700000000000015,0.9833594966289935,-0.016640503371006532,0.0,0.06913906626425832,0.04700000000000015,0.08320251685503266,0.05650881999486476,NORMAL,52.6,0.0,1.0999999999999872,25.0,0.0,4.000000000000011,0.0,0.05499999999999936,0.0,0.1333333333333337,0.04316666666666655,NORMAL
2017-05-24,2.269,2.0000000000000018,2.66337241698921,-0.6819861117033482,0.03833333333333355,0.10305264590986327,2.300000000000013,0.9816877854847241,-0.01831221451527587,0.0,0.03435088196995442,0.02300000000000013,0.09156107257637935,0.04809460542454265,NORMAL,52.500000000000014,0.0,0.8000000000000256,25.0,0.0,4.000000000000011,0.0,0.04000000000000128,0.0,0.1333333333333337,0.03866666666666713,NORMAL
2017-05-25,2.246,-2.300000000000013,2.716320072605971,-0.652665832417495,0.06666666666666672,0.18124784001477728,4.0000000000000036,0.9836069851053467,-0.01639301489465328,0.0,0.060415946671592426,0.040000000000000036,0.0819650744732664,0.05286921912362505,NORMAL,52.59999999999998,0.0,0.7999999999999758,24.00000000000002,0.0,3.000000000000032,0.0,0.03999999999999879,0.0,0.10000000000000106,0.03199999999999985,NORMAL
2017-05-26,2.237,-0.8999999999999897,2.5931894606733557,-0.7208506063881004,0.10333333333333379,0.28366409057637637,6.200000000000028,0.9843594444489522,-0.01564055555104782,0.0,0.09455469685879213,0.06200000000000028,0.0782027777552391,0.06259205047385412,NORMAL,52.70000000000002,0.0,0.8000000000000043,23.00000000000002,0.0,2.000000000000032,0.0,0.040000000000000216,0.0,0.06666666666666773,0.02533333333333361,NORMAL
2017-05-29,2.245,0.8000000000000007,2.5793665072934804,-0.7285052012692564,0.12166666666666659,0.3338841060242293,7.299999999999995,0.9836900800267269,-0.016309919973273135,0.0,0.11129470200807644,0.07299999999999995,0.08154959986636567,0.06947878034816155,NORMAL,53.0,0.0,0.4000000000000199,23.00000000000002,0.0,2.000000000000032,0.0,0.020000000000000996,0.0,0.06666666666666773,0.019333333333333848,NORMAL
2017-05-30,2.223,-2.200000000000024,2.6230958005660745,-0.7042896797926159,0.10166666666666657,0.2777878556374027,6.099999999999994,0.9855295804763768,-0.014470419523623157,0.0,0.09259595187913423,0.06099999999999994,0.07235209761811578,0.05966002942307315,NORMAL,53.100000000000016,0.0,0.6000000000000227,22.00000000000002,0.0,3.197442310920451e-14,0.0,0.030000000000001137,0.0,1.0658141036401502e-15,0.009000000000000554,NORMAL
2017-05-31,2.23,0.7000000000000117,2.611331582082015,-0.7108042302012129,0.00999999999999964,0.028467112282141643,0.5999999999999783,0.9849431903759934,-0.015056809624006573,0.0,0.009489037427380548,0.005999999999999783,0.07528404812003286,0.033211426733489216,NORMAL,53.2,0.0,0.6000000000000227,22.00000000000002,0.0,3.197442310920451e-14,0.0,0.030000000000001137,0.0,1.0658141036401502e-15,0.009000000000000554,NORMAL
2017-06-01,2.212,-1.7999999999999794,2.648256626140062,-0.6903566279077196,-0.03166666666666614,-0.08986897789919296,-1.8999999999999684,0.9864501534572687,-0.01354984654273128,0.0,0.0,0.0,0.0677492327136564,0.02709969308546256,NORMAL,53.39999999999998,0.0,0.899999999999963,22.00000000000002,0.0,3.197442310920451e-14,0.0,0.04499999999999815,0.0,1.0658141036401502e-15,0.013499999999999658,NORMAL
2017-06-02,2.209,-0.30000000000001137,2.482629124219133,-0.7820744680494945,-0.09166666666666619,-0.2635398021237327,-5.499999999999972,0.9867016982464004,-0.013298301753599584,0.0,0.0,0.0,0.06649150876799792,0.026596603507199168,NORMAL,53.6,0.0,0.9999999999999787,22.00000000000002,0.0,3.197442310920451e-14,0.0,0.049999999999998934,0.0,1.0658141036401502e-15,0.014999999999999894,NORMAL
2017-06-05,2.177,-3.200000000000003,2.52234226985867,-0.7600829273871654,-0.22166666666666668,-0.6474688475429505,-13.3,0.9893855268656306,-0.010614473134369362,0.0,0.0,0.0,0.05307236567184681,0.021228946268738724,NORMAL,53.49999999999999,0.0,1.0,22.00000000000002,0.0,3.197442310920451e-14,0.0,0.05,0.0,1.0658141036401502e-15,0.015000000000000213,NORMAL
2017-06-07,2.16,-1.6999999999999904,2.4211567483333236,-0.8161153940988497,-0.2366666666666665,-0.6897569064208009,-14.19999999999999,0.9908151889519514,-0.00918481104804858,0.0,0.0,0.0,0.0459240552402429,0.01836962209609716,NORMAL,53.6,0.0,1.2000000000000242,22.00000000000002,0.0,3.197442310920451e-14,0.0,0.060000000000001205,0.0,1.0658141036401502e-15,0.01800000000000057,NORMAL
2017-06-08,2.173,1.29999999999999,2.0000263156163447,-1.0493204672829648,-0.2416666666666667,-0.7051872153614583,-14.500000000000002,0.9897203381681595,-0.010279661831840481,0.0,0.0,0.0,0.051398309159202404,0.020559323663680962,NORMAL,53.6,0.0,1.3000000000000327,22.00000000000002,0.0,3.197442310920451e-14,0.0,0.06500000000000164,0.0,1.0658141036401502e-15,0.019500000000000704,NORMAL
2017-06-09,2.173,0.0,1.9815663660745477,-1.0595428438898888,-0.2416666666666667,-0.7051872153614583,-14.500000000000002,0.9897203381681595,-0.010279661831840481,0.0,0.0,0.0,0.051398309159202404,0.020559323663680962,NORMAL,53.800000000000004,0.0,1.3000000000000327,22.00000000000002,0.0,-0.999999999999968,0.0,0.06500000000000164,0.0,0.0,0.019500000000000493,NORMAL
2017-06-12,2.222,4.899999999999993,2.320679346997111,-0.8717557323683676,-0.13166666666666696,-0.37375079411448264,-7.900000000000018,0.9855981529596891,-0.014401847040310889,0.0,0.0,0.0,0.07200923520155444,0.028803694080621778,NORMAL,52.800000000000004,0.0,0.09999999999998721,22.00000000000002,0.0,-0.999999999999968,0.0,0.004999999999999361,0.0,0.0,0.0014999999999998081,NORMAL
2017-06-13,2.177,-4.499999999999993,2.4676005818565807,-0.790396669555803,-0.18833333333333332,-0.5240067120886864,-11.299999999999999,0.9893680658947599,-0.010631934105240104,0.0,0.0,0.0,0.05315967052620052,0.021263868210480208,NORMAL,53.29999999999999,0.0,0.599999999999973,22.00000000000002,0.0,-0.999999999999968,0.0,0.02999999999999865,0.0,0.0,0.008999999999999595,NORMAL
2017-06-14,2.17,-0.7000000000000117,2.463304370363642,-0.7927757384565266,-0.1699999999999998,-0.4742203352236891,-10.199999999999987,0.9899567398939672,-0.010043260106032847,0.0,0.0,0.0,0.05021630053016424,0.020086520212065695,NORMAL,53.2,0.0,0.8999999999999915,22.00000000000002,0.0,-0.999999999999968,0.0,0.044999999999999575,0.0,0.0,0.013499999999999871,NORMAL
2017-06-15,2.123,-4.699999999999971,2.416848752970863,-0.8185009884319352,-0.08833333333333322,-0.2674632210152304,-5.299999999999994,0.9939116170698435,-0.006088382930156455,0.0,0.0,0.0,0.030441914650782276,0.01217676586031291,NORMAL,53.00000000000003,0.0,0.7000000000000384,22.00000000000002,0.0,-1.9999999999999787,0.0,0.03500000000000192,0.0,0.0,0.010500000000000575,NORMAL
2017-06-16,2.153,2.9999999999999805,2.5484515422424376,-0.7456246638564163,-0.043333333333333,-0.12966189143265278,-2.59999999999998,0.9913771424463155,-0.008622857553684526,0.0,0.0,0.0,0.04311428776842263,0.017245715107369053,NORMAL,53.19999999999998,0.0,0.8000000000000043,22.00000000000002,0.0,-1.9999999999999787,0.0,0.040000000000000216,0.0,0.0,0.012000000000000064,NORMAL
2017-06-19,2.158,0.49999999999998934,2.5542534185776775,-0.7424118184046271,-0.04500000000000023,-0.1346691261245756,-2.7000000000000135,0.9909558071607758,-0.009044192839224197,0.0,0.0,0.0,0.04522096419612098,0.018088385678448393,NORMAL,53.30000000000001,0.0,0.9000000000000341,22.00000000000002,0.0,-1.9999999999999787,0.0,0.045000000000001705,0.0,0.0,0.013500000000000512,NORMAL
2017-06-20,2.142,-1.6000000000000014,2.402958702582248,-0.8261927389342908,-0.0733333333333334,-0.21881163080535124,-4.400000000000004,0.9923035070585144,-0.007696492941485555,0.0,0.0,0.0,0.03848246470742778,0.01539298588297111,NORMAL,53.29999999999999,0.0,0.70000000000001,22.00000000000002,0.0,-1.9999999999999787,0.0,0.035000000000000496,0.0,0.0,0.010500000000000148,NORMAL
2017-06-21,2.138,-0.40000000000000036,2.3716472179301387,-0.8435317781072345,-0.025000000000000206,-0.07559435891353762,-1.5000000000000124,0.9926408902509144,-0.007359109749085602,0.0,0.0,0.0,0.03679554874542801,0.014718219498171203,NORMAL,53.30000000000001,0.0,0.70000000000001,22.00000000000002,0.0,-2.9999999999999787,0.0,0.035000000000000496,0.0,0.0,0.010500000000000148,NORMAL
2017-06-22,2.135,-0.30000000000001137,2.295785612583924,-0.8855408799251454,-0.02666666666666669,-0.08062931466826449,-1.6000000000000014,0.9928940136779285,-0.007105986322071489,0.0,0.0,0.0,0.035529931610357446,0.014211972644142978,NORMAL,53.39999999999998,0.0,0.899999999999963,22.00000000000002,0.0,-2.9999999999999787,0.0,0.04499999999999815,0.0,0.0,0.013499999999999445,NORMAL
2017-06-23,2.129,-0.5999999999999783,2.2635033396089845,-0.903417502574095,-0.07666666666666637,-0.23353757545112808,-4.599999999999982,0.9934003896249043,-0.00659961037509571,0.0,0.0,0.0,0.03299805187547855,0.01319922075019142,NORMAL,53.49999999999999,0.0,0.9000000000000128,22.00000000000002,0.0,-2.0,0.0,0.04500000000000064,0.0,0.0,0.01350000000000019,NORMAL
2017-06-26,2.124,-0.49999999999998934,2.2623404276382213,-0.9040614763888082,-0.043333333333333,-0.13300739111967638,-2.59999999999998,0.9938225847904948,-0.00617741520950521,0.0,0.0,0.0,0.030887076047526052,0.01235483041901042,NORMAL,53.6,0.0,0.8999999999999844,22.00000000000002,0.0,-1.0,0.0,0.04499999999999922,0.0,0.0,0.013499999999999766,NORMAL
2017-06-27,2.118,-0.6000000000000227,2.2394254432307963,-0.9167508718838561,-0.07166666666666692,-0.22028043589793728,-4.300000000000015,0.994329434308738,-0.005670565691262008,0.0,0.0,0.0,0.028352828456310042,0.011341131382524017,NORMAL,53.69999999999999,0.0,0.6999999999999886,22.00000000000002,0.0,-1.0,0.0,0.034999999999999434,0.0,0.0,0.01049999999999983,NORMAL
2017-06-28,2.178,6.000000000000005,2.6506950429135165,-0.6890063309024945,0.03166666666666688,0.0929460021599349,1.9000000000000128,0.9892583541937634,-0.0107416458062366,0.0,0.0309820007199783,0.019000000000000128,0.053708229031183,0.031479691756468885,NORMAL,53.49999999999999,0.0,0.39999999999997726,22.00000000000002,0.0,0.0,0.0,0.019999999999998862,0.0,0.0,0.005999999999999658,NORMAL
2017-06-29,2.184,0.6000000000000227,2.648952126487194,-0.689971487825807,0.0,0.0,0.0,0.9887538324331245,-0.011246167566875465,0.0,0.0,0.0,0.05623083783437732,0.02249233513375093,NORMAL,54.100000000000016,0.0,0.9000000000000128,22.00000000000002,0.0,0.0,0.0,0.04500000000000064,0.0,0.0,0.01350000000000019,NORMAL
2017-06-30,2.214,2.9999999999999805,2.715821093247176,-0.6529421470906818,0.061666666666666536,0.18046247833273138,3.699999999999992,0.9862325101604201,-0.013767489839579872,0.0,0.06015415944424379,0.03699999999999992,0.06883744919789936,0.046965811568008484,NORMAL,54.200000000000024,0.0,0.8000000000000469,22.00000000000002,0.0,0.0,0.0,0.040000000000002346,0.0,0.0,0.012000000000000703,NORMAL
2017-07-03,2.235,2.0999999999999908,2.7541547561915616,-0.631714508388141,0.09666666666666639,0.2815021331083798,5.799999999999983,0.9844720851297838,-0.015527914870216208,0.0,0.09383404436945993,0.05799999999999983,0.07763957435108104,0.06142263861432437,NORMAL,53.99999999999998,0.0,0.39999999999997726,22.00000000000002,0.0,0.0,0.0,0.019999999999998862,0.0,0.0,0.005999999999999658,NORMAL
2017-07-04,2.272,3.699999999999992,2.7472234787336154,-0.6355527706965932,0.22166666666666668,0.6479531328886315,13.3,0.9813759204220507,-0.018624079577949315,0.0,0.21598437762954384,0.133,0.09312039788974658,0.1070450346818074,NORMAL,53.99999999999998,0.0,0.4999999999999858,22.00000000000002,0.0,0.0,0.0,0.02499999999999929,0.0,0.0,0.007499999999999786,NORMAL
2017-07-05,2.277,0.5000000000000338,2.699176287606816,-0.662159370107438,0.22666666666666688,0.6625082539787723,13.600000000000012,0.9809588356558713,-0.019041164344128725,0.0,0.2208360846595908,0.13600000000000012,0.09520582172064362,0.10944954562017564,NORMAL,54.0,0.0,0.3999999999999986,22.00000000000002,0.0,0.0,0.0,0.019999999999999928,0.0,0.0,0.0059999999999999784,NORMAL
2017-07-06,2.281,0.40000000000000036,2.694126164357128,-0.6649559249762802,0.16500000000000034,0.4913637258925671,9.90000000000002,0.9806253096517483,-0.019374690348251677,0.0,0.1637879086308557,0.0990000000000002,0.09687345174125839,0.09130696242267454,NORMAL,54.0,0.0,0.3999999999999986,21.000000000000018,0.0,-1.0000000000000036,0.0,0.019999999999999928,0.0,0.0,0.0059999999999999784,NORMAL
2017-07-07,2.323,4.1999999999999815,2.810974732609381,-0.6002498937951073,0.21666666666666648,0.6332448014000944,12.99999999999999,0.9771244772962916,-0.022875522703708406,0.0,0.21108160046669813,0.1299999999999999,0.11437761351854203,0.11396736550075642,NORMAL,53.70000000000002,0.0,-0.09999999999998721,21.000000000000018,0.0,-1.0000000000000036,0.0,0.0,0.0,0.0,0.0,NORMAL
2017-07-10,2.289,-3.399999999999981,2.778540889330975,-0.6182104499738291,0.06000000000000005,0.1801717029976755,3.600000000000003,0.9799483670356779,-0.020051632964322108,0.0,0.060057234332558496,0.03600000000000003,0.10025816482161054,0.05931471279515592,NORMAL,53.89999999999999,0.0,1.0999999999999872,21.000000000000018,0.0,-1.0000000000000036,0.0,0.05499999999999936,0.0,0.0,0.016499999999999806,NORMAL
2017-07-11,2.28,-0.9000000000000341,2.556575629111798,-0.7411258717346974,0.12666666666666604,0.3925222819826623,7.599999999999962,0.9806980275364603,-0.019301972463539707,0.0,0.13084076066088743,0.07599999999999962,0.09650986231769854,0.07997209705925683,NORMAL,53.79999999999998,0.0,0.4999999999999929,21.000000000000018,0.0,-1.0000000000000036,0.0,0.024999999999999644,0.0,0.0,0.007499999999999893,NORMAL
2017-07-12,2.272,-0.8000000000000007,2.55917338628171,-0.7396873384351316,0.1116666666666662,0.3456436943677822,6.699999999999973,0.9813649021951851,-0.01863509780481487,0.0,0.11521456478926073,0.06699999999999973,0.09317548902407435,0.07371310856748184,NORMAL,53.69999999999999,0.0,0.4999999999999858,21.000000000000018,0.0,-1.0000000000000036,0.0,0.02499999999999929,0.0,0.0,0.007499999999999786,NORMAL
2017-07-13,2.238,-3.399999999999981,2.4332942799077037,-0.8093941179355094,0.10999999999999972,0.3401663579966714,6.599999999999984,0.9842010467625293,-0.015798953237470714,0.0,0.11338878599889046,0.06599999999999984,0.07899476618735357,0.0674756636747195,NORMAL,53.49999999999997,0.0,0.49999999999994316,20.00000000000001,0.0,-2.0000000000000107,0.0,0.024999999999997156,0.0,0.0,0.007499999999999146,NORMAL
2017-07-14,2.249,1.100000000000012,2.3698989540973168,-0.8444998962089066,0.10666666666666676,0.33005301345055643,6.400000000000006,0.9832808187838064,-0.016719181216193646,0.0,0.11001767115018547,0.06400000000000006,0.08359590608096823,0.0682418966624244,NORMAL,53.500000000000014,0.0,0.3000000000000327,20.00000000000001,0.0,-2.0000000000000107,0.0,0.015000000000001634,0.0,0.0,0.00450000000000049,NORMAL
2017-07-17,2.272,2.2999999999999687,2.4046227409545478,-0.8252712615005899,0.1649999999999996,0.5085607971744918,9.899999999999975,0.9813585047830841,-0.018641495216915938,0.0,0.1695202657248306,0.09899999999999975,0.09320747608457969,0.09098704357879794,NORMAL,53.79999999999998,0.0,0.4999999999999716,20.00000000000001,0.0,-2.0000000000000107,0.0,0.02499999999999858,0.0,0.0,0.007499999999999573,NORMAL
2017-07-18,2.256,-1.6000000000000014,2.4046227409545478,-0.8252712615005899,0.1366666666666664,0.4195116451168476,8.199999999999985,0.9826931523495891,-0.017306847650410906,0.0,0.1398372150389492,0.08199999999999985,0.08653423825205453,0.07898113830861161,NORMAL,53.90000000000001,0.0,0.6000000000000227,20.00000000000001,0.0,-2.0000000000000107,0.0,0.030000000000001137,0.0,0.0,0.009000000000000341,NORMAL
2017-07-19,2.258,0.20000000000002238,2.395610020103653,-0.8302621433327595,0.1899999999999998,0.5911481224221163,11.399999999999988,0.9825260945136897,-0.017473905486310337,0.0,0.19704937414070545,0.11399999999999988,0.08736952743155169,0.09715768580076174,NORMAL,53.800000000000004,0.0,0.4999999999999929,20.00000000000001,0.0,-2.0000000000000107,0.0,0.024999999999999644,0.0,0.0,0.007499999999999893,NORMAL
2017-07-20,2.237,-2.0999999999999908,2.464036055785405,-0.792370560537588,0.15499999999999994,0.4789021391767778,9.299999999999997,0.9842799035923965,-0.015720096407603523,0.0,0.15963404639225928,0.09299999999999997,0.07860048203801762,0.0819670020936589,NORMAL,53.89999999999999,0.0,0.5000000000000142,20.00000000000001,0.0,-2.0000000000000107,0.0,0.02500000000000071,0.0,0.0,0.007500000000000212,NORMAL
2017-07-21,2.219,-1.8000000000000238,2.5067277894750144,-0.7687295977717054,0.0899999999999997,0.27815266803169547,5.399999999999983,0.9857858518448929,-0.014214148155107131,0.0,0.09271755601056515,0.053999999999999826,0.07107074077553566,0.05777180751232726,NORMAL,54.099999999999994,0.0,0.6000000000000014,20.00000000000001,0.0,-2.0000000000000107,0.0,0.030000000000000072,0.0,0.0,0.009000000000000022,NORMAL
2017-07-24,2.22,0.1000000000000334,2.4983362885180793,-0.7733764730453851,0.025000000000000206,0.07893745507141049,1.5000000000000124,0.9857020600474861,-0.014297939952513938,0.0,0.026312485023803497,0.015000000000000124,0.07148969976256969,0.036858376909788604,NORMAL,53.89999999999999,0.0,0.29999999999999005,20.00000000000001,0.0,-2.0000000000000107,0.0,0.014999999999999503,0.0,0.0,0.0044999999999998505,NORMAL
2017-07-25,2.207,-1.3000000000000345,2.519079823644879,-0.7618895387097856,0.0216666666666665,0.06836536936051572,1.29999999999999,0.9867912608238386,-0.013208739176161388,0.0,0.022788456453505242,0.0129999999999999,0.06604369588080694,0.0335751696430238,NORMAL,53.90000000000001,0.0,0.20000000000002416,20.00000000000001,0.0,-2.0000000000000107,0.0,0.010000000000001208,0.0,0.0,0.003000000000000362,NORMAL
2017-07-26,2.245,3.8000000000000256,2.3024643548300903,-0.8818424614464652,0.06333333333333376,0.19640451253731447,3.8000000000000256,0.9836039250513775,-0.016396074948622497,0.0,0.06546817084577149,0.038000000000000256,0.08198037474311248,0.05348578406639934,NORMAL,53.49999999999997,0.0,-2.1316282072803006e-14,20.00000000000001,0.0,-2.0000000000000107,0.0,0.0,0.0,0.0,0.0,NORMAL
2017-07-27,2.215,-3.000000000000025,2.4184542692868045,-0.8176119181561495,0.03166666666666614,0.09715602383894674,1.8999999999999684,0.9861121150602585,-0.013887884939741468,0.0,0.03238534127964891,0.018999999999999684,0.06943942469870734,0.03805283813541266,NORMAL,53.800000000000004,0.0,-0.30000000000001137,20.00000000000001,0.0,-2.0000000000000107,0.0,0.0,0.0,0.0,0.0,NORMAL
2017-07-28,2.229,1.4000000000000234,2.344730935074372,-0.8584369315361292,0.05499999999999986,0.1683336693735318,3.299999999999992,0.9849386416433368,-0.015061358356663224,0.0,0.056111223124510605,0.03299999999999992,0.07530679178331612,0.04794496133822855,NORMAL,53.400000000000006,0.0,-0.8000000000000185,20.00000000000001,0.0,-2.0000000000000107,0.0,0.0,0.0,0.0,0.0,NORMAL
2017-07-31,2.226,-0.30000000000001137,2.2965592111953743,-0.8851124921697545,-0.01666666666666705,-0.052107248526168645,-1.000000000000023,0.985189800996956,-0.014810199003044033,0.0,0.0,0.0,0.07405099501522017,0.029620398006088067,NORMAL,53.59999999999998,0.0,-0.3999999999999986,20.00000000000001,0.0,-2.0000000000000107,0.0,0.0,0.0,0.0,0.0,NORMAL
2017-08-01,2.258,3.200000000000003,2.2560095184569655,-0.9075672789246437,0.07833333333333359,0.24368303761146515,4.700000000000015,0.9825100847382442,-0.017489915261755806,0.0,0.08122767920382172,0.04700000000000015,0.08744957630877903,0.06062536636427599,NORMAL,53.79999999999998,0.0,-0.19999999999999574,20.00000000000001,0.0,-2.0000000000000107,0.0,0.0,0.0,0.0,0.0,NORMAL
2017-08-02,2.247,-1.100000000000012,2.2630905742741336,-0.9036460753929739,0.008333333333333156,0.02621325506875414,0.49999999999998934,0.9834287316674744,-0.016571268332525646,0.0,0.008737751689584712,0.004999999999999893,0.08285634166262823,0.03589008700296821,NORMAL,54.0,0.0,0.0,20.00000000000001,0.0,-2.0000000000000107,0.0,0.0,0.0,0.0,0.0,NORMAL
2017-08-03,2.25,0.30000000000001137,2.261921632967026,-0.9042933880113312,-0.08166666666666655,-0.2695410630261044,-4.899999999999993,0.9831779573408992,-0.01682204265910081,0.0,0.0,0.0,0.08411021329550405,0.03364408531820162,NORMAL,53.89999999999997,0.0,-0.10000000000002984,20.00000000000001,0.0,-1.000000000000007,0.0,0.0,0.0,0.0,0.0,NORMAL
2017-08-04,2.251,0.09999999999998899,2.0192234046520836,-1.0386898925115848,-0.09166666666666694,-0.3028183093670825,-5.500000000000016,0.9830943872145252,-0.016905612785474755,0.0,0.0,0.0,0.08452806392737378,0.03381122557094951,NORMAL,53.69999999999999,0.0,-2.842170943040401e-14,20.00000000000001,0.0,-1.000000000000007,0.0,0.0,0.0,0.0,0.0,NORMAL
2017-08-07,2.285,3.4000000000000252,2.0526234817654134,-1.0201942749488335,-0.006666666666666672,-0.021718264870944685,-0.40000000000000036,0.9802532444354752,-0.019746755564524765,0.0,0.0,0.0,0.09873377782262382,0.03949351112904953,NORMAL,53.49999999999999,0.0,-0.3999999999999986,20.00000000000001,0.0,-1.000000000000007,0.0,0.0,0.0,0.0,0.0,NORMAL
2017-08-08,2.311,2.59999999999998,2.1216862707711925,-0.9819500838071886,0.016666666666666313,0.053868898010923504,0.9999999999999787,0.978086884765273,-0.021913115234727054,0.0,0.017956299336974502,0.009999999999999787,0.10956557617363527,0.04941749033684897,NORMAL,52.6,0.0,-1.1999999999999815,20.00000000000001,0.0,-1.000000000000007,0.0,0.0,0.0,0.0,0.0,NORMAL
2017-08-09,2.338,2.7000000000000135,2.1822489606632454,-0.9484129052248116,0.061666666666666536,0.19726523916937794,3.699999999999992,0.9758421753647366,-0.024157824635263392,0.0,0.06575507972312598,0.03699999999999992,0.12078912317631696,0.06886666521515197,NORMAL,53.0,0.0,-0.6999999999999886,20.00000000000001,0.0,-1.000000000000007,0.0,0.0,0.0,0.0,0.0,NORMAL
2017-08-10,2.322,-1.6000000000000014,2.0536488707202505,-1.0196264558417882,0.12166666666666659,0.4041613876406446,7.299999999999995,0.9771693207232327,-0.022830679276767296,0.0,0.13472046254688153,0.07299999999999995,0.11415339638383648,0.08720545106291089,NORMAL,52.90000000000001,0.0,-0.5999999999999588,20.00000000000001,0.0,0.0,0.0,0.0,0.0,0.0,0.0,NORMAL
2017-08-11,2.302,-2.0000000000000018,2.1156745844690894,-0.9852791135688161,0.0899999999999997,0.2969428540652496,5.399999999999983,0.9788305085684622,-0.02116949143153779,0.0,0.09898095135508321,0.053999999999999826,0.10584745715768895,0.07293517313409219,NORMAL,53.400000000000006,0.0,-0.10000000000000853,20.00000000000001,0.0,0.0,0.0,0.0,0.0,0.0,0.0,NORMAL
2017-08-14,2.301,-0.09999999999998899,2.0615464302825117,-1.015253105419662,0.10500000000000027,0.3470558145217895,6.300000000000017,0.9789137091616904,-0.021086290838309596,0.0,0.11568527150726317,0.06300000000000017,0.10543145419154798,0.07790963597807186,NORMAL,53.6,0.0,-0.19999999999998153,20.00000000000001,0.0,0.0,0.0,0.0,0.0,0.0,0.0,NORMAL
2017-08-16,2.332,3.0999999999999694,2.1192352145849394,-0.9833073800101864,0.10000000000000009,0.3314967720658984,6.000000000000005,0.9763342715380494,-0.023665728461950586,0.0,0.11049892402196614,0.06000000000000005,0.11832864230975293,0.08143124172829441,NORMAL,53.800000000000004,0.0,-0.10000000000000853,20.00000000000001,0.0,0.0,0.0,0.0,0.0,0.0,0.0,NORMAL
2017-08-17,2.32,-1.200000000000001,2.148414347961386,-0.9671491510961614,0.11833333333333289,0.3947854545579287,7.099999999999973,0.9773301324950182,-0.02266986750498179,0.0,0.13159515151930956,0.07099999999999973,0.11334933752490894,0.08585876531382544,NORMAL,53.89999999999999,0.0,0.09999999999998721,20.00000000000001,0.0,0.0,0.0,0.004999999999999361,0.0,0.0,0.0014999999999998081,NORMAL
2017-08-18,2.314,-0.5999999999999783,2.085103809103248,-1.0022079777700823,0.07499999999999989,0.25145944030220035,4.499999999999993,0.9778285708625907,-0.022171429137409326,0.0,0.08381981343406679,0.04499999999999993,0.11085714568704663,0.070106820961632,NORMAL,54.6,0.0,0.70000000000001,20.00000000000001,0.0,0.0,0.0,0.035000000000000496,0.0,0.0,0.010500000000000148,NORMAL
2017-08-21,2.304,-1.000000000000023,2.048330514037437,-1.0225715475831592,0.09666666666666639,0.32645098570859843,5.799999999999983,0.9786597251478238,-0.021340274852176155,0.0,0.10881699523619948,0.05799999999999983,0.10670137426088078,0.07604394875159218,NORMAL,54.100000000000016,0.0,2.1316282072803006e-14,20.00000000000001,0.0,0.0,0.0,1.0658141036401502e-15,0.0,0.0,3.1974423109204507e-16,NORMAL
2017-08-22,2.308,0.40000000000000036,2.0469232366755077,-1.0233508411100167,0.11833333333333289,0.40022071991186786,7.099999999999973,0.9783269808412736,-0.021673019158726436,0.0,0.1334069066372893,0.07099999999999973,0.10836509579363218,0.08422741964491068,NORMAL,53.800000000000026,0.0,-0.0999999999999659,20.00000000000001,0.0,0.0,0.0,0.0,0.0,0.0,0.0,NORMAL
2017-08-23,2.297,-1.0999999999999677,2.0384462607326093,-1.0280450489885344,0.08666666666666674,0.2926660513834062,5.200000000000005,0.97924171656836,-0.02075828343163999,0.0,0.09755535046113539,0.052000000000000046,0.10379141715819995,0.07142763695550707,NORMAL,53.89999999999999,0.0,-2.1316282072803006e-14,20.00000000000001,0.0,0.0,0.0,0.0,0.0,0.0,0.0,NORMAL
2017-08-24,2.289,-0.8000000000000007,1.895035064249961,-1.10746039391003,0.11000000000000047,0.3741676604474079,6.600000000000028,0.9799076009356265,-0.020092399064373545,0.0,0.1247225534824693,0.06600000000000028,0.10046199532186773,0.078329308825241,NORMAL,53.800000000000004,0.0,0.3000000000000327,20.00000000000001,0.0,0.0,0.0,0.015000000000001634,0.0,0.0,0.00450000000000049,NORMAL
2017-08-25,2.253,-3.600000000000003,1.9525691577481905,-1.0756003300379577,0.03833333333333355,0.1276852668583913,2.300000000000013,0.9829061181944896,-0.017093881805510414,0.0,0.042561755619463765,0.02300000000000013,0.08546940902755207,0.047300114734913606,NORMAL,55.100000000000016,0.0,1.3000000000000114,20.00000000000001,0.0,0.0,0.0,0.06500000000000057,0.0,0.0,0.01950000000000017,NORMAL
2017-08-28,2.251,-0.20000000000002238,1.9330641070862769,-1.0864014415551784,0.0649999999999995,0.21766074138988553,3.89999999999997,0.9830732122345827,-0.01692678776541734,0.0,0.07255358046329517,0.0389999999999997,0.0846339388270867,0.05616429162349365,NORMAL,54.999999999999986,0.0,1.59999999999998,20.00000000000001,0.0,0.0,0.0,0.079999999999999,0.0,0.0,0.0239999999999997,NORMAL
2017-08-29,2.261,1.000000000000023,1.9403946966912096,-1.0823420562614778,0.08666666666666674,0.2898872280097751,5.200000000000005,0.9822376000041833,-0.017762399995816747,0.0,0.09662907600325837,0.052000000000000046,0.08881199997908373,0.06525061519228517,NORMAL,55.00000000000001,0.0,1.400000000000027,21.000000000000018,0.0,1.000000000000007,0.0,0.07000000000000135,0.0,0.03333333333333357,0.027666666666667117,NORMAL
2017-08-30,2.249,-1.200000000000001,1.825398298281343,-1.1460224303775548,0.1200000000000001,0.4073569204919261,7.200000000000006,0.9832394823561875,-0.016760517643812478,0.0,0.13578564016397537,0.07200000000000006,0.08380258821906239,0.07507816332042004,NORMAL,55.49999999999999,0.0,1.70000000000001,21.000000000000018,0.0,1.000000000000007,0.0,0.08500000000000049,0.0,0.03333333333333357,0.032166666666666864,NORMAL
2017-08-31,2.262,1.29999999999999,1.8312707695966062,-1.1427704922689454,0.1699999999999998,0.5790431715683728,10.199999999999987,0.982153002728184,-0.017846997271816045,0.0,0.19301439052279093,0.10199999999999987,0.08923498635908023,0.09469687264819025,NORMAL,55.699999999999974,0.0,1.6999999999999744,21.000000000000018,0.0,1.000000000000007,0.0,0.08499999999999872,0.0,0.03333333333333357,0.03216666666666633,NORMAL
2017-09-01,2.271,0.8999999999999897,1.84004433585029,-1.1379120446210853,0.1633333333333331,0.5570175459397653,9.799999999999986,0.9814016556810968,-0.01859834431890317,0.0,0.1856725153132551,0.09799999999999986,0.09299172159451585,0.09393119170045734,NORMAL,55.49999999999999,0.0,1.6000000000000227,21.000000000000018,0.0,1.000000000000007,0.0,0.08000000000000114,0.0,0.03333333333333357,0.030666666666667054,NORMAL
2017-09-04,2.305,3.4000000000000252,1.982051037634874,-1.0592744522992672,0.2200000000000002,0.7379383923134276,13.200000000000012,0.9785654048961784,-0.02143459510382162,0.0,0.24597946410447588,0.13200000000000012,0.1071729755191081,0.11846508302853843,NORMAL,55.3,0.0,1.6000000000000085,21.000000000000018,0.0,1.000000000000007,0.0,0.08000000000000043,0.0,0.03333333333333357,0.030666666666666842,NORMAL
2017-09-05,2.306,0.09999999999998899,1.84004433585029,-1.1379120446210853,0.14000000000000012,0.48715562230924975,8.400000000000007,0.9784822268367622,-0.021517773163237774,0.0,0.16238520743641657,0.08400000000000007,0.10758886581618887,0.09231258781375888,NORMAL,55.30000000000002,0.0,1.8000000000000256,21.000000000000018,0.0,1.000000000000007,0.0,0.09000000000000127,0.0,0.03333333333333357,0.033666666666667094,NORMAL
2017-09-06,2.28,-2.6000000000000245,1.8363221251644362,-1.139973254991946,0.17166666666666627,0.6122730973624377,10.299999999999976,0.9806446725580715,-0.01935532744192847,0.0,0.20409103245414592,0.10299999999999976,0.09677663720964236,0.10012886137468607,NORMAL,54.89999999999999,0.0,2.29999999999999,21.000000000000018,0.0,1.000000000000007,0.0,0.1149999999999995,0.0,0.03333333333333357,0.04116666666666657,NORMAL
2017-09-07,2.275,-0.49999999999998934,1.7095013123253548,-1.2102015136067372,0.17499999999999996,0.6245090886985478,10.499999999999998,0.9810614465439086,-0.01893855345609141,0.0,0.20816969623284928,0.10499999999999998,0.09469276728045706,0.10051104615875267,NORMAL,54.400000000000006,0.0,1.4000000000000057,21.000000000000018,0.0,1.000000000000007,0.0,0.07000000000000028,0.0,0.03333333333333357,0.027666666666666798,NORMAL
2017-09-08,2.24,-3.49999999999997,1.8330015648771554,-1.1418120475479996,0.19499999999999998,0.7091226956644595,11.7,0.9839801043473767,-0.016019895652623295,0.0,0.23637423188815318,0.11699999999999999,0.08009947826311647,0.10271463768287722,NORMAL,54.30000000000001,0.0,1.3999999999999986,21.000000000000018,0.0,1.000000000000007,0.0,0.06999999999999992,0.0,0.03333333333333357,0.02766666666666669,NORMAL
2017-09-11,2.251,1.0999999999999677,1.8225127246685926,-1.1476203448317492,0.1633333333333331,0.6020138350241298,9.799999999999986,0.9830600829498118,-0.016939917050188158,0.0,0.20067127834137657,0.09799999999999986,0.08469958525094079,0.09361408976865161,NORMAL,54.6,0.0,1.1999999999999957,21.000000000000018,0.0,1.000000000000007,0.0,0.05999999999999979,0.0,0.03333333333333357,0.02466666666666665,NORMAL
2017-09-12,2.251,0.0,1.8230974221160825,-1.1472965629332228,0.15499999999999994,0.5713984418021307,9.299999999999997,0.9830600829498118,-0.016939917050188158,0.0,0.1904661472673769,0.09299999999999997,0.08469958525094079,0.0905730635538517,NORMAL,54.800000000000026,0.0,1.2000000000000242,21.000000000000018,0.0,1.000000000000007,0.0,0.060000000000001205,0.0,0.03333333333333357,0.024666666666667073,NORMAL
2017-09-13,2.242,-0.8999999999999897,1.6471666262818836,-1.2447199522930383,0.16666666666666682,0.6167496430784609,10.000000000000009,0.9838121239132683,-0.016187876086731667,0.0,0.20558321435948698,0.10000000000000009,0.08093938043365834,0.09349239504536075,NORMAL,54.89999999999999,0.0,1.0999999999999872,21.000000000000018,0.0,1.000000000000007,0.0,0.05499999999999936,0.0,0.03333333333333357,0.02316666666666652,NORMAL
2017-09-14,2.244,0.20000000000002238,1.643359844631531,-1.2468279946580578,0.1766666666666672,0.654167222798831,10.600000000000032,0.9836448758522031,-0.01635512414779694,0.0,0.21805574093294366,0.10600000000000032,0.0817756207389847,0.09752139648218268,NORMAL,54.89999999999999,0.0,1.0,21.000000000000018,0.0,1.000000000000007,0.0,0.05,0.0,0.03333333333333357,0.021666666666666713,NORMAL
2017-09-15,2.248,0.40000000000000036,1.651506489303184,-1.242316710933914,0.18833333333333405,0.6976175989453207,11.300000000000043,0.9833104365944133,-0.016689563405586694,0.0,0.23253919964844025,0.11300000000000043,0.08344781702793347,0.10248696674086152,NORMAL,55.099999999999994,0.0,0.4999999999999929,21.000000000000018,0.0,1.000000000000007,0.0,0.024999999999999644,0.0,0.03333333333333357,0.014166666666666607,NORMAL
2017-09-18,2.265,1.6999999999999904,1.7033944439204165,-1.2135832513835854,0.22666666666666688,0.8370586828511445,13.600000000000012,0.9818895530135343,-0.01811044698646569,0.0,0.2790195609503815,0.13600000000000012,0.09055223493232845,0.11922480616300771,NORMAL,55.2,0.0,1.0999999999999872,21.000000000000018,0.0,1.000000000000007,0.0,0.05499999999999936,0.0,0.03333333333333357,0.02316666666666652,NORMAL
2017-09-19,2.294,2.8999999999999915,1.8359279884971968,-1.1401915120049457,0.2833333333333332,1.0336077632293186,16.999999999999993,0.979469195265356,-0.02053080473464397,0.0,0.34453592107643954,0.16999999999999993,0.10265402367321985,0.14396879368457582,NORMAL,54.70000000000002,0.0,0.8999999999999915,21.000000000000018,0.0,1.000000000000007,0.0,0.044999999999999575,0.0,0.03333333333333357,0.020166666666666586,NORMAL
2017-09-20,2.28,-1.4000000000000234,1.8459842617792934,-1.1346227528640291,0.26999999999999985,0.9812072078150981,16.199999999999992,0.9806347636077218,-0.019365236392278162,0.0,0.3270690692716994,0.16199999999999992,0.09682618196139081,0.13654428663889617,NORMAL,54.70000000000002,0.0,0.8000000000000256,21.000000000000018,0.0,1.000000000000007,0.0,0.04000000000000128,0.0,0.03333333333333357,0.0186666666666671,NORMAL
2017-09-21,2.28,0.0,1.8383273289653976,-1.1388628538838252,0.1699999999999998,0.6602477972161745,10.199999999999987,0.9806347636077218,-0.019365236392278162,0.0,0.22008259907205818,0.10199999999999987,0.09682618196139081,0.10314699259896794,NORMAL,54.800000000000026,0.0,1.0000000000000213,21.000000000000018,0.0,1.000000000000007,0.0,0.050000000000001064,0.0,0.03333333333333357,0.02166666666666703,NORMAL
2017-09-22,2.268,-1.200000000000001,1.6641340406539247,-1.2353240815533044,0.13999999999999937,0.5418458510072623,8.399999999999963,0.9816350110666018,-0.01836498893339822,0.0,0.18061528366908744,0.08399999999999963,0.09182494466699109,0.08965303460061386,NORMAL,54.70000000000002,0.0,-0.3999999999999986,21.000000000000018,0.0,1.000000000000007,0.0,0.0,0.0,0.03333333333333357,0.006666666666666714,NORMAL
2017-09-25,2.27,0.20000000000002238,1.6630583747706322,-1.2359197419984933,0.09333333333333342,0.36775152004451345,5.600000000000005,0.9814681331147205,-0.018531866885279524,0.0,0.12258384001483781,0.05600000000000005,0.09265933442639762,0.07278050177352663,NORMAL,54.800000000000004,0.0,-0.19999999999998153,21.000000000000018,0.0,1.000000000000007,0.0,0.0,0.0,0.03333333333333357,0.006666666666666714,NORMAL
2017-09-26,2.31,4.0000000000000036,1.8712436056213917,-1.1206351455299421,0.1250000000000003,0.4808812734201942,7.500000000000018,0.9781311414621304,-0.021868858537869573,0.0,0.1602937578067314,0.07500000000000018,0.10934429268934787,0.09079646863708546,NORMAL,54.29999999999999,0.0,-0.700000000000017,21.000000000000018,0.0,0.0,0.0,0.0,0.0,0.0,0.0,NORMAL
2017-09-27,2.36,4.999999999999982,2.116719159454081,-0.9847006700109625,0.1466666666666668,0.551738611853931,8.800000000000008,0.9739740841109163,-0.02602591588908365,0.0,0.183912870617977,0.08800000000000008,0.13012957944541825,0.10643440590176272,NORMAL,53.90000000000001,0.0,-1.59999999999998,21.000000000000018,0.0,0.0,0.0,0.0,0.0,0.0,0.0,NORMAL
2017-09-28,2.394,3.4000000000000252,2.205829596892361,-0.9353548985591318,0.19499999999999998,0.7188837022540934,11.7,0.9711592990078357,-0.028840700992164292,0.0,0.23962790075136445,0.11699999999999999,0.14420350496082146,0.1290069821346015,NORMAL,54.30000000000001,0.0,-1.399999999999963,21.000000000000018,0.0,0.0,0.0,0.0,0.0,0.0,0.0,NORMAL
2017-09-29,2.379,-1.5000000000000124,2.256779260711811,-0.9071410266642311,0.1633333333333331,0.5989644754801459,9.799999999999986,0.9723975271140706,-0.02760247288592943,0.0,0.19965482516004862,0.09799999999999986,0.13801236442964715,0.11473591080386857,NORMAL,54.099999999999994,0.0,-1.3999999999999986,21.000000000000018,0.0,0.0,0.0,0.0,0.0,0.0,0.0,NORMAL
2017-10-10,2.418,3.9000000000000146,2.292613998772672,-0.8872971919213907,0.15833333333333366,0.583219574000821,9.50000000000002,0.9691740293116874,-0.03082597068831261,0.0,0.19440652466694033,0.0950000000000002,0.15412985344156305,0.11953324631001333,NORMAL,53.800000000000004,0.0,-1.499999999999993,21.000000000000018,0.0,0.0,0.0,0.0,0.0,0.0,0.0,NORMAL
2017-10-11,2.418,0.0,2.293790244161511,-0.8866458345967324,0.215,0.8121706255062722,12.9,0.9691740293116874,-0.03082597068831261,0.0,0.2707235418354241,0.129,0.15412985344156305,0.14159664974371006,NORMAL,53.99999999999998,0.0,-1.3000000000000398,21.000000000000018,0.0,0.0,0.0,0.0,0.0,0.0,0.0,NORMAL
2017-10-12,2.388,-3.000000000000025,2.3243335207730995,-0.8697321980980967,0.18000000000000016,0.6679231192386059,10.80000000000001,0.9716454230864322,-0.028354576913567797,0.0,0.22264103974620197,0.1080000000000001,0.14177288456783899,0.12283736177637601,NORMAL,54.30000000000001,0.0,-0.5999999999999801,21.000000000000018,0.0,0.0,0.0,0.0,0.0,0.0,0.0,NORMAL
2017-10-13,2.391,0.30000000000001137,2.3123467232275208,-0.8763700038268945,0.1983333333333337,0.7373390899234584,11.900000000000022,0.9713976535035451,-0.028602346496454878,0.0,0.24577969664115282,0.11900000000000022,0.1430117324822744,0.13016063232114036,NORMAL,54.400000000000006,0.0,0.0,21.000000000000018,0.0,0.0,0.0,0.0,0.0,0.0,0.0,NORMAL
2017-10-16,2.398,0.7000000000000117,2.1036059266737333,-0.9919622502071306,0.2666666666666669,1.0174902339695966,16.000000000000014,0.9708196718997105,-0.029180328100289477,0.0,0.3391634113231989,0.16000000000000014,0.14590164050144738,0.15819333846521877,NORMAL,54.59999999999998,0.0,0.29999999999996874,21.000000000000018,0.0,0.0,0.0,0.014999999999998436,0.0,0.0,0.00449999999999953,NORMAL
2017-10-17,2.401,0.29999999999996696,2.105006563310187,-0.9911866340465952,0.2533333333333328,0.9680180857773278,15.199999999999969,0.9705721128833761,-0.02942788711662392,0.0,0.3226726952591093,0.1519999999999997,0.1471394355831196,0.15379031328506965,NORMAL,54.19999999999998,0.0,-0.4000000000000199,21.000000000000018,0.0,0.0,0.0,0.0,0.0,0.0,0.0,NORMAL
2017-10-18,2.392,-0.8999999999999897,2.1313388428773847,-0.976604878118973,0.20000000000000018,0.7690443988773703,12.00000000000001,0.9713146005497317,-0.028685399450268267,0.0,0.25634813295912345,0.1200000000000001,0.14342699725134134,0.13264042549236124,NORMAL,54.19999999999998,0.0,-0.600000000000044,21.000000000000018,0.0,0.0,0.0,0.0,0.0,0.0,0.0,NORMAL
2017-10-19,2.429,3.699999999999992,2.196234816321121,-0.9406681016227663,0.2883333333333334,1.0894418753167903,17.300000000000004,0.9682598161310029,-0.03174018386899713,0.0,0.3631472917722634,0.17300000000000004,0.15870091934498565,0.17070982609244695,NORMAL,54.400000000000006,0.0,-0.4999999999999858,21.000000000000018,0.0,0.0,0.0,0.0,0.0,0.0,0.0,NORMAL
2017-10-20,2.471,4.200000000000026,2.305205779146528,-0.8803243710671521,0.3550000000000001,1.302451634408486,21.300000000000008,0.9648031285874151,-0.035196871412584874,0.0,0.43415054480282866,0.21300000000000008,0.17598435706292437,0.1998238517857355,NORMAL,54.19999999999998,0.0,-0.70000000000001,21.000000000000018,0.0,0.0,0.0,0.0,0.0,0.0,0.0,NORMAL
2017-10-23,2.454,-1.6999999999999904,2.386827888311404,-0.8351253342309115,0.36166666666666686,1.3314922147691926,21.70000000000001,0.9661972691082239,-0.0338027308917761,0.0,0.4438307382563975,0.2170000000000001,0.1690136544588805,0.19977160943483174,NORMAL,55.2,0.0,0.10000000000000853,21.000000000000018,0.0,0.0,0.0,0.005000000000000426,0.0,0.0,0.0015000000000001278,NORMAL
2017-10-24,2.456,0.19999999999997797,2.3882332161530764,-0.8343471202698578,0.3950000000000002,1.4675121674405007,23.70000000000001,0.9660330155724755,-0.03396698442752455,0.0,0.4891707224801669,0.2370000000000001,0.16983492213762275,0.21316811335108252,NORMAL,55.3,0.0,0.09999999999999432,21.000000000000018,0.0,0.0,0.0,0.004999999999999716,0.0,0.0,0.0014999999999999146,NORMAL
2017-10-25,2.5,4.400000000000004,2.4745228141794864,-0.7865634160788558,0.4666666666666663,1.683191389385444,27.99999999999998,0.9624200520942344,-0.037579947905765576,0.0,0.5610637964618147,0.2799999999999998,0.18789973952882788,0.24337265510389405,NORMAL,55.40000000000003,0.0,0.70000000000001,21.000000000000018,0.0,0.0,0.0,0.035000000000000496,0.0,0.0,0.010500000000000148,NORMAL
2017-10-26,2.543,4.300000000000015,2.5079400227865825,-0.7680583117848044,0.5600000000000005,1.9800248403584872,33.60000000000003,0.95890240680383,-0.04109759319617001,0.0,0.6600082801194957,0.3360000000000003,0.20548796598085006,0.28139684241623925,NORMAL,54.70000000000002,0.0,0.0,21.000000000000018,0.0,0.0,0.0,0.0,0.0,0.0,0.0,NORMAL
2017-10-27,2.536,-0.7000000000000117,2.5320264403708093,-0.7547202237743192,0.4849999999999998,1.7435494641042861,29.099999999999994,0.9594729537358782,-0.040527046264121847,0.0,0.5811831547014287,0.2909999999999999,0.20263523132060923,0.2554907234685294,NORMAL,55.2,0.0,0.39999999999997726,19.00000000000001,0.0,-2.000000000000007,0.0,0.019999999999998862,0.0,0.0,0.005999999999999658,NORMAL
2017-10-30,2.521,-1.5000000000000124,2.5483276249749673,-0.7456932842485422,0.51,1.861646764290327,30.600000000000005,0.9606962817518914,-0.03930371824810863,0.0,0.620548921430109,0.30600000000000005,0.19651859124054316,0.2639172207822391,NORMAL,56.00000000000001,0.0,1.29999999999999,19.00000000000001,0.0,-2.000000000000007,0.0,0.0649999999999995,0.0,0.0,0.01949999999999985,NORMAL
2017-10-31,2.571,5.000000000000027,2.6660585929519023,-0.6804986156372873,0.5700000000000002,2.0094938032146503,34.20000000000001,0.9566133225544459,-0.043386677445554134,0.0,0.6698312677382168,0.3420000000000001,0.21693338722777067,0.28913960843875164,NORMAL,56.400000000000006,0.0,1.6000000000000014,21.000000000000018,0.0,0.0,0.0,0.08000000000000007,0.0,0.0,0.02400000000000002,NORMAL
2017-11-01,2.547,-2.400000000000002,2.7340494355057885,-0.6428480252695173,0.5350000000000004,1.86019143504939,32.100000000000016,0.9585648137324569,-0.041435186267543056,0.0,0.62006381168313,0.3210000000000002,0.20717593133771528,0.27108313487171215,NORMAL,56.49999999999999,0.0,2.200000000000003,22.00000000000002,0.0,1.0000000000000036,0.0,0.11000000000000014,0.0,0.03333333333333345,0.03966666666666673,NORMAL
2017-11-02,2.526,-2.100000000000035,2.672885292988412,-0.6767182640931133,0.4466666666666664,1.5547229015192163,26.79999999999998,0.9602758519249693,-0.03972414807503066,0.0,0.5182409671730721,0.2679999999999998,0.19862074037515332,0.2366964895846757,NORMAL,56.20000000000003,0.0,2.3000000000000185,22.99999999999999,0.0,1.9999999999999716,0.0,0.11500000000000092,0.0,0.06666666666666572,0.04783333333333342,NORMAL
2017-11-03,2.526,0.0,2.608165316039137,-0.7125575808187066,0.46499999999999986,1.6247000060250603,27.89999999999999,0.9602758519249693,-0.03972414807503066,0.0,0.5415666686750201,0.2789999999999999,0.19862074037515332,0.24356162988506536,NORMAL,56.099999999999994,0.0,1.799999999999983,24.0,0.0,2.9999999999999822,0.0,0.08999999999999915,0.0,0.09999999999999941,0.046999999999999625,NORMAL
2017-11-06,2.549,2.300000000000013,2.5807995497112,-0.7277116400921547,0.4983333333333332,1.7314210052018384,29.89999999999999,0.958398512634456,-0.04160148736554403,0.0,0.5771403350672795,0.29899999999999993,0.20800743682772016,0.25843104174454395,NORMAL,55.89999999999997,0.0,1.7999999999999758,25.0,0.0,3.9999999999999822,0.0,0.08999999999999879,0.0,0.13333333333333275,0.05366666666666618,NORMAL
2017-11-07,2.539,-0.9999999999999787,2.507562246695519,-0.7682675089696177,0.4800000000000004,1.6618789224180426,28.800000000000026,0.9592131513701952,-0.04078684862980475,0.0,0.5539596408060142,0.28800000000000026,0.20393424314902375,0.2499656254208124,NORMAL,56.19999999999998,0.0,2.3999999999999773,26.0,0.0,4.999999999999982,0.0,0.11999999999999886,0.0,0.16666666666666607,0.06933333333333287,NORMAL
2017-11-08,2.538,-0.1000000000000334,2.508931414388467,-0.7675093190426271,0.4216666666666661,1.4811161013544778,25.29999999999997,0.9592946844880619,-0.04070531551193812,0.0,0.49370536711815927,0.25299999999999967,0.2035265775596906,0.23075170444750803,NORMAL,55.800000000000026,0.0,1.800000000000047,28.000000000000004,0.0,6.999999999999986,0.0,0.09000000000000234,0.0,0.23333333333333287,0.07366666666666728,NORMAL
2017-11-09,2.537,-0.09999999999998899,2.3698711934795633,-0.8445152689209975,0.3766666666666667,1.3337743362847407,22.599999999999998,0.9593762245362433,-0.04062377546375673,0.0,0.4445914454282469,0.22599999999999998,0.20311887731878364,0.21536584001316283,NORMAL,56.20000000000003,0.0,1.90000000000002,28.000000000000004,0.0,6.999999999999986,0.0,0.095000000000001,0.0,0.23333333333333287,0.07516666666666688,NORMAL
2017-11-10,2.564,2.7000000000000135,2.406630096432078,-0.8241596688806412,0.3766666666666666,1.3337743362847405,22.599999999999998,0.9571744561009325,-0.04282554389906745,0.0,0.44459144542824686,0.22599999999999998,0.21412771949533727,0.21976937688378428,NORMAL,56.30000000000002,0.0,1.9000000000000128,28.000000000000004,0.0,6.999999999999986,0.0,0.09500000000000064,0.0,0.23333333333333287,0.07516666666666677,NORMAL
2017-11-13,2.583,1.9000000000000128,2.417235262813597,-0.8182869548471866,0.43500000000000016,1.545240921645815,26.100000000000012,0.9556286193543295,-0.04437138064567048,0.0,0.5150803072152716,0.2610000000000001,0.2218569032283524,0.24395882273439531,NORMAL,56.19999999999998,0.0,1.6000000000000014,28.000000000000004,0.0,6.999999999999986,0.0,0.08000000000000007,0.0,0.23333333333333287,0.0706666666666666,NORMAL
2017-11-14,2.61,2.699999999999969,2.443999095529171,-0.8034662221662087,0.5133333333333331,1.8273078983334214,30.799999999999983,0.9534354516729114,-0.04656454832708856,0.0,0.6091026327778072,0.30799999999999983,0.2328227416354428,0.2765496232097385,NORMAL,56.00000000000001,0.0,1.8000000000000256,28.000000000000004,0.0,6.999999999999986,0.0,0.09000000000000127,0.0,0.23333333333333287,0.07366666666666696,NORMAL
2017-11-15,2.571,-3.89999999999997,2.6527989191160306,-0.6878412889922906,0.45,1.5503811538330632,27.0,0.9565960901952071,-0.04340390980479292,0.0,0.5167937179443544,0.27,0.2170195490239646,0.2441665631984567,NORMAL,56.19999999999998,0.0,2.0,27.0,0.0,5.999999999999982,0.0,0.1,0.0,0.1999999999999994,0.06999999999999988,NORMAL
2017-11-16,2.564,-0.7000000000000117,2.589630130062273,-0.7228216203333258,0.38666666666666705,1.3456492762979586,23.20000000000002,0.9571652648688731,-0.0428347351311269,0.0,0.4485497587659862,0.2320000000000002,0.2141736756556345,0.2217794220154511,NORMAL,56.400000000000006,0.0,2.0,26.0,0.0,4.999999999999982,0.0,0.1,0.0,0.16666666666666607,0.06333333333333321,NORMAL
2017-11-17,2.569,0.49999999999998934,2.4531183162832217,-0.7984163649768098,0.4150000000000002,1.4506015024493737,24.900000000000013,0.9567584696313038,-0.04324153036869616,0.0,0.48353383414979123,0.24900000000000014,0.21620765184348079,0.2329898275673506,NORMAL,55.800000000000026,0.0,1.600000000000044,25.0,0.0,3.9999999999999822,0.0,0.08000000000000221,0.0,0.13333333333333275,0.050666666666667214,NORMAL
2017-11-20,2.546,-2.300000000000013,2.4847746906224555,-0.7808863397850989,0.3866666666666663,1.337121869277012,23.199999999999974,0.9586289324394329,-0.041371067560567076,0.0,0.445707289759004,0.23199999999999973,0.20685533780283538,0.2182835930729349,NORMAL,55.699999999999996,0.0,0.4999999999999929,24.0,0.0,2.9999999999999822,0.0,0.024999999999999644,0.0,0.09999999999999941,0.027499999999999775,NORMAL
2017-11-21,2.543,-0.29999999999996696,2.4900380466338725,-0.7779717052004702,0.3983333333333339,1.3808743006458606,23.900000000000034,0.9588733828172049,-0.04112661718279509,0.0,0.4602914335486202,0.23900000000000035,0.20563308591397544,0.2221115210753143,NORMAL,55.79999999999998,0.0,0.4999999999999858,25.0,0.0,3.9999999999999822,0.0,0.02499999999999929,0.0,0.13333333333333275,0.03416666666666634,NORMAL
2017-11-22,2.541,-0.20000000000002238,2.3104966428978266,-0.8773945038040137,0.38833333333333353,1.345404386099272,23.30000000000001,0.9590363912922838,-0.040963608707716204,0.0,0.44846812869975733,0.23300000000000012,0.20481804353858102,0.21822084315538393,NORMAL,55.40000000000003,0.0,0.0,24.0,0.0,2.9999999999999822,0.0,0.0,0.0,0.09999999999999941,0.019999999999999882,NORMAL
2017-11-23,2.521,-2.0000000000000018,2.1464536235136205,-0.9682349213298276,0.37333333333333296,1.285881446575788,22.399999999999977,0.9606667531574807,-0.039333246842519265,0.0,0.428627148858596,0.22399999999999978,0.19666623421259632,0.2091919234567577,NORMAL,56.20000000000003,0.0,1.5000000000000142,22.99999999999999,0.0,1.9999999999999716,0.0,0.0750000000000007,0.0,0.06666666666666572,0.035833333333333356,NORMAL
2017-11-24,2.537,1.6000000000000014,2.1746082526817543,-0.9526440215858549,0.41333333333333294,1.423578128806145,24.799999999999976,0.9593602463731865,-0.04063975362681349,0.0,0.4745260429353817,0.24799999999999975,0.20319876813406745,0.22578471584070328,NORMAL,55.3,0.0,0.09999999999999432,21.99999999999999,0.0,2.9999999999999787,0.0,0.004999999999999716,0.0,0.09999999999999928,0.021499999999999773,NORMAL
2017-11-27,2.531,-0.5999999999999783,2.151009554898157,-0.9657120300130021,0.4633333333333333,1.6381326378721854,27.800000000000004,0.9598495200988368,-0.04015047990116316,0.0,0.5460442126240618,0.278,0.2007523995058158,0.2451098023271387,NORMAL,55.3,0.0,-0.70000000000001,25.0,0.0,5.999999999999989,0.0,0.0,0.0,0.19999999999999965,0.03999999999999993,NORMAL
2017-11-28,2.484,-4.700000000000015,2.068122718541473,-1.0116114218329013,0.38833333333333353,1.3142245082409656,23.30000000000001,0.9636841189316316,-0.03631588106836836,0.0,0.4380748360803219,0.23300000000000012,0.1815794053418418,0.20684672935280113,NORMAL,55.699999999999996,0.0,-0.70000000000001,27.0,0.0,5.999999999999982,0.0,0.0,0.0,0.1999999999999994,0.03999999999999988,NORMAL
2017-11-29,2.48,-0.40000000000000036,2.015799436556389,-1.0405859481473292,0.3649999999999998,1.234829490021296,21.899999999999984,0.9640117715320684,-0.03598822846793159,0.0,0.41160983000709866,0.21899999999999983,0.17994114233965797,0.1980984229372829,NORMAL,55.60000000000001,0.0,-0.8999999999999844,26.0,0.0,3.9999999999999787,0.0,0.0,0.0,0.1333333333333326,0.026666666666666523,NORMAL
2017-11-30,2.477,-0.30000000000001137,1.9725684565534018,-1.0645255238041498,0.3799999999999996,1.2897956481618917,22.799999999999976,0.9642575945338092,-0.035742405466190785,0.0,0.4299318827206306,0.22799999999999976,0.17871202733095393,0.20307118747650765,NORMAL,55.59999999999996,0.0,-0.6000000000000725,15.00000000000001,0.0,-7.999999999999979,0.0,0.0,0.0,0.0,0.0,NORMAL
2017-12-01,2.489,1.200000000000001,1.9984928531797463,-1.0501696370222422,0.37833333333333313,1.2845027348758689,22.69999999999999,0.9632740517873847,-0.03672594821261532,0.0,0.4281675782919563,0.2269999999999999,0.1836297410630766,0.2044854120836219,NORMAL,55.60000000000001,0.0,-0.4999999999999858,14.000000000000009,0.0,-9.999999999999991,0.0,0.0,0.0,0.0,0.0,NORMAL
2017-12-04,2.485,-0.40000000000000036,1.9110757510668652,-1.0985777075676406,0.3566666666666666,1.2103390409124057,21.4,0.9636015649649924,-0.036398435035007615,0.0,0.4034463469708019,0.214,0.18199217517503807,0.1962861394641756,NORMAL,55.19999999999996,0.0,-0.70000000000001,14.000000000000009,0.0,-10.999999999999991,0.0,0.0,0.0,0.0,0.0,NORMAL
2017-12-05,2.502,1.6999999999999904,1.9553637432511237,-1.074052801134558,0.32833333333333264,1.1280466145110901,19.69999999999996,0.962209160703618,-0.03779083929638205,0.0,0.3760155381703634,0.1969999999999996,0.18895419648191025,0.1901847862268367,NORMAL,55.09999999999997,0.0,-1.1000000000000085,14.000000000000009,0.0,-11.999999999999991,0.0,0.0,0.0,0.0,0.0,NORMAL
2017-12-06,2.467,-3.49999999999997,2.0906999583367907,-0.9991090557018341,0.2683333333333334,0.9005567594621611,16.1,0.9650717329567111,-0.034928267043288885,0.0,0.300185586487387,0.161,0.17464133521644443,0.16209365138405518,NORMAL,55.3,0.0,-0.5000000000000284,14.000000000000009,0.0,-13.999999999999995,0.0,0.0,0.0,0.0,0.0,NORMAL
2017-12-07,2.482,1.5000000000000124,2.1311906728893386,-0.9766869286910085,0.3366666666666673,1.1426703041585065,20.20000000000004,0.9638412664971913,-0.03615873350280874,0.0,0.3808901013861688,0.20200000000000037,0.1807936675140437,0.18889548728285133,NORMAL,55.100000000000016,0.0,-1.1000000000000156,14.000000000000009,0.0,-13.999999999999995,0.0,0.0,0.0,0.0,0.0,NORMAL
2017-12-08,2.486,0.40000000000000036,2.021437737432388,-1.0374636841970888,0.3516666666666672,1.1949616323776604,21.10000000000003,0.9635135604665822,-0.03648643953341779,0.0,0.3983205441258868,0.2110000000000003,0.18243219766708896,0.194836987892013,NORMAL,55.100000000000016,0.0,-1.2000000000000028,14.000000000000009,0.0,-13.999999999999995,0.0,0.0,0.0,0.0,0.0,NORMAL
2017-12-11,2.482,-0.40000000000000036,1.9484069065993863,-1.07790521709517,0.4033333333333334,1.4039636517896674,24.2,0.9638411550771409,-0.036158844922859146,0.0,0.46798788392988916,0.242,0.18079422461429573,0.21431526663169614,NORMAL,55.3,0.0,-0.8999999999999844,14.000000000000009,0.0,-13.999999999999995,0.0,0.0,0.0,0.0,0.0,NORMAL
2017-12-12,2.456,-2.6000000000000245,1.8473594241796203,-1.1338612433095208,0.3416666666666668,1.1727533830358596,20.500000000000007,0.9659712440298613,-0.03402875597013866,0.0,0.39091779434528656,0.20500000000000007,0.1701437798506933,0.18724107080933464,NORMAL,55.100000000000016,0.0,-0.8999999999999915,14.000000000000009,0.0,-13.999999999999995,0.0,0.0,0.0,0.0,0.0,NORMAL
2017-12-13,2.453,-0.30000000000001137,1.6954738508592144,-1.2179693568297822,0.3366666666666666,1.1550271512794241,20.199999999999996,0.966217566697089,-0.033782433302910975,0.0,0.3850090504264747,0.20199999999999996,0.16891216651455487,0.18496667669111688,NORMAL,55.00000000000003,0.0,-1.199999999999953,14.000000000000009,0.0,-12.999999999999991,0.0,0.0,0.0,0.0,0.0,NORMAL
2017-12-14,2.45,-0.29999999999996696,1.696466916859862,-1.2174194368730042,0.34666666666666696,1.1915754629515134,20.80000000000002,0.9664639521765966,-0.03353604782340336,0.0,0.3971918209838378,0.20800000000000018,0.1676802391170168,0.18811045984357433,NORMAL,54.800000000000004,0.0,-1.6000000000000014,14.000000000000009,0.0,-11.999999999999991,0.0,0.0,0.0,0.0,0.0,NORMAL
2017-12-15,2.433,-1.7000000000000348,1.6947597252459716,-1.2183648108339598,0.3149999999999994,1.0753843023960756,18.899999999999963,0.9678604925874917,-0.03213950741250826,0.0,0.3584614341320252,0.18899999999999964,0.1606975370625413,0.1737713016514215,NORMAL,54.70000000000002,0.0,-1.1000000000000085,14.000000000000009,0.0,-10.999999999999991,0.0,0.0,0.0,0.0,0.0,NORMAL
2017-12-18,2.433,0.0,1.6566532527961335,-1.2394666405904076,0.30833333333333274,1.0524700842405639,18.49999999999996,0.9678604925874917,-0.03213950741250826,0.0,0.3508233614135213,0.1849999999999996,0.1606975370625413,0.1714436871077207,NORMAL,54.60000000000002,0.0,-1.099999999999973,14.000000000000009,0.0,-9.999999999999991,0.0,0.0,0.0,0.0,0.0,NORMAL
2017-12-19,2.451,1.8000000000000238,1.7388441411950744,-1.1939526367211506,0.3099999999999999,1.0576576575769085,18.599999999999994,0.9663796660338329,-0.03362033396616715,0.0,0.35255255252563616,0.18599999999999994,0.16810166983083574,0.17495117843746152,NORMAL,54.59999999999998,0.0,-1.2000000000000028,14.000000000000009,0.0,-10.999999999999991,0.0,0.0,0.0,0.0,0.0,NORMAL
2017-12-20,2.467,1.6000000000000014,1.79856668079423,-1.1608806995350716,0.2883333333333334,0.9920430307524432,17.300000000000004,0.9650653896880268,-0.0349346103119732,0.0,0.33068101025081437,0.17300000000000004,0.174673051559866,0.1706054226741093,NORMAL,55.09999999999997,0.0,-0.300000000000054,14.000000000000009,0.0,-9.999999999999991,0.0,0.0,0.0,0.0,0.0,NORMAL
2017-12-21,2.483,1.6000000000000014,1.8069747908415483,-1.156224626816046,0.3383333333333338,1.1665729545271633,20.30000000000003,0.9637529007580511,-0.03624709924194891,0.0,0.38885765150905444,0.2030000000000003,0.18123549620974455,0.19086572878570876,NORMAL,54.89999999999999,0.0,-1.3000000000000398,14.000000000000009,0.0,-8.99999999999998,0.0,0.0,0.0,0.0,0.0,NORMAL
2017-12-22,2.496,1.29999999999999,1.792521012135529,-1.16422854735719,0.3600000000000003,1.2396524929316604,21.60000000000002,0.9626879538027134,-0.037312046197286564,0.0,0.41321749764388677,0.2160000000000002,0.18656023098643282,0.20046759192335054,NORMAL,54.70000000000002,0.0,-0.5999999999999801,14.000000000000009,0.0,-7.9999999999999805,0.0,0.0,0.0,0.0,0.0,NORMAL
2017-12-26,2.491,-0.49999999999998934,1.7915004002819928,-1.1647937210979262,0.37166666666666714,1.2834905962843413,22.300000000000033,0.9630970961830795,-0.03690290381692052,0.0,0.42783019876144707,0.22300000000000034,0.1845145190846026,0.20397184738613053,NORMAL,54.89999999999999,0.0,-0.4000000000000057,14.000000000000009,0.0,-10.999999999999991,0.0,0.0,0.0,0.0,0.0,NORMAL
2017-12-27,2.497,0.5999999999999783,1.4503266419745098,-1.3537220081402137,0.37833333333333313,1.306468837585413,22.69999999999999,0.9626059166640261,-0.03739408333597394,0.0,0.435489612528471,0.2269999999999999,0.1869704166798697,0.20728608917764207,NORMAL,54.30000000000001,0.0,-1.3999999999999844,14.000000000000009,0.0,-12.999999999999991,0.0,0.0,0.0,0.0,0.0,NORMAL
2017-12-28,2.469,-2.8000000000000025,1.5839574024043652,-1.2797226748110149,0.2649999999999997,0.9209944364865281,15.89999999999998,0.9648969187456865,-0.035103081254313495,0.0,0.30699814549550936,0.1589999999999998,0.17551540627156748,0.16340579160772883,NORMAL,54.400000000000006,0.0,-1.2000000000000028,14.000000000000009,0.0,-11.999999999999991,0.0,0.0,0.0,0.0,0.0,NORMAL
2017-12-29,2.469,0.0,1.5829353147006104,-1.2802886658181643,0.18166666666666664,0.6574246081605754,10.899999999999999,0.9648969187456865,-0.035103081254313495,0.0,0.21914153605352513,0.10899999999999999,0.17551540627156748,0.13583446971933202,NORMAL,54.30000000000001,0.0,-1.2999999999999474,14.000000000000009,0.0,-1.0000000000000018,0.0,0.0,0.0,0.0,0.0,NORMAL
2018-01-02,2.489,2.0000000000000018,1.6254554017744998,-1.256742754035234,0.1583333333333329,0.5806437173661952,9.499999999999975,0.9632565939838188,-0.0367434060161812,0.0,0.19354790578873174,0.09499999999999975,0.183717030080906,0.1311963931901087,NORMAL,54.29999999999997,0.0,-1.3000000000000398,14.000000000000009,0.0,0.0,0.0,0.0,0.0,0.0,0.0,NORMAL
2018-01-03,2.508,1.9000000000000128,1.676234815858072,-1.2286231595874864,0.215,0.7883172937386392,12.9,0.9617009345845349,-0.03829906541546513,0.0,0.2627724312462131,0.129,0.19149532707732564,0.15495261708017288,NORMAL,53.70000000000004,0.0,-1.4999999999999218,14.000000000000009,0.0,0.0,0.0,0.0,0.0,0.0,0.0,NORMAL
2018-01-04,2.523,1.5000000000000124,1.6668517441098702,-1.2338191268312066,0.17499999999999996,0.6568253655807593,10.499999999999998,0.9604747658929396,-0.039525234107060436,0.0,0.21894178852691978,0.10499999999999998,0.19762617053530218,0.14383882591950484,NORMAL,53.40000000000003,0.0,-1.699999999999946,14.000000000000009,0.0,0.0,0.0,0.0,0.0,0.0,0.0,NORMAL
2018-01-05,2.518,-0.5000000000000338,1.4456741279453513,-1.3562983830358961,0.16666666666666607,0.6250248293396778,9.999999999999964,0.9608829676684442,-0.039117032331555834,0.0,0.2083416097798926,0.09999999999999964,0.19558516165777917,0.13990238661909013,NORMAL,54.49999999999999,0.0,-0.8000000000000043,14.000000000000009,0.0,0.0,0.0,0.0,0.0,0.0,0.0,NORMAL
2018-01-08,2.54,2.200000000000024,1.485331789976845,-1.3343375669611748,0.2533333333333336,0.9622409320867145,15.200000000000014,0.9590861165189042,-0.040913883481095814,0.0,0.3207469773622382,0.15200000000000014,0.20456941740547907,0.1763771624346393,NORMAL,53.6,0.0,-1.5000000000000142,14.000000000000009,0.0,0.0,0.0,0.0,0.0,0.0,0.0,NORMAL
2018-01-09,2.565,2.499999999999991,1.5655753944762614,-1.289901890491268,0.28999999999999987,1.0905352534889243,17.39999999999999,0.9570480585213015,-0.04295194147869852,0.0,0.3635117511629748,0.1739999999999999,0.2147597073934926,0.19340623318999198,NORMAL,53.500000000000014,0.3430597030163003,-1.6000000000000014,14.000000000000009,-1.5789396629931856,0.0,0.11435323433876676,0.0,0.0,0.0,0.034305970301630025,NORMAL
2018-01-10,2.637,7.200000000000006,2.168646194239509,-0.9559455694373875,0.3983333333333332,1.374727734636374,23.899999999999988,0.9511909244031511,-0.04880907559684888,0.0,0.45824257821212466,0.23899999999999988,0.24404537798424442,0.23706666683612268,NORMAL,53.49999999999997,0.34229781232880435,-1.8000000000000256,14.000000000000009,-1.5680048719697277,0.0,0.11409927077626812,0.0,0.0,0.0,0.03422978123288044,NORMAL
2018-01-11,2.589,-4.800000000000004,2.3930326498311554,-0.8316893871895917,0.31333333333333363,1.036041044607927,18.80000000000002,0.9550717833747161,-0.0449282166252839,0.0,0.34534701486930897,0.1880000000000002,0.2246410831264195,0.19652583622442965,NORMAL,53.79999999999998,0.43503191599299185,-1.3000000000000327,14.000000000000009,-1.557294402816047,0.0,0.14501063866433062,0.0,0.0,0.0,0.04350319159929918,NORMAL
2018-01-12,2.623,3.4000000000000252,2.456677259612009,-0.7964455654929224,0.38500000000000056,1.2580464783209628,23.10000000000003,0.9523116259207631,-0.047202447327373775,0.0,0.4193488261069876,0.2310000000000003,0.23601223663686888,0.22447465987614512,NORMAL,53.29999999999999,0.27791832602721106,-1.7000000000000384,14.000000000000009,-1.546800688012424,0.0,0.09263944200907036,0.0,0.0,0.0,0.027791832602721108,NORMAL
2018-01-15,2.658,3.49999999999997,2.509434828381635,-0.7672305486475235,0.3816666666666669,1.249581420999912,22.90000000000001,0.9494784988336489,-0.04978702661498102,0.0,0.416527140333304,0.2290000000000001,0.2489351330749051,0.22867948129662286,NORMAL,52.70000000000002,0.08956947420757651,-2.099999999999987,14.000000000000009,-1.5365165126860485,0.0,0.0298564914025255,0.0,0.0,0.0,0.00895694742075765,NORMAL
2018-01-16,2.641,-1.6999999999999904,2.5094348283816323,-0.767230548647525,0.2833333333333332,0.9432264772025072,16.999999999999993,0.9508504952644634,-0.04841396886843974,0.0,0.31440882573416906,0.16999999999999993,0.2420698443421987,0.19370970288371328,NORMAL,52.0,-0.1301360641285023,-2.700000000000017,14.000000000000009,-1.5264349937604573,0.0,0.0,0.0,0.0,0.0,0.0,NORMAL
2018-01-17,2.636,-0.49999999999998934,2.522796067858045,-0.759831632331208,0.3033333333333332,1.0151348049762925,18.199999999999996,0.9512546067249507,-0.047819972969553315,0.0,0.33837826832543083,0.18199999999999997,0.23909986484776657,0.1997155996041928,NORMAL,51.800000000000026,-0.19271499147819313,-2.799999999999997,15.00000000000001,-1.2355463196495373,1.0000000000000018,0.0,0.0,0.0,0.033333333333333395,0.006666666666666679,NORMAL
2018-01-18,2.62,-1.6000000000000014,2.5809983788408237,-0.7276015365277415,0.27333333333333354,0.909631474834365,16.400000000000013,0.9525483129900966,-0.04652500813279192,0.0,0.303210491611455,0.16400000000000012,0.23262504066395961,0.18649211458787487,NORMAL,52.89999999999999,0.1539641568207905,-1.6999999999999886,15.00000000000001,-1.2294891573018147,1.0000000000000018,0.05132138560693017,0.0,0.0,0.033333333333333395,0.022063082348745728,NORMAL
2018-01-19,2.638,1.7999999999999794,2.58446268466408,-0.7256831434830204,0.22999999999999984,0.7837967591627567,13.79999999999999,0.9510909140712217,-0.0479838248703488,0.0,0.26126558638758557,0.1379999999999999,0.239919124351744,0.1758207670182147,NORMAL,53.100000000000016,0.21673355134041652,-1.9999999999999574,15.00000000000001,-1.2235203229887512,1.0000000000000018,0.07224451711347217,0.0,0.0,0.033333333333333395,0.02834002180070833,NORMAL
2018-01-22,2.652,1.4000000000000234,2.5818139278218224,-0.7271499183471888,0.18166666666666664,0.635272740877127,10.899999999999999,0.9499591158834769,-0.04911672411875312,0.0,0.21175758029237568,0.10899999999999999,0.2455836205937656,0.16238496429598137,NORMAL,52.800000000000004,0.12150604332609623,-2.099999999999987,15.00000000000001,-1.217637689923679,1.0000000000000018,0.040502014442032074,0.0,0.0,0.033333333333333395,0.0188172709992763,NORMAL
2018-01-23,2.654,0.19999999999997797,2.583327108085314,-0.7263119800585409,0.19666666666666646,0.6886673564025322,11.799999999999988,0.9497976228337768,-0.04927837427565285,0.0,0.22955578546751074,0.11799999999999988,0.24639187137826424,0.16806790564480784,NORMAL,53.29999999999999,0.2795458411685419,-1.400000000000027,15.00000000000001,-1.2118392023339717,1.0000000000000018,0.09318194705618064,0.0,0.0,0.033333333333333395,0.03462125078352087,NORMAL
2018-01-24,2.644,-0.9999999999999787,2.5988408347204595,-0.7177211030422062,0.20500000000000038,0.7196587453133992,12.300000000000022,0.9506049508131855,-0.04603765691893025,0.0,0.23988624843779974,0.12300000000000022,0.23018828459465124,0.1646525635254205,NORMAL,53.39999999999998,0.3106737168024792,-1.5000000000000142,15.00000000000001,-1.2061228724412125,1.0000000000000018,0.1035579056008264,0.0,0.0,0.033333333333333395,0.0377340383469146,NORMAL
2018-01-25,2.661,1.6999999999999904,2.6067927460871605,-0.713317654779726,0.14999999999999977,0.5468889554295272,8.999999999999986,0.9492313266592605,-0.046927373058597954,0.0,0.18229631847650907,0.08999999999999986,0.23463686529298977,0.1483140098124977,NORMAL,53.30000000000004,0.2782658503521002,-0.9999999999999716,15.00000000000001,-1.200486777596837,1.0000000000000018,0.09275528345070007,0.0,0.0,0.033333333333333395,0.0344932517018767,NORMAL
2018-01-26,2.679,1.7999999999999794,2.4699243542646157,-0.7891098579830018,0.21999999999999945,0.8083103801246783,13.199999999999967,0.9477790027294718,-0.0483855741778183,0.0,0.26943679337489274,0.13199999999999967,0.2419278708890915,0.1770585070306151,NORMAL,53.500000000000014,0.3413257015324193,-0.8999999999999915,15.00000000000001,-1.1949290575638938,1.0000000000000018,0.11377523384413978,0.0,0.0,0.033333333333333395,0.040799236819908616,NORMAL
2018-01-29,2.744,6.500000000000039,2.737627670659018,-0.6408665427502057,0.363333333333334,1.2584970324780116,21.80000000000004,0.9425425237393915,-0.053627162976082166,0.0,0.4194990108260039,0.2180000000000004,0.2681358148804108,0.23475412811736518,NORMAL,52.89999999999999,0.14935987442345156,-1.40000000000002,15.00000000000001,-1.1894479119361814,1.0000000000000018,0.04978662480781718,0.0,0.0,0.033333333333333395,0.021602654109011833,NORMAL
2018-01-30,2.784,3.999999999999959,2.7975318068837627,-0.607694044666432,0.43,1.4580590602398533,25.8,0.9393378791586776,-0.05684483062196344,0.0,0.4860196867466178,0.258,0.2842241531098172,0.26249359859325044,NORMAL,52.900000000000034,0.14907256809649586,-1.3999999999999346,15.00000000000001,-1.1840415976866387,1.0000000000000018,0.04969085603216528,0.0,0.0,0.033333333333333395,0.021573923476316263,NORMAL
2018-01-31,2.769,-1.499999999999968,2.8726431987576224,-0.5661003808556855,0.366666666666667,1.2433317514732944,22.00000000000002,0.9405355349546048,-0.05564230778100654,0.0,0.4144439171577648,0.22000000000000022,0.2782115389050327,0.2381733989935661,NORMAL,53.500000000000014,0.34074831960091395,-0.20000000000002416,15.00000000000001,-1.1787084268374015,1.0000000000000018,0.11358277320030465,0.0,0.0,0.033333333333333395,0.04074149862675808,NORMAL
2018-02-01,2.756,-1.3000000000000345,2.9302909860895907,-0.5341773579173531,0.36166666666666614,1.224571770914767,21.699999999999964,0.9415748267207298,-0.054598792531104445,0.0,0.40819059030492233,0.21699999999999964,0.2729939626555222,0.2342357031231933,NORMAL,54.0,0.5001695240290875,0.599999999999973,15.00000000000001,-1.1734467642444653,1.0000000000000018,0.16672317467636252,0.02999999999999865,0.0,0.033333333333333395,0.06568361906957504,NORMAL
2018-02-02,2.756,0.0,2.917443004449364,-0.5412920527147506,0.3633333333333333,1.2303793354969075,21.799999999999997,0.9415748267207298,-0.054598792531104445,0.0,0.41012644516563584,0.21799999999999997,0.2729939626555222,0.23482287409533606,NORMAL,53.6,0.3707262228664976,-0.8999999999999915,15.00000000000001,-1.1682550254903332,1.0000000000000018,0.12357540762216586,0.0,0.0,0.033333333333333395,0.04373928895331644,NORMAL
2018-02-05,2.803,4.700000000000015,3.014923408296593,-0.48731133095464013,0.44333333333333336,1.4588803871419007,26.6,0.9378132352879806,-0.05683850549998826,0.0,0.4862934623806336,0.266,0.2841925274999413,0.26413570347610327,NORMAL,53.00000000000003,0.17709001241410674,-0.599999999999973,15.00000000000001,-1.1631316748785032,1.0000000000000018,0.05903000413803558,0.0,0.0,0.033333333333333395,0.024375667908077353,NORMAL
2018-02-06,2.749,-5.399999999999983,3.3503495497131577,-0.30156584266910175,0.30833333333333346,0.9738453959873109,18.500000000000007,0.9421177980379525,-0.052509394240233154,0.0,0.3246151319957703,0.18500000000000008,0.26254697120116577,0.20694181487962038,NORMAL,53.49999999999997,0.3377657423365898,-4.263256414560601e-14,15.00000000000001,-1.15807522352401,1.0000000000000018,0.11258858077886326,0.0,0.0,0.033333333333333395,0.04044324090032566,NORMAL
2018-02-07,2.718,-3.100000000000014,3.117771640130175,-0.43035812223764797,0.22499999999999964,0.7021219132288075,13.499999999999979,0.9446002784357824,-0.05001275649405623,0.0,0.23404063774293582,0.1349999999999998,0.25006378247028116,0.17383364053669959,NORMAL,53.099999999999966,0.2080542323367959,-0.4000000000000057,15.00000000000001,-1.1530842275346487,1.0000000000000018,0.06935141077893196,0.0,0.0,0.033333333333333395,0.027472089900346268,NORMAL
2018-02-08,2.744,2.6000000000000245,2.8989789491074998,-0.5515167029483963,0.2233333333333339,0.6973865279161692,13.400000000000034,0.9425127118204393,-0.05211222830220441,0.0,0.2324621759720564,0.13400000000000034,0.26056114151102205,0.1775168917988202,NORMAL,53.00000000000003,0.1753369882835995,-0.7999999999999545,15.00000000000001,-1.1481572862778193,1.0000000000000018,0.058445662761199835,0.0,0.0,0.033333333333333395,0.02420036549502663,NORMAL
2018-02-09,2.757,1.29999999999999,2.836250304446644,-0.5862533000508584,0.3099999999999999,0.9904956784539888,18.599999999999994,0.9414712352738777,-0.053159644289930474,0.0,0.3301652261513296,0.18599999999999994,0.26579822144965237,0.20955233381012686,NORMAL,52.99999999999998,0.17500685644612105,-0.30000000000001137,15.00000000000001,-1.1432930407282793,1.0000000000000018,0.058335618815373684,0.0,0.0,0.033333333333333395,0.024167352311278784,NORMAL
2018-02-12,2.806,4.899999999999993,2.925639831054505,-0.5367529802568499,0.40333333333333327,1.253890289487109,24.2,0.937550007578962,-0.05710323437146292,0.0,0.4179634298290363,0.242,0.2855161718573146,0.2461991547087331,NORMAL,53.29999999999999,0.2719777745721102,0.599999999999973,15.00000000000001,-1.1384901718923788,1.0000000000000018,0.0906592581907034,0.02999999999999865,0.0,0.033333333333333395,0.0428644441238773,NORMAL
2018-02-13,2.78,-2.6000000000000245,2.971704277984182,-0.5112443447300498,0.35166666666666646,1.0802941737927962,21.099999999999987,0.9396219930957116,-0.05501943251942376,0.0,0.3600980579309321,0.21099999999999988,0.2750971625971188,0.22425847662503393,NORMAL,53.79999999999998,0.4338225392067431,1.799999999999983,15.00000000000001,-1.133747399304617,1.0000000000000018,0.14460751306891437,0.08999999999999915,0.0,0.033333333333333395,0.07704892058734074,NORMAL
2018-02-14,2.763,-1.6999999999999904,3.008982167479651,-0.49060135084368134,0.36166666666666686,1.1152250786305307,21.70000000000001,0.9409797468757348,-0.05365393559941434,0.0,0.37174169287684355,0.2170000000000001,0.2682696779970717,0.2250562097741974,NORMAL,54.19999999999998,0.5628968704241042,2.399999999999956,15.00000000000001,-1.1290634795926433,0.0,0.18763229014136806,0.1199999999999978,0.0,0.0,0.09228968704240975,NORMAL
2018-02-19,2.798,3.500000000000014,3.025662171979447,-0.4813646361161553,0.4249999999999999,1.2946695785329116,25.49999999999999,0.9381803321287795,-0.05646931514100617,0.0,0.43155652617763723,0.2549999999999999,0.28234657570503086,0.25024993551753977,NORMAL,53.90000000000001,0.46394196228809387,1.0000000000000213,15.00000000000001,-1.124437205107047,0.0,0.15464732076269797,0.050000000000001064,0.0,0.0,0.061394196228809705,NORMAL
2018-02-20,2.807,0.8999999999999897,3.0180989136593253,-0.48555286397391206,0.44333333333333336,1.350845960114475,26.6,0.9374626241747009,-0.057191116114923335,0.0,0.45028198670482505,0.266,0.2859555805746167,0.2576386295708117,NORMAL,53.6,0.36512175563178173,0.4999999999999858,15.00000000000001,-1.1198674026124997,0.0,0.12170725187726057,0.02499999999999929,0.0,0.0,0.044012175563177956,NORMAL
2018-02-21,2.801,-0.5999999999999783,3.031844149584282,-0.4779413058893253,0.466666666666667,1.4311955897817923,28.000000000000025,0.93794073011303,-0.056710283584141985,0.0,0.47706519659393076,0.28000000000000025,0.2835514179207099,0.26483360648707016,NORMAL,53.90000000000001,0.46234465623913945,1.1000000000000085,15.00000000000001,-1.1153529320370383,0.0,0.1541148854130465,0.055000000000000424,0.0,0.0,0.06273446562391408,NORMAL
2018-02-22,2.803,0.19999999999997797,3.031844149584282,-0.4779413058893253,0.44333333333333336,1.3618919799193656,26.6,0.9377812801889108,-0.05687064283593257,0.0,0.4539639933064552,0.266,0.28435321417966286,0.2577340843331562,NORMAL,53.90000000000001,0.46134456326395484,0.6000000000000227,15.00000000000001,-1.1108926852764667,0.0,0.15378152108798496,0.030000000000001137,0.0,0.0,0.055134456326395825,NORMAL
2018-02-23,2.792,-1.100000000000012,3.0349542613392173,-0.47621905125495667,0.43499999999999944,1.3340022492988426,26.099999999999966,0.9386581056858874,-0.055988816886984316,0.0,0.44466741643294755,0.2609999999999997,0.2799440844349216,0.2531111170605581,NORMAL,54.59999999999998,0.6893814775740723,1.2000000000000028,15.00000000000001,-1.1064855850510018,0.0,0.2297938258580241,0.060000000000000143,0.0,0.0,0.08693814775740727,NORMAL
2018-02-26,2.763,-2.8999999999999915,3.131150788952508,-0.4229492884468347,0.46499999999999986,1.455897893453139,27.89999999999999,0.940971897916403,-0.05366182932061081,0.0,0.485299297817713,0.2789999999999999,0.26830914660305405,0.2601835182047642,NORMAL,55.00000000000003,0.8184160393373944,1.6999999999999886,15.00000000000001,-1.1021305838115225,0.0,0.2728053464457981,0.08499999999999944,0.0,0.0,0.10734160393373926,NORMAL
2018-02-27,2.73,-3.299999999999992,3.2267753171499933,-0.36999627587868855,0.4166666666666667,1.2812106379865043,25.0,0.9436113240900584,-0.05100735075185514,0.0,0.4270702126621681,0.25,0.2550367537592757,0.2374287440361439,NORMAL,55.100000000000016,0.848712023997322,1.6000000000000014,15.00000000000001,-1.0978266626928732,0.0,0.28290400799910737,0.08000000000000007,0.0,0.0,0.10887120239973223,NORMAL
2018-02-28,2.736,0.6000000000000227,2.8764744502876938,-0.5639787880567687,0.43166666666666725,1.328209864472687,25.900000000000034,0.9431300823147725,-0.051491337002971815,0.0,0.44273662149089565,0.25900000000000034,0.2574566850148591,0.24332999830412283,NORMAL,55.100000000000016,0.8461456196571993,2.200000000000024,15.00000000000001,-1.093572830511857,0.0,0.2820485398857331,0.11000000000000121,0.0,0.0,0.11761456196572029,NORMAL
2018-03-02,2.741,0.49999999999998934,2.719960332528092,-0.6506500030791342,0.4200000000000003,1.2933397319945563,25.200000000000024,0.9427292520297886,-0.051894453184745615,0.0,0.43111324399818546,0.2520000000000002,0.2594722659237281,0.24041155516912838,NORMAL,54.999999999999986,0.8108605720517945,2.0999999999999517,15.00000000000001,-1.0893681228076775,0.0,0.27028685735059815,0.10499999999999758,0.0,0.0,0.11258605720517872,NORMAL
2018-03-05,2.737,-0.40000000000000036,2.703681700356409,-0.6596644539760751,0.42000000000000043,1.2933397319945568,25.200000000000024,0.9430497799754788,-0.05157209729882839,0.0,0.43111324399818557,0.2520000000000002,0.25786048649414195,0.23976684339729396,NORMAL,54.200000000000024,0.5461126445747428,0.70000000000001,15.00000000000001,-1.0852116009227315,0.0,0.18203754819158094,0.035000000000000496,0.0,0.0,0.06511126445747442,NORMAL
2018-03-06,2.759,2.1999999999999797,2.739049969759974,-0.6400789307892552,0.42833333333333357,1.3163139300607556,25.70000000000001,0.9412862768869246,-0.05334565747687958,0.0,0.4387713100202519,0.2570000000000001,0.2667282873843979,0.24584557695780956,NORMAL,54.60000000000002,0.6763068970348359,0.6000000000000227,15.00000000000001,-1.081102351121742,0.0,0.22543563234494532,0.030000000000001137,0.0,0.0,0.07663068970348394,NORMAL
2018-03-07,2.727,-3.200000000000003,2.831862879523135,-0.5886828792759352,0.43333333333333296,1.3357274310664646,25.99999999999998,0.943846575560057,-0.05077075766521677,0.0,0.44524247702215486,0.2599999999999998,0.25385378832608385,0.24259001073486447,NORMAL,54.800000000000004,0.7403315483429412,1.2000000000000028,15.00000000000001,-1.0770394837473758,0.0,0.2467771827809804,0.060000000000000143,0.0,0.0,0.09203315483429417,NORMAL
2018-03-08,2.73,0.30000000000001137,2.596814850623944,-0.7188430114411066,0.41333333333333294,1.2760390410588476,24.799999999999976,0.9436058946832891,-0.05101281112201217,0.0,0.4253463470196159,0.24799999999999975,0.25506405561006085,0.23669489164794746,NORMAL,55.100000000000016,0.8369682472375566,2.099999999999987,15.00000000000001,-1.073022132410562,0.0,0.2789894157458522,0.10499999999999936,0.0,0.0,0.11519682472375546,NORMAL
2018-03-09,2.744,1.4000000000000234,2.334833477664107,-0.8639177448433182,0.43,1.3257859553295386,25.8,0.942483003668616,-0.05214210587677692,0.0,0.44192865177651286,0.258,0.2607105293838846,0.24426994210885644,NORMAL,55.3,0.9002524575715829,1.8000000000000256,15.00000000000001,-1.069049453213841,0.0,0.30008415252386095,0.09000000000000127,0.0,0.0,0.11702524575715867,NORMAL
2018-03-12,2.759,1.499999999999968,2.240647227923219,-0.9160742967269067,0.46166666666666617,1.4226654340918274,27.699999999999967,0.9412813378389385,-0.05335062469178409,0.0,0.4742218113639425,0.2769999999999997,0.26675312345892044,0.25694561165635665,NORMAL,55.2,0.8645820377535389,2.100000000000037,15.00000000000001,-1.0651206240061697,0.0,0.288194012584513,0.10500000000000184,0.0,0.0,0.11795820377535443,NORMAL
2018-03-13,2.746,-1.29999999999999,2.1903856906225916,-0.9439071118690415,0.4833333333333334,1.5021775393038201,29.000000000000004,0.9423214537172505,-0.0523045771320686,0.0,0.5007258464346067,0.29000000000000004,0.261522885660343,0.26275432355105854,NORMAL,55.2,0.8619989888110666,2.1999999999999744,15.00000000000001,-1.0612348436676675,0.0,0.2873329962703555,0.10999999999999872,0.0,0.0,0.11919989888110627,NORMAL
2018-03-14,2.711,-3.500000000000014,2.3017384734152584,-0.8822444253401138,0.43,1.3097404846053662,25.8,0.9451248600420593,-0.0494851832490365,0.0,0.4365801615351221,0.258,0.2474259162451825,0.23788639880509743,NORMAL,55.90000000000002,1.0895577550294175,2.900000000000041,15.00000000000001,-1.0573913314229273,0.0,0.3631859183431392,0.14500000000000207,0.0,0.0,0.15245577550294237,NORMAL
2018-03-15,2.704,-0.6999999999999673,1.96010203816026,-1.0714289242422517,0.4233333333333333,1.2881836507908964,25.4,0.9456872093337843,-0.048919626933069726,0.0,0.4293945502636321,0.254,0.24459813466534863,0.23451816391886587,NORMAL,55.90000000000002,1.0855126561380695,2.60000000000003,15.00000000000001,-1.053589326181515,0.0,0.36183755204602314,0.1300000000000015,0.0,0.0,0.14755126561380738,NORMAL
2018-03-16,2.713,0.8999999999999897,1.9195051445620035,-1.0939098489323742,0.4666666666666671,1.4282765459536209,28.000000000000025,0.9449637586186439,-0.04964720341846596,0.0,0.4760921819845403,0.28000000000000025,0.24823601709232979,0.25051284323384004,NORMAL,55.90000000000002,1.0815123288350568,2.100000000000037,16.000000000000007,-0.7729329812589086,0.9999999999999964,0.3605041096116856,0.10500000000000184,0.0,0.033333333333333215,0.14631789955017288,NORMAL
2018-03-19,2.724,1.100000000000012,1.916816165031565,-1.0953988975013431,0.4850000000000006,1.4840670667791394,29.100000000000037,0.9440802175043355,-0.050535783283269686,0.0,0.4946890222597131,0.29100000000000037,0.25267891641634843,0.25820937101848207,NORMAL,56.30000000000002,1.2087000273155932,2.100000000000037,16.000000000000007,-0.770850513868179,0.9999999999999964,0.40290000910519774,0.10500000000000184,0.0,0.033333333333333215,0.15903666939822653,NORMAL
2018-03-20,2.732,0.8000000000000007,1.7287354672677564,-1.1995504132290262,0.4683333333333336,1.4361992077575867,28.100000000000016,0.9434382429564325,-0.0511814189506371,0.0,0.4787330692525289,0.28100000000000014,0.2559070947531855,0.25430945175178,NORMAL,56.19999999999998,1.1709594805497923,2.2999999999999687,16.000000000000007,-0.7687848058281103,0.9999999999999964,0.3903198268499308,0.11499999999999844,0.0,0.033333333333333215,0.1582626147216454,NORMAL
2018-03-21,2.723,-0.9000000000000341,1.7080613818626438,-1.2109988891057486,0.42666666666666636,1.3075770547588226,25.59999999999998,0.9441599732122943,-0.05045557273613421,0.0,0.4358590182529409,0.2559999999999998,0.25227786368067107,0.23928294912285658,NORMAL,55.90000000000002,1.0680579283643388,2.3000000000000185,16.000000000000007,-0.7667356334150885,0.9999999999999964,0.3560193094547796,0.11500000000000092,0.0,0.033333333333333215,0.1479724595031008,NORMAL
2018-03-22,2.694,-2.8999999999999915,1.795982358370745,-1.1623117932131322,0.35166666666666646,1.0646023973781717,21.099999999999987,0.9464873275462625,-0.04811494572292885,0.0,0.35486746579272394,0.21099999999999988,0.24057472861464424,0.20940338460440247,NORMAL,56.70000000000002,1.3259455738223629,2.8000000000000043,17.00000000000001,-0.4864045450688736,2.0,0.44198185794078765,0.1400000000000002,0.0,0.06666666666666667,0.1879278907155697,NORMAL
2018-03-23,2.648,-4.599999999999982,2.001545455523383,-1.0484792287837374,0.2533333333333336,0.7450203656709952,15.200000000000014,0.9501880929969685,-0.04439307516070545,0.0,0.24834012189033172,0.15200000000000014,0.22196537580352727,0.16885417469947728,NORMAL,57.40000000000003,1.5478456393652449,3.500000000000014,17.00000000000001,-0.4854039033115802,2.0,0.5159485464550816,0.1750000000000007,0.0,0.06666666666666667,0.22061789726985803,NORMAL
2018-03-26,2.687,3.89999999999997,2.2550236315718166,-0.9081132233763878,0.3266666666666662,0.9464457516976408,19.599999999999973,0.9470382194686836,-0.04756091211654756,0.0,0.3154819172325469,0.19599999999999973,0.2378045605827378,0.19741820767960447,NORMAL,57.09999999999997,1.441747955132967,2.499999999999993,17.00000000000001,-0.48440941605607796,2.0,0.480582651710989,0.12499999999999964,0.0,0.06666666666666667,0.19500812884662994,NORMAL
2018-03-27,2.676,-1.0999999999999677,2.1902355076446334,-0.9439902771538199,0.2983333333333338,0.8624027707696266,17.900000000000027,0.9479237002038867,-0.04667038156937664,0.0,0.28746759025654217,0.17900000000000027,0.2333519078468832,0.18663428119006176,NORMAL,57.49999999999997,1.564040168903216,2.499999999999943,17.00000000000001,-0.4834210204377708,2.0,0.5213467229677387,0.12499999999999716,0.0,0.06666666666666667,0.20723735022365408,NORMAL
2018-03-28,2.64,-3.600000000000003,2.211810403980837,-0.9320429684623927,0.2850000000000004,0.818480405102732,17.100000000000026,0.9508243467265107,-0.04375319293697888,0.0,0.27282680170091067,0.17100000000000026,0.2187659646848944,0.17627174621413996,NORMAL,57.399999999999984,1.5228720019282216,2.2999999999999687,17.00000000000001,-0.48243865448774115,2.0,0.5076240006427405,0.11499999999999844,0.0,0.06666666666666667,0.200120533526155,NORMAL
2018-03-29,2.642,0.19999999999997797,2.2036094792049887,-0.9365843103221827,0.2883333333333334,0.8281253089686353,17.300000000000004,0.9506627065875672,-0.04391575489417954,0.0,0.2760417696562118,0.17300000000000004,0.2195787744708977,0.17763986371960144,NORMAL,57.2,1.4500571319338764,2.099999999999987,17.00000000000001,-0.4814622571163976,2.0,0.48335237731129216,0.10499999999999936,0.0,0.06666666666666667,0.1898390465267208,NORMAL
2018-03-30,2.624,-1.7999999999999794,2.210328625245332,-0.9328635178494952,0.2250000000000004,0.6453303281864362,13.500000000000023,0.9521172205286462,-0.0424529459991676,0.0,0.21511010939547873,0.13500000000000023,0.212264729995838,0.154927913877431,NORMAL,57.89999999999998,1.6679041914408637,2.8999999999999915,17.00000000000001,-0.48049176809750044,2.0,0.5559680638136212,0.14499999999999957,0.0,0.06666666666666667,0.22362375247741956,NORMAL
2018-04-02,2.643,1.8999999999999684,2.279219626377222,-0.8947144559138873,0.22499999999999964,0.6453303281864342,13.499999999999979,0.9505795512174925,-0.04399938449137897,0.0,0.21511010939547806,0.1349999999999998,0.21999692245689484,0.1580207908618535,NORMAL,57.699999999999996,1.5935579725276712,3.4999999999999716,17.00000000000001,-0.4795271280525243,2.0,0.531185990842557,0.17499999999999857,0.0,0.06666666666666667,0.22518913058610002,NORMAL
2018-04-03,2.634,-0.8999999999999897,2.191820920460518,-0.9431123393867247,0.1849999999999996,0.5308862867573402,11.099999999999977,0.9513067445741737,-0.043268044020514984,0.0,0.17696209558578005,0.11099999999999977,0.21634022010257492,0.14412850715818593,NORMAL,59.20000000000001,2.0621762283547604,4.599999999999987,17.00000000000001,-0.4785682784353812,2.0,0.6873920761182535,0.22999999999999937,0.0,0.06666666666666667,0.28855095616880916,NORMAL
2018-04-04,2.617,-1.6999999999999904,2.123676058159523,-0.9808482196875079,0.16500000000000034,0.4718168798914749,9.90000000000002,0.9526813828200833,-0.04188556634412477,0.0,0.1572722932971583,0.0990000000000002,0.20942783172062385,0.13502559134768125,NORMAL,59.599999999999966,2.1707618556141077,4.799999999999962,17.00000000000001,-0.4776151615174658,2.0,0.7235872852047026,0.23999999999999808,0.0,0.06666666666666667,0.30240951889474355,WARNING
2018-04-05,2.633,1.6000000000000014,2.1704413812571977,-0.9549514671657036,0.15499999999999994,0.4442946017640133,9.299999999999997,0.951385736139448,-0.043188601973896734,0.0,0.14809820058800444,0.09299999999999997,0.21594300986948367,0.13459684406539435,NORMAL,60.20000000000003,2.338227619162927,5.100000000000016,17.00000000000001,-0.47666772037303673,2.0,0.7794092063876423,0.2550000000000008,0.0,0.06666666666666667,0.32365609524962624,WARNING
2018-04-06,2.607,-2.59999999999998,2.1718958490101055,-0.9541460415008508,0.07000000000000044,0.2002643303247865,4.200000000000026,0.9534882986163162,-0.04107404878425902,0.0,0.06675477677492883,0.04200000000000026,0.2053702439212951,0.10389905292350386,NORMAL,60.699999999999974,2.4685645062271595,5.399999999999977,17.00000000000001,-0.47572589886490907,2.0,0.8228548354090531,0.26999999999999885,0.0,0.06666666666666667,0.34118978395604893,WARNING
2018-04-09,2.613,0.5999999999999783,2.1332209400217623,-0.9755626485193155,-0.040000000000000036,-0.12189096221231914,-2.400000000000002,0.9530020195840219,-0.0415631010193791,0.0,0.0,0.0,0.2078155050968955,0.0831262020387582,NORMAL,60.70000000000002,2.44073258671881,5.500000000000014,17.00000000000001,-0.47478964163046805,2.0,0.81357752890627,0.2750000000000007,0.0,0.06666666666666667,0.3399065920052145,WARNING
2018-04-10,2.622,0.8999999999999897,2.158849596184813,-0.9613705308954357,0.05499999999999986,0.17273185960667808,3.299999999999992,0.9522729730390401,-0.042296305247099264,0.0,0.05757728653555936,0.03299999999999992,0.21148152623549632,0.1027080678013104,NORMAL,60.00000000000001,2.200630592743921,4.800000000000004,17.00000000000001,-0.47385889406797055,2.0,0.7335435309146403,0.2400000000000002,0.0,0.06666666666666667,0.30539639260772544,WARNING
2018-04-11,2.596,-2.59999999999998,2.10435013096304,-0.9915501398435265,-0.04500000000000023,-0.14226863960331246,-2.7000000000000135,0.9543774963094565,-0.040179780081695204,0.0,0.0,0.0,0.20089890040847602,0.08035956016339041,NORMAL,60.5,2.331785307739586,4.59999999999998,17.00000000000001,-0.4729336023231554,2.0,0.7772617692465286,0.229999999999999,0.0,0.06666666666666667,0.3155118641072916,WARNING
2018-04-12,2.58,-1.6000000000000014,2.1167502400962004,-0.9846834588030873,-0.12999999999999975,-0.41727969626510814,-7.799999999999985,0.9556754497044373,-0.03887442458260637,0.0,0.0,0.0,0.19437212291303185,0.07774884916521274,NORMAL,60.59999999999999,2.338163102519085,4.699999999999967,17.00000000000001,-0.4720137132761273,2.0,0.779387700839695,0.23499999999999838,0.0,0.06666666666666667,0.3176496435852413,WARNING
2018-04-13,2.603,2.300000000000013,2.191490720707557,-0.9432951907115691,-0.06333333333333302,-0.20235777595701754,-3.799999999999981,0.953807104200265,-0.04075342508254742,0.0,0.0,0.0,0.20376712541273712,0.08150685016509485,NORMAL,60.9,2.403813708502657,4.999999999999979,17.00000000000001,-0.47109917452853617,1.0000000000000036,0.8012712361675524,0.24999999999999895,0.0,0.03333333333333345,0.3220480375169321,WARNING
2018-04-16,2.625,2.1999999999999797,2.2481512872861265,-0.9119188508674979,-0.018333333333333535,-0.05817511684475922,-1.100000000000012,0.9520234849154106,-0.04254721617764312,0.0,0.0,0.0,0.2127360808882156,0.08509443235528624,NORMAL,60.80000000000001,2.3487292690757653,4.499999999999993,17.00000000000001,-0.4701899343910134,1.0000000000000036,0.7829097563585884,0.22499999999999964,0.0,0.03333333333333345,0.3090395935742431,WARNING
2018-04-17,2.636,1.100000000000012,2.258224733583523,-0.906340582002328,0.02666666666666669,0.08478400854250387,1.6000000000000014,0.9511333429570147,-0.04344243453051699,0.0,0.028261336180834623,0.016000000000000014,0.21721217265258497,0.09573713629720092,NORMAL,60.70000000000002,2.2954291980599106,4.5000000000000355,17.00000000000001,-0.46928594187088585,1.0000000000000036,0.7651430660199702,0.22500000000000178,0.0,0.03333333333333345,0.3037095864726583,WARNING
2018-04-18,2.652,1.6000000000000014,2.302510071982075,-0.8818171451288922,0.023333333333333723,0.0742570760631704,1.4000000000000234,0.9498398016105931,-0.04474335281955544,0.0,0.024752358687723467,0.014000000000000234,0.2237167640977772,0.09723717737665562,NORMAL,59.89999999999998,2.0386354260845265,3.9999999999999574,17.00000000000001,-0.4683871466601459,1.0000000000000036,0.6795451420281755,0.19999999999999787,0.0,0.03333333333333345,0.2705302092751187,NORMAL
2018-04-19,2.647,-0.5000000000000338,2.224096504911118,-0.9252394205731829,-0.008333333333333895,-0.02658440730281545,-0.5000000000000338,0.9502434835262777,-0.04433736874450367,0.0,0.0,0.0,0.22168684372251835,0.08867473748900734,NORMAL,60.30000000000002,2.139065871830155,3.6000000000000014,17.00000000000001,-0.46749349912366933,0.0,0.7130219572767184,0.18000000000000008,0.0,0.0,0.2679065871830155,NORMAL
2018-04-20,2.671,2.400000000000002,2.044575621904012,-1.0246508556234841,0.028333333333333172,0.0896584407171815,1.6999999999999904,0.9483049868198841,-0.046286920512264906,0.0,0.029886146905727166,0.016999999999999904,0.23143460256132453,0.10195107040567522,NORMAL,60.59999999999999,2.2075314242830495,3.19999999999996,17.00000000000001,-0.4666049502876918,0.0,0.7358438080943498,0.159999999999998,0.0,0.0,0.26875314242830434,NORMAL
2018-04-23,2.725,5.400000000000027,2.211429639991192,-0.932253820225107,0.13499999999999993,0.41169935239239935,8.099999999999996,0.9439522669303808,-0.050664463547113625,0.0,0.1372331174641331,0.08099999999999996,0.2533223177355681,0.14497555058705386,NORMAL,60.20000000000003,2.0721900712863697,3.1000000000000583,17.00000000000001,-0.4657214518285094,0.0,0.6907300237621232,0.1550000000000029,0.0,0.0,0.2537190071286378,NORMAL
2018-04-24,2.726,0.09999999999998899,2.190770112131924,-0.943694234719226,0.10833333333333324,0.33146225267182955,6.499999999999995,0.9438720309876917,-0.05074515706771221,0.0,0.11048741755727652,0.06499999999999995,0.25372578533856105,0.13658779764687973,NORMAL,60.30000000000002,2.0839950499030686,2.800000000000047,17.00000000000001,-0.4648429560614321,0.0,0.6946650166343562,0.14000000000000234,0.0,0.0,0.25039950499030755,NORMAL
2018-04-25,2.762,3.600000000000003,2.1150836738456515,-0.9856063360739555,0.13833333333333364,0.4181541651256972,8.300000000000018,0.9409837825728694,-0.05364987688708489,0.0,0.13938472170856572,0.08300000000000018,0.26824938443542445,0.15177669811588296,NORMAL,60.30000000000002,2.066884391983767,2.900000000000034,17.00000000000001,-0.4639694159299512,0.0,0.688961463994589,0.1450000000000017,0.0,0.0,0.2501884391983772,NORMAL
2018-04-26,2.749,-1.29999999999999,2.156575013644014,-0.9626301031008166,0.008333333333333156,0.026578295344659157,0.49999999999998934,0.9420235696526124,-0.052604160001045175,0.0,0.008859431781553052,0.004999999999999893,0.2630208000052259,0.10798020635840094,NORMAL,60.099999999999994,1.9932911241502795,2.8999999999999915,17.00000000000001,-0.4631007849951404,0.0,0.6644303747167598,0.14499999999999957,0.0,0.0,0.2428291124150278,NORMAL
2018-04-27,2.7,-4.899999999999993,2.4276044072077996,-0.8125449402848436,-0.13999999999999937,-0.4421920533448629,-8.399999999999963,0.9459470978202155,-0.04865825632744958,0.0,0.0,0.0,0.2432912816372479,0.09731651265489916,NORMAL,60.5,2.091384510273835,2.6000000000000227,17.00000000000001,-0.46223701742526613,0.0,0.6971281700912783,0.13000000000000114,0.0,0.0,0.2481384510273838,NORMAL
2018-04-30,2.713,1.29999999999999,2.411485674412091,-0.8214708453470994,-0.09333333333333342,-0.2947559404843506,-5.600000000000005,0.9449018262771242,-0.04970948895420768,0.0,0.0,0.0,0.2485474447710384,0.09941897790841536,NORMAL,60.299999999999976,2.017956454902485,2.59999999999998,17.00000000000001,-0.46137806798561976,0.0,0.6726521516341616,0.129999999999999,0.0,0.0,0.24079564549024818,NORMAL
2018-05-02,2.751,3.799999999999981,2.5102474191328534,-0.7667805686154844,-0.008333333333333156,-0.025838961371565584,-0.49999999999998934,0.941849793378249,-0.05277892730488565,0.0,0.0,0.0,0.26389463652442824,0.1055578546097713,NORMAL,60.19999999999999,1.9743541633679522,0.9999999999999787,17.00000000000001,-0.4605238920285479,0.0,0.658118054455984,0.049999999999998934,0.0,0.0,0.21243541633679489,NORMAL
2018-05-03,2.751,0.0,2.4570200179121553,-0.796255759750425,-0.008333333333333156,-0.025838961371565584,-0.49999999999998934,0.941849793378249,-0.05277892730488565,0.0,0.0,0.0,0.26389463652442824,0.1055578546097713,NORMAL,60.099999999999994,1.9317514528642326,0.5000000000000284,17.00000000000001,-0.4596744454836958,0.0,0.6439171509547442,0.02500000000000142,0.0,0.0,0.2006751452864237,NORMAL
2018-05-04,2.761,1.000000000000023,2.448716097532702,-0.8008541364274838,-0.06999999999999969,-0.22363709769142964,-4.1999999999999815,0.9410492210538776,-0.05358406521667647,0.0,0.0,0.0,0.26792032608338234,0.10716813043335294,NORMAL,59.60000000000001,1.7785166138597113,-0.6000000000000227,17.00000000000001,-0.4588296848484388,0.0,0.5928388712865704,0.0,0.0,0.0,0.1778516613859711,NORMAL
2018-05-08,2.787,2.59999999999998,2.361088063183003,-0.8493790127506236,0.06333333333333302,0.20918977689053433,3.799999999999981,0.9389695022753486,-0.055675644432547466,0.0,0.06972992563017812,0.03799999999999981,0.27837822216273733,0.13289727399113052,NORMAL,58.999999999999986,1.6001413783700755,-1.6999999999999886,17.00000000000001,-0.4579895671785114,0.0,0.5333804594566919,0.0,0.0,0.0,0.16001413783700755,NORMAL
2018-05-09,2.805,1.8000000000000238,2.3682994120809893,-0.8453856581581729,0.14500000000000032,0.48448394238152515,8.700000000000019,0.9375328789368673,-0.057120460696565734,0.0,0.16149464746050837,0.08700000000000019,0.28560230348282867,0.16393985088523316,NORMAL,59.49999999999997,1.7306312059599964,-1.2000000000000455,17.00000000000001,-0.4571540500788239,0.0,0.5768770686533321,0.0,0.0,0.0,0.17306312059599963,NORMAL
2018-05-10,2.772,-3.3000000000000362,2.5529137120264465,-0.7431536939378424,0.04666666666666597,0.1546482549499877,2.799999999999958,0.9401626586622852,-0.0544756835888196,0.0,0.05154941831666257,0.02799999999999958,0.272378417944098,0.12486125084097163,NORMAL,60.5,1.996667925589263,0.4999999999999929,17.00000000000001,-0.4563230916944651,0.0,0.665555975196421,0.024999999999999644,0.0,0.0,0.20716679255892617,NORMAL
2018-05-11,2.785,1.3000000000000345,2.4295277860436006,-0.8114798505470397,0.04666666666666671,0.15464825494999018,2.8000000000000025,0.9391237789244634,-0.05552048795845388,0.0,0.051549418316663397,0.028000000000000025,0.2776024397922694,0.12695085958024044,NORMAL,60.5,1.9818132292183204,0.0,17.00000000000001,-0.45549665070188167,0.0,0.6606044097394401,0.0,0.0,0.0,0.19818132292183202,NORMAL
2018-05-14,2.795,0.9999999999999787,2.3545867890923975,-0.8529791565120424,-0.018333333333333535,-0.063034894156625,-1.100000000000012,0.9383255237123777,-0.0563232955436892,0.0,0.0,0.0,0.281616477718446,0.1126465910873784,NORMAL,59.999999999999964,1.8304029957603658,-0.6000000000000227,17.00000000000001,-0.4546746863002318,0.0,0.6101343319201219,0.0,0.0,0.0,0.18304029957603657,NORMAL
2018-05-15,2.814,1.9000000000000128,2.3453144778472725,-0.8581137890498872,0.05666666666666709,0.19592508767753558,3.4000000000000252,0.9368101279915821,-0.05784733342138615,0.0,0.06530836255917853,0.03400000000000025,0.28923666710693074,0.13555633935460806,NORMAL,60.00000000000001,1.8185787400710811,-0.8999999999999915,17.00000000000001,-0.45385715820291783,0.0,0.6061929133570271,0.0,0.0,0.0,0.18185787400710812,NORMAL
2018-05-16,2.794,-2.0000000000000018,2.424105912225008,-0.8144822659091936,0.051666666666666895,0.1782939697116508,3.100000000000014,0.9384027052091679,-0.05624567388820245,0.0,0.05943132323721693,0.03100000000000014,0.28122836944101226,0.13057761242384833,NORMAL,60.699999999999974,1.9972766546400729,-0.10000000000003695,17.00000000000001,-0.45304402662927423,0.0,0.6657588848800243,0.0,0.0,0.0,0.1997276654640073,NORMAL
2018-05-17,2.796,0.19999999999997797,2.427474320965599,-0.8126169768067281,-0.0033333333333337065,-0.01174332001922486,-0.20000000000002238,0.9382431767492824,-0.05640611212364144,0.0,0.0,0.0,0.2820305606182072,0.11281222424728288,NORMAL,60.999999999999986,2.063604573775552,0.29999999999996874,17.00000000000001,-0.45223525229642897,0.0,0.6878681912585174,0.014999999999998436,0.0,0.0,0.21086045737755474,NORMAL
2018-05-18,2.765,-3.0999999999999694,2.5693077093379015,-0.7340753584726696,-0.06999999999999969,-0.24301242290916966,-4.1999999999999815,0.9407154475200167,-0.05391974222908724,0.0,0.0,0.0,0.2695987111454362,0.10783948445817448,NORMAL,61.3,2.128191843779369,1.40000000000002,17.00000000000001,-0.4514307964113231,0.0,0.7093972812597897,0.07000000000000099,0.0,0.0,0.23381918437793722,NORMAL
2018-05-21,2.769,0.40000000000000036,2.55752758898532,-0.740598714695628,-0.05333333333333338,-0.18517649064354783,-3.200000000000003,0.9403956042678598,-0.0542414095167294,0.0,0.0,0.0,0.271207047583647,0.1084828190334588,NORMAL,61.20000000000001,2.084265031187967,0.8999999999999915,17.00000000000001,-0.45063062066287907,0.0,0.6947550103959891,0.044999999999999575,0.0,0.0,0.22192650311879658,NORMAL
2018-05-23,2.747,-2.200000000000024,2.594650366873311,-0.7200416153705724,-0.09333333333333342,-0.32163208207172117,-5.600000000000005,0.9421541440478408,-0.05247284095252558,0.0,0.0,0.0,0.2623642047626279,0.10494568190505116,NORMAL,61.50000000000002,2.147683045153004,0.9000000000000341,17.00000000000001,-0.4498346872143287,0.0,0.7158943483843346,0.045000000000001705,0.0,0.0,0.2282683045153009,NORMAL
2018-05-24,2.72,-2.699999999999969,2.3942639787625746,-0.8310075268174673,-0.11999999999999937,-0.4096031256874624,-7.199999999999962,0.9443163878084305,-0.05029826612251176,0.0,0.0,0.0,0.2514913306125588,0.10059653224502352,NORMAL,62.700000000000024,2.4460467513952575,2.499999999999993,17.00000000000001,-0.4490429586956903,0.0,0.8153489171317525,0.12499999999999964,0.0,0.0,0.28210467513952564,NORMAL
2018-05-25,2.716,-0.40000000000000036,2.395500167529022,-0.8303229752644274,-0.07833333333333285,-0.2708584307157256,-4.699999999999971,0.9446374553802854,-0.049975367532993364,0.0,0.0,0.0,0.24987683766496682,0.09995073506598673,NORMAL,62.5,2.3691788897848665,2.1999999999999815,17.00000000000001,-0.44825539819638394,0.0,0.7897262965949555,0.10999999999999907,0.0,0.0,0.26991788897848634,NORMAL
2018-05-28,2.726,0.9999999999999787,2.2533250285323945,-0.9090538413306961,-0.006666666666666672,-0.023431743706495006,-0.40000000000000036,0.9438345135432121,-0.050782888470590426,0.0,0.0,0.0,0.25391444235295213,0.10156577694118085,NORMAL,62.1,2.242741352277769,1.799999999999983,17.00000000000001,-0.4474719692579989,0.0,0.7475804507592563,0.08999999999999915,0.0,0.0,0.2512741352277766,NORMAL
2018-05-29,2.693,-3.299999999999992,2.348033891981699,-0.8566078870229418,-0.07166666666666692,-0.24751423414112692,-4.300000000000015,0.9464819693537008,-0.04812033447275044,0.0,0.0,0.0,0.24060167236375218,0.09624066894550087,NORMAL,62.40000000000001,2.3007007652543257,2.3000000000000185,17.00000000000001,-0.4466926358671893,0.0,0.7669002550847752,0.11500000000000092,0.0,0.0,0.2645700765254328,NORMAL
2018-05-30,2.697,0.40000000000000036,2.0833361403489845,-1.0031868415357421,-0.0733333333333334,-0.25331498047998396,-4.400000000000004,0.9461601654841205,-0.04844397355902974,0.0,0.0,0.0,0.2422198677951487,0.09688794711805948,NORMAL,62.5,2.3055406143228008,2.0,17.00000000000001,-0.4459173624487164,0.0,0.7685135381076003,0.1,0.0,0.0,0.2605540614322801,NORMAL
2018-05-31,2.695,-0.20000000000002238,2.0603780950924606,-1.015900082394804,-0.07000000000000044,-0.24183789144404227,-4.200000000000026,0.9463210127122528,-0.04828220903453484,0.0,0.0,0.0,0.2414110451726742,0.09656441806906968,NORMAL,62.1,2.1826415707583333,1.8000000000000256,17.00000000000001,-0.44514611385861186,0.0,0.7275471902527778,0.09000000000000127,0.0,0.0,0.2452641570758337,NORMAL
2018-06-01,2.703,0.8000000000000007,1.8619175175354215,-1.1257995575164579,-0.09333333333333342,-0.3248852628432444,-5.600000000000005,0.9456775144236085,-0.048929377132391316,0.0,0.0,0.0,0.24464688566195658,0.09785875426478263,NORMAL,62.1,2.1646521300160586,1.9000000000000128,17.00000000000001,-0.44437885537748456,0.0,0.7215507100053529,0.09500000000000064,0.0,0.0,0.24496521300160604,NORMAL
2018-06-04,2.733,3.000000000000025,1.998130705381779,-1.0503701798877472,0.010000000000000378,0.03485230632110632,0.6000000000000227,0.9432660367618282,-0.05135460722070373,0.0,0.011617435440368773,0.006000000000000227,0.25677303610351865,0.10623270152948126,NORMAL,62.1,2.1471005284222673,2.000000000000007,17.00000000000001,-0.44361555270393965,0.0,0.7157001761407558,0.10000000000000035,0.0,0.0,0.24471005284222683,NORMAL
2018-06-05,2.716,-1.6999999999999904,2.011774550516352,-1.0428147679394988,-0.023333333333332984,-0.08093785106279457,-1.399999999999979,0.944629056184949,-0.049983814628137724,0.0,0.0,0.0,0.24991907314068862,0.09996762925627545,NORMAL,62.59999999999999,2.255599274609534,2.9999999999999787,17.00000000000001,-0.44285617194813526,0.0,0.7518664248698447,0.14999999999999894,0.0,0.0,0.27055992746095303,NORMAL
2018-06-07,2.75,3.399999999999981,2.0777708196399756,-1.0062686920086803,0.00999999999999964,0.03413370615000632,0.5999999999999783,0.9418990782125745,-0.05272936140386242,0.0,0.011377902050002107,0.005999999999999783,0.2636468070193121,0.10893430321772521,NORMAL,62.5,2.2111795944818233,3.500000000000014,17.00000000000001,-0.4421006796254471,0.0,0.7370598648272745,0.1750000000000007,0.0,0.0,0.27361795944818257,NORMAL
2018-06-08,2.714,-3.600000000000003,2.155647417708584,-0.9631437683721951,-0.07499999999999989,-0.2517393841020028,-4.499999999999993,0.944781289391905,-0.049830713249758185,0.0,0.0,0.0,0.24915356624879093,0.09966142649951637,NORMAL,62.9,2.2920375797524657,3.400000000000027,17.00000000000001,-0.44134904265026476,0.0,0.7640125265841552,0.17000000000000134,0.0,0.0,0.28020375797524694,NORMAL
2018-06-11,2.732,1.8000000000000238,2.1023796041628624,-0.9926413382251822,-0.023333333333332984,-0.07808877503066743,-1.399999999999979,0.9433357740191354,-0.05128447225848609,0.0,0.0,0.0,0.25642236129243046,0.10256894451697218,NORMAL,61.00000000000003,1.801450199587662,0.5000000000000284,17.00000000000001,-0.4406012283298924,0.0,0.600483399862554,0.02500000000000142,0.0,0.0,0.1876450199587666,NORMAL
2018-06-12,2.721,-1.100000000000012,2.0806375541114646,-1.0046812099121958,0.01666666666666705,0.05677663005200098,1.000000000000023,0.9442177929678431,-0.05039742324004792,0.0,0.018925543350666995,0.010000000000000231,0.2519871162002396,0.10657995515022929,NORMAL,61.00000000000003,1.7906684624905236,0.5000000000000284,17.00000000000001,-0.43985720435857184,0.0,0.5968894874968412,0.02500000000000142,0.0,0.0,0.1865668462490528,NORMAL
2018-06-14,2.711,-1.000000000000023,2.0618336244073716,-1.0150940688796668,0.011666666666666122,0.03970990673950921,0.6999999999999673,0.9450203780918658,-0.04959026104980191,0.0,0.013236635579836403,0.006999999999999673,0.24795130524900955,0.10322784921557103,NORMAL,61.90000000000002,2.0020636783345984,1.9000000000000554,17.00000000000001,-0.4391169388116114,0.0,0.6673545594448661,0.09500000000000278,0.0,0.0,0.22870636783346066,NORMAL
2018-06-15,2.672,-3.89999999999997,2.125261593805629,-0.9799702139019828,-0.0683333333333332,-0.22738919529132912,-4.0999999999999925,0.9481531206452403,-0.04643965276518214,0.0,0.0,0.0,0.2321982638259107,0.09287930553036428,NORMAL,62.9,2.2327029176797377,2.8999999999999915,17.00000000000001,-0.438380400139624,0.0,0.7442343058932459,0.14499999999999957,0.0,0.0,0.2667702917679736,NORMAL
2018-06-18,2.65,-2.200000000000024,2.132110395087949,-0.9761776235779769,-0.12333333333333381,-0.4084991350683176,-7.400000000000029,0.9499261669808469,-0.044656494915852996,0.0,0.0,0.0,0.22328247457926498,0.08931298983170599,NORMAL,62.9,2.2140825724488957,2.200000000000024,17.00000000000001,-0.4376475571628731,0.0,0.7380275241496319,0.11000000000000121,0.0,0.0,0.2544082572448899,NORMAL
2018-06-19,2.62,-2.9999999999999805,2.178990591994372,-0.9502172585672738,-0.18666666666666684,-0.6115013665645052,-11.20000000000001,0.9523484787066481,-0.04222036897788839,0.0,0.0,0.0,0.21110184488944195,0.08444073795577678,NORMAL,63.09999999999998,2.244216460521212,2.0999999999999943,17.00000000000001,-0.4369183790657202,0.0,0.7480721535070707,0.10499999999999972,0.0,0.0,0.2559216460521211,NORMAL
2018-06-20,2.618,-0.20000000000002238,2.1191544987267146,-0.98335207720175,-0.17499999999999996,-0.5737321639556381,-10.499999999999998,0.9525103779480282,-0.04205754644061466,0.0,0.0,0.0,0.21028773220307329,0.08411509288122931,NORMAL,63.400000000000034,2.2974219848389157,2.100000000000037,17.00000000000001,-0.43619283539117637,0.0,0.7658073282796386,0.10500000000000184,0.0,0.0,0.26124219848389213,NORMAL
2018-06-21,2.594,-2.400000000000002,2.1326719095266857,-0.9758666794960336,-0.16666666666666682,-0.5484797964262328,-10.000000000000009,0.9544534991190422,-0.04010334383535341,0.0,0.0,0.0,0.20051671917676706,0.08020668767070682,NORMAL,63.7,2.348974855225998,2.499999999999993,17.00000000000001,-0.435470896035551,0.0,0.782991618408666,0.12499999999999964,0.0,0.0,0.2723974855225997,NORMAL
2018-06-22,2.608,1.4000000000000234,2.16660661185327,-0.9570750080214843,-0.06666666666666672,-0.2256210437306973,-4.0000000000000036,0.9533176994550905,-0.041245620856189436,0.0,0.0,0.0,0.20622810428094718,0.08249124171237887,NORMAL,64.1,2.4224784636229644,2.599999999999973,17.00000000000001,-0.4347525312431983,0.0,0.8074928212076548,0.12999999999999864,0.0,0.0,0.281247846362296,NORMAL
2018-06-25,2.605,-0.30000000000001137,2.115575074237934,-0.9853342183271911,-0.1366666666666664,-0.4749597613530278,-8.199999999999985,0.9535607954684516,-0.041001138489507594,0.0,0.0,0.0,0.20500569244753797,0.08200227697901519,NORMAL,64.1,2.3996506577369243,1.3999999999999702,17.00000000000001,-0.43403771160136134,0.0,0.7998835525789748,0.06999999999999851,0.0,0.0,0.260965065773692,NORMAL
2018-06-26,2.618,1.29999999999999,2.156727540560124,-0.9625456398374888,-0.09666666666666712,-0.3353527115984079,-5.800000000000027,0.9525071107894589,-0.04206083223147683,0.0,0.0,0.0,0.21030416115738415,0.08412166446295366,NORMAL,63.99999999999997,2.354122181473828,1.4999999999999716,17.00000000000001,-0.43332640803510447,0.0,0.7847073938246093,0.07499999999999858,0.0,0.0,0.25791221814738235,NORMAL
2018-06-27,2.576,-4.1999999999999815,2.277695049132367,-0.895558705391816,-0.10666666666666676,-0.36721015418967584,-6.400000000000006,0.9559075611749773,-0.038640989402543124,0.0,0.0,0.0,0.19320494701271562,0.07728197880508625,NORMAL,64.5,2.448974982765448,2.3999999999999986,17.00000000000001,-0.43261859180234274,0.0,0.8163249942551493,0.11999999999999993,0.0,0.0,0.28089749827654475,NORMAL
2018-06-28,2.558,-1.8000000000000238,2.2130890533132037,-0.9313349039579882,-0.14000000000000012,-0.47979438470094304,-8.400000000000007,0.9573700997435751,-0.03717011011632898,0.0,0.0,0.0,0.1858505505816449,0.07434022023265796,NORMAL,64.69999999999997,2.47163983527432,2.2999999999999616,17.00000000000001,-0.4319142344889533,0.0,0.82387994509144,0.11499999999999808,0.0,0.0,0.2816639835274314,NORMAL
2018-06-29,2.556,-0.19999999999997797,2.2017875512984055,-0.9375932206211838,-0.11333333333333344,-0.3902182746724058,-6.800000000000006,0.9575328526605316,-0.037006429035048694,0.0,0.0,0.0,0.18503214517524347,0.07401285807009739,NORMAL,64.4,2.379274110408665,1.9000000000000057,17.00000000000001,-0.4312133080039843,0.0,0.7930913701362217,0.09500000000000028,0.0,0.0,0.26642741104086654,NORMAL
2018-07-02,2.53,-2.6000000000000245,2.2379207925403017,-0.9175840868384949,-0.18833333333333332,-0.6465134059033476,-11.299999999999999,0.9596490002649114,-0.03487821324321605,0.0,0.0,0.0,0.17439106621608025,0.0697564264864321,NORMAL,64.29999999999998,2.3350882251942555,2.1999999999999815,17.00000000000001,-0.4305157845749344,0.0,0.7783627417314185,0.10999999999999907,0.0,0.0,0.26650882251942526,NORMAL
2018-07-03,2.577,4.700000000000015,2.536906528991976,-0.752017827234839,-0.0949999999999999,-0.3143717714421364,-5.699999999999994,0.9558152025088531,-0.03873387478130941,0.0,0.0,0.0,0.19366937390654704,0.07746774956261882,NORMAL,64.30000000000003,2.3147346963588826,2.200000000000024,17.00000000000001,-0.42982163674313717,0.0,0.7715782321196275,0.11000000000000121,0.0,0.0,0.2644734696358886,NORMAL
2018-07-04,2.547,-2.9999999999999805,2.4378808744265443,-0.8068542466098222,-0.1166666666666664,-0.3826328742539968,-6.999999999999984,0.9582525312752507,-0.03628264616200172,0.0,0.0,0.0,0.1814132308100086,0.07256529232400344,NORMAL,64.5,2.3398410248591714,2.3999999999999986,17.00000000000001,-0.4291308373592031,0.0,0.7799470082863905,0.11999999999999993,0.0,0.0,0.2699841024859171,NORMAL
2018-07-05,2.545,-0.20000000000002238,2.436018105541564,-0.8078857729978447,-0.1466666666666668,-0.4832272740060271,-8.800000000000008,0.9584154342055675,-0.03611881421184926,0.0,0.0,0.0,0.1805940710592463,0.07223762842369852,NORMAL,64.9,2.4087312417815334,2.3000000000000185,17.00000000000001,-0.4284433595785602,0.0,0.8029104139271778,0.11500000000000092,0.0,0.0,0.27537312417815357,NORMAL
2018-07-06,2.555,1.000000000000023,2.2687522654766146,-0.9005108588219413,-0.08666666666666674,-0.28772206412557283,-5.200000000000005,0.9576007810864927,-0.03693811321976925,0.0,0.0,0.0,0.18469056609884626,0.0738762264395385,NORMAL,64.80000000000001,2.364630766420573,2.3000000000000114,17.00000000000001,-0.42775917685706827,0.0,0.7882102554735243,0.11500000000000057,0.0,0.0,0.27096307664205743,NORMAL
2018-07-09,2.558,0.29999999999996696,2.1977500456507553,-0.9398290286438121,-0.09166666666666694,-0.3044747852102631,-5.500000000000016,0.9573565928873157,-0.032248159614934324,0.0,0.0,0.0,0.16124079807467162,0.06449631922986865,NORMAL,64.79999999999997,2.3438067598816157,1.8999999999999702,17.00000000000001,-0.4270782629467021,0.0,0.7812689199605386,0.0949999999999985,0.0,0.0,0.2628806759881611,NORMAL
2018-07-10,2.553,-0.49999999999998934,2.114231227706781,-0.9860783864145548,-0.11499999999999992,-0.38248401171112206,-6.899999999999995,0.9577634694392927,-0.03134284993623826,0.0,0.0,0.0,0.1567142496811913,0.06268569987247652,NORMAL,64.99999999999999,2.3673284942837376,3.9999999999999574,17.00000000000001,-0.42640059189132423,0.0,0.7891094980945792,0.19999999999999787,0.0,0.0,0.2967328494283731,NORMAL
2018-07-11,2.512,-4.0999999999999925,2.2326465296405034,-0.9205047612186491,-0.14000000000000012,-0.4587549161460498,-8.400000000000007,0.9611012751302885,-0.02603386016218101,0.0,0.0,0.0,0.13016930081090505,0.05206772032436202,NORMAL,65.40000000000003,2.4335429357195206,4.400000000000006,17.00000000000001,-0.4257261380225184,0.0,0.8111809785731735,0.22000000000000028,0.0,0.0,0.3093542935719521,WARNING
2018-07-12,2.542,2.9999999999999805,2.4090782251178204,-0.8228039938095253,-0.06333333333333376,-0.2052488812149385,-3.8000000000000256,0.9586504668787064,-0.028517473818767347,0.0,0.0,0.0,0.14258736909383674,0.057034947637534694,NORMAL,65.40000000000003,2.411229756073174,3.500000000000014,17.00000000000001,-0.4250548759555047,0.0,0.8037432520243913,0.1750000000000007,0.0,0.0,0.2936229756073176,NORMAL
2018-07-13,2.556,1.4000000000000234,2.346015659300724,-0.8577255030000936,-0.07833333333333359,-0.2551725914691226,-4.700000000000015,0.9575096728231207,-0.029673538024923007,0.0,0.0,0.0,0.14836769012461504,0.059347076049846015,NORMAL,64.99999999999999,2.3035884776571334,2.099999999999987,17.00000000000001,-0.42438678058511753,0.0,0.7678628258857111,0.10499999999999936,0.0,0.0,0.2618588477657131,NORMAL
2018-07-16,2.546,-1.000000000000023,2.3175758660153587,-0.8734743151475929,-0.13166666666666696,-0.4318373867097866,-7.900000000000018,0.9583235560450204,-0.028848760532244166,0.0,0.0,0.0,0.14424380266122083,0.05769752106448833,NORMAL,65.3,2.3485395588426585,2.3999999999999986,17.00000000000001,-0.42372182708186157,0.0,0.7828465196142195,0.11999999999999993,0.0,0.0,0.2708539558842658,NORMAL
2018-07-17,2.552,0.6000000000000227,2.2537454206393046,-0.9088210451126087,-0.14000000000000012,-0.45985816731920615,-8.400000000000007,0.9578348110314374,-0.029344047664372708,0.0,0.0,0.0,0.14672023832186354,0.058688095328745415,NORMAL,65.20000000000002,2.3071724714635793,2.100000000000037,17.00000000000001,-0.4230599908880263,0.0,0.7690574904878598,0.10500000000000184,0.0,0.0,0.26221724714635847,NORMAL
2018-07-18,2.53,-2.200000000000024,2.291264877058546,-0.8880442811926341,-0.2033333333333339,-0.6668987553660125,-12.200000000000033,0.9596259621280663,-0.027528921033505016,0.0,0.0,0.0,0.13764460516752508,0.05505784206701003,NORMAL,65.3,2.309158562509956,1.899999999999963,17.00000000000001,-0.4224012477138771,0.0,0.769719520836652,0.09499999999999816,0.0,0.0,0.25941585625099506,NORMAL
2018-07-19,2.54,1.000000000000023,2.2641601208023237,-0.9030538036001918,-0.17833333333333293,-0.5837312368709116,-10.699999999999976,0.9588102800602574,-0.028355521450626586,0.0,0.0,0.0,0.14177760725313293,0.05671104290125317,NORMAL,65.50000000000003,2.3320270072755185,1.8000000000000256,17.00000000000001,-0.42174557353390235,0.0,0.7773423357585062,0.09000000000000127,0.0,0.0,0.2602027007275522,NORMAL
2018-07-20,2.522,-1.8000000000000238,2.2529746418551,-0.9092478713612355,-0.24833333333333338,-0.8182160977448931,-14.900000000000002,0.9602772597887496,-0.026868905398446108,0.0,0.0,0.0,0.13434452699223054,0.053737810796892216,NORMAL,65.50000000000003,2.312432824303175,1.400000000000034,17.00000000000001,-0.4210929445831305,0.0,0.7708109414343917,0.0700000000000017,0.0,0.0,0.252243282430318,NORMAL
2018-07-23,2.535,1.3000000000000345,2.2859985725464114,-0.8909605485382135,-0.31666666666666654,-1.0945502713639756,-18.999999999999993,0.959216153416683,-0.027944215257980853,0.0,0.0,0.0,0.13972107628990427,0.05588843051596171,NORMAL,65.8,2.3555873687165945,1.7000000000000028,17.00000000000001,-0.4204433373535074,0.0,0.7851957895721982,0.08500000000000014,0.0,0.0,0.2610587368716595,NORMAL
2018-07-24,2.575,4.0000000000000036,2.461551714286191,-0.7937462888063826,-0.2516666666666663,-0.84432609844514,-15.09999999999998,0.9559548184950662,-0.031249204926103724,0.0,0.0,0.0,0.15624602463051862,0.06249840985220745,NORMAL,65.60000000000001,2.294296597925871,1.600000000000037,17.00000000000001,-0.4197967285903357,0.0,0.764765532641957,0.08000000000000185,0.0,0.0,0.25342965979258764,NORMAL
2018-07-25,2.546,-2.900000000000036,2.366098276198945,-0.8466045585618995,-0.36000000000000026,-1.2244886754110857,-21.60000000000002,0.9583112471226566,-0.028861234216246534,0.0,0.0,0.0,0.14430617108123267,0.05772246843249307,NORMAL,65.99999999999997,2.35775345498858,1.4999999999999716,17.00000000000001,-0.4191530952887735,0.0,0.7859178183295267,0.07499999999999858,0.0,0.0,0.25827534549885756,NORMAL
2018-07-26,2.55,0.40000000000000036,2.3363038735305217,-0.8631034988306885,-0.3316666666666671,-1.1287703283806183,-19.900000000000027,0.9579854212986348,-0.029191421396613015,0.0,0.0,0.0,0.14595710698306508,0.05838284279322603,NORMAL,66.10000000000001,2.3581685471430047,1.400000000000034,17.00000000000001,-0.4185124146903916,0.0,0.7860561823810016,0.0700000000000017,0.0,0.0,0.256816854714301,NORMAL
2018-07-27,2.571,2.100000000000035,2.384130648133291,-0.8366189572138762,-0.215,-0.751360861786805,-12.9,0.9562754173216167,-0.030924314709420142,0.0,0.0,0.0,0.1546215735471007,0.061848629418840284,NORMAL,65.89999999999998,2.2976942370055706,1.4999999999999716,17.00000000000001,-0.41787466427979175,0.0,0.7658980790018569,0.07499999999999858,0.0,0.0,0.2522694237005566,NORMAL
2018-07-30,2.573,0.19999999999997797,2.2994907903135595,-0.8834891017194594,-0.23333333333333353,-0.8184618142645821,-14.000000000000012,0.956112850500672,-0.03108905757591962,0.0,0.0,0.0,0.1554452878795981,0.06217811515183924,NORMAL,65.8,2.2589711754966477,1.5000000000000142,17.00000000000001,-0.4172398217812783,0.0,0.7529903918322159,0.0750000000000007,0.0,0.0,0.24839711754966498,NORMAL
2018-07-31,2.567,-0.5999999999999783,2.046948949045879,-1.0233366026348358,-0.30666666666666614,-1.1078410657219326,-18.39999999999997,0.9566004680544273,-0.030594912995283274,0.0,0.0,0.0,0.15297456497641637,0.06118982599056655,NORMAL,65.8,2.241291807143077,1.4999999999999716,17.00000000000001,-0.41660786515558546,0.0,0.7470972690476924,0.07499999999999858,0.0,0.0,0.24662918071430728,NORMAL
2018-08-01,2.589,2.1999999999999797,1.9817323628317642,-1.0594509215710357,-0.26999999999999985,-0.9645811785113493,-16.199999999999992,0.9548116251791655,-0.03240770050798214,0.0,0.0,0.0,0.1620385025399107,0.06481540101596428,NORMAL,65.59999999999997,2.1840409512963186,1.099999999999966,17.00000000000001,-0.41597877259666144,0.0,0.7280136504321062,0.05499999999999829,0.0,0.0,0.23490409512963134,NORMAL
2018-08-02,2.574,-1.5000000000000124,2.016895738766053,-1.0399788601356954,-0.3116666666666672,-1.1138463203462348,-18.700000000000028,0.9560290100012688,-0.031174020326130036,0.0,0.0,0.0,0.15587010163065018,0.06234804065226007,NORMAL,65.7,2.187855456572731,0.7999999999999972,17.00000000000001,-0.4153525225285046,0.0,0.7292851521909104,0.039999999999999855,0.0,0.0,0.23078554565727308,NORMAL
2018-08-03,2.58,0.6000000000000227,2.009942392471153,-1.0438293432772605,-0.3449999999999998,-1.2504975378221352,-20.699999999999985,0.9555414352061682,-0.03166812157576371,0.0,0.0,0.0,0.15834060787881854,0.06333624315152742,NORMAL,65.7,2.171734914615191,0.8999999999999915,17.00000000000001,-0.4147290936020461,0.0,0.7239116382050637,0.044999999999999575,0.0,0.0,0.23067349146151897,NORMAL
2018-08-06,2.561,-1.9000000000000128,2.0594518943794715,-1.0164129750481852,-0.406666666666667,-1.480656153104162,-24.40000000000002,0.957084634624026,-0.02943628822008615,0.0,0.0,0.0,0.14718144110043074,0.0588725764401723,NORMAL,65.8,2.175680453714981,1.0000000000000284,16.000000000000007,-0.7243605859052181,-1.0000000000000036,0.7252268179049937,0.05000000000000142,0.0,0.0,0.23256804537149853,NORMAL
2018-08-07,2.557,-0.40000000000000036,2.0582567994863066,-1.017074770469201,-0.3583333333333331,-1.3259796751898312,-21.499999999999986,0.9574100433997982,-0.029106296558080946,0.0,0.0,0.0,0.14553148279040473,0.05821259311616189,NORMAL,66.10000000000001,2.2187140833147128,1.1000000000000227,16.000000000000007,-0.7229535122142774,-1.0000000000000036,0.7395713611049043,0.05500000000000114,0.0,0.0,0.23837140833147163,NORMAL
2018-08-08,2.557,0.0,1.8162642399920015,-1.151080503996436,-0.3800000000000003,-1.4134174576635512,-22.80000000000002,0.9574100433997982,-0.028197366201970664,0.0,0.0,0.0,0.14098683100985332,0.05639473240394133,NORMAL,66.20000000000003,2.2216198497107835,0.7999999999999972,16.000000000000007,-0.7215546127745465,-1.0000000000000036,0.7405399499035945,0.039999999999999855,0.0,0.0,0.2341619849710783,NORMAL
2018-08-09,2.521,-3.600000000000003,1.883858023480439,-1.1136497889480987,-0.45666666666666667,-1.6722815525127035,-27.400000000000002,0.9603397181326017,-0.02522365014254857,0.0,0.0,0.0,0.12611825071274285,0.05044730028509714,NORMAL,66.40000000000002,2.2438132088846525,0.9999999999999858,16.000000000000007,-0.7201638087102251,-1.0000000000000036,0.7479377362948841,0.04999999999999929,0.0,0.0,0.23938132088846503,NORMAL
2018-08-10,2.49,-3.0999999999999694,1.9617661215826692,-1.0705074218616146,-0.5399999999999997,-1.9736456248328456,-32.399999999999984,0.962870213289881,-0.021453575091842758,0.0,0.0,0.0,0.10726787545921379,0.042907150183685516,NORMAL,66.29999999999998,2.2074878696617235,1.2999999999999972,16.000000000000007,-0.7187810222072233,-1.0000000000000036,0.7358292898872412,0.06499999999999986,0.0,0.0,0.2402487869661723,NORMAL
2018-08-13,2.505,1.499999999999968,1.996173971956306,-1.0514537400540007,-0.48166666666666685,-1.7544097446635036,-28.900000000000013,0.9616425537679364,-0.022701221783600678,0.0,0.0,0.0,0.11350610891800339,0.045402443567201356,NORMAL,65.99999999999997,2.133537555078467,0.6999999999999744,16.000000000000007,-0.7174061764948576,-1.0000000000000036,0.7111791850261557,0.03499999999999872,0.0,0.0,0.22385375550784634,NORMAL
2018-08-14,2.503,-0.19999999999997797,1.9871892342279844,-1.0564291259598715,-0.4883333333333328,-1.7799868518575224,-29.29999999999997,0.9618060330020769,-0.022535080991303857,0.0,0.0,0.0,0.11267540495651929,0.045070161982607715,NORMAL,65.8,2.0803838294365486,0.5999999999999801,16.000000000000007,-0.7160391958279215,-1.0000000000000036,0.6934612764788496,0.029999999999999007,0.0,0.0,0.21703838294365457,NORMAL
2018-08-16,2.475,-2.8000000000000025,2.0224724316643043,-1.0368907122023543,-0.4833333333333334,-1.7666702231854017,-29.000000000000004,0.9640951313606219,-0.02020871448406314,0.0,0.0,0.0,0.1010435724203157,0.04041742896812628,NORMAL,65.7,2.0474439530171002,0.4000000000000057,16.000000000000007,-0.7146800054691466,-1.0000000000000036,0.6824813176723667,0.020000000000000285,0.0,0.0,0.2107443953017101,NORMAL
2018-08-17,2.431,-4.400000000000004,2.196282744715912,-0.9406415608079817,-0.5633333333333336,-2.0061184054299823,-33.80000000000001,0.9677008471519106,-0.01654429507623356,0.0,0.0,0.0,0.08272147538116781,0.03308859015246712,NORMAL,66.19999999999997,2.1292644431775676,0.699999999999946,16.000000000000007,-0.7133285316720185,-1.0000000000000036,0.7097548143925225,0.0349999999999973,0.0,0.0,0.22342644431775593,NORMAL
2018-08-20,2.407,-2.400000000000002,2.218314912863274,-0.9284410334035343,-0.5666666666666664,-2.0154850207752992,-33.999999999999986,0.9696749568801005,-0.01453804543818904,0.0,0.0,0.0,0.0726902271909452,0.02907609087637808,NORMAL,66.49999999999999,2.1713587942836106,0.9999999999999574,16.000000000000007,-0.7119847016639459,-1.0000000000000036,0.7237862647612036,0.049999999999997866,0.0,0.0,0.23213587942836042,NORMAL
2018-08-21,2.381,-2.6000000000000245,2.216231984817097,-0.9295944750684174,-0.5650000000000007,-2.0110554929814817,-33.90000000000004,0.9718179385348056,-0.01236017451860738,0.0,0.0,0.0,0.061800872593036904,0.02472034903721476,NORMAL,67.30000000000001,2.3063456475585844,1.5000000000000142,16.000000000000007,-0.7106484436297928,-1.0000000000000036,0.7687818825195282,0.0750000000000007,0.0,0.0,0.25313456475585866,NORMAL
2018-08-22,2.402,2.100000000000035,2.0342527400808232,-1.0303672518371614,-0.5233333333333334,-1.8399377330154978,-31.400000000000006,0.9700832435145209,-0.014123111607091787,0.0,0.0,0.0,0.07061555803545894,0.028246223214183575,NORMAL,66.39999999999999,2.1200380510258863,0.799999999999983,16.000000000000007,-0.7093196866957338,-1.0000000000000036,0.706679350341962,0.03999999999999915,0.0,0.0,0.22400380510258835,NORMAL
2018-08-23,2.395,-0.7000000000000117,1.9770991509359344,-1.062016607722648,-0.5516666666666665,-1.947516316878016,-33.099999999999994,0.9706604430444119,-0.013536514858498161,0.0,0.0,0.0,0.0676825742924908,0.027073029716996322,NORMAL,66.19999999999999,2.0683614767933043,0.20000000000001705,16.000000000000007,-0.7079983609134476,-1.0000000000000036,0.6894538255977681,0.010000000000000852,0.0,0.0,0.20983614767933068,NORMAL
2018-08-24,2.381,-1.4000000000000234,1.9626713803814526,-1.0700061259969134,-0.5200000000000005,-1.8584155565533933,-31.200000000000028,0.9718155289716348,-0.012362623311179655,0.0,0.0,0.0,0.06181311655589827,0.02472524662235931,NORMAL,66.10000000000001,2.0363354570129673,0.0,16.000000000000007,-0.7066843972446397,-1.0000000000000036,0.6787784856709891,0.0,0.0,0.0,0.20363354570129671,NORMAL
2018-08-27,2.371,-0.9999999999999787,1.8361859784260486,-1.1400486475725407,-0.5433333333333334,-1.944082333779297,-32.60000000000001,0.9726415721712607,-0.011523131540994158,0.0,0.0,0.0,0.05761565770497079,0.023046263081988316,NORMAL,61.79999999999999,1.2226225340297179,-4.099999999999987,16.000000000000007,-0.7053777275458682,-1.0000000000000036,0.40754084467657264,0.0,0.0,0.0,0.12226225340297178,NORMAL
2018-08-28,2.354,-1.6999999999999904,1.8199117965902707,-1.1490606340526883,-0.5683333333333329,-2.029199607806455,-34.09999999999997,0.974047039243048,-0.010094782466071095,0.0,0.0,0.0,0.050473912330355475,0.02018956493214219,NORMAL,58.09999999999997,0.5253127749984581,-7.700000000000024,16.000000000000007,-0.704078284553686,-1.0000000000000036,0.17510425833281937,0.0,0.0,0.0,0.05253127749984581,NORMAL
2018-08-29,2.362,0.8000000000000007,1.8662867721198366,-1.123380040293386,-0.568333333333333,-2.029199607806455,-34.09999999999997,0.9733846872563627,-0.010767918013994127,0.0,0.0,0.0,0.05383959006997063,0.021535836027988253,NORMAL,55.2,-0.021042351967488777,-10.599999999999994,16.000000000000007,-0.7027860018700852,-1.0000000000000036,0.0,0.0,0.0,0.0,0.0,NORMAL
2018-08-30,2.367,0.49999999999998934,1.7465454625149581,-1.1896879551344253,-0.6100000000000001,-2.2253357546074435,-36.60000000000001,0.9729709987642787,-0.011188341648838307,0.0,0.0,0.0,0.055941708244191535,0.022376683297676614,NORMAL,52.0,-0.6236259936257966,-13.599999999999966,16.000000000000007,-0.7015008139482226,-1.0000000000000036,0.0,0.0,0.0,0.0,0.0,NORMAL
2018-08-31,2.311,-5.600000000000005,2.014754784609104,-1.0411644343238016,-0.6750000000000005,-2.3605692820955664,-40.50000000000003,0.9776023407183968,-0.006481598155086643,0.0,0.0,0.0,0.032407990775433215,0.012963196310173286,NORMAL,50.0,-0.9987407427339838,-15.700000000000003,16.000000000000007,-0.7002226560784475,-1.0000000000000036,0.0,0.0,0.0,0.0,0.0,NORMAL
2018-09-03,2.292,-1.9000000000000128,1.9666696401999546,-1.0677920507338952,-0.7633333333333336,-2.744329332830592,-45.80000000000002,0.9791811684986569,-0.004877065936107261,0.0,0.0,0.0,0.024385329680536305,0.009754131872214522,NORMAL,48.199999999999996,-1.3339989445874196,-17.500000000000007,16.000000000000007,-0.6989514643745997,-1.0000000000000036,0.0,0.0,0.0,0.0,0.0,NORMAL
2018-09-04,2.298,0.6000000000000227,2.014754784609104,-1.0411644343238016,-0.6933333333333332,-2.5226974913346485,-41.599999999999994,0.9786817861027226,-0.005384578632479764,0.0,0.0,0.0,0.02692289316239882,0.010769157264959528,NORMAL,46.900000000000006,-1.5724860657278579,-18.89999999999999,16.000000000000007,-0.6976871757605797,0.0,0.0,0.0,0.0,0.0,0.0,NORMAL
2018-09-05,2.269,-2.8999999999999915,2.032473214687235,-1.0313526813321692,-0.7716666666666668,-2.8167638727632003,-46.30000000000001,0.9810942367054658,-0.0029328516188088516,0.0,0.0,0.0,0.014664258094044258,0.005865703237617703,NORMAL,45.80000000000002,-1.770606339991435,-20.29999999999999,16.000000000000007,-0.696429727957192,0.0,0.0,0.0,0.0,0.0,0.0,NORMAL
2018-09-06,2.274,0.49999999999998934,2.0540781002934803,-1.01938876579077,-0.745,-2.711949097866907,-44.7,0.980677271654866,-0.003356605156870862,0.0,0.0,0.0,0.01678302578435431,0.006713210313741724,NORMAL,45.40000000000002,-1.8359077144528395,-20.80000000000001,16.000000000000007,-0.6951790594692429,0.0,0.0,0.0,0.0,0.0,0.0,NORMAL
2018-09-07,2.268,-0.6000000000000227,1.9948024569127816,-1.0522132298492044,-0.7383333333333334,-2.687915875686524,-44.300000000000004,0.98117741706341,-0.0028483170255008128,0.0,0.0,0.0,0.014241585127504064,0.0056966340510016256,NORMAL,44.600000000000016,-1.9738912849770742,-21.800000000000004,16.000000000000007,-0.6939351095728948,0.0,0.0,0.0,0.0,0.0,0.0,NORMAL
2018-09-10,2.258,-0.9999999999999787,1.9478463140499325,-1.0782156506719562,-0.6900000000000002,-2.5606807362501485,-41.40000000000001,0.9820114178679139,-0.0020007380949724762,0.0,0.0,0.0,0.010003690474862381,0.0040014761899449525,NORMAL,44.9,-1.907162604189691,-21.399999999999984,16.000000000000007,-0.6926978183032717,0.0,0.0,0.0,0.0,0.0,0.0,NORMAL
2018-09-11,2.273,1.5000000000000124,1.9478463140499358,-1.0782156506719545,-0.6283333333333329,-2.3215187155230543,-37.699999999999974,0.9807593533101323,-0.003273187153901458,0.0,0.0,0.0,0.01636593576950729,0.006546374307802916,NORMAL,45.000000000000014,-1.878246615888732,-20.999999999999957,16.000000000000007,-0.6914671264423006,0.0,0.0,0.0,0.0,0.0,0.0,NORMAL
2018-09-12,2.254,-1.9000000000000128,1.9408286347521024,-1.0821017588396198,-0.6100000000000001,-2.271491740676306,-36.60000000000001,0.9823432796657281,-0.0016634733511550204,0.0,0.0,0.0,0.008317366755775102,0.0033269467023100407,NORMAL,44.99999999999999,-1.8680942544843855,-20.800000000000004,16.000000000000007,-0.6902429755067959,0.0,0.0,0.0,0.0,0.0,0.0,NORMAL
2018-09-13,2.262,0.8000000000000007,1.9559019994823292,-1.073754736511253,-0.5933333333333332,-2.2016667950989404,-35.59999999999999,0.9816752862355553,-0.002342342189276314,0.0,0.0,0.0,0.01171171094638157,0.004684684378552628,NORMAL,44.9,-1.8763344369744819,-20.800000000000004,16.000000000000007,-0.6890253077367751,0.0,0.0,0.0,0.0,0.0,0.0,NORMAL
2018-09-14,2.309,4.700000000000015,2.1843703175539075,-0.947238183213522,-0.47499999999999953,-1.6859023705654288,-28.49999999999997,0.9777534934670443,-0.0063279845322301576,0.0,0.0,0.0,0.03163992266115079,0.012655969064460315,NORMAL,44.600000000000016,-1.9207609870100946,-21.59999999999996,16.000000000000007,-0.687814066083998,0.0,0.0,0.0,0.0,0.0,0.0,NORMAL
2018-09-17,2.316,0.6999999999999673,2.16052503365563,-0.9604427411000592,-0.4866666666666671,-1.7339351588946188,-29.200000000000024,0.9771717301384314,-0.006919219381433472,0.0,0.0,0.0,0.03459609690716736,0.013838438762866945,NORMAL,44.599999999999966,-1.9100876260757937,-21.90000000000002,16.000000000000007,-0.6866091942007259,0.0,0.0,0.0,0.0,0.0,0.0,NORMAL
2018-09-18,2.337,2.100000000000035,2.170520189893859,-0.9549078261166309,-0.4466666666666663,-1.5730258989340964,-26.79999999999998,0.9754274786001342,-0.008691868574837724,0.0,0.0,0.0,0.04345934287418862,0.01738373714967545,NORMAL,44.20000000000001,-1.971759630124216,-23.1,16.000000000000007,-0.6854106364287047,0.0,0.0,0.0,0.0,0.0,0.0,NORMAL
2018-09-19,2.374,3.699999999999992,2.286896310907455,-0.8904634171890572,-0.4066666666666663,-1.398164362496838,-24.399999999999977,0.9723597591799369,-0.011809532648169752,0.0,0.0,0.0,0.05904766324084876,0.023619065296339503,NORMAL,44.20000000000001,-1.9603964432726029,-22.19999999999998,16.000000000000007,-0.6842183377883501,0.0,0.0,0.0,0.0,0.0,0.0,NORMAL
2018-09-20,2.428,5.399999999999983,2.594381581316383,-0.720190457987027,-0.2466666666666669,-0.823944668716273,-14.800000000000013,0.967896627885301,-0.01617737334305358,0.0,0.0,0.0,0.0808868667152679,0.03235474668610716,NORMAL,44.09999999999998,-1.9671418937649912,-22.10000000000001,16.000000000000007,-0.6830322439681422,0.0,0.0,0.0,0.0,0.0,0.0,NORMAL
2018-09-21,2.412,-1.6000000000000014,2.60110806347886,-0.716465603065354,-0.24333333333333318,-0.8135568195915205,-14.59999999999999,0.969212967299225,-0.014839374570799979,0.0,0.0,0.0,0.0741968728539999,0.029678749141599958,NORMAL,44.10000000000003,-1.9559002024208152,-21.99999999999998,16.000000000000007,-0.6818523013142271,0.0,0.0,0.0,0.0,0.0,0.0,NORMAL
2018-09-27,2.375,-3.699999999999992,2.731030266362766,-0.6445199195479984,-0.30166666666666675,-0.9903932130002533,-18.100000000000005,0.972261142081381,-0.011741044403825285,0.0,0.0,0.0,0.058705222019126424,0.02348208880765057,NORMAL,44.40000000000004,-1.891437062204793,-17.39999999999995,17.00000000000001,-0.3636695632880158,1.0000000000000036,0.0,0.0,0.0,0.03333333333333345,0.0066666666666666905,NORMAL
2018-09-28,2.357,-1.7999999999999794,2.7344344166476864,-0.6426348382177254,-0.2883333333333327,-0.9510422981214856,-17.29999999999996,0.9737487016287656,-0.010060718523912104,0.0,0.0,0.0,0.05030359261956052,0.02012143704782421,NORMAL,44.39999999999999,-1.8813193242712005,-13.699999999999982,17.00000000000001,-0.3631869698997226,1.0000000000000036,0.0,0.0,0.0,0.03333333333333345,0.0066666666666666905,NORMAL
2018-10-01,2.384,2.699999999999969,2.795466254303093,-0.6088378644982901,-0.3216666666666668,-1.0881138124621994,-19.300000000000004,0.9715139483585277,-0.011996708055638572,0.0,0.0,0.0,0.05998354027819286,0.023993416111277144,NORMAL,44.20000000000001,-1.906770918078971,-10.999999999999993,17.00000000000001,-0.3627062932553342,1.0000000000000036,0.0,0.0,0.0,0.03333333333333345,0.0066666666666666905,NORMAL
2018-10-02,2.371,-1.29999999999999,2.811180684713322,-0.6001358458143853,-0.2933333333333336,-1.0024713987451936,-17.600000000000016,0.9725874712714637,-0.009931160110938086,0.0,0.0,0.0,0.04965580055469043,0.019862320221876173,NORMAL,44.49999999999998,-1.8435277771802112,-7.500000000000021,17.00000000000001,-0.3622275206968267,1.0000000000000036,0.0,0.0,0.0,0.03333333333333345,0.0066666666666666905,NORMAL
2018-10-04,2.445,7.399999999999984,2.9431633536580626,-0.5270491591750035,-0.1666666666666668,-0.5216850442056943,-10.000000000000009,0.9664698960771662,-0.016158693113840328,0.0,0.0,0.0,0.08079346556920164,0.032317386227680656,NORMAL,43.999999999999986,-1.9221297092183893,-6.000000000000014,17.00000000000001,-0.36175063968292465,1.0000000000000036,0.0,0.0,0.0,0.03333333333333345,0.0066666666666666905,NORMAL
2018-10-05,2.453,0.8000000000000007,2.880328014946248,-0.5618448391459291,-0.1700000000000005,-0.5324336988450935,-10.200000000000031,0.9658126965478336,-0.01682770520252297,0.0,0.0,0.0,0.08413852601261484,0.03365541040504594,NORMAL,43.79999999999997,-1.9467556355525975,-4.400000000000027,17.00000000000001,-0.36127563778771865,1.0000000000000036,0.0,0.0,0.0,0.03333333333333345,0.0066666666666666905,NORMAL
2018-10-08,2.453,0.0,2.8856952094954944,-0.558872702961006,-0.17499999999999996,-0.5482405111323616,-10.499999999999998,0.9658126965478336,-0.01682770520252297,0.0,0.0,0.0,0.08413852601261484,0.03365541040504594,NORMAL,43.699999999999974,-1.9534633755258308,-3.2000000000000313,17.00000000000001,-0.3608025026993068,1.0000000000000036,0.0,0.0,0.0,0.03333333333333345,0.0066666666666666905,NORMAL
2018-10-10,2.413,-4.0000000000000036,2.9687140579541715,-0.5129002081556308,-0.23333333333333353,-0.7168941917953894,-14.000000000000012,0.9690964597160964,-0.01348491940021146,0.0,0.0,0.0,0.0674245970010573,0.02696983880042292,NORMAL,43.79999999999997,-1.925204788994266,-2.0000000000000497,17.00000000000001,-0.3603312222184531,1.0000000000000036,0.0,0.0,0.0,0.03333333333333345,0.0066666666666666905,NORMAL
2018-10-11,2.361,-5.19999999999996,3.251117216880176,-0.3565167121449685,-0.2516666666666663,-0.7634149918699126,-15.09999999999998,0.9733798660680414,-0.009124522743960473,0.0,0.0,0.0,0.04562261371980236,0.018249045487920945,NORMAL,44.3,-1.8278860531396826,-1.1000000000000227,17.00000000000001,-0.35986178425726173,1.0000000000000036,0.0,0.0,0.0,0.03333333333333345,0.0066666666666666905,NORMAL
2018-10-12,2.399,3.799999999999981,3.3254164756977524,-0.315372774913239,-0.23833333333333295,-0.7175507748789222,-14.29999999999998,0.9702358491006416,-0.012325050535497484,0.0,0.0,0.0,0.06162525267748742,0.024650101070994968,NORMAL,43.60000000000004,-1.9401028028493728,-0.9999999999999787,16.000000000000007,-0.6793336341346896,0.0,0.0,0.0,0.0,0.0,0.0,NORMAL
2018-10-15,2.38,-1.9000000000000128,3.354949211318448,-0.2990187353171978,-0.2933333333333336,-0.8832575928362624,-17.600000000000016,0.9718027799969391,-0.01072995549211242,0.0,0.0,0.0,0.0536497774605621,0.02145991098422484,NORMAL,43.39999999999997,-1.9640497912699615,-1.5000000000000284,15.00000000000001,-0.9978537065407229,-0.9999999999999964,0.0,0.0,0.0,0.0,0.0,NORMAL
2018-10-16,2.38,0.0,3.3507697466010407,-0.30133315455544946,-0.27666666666666656,-0.8335316251008699,-16.599999999999994,0.9718027799969391,-0.01072995549211242,0.0,0.0,0.0,0.0536497774605621,0.02145991098422484,NORMAL,43.40000000000001,-1.9531602860100774,-1.6000000000000014,14.000000000000009,-1.3145369948302215,-1.9999999999999982,0.0,0.0,0.0,0.0,0.0,NORMAL
2018-10-17,2.341,-3.89999999999997,3.4554723951558564,-0.24335304454234558,-0.35166666666666646,-1.0435270110549166,-21.099999999999987,0.9750243062126289,-0.007450525294568799,0.0,0.0,0.0,0.037252626472844,0.014901050589137599,NORMAL,43.999999999999986,-1.8394795415801437,-1.000000000000007,14.000000000000009,-1.310441245448178,-1.9999999999999982,0.0,0.0,0.0,0.0,0.0,NORMAL
2018-10-18,2.293,-4.800000000000004,3.645974709038354,-0.13786053533542308,-0.39499999999999946,-1.1491077780332069,-23.699999999999967,0.9790024053819766,-0.003400923437770542,0.0,0.0,0.0,0.01700461718885271,0.006801846875541084,NORMAL,44.19999999999999,-1.7960464884842067,-0.70000000000001,13.000000000000009,-1.6239305664346941,-2.9999999999999982,0.0,0.0,0.0,0.0,0.0,NORMAL
2018-10-19,2.318,2.499999999999991,3.5330730622445143,-0.20038092036981242,-0.36999999999999994,-1.068241345087286,-22.199999999999996,0.9769220252705398,-0.005518696475465323,0.0,0.0,0.0,0.027593482377326617,0.011037392950930647,NORMAL,44.299999999999976,-1.7703383376214812,-0.3000000000000398,12.00000000000001,-1.933079561454167,-3.9999999999999964,0.0,0.0,0.0,0.0,0.0,NORMAL
2018-10-22,2.344,2.59999999999998,3.5768848546127154,-0.1761197142165634,-0.2966666666666665,-0.8500834478391314,-17.799999999999994,0.974763027594692,-0.007716500156254469,0.0,0.0,0.0,0.038582500781272344,0.015433000312508938,NORMAL,44.20000000000001,-1.7791076987823307,-0.39999999999995595,12.00000000000001,-1.922720775810616,-3.9999999999999964,0.0,0.0,0.0,0.0,0.0,NORMAL
2018-10-23,2.307,-3.699999999999992,3.6441012176132603,-0.13889799943432476,-0.3800000000000003,-1.0781503812418713,-22.80000000000002,0.9778286573164773,-0.004595768549245927,0.0,0.0,0.0,0.022978842746229633,0.009191537098491853,NORMAL,44.299999999999976,-1.7537201819038226,0.0999999999999659,12.00000000000001,-1.9125268363058465,-3.9999999999999964,0.0,0.004999999999998295,0.0,0.0,0.0014999999999994885,NORMAL
2018-10-24,2.309,0.20000000000002238,3.5317917027450627,-0.20109048565560025,-0.44333333333333336,-1.2860641231083887,-26.6,0.9776624264447334,-0.004764987268592535,0.0,0.0,0.0,0.023824936342962677,0.00952997453718507,NORMAL,43.79999999999997,-1.8305171778761564,-0.4000000000000412,12.00000000000001,-1.9024934165229626,-3.9999999999999964,0.0,0.0,0.0,0.0,0.0,NORMAL
2018-10-25,2.269,-4.0000000000000036,3.3506440857652455,-0.3014027404654938,-0.46166666666666617,-1.328871844388137,-27.699999999999967,0.9809864786946456,-0.0013811882253056407,0.0,0.0,0.0,0.006905941126528203,0.0027623764506112813,NORMAL,44.40000000000002,-1.7199872946706651,0.3000000000000398,12.00000000000001,-1.8926163473578854,-3.9999999999999964,0.0,0.01500000000000199,0.0,0.0,0.004500000000000596,NORMAL
2018-10-26,2.248,-2.0999999999999908,3.3588218485841503,-0.29687422476464276,-0.5033333333333326,-1.445700741227837,-30.19999999999996,0.9827375395591155,0.0,0.0,0.0,0.0,-0.0,0.0,NORMAL,44.49999999999998,-1.6954401637609204,0.39999999999994884,12.00000000000001,-1.8828916097406916,-3.9999999999999964,0.0,0.019999999999997443,0.0,0.0,0.0059999999999992325,NORMAL
2018-10-29,2.171,-7.70000000000004,3.6461371051393074,-0.13777060691499687,-0.6666666666666673,-1.824749855828097,-40.000000000000036,0.9891695567555299,0.0,0.0,0.0,0.0,-0.0,0.0,NORMAL,44.99999999999999,-1.6036777327209761,0.5999999999999517,12.00000000000001,-1.8733153277643637,-5.0,0.0,0.029999999999997584,0.0,0.0,0.008999999999999274,NORMAL
2018-10-30,2.221,5.000000000000027,3.8791751700587045,-0.008723511853273764,-0.5866666666666664,-1.5555999015279298,-35.19999999999999,0.9849655861393188,-0.004249999999999976,0.0,0.0,0.0,0.02124999999999988,0.008499999999999952,NORMAL,45.299999999999976,-1.5466791269014022,0.8999999999999844,12.00000000000001,-1.8638837621943,-5.0,0.0,0.04499999999999922,0.0,0.0,0.013499999999999766,NORMAL
2018-10-31,2.243,2.1999999999999797,3.8577979811231535,-0.020561338148615788,-0.5400000000000005,-1.4211249162471389,-32.40000000000003,0.9831237004932383,-0.00611205250000002,0.0,0.0,0.0,0.0305602625000001,0.01222410500000004,NORMAL,45.39999999999997,-1.5239794319481412,1.1999999999999602,12.00000000000001,-1.854593304333861,-5.0,0.0,0.05999999999999801,0.0,0.0,0.017999999999999402,NORMAL
2018-11-01,2.251,0.8000000000000007,3.869312464426775,-0.014185081025201104,-0.5633333333333334,-1.4909337359764265,-33.80000000000001,0.9824551763769028,-0.006787896304300101,0.0,0.0,0.0,0.0339394815215005,0.013575792608600201,NORMAL,45.20000000000002,-1.5519829932342246,0.7000000000000384,12.00000000000001,-1.8454404702231373,-5.0,0.0,0.03500000000000192,0.0,0.0,0.010500000000000575,NORMAL
2018-11-02,2.283,3.200000000000003,3.5095208849792106,-0.21342316760747915,-0.48499999999999993,-1.2675182804890253,-29.099999999999994,0.9797828982971576,-0.009489433226352428,0.0,0.0,0.0,0.04744716613176214,0.018978866452704857,NORMAL,44.9,-1.5964702126908856,0.9000000000000128,12.00000000000001,-1.8364218951497313,-5.0,0.0,0.04500000000000064,0.0,0.0,0.01350000000000019,NORMAL
2018-11-05,2.279,-0.40000000000000036,3.4907547065144278,-0.22381512145899998,-0.5016666666666669,-1.3125790796512948,-30.100000000000016,0.9801160244825786,-0.009152659633649418,0.0,0.0,0.0,0.04576329816824709,0.018305319267298836,NORMAL,44.99999999999999,-1.5734353308968214,1.2000000000000242,12.00000000000001,-1.827534328451918,-5.0,0.0,0.060000000000001205,0.0,0.0,0.01800000000000036,NORMAL
2018-11-06,2.295,1.6000000000000014,3.529857608578865,-0.20216150911183253,-0.44333333333333336,-1.157429912680448,-26.6,0.9787830666892823,-0.010500212016547716,0.0,0.0,0.0,0.05250106008273858,0.021000424033095433,NORMAL,45.19999999999999,-1.5339178895294157,1.5000000000000142,12.00000000000001,-1.8187746285959625,-5.0,0.0,0.0750000000000007,0.0,0.0,0.02250000000000021,NORMAL
2018-11-07,2.259,-3.600000000000003,3.511799658594616,-0.21216127455377098,-0.49666666666666676,-1.2846162588279229,-29.800000000000004,0.9817781428733515,-0.007472342665318266,0.0,0.0,0.0,0.03736171332659133,0.014944685330636531,NORMAL,45.5,-1.478087717565907,1.7000000000000313,12.00000000000001,-1.8101397585106564,-5.0,0.0,0.08500000000000156,0.0,0.0,0.025500000000000467,NORMAL
2018-11-08,2.257,-0.19999999999997797,3.354274570564679,-0.2993923241963978,-0.4999999999999998,-1.2934325896211747,-29.999999999999982,0.98194504515764,-0.007303612963571404,0.0,0.0,0.0,0.03651806481785702,0.014607225927142808,NORMAL,45.39999999999999,-1.489603776991198,1.0999999999999943,13.000000000000009,-1.4975055689167982,-4.000000000000002,0.0,0.054999999999999716,0.0,0.0,0.016499999999999914,NORMAL
2018-11-09,2.233,-2.400000000000002,3.2177304849356534,-0.3750049396906927,-0.4799999999999997,-1.2488261636447275,-28.799999999999983,0.9839482130497617,-0.005278512334016994,0.0,0.0,0.0,0.02639256167008497,0.010557024668033987,NORMAL,45.59999999999999,-1.4509750016833143,1.9999999999999503,13.000000000000009,-1.4921702049039716,-2.9999999999999982,0.0,0.09999999999999751,0.0,0.0,0.02999999999999925,NORMAL
2018-11-12,2.21,-2.300000000000013,3.2259637482871972,-0.3704456900300745,-0.46666666666666706,-1.2182933260081148,-28.000000000000025,0.9858718318062739,-0.0033338318256300736,0.0,0.0,0.0,0.016669159128150368,0.006667663651260147,NORMAL,46.10000000000001,-1.3626847702797669,2.7000000000000384,13.000000000000009,-1.4868914998300253,-2.0000000000000018,0.0,0.13500000000000192,0.0,0.0,0.04050000000000058,NORMAL
2018-11-13,2.211,0.09999999999998899,3.227427686824948,-0.36963501982599867,-0.4900000000000001,-1.2836384839117714,-29.400000000000006,0.9857880327005704,-0.003418548449924841,0.0,0.0,0.0,0.017092742249624204,0.006837096899849682,NORMAL,46.20000000000002,-1.3417613217061881,2.8000000000000043,14.000000000000009,-1.1778089495816146,0.0,0.0,0.1400000000000002,0.0,0.0,0.04200000000000006,NORMAL
2018-11-14,2.195,-1.6000000000000014,3.1529601796941362,-0.4108721261976262,-0.5133333333333338,-1.343312658682468,-30.800000000000026,0.9871287044250432,-0.0020631976758167525,0.0,0.0,0.0,0.010315988379083763,0.004126395351633505,NORMAL,46.80000000000002,-1.2377149565742744,2.8000000000000327,14.000000000000009,-1.174736909682794,0.0,0.0,0.14000000000000162,0.0,0.0,0.04200000000000049,NORMAL
2018-11-15,2.231,3.600000000000003,3.14172262503099,-0.4170950313928693,-0.406666666666667,-1.0530301202416255,-24.40000000000002,0.9841080905895027,-0.005116884290928603,0.0,0.0,0.0,0.025584421454643014,0.010233768581857206,NORMAL,46.599999999999966,-1.2676043665617818,2.3999999999999773,14.000000000000009,-1.1716888000650596,1.0,0.0,0.11999999999999886,0.0,0.03333333333333333,0.042666666666666325,NORMAL
2018-11-16,2.22,-1.0999999999999677,3.0746672905159116,-0.45422757508505957,-0.35166666666666646,-0.9244139486394299,-21.099999999999987,0.9850282316542037,-0.004186668577740749,0.0,0.0,0.0,0.020933342888703743,0.008373337155481497,NORMAL,46.39999999999999,-1.2972858271125614,2.1000000000000156,14.000000000000009,-1.1686643115839657,1.9999999999999982,0.0,0.10500000000000079,0.0,0.06666666666666661,0.04483333333333356,NORMAL
2018-11-19,2.201,-1.9000000000000128,3.000399096260721,-0.49535431001322267,-0.3433333333333332,-0.9041002898767216,-20.599999999999994,0.9866190522483251,-0.002578430047493918,0.0,0.0,0.0,0.01289215023746959,0.005156860094987836,NORMAL,46.29999999999998,-1.3101312794267965,2.099999999999973,14.000000000000009,-1.1656631406577804,1.9999999999999982,0.0,0.10499999999999865,0.0,0.06666666666666661,0.04483333333333291,NORMAL
2018-11-20,2.206,0.49999999999998934,2.926552669322019,-0.5362474871876184,-0.2916666666666664,-0.7714856170400399,-17.499999999999982,0.9861997391511196,-0.003002334214723734,0.0,0.0,0.0,0.015011671073618671,0.006004668429447468,NORMAL,46.49999999999998,-1.2730551277806696,2.200000000000003,14.000000000000009,-1.1626849891394466,1.9999999999999982,0.0,0.11000000000000014,0.0,0.06666666666666661,0.046333333333333365,NORMAL
2018-11-21,2.209,0.30000000000001137,2.927905664284185,-0.5354982530676001,-0.3216666666666667,-0.8554359538753684,-19.300000000000004,0.985948258217636,-0.0032565686194990784,0.0,0.0,0.0,0.016282843097495392,0.006513137238998157,NORMAL,46.29999999999998,-1.302651673770271,2.500000000000014,15.00000000000001,-0.8558384241962516,3.0,0.0,0.12500000000000072,0.0,0.1,0.05750000000000022,NORMAL
2018-11-22,2.206,-0.30000000000001137,2.809621626520299,-0.6009991894527361,-0.3150000000000001,-0.8378283527164427,-18.900000000000006,0.9861996750234816,-0.0030023990444969506,0.0,0.0,0.0,0.015011995222484753,0.006004798088993901,NORMAL,46.40000000000002,-1.2822763323821382,2.0,16.000000000000007,-0.5497384642103563,3.9999999999999964,0.0,0.1,0.0,0.13333333333333322,0.05666666666666664,NORMAL
2018-11-23,2.169,-3.699999999999992,2.8848925912688568,-0.5593171606105621,-0.3533333333333329,-0.9303585918233279,-21.199999999999974,0.9893012730014304,0.0,0.0,0.0,0.0,-0.0,0.0,NORMAL,47.4,-1.1127392584732034,2.90000000000002,16.000000000000007,-0.5489679003876075,3.9999999999999964,0.0,0.145000000000001,0.0,0.13333333333333322,0.07016666666666693,NORMAL
2018-11-26,2.167,-0.20000000000002238,2.3168944732119354,-0.8738516430399617,-0.34000000000000025,-0.8956062812830493,-20.40000000000002,0.9894694542178407,0.0,0.0,0.0,0.0,-0.0,0.0,NORMAL,47.4,-1.1100645727896588,2.4000000000000057,16.000000000000007,-0.5482005694306844,3.9999999999999964,0.0,0.12000000000000029,0.0,0.13333333333333322,0.06266666666666673,NORMAL
2018-11-27,2.15,-1.6999999999999904,2.017939282379036,-1.0394009877101233,-0.34000000000000036,-0.8956062812830496,-20.40000000000002,0.9908992375791854,0.0,0.0,0.0,0.0,-0.0,0.0,NORMAL,47.199999999999996,-1.140588811106523,1.90000000000002,16.000000000000007,-0.5474364487887872,3.9999999999999964,0.0,0.095000000000001,0.0,0.13333333333333322,0.05516666666666695,NORMAL
2018-11-28,2.155,0.49999999999998934,1.9389090801408486,-1.0831647308758847,-0.34500000000000053,-0.9093078006646841,-20.70000000000003,0.9904781054032142,-0.0004250000000000087,0.0,0.0,0.0,0.0021250000000000435,0.0008500000000000174,NORMAL,46.79999999999999,-1.204097775122454,1.40000000000002,16.000000000000007,-0.5466755161307872,3.9999999999999964,0.0,0.07000000000000099,0.0,0.13333333333333322,0.04766666666666694,NORMAL
2018-11-29,2.114,-4.0999999999999925,2.0785306044617693,-1.0058479537736698,-0.42166666666666686,-1.0974307558139742,-25.30000000000001,0.9939299216005444,0.0,0.0,0.0,0.0,-0.0,0.0,NORMAL,47.09999999999998,-1.1512397190885664,1.899999999999963,16.000000000000007,-0.5459177493424788,3.9999999999999964,0.0,0.09499999999999816,0.0,0.13333333333333322,0.05516666666666609,NORMAL
2018-11-30,2.106,-0.8000000000000007,1.866681547559732,-1.123161429553815,-0.3416666666666668,-0.9131740541887482,-20.500000000000007,0.9946057939472328,0.0,0.0,0.0,0.0,-0.0,0.0,NORMAL,47.0,-1.1649564915737112,2.1000000000000014,7.000000000000001,-3.2648783447479146,-5.00000000000001,0.0,0.10500000000000007,0.0,0.0,0.03150000000000002,NORMAL
2018-12-03,2.128,2.200000000000024,1.98877772566601,-1.0555494833758219,-0.2733333333333328,-0.7277897041700788,-16.39999999999997,0.9927458811125515,-0.0018700000000000383,0.0,0.0,0.0,0.009350000000000191,0.0037400000000000766,NORMAL,46.39999999999999,-1.2613625463298526,1.3999999999999986,7.000000000000001,-3.2249678431522084,-5.00000000000001,0.0,0.06999999999999992,0.0,0.0,0.020999999999999977,NORMAL
2018-12-04,2.102,-2.6000000000000245,1.9483528806067008,-1.077935134514096,-0.32666666666666694,-0.8659214938160422,-19.600000000000016,0.9949398495098103,0.0,0.0,0.0,0.0,-0.0,0.0,NORMAL,46.80000000000002,-1.191730645557086,1.6000000000000298,7.000000000000001,-3.186486380119696,-5.00000000000001,0.0,0.08000000000000149,0.0,0.0,0.024000000000000445,NORMAL
2018-12-05,2.058,-4.400000000000004,2.0124546415287314,-1.0424381609265823,-0.3516666666666672,-0.9231354788450853,-21.10000000000003,0.9986609245469771,0.0,0.0,0.0,0.0,-0.0,0.0,NORMAL,47.09999999999998,-1.1390522970265033,1.59999999999998,7.000000000000001,-3.1493506632488675,-5.00000000000001,0.0,0.079999999999999,0.0,0.0,0.0239999999999997,NORMAL
2018-12-06,1.983,-7.499999999999973,2.468986580936011,-0.7896291590848395,-0.48499999999999993,-1.2161162585931815,-29.099999999999994,1.0050273879409641,0.0,0.0,0.0,0.0,-0.0,0.0,NORMAL,48.0,-0.9873467098447061,2.6000000000000085,7.000000000000001,-3.1134840420141825,-6.000000000000008,0.0,0.13000000000000042,0.0,0.0,0.039000000000000125,NORMAL
2018-12-07,1.993,1.0000000000000009,2.511028306868468,-0.766348144436691,-0.4583333333333328,-1.147063447550358,-27.499999999999968,1.0041731146612143,-0.0008500000000000174,0.0,0.0,0.0,0.004250000000000087,0.0017000000000000348,NORMAL,47.900000000000006,-1.001849292311774,2.3000000000000185,7.000000000000001,-3.078815841965195,-6.000000000000008,0.0,0.11500000000000092,0.0,0.0,0.034500000000000274,NORMAL
2018-12-10,1.978,-1.5000000000000124,2.498926085130842,-0.7730498674344924,-0.46666666666666673,-1.16710633755722,-28.000000000000004,1.0054534353824072,0.0,0.0,0.0,0.0,-0.0,0.0,NORMAL,49.00000000000002,-0.8175161956911597,2.900000000000013,7.000000000000001,-3.045280778722917,-6.000000000000008,0.0,0.14500000000000063,0.0,0.0,0.043500000000000184,NORMAL
2018-12-11,1.98,0.20000000000000018,2.501678383973866,-0.7715257551803126,-0.4883333333333335,-1.22503447051263,-29.300000000000015,1.005282508298392,-0.0001700000000001145,0.0,0.0,0.0,0.0008500000000005725,0.000340000000000229,NORMAL,49.199999999999974,-0.7829218832262749,2.9999999999999574,7.000000000000001,-3.0128184407115532,-7.000000000000008,0.0,0.14999999999999786,0.0,0.0,0.04499999999999935,NORMAL
2018-12-12,2.01,2.9999999999999805,2.6647553457365576,-0.6812203014586388,-0.406666666666667,-1.011414896570774,-24.40000000000002,1.0027190379022313,-0.002719566499999937,0.0,0.0,0.0,0.013597832499999685,0.005439132999999874,NORMAL,48.89999999999999,-0.8313627102529545,2.099999999999973,7.000000000000001,-2.981372831296224,-7.000000000000008,0.0,0.10499999999999865,0.0,0.0,0.03149999999999959,NORMAL
2018-12-13,2.018,0.8000000000000007,2.4817809818969208,-0.782544135109759,-0.40666666666666706,-1.0114148965707743,-24.40000000000002,1.0020371889564577,-0.0033977171947801033,0.0,0.0,0.0,0.016988585973900516,0.0067954343895602065,NORMAL,49.29999999999999,-0.7635172125372298,2.700000000000024,7.000000000000001,-2.950891962428469,-7.000000000000008,0.0,0.1350000000000012,0.0,0.0,0.04050000000000036,NORMAL
2018-12-14,2.002,-1.6000000000000014,2.4846687802136525,-0.7809449887040966,-0.5116666666666673,-1.3016742236503345,-30.70000000000004,1.0033999595334384,-0.0020423380901649635,0.0,0.0,0.0,0.010211690450824817,0.004084676180329927,NORMAL,49.60000000000002,-0.7124382799604378,3.2000000000000313,7.000000000000001,-2.9213274930887363,-7.000000000000008,0.0,0.16000000000000156,0.0,0.0,0.048000000000000466,NORMAL
2018-12-17,2.004,0.20000000000002238,2.492995450414913,-0.7763340140919389,-0.5199999999999997,-1.3240436112525227,-31.19999999999998,1.0032293815403177,-0.0022119908926897525,0.0,0.0,0.0,0.011059954463448762,0.004423981785379505,NORMAL,48.8,-0.8442129973121894,2.500000000000014,7.000000000000001,-2.8926344068040684,-7.000000000000008,0.0,0.12500000000000072,0.0,0.0,0.037500000000000214,NORMAL
2018-12-18,1.981,-2.299999999999991,2.483816036920436,-0.7814172035968052,-0.5933333333333335,-1.5163581985089876,-35.60000000000001,1.005190694981229,-0.0002613153348849373,0.0,0.0,0.0,0.0013065766744246865,0.0005226306697698746,NORMAL,48.70000000000001,-0.859321902608497,2.2000000000000313,7.000000000000001,-2.8647707233462385,-7.000000000000008,0.0,0.11000000000000157,0.0,0.0,0.033000000000000466,NORMAL
2018-12-19,1.932,-4.9000000000000155,2.5964094640990556,-0.7190674981721997,-0.7366666666666669,-1.8846141873669706,-44.20000000000002,1.0093773142258258,0.0,0.0,0.0,0.0,-0.0,0.0,NORMAL,48.89999999999999,-0.8245417612235012,2.6000000000000085,7.000000000000001,-2.837697240409688,-8.00000000000001,0.0,0.13000000000000042,0.0,0.0,0.039000000000000125,NORMAL
2018-12-20,1.932,0.0,2.6038635262159735,-0.714939738774049,-0.8266666666666667,-2.192443304814075,-49.6,1.0093773142258258,0.0,0.0,0.0,0.0,-0.0,0.0,NORMAL,48.29999999999999,-0.9228216026317859,1.8999999999999702,7.000000000000001,-2.8113773016532195,-9.000000000000007,0.0,0.0949999999999985,0.0,0.0,0.02849999999999955,NORMAL
2018-12-21,1.97,3.8000000000000034,2.784444572791378,-0.6149412278362679,-0.7366666666666666,-1.915460089762131,-44.199999999999996,1.0061170255008764,-0.003229999999999955,0.0,0.0,0.0,0.016149999999999776,0.00645999999999991,NORMAL,47.199999999999996,-1.1037423905548054,-0.20000000000000284,7.000000000000001,-2.785776587983525,-9.000000000000007,0.0,0.0,0.0,0.0,0.0,NORMAL
2018-12-24,1.99,2.0000000000000018,2.859936510152849,-0.5731368332604334,-0.6416666666666667,-1.671372651952804,-38.5,1.0044066265575249,-0.004924508999999966,0.0,0.0,0.0,0.02462254499999983,0.009849017999999932,NORMAL,46.70000000000001,-1.184169277561521,-0.6999999999999886,7.000000000000001,-2.7608629293775397,-9.000000000000007,0.0,0.0,0.0,0.0,0.0,NORMAL
2018-12-26,1.948,-4.200000000000004,2.9506288357426094,-0.5229150758587036,-0.6816666666666671,-1.7567672478898821,-40.90000000000003,1.0079923582143353,-0.001372089497129969,0.0,0.0,0.0,0.006860447485649845,0.002744178994259938,NORMAL,47.199999999999996,-1.0983306403803086,0.0,5.0,-3.2521840668450297,-11.000000000000007,0.0,0.0,0.0,0.0,0.0,NORMAL
2018-12-27,1.943,-0.49999999999998934,2.9321089948865704,-0.5331706178634137,-0.7349999999999997,-1.9151226163539317,-44.09999999999998,1.0084207549665762,-0.0009476726351663745,0.0,0.0,0.0,0.004738363175831872,0.001895345270332749,NORMAL,47.199999999999996,-1.0958455387271508,0.4000000000000057,5.0,-3.2140648603825985,-11.000000000000007,0.0,0.020000000000000285,0.0,0.0,0.006000000000000085,NORMAL
2018-12-28,1.948,0.49999999999998934,2.860640340534744,-0.57274708034075,-0.7050000000000001,-1.8349284502037928,-42.300000000000004,1.0079921761457153,-0.0013722698742965056,0.0,0.0,0.0,0.006861349371482528,0.002744539748593011,NORMAL,47.0,-1.1265370911392865,-0.0999999999999801,4.0,-3.428505758525634,-12.000000000000007,0.0,0.0,0.0,0.0,0.0,NORMAL
2018-12-31,1.948,0.0,2.866668706649621,-0.5694088139705651,-0.8283333333333331,-2.3067712724297267,-49.69999999999999,1.0079921761457153,-0.0013722698742965056,0.0,0.0,0.0,0.006861349371482528,0.002744539748593011,NORMAL,47.0,-1.1239264952587162,0.0,4.0,-3.384486167420088,-3.000000000000001,0.0,0.0,0.0,0.0,0.0,NORMAL
2019-01-02,1.948,0.0,2.7869998961343043,-0.6135261926811223,-0.8416666666666666,-2.3489922477779173,-50.499999999999986,1.0079921761457153,-0.0013722698742965056,0.0,0.0,0.0,0.006861349371482528,0.002744539748593011,NORMAL,46.79999999999999,-1.1544697501708767,0.3999999999999986,4.0,-3.342120032244214,-3.000000000000001,0.0,0.019999999999999928,0.0,0.0,0.0059999999999999784,NORMAL
2019-01-03,1.955,0.7000000000000117,2.77873030452096,-0.6181055594700543,-0.8299999999999997,-2.3122127304520435,-49.799999999999976,1.0073924208009086,-0.0019664533737213663,0.0,0.0,0.0,0.009832266868606832,0.003932906747442733,NORMAL,46.900000000000006,-1.1351689062326522,0.09999999999998721,5.0,-3.057461067965751,-2.000000000000001,0.0,0.004999999999999361,0.0,0.0,0.0014999999999998081,NORMAL
2019-01-04,1.972,1.6999999999999904,2.6885918834567395,-0.6680205868532906,-0.7349999999999997,-2.0570301239413,-44.09999999999998,1.0059367387528513,-0.00340861184859631,0.0,0.0,0.0,0.01704305924298155,0.00681722369719262,NORMAL,46.19999999999999,-1.2483911366252758,-0.8999999999999915,10.99999999999998,-1.5538197215470215,3.9999999999999796,0.0,0.0,0.0,0.13333333333333267,0.026666666666666533,NORMAL
2019-01-07,1.977,0.5000000000000115,2.115382259844108,-0.9854409911731548,-0.6400000000000002,-1.829934945872551,-38.40000000000001,1.0055092156388814,-0.003832163188560611,0.0,0.0,0.0,0.019160815942803056,0.007664326377121222,NORMAL,46.09999999999998,-1.2616906729367607,-1.90000000000002,10.99999999999998,-1.5484515779988435,3.9999999999999796,0.0,0.0,0.0,0.13333333333333267,0.026666666666666533,NORMAL
2019-01-08,1.994,1.6999999999999904,2.138980327657379,-0.972373331598203,-0.675,-1.9627175829372314,-40.5,1.0040562548222831,-0.005271625712753192,0.0,0.0,0.0,0.02635812856376596,0.010543251425506384,NORMAL,45.900000000000006,-1.2914290087563658,-2.0,10.99999999999998,-1.5431387211900618,3.9999999999999796,0.0,0.0,0.0,0.13333333333333267,0.026666666666666533,NORMAL
2019-01-09,1.985,-0.8999999999999897,2.1208923146935863,-0.9823897447074673,-0.658333333333333,-1.9176170430052204,-39.49999999999998,1.004824357857222,-0.004510658506423626,0.0,0.0,0.0,0.02255329253211813,0.009021317012847252,NORMAL,46.10000000000001,-1.2549320768424155,-2.900000000000013,10.99999999999998,-1.5378802085093157,3.9999999999999796,0.0,0.0,0.0,0.13333333333333267,0.026666666666666533,NORMAL
2019-01-10,1.964,-2.100000000000013,2.1731858738049232,-0.9534316777234721,-0.6933333333333332,-2.0157736201676224,-41.599999999999994,1.0066179693359971,-0.002733710031857628,0.0,0.0,0.0,0.01366855015928814,0.005467420063715256,NORMAL,46.29999999999998,-1.21866708049717,-2.8999999999999915,10.99999999999998,-1.5326751196922377,3.9999999999999796,0.0,0.0,0.0,0.13333333333333267,0.026666666666666533,NORMAL
2019-01-11,1.992,2.8000000000000025,2.15867893324647,-0.9614650371574727,-0.581666666666667,-1.6887554345876297,-34.90000000000002,1.0042222185689773,-0.00510720380198193,0.0,0.0,0.0,0.02553601900990965,0.01021440760396386,NORMAL,45.79999999999999,-1.29810158620489,-3.1000000000000014,10.99999999999998,-1.52752255614488,3.9999999999999796,0.0,0.0,0.0,0.13333333333333267,0.026666666666666533,NORMAL
2019-01-14,1.973,-1.8999999999999906,2.1843642938898866,-0.947241518876062,-0.5333333333333334,-1.5791796627861117,-32.00000000000001,1.0058440374519662,-0.003500451936122251,0.0,0.0,0.0,0.017502259680611254,0.007000903872244502,NORMAL,46.00000000000002,-1.2616444229519554,-3.2999999999999687,10.99999999999998,-1.522421640292015,3.9999999999999796,0.0,0.0,0.0,0.13333333333333267,0.026666666666666533,NORMAL
2019-01-15,1.968,-0.5000000000000115,2.1616514154935516,-0.9598189962017126,-0.5833333333333336,-1.747580239909371,-35.00000000000001,1.0062715211678834,-0.0030769396281948858,0.0,0.0,0.0,0.015384698140974429,0.0061538792563897715,NORMAL,46.10000000000001,-1.2418973570915532,-3.500000000000014,10.99999999999998,-1.5173715149492288,3.9999999999999796,0.0,0.0,0.0,0.13333333333333267,0.026666666666666533,NORMAL
2019-01-16,1.982,1.4000000000000012,2.1889435086841638,-0.9447057341446297,-0.6033333333333332,-1.8219294610557637,-36.19999999999999,1.0050740580576936,-0.004263278070037346,0.0,0.0,0.0,0.02131639035018673,0.008526556140074693,NORMAL,45.5,-1.3375143471318054,-3.299999999999997,10.99999999999998,-1.5123713427177878,3.9999999999999796,0.0,0.0,0.0,0.13333333333333267,0.026666666666666533,NORMAL
2019-01-17,1.976,-0.6000000000000005,2.1316845327975793,-0.9764134489633599,-0.5516666666666665,-1.6872297141503911,-33.099999999999994,1.005586645827303,-0.0037554523418530383,0.0,0.0,0.0,0.01877726170926519,0.007510904683706077,NORMAL,45.99999999999999,-1.2515566633424113,-2.700000000000017,10.99999999999998,-1.5074203054013116,3.9999999999999796,0.0,0.0,0.0,0.13333333333333267,0.026666666666666533,NORMAL
2019-01-18,2.008,3.200000000000003,1.9152023391798596,-1.0962925692633796,-0.5016666666666669,-1.5079231565302946,-30.100000000000016,1.0028514501506527,-0.006465237511483313,0.0,0.0,0.0,0.032326187557416564,0.012930475022966625,NORMAL,45.299999999999976,-1.3634227597006219,-3.6000000000000156,10.99999999999998,-1.5025176034433327,3.9999999999999796,0.0,0.0,0.0,0.13333333333333267,0.026666666666666533,NORMAL
2019-01-21,2.028,2.0000000000000018,1.9462785001124598,-1.0790838428889578,-0.4016666666666668,-1.2176079269409283,-24.10000000000001,1.0011466026853966,-0.0081542466077138,0.0,0.0,0.0,0.040771233038569,0.0163084932154276,NORMAL,44.99999999999999,-1.408793365610568,-3.299999999999997,10.99999999999998,-1.49766245538485,3.9999999999999796,0.0,0.0,0.0,0.13333333333333267,0.026666666666666533,NORMAL
2019-01-22,1.997,-3.0999999999999917,1.9383321642451714,-1.083484203664409,-0.41833333333333356,-1.2609827553008874,-25.100000000000012,1.0037846239834725,-0.005540733047525226,0.0,0.0,0.0,0.02770366523762613,0.011081466095050452,NORMAL,45.19999999999999,-1.3718366184179245,-2.000000000000007,10.99999999999998,-1.4928540973410656,3.9999999999999796,0.0,0.0,0.0,0.13333333333333267,0.026666666666666533,NORMAL
2019-01-23,1.984,-1.3000000000000123,1.911488810766156,-1.0983489717415902,-0.31166666666666637,-1.0106066356193164,-18.69999999999998,1.0048938059929742,-0.00444185555754284,0.0,0.0,0.0,0.0222092777877142,0.00888371111508568,NORMAL,45.299999999999976,-1.3515428419779842,-1.400000000000034,10.99999999999998,-1.4880917824964848,3.9999999999999796,0.0,0.0,0.0,0.13333333333333267,0.026666666666666533,NORMAL
2019-01-24,1.993,0.9000000000000119,1.6479253304494244,-1.2442998124808313,-0.37999999999999995,-1.2848294359221342,-22.799999999999997,1.0041250622313895,-0.005203457538041301,0.0,0.0,0.0,0.026017287690206503,0.010406915076082601,NORMAL,45.1,-1.3805181129502568,-2.0999999999999943,10.99999999999998,-1.483374780617634,5.9999999999999805,0.0,0.0,0.0,0.19999999999999934,0.03999999999999987,NORMAL
2019-01-25,2.005,1.1999999999999789,1.652398575595967,-1.2418227094725311,-0.39666666666666667,-1.3503191307867526,-23.799999999999997,1.0031008546679134,-0.006218150011352619,0.0,0.0,0.0,0.031090750056763095,0.012436300022705238,NORMAL,44.9,-1.4092760003570381,-2.299999999999997,10.99999999999998,-1.4787023775826793,5.9999999999999805,0.0,0.0,0.0,0.19999999999999934,0.03999999999999987,NORMAL
2019-01-28,2.019,1.4000000000000234,1.6700063031712133,-1.232072259068604,-0.3866666666666663,-1.3124378794066676,-23.199999999999974,1.0019071646508586,-0.007400750412839052,0.0,0.0,0.0,0.03700375206419526,0.014801500825678104,NORMAL,44.69999999999998,-1.437809332306065,-2.3000000000000185,10.99999999999998,-1.4740738749272448,6.9999999999999805,0.0,0.0,0.0,0.23333333333333267,0.04666666666666654,NORMAL
2019-01-29,2.035,1.6000000000000014,1.6903051733185261,-1.2208315622903678,-0.41333333333333294,-1.4238644292668932,-24.799999999999976,1.0005445709069334,-0.008750685392277635,0.0,0.0,0.0,0.043753426961388175,0.01750137078455527,NORMAL,44.600000000000016,-1.4497992654663292,-2.3999999999999844,10.99999999999998,-1.469488589405782,6.9999999999999805,0.0,0.0,0.0,0.23333333333333267,0.04666666666666654,NORMAL
2019-01-30,2.051,1.6000000000000014,1.7064197669543786,-1.2119079493281415,-0.3799999999999996,-1.300376245095057,-22.799999999999976,0.9991838302905,-0.010098784460144117,0.0,0.0,0.0,0.050493922300720584,0.020197568920288234,NORMAL,44.49999999999998,-1.4616934739326144,-2.3000000000000114,10.99999999999998,-1.4649458525678694,6.9999999999999805,0.0,0.0,0.0,0.23333333333333267,0.04666666666666654,NORMAL
2019-01-31,2.001,-5.000000000000027,2.103655965468843,-0.9919345407376432,-0.4900000000000001,-1.6323243297651573,-29.400000000000006,1.0034303615692346,-0.005891704294099798,0.0,0.0,0.0,0.02945852147049899,0.011783408588199595,NORMAL,44.69999999999998,-1.4246591860059188,-2.200000000000024,10.99999999999998,-1.4604450103488356,5.9999999999999805,0.0,0.0,0.0,0.19999999999999934,0.03999999999999987,NORMAL
2019-02-01,1.983,-1.7999999999999794,2.1204455837592784,-0.9826371263074072,-0.4599999999999997,-1.5519954368918227,-27.59999999999998,1.0049656100224356,-0.00437071860166971,0.0,0.0,0.0,0.02185359300834855,0.00874143720333942,NORMAL,44.79999999999999,-1.4041856782523752,-1.3999999999999986,10.99999999999998,-1.4559854226741458,0.0,0.0,0.0,0.0,0.0,0.0,NORMAL
2019-02-07,1.995,1.200000000000001,2.1339116540682834,-0.9751801588979195,-0.43666666666666665,-1.4670212710049064,-26.200000000000003,1.0039405451002126,-0.005386260468696058,0.0,0.0,0.0,0.02693130234348029,0.010772520937392116,NORMAL,44.80000000000002,-1.4001256878504666,-1.2999999999999616,10.99999999999998,-1.4515664630770022,0.0,0.0,0.0,0.0,0.0,0.0,NORMAL
2019-02-08,1.965,-3.0000000000000027,2.204892884377599,-0.9358736122249864,-0.44666666666666666,-1.4941758504700355,-26.8,1.0065005934902183,-0.002849995432891106,0.0,0.0,0.0,0.01424997716445553,0.005699990865782212,NORMAL,44.79999999999999,-1.3961007317791352,-1.1000000000000156,10.99999999999998,-1.447187518328644,0.0,0.0,0.0,0.0,0.0,0.0,NORMAL
2019-02-11,1.943,-2.200000000000002,2.2470799765590566,-0.912512099602569,-0.4449999999999998,-1.4894502557265812,-26.69999999999999,1.008382749600045,-0.0009853249243505502,0.0,0.0,0.0,0.004926624621752751,0.0019706498487011004,NORMAL,44.80000000000002,-1.3921103089987668,-1.29999999999999,10.99999999999998,-1.4428479880808485,0.0,0.0,0.0,0.0,0.0,0.0,NORMAL
2019-02-12,1.978,3.499999999999992,2.345903484351978,-0.8577876209690161,-0.3883333333333331,-1.2698480131467722,-23.299999999999986,1.005382810919985,-0.00395739358270053,0.0,0.0,0.0,0.01978696791350265,0.00791478716540106,NORMAL,44.59999999999999,-1.420568163648447,-1.6999999999999957,10.99999999999998,-1.438547284520159,0.0,0.0,0.0,0.0,0.0,0.0,NORMAL
2019-02-13,1.987,0.9000000000000119,2.2666634416901754,-0.9016675653103384,-0.3466666666666663,-1.1334484503996627,-20.799999999999976,1.0046136930696312,-0.0047193661766097295,0.0,0.0,0.0,0.023596830883048647,0.009438732353219459,NORMAL,44.59999999999999,-1.416429256917094,-1.2000000000000028,10.99999999999998,-1.4342848320334007,0.0,0.0,0.0,0.0,0.0,0.0,NORMAL
2019-02-14,1.99,0.29999999999998916,2.2238598498059545,-0.9253704706394604,-0.40166666666666645,-1.3447903963229868,-24.099999999999987,1.0043575165778984,-0.004973162738234782,0.0,0.0,0.0,0.02486581369117391,0.009946325476469564,NORMAL,44.79999999999999,-1.3799730992487602,-1.2000000000000313,10.99999999999998,-1.4300600668840262,0.0,0.0,0.0,0.0,0.0,0.0,NORMAL
2019-02-15,1.962,-2.8000000000000025,2.313370746449071,-0.8758029410079403,-0.43000000000000044,-1.4279071979876894,-25.800000000000022,1.0067478874673539,-0.0026049988655516554,0.0,0.0,0.0,0.013024994327758277,0.005209997731103311,NORMAL,45.19999999999999,-1.3114410495571596,-0.9000000000000199,10.99999999999998,-1.4258724368989026,0.0,0.0,0.0,0.0,0.0,0.0,NORMAL
2019-02-18,1.997,3.500000000000014,2.426579789268062,-0.8131123324347785,-0.33999999999999997,-1.1071890186441211,-20.399999999999995,1.0037528125021384,-0.005572248993926721,0.0,0.0,0.0,0.027861244969633603,0.011144497987853441,NORMAL,44.69999999999998,-1.3888044669713975,-0.8000000000000185,9.99999999999998,-1.661194898451999,-1.0,0.0,0.0,0.0,0.0,0.0,NORMAL
2019-02-19,1.996,-0.10000000000001119,2.421830538641124,-0.8157422761623767,-0.34999999999999987,-1.140871499342157,-20.999999999999996,1.0038381314912013,-0.005487722635091119,0.0,0.0,0.0,0.027438613175455595,0.010975445270182238,NORMAL,44.9,-1.352626108273315,-1.0999999999999943,9.0,-1.8937494279894531,-1.9999999999999805,0.0,0.0,0.0,0.0,0.0,NORMAL
2019-02-20,1.992,-0.40000000000000036,2.310525116892152,-0.8773787360527077,-0.36166666666666675,-1.179658800299328,-21.70000000000001,1.0041794364559082,-0.005149588460787058,0.0,0.0,0.0,0.02574794230393529,0.010299176921574116,NORMAL,44.999999999999964,-1.3328343812534797,-0.30000000000001137,8.0,-2.1228016353419368,-2.9999999999999805,0.0,0.0,0.0,0.0,0.0,NORMAL
2019-02-21,2.01,1.7999999999999794,2.3014640649172167,-0.8823963817149009,-0.326666666666667,-1.0582158161681277,-19.600000000000016,1.0026430419181307,-0.006671709590442054,0.0,0.0,0.0,0.03335854795221027,0.013343419180884108,NORMAL,44.7,-1.3776558839297781,-0.29999999999999005,8.0,-2.1116798778211567,-2.9999999999999805,0.0,0.0,0.0,0.0,0.0,NORMAL
2019-02-22,2.008,-0.19999999999997797,2.1905238498683652,-0.9438306048429075,-0.26833333333333337,-0.8845468165594094,-16.1,1.0028134912352569,-0.006502843781072354,0.0,0.0,0.0,0.03251421890536177,0.013005687562144708,NORMAL,44.599999999999966,-1.3899532496768898,-0.6000000000000227,8.0,-2.1007311803482294,-2.9999999999999805,0.0,0.0,0.0,0.0,0.0,NORMAL
2019-02-25,2.012,0.40000000000000036,2.168045445241311,-0.9562782400382419,-0.258333333333333,-0.851013044923659,-15.49999999999998,1.0024725346482368,-0.006840632814186787,0.0,0.0,0.0,0.034203164070933934,0.013681265628373573,NORMAL,44.600000000000016,-1.3860785120429058,-0.6999999999999602,8.0,-2.089951100783822,-2.9999999999999805,0.0,0.0,0.0,0.0,0.0,NORMAL
2019-02-26,2.003,-0.8999999999999897,2.1721926831272573,-0.9539816667213618,-0.24499999999999966,-0.8091728343641056,-14.69999999999998,1.0032394261372426,-0.006080865898289822,0.0,0.0,0.0,0.03040432949144911,0.012161731796579645,NORMAL,44.5,-1.3983072772606864,-0.6000000000000014,8.0,-2.0793353549947207,-2.9999999999999805,0.0,0.0,0.0,0.0,0.0,NORMAL
2019-02-27,1.985,-1.8000000000000016,2.1920910468990003,-0.9429627542440675,-0.2833333333333329,-0.933229689469997,-16.99999999999997,1.0047743824592326,-0.00456016962311423,0.0,0.0,0.0,0.02280084811557115,0.00912033924622846,NORMAL,44.59999999999999,-1.3783360137409721,-0.30000000000001137,8.0,-2.0688798097005265,-2.9999999999999805,0.0,0.0,0.0,0.0,0.0,NORMAL
2019-02-28,1.987,0.20000000000000018,2.1651303595128457,-0.9578924971135591,-0.2116666666666663,-0.7133658104995131,-12.699999999999978,1.0046035708142145,-0.00472939439427833,0.0,0.0,0.0,0.02364697197139165,0.00945878878855666,NORMAL,44.80000000000002,-1.3424629883612187,0.10000000000003695,8.0,-2.058580475712231,-2.9999999999999805,0.0,0.005000000000001848,0.0,0.0,0.0015000000000005543,NORMAL
2019-03-04,2.027,4.0000000000000036,2.328179772404097,-0.8676022988473955,-0.13166666666666624,-0.43211321640008094,-7.899999999999974,1.0011879186734463,-0.008113314453337628,0.0,0.0,0.0,0.04056657226668814,0.016226628906675256,NORMAL,44.7,-1.3549492891061838,0.09999999999998721,8.0,-2.04843350153753,-2.9999999999999805,0.0,0.004999999999999361,0.0,0.0,0.0014999999999998081,NORMAL
2019-03-05,2.029,0.19999999999997797,2.297114895277395,-0.8848047767045509,-0.16500000000000034,-0.5460073733035772,-9.90000000000002,1.0010177167272718,-0.008281935189880518,0.0,0.0,0.0,0.04140967594940259,0.016563870379761036,NORMAL,44.69999999999998,-1.3513299862607921,0.20000000000000284,8.0,-2.038435167329615,-2.9999999999999805,0.0,0.010000000000000142,0.0,0.0,0.0030000000000000426,NORMAL
2019-03-06,2.021,-0.8000000000000007,1.999210370437078,-1.049772304862162,-0.13499999999999993,-0.4506394252765023,-8.099999999999996,1.0016984087746463,-0.0076075669058096596,0.0,0.0,0.0,0.0380378345290483,0.015215133811619319,NORMAL,44.99999999999999,-1.2996967081652846,0.30000000000001137,8.0,-2.028581879157842,-2.9999999999999805,0.0,0.015000000000000568,0.0,0.0,0.0045000000000001705,NORMAL
2019-03-07,2.005,-1.6000000000000014,1.9896839209440185,-1.0550476689266413,-0.08833333333333322,-0.30266825138097575,-5.299999999999994,1.0030607186105798,-0.00625791319680169,0.0,0.0,0.0,0.03128956598400845,0.01251582639360338,NORMAL,45.20000000000002,-1.264398261561765,0.400000000000027,8.0,-2.018870163580229,-2.9999999999999805,0.0,0.02000000000000135,0.0,0.0,0.006000000000000405,NORMAL
2019-03-08,1.973,-3.1999999999999806,2.102855201862458,-0.9923779713731957,-0.01666666666666668,-0.061981417184999214,-1.0000000000000009,1.0057890437652006,-0.0035549347206969006,0.0,0.0,0.0,0.017774673603484503,0.007109869441393801,NORMAL,45.299999999999976,-1.2453167531979716,0.49999999999995737,8.0,-2.009296662499181,-2.9999999999999805,0.0,0.024999999999997868,0.0,0.0,0.00749999999999936,NORMAL
2019-03-11,1.986,1.29999999999999,2.0095757604136506,-1.0440323693450986,-0.011666666666666861,-0.043327913395156376,-0.7000000000000117,1.0046776468718401,-0.004656006517830491,0.0,0.0,0.0,0.023280032589152455,0.009312013035660982,NORMAL,45.1,-1.2743353962948654,0.30000000000001137,8.0,-1.999858128283141,-2.9999999999999805,0.0,0.015000000000000568,0.0,0.0,0.0045000000000001705,NORMAL
2019-03-12,1.991,0.5000000000000115,1.935920833527086,-1.0848195015030244,0.021666666666666872,0.08078465167483999,1.3000000000000123,1.0042506588719196,-0.0050790277150604135,0.0,0.026928217224946663,0.013000000000000123,0.025395138575302068,0.018143698875110185,NORMAL,45.19999999999999,-1.2552299158575217,0.39999999999997016,9.0,-1.7621986043498035,-1.9999999999999805,0.0,0.01999999999999851,0.0,0.0,0.0059999999999995526,NORMAL
2019-03-13,1.966,-2.5000000000000133,1.8678442400968986,-1.1225175772525904,-0.023333333333333355,-0.08595778496460435,-1.4000000000000012,1.0063846915220223,-0.002964820648955091,0.0,0.0,0.0,0.014824103244775455,0.005929641297910182,NORMAL,45.300000000000026,-1.2362397112025705,0.7000000000000384,9.0,-1.7554697165191053,-1.9999999999999805,0.0,0.03500000000000192,0.0,0.0,0.010500000000000575,NORMAL
2019-03-14,1.978,1.200000000000001,1.877140883028454,-1.117369470806726,-0.05333333333333301,-0.19943986197768968,-3.1999999999999806,1.0053581791366697,-0.003981796531893234,0.0,0.0,0.0,0.019908982659466168,0.007963593063786467,NORMAL,45.300000000000004,-1.2333332165134026,0.700000000000017,9.0,-1.7488173615062763,-1.9999999999999805,0.0,0.03500000000000085,0.0,0.0,0.010500000000000254,NORMAL
2019-03-15,1.989,1.100000000000012,1.8933331788979437,-1.1084028294768626,-0.04833333333333282,-0.18052838446179345,-2.8999999999999693,1.004418169239177,-0.004913073552135883,0.0,0.0,0.0,0.024565367760679413,0.009826147104271765,NORMAL,45.299999999999976,-1.2304471381372115,0.4999999999999858,8.0,-1.9693182266791731,-2.9999999999999805,0.0,0.02499999999999929,0.0,0.0,0.007499999999999786,NORMAL
2019-03-18,1.994,0.49999999999998934,1.7771650991041004,-1.1727320335555145,-0.013333333333332975,-0.05001629503865827,-0.7999999999999785,1.0039912915172502,-0.0053359854958763275,0.0,0.0,0.0,0.026679927479381638,0.010671970991752655,NORMAL,45.19999999999997,-1.2435375539139086,-2.1316282072803006e-14,8.0,-1.9604406221107071,-2.9999999999999805,0.0,0.0,0.0,0.0,0.0,NORMAL
2019-03-19,1.979,-1.4999999999999902,1.6280113797610798,-1.2553273563647978,-0.04166666666666652,-0.1556475473493579,-2.499999999999991,1.0052713804139346,-0.004067788877383571,0.0,0.0,0.0,0.020338944386917857,0.008135577754767143,NORMAL,45.19999999999999,-1.240609355442747,0.5000000000000071,8.0,-1.9516820524062541,-1.9999999999999805,0.0,0.025000000000000355,0.0,0.0,0.007500000000000106,NORMAL
2019-03-20,1.981,0.20000000000000018,1.6292959409382601,-1.2546160181188268,0.0,0.0,0.0,1.0051004842792641,-0.004237097353274599,0.0,0.0,0.0,0.021185486766372996,0.008474194706549198,NORMAL,45.20000000000002,-1.2377017574749303,0.3000000000000185,8.0,-1.9430398809540137,-1.0,0.0,0.015000000000000924,0.0,0.0,0.004500000000000277,NORMAL
2019-03-21,1.932,-4.9000000000000155,1.9547512966050056,-1.0743919494217238,0.0,0.0,0.0,1.0092867277962871,-8.974486375112889e-05,0.0,0.0,0.0,0.00044872431875564445,0.00017948972750225778,NORMAL,45.39999999999999,-1.2029455520640362,0.400000000000027,8.0,-1.9345115521841196,0.0,0.0,0.02000000000000135,0.0,0.0,0.006000000000000405,NORMAL
2019-03-22,1.934,0.20000000000000018,1.8961456750610275,-1.106845382371199,0.003333333333333336,0.012579050678706278,0.20000000000000018,1.0091151490525618,-0.0002597296071241706,0.0,0.0041930168929020925,0.0020000000000000018,0.001298648035620853,0.0017580625928287602,NORMAL,45.39999999999999,-1.200238215740421,0.6999999999999886,8.0,-1.9260945883938316,0.0,0.0,0.034999999999999434,0.0,0.0,0.01049999999999983,NORMAL
2019-03-25,1.888,-4.600000000000004,2.116601048851675,-0.9847660749058313,-0.13666666666666677,-0.510028112513937,-8.200000000000006,1.0130607892853574,0.0,0.0,0.0,0.0,-0.0,0.0,NORMAL,45.5,-1.1816243496648984,0.9000000000000341,8.0,-1.9177865867234272,0.0,0.0,0.045000000000001705,0.0,0.0,0.013500000000000512,NORMAL
2019-03-26,1.905,1.7000000000000126,2.1682578502713117,-0.9561606186869509,-0.1416666666666666,-0.5299332933945847,-8.499999999999996,1.01159691644484,-0.0014450000000000296,0.0,0.0,0.0,0.007225000000000148,0.002890000000000059,NORMAL,45.40000000000002,-1.194948989148877,0.8000000000000043,8.0,-1.9095852162744127,0.0,0.0,0.040000000000000216,0.0,0.0,0.012000000000000064,NORMAL
2019-03-27,1.845,-6.000000000000005,2.4895359956594776,-0.778249720810671,-0.1716666666666666,-0.6206944229336864,-10.299999999999997,1.0167560607187087,0.0,0.0,0.0,0.0,-0.0,0.0,NORMAL,46.49999999999998,-1.0171610055789366,1.9999999999999787,8.0,-1.901488215362199,0.0,0.0,0.09999999999999894,0.0,0.0,0.02999999999999968,NORMAL
2019-03-28,1.81,-3.499999999999992,2.554021596578519,-0.7425401920914457,-0.22166666666666668,-0.7859307527428033,-13.3,1.019780909999347,0.0,0.0,0.0,0.0,-0.0,0.0,NORMAL,47.19999999999997,-0.9037321575505484,2.59999999999998,8.0,-1.8934933888959027,0.0,0.0,0.129999999999999,0.0,0.0,0.0389999999999997,NORMAL
2019-03-29,1.833,2.299999999999991,2.6421880884480675,-0.6937171396794566,-0.19166666666666668,-0.6726908851115306,-11.5,1.0177872383202982,-0.00195500000000004,0.0,0.0,0.0,0.0097750000000002,0.00391000000000008,NORMAL,47.29999999999998,-0.8862931620861235,2.4999999999999645,8.0,-1.8855986058783567,0.0,0.0,0.12499999999999822,0.0,0.0,0.037499999999999464,NORMAL
2019-04-01,1.866,3.300000000000014,2.5795705476932262,-0.7283922119133264,-0.1366666666666664,-0.46996750608232557,-8.199999999999985,1.0149323451168097,-0.004754516225000005,0.0,0.0,0.0,0.023772581125000025,0.00950903245000001,NORMAL,47.10000000000001,-0.9167429585297192,2.4000000000000057,8.0,-1.8778017970198917,0.0,0.0,0.12000000000000029,0.0,0.0,0.03600000000000009,NORMAL
2019-04-02,1.856,-1.0000000000000009,2.5688979820353475,-0.7343022489516151,-0.15333333333333307,-0.5266564425824353,-9.199999999999985,1.015795037610159,-0.003908557563791271,0.0,0.0,0.0,0.019542787818956353,0.007817115127582541,NORMAL,47.199999999999996,-0.8992636451168012,2.500000000000014,9.0,-1.649481598266777,1.0,0.0,0.12500000000000072,0.0,0.03333333333333333,0.04416666666666688,NORMAL
2019-04-03,1.889,3.299999999999992,2.732725649179629,-0.6435810848232534,-0.1100000000000001,-0.3710279458909009,-6.600000000000006,1.0129457325296625,-0.0067025940598248734,0.0,0.0,0.0,0.03351297029912437,0.013405188119649747,NORMAL,47.30000000000001,-0.8818379254186433,2.3000000000000185,10.99999999999998,-1.202091520640405,2.9999999999999805,0.0,0.11500000000000092,0.0,0.09999999999999935,0.054500000000000146,NORMAL
2019-04-04,1.877,-1.200000000000001,2.7269416066934404,-0.646784054607672,-0.1583333333333333,-0.5359778872954288,-9.499999999999996,1.0139789371768428,-0.0056894307057657745,0.0,0.0,0.0,0.028447153528828872,0.011378861411531549,NORMAL,47.4,-0.8644635274483706,2.1999999999999815,10.99999999999998,-1.1994323940289924,2.9999999999999805,0.0,0.10999999999999907,0.0,0.09999999999999935,0.05299999999999959,NORMAL
2019-04-05,1.893,1.6000000000000014,2.7008770505347486,-0.6612175560938593,-0.14000000000000012,-0.4719065781652313,-8.400000000000007,1.0125999258222822,-0.007041693080006128,0.0,0.0,0.0,0.03520846540003064,0.014083386160012257,NORMAL,47.19999999999997,-0.8950167130035991,1.8999999999999915,11.99999999999998,-0.9755297310749719,3.9999999999999805,0.0,0.09499999999999957,0.0,0.1333333333333327,0.055166666666666406,NORMAL
2019-04-08,1.868,-2.499999999999991,2.708641143102069,-0.6569181143183298,-0.20999999999999983,-0.7057225872443174,-12.599999999999989,1.0147517006646545,-0.004931656677801155,0.0,0.0,0.0,0.024658283389005775,0.00986331335560231,NORMAL,47.30000000000001,-0.8776017400665834,2.20000000000001,11.99999999999998,-0.9738129245963763,3.9999999999999805,0.0,0.1100000000000005,0.0,0.1333333333333327,0.05966666666666669,NORMAL
2019-04-09,1.872,0.40000000000000036,2.706614704366832,-0.6580402744778442,-0.18833333333333332,-0.6330434135786057,-11.299999999999999,1.0144066850864284,-0.00526997991453082,0.0,0.0,0.0,0.0263498995726541,0.01053995982906164,NORMAL,47.199999999999996,-0.892168160750292,2.000000000000007,11.99999999999998,-0.9721051558168335,2.9999999999999805,0.0,0.10000000000000035,0.0,0.09999999999999935,0.049999999999999975,NORMAL
2019-04-10,1.871,-0.10000000000001119,2.6706740722147306,-0.6779427491036735,-0.15499999999999994,-0.524115364801353,-9.299999999999997,1.0144929096546609,-0.0051854278628233885,0.0,0.0,0.0,0.025927139314116943,0.010370855725646777,NORMAL,47.0,-0.9226606253537952,1.6999999999999744,11.99999999999998,-0.9704063456994663,2.9999999999999805,0.0,0.08499999999999872,0.0,0.09999999999999935,0.045499999999999485,NORMAL
2019-04-11,1.867,-0.40000000000000036,2.64166514472257,-0.6940067248537909,-0.20833333333333334,-0.7147368009151613,-12.5,1.0148378372439435,-0.004847190908296772,0.0,0.0,0.0,0.024235954541483862,0.009694381816593545,NORMAL,47.0,-0.9211285914398621,1.6999999999999957,11.99999999999998,-0.968716416171789,2.9999999999999805,0.0,0.08499999999999978,0.0,0.09999999999999935,0.045499999999999804,NORMAL
2019-04-12,1.881,1.4000000000000012,2.6523872067887924,-0.688069278697962,-0.15333333333333346,-0.5264459549356115,-9.200000000000008,1.013630180217623,-0.006031422751116011,0.0,0.0,0.0,0.030157113755580056,0.012062845502232022,NORMAL,47.10000000000001,-0.9036339997915384,1.8000000000000327,11.99999999999998,-0.9670352901106349,3.9999999999999805,0.0,0.09000000000000163,0.0,0.1333333333333327,0.05366666666666703,NORMAL
2019-04-15,1.926,4.499999999999993,2.876291471944204,-0.5640801140941899,-0.07000000000000005,-0.23230532723003508,-4.200000000000004,1.0097530447782908,-0.0098333525590929,0.0,0.0,0.0,0.0491667627954645,0.0196667051181858,NORMAL,46.900000000000006,-0.9341116807200569,1.7000000000000384,11.99999999999998,-0.9653628913273595,3.9999999999999805,0.0,0.08500000000000192,0.0,0.1333333333333327,0.05216666666666711,NORMAL
2019-04-16,1.932,0.6000000000000005,2.8700403444807843,-0.5675417367277878,-0.08333333333333341,-0.27729804182796963,-5.000000000000004,1.0092380707254538,-0.010338337549287813,0.0,0.0,0.0,0.05169168774643906,0.020676675098575625,NORMAL,46.900000000000006,-0.9325512270140004,1.700000000000017,11.99999999999998,-0.9636991445533359,3.9999999999999805,0.0,0.08500000000000085,0.0,0.1333333333333327,0.05216666666666679,NORMAL
2019-04-17,1.947,1.5000000000000124,2.895022952367883,-0.5537073746204159,-0.048333333333333194,-0.16029066879923237,-2.8999999999999915,1.007951292185279,-0.011600156168912412,0.0,0.0,0.0,0.05800078084456206,0.023200312337824824,NORMAL,47.10000000000001,-0.8990457135412158,1.8999999999999915,11.99999999999998,-0.9620439754257173,3.9999999999999805,0.0,0.09499999999999957,0.0,0.1333333333333327,0.055166666666666406,NORMAL
2019-04-18,1.893,-5.400000000000005,2.939830822200132,-0.5288945808832402,-0.19166666666666668,-0.6196180505632755,-11.5,1.0125777886164093,-0.007063400885727655,0.0,0.0,0.0,0.03531700442863828,0.01412680177145531,NORMAL,47.39999999999997,-0.8496533045579601,1.9999999999999787,11.99999999999998,-0.9603973104734704,3.9999999999999805,0.0,0.09999999999999894,0.0,0.1333333333333327,0.05666666666666622,NORMAL
2019-04-19,1.899,0.6000000000000005,2.9440171266664317,-0.5265763740675137,-0.215,-0.6994091647943314,-12.9,1.012061373944215,-0.00756979855127593,0.0,0.0,0.0,0.03784899275637965,0.01513959710255186,NORMAL,47.20000000000002,-0.8803293077305039,1.8000000000000256,11.99999999999998,-0.9587590771036729,3.9999999999999805,0.0,0.09000000000000127,0.0,0.1333333333333327,0.05366666666666692,NORMAL
2019-04-22,1.929,3.0000000000000027,2.8311193620377915,-0.5890946093151643,-0.11333333333333342,-0.36791564666184395,-6.800000000000006,1.0094806174406572,-0.010100495564970169,0.0,0.0,0.0,0.050502477824850844,0.020200991129940338,NORMAL,47.20000000000002,-0.8789451792966644,1.700000000000017,12.99999999999999,-0.7354377027617578,4.999999999999989,0.0,0.08500000000000085,0.0,0.16666666666666632,0.058833333333333515,NORMAL
2019-04-23,1.923,-0.6000000000000005,2.8138566903245477,-0.5986539816793693,-0.10166666666666657,-0.3306229564111914,-6.099999999999994,1.009995452555552,-0.009595646817708414,0.0,0.0,0.0,0.04797823408854207,0.01919129363541683,NORMAL,47.0,-0.9095505829503716,1.59999999999998,12.99999999999999,-0.7344356658705341,4.999999999999989,0.0,0.079999999999999,0.0,0.16666666666666632,0.05733333333333296,NORMAL
2019-04-24,1.912,-1.100000000000012,2.4448172894814397,-0.8030131393070893,-0.13500000000000031,-0.43907202478365615,-8.10000000000002,1.0109397983036912,-0.008669618747483065,0.0,0.0,0.0,0.04334809373741533,0.01733923749496613,NORMAL,46.99999999999997,-0.9080835868527801,0.4999999999999929,12.99999999999999,-0.7334377158758966,4.999999999999989,0.0,0.024999999999999644,0.0,0.16666666666666632,0.04083333333333316,NORMAL
2019-04-25,1.879,-3.299999999999992,2.4286610996271403,-0.8119597865798606,-0.2099999999999998,-0.6750818069613852,-12.599999999999989,1.013775484437933,-0.005888937028069807,0.0,0.0,0.0,0.029444685140349036,0.011777874056139614,NORMAL,47.09999999999998,-0.8906274754124772,-0.09999999999998721,12.99999999999999,-0.7324438250633059,4.999999999999989,0.0,0.0,0.0,0.16666666666666632,0.033333333333333263,NORMAL
2019-04-26,1.876,-0.30000000000001137,2.387748333736863,-0.8346156286239781,-0.2383333333333337,-0.7691249287945613,-14.300000000000024,1.0140339971864647,-0.005635438707011997,0.0,0.0,0.0,0.028177193535059986,0.011270877414023994,NORMAL,47.09999999999998,-0.8892227273884789,-0.20000000000000284,13.99999999999999,-0.509200378206369,5.999999999999989,0.0,0.0,0.0,0.19999999999999965,0.03999999999999993,NORMAL
2019-04-29,1.864,-1.1999999999999789,2.2918390684752437,-0.8877263171108443,-0.28500000000000003,-0.9232404493571742,-17.100000000000005,1.0150683118635948,-0.004621186854493198,0.0,0.0,0.0,0.02310593427246599,0.009242373708986396,NORMAL,47.20000000000002,-0.8718209809457275,0.10000000000000853,13.99999999999999,-0.5086374374121652,5.999999999999989,0.0,0.005000000000000426,0.0,0.19999999999999965,0.04150000000000006,NORMAL
2019-04-30,1.845,-1.9000000000000128,2.320951483653565,-0.8716050340479565,-0.3433333333333336,-1.114107063878845,-20.60000000000002,1.0167076471872545,-0.0030136500712631964,0.0,0.0,0.0,0.015068250356315982,0.006027300142526393,NORMAL,47.19999999999997,-0.870476035250195,-2.842170943040401e-14,13.99999999999999,-0.5080763602675777,4.999999999999989,0.0,0.0,0.0,0.16666666666666632,0.033333333333333263,NORMAL
2019-05-02,1.885,4.0000000000000036,2.3787657126731667,-0.839589842406225,-0.19333333333333316,-0.6312886647114018,-11.599999999999987,1.013250841186818,-0.006403403661020768,0.0,0.0,0.0,0.03201701830510384,0.012806807322041536,NORMAL,46.900000000000006,-0.9171659431684688,-0.4000000000000057,12.99999999999999,-0.7302097508254769,2.000000000000009,0.0,0.0,0.0,0.06666666666666696,0.013333333333333391,NORMAL
2019-05-03,1.9,1.4999999999999902,2.3848811070443,-0.8362033832926697,-0.13833333333333364,-0.4516268563735252,-8.300000000000018,1.0119589463643048,-0.007670239321352912,0.0,0.0,0.0,0.03835119660676456,0.015340478642705824,NORMAL,46.50000000000001,-0.9797214358523519,-0.8999999999999915,11.99999999999998,-0.9518266245335368,1.0,0.0,0.0,0.0,0.03333333333333333,0.006666666666666667,NORMAL
2019-05-07,1.885,-1.4999999999999902,2.384025785801912,-0.8366770257498064,-0.18333333333333351,-0.5985943374598496,-11.00000000000001,1.0132491940209192,-0.006405018876487811,0.0,0.0,0.0,0.03202509438243906,0.012810037752975623,NORMAL,46.599999999999994,-0.9620409387969237,-0.599999999999973,11.99999999999998,-0.9502449139077094,0.0,0.0,0.0,0.0,0.0,0.0,NORMAL
2019-05-08,1.878,-0.7000000000000117,2.3193692427490995,-0.8724812153382523,-0.14500000000000032,-0.4790606147892488,-8.700000000000019,1.0138520772913615,-0.0058138298627193885,0.0,0.0,0.0,0.029069149313596943,0.011627659725438777,NORMAL,46.70000000000001,-0.9444196992968905,-0.6000000000000014,10.99999999999998,-1.171060973114666,-1.0,0.0,0.0,0.0,0.0,0.0,NORMAL
2019-05-09,1.861,-1.6999999999999904,2.3500223963098517,-0.8555067334103142,-0.13666666666666677,-0.45279312323375387,-8.200000000000006,1.0153170935430473,-0.0043772308468712495,0.0,0.0,0.0,0.021886154234356248,0.008754461693742499,NORMAL,46.80000000000002,-0.926855315713348,-0.39999999999997726,10.99999999999998,-1.1686487698155745,-1.0,0.0,0.0,0.0,0.0,0.0,NORMAL
2019-05-10,1.873,1.200000000000001,2.3666320728877683,-0.8463089634535638,-0.175,-0.5904439638746745,-10.499999999999998,1.0142814701076335,-0.005392766071407373,0.0,0.0,0.0,0.026963830357036866,0.010785532142814747,NORMAL,46.79999999999997,-0.9253608074691558,-0.20000000000003126,10.99999999999998,-1.1662514200218344,-1.0,0.0,0.0,0.0,0.0,0.0,NORMAL
2019-05-13,1.874,0.10000000000001119,2.3647131794474854,-0.8473715693599729,-0.18833333333333332,-0.6365474251777422,-11.299999999999999,1.0141952561826744,-0.005477307686291288,0.0,0.0,0.0,0.027386538431456442,0.010954615372582577,NORMAL,46.49999999999998,-0.9719185904114087,-0.5000000000000213,10.99999999999998,-1.1638687718925327,-1.0,0.0,0.0,0.0,0.0,0.0,NORMAL
2019-05-14,1.868,-0.6000000000000005,2.3461670869739866,-0.8576416484531841,-0.20333333333333314,-0.6873373938543678,-12.199999999999989,1.0147124957633276,-0.004970101113211278,0.0,0.0,0.0,0.02485050556605639,0.009940202226422556,NORMAL,46.599999999999994,-0.9542702802801623,-0.5000000000000142,10.99999999999998,-1.1615006757510837,-1.0,0.0,0.0,0.0,0.0,0.0,NORMAL
2019-05-15,1.865,-0.30000000000001137,2.08565905272423,-1.001900506214463,-0.16166666666666665,-0.5526219802979692,-9.699999999999998,1.0149712474497474,-0.0047163684889949264,0.0,0.0,0.0,0.023581842444974632,0.009432736977989853,NORMAL,46.49999999999998,-0.9687132570135779,-0.400000000000027,9.99999999999998,-1.38091009482667,-2.0,0.0,0.0,0.0,0.0,0.0,NORMAL
2019-05-16,1.82,-4.499999999999993,2.2725825791260856,-0.898389785383529,-0.2950000000000001,-1.001235778857423,-17.700000000000003,1.0188535124712428,-0.0009094085984652223,0.0,0.0,0.0,0.004547042992326111,0.0018188171969304445,NORMAL,47.09999999999998,-0.8709739702562403,0.19999999999997442,9.99999999999998,-1.377454761836186,-2.0,0.0,0.009999999999998722,0.0,0.0,0.0029999999999996163,NORMAL
2019-05-17,1.822,0.20000000000000018,2.2287298719461863,-0.9226736485117082,-0.28999999999999987,-0.9839367521456447,-17.39999999999999,1.0186803073741226,-0.0010792539990035488,0.0,0.0,0.0,0.005396269995017744,0.0021585079980070976,NORMAL,47.50000000000001,-0.8055380909772949,0.3999999999999986,9.99999999999998,-1.3740252509942406,-2.0,0.0,0.019999999999999928,0.0,0.0,0.0059999999999999784,NORMAL
2019-05-20,1.847,2.499999999999991,2.029026211861505,-1.0332614926737151,-0.24166666666666672,-0.8099581842274314,-14.500000000000002,1.0165156117209526,-0.003201960584255703,0.0,0.0,0.0,0.016009802921278515,0.006403921168511406,NORMAL,47.599999999999994,-0.7883604505718921,0.20000000000002416,9.99999999999998,-1.3706212422392103,-2.0,0.0,0.010000000000001208,0.0,0.0,0.003000000000000362,NORMAL
2019-05-21,1.83,-1.6999999999999904,2.0446271053666476,-1.0246223461553028,-0.29999999999999954,-1.0090672339572857,-17.99999999999997,1.0179844767798893,-0.0017615874172999257,0.0,0.0,0.0,0.008807937086499629,0.0035231748345998515,NORMAL,47.899999999999984,-0.7391304231941583,0.6999999999999673,9.99999999999998,-1.3672424210360867,-2.0,0.0,0.034999999999998366,0.0,0.0,0.01049999999999951,NORMAL
2019-05-22,1.828,-0.20000000000000018,1.8883228426025915,-1.111177351932759,-0.2999999999999999,-1.0090672339572868,-17.999999999999993,1.018157534140942,-0.0015918868871609426,0.0,0.0,0.0,0.007959434435804713,0.0031837737743218852,NORMAL,47.70000000000001,-0.7702561066113714,0.4999999999999929,9.99999999999998,-1.3638884782543825,-3.000000000000009,0.0,0.024999999999999644,0.0,0.0,0.007499999999999893,NORMAL
2019-05-23,1.808,-2.0000000000000018,1.917749503427059,-1.0948820522868512,-0.3399999999999999,-1.139422229339494,-20.399999999999995,1.0198884019489816,0.0,0.0,0.0,0.0,-0.0,0.0,NORMAL,48.29999999999999,-0.672851700347164,1.29999999999999,9.99999999999998,-1.3605591100493233,-3.000000000000009,0.0,0.0649999999999995,0.0,0.0,0.01949999999999985,NORMAL
2019-05-24,1.792,-1.6000000000000014,1.9281843109106813,-1.089103676150079,-0.3516666666666668,-1.1761607348894334,-21.10000000000001,1.0212754501756323,0.0,0.0,0.0,0.0,-0.0,0.0,NORMAL,48.29999999999999,-0.6720183451162998,1.3000000000000185,9.99999999999998,-1.35725401774621,-3.000000000000009,0.0,0.06500000000000092,0.0,0.0,0.019500000000000274,NORMAL
2019-05-27,1.797,0.49999999999998934,1.8330015648771554,-1.1418120475479996,-0.3133333333333336,-1.0503801819362846,-18.80000000000002,1.0208414081093076,-0.0004250000000000087,0.0,0.0,0.0,0.0021250000000000435,0.0008500000000000174,NORMAL,47.899999999999984,-0.7354905414819203,0.8000000000000043,9.99999999999998,-1.3539729077278606,-3.000000000000009,0.0,0.040000000000000216,0.0,0.0,0.012000000000000064,NORMAL
2019-05-28,1.793,-0.40000000000000036,1.8328220977785212,-1.1419114291994301,-0.3233333333333336,-1.0843539877053239,-19.400000000000016,1.0211884941880647,-8.514450000007834e-05,0.0,0.0,0.0,0.0004257225000003917,0.00017028900000015668,NORMAL,47.599999999999994,-0.7827634774622559,0.5000000000000142,9.99999999999998,-1.350715491325036,-4.000000000000009,0.0,0.02500000000000071,0.0,0.0,0.007500000000000212,NORMAL
2019-05-29,1.741,-5.199999999999982,2.1189061229546544,-0.983489617701321,-0.4766666666666667,-1.5893196166222066,-28.6,1.025702147332376,0.0,0.0,0.0,0.0,-0.0,0.0,NORMAL,48.40000000000002,-0.6530009710324727,1.2000000000000028,9.99999999999998,-1.347481484709746,-4.000000000000009,0.0,0.060000000000000143,0.0,0.0,0.018000000000000044,NORMAL
2019-05-30,1.741,0.0,2.1007767986853634,-0.9935289073478137,-0.4799999999999997,-1.6010154039545812,-28.799999999999983,1.025702147332376,0.0,0.0,0.0,0.0,-0.0,0.0,NORMAL,48.4,-0.6522122414831815,1.2000000000000313,9.99999999999998,-1.3442706087913632,-4.000000000000009,0.0,0.060000000000001566,0.0,0.0,0.01800000000000047,NORMAL
2019-05-31,1.682,-5.900000000000016,2.1455645803426764,-0.9687272376328937,-0.5649999999999998,-1.8045233310005568,-33.9,1.0308460436012479,0.0,0.0,0.0,0.0,-0.0,0.0,NORMAL,48.80000000000002,-0.58699553714778,1.9000000000000128,8.99999999999998,-1.5606360582549172,-4.000000000000009,0.0,0.09500000000000064,0.0,0.0,0.028500000000000192,NORMAL
2019-06-03,1.691,0.9000000000000119,2.112487932073907,-0.9870437533271834,-0.523333333333333,-1.6691133504817517,-31.399999999999984,1.0300574463778929,-0.0007650000000000157,0.0,0.0,0.0,0.0038250000000000783,0.0015300000000000313,NORMAL,49.89999999999999,-0.4089855016325085,3.3999999999999844,10.99999999999998,-1.1171992519910905,-1.0,0.0,0.1699999999999992,0.0,0.0,0.05099999999999976,NORMAL
2019-06-04,1.684,-0.7000000000000117,2.110992532834782,-0.9878718452006435,-0.48166666666666696,-1.5524501100082373,-28.900000000000013,1.0306703305584877,-0.0001704551750001393,0.0,0.0,0.0,0.0008522758750006965,0.0003409103500002786,NORMAL,49.99999999999998,-0.3924461036161411,3.3999999999999844,10.99999999999998,-1.1150835886603396,-1.0,0.0,0.1699999999999992,0.0,0.0,0.05099999999999976,NORMAL
2019-06-05,1.654,-3.0000000000000027,2.155677937081755,-0.9631268679724589,-0.5533333333333335,-1.7760015871553911,-33.20000000000001,1.0332985399014118,0.0,0.0,0.0,0.0,-0.0,0.0,NORMAL,50.799999999999976,-0.26285751568011934,4.099999999999966,10.99999999999998,-1.1129799060366534,0.0,0.0,0.2049999999999983,0.0,0.0,0.061499999999999486,NORMAL
2019-06-07,1.656,0.20000000000000018,2.1705868718899626,-0.9548709003127154,-0.5583333333333336,-1.7934686719093123,-33.50000000000002,1.0331228791496285,-0.0001700000000001145,0.0,0.0,0.0,0.0008500000000005725,0.000340000000000229,NORMAL,51.00000000000002,-0.23029034043190497,4.200000000000003,10.99999999999998,-1.1108880914493098,0.0,0.0,0.21000000000000013,0.0,0.0,0.06300000000000004,NORMAL
2019-06-10,1.661,0.5000000000000115,2.1382235617446557,-0.9727923980829529,-0.5083333333333332,-1.6395636659716317,-30.499999999999993,1.0326838019259899,-0.0005949277500001404,0.0,0.0,0.0,0.002974638750000702,0.0011898555000002808,NORMAL,51.500000000000014,-0.14918929429747504,4.7000000000000455,10.99999999999998,-1.108808033705533,0.0,0.0,0.23500000000000226,0.0,0.0,0.07050000000000067,NORMAL
2019-06-11,1.68,1.8999999999999906,2.225711004080316,-0.924345375955036,-0.49666666666666676,-1.595213208534771,-29.800000000000004,1.0310160175858794,-0.002208966941683932,0.0,0.0,0.0,0.01104483470841966,0.004417933883367864,NORMAL,51.09999999999999,-0.21383386031449603,4.6000000000000085,10.99999999999998,-1.1067396230656654,0.0,0.0,0.23000000000000043,0.0,0.0,0.06900000000000013,NORMAL
2019-06-12,1.6,-7.999999999999985,2.7209518458378508,-0.6501009429400378,-0.6483333333333334,-1.939591886795028,-38.9,1.0380269265054634,0.0,0.0,0.0,0.0,-0.0,0.0,NORMAL,53.0,0.09428453667155551,6.400000000000006,11.99999999999998,-0.8850292134667511,1.0,0.0314281788905185,0.3200000000000003,0.0,0.03333333333333333,0.11209512033382231,NORMAL
2019-06-13,1.613,1.29999999999999,2.7761010143914517,-0.6195615544526974,-0.6349999999999999,-1.893807053981125,-38.1,1.0368799067516747,-0.0011050000000000226,0.0,0.0,0.0,0.005525000000000113,0.0022100000000000453,NORMAL,52.19999999999998,-0.0355611426822536,5.700000000000003,11.99999999999998,-0.8837128178901532,2.0,0.0,0.28500000000000014,0.0,0.06666666666666667,0.09883333333333337,NORMAL
2019-06-14,1.591,-2.200000000000002,2.6808237147327816,-0.6723222858402043,-0.6466666666666668,-1.9245129026410779,-38.80000000000001,1.0388188721773004,0.0,0.0,0.0,0.0,-0.0,0.0,NORMAL,51.90000000000001,-0.08423446866858922,4.800000000000033,11.99999999999998,-0.8824022821283772,2.0,0.0,0.24000000000000163,0.0,0.06666666666666667,0.08533333333333382,NORMAL
2019-06-17,1.621,3.0000000000000027,2.8240461827146612,-0.5930114511616512,-0.6000000000000001,-1.758451919115676,-36.00000000000001,1.0361698840532483,-0.0025500000000000522,0.0,0.0,0.0,0.012750000000000261,0.0051000000000001044,NORMAL,51.39999999999998,-0.16540054404823418,3.89999999999997,12.99999999999999,-0.6611023034938003,3.000000000000009,0.0,0.1949999999999985,0.0,0.1000000000000003,0.07849999999999961,NORMAL
2019-06-18,1.614,-0.6999999999999895,2.703073299627275,-0.6600013617973589,-0.5299999999999997,-1.5899339786885855,-31.799999999999983,1.03678640513426,-0.0019565172500000116,0.0,0.0,0.0,0.009782586250000058,0.003913034500000023,NORMAL,51.4,-0.16525957860237572,3.8000000000000043,12.99999999999999,-0.6603138492512527,3.000000000000009,0.0,0.19000000000000022,0.0,0.1000000000000003,0.07700000000000012,NORMAL
2019-06-19,1.601,-1.3000000000000123,2.7003849628096384,-0.6614900544578625,-0.5549999999999999,-1.6648832506282583,-33.3,1.0379320541119332,-0.0008536792015613193,0.0,0.0,0.0,0.004268396007806596,0.0017073584031226385,NORMAL,51.10000000000001,-0.213937693752916,3.200000000000024,12.99999999999999,-0.6595282106269567,3.000000000000009,0.0,0.1600000000000012,0.0,0.1000000000000003,0.06800000000000042,NORMAL
2019-06-20,1.545,-5.600000000000005,2.865819438246515,-0.5698791046090769,-0.5716666666666667,-1.695438926235013,-34.3,1.042872610689506,0.0,0.0,0.0,0.0,-0.0,0.0,NORMAL,51.90000000000001,-0.08346185146327255,4.200000000000003,12.99999999999999,-0.658745370897848,3.000000000000009,0.0,0.21000000000000013,0.0,0.1000000000000003,0.0830000000000001,NORMAL
2019-06-21,1.569,2.400000000000002,2.984957903256011,-0.5039050208262156,-0.5600000000000002,-1.653332985963358,-33.60000000000001,1.0407451505636995,-0.0020399999999999308,0.0,0.0,0.0,0.010199999999999654,0.0040799999999998615,NORMAL,50.90000000000001,-0.2463881561631724,2.6000000000000227,11.99999999999998,-0.8783797194295924,2.0,0.0,0.13000000000000114,0.0,0.06666666666666667,0.052333333333333676,NORMAL
2019-06-24,1.563,-0.6000000000000005,2.986191906971679,-0.5032216792662975,-0.47000000000000003,-1.4420456281353176,-28.200000000000003,1.041275930590487,-0.0015310403999999611,0.0,0.0,0.0,0.0076552019999998056,0.0030620807999999222,NORMAL,50.90000000000001,-0.24617276746471597,2.6000000000000227,12.99999999999999,-0.6566389254047915,3.000000000000009,0.0,0.13000000000000114,0.0,0.1000000000000003,0.0590000000000004,NORMAL
2019-06-25,1.584,2.100000000000013,3.053259690370622,-0.4660822418835847,-0.37666666666666665,-1.160473070096828,-22.599999999999998,1.039417253054383,-0.003313307492885942,0.0,0.0,0.0,0.01656653746442971,0.006626614985771884,NORMAL,49.30000000000001,-0.5070812280558559,1.400000000000027,12.99999999999999,-0.6558654206650186,3.000000000000009,0.0,0.07000000000000135,0.0,0.1000000000000003,0.04100000000000047,NORMAL
2019-06-26,1.605,2.0999999999999908,3.132075148658171,-0.4224374152691666,-0.37999999999999995,-1.1723648704816991,-22.799999999999997,1.037561893257681,-0.005092393239011228,0.0,0.0,0.0,0.02546196619505614,0.010184786478022456,NORMAL,48.6,-0.6208206926274337,1.000000000000007,13.99999999999999,-0.4342684020969054,4.000000000000009,0.0,0.05000000000000036,0.0,0.13333333333333364,0.04166666666666684,NORMAL
2019-06-27,1.616,1.100000000000012,2.9948859920309436,-0.49840724510291,-0.4166666666666667,-1.3057131987254365,-25.0,1.036591772887485,-0.0060226318513327826,0.0,0.0,0.0,0.030113159256663913,0.012045263702665565,NORMAL,49.0,-0.5547928812147546,0.5999999999999801,13.99999999999999,-0.4338450204635914,4.000000000000009,0.0,0.029999999999999007,0.0,0.13333333333333364,0.03566666666666643,NORMAL
2019-06-28,1.596,-2.0000000000000018,3.006287271352282,-0.49209367578574764,-0.43333333333333335,-1.3539102232899747,-26.0,1.0383539789013938,-0.0043328703254799095,0.0,0.0,0.0,0.021664351627399547,0.008665740650959819,NORMAL,49.500000000000014,-0.4724827423541335,1.1000000000000156,13.99999999999999,-0.43342287508252764,4.000000000000009,0.0,0.055000000000000784,0.0,0.13333333333333364,0.043166666666666964,NORMAL
2019-07-01,1.608,1.200000000000001,2.7731987990310705,-0.6211686844365061,-0.46833333333333316,-1.4867019463612763,-28.09999999999999,1.0372948578429144,-0.005348450797747817,0.0,0.0,0.0,0.026742253988739084,0.010696901595495634,NORMAL,49.499999999999986,-0.4720102088623955,0.6999999999999673,13.99999999999999,-0.4330019599476721,5.000000000000009,0.0,0.034999999999998366,0.0,0.16666666666666696,0.043833333333332905,NORMAL
2019-07-02,1.586,-2.200000000000002,2.785087166735682,-0.6145853851895081,-0.48499999999999993,-1.5342757907899676,-29.099999999999994,1.0392345992270806,-0.0034884524007396944,0.0,0.0,0.0,0.017442262003698472,0.006976904801479389,NORMAL,49.499999999999986,-0.4715390907512518,-0.4000000000000057,13.99999999999999,-0.43258226909376235,3.000000000000009,0.0,0.0,0.0,0.1000000000000003,0.02000000000000006,NORMAL
2019-07-03,1.534,-5.200000000000005,2.9752487733226434,-0.5092815459613315,-0.5983333333333333,-1.8486120734406297,-35.9,1.0438280161556643,0.0,0.0,0.0,0.0,-0.0,0.0,NORMAL,49.6,-0.45469279534492446,-0.39999999999997726,13.99999999999999,-0.432163796595959,3.000000000000009,0.0,0.0,0.0,0.1000000000000003,0.02000000000000006,NORMAL
2019-07-04,1.523,-1.100000000000012,2.9296083805105924,-0.5345553573959925,-0.5750000000000004,-1.7847149945770615,-34.50000000000002,1.0448039953507697,0.0,0.0,0.0,0.0,-0.0,0.0,NORMAL,49.90000000000001,-0.40508109794276753,-0.899999999999963,12.99999999999999,-0.6534626211916943,2.000000000000009,0.0,0.0,0.0,0.06666666666666696,0.013333333333333391,NORMAL
2019-07-05,1.533,1.0000000000000009,2.9473047455527728,-0.5247558231326305,-0.5650000000000003,-1.7500510816791974,-33.90000000000002,1.0439159119547217,-0.0008499999999999064,0.0,0.0,0.0,0.004249999999999532,0.0016999999999998128,NORMAL,50.0,-0.388297338525737,-1.0000000000000213,12.99999999999999,-0.6527050737977309,2.000000000000009,0.0,0.0,0.0,0.06666666666666696,0.013333333333333391,NORMAL
2019-07-08,1.53,-0.29999999999998916,2.936785747431329,-0.530580820653965,-0.5683333333333332,-1.7607258423048708,-34.099999999999994,1.04418211051227,-0.0005952167500000716,0.0,0.0,0.0,0.002976083750000358,0.0011904335000001431,NORMAL,50.0,-0.3879349962654615,-1.5000000000000142,12.99999999999999,-0.6519501561334992,2.000000000000009,0.0,0.0,0.0,0.06666666666666696,0.013333333333333391,NORMAL
2019-07-09,1.538,0.8000000000000007,2.8964406469065844,-0.5529223124805995,-0.5483333333333333,-1.694588964986877,-32.9,1.0434720666771216,-0.0012748120026101484,0.0,0.0,0.0,0.006374060013050742,0.0025496240052202968,NORMAL,49.90000000000001,-0.40399720670958483,-1.1999999999999744,12.99999999999999,-0.6511978530150989,2.000000000000009,0.0,0.0,0.0,0.06666666666666696,0.013333333333333391,NORMAL
2019-07-10,1.562,2.400000000000002,2.41179121030517,-0.821301651874554,-0.5316666666666666,-1.6323708900745604,-31.899999999999995,1.0413433836611001,-0.003312211386124919,0.0,0.0,0.0,0.016561056930624596,0.006624422772249838,NORMAL,50.0,-0.387182615604233,-3.0,12.99999999999999,-0.6504481493811104,1.0000000000000089,0.0,0.0,0.0,0.03333333333333363,0.006666666666666727,NORMAL
2019-07-11,1.547,-1.5000000000000124,2.401994785041891,-0.8267265176476746,-0.6316666666666667,-2.007311201469192,-37.9,1.042671096475268,-0.0020414344556423103,0.0,0.0,0.0,0.010207172278211551,0.004082868911284621,NORMAL,50.09999999999999,-0.3703766990484109,-2.0999999999999943,12.99999999999999,-0.6497010302913238,1.0000000000000089,0.0,0.0,0.0,0.03333333333333363,0.006666666666666727,NORMAL
2019-07-12,1.569,2.200000000000002,2.4231123961159016,-0.8150324351179087,-0.605,-1.905099782748806,-36.3,1.040721301524859,-0.003907616973210293,0.0,0.0,0.0,0.019538084866051464,0.007815233946420586,NORMAL,50.30000000000001,-0.3371195961435082,-1.6000000000000014,12.99999999999999,-0.6489564809254903,1.0000000000000089,0.0,0.0,0.0,0.03333333333333363,0.006666666666666727,NORMAL
2019-07-15,1.582,1.3000000000000123,2.336546033875873,-0.862969400184111,-0.6083333333333333,-1.9177532677116969,-36.5,1.0395713044866741,-0.005008299056454946,0.0,0.0,0.0,0.02504149528227473,0.010016598112909891,NORMAL,50.30000000000001,-0.33681762309973545,-1.099999999999966,12.99999999999999,-0.6482144865820849,0.0,0.0,0.0,0.0,0.0,0.0,NORMAL
2019-07-16,1.573,-0.9000000000000119,2.3392475173372405,-0.8614734274417724,-0.5333333333333334,-1.7389319601552233,-32.00000000000001,1.0403665765346064,-0.004247130405233168,0.0,0.0,0.0,0.02123565202616584,0.008494260810466336,NORMAL,50.29999999999999,-0.3365164602344383,-1.1000000000000085,12.99999999999999,-0.6474750326770868,0.0,0.0,0.0,0.0,0.0,0.0,NORMAL
2019-07-17,1.546,-2.6999999999999913,2.394044145044337,-0.8311292618771237,-0.5883333333333333,-1.9090272604339351,-35.3,1.0427542178277533,-0.0019618775695131596,0.0,0.0,0.0,0.009809387847565798,0.003923755139026319,NORMAL,50.4,-0.31972106568075115,-0.70000000000001,17.99999999999999,0.4670445560449488,5.0,0.0,0.0,0.15568151868164962,0.16666666666666666,0.06446963706966326,NORMAL
2019-07-18,1.472,-7.400000000000007,2.6272408981366984,-0.7019942916961629,-0.7616666666666667,-2.362528176088075,-45.70000000000001,1.0493131418578898,0.0,0.0,0.0,0.0,-0.0,0.0,NORMAL,50.500000000000014,-0.3029315716837168,-1.3999999999999986,22.99999999999999,1.5782857566323452,10.0,0.0,0.0,0.5260952522107817,0.3333333333333333,0.171885717108823,NORMAL
2019-07-19,1.456,-1.6000000000000014,2.5569873309280076,-0.7408978878496103,-0.7783333333333334,-2.4120622717762044,-46.70000000000001,1.0507402077308166,0.0,0.0,0.0,0.0,-0.0,0.0,NORMAL,50.500000000000014,-0.30266726322484044,-0.3999999999999986,25.0,2.01579675656754,13.00000000000002,0.0,0.0,0.6719322521891801,0.43333333333333396,0.22105311710450282,NORMAL
2019-07-22,1.465,0.9000000000000119,2.577820376740176,-0.7293613861013745,-0.7449999999999998,-2.300517545970271,-44.69999999999998,1.0499363914719024,-0.0007650000000000157,0.0,0.0,0.0,0.0038250000000000783,0.0015300000000000313,NORMAL,50.4,-0.3189352059345105,-0.5000000000000142,25.0,2.0076727461510075,12.00000000000001,0.0,0.0,0.6692242487170025,0.40000000000000036,0.21384484974340057,NORMAL
2019-07-23,1.472,0.6999999999999895,2.5221962025604876,-0.7601638135742375,-0.6783333333333333,-2.108060234449291,-40.7,1.0493116793189767,-0.001359544825000003,0.0,0.0,0.0,0.006797724125000015,0.002719089650000006,NORMAL,50.4,-0.31865528836039797,1.0999999999999872,22.99999999999999,1.5598304215475238,10.0,0.0,0.05499999999999936,0.5199434738491746,0.3333333333333333,0.1871553614365014,NORMAL
2019-07-24,1.465,-0.6999999999999895,2.4432506388437814,-0.803880687335504,-0.6849999999999997,-2.129200425523281,-41.09999999999998,1.0499360197681715,-0.000765353754170861,0.0,0.0,0.0,0.0038267687708543052,0.001530707508341722,NORMAL,50.90000000000001,-0.23559532962446678,2.3000000000000114,24.0,1.7754474371212188,10.00000000000001,0.0,0.11500000000000057,0.5918158123737396,0.3333333333333337,0.21952982914141483,NORMAL
2019-07-25,1.431,-3.400000000000003,2.475750816472283,-0.7858833978652248,-0.7216666666666668,-2.2219711899191217,-43.300000000000004,1.0529703348653017,0.0,0.0,0.0,0.0,-0.0,0.0,NORMAL,50.69999999999999,-0.268536290961474,1.6999999999999886,25.0,1.9886989932647041,11.00000000000001,0.0,0.08499999999999944,0.662899664421568,0.36666666666666703,0.23141326621764685,NORMAL
2019-07-26,1.426,-0.5000000000000115,2.4641642118896847,-0.7922995928483504,-0.6983333333333335,-2.1540900091363993,-41.900000000000006,1.0534178472576194,0.0,0.0,0.0,0.0,-0.0,0.0,NORMAL,50.89999999999999,-0.2351450562875199,1.3999999999999773,25.0,1.9809046832547175,11.00000000000001,0.0,0.06999999999999887,0.6603015610849058,0.36666666666666703,0.22639364555031422,NORMAL
2019-07-29,1.412,-1.4000000000000012,2.418481472242234,-0.8175968542549946,-0.7883333333333334,-2.5071987953730477,-47.30000000000001,1.054671414495856,0.0,0.0,0.0,0.0,-0.0,0.0,NORMAL,51.09999999999999,-0.20175943211947064,1.6000000000000014,24.0,1.7550971697126467,10.00000000000001,0.0,0.08000000000000007,0.5850323899042156,0.3333333333333337,0.2076731446475099,NORMAL
2019-07-30,1.409,-0.29999999999998916,2.405317573955457,-0.8248864909681389,-0.8183333333333331,-2.6216003929459304,-49.09999999999999,1.0549403557065524,0.0,0.0,0.0,0.0,-0.0,0.0,NORMAL,51.10000000000001,-0.20159349981003416,1.6000000000000227,24.0,1.74944533190433,10.00000000000001,0.0,0.08000000000000114,0.5831484439681099,0.3333333333333337,0.20729635546028907,NORMAL
2019-07-31,1.39,-1.9000000000000128,2.1979895119715334,-0.939696421839545,-0.8250000000000001,-2.6402697091222347,-49.500000000000014,1.0566440843810185,0.0,0.0,0.0,0.0,-0.0,0.0,NORMAL,51.09999999999999,-0.20142797626096406,1.4999999999999858,26.0,2.1782328526379318,12.00000000000001,0.0,0.07499999999999929,0.7260776175459772,0.40000000000000036,0.24771552350919532,NORMAL
2019-08-01,1.41,2.0000000000000018,2.2776430569202146,-0.8955874965849906,-0.7799999999999999,-2.4684041494739577,-46.8,1.0548477894375707,-0.0017000000000000348,0.0,0.0,0.0,0.008500000000000174,0.0034000000000000696,NORMAL,51.30000000000001,-0.16799660107282177,1.3999999999999986,26.0,2.168405471165181,13.00000000000001,0.0,0.06999999999999992,0.722801823721727,0.4333333333333337,0.2522270314110121,NORMAL
2019-08-02,1.349,-6.099999999999994,2.557054226212164,-0.7408608439353609,-0.8533333333333334,-2.6024393956579774,-51.2,1.0603171752258045,0.0,0.0,0.0,0.0,-0.0,0.0,NORMAL,51.29999999999999,-0.16786074079991029,1.29999999999999,25.0,1.9429728797624866,12.00000000000001,0.0,0.0649999999999995,0.6476576265874955,0.40000000000000036,0.229031525317499,NORMAL
2019-08-05,1.253,-9.600000000000009,3.202511350076443,-0.3834326836457973,-1.0333333333333337,-2.8951846625045556,-62.000000000000014,1.068969363375647,0.0,0.0,0.0,0.0,-0.0,0.0,NORMAL,52.100000000000016,-0.03444828408248517,2.1000000000000156,24.0,1.7199917998225516,11.00000000000001,0.0,0.10500000000000079,0.5733305999408506,0.36666666666666703,0.21949945332150378,NORMAL
2019-08-06,1.256,0.30000000000001137,3.1864680992234087,-0.39231678984813234,-1.0300000000000002,-2.88427025411834,-61.80000000000001,1.0686967761879862,-0.0002550000000000052,0.0,0.0,0.0,0.0012750000000000261,0.0005100000000000104,NORMAL,52.49999999999999,0.03227155877743959,2.59999999999998,24.0,1.714660044200796,11.00000000000001,0.01075718625914653,0.129999999999999,0.571553348066932,0.36666666666666703,0.22987115882446346,NORMAL
2019-08-07,1.251,-0.5000000000000115,3.0677396101673122,-0.4580638454592242,-1.0283333333333338,-2.879297556521184,-61.700000000000024,1.0691509723178663,0.0,0.0,0.0,0.0,-0.0,0.0,NORMAL,52.49999999999999,0.03224627104355047,2.499999999999993,24.0,1.7093775858128042,11.00000000000001,0.010748757014516823,0.12499999999999964,0.5697925286042681,0.36666666666666703,0.22801646615854199,NORMAL
2019-08-08,1.27,1.9000000000000128,3.1636546155223417,-0.40494997833980184,-0.9916666666666667,-2.7524651685494113,-59.5,1.0674242934975728,-0.001615000000000033,0.0,0.0,0.0,0.008075000000000165,0.003230000000000066,NORMAL,52.6,0.048920442473922215,2.500000000000014,24.0,1.7041436696126582,11.00000000000001,0.01630681415797407,0.12500000000000072,0.5680478898708861,0.36666666666666703,0.22933495555490307,NORMAL
2019-08-09,1.286,1.6000000000000014,3.130541402646551,-0.42328674204087047,-0.8900000000000001,-2.4871481330929046,-53.400000000000006,1.0659725964584161,-0.0029728036000000735,0.0,0.0,0.0,0.014864018000000367,0.005945607200000147,NORMAL,52.100000000000016,-0.03468048510589823,1.8000000000000043,24.0,1.6989575566459074,11.00000000000001,0.0,0.09000000000000022,0.5663191855486358,0.36666666666666703,0.21359717044306065,NORMAL
2019-08-12,1.285,-0.10000000000001119,3.0819124274590175,-0.4502155100339892,-0.8950000000000002,-2.5026824542146713,-53.70000000000002,1.0660632041291151,-0.002888056288306018,0.0,0.0,0.0,0.01444028144153009,0.005776112576612036,NORMAL,52.400000000000006,0.015523494963538558,2.0999999999999943,24.0,1.6938185236113266,11.00000000000001,0.005174498321179519,0.10499999999999972,0.5646061745371088,0.36666666666666703,0.21930691773710898,NORMAL
2019-08-13,1.229,-5.599999999999983,3.2114269659910915,-0.37849557461655176,-1.0299999999999998,-2.850376802239781,-61.79999999999999,1.0711376649807696,0.0,0.0,0.0,0.0,-0.0,0.0,NORMAL,52.800000000000004,0.0824659958042287,2.500000000000014,24.0,1.6887258624371593,11.00000000000001,0.027488665268076234,0.12500000000000072,0.5629086208123865,0.36666666666666703,0.23166165707623382,NORMAL
2019-08-14,1.231,0.20000000000000018,3.230263961839327,-0.36806440495014836,-0.9983333333333333,-2.759748888794214,-59.9,1.0709555715777228,-0.00017000000000000348,0.0,0.0,0.0,0.0008500000000000174,0.00034000000000000696,NORMAL,52.89999999999999,0.09915294145816955,2.499999999999993,22.99999999999999,1.469773440955112,5.0,0.033050980486056515,0.12499999999999964,0.48992448031837066,0.16666666666666666,0.1787335235428243,NORMAL
2019-08-16,1.172,-5.900000000000016,3.102800093633595,-0.4386487617288119,-1.0933333333333337,-2.9504794946226904,-65.60000000000001,1.076326413769185,0.0,0.0,0.0,0.0,-0.0,0.0,NORMAL,53.099999999999994,0.13260365418151196,2.59999999999998,22.99999999999999,1.4661728146062503,0.0,0.044201218060503984,0.129999999999999,0.48872427153541675,0.0,0.15000521972523426,NORMAL
2019-08-19,1.184,1.200000000000001,3.1606794739172965,-0.4065974919409002,-1.04,-2.7943170507912574,-62.40000000000001,1.0752285608271404,-0.001020000000000132,0.0,0.0,0.0,0.0051000000000006596,0.002040000000000264,NORMAL,53.49999999999999,0.19960500575119827,2.9999999999999787,22.99999999999999,1.4625985332666491,-2.0000000000000107,0.06653500191706609,0.14999999999999894,0.4875328444222164,0.0,0.1624670694595628,NORMAL
2019-08-20,1.198,1.4000000000000012,3.1814056807114635,-0.3951201533380377,-0.9900000000000001,-2.6452085337315046,-59.400000000000006,1.0739490388397561,-0.00220878620000009,0.0,0.0,0.0,0.011043931000000451,0.00441757240000018,NORMAL,53.49999999999999,0.19944453274550442,3.0999999999999943,22.99999999999999,1.4590502772017973,-2.0000000000000107,0.06648151091516814,0.15499999999999972,0.48635009240059907,0.0,0.1637144717546702,NORMAL
2019-08-21,1.277,7.899999999999996,3.775666549728253,-0.06604241712358515,-0.8666666666666667,-2.156499548962817,-52.0,1.0667374710439472,-0.008908954200666952,0.0,0.0,0.0,0.04454477100333476,0.017817908401333904,NORMAL,52.90000000000001,0.09847408906535547,2.500000000000014,22.99999999999999,1.4555277320835582,0.0,0.03282469635511849,0.12500000000000072,0.48517591069451943,0.0,0.14438259104543966,NORMAL
2019-08-22,1.229,-4.799999999999982,3.8700741186972802,-0.01376330756478365,-0.9399999999999997,-2.3090182337425,-56.399999999999984,1.0710897599258067,-0.004865302733805588,0.0,0.0,0.0,0.024326513669027938,0.009730605467611175,NORMAL,52.800000000000004,0.0815822346402116,1.8999999999999915,22.99999999999999,1.4520305888732021,-1.0000000000000107,0.027194078213403864,0.09499999999999957,0.4840101962910674,0.0,0.13346026272223452,NORMAL
2019-08-23,1.261,3.1999999999999806,3.951348870289339,0.031243376636984094,-0.8000000000000005,-1.9687898433786506,-48.00000000000002,1.0681763957788086,-0.00757206911036945,0.010414458878994698,0.0,0.0,0.03786034555184725,0.01722702999653784,NORMAL,52.2,-0.019451434885562956,1.5000000000000142,22.99999999999999,1.4485585437075135,-2.0000000000000107,0.0,0.0750000000000007,0.4828528479025045,0.0,0.11907056958050112,NORMAL
2019-08-26,1.191,-6.999999999999984,4.18164850394271,0.15877403875017096,-0.9166666666666667,-2.1877531957917737,-55.00000000000001,1.0745320453336924,-0.0016671229215763361,0.05292467958339032,0.0,0.0,0.00833561460788168,0.013919181759830736,NORMAL,52.69999999999999,0.06477078890763249,1.7999999999999972,22.99999999999999,1.4451112977878864,-2.0000000000000107,0.021590262969210832,0.08999999999999986,0.4817037659292955,0.0,0.1298178320766223,NORMAL
2019-08-27,1.238,4.699999999999993,4.382032693433011,0.2697387326896153,-0.74,-1.7592753753762864,-44.39999999999999,1.0702392898125843,-0.005655462765504549,0.08991291089653843,0.0,0.0,0.028277313827522743,0.029293507710316784,NORMAL,52.400000000000006,0.014157738270759201,1.3000000000000185,22.99999999999999,1.4416885572723053,-1.0000000000000107,0.004719246090253067,0.06500000000000092,0.48056285242410174,0.0,0.11702834431189656,NORMAL
2019-08-28,1.244,0.6000000000000005,4.392802126924882,0.27570241123314865,-0.7450000000000002,-1.772429908984973,-44.7,1.0696934677747798,-0.006162578479494307,0.09190080374438288,0.0,0.0,0.030812892397471536,0.03070531770786519,NORMAL,52.100000000000016,-0.03645541940313373,1.000000000000007,22.99999999999999,1.4382900331701323,-1.0000000000000107,0.0,0.05000000000000036,0.47943001105671074,0.0,0.11088600221134226,NORMAL
2019-08-29,1.248,0.40000000000000036,4.3932843486873265,0.27596944622436587,-0.7266666666666666,-1.7270345136740037,-43.599999999999994,1.0693297719957364,-0.006500483202811158,0.09198981540812196,0.0,0.0,0.03250241601405579,0.03139892948724671,NORMAL,52.400000000000006,0.01421372787847443,1.3000000000000185,22.99999999999999,1.4349154412396092,-3.0000000000000107,0.00473790929282481,0.06500000000000092,0.47830514707986976,0.0,0.11658240220382168,NORMAL
2019-08-30,1.276,2.8000000000000025,4.422799780086909,0.2923139034396587,-0.6299999999999998,-1.48934131639305,-37.79999999999999,1.0667847671383865,-0.008865012052788557,0.09743796781321956,0.0,0.0,0.044325060263942784,0.03721761766822103,NORMAL,52.500000000000014,0.031096250311155847,1.2000000000000028,22.99999999999999,1.431564501887995,-3.0000000000000107,0.010365416770385282,0.060000000000000143,0.47718816729599833,0.0,0.1165472584903153,NORMAL
2019-09-02,1.344,6.800000000000006,4.528607895775941,0.35090617663050816,-0.5199999999999998,-1.1802074274625092,-31.19999999999998,1.0606187511843266,-0.01459377228312353,0.11696872554350272,0.0,0.0,0.07296886141561765,0.0525812896749476,NORMAL,50.69999999999999,-0.27322626718696136,-0.6000000000000014,22.99999999999999,1.428236940074256,-2.0000000000000107,0.0,0.0,0.476078980024752,0.0,0.0952157960049504,NORMAL
2019-09-03,1.331,-1.3000000000000123,3.9480708147011137,0.02942812147144854,-0.5500000000000002,-1.2487379501097136,-33.00000000000001,1.0617907349043851,-0.01350489840149649,0.00980937382381618,0.0,0.0,0.06752449200748245,0.028971671567756214,NORMAL,50.6,-0.2899179719772308,-1.5000000000000142,22.99999999999999,1.4249324852142389,-1.0000000000000107,0.0,0.0,0.47497749507141296,0.0,0.0949954990142826,NORMAL
2019-09-04,1.344,1.3000000000000123,3.9531999030765177,0.032268404046699416,-0.5599999999999998,-1.2738429761453456,-33.59999999999999,1.0606174561423158,-0.014594975488762763,0.010756134682233139,0.0,0.0,0.07297487744381381,0.03134117791397215,NORMAL,50.0,-0.3912331315434062,-2.499999999999993,21.99999999999999,1.209873874197831,-2.0000000000000107,0.0,0.0,0.403291291399277,0.0,0.0806582582798554,NORMAL
2019-09-05,1.367,2.299999999999991,3.9677117891935194,0.04030450213184852,-0.38833333333333353,-0.9167489689912199,-23.30000000000001,1.0585439490155575,-0.0165214423116824,0.013434834043949505,0.0,0.0,0.082607211558412,0.0357298514321547,NORMAL,50.10000000000001,-0.3739551470658699,-2.3999999999999844,18.99999999999999,0.5711759633917013,-5.000000000000011,0.0,0.0,0.19039198779723376,0.0,0.03807839755944675,NORMAL
2019-09-06,1.381,1.4000000000000012,3.960525616366432,0.0363250890335298,-0.38666666666666666,-0.912564839671321,-23.2,1.057284281716229,-0.017691781795331485,0.0121083630111766,0.0,0.0,0.08845890897665742,0.03780523619289829,NORMAL,50.4,-0.3227892749326556,-2.200000000000003,17.99999999999999,0.3580530261420879,-6.000000000000011,0.0,0.0,0.1193510087140293,0.0,0.023870201742805863,NORMAL
2019-09-09,1.353,-2.8000000000000025,4.021164403241269,0.06990440706027005,-0.3966666666666666,-0.9343078513637704,-23.799999999999997,1.0598006183067137,-0.015353888236004254,0.023301469020090018,0.0,0.0,0.07676944118002127,0.03536807027602651,NORMAL,50.69999999999999,-0.27163820444696835,-1.400000000000027,17.99999999999999,0.3577472864532722,-6.000000000000011,0.0,0.0,0.11924909548442407,0.0,0.023849819096884814,NORMAL
2019-09-10,1.37,1.7000000000000126,4.031047271524255,0.07537714149632932,-0.41833333333333317,-0.9909242438238098,-25.099999999999987,1.0582692064132604,-0.016776701867503352,0.025125713832109774,0.0,0.0,0.08388350933751676,0.03857854650142866,NORMAL,50.6,-0.2883905762871975,-1.8000000000000043,17.99999999999999,0.3574423287954968,-6.000000000000011,0.0,0.0,0.11914744293183227,0.0,0.023829488586366455,NORMAL
2019-09-11,1.397,2.6999999999999913,3.7986701274053916,-0.05330396224374307,-0.36166666666666686,-0.8503493710325497,-21.70000000000001,1.0558404785845419,-0.019033199336717432,0.0,0.0,0.0,0.09516599668358716,0.038066398673434865,NORMAL,50.6,-0.28815487833559084,-2.200000000000003,17.99999999999999,0.35713814984001585,-6.000000000000011,0.0,0.0,0.11904604994667195,0.0,0.02380920998933439,NORMAL
2019-09-16,1.536,13.900000000000002,4.784500743904326,0.49260933018810626,-0.10833333333333327,-0.22252359666654992,-6.499999999999995,1.0433657233300655,-0.03062332208655416,0.16420311006270208,0.0,0.0,0.1531166104327708,0.09408726618564875,NORMAL,50.2,-0.35590150824478833,-2.6999999999999886,17.99999999999999,0.3568347462778905,-5.0,0.0,0.0,0.11894491542596351,0.0,0.023788983085192703,NORMAL
2019-09-17,1.5,-3.600000000000003,4.621505792431042,0.40234929046185336,-0.07499999999999989,-0.15573753611091645,-4.499999999999993,1.0465584224434556,-0.02765702945213888,0.1341164301539511,0.0,0.0,0.1382851472606944,0.08213734493506798,NORMAL,50.70000000000001,-0.2705653865539831,-2.3999999999999844,17.99999999999999,0.35653211481983604,-5.0,0.0,0.0,0.11884403827327868,0.0,0.023768807654655735,NORMAL
2019-09-18,1.468,-3.200000000000003,4.746588802830711,0.4716152240733245,-0.1683333333333333,-0.34888251654440894,-10.099999999999998,1.0494050613525019,-0.025012256572248703,0.15720507469110817,0.0,0.0,0.12506128286124352,0.08146552808271904,NORMAL,50.70000000000001,-0.27034728156078225,-2.799999999999983,17.99999999999999,0.3562302521960715,-5.0,0.0,0.0,0.1187434173986905,0.0,0.023748683479738103,NORMAL
2019-09-19,1.463,-0.49999999999998934,4.765984186205183,0.4823556062634605,-0.16666666666666644,-0.34544426792673283,-9.999999999999986,1.0498510585035765,-0.024597886781292044,0.16078520208782018,0.0,0.0,0.12298943390646022,0.08135281398014813,NORMAL,50.6,-0.28716124176889724,-2.8999999999999915,16.99999999999999,0.1423188216676443,-6.0,0.0,0.0,0.04743960722254811,0.0,0.009487921444509622,NORMAL
2019-09-20,1.455,-0.8000000000000007,4.525239162042621,0.3490407075601583,-0.215,-0.44694764168035767,-12.9,1.050564957223359,-0.023934613344303246,0.11634690252005277,0.0,0.0,0.11967306672151623,0.07113860719261705,NORMAL,50.4,-0.321013966150363,-2.500000000000014,16.99999999999999,0.14221009372409754,-6.0,0.0,0.0,0.04740336457469918,0.0,0.009480672914939836,NORMAL
2019-09-23,1.462,0.6999999999999895,4.3238962692655365,0.23754512235096242,-0.23833333333333334,-0.49683676633297547,-14.3,1.0499398710738113,-0.024515372249363288,0.07918170745032081,0.0,0.0,0.12257686124681644,0.06486708598879073,NORMAL,50.6,-0.2866406351994672,-2.200000000000003,16.99999999999999,0.14210161460548965,-6.0,0.0,0.0,0.04736720486849655,0.0,0.00947344097369931,NORMAL
2019-09-24,1.454,-0.8000000000000007,4.3173182465629365,0.23390247829916685,-0.27000000000000024,-0.5633813873110624,-16.200000000000014,1.0506538301861414,-0.02385204270249286,0.07796749276638895,0.0,0.0,0.1192602135124643,0.06329758395826351,NORMAL,50.4,-0.32054112773700777,-1.8000000000000043,16.99999999999999,0.14199338336416975,-6.0,0.0,0.0,0.047331127788056586,0.0,0.009466225557611318,NORMAL
2019-09-25,1.424,-3.0000000000000027,4.010679821623632,0.06409846801266628,-0.28666666666666696,-0.5965302446836175,-17.200000000000017,1.0533329974531163,-0.021362865411384102,0.021366156004222092,0.0,0.0,0.10681432705692051,0.046998962023612624,NORMAL,50.29999999999999,-0.3373545261886206,-2.3999999999999986,16.99999999999999,0.1418853990575302,-6.0,0.0,0.0,0.04729513301917673,0.0,0.009459026603835347,NORMAL
2019-09-26,1.433,0.9000000000000119,3.9234618172704283,0.01580064978818613,-0.2916666666666668,-0.6072333290417576,-17.500000000000004,1.0525271977100645,-0.022111522819344476,0.00526688326272871,0.0,0.0,0.11055761409672238,0.04527642229123469,NORMAL,50.500000000000014,-0.30289780542511774,-1.8999999999999915,16.99999999999999,0.14177766074797635,-6.0,0.0,0.0,0.04725922024932545,0.0,0.00945184404986509,NORMAL
2019-09-27,1.438,0.49999999999998934,3.92402854219997,0.016114479230091787,-0.24666666666666692,-0.5145348686344451,-14.800000000000013,1.0520798736510377,-0.0225271254221463,0.005371493076697262,0.0,0.0,0.1126356271107315,0.04612854945963205,NORMAL,50.500000000000014,-0.30265199682723837,-1.6000000000000014,16.99999999999999,0.14167016750288874,-6.0,0.0,0.0,0.04722338916762958,0.0,0.009444677833525917,NORMAL
2019-09-30,1.456,1.8000000000000016,3.9258120179142586,0.01710209625360967,-0.1300000000000001,-0.2747711337231256,-7.800000000000007,1.0504701914443515,-0.02402265892025046,0.005700698751203223,0.0,0.0,0.12011329460125231,0.04918545759074157,NORMAL,50.30000000000001,-0.33663026311265126,-2.0999999999999943,16.99999999999999,0.1415629183945927,-6.0,0.0,0.0,0.047187639464864234,0.0,0.009437527892972848,NORMAL
2019-10-01,1.498,4.200000000000004,3.9710664085422516,0.04216215522445151,-0.04166666666666652,-0.08711963121004462,-2.499999999999991,1.046720012860895,-0.02750689802790529,0.014054051741483838,0.0,0.0,0.13753449013952646,0.05782460640410735,NORMAL,50.10000000000001,-0.3705968793454156,-2.4000000000000057,16.99999999999999,0.14145591250031953,-6.0,0.0,0.0,0.04715197083343984,0.0,0.009430394166687969,NORMAL
2019-10-02,1.497,-0.09999999999998899,3.7439459903886685,-0.08360798538352676,-0.059999999999999686,-0.125537708541093,-3.599999999999981,1.046808984061988,-0.027424236114237832,0.0,0.0,0.0,0.13712118057118916,0.054848472228475664,NORMAL,50.30000000000001,-0.33601852726733544,-0.39999999999997726,16.99999999999999,0.1413491489021791,-6.0,0.0,0.0,0.04711638296739303,0.0,0.009423276593478608,NORMAL
2019-10-04,1.373,-12.400000000000011,4.752938149464141,0.4751312365276308,-0.2616666666666667,-0.5028884761470914,-15.700000000000003,1.0578423507540013,-0.017173287562881945,0.1583770788425436,0.0,0.0,0.08586643781440972,0.0660219908942726,NORMAL,50.70000000000001,-0.26715898838929,0.10000000000000853,16.99999999999999,0.14124262668712168,-6.0,0.0,0.005000000000000426,0.04708087556237389,0.0,0.010916175112474906,NORMAL
2019-10-07,1.386,1.29999999999999,4.752938149464141,0.4751312365276308,-0.2533333333333336,-0.48654115765511474,-15.200000000000014,1.0566734349564182,-0.018259311080124907,0.1583770788425436,0.0,0.0,0.09129655540062454,0.06819403792875853,NORMAL,50.6,-0.2841060194103746,0.6000000000000014,16.99999999999999,0.14113634494690966,-5.0,0.0,0.030000000000000072,0.047045448315636555,0.0,0.018409089663127334,NORMAL
2019-10-08,1.429,4.300000000000015,4.819794710631524,0.5121537075451932,-0.22166666666666668,-0.4227317476467079,-13.3,1.0528112935516525,-0.021847573298127143,0.17071790251506438,0.0,0.0,0.10923786649063572,0.07783872709926717,NORMAL,50.2,-0.35255555748748535,0.09999999999999432,16.99999999999999,0.14103030277808007,-2.0,0.0,0.004999999999999716,0.04701010092602669,0.0,0.010902020185205254,NORMAL
2019-10-10,1.459,3.0000000000000027,4.852009892817619,0.5299931780172707,-0.14666666666666645,-0.27850200212862114,-8.799999999999986,1.0501266247530958,-0.024341861986216795,0.1766643926724236,0.0,0.0,0.12170930993108398,0.08401660250691831,NORMAL,50.29999999999999,-0.3350844949780424,-0.10000000000000853,16.99999999999999,0.14092449928191686,-1.0,0.0,0.0,0.04697483309397229,0.0,0.009394966618794458,NORMAL
2019-10-11,1.488,2.8999999999999915,4.822084611451777,0.5134217623968126,-0.13499999999999995,-0.25585802480462094,-8.099999999999996,1.0475380626230795,-0.026746859296420733,0.1711405874656042,0.0,0.0,0.13373429648210367,0.08772183608596232,NORMAL,50.4,-0.3176195245976655,-0.29999999999999005,16.99999999999999,0.14081893356441666,-1.0,0.0,0.0,0.04693964452147222,0.0,0.009387928904294445,NORMAL
2019-10-14,1.488,0.0,4.818047213069674,0.5111860137735246,-0.15666666666666682,-0.2972338485411334,-9.40000000000001,1.0475380626230795,-0.026746859296420733,0.1703953379245082,0.0,0.0,0.13373429648210367,0.08757278617774311,NORMAL,50.6,-0.28295661903884695,0.0,16.99999999999999,0.14071360473625705,-1.0,0.0,0.0,0.04690453491208568,0.0,0.009380906982417137,NORMAL
2019-10-15,1.499,1.100000000000012,4.794393655752083,0.4980876263458448,-0.12333333333333306,-0.2338784831564383,-7.399999999999984,1.046558614534527,-0.027656850982978542,0.16602920878194827,0.0,0.0,0.1382842549148927,0.08851954372234674,NORMAL,51.0,-0.21386897485626447,0.3999999999999986,16.99999999999999,0.14060851191276683,-1.0,0.0,0.019999999999999928,0.04686950397092227,0.0,0.015373900794184433,NORMAL
2019-10-16,1.53,3.0999999999999917,3.687261143022302,-0.11499777095000442,-0.02666666666666669,-0.05048658689330104,-1.6000000000000014,1.0438009325852284,-0.03021897518063843,0.0,0.0,0.0,0.15109487590319215,0.06043795036127686,NORMAL,50.69999999999999,-0.265390066001562,0.4999999999999858,33.99999999999998,3.7775475949179174,15.99999999999999,0.0,0.02499999999999929,1.0,0.533333333333333,0.31416666666666637,WARNING
2019-10-17,1.578,4.800000000000004,3.737280181882911,-0.08729924167765726,0.1766666666666668,0.340303748407892,10.600000000000009,1.0395422247802808,-0.03417568176190133,0.0,0.11343458280263068,0.10600000000000008,0.17087840880950667,0.11223828008432882,NORMAL,50.4,-0.3168994745136708,-0.30000000000001137,32.99999999999998,3.5279612069339445,14.99999999999999,0.0,0.0,1.0,0.49999999999999967,0.29999999999999993,NORMAL
2019-10-18,1.587,0.8999999999999897,3.6412078678430504,-0.14050022001134613,0.21833333333333335,0.42116872900419167,13.100000000000001,1.0387469749783238,-0.03491453736535355,0.0,0.14038957633473056,0.131,0.17457268682676774,0.12410698999765321,NORMAL,50.499999999999986,-0.2993952063541473,-0.20000000000002416,31.99999999999998,3.2867046953481016,13.99999999999999,0.0,0.0,1.0,0.4666666666666663,0.2933333333333333,NORMAL
2019-10-21,1.66,7.299999999999995,3.9244543703887276,0.0163502857313754,0.3249999999999997,0.6113822171263836,19.499999999999986,1.0323015499985833,-0.040902892661001555,0.0054500952437918,0.2037940723754612,0.19499999999999987,0.20451446330500778,0.1626546188458537,NORMAL,50.4,-0.31641913861758264,-0.20000000000000284,30.99999999999998,3.0524580485709594,13.99999999999999,0.0,0.0,1.0,0.4666666666666663,0.2933333333333333,NORMAL
2019-10-22,1.655,-0.49999999999998934,3.9178404362876433,0.012687755393381902,0.30500000000000005,0.5736107727572315,18.300000000000004,1.0327402781573325,-0.04049527639038264,0.004229251797793967,0.19120359091907715,0.18300000000000005,0.2024763819519132,0.15667712132413952,NORMAL,50.6,-0.2816199127960874,0.20000000000000284,28.999999999999982,2.6179220368714113,11.999999999999993,0.0,0.010000000000000142,0.8726406789571372,0.39999999999999974,0.2575281357914274,NORMAL
2019-10-23,1.654,-0.10000000000001119,3.9251416333815636,0.016730864298227108,0.3149999999999997,0.5926700004235511,18.899999999999984,1.032828061080976,-0.04041371848887587,0.005576954766075702,0.19755666680785036,0.18899999999999983,0.20206859244437936,0.15925416129253694,NORMAL,50.6,-0.2813992284270957,0.0,28.999999999999982,2.603069632805252,11.999999999999993,0.0,0.0,0.8676898776017506,0.39999999999999974,0.25353797552035007,NORMAL
2019-10-24,1.641,-1.29999999999999,3.9385109395623945,0.024134247630575402,0.35,0.6622634992671281,20.999999999999996,1.0339693360884703,-0.039353375647806055,0.0080447492101918,0.22075449975570938,0.20999999999999996,0.19676687823903027,0.16646660108879235,NORMAL,50.90000000000001,-0.22928742774909866,0.5000000000000142,27.99999999999998,2.3834857534933698,10.99999999999999,0.0,0.02500000000000071,0.7944952511644566,0.3666666666666663,0.23973238356622478,NORMAL
2019-10-25,1.677,3.600000000000003,3.8673090059327357,-0.015294515652638214,0.41833333333333356,0.7877633612739982,25.100000000000012,1.0308053899200396,-0.042292954318323805,0.0,0.26258778709133274,0.2510000000000001,0.21146477159161903,0.18730346605491419,NORMAL,50.8,-0.24642220545405075,0.5000000000000071,27.99999999999998,2.372001606821078,10.99999999999999,0.0,0.025000000000000355,0.7906672022736926,0.3666666666666663,0.2389667737880719,NORMAL
2019-10-28,1.765,8.799999999999986,4.215809842910252,0.17769121246900071,0.5883333333333333,1.0733860939431905,35.3,1.0230949656034376,-0.04945660302002286,0.05923040415633357,0.35779536464773015,0.353,0.2472830151001143,0.25291835980085847,NORMAL,49.499999999999986,-0.47137295090601183,-1.0000000000000284,20.99999999999999,0.9251080238660273,4.0,0.0,0.0,0.30836934128867577,0.13333333333333333,0.08834053492440183,NORMAL
2019-10-29,1.777,1.200000000000001,4.208572079383747,0.17368323051908954,0.6133333333333332,1.11923553320394,36.79999999999999,1.0220514087385222,-0.050426157284942374,0.05789441017302985,0.37307851106798,0.3679999999999999,0.2521307864247119,0.2606468988180867,NORMAL,49.499999999999986,-0.47095702096023784,-1.0000000000000284,20.99999999999999,0.923868375664506,4.0,0.0,0.0,0.307956125221502,0.13333333333333333,0.08825789171096707,NORMAL
2019-10-30,1.753,-2.400000000000002,4.306699187862655,0.22802207125907584,0.6050000000000001,1.1025985472248905,36.3,1.0241363936123489,-0.04848902664580357,0.07600735708635861,0.3675328490749635,0.363,0.24244513322901784,0.2582860945238715,NORMAL,50.0,-0.38386152113199373,-0.30000000000001137,20.99999999999999,0.922633699917212,4.0,0.0,0.0,0.30754456663907065,0.13333333333333333,0.08817557999448081,NORMAL
2019-10-31,1.728,-2.499999999999991,4.344809365329236,0.24912595270458132,0.53,0.9625959900028596,31.800000000000004,1.026312683448775,-0.04646706582742599,0.08304198423486044,0.3208653300009532,0.31800000000000006,0.23233532913712995,0.23731559450201473,NORMAL,50.70000000000001,-0.2620960742990423,0.6000000000000014,20.99999999999999,0.9214039634633645,4.0,0.0,0.030000000000000072,0.30713465448778815,0.13333333333333333,0.09709359756422432,NORMAL
2019-11-01,1.732,0.40000000000000036,4.338672486760026,0.24572759650737805,0.6383333333333333,1.1842472828715442,38.3,1.0259637371364023,-0.04679126702504477,0.08190919883579269,0.39474909429051475,0.38299999999999995,0.23395633512522385,0.26551419267535104,NORMAL,50.89999999999999,-0.22716840092938786,0.5999999999999801,20.99999999999999,0.920179133450991,4.0,0.0,0.029999999999999007,0.306726377816997,0.13333333333333333,0.09701194223006578,NORMAL
2019-11-04,1.827,9.499999999999996,3.392732170234981,-0.2780960543264274,0.9566666666666668,1.8034349614922933,57.400000000000006,1.0176790799590258,-0.05448842754381755,0.0,0.6011449871640978,0.5740000000000001,0.27244213771908776,0.3440058525204547,WARNING,50.29999999999999,-0.33124314789248993,-0.4000000000000199,18.99999999999999,0.5064587410033065,2.0,0.0,0.0,0.16881958033443548,0.06666666666666667,0.047097249400220434,NORMAL
2019-11-05,1.817,-1.0000000000000009,3.4655408934552367,-0.23777751567920322,0.9349999999999999,1.7596174409757102,56.099999999999994,1.018544107176991,-0.05368474270722978,0.0,0.5865391469919033,0.5609999999999999,0.2684237135361489,0.3368773148128402,WARNING,50.39999999999998,-0.31359511053995026,-0.20000000000002416,15.99999999999999,-0.11368498337098216,-1.0,0.0,0.0,0.0,0.0,0.0,NORMAL
2019-11-06,1.82,0.30000000000001137,3.450625420046875,-0.24603710415237903,0.9483333333333337,1.7861998660570513,56.90000000000002,1.018284378429661,-0.05392605309783938,0.0,0.5953999553523505,0.5690000000000002,0.2696302654891969,0.3407320972661489,WARNING,50.29999999999999,-0.3307444952451138,0.09999999999998721,14.999999999999991,-0.3203208397502043,-1.9999999999999982,0.0,0.004999999999999361,0.0,0.0,0.0014999999999998081,NORMAL
2019-11-07,1.822,0.20000000000000018,3.4627757347933565,-0.23930874918315384,0.92,1.7331756738135542,55.2,1.0181112700853279,-0.0540868856688127,0.0,0.577725224604518,0.552,0.2704344283440635,0.334118816258529,WARNING,50.70000000000001,-0.2608517492474646,0.4000000000000199,12.99999999999999,-0.7335571244467665,-4.0,0.0,0.020000000000000996,0.0,0.0,0.0060000000000002985,NORMAL
2019-11-08,1.803,-1.9000000000000128,3.5488878910382455,-0.19162330510453204,0.8616666666666665,1.6173860064090018,51.69999999999999,1.0197555197865156,-0.05255923598916801,0.0,0.5391286688030006,0.5169999999999999,0.26279617994584004,0.3163442057389361,WARNING,50.500000000000014,-0.2954922897439602,0.10000000000001563,12.99999999999999,-0.7327517271753016,-4.0,0.0,0.005000000000000782,0.0,0.0,0.0015000000000002344,NORMAL
2019-11-11,1.788,-1.4999999999999902,3.5994151571726483,-0.16364334003611922,0.8383333333333335,1.5699829147440207,50.30000000000001,1.0210557080742433,-0.05135124901505428,0.0,0.5233276382480069,0.5030000000000001,0.2567562450752714,0.30796802567970993,WARNING,51.10000000000001,-0.19067293304910776,0.5000000000000071,11.99999999999998,-0.9386491272535867,-5.000000000000009,0.0,0.025000000000000355,0.0,0.0,0.007500000000000106,NORMAL
2019-11-12,1.842,5.400000000000005,3.7012480114287474,-0.10725240652858821,1.0216666666666667,1.9351644962116477,61.3,1.0163690623741826,-0.055705546782075066,0.0,0.6450548320705493,0.613,0.27852773391037533,0.36302205997826,WARNING,50.0,-0.38240339656084527,-1.0,11.99999999999998,-0.9373923859480153,-5.000000000000009,0.0,0.0,0.0,0.0,0.0,NORMAL
2019-11-13,1.787,-5.500000000000016,4.017890910467961,0.06809167859787489,0.9266666666666663,1.7195901689240551,55.59999999999998,1.0211205877407818,-0.05129097021328133,0.02269722619929163,0.573196722974685,0.5559999999999998,0.25645485106640664,0.332960730261358,WARNING,50.500000000000014,-0.29483013801857555,-0.19999999999997442,11.99999999999998,-0.9361406814258275,-22.0,0.0,0.0,0.0,0.0,0.0,NORMAL
2019-11-14,1.785,-0.20000000000000018,3.942517897032435,0.0263531393027297,1.0216666666666667,1.9396516949227836,61.3,1.0212941782406977,-0.05112968967821763,0.008784379767576567,0.6465505649742612,0.613,0.25564844839108813,0.35592636830480284,WARNING,50.10000000000001,-0.3644586356828867,-0.29999999999999005,11.99999999999998,-0.9348939801256007,-21.0,0.0,0.0,0.0,0.0,0.0,NORMAL
2019-11-15,1.79,0.5000000000000115,3.9442529811039466,0.02731395898338522,1.0100000000000002,1.9172757308792556,60.60000000000001,1.0208601282149454,-0.0515329595601044,0.00910465299446174,0.6390919102930852,0.6060000000000001,0.257664797800522,0.3539052317777182,WARNING,50.60000000000002,-0.27679114685140205,0.10000000000003695,11.99999999999998,-0.9336522487981875,-20.0,0.0,0.005000000000001848,0.0,0.0,0.0015000000000005543,NORMAL
2019-11-18,1.781,-0.9000000000000119,3.673443100216243,-0.1226496465531476,0.9716666666666666,1.8413168616550795,58.3,1.0216410862130298,-0.05080738227416792,0.0,0.6137722872183599,0.583,0.2540369113708396,0.3409692219920078,WARNING,50.500000000000014,-0.2940675969337112,0.10000000000001563,11.99999999999998,-0.93241545450299,-19.0,0.0,0.005000000000000782,0.0,0.0,0.0015000000000002344,NORMAL
2019-11-19,1.734,-4.699999999999993,3.8554779893439663,-0.021846056161420848,0.7616666666666668,1.4570873079215565,45.70000000000001,1.025722542352451,-0.04701535776635313,0.0,0.4856957693071855,0.4570000000000001,0.23507678883176564,0.2825698693941434,NORMAL,51.0,-0.20634515952189067,0.3999999999999986,11.99999999999998,-0.9311835646042844,-17.0,0.0,0.019999999999999928,0.0,0.0,0.0059999999999999784,NORMAL
2019-11-20,1.671,-6.2999999999999945,4.1363949470396,0.13371444146259215,0.7366666666666666,1.3956942769380265,44.199999999999996,1.0312152865667483,-0.04191212500719199,0.044571480487530714,0.46523142564600883,0.44199999999999995,0.20956062503595996,0.2741848312410919,NORMAL,51.500000000000014,-0.11863046561733556,0.9000000000000128,11.99999999999998,-0.9299565467676049,-17.0,0.0,0.04500000000000064,0.0,0.0,0.01350000000000019,NORMAL
2019-11-21,1.672,0.09999999999998899,4.123549186651815,0.12660097670533887,0.685,1.3016545962911468,41.1,1.0311276332673902,-0.04199356247656627,0.042200325568446294,0.43388486543038224,0.41100000000000003,0.20996781238283135,0.2614041631528983,NORMAL,51.6,-0.10102033462672821,0.6999999999999886,11.99999999999998,-0.9287343689561792,-15.999999999999998,0.0,0.034999999999999434,0.0,0.0,0.01049999999999983,NORMAL
2019-11-22,1.687,1.5000000000000124,4.057416860386343,0.08997955780888117,0.8266666666666667,1.6208944948205821,49.6,1.0298129455349743,-0.043215020684408745,0.029993185936293725,0.540298164940194,0.496,0.21607510342204372,0.29968831154411507,NORMAL,51.6,-0.10094854238103995,0.8000000000000043,11.99999999999998,-0.9275169994274113,-15.999999999999998,0.0,0.040000000000000216,0.0,0.0,0.012000000000000064,NORMAL
2019-11-25,1.725,3.8000000000000034,3.620409979691892,-0.15201725286284154,0.8116666666666669,1.5968470048705603,48.70000000000001,1.0264866497208964,-0.04630543616759797,0.0,0.5322823349568534,0.4870000000000001,0.23152718083798984,0.29646733932656666,NORMAL,51.29999999999999,-0.1535262254565509,1.8000000000000043,11.99999999999998,-0.9263044067294169,-9.000000000000009,0.0,0.09000000000000022,0.0,0.0,0.027000000000000066,NORMAL
2019-11-26,1.707,-1.8000000000000016,3.6215001253478856,-0.1514135741026837,0.7716666666666667,1.512638388446112,46.30000000000001,1.0280571742949693,-0.04484628348493447,0.0,0.5042127961487041,0.46300000000000013,0.22423141742467234,0.2831351261996098,NORMAL,51.4,-0.1358542787691611,1.9000000000000128,11.99999999999998,-0.925096559697612,-9.000000000000009,0.0,0.09500000000000064,0.0,0.0,0.028500000000000192,NORMAL
2019-11-27,1.671,-3.600000000000003,3.666907488104357,-0.12626880532783455,0.7050000000000001,1.368136652405437,42.300000000000004,1.031203029248312,-0.04192351311239817,0.0,0.45604555080181236,0.42300000000000004,0.20961756556199085,0.25965613638515883,NORMAL,51.90000000000001,-0.04788586331503826,1.9000000000000128,11.99999999999998,-0.9238934274513453,-9.000000000000009,0.0,0.09500000000000064,0.0,0.0,0.028500000000000192,NORMAL
2019-11-28,1.667,-0.40000000000000036,3.6338286319412214,-0.14458654366510446,0.6516666666666667,1.266888832608602,39.1,1.0315536382782564,-0.041597767106856476,0.0,0.4222962775362007,0.391,0.20798883553428238,0.2458547897209531,NORMAL,52.70000000000002,0.09284289278126294,2.000000000000007,11.99999999999998,-0.9226949793905794,-9.000000000000009,0.030947630927087647,0.10000000000000035,0.0,0.0,0.0392842892781264,NORMAL
2019-11-29,1.63,-3.7000000000000144,3.70687838597668,-0.10413453185960876,0.47666666666666635,0.9370896958830007,28.59999999999998,1.0347978744706414,-0.03858359208440765,0.0,0.31236323196100024,0.2859999999999998,0.19291796042203824,0.1968398305610153,NORMAL,53.69999999999999,0.2687567641894168,2.799999999999997,11.99999999999998,-0.9215011851926261,-9.000000000000009,0.08958558806313893,0.13999999999999985,0.0,0.0,0.06887567641894163,NORMAL
2019-12-02,1.688,5.800000000000005,3.244505476875284,-0.360178027480855,0.595,1.1544843084665062,35.699999999999996,1.0296963209495011,-0.043323374975431594,0.0,0.3848281028221687,0.357,0.21661687487715797,0.23501237051529694,NORMAL,53.2,0.18051167947860697,2.900000000000013,12.99999999999999,-0.7132949686061003,-6.0,0.06017055982620232,0.14500000000000063,0.0,0.0,0.06155116794786088,NORMAL
2019-12-03,1.736,4.800000000000004,3.467362868688238,-0.23676857917273797,0.6533333333333331,1.2563752560827457,39.19999999999999,1.0254951599600273,-0.04722661560553165,0.0,0.4187917520275819,0.3919999999999999,0.23613307802765826,0.25661158161657965,NORMAL,52.6,0.0746498019745946,2.200000000000024,12.99999999999999,-0.7125449511423412,-3.0,0.024883267324864868,0.11000000000000121,0.0,0.0,0.040464980197459824,NORMAL
2019-12-04,1.657,-7.899999999999996,3.8439665642885665,-0.028220619750137094,0.48333333333333345,0.8977971565106996,29.000000000000004,1.032381359959159,-0.040828742329322765,0.0,0.29926571883689984,0.29000000000000004,0.20414371164661382,0.19951062842602552,NORMAL,53.30000000000001,0.1980367997476162,3.0000000000000213,12.99999999999999,-0.7117972955841164,-2.0000000000000018,0.06601226658253874,0.15000000000000108,0.0,0.0,0.06480367997476194,NORMAL
2019-12-05,1.661,0.40000000000000036,3.8470049867944125,-0.026538063734727328,0.46666666666666673,0.8671979335576762,28.000000000000004,1.0320303502967727,-0.04115486055693096,0.0,0.2890659778525587,0.28,0.2057743027846548,0.19612291668437368,NORMAL,53.400000000000006,0.21553899556566133,2.6999999999999957,12.99999999999999,-0.7110519895577503,0.0,0.07184633185522045,0.1349999999999998,0.0,0.0,0.06205389955656607,NORMAL
2019-12-06,1.68,1.8999999999999906,3.8837414136913226,-0.006194910028772368,0.5449999999999999,1.0172308976563909,32.699999999999996,1.0303636212810434,-0.04270339545713142,0.0,0.3390769658854636,0.32699999999999996,0.2135169772856571,0.21862218409135556,NORMAL,53.90000000000001,0.30366246255447255,3.3999999999999986,12.99999999999999,-0.7103090207801422,0.0,0.10122082085149085,0.16999999999999993,0.0,0.0,0.08136624625544722,NORMAL
2019-12-09,1.664,-1.6000000000000014,3.885004910922863,-0.005495236147575383,0.4899999999999997,0.9131891856148341,29.39999999999998,1.0317649158059856,-0.04140147207495315,0.0,0.3043963952049447,0.2939999999999998,0.20700736037476575,0.2024822231908952,NORMAL,54.30000000000001,0.374094378960745,3.200000000000003,12.99999999999999,-0.7095683770579202,1.0000000000000089,0.12469812632024833,0.16000000000000014,0.0,0.03333333333333363,0.09207610456274126,NORMAL
2019-12-10,1.616,-4.799999999999982,3.7190972305824874,-0.09736822781423563,0.36500000000000016,0.6729556420602012,21.90000000000001,1.035974516662474,-0.037490390081018954,0.0,0.2243185473534004,0.21900000000000008,0.18745195040509477,0.163644489632718,NORMAL,55.90000000000002,0.6565230259804912,5.90000000000002,12.99999999999999,-0.7088300462865942,1.0000000000000089,0.21884100866016373,0.295000000000001,0.0,0.03333333333333363,0.16081896926471614,NORMAL
2019-12-11,1.621,0.49999999999998934,3.587712949850687,-0.1701235511605614,0.1416666666666666,0.2882231769522175,8.499999999999996,1.0355342274928925,-0.03789945666523453,0.0,0.09607439231740583,0.08499999999999996,0.18949728332617266,0.11201379179395023,NORMAL,56.099999999999994,0.6912148311985634,5.59999999999998,12.99999999999999,-0.7080940164497295,1.0000000000000089,0.23040494373285447,0.279999999999999,0.0,0.03333333333333363,0.15978814978652278,NORMAL
2019-12-12,1.619,-0.20000000000000018,3.587712949850687,-0.1701235511605614,0.1983333333333333,0.4068746763175328,11.899999999999999,1.0357102683115662,-0.037735899572867715,0.0,0.13562489210584427,0.11899999999999998,0.18867949786433857,0.1263967775669043,NORMAL,56.00000000000001,0.6728332717039066,5.899999999999999,12.99999999999999,-0.7073602756181228,1.0000000000000089,0.22427775723463553,0.29499999999999993,0.0,0.03333333333333363,0.16244999383705735,NORMAL
2019-12-13,1.649,3.0000000000000027,3.6788835549017196,-0.11963694185523263,0.30166666666666675,0.6204625423352814,18.100000000000005,1.0330692071273717,-0.04018967302895693,0.0,0.2068208474450938,0.18100000000000005,0.20094836514478465,0.15794351554693264,NORMAL,56.00000000000001,0.6721596175766624,5.399999999999984,12.99999999999999,-0.7066288119489895,1.0000000000000089,0.22405320585888747,0.26999999999999924,0.0,0.03333333333333363,0.15488262842433273,NORMAL
2019-12-16,1.612,-3.699999999999992,3.739472943442276,-0.08608497863656599,0.24833333333333338,0.5061909140686659,14.900000000000002,1.0363182097837873,-0.037171069550632985,0.0,0.1687303046895553,0.14900000000000002,0.18585534775316492,0.13788820003917704,NORMAL,56.60000000000001,0.7776147963248856,6.099999999999994,13.99999999999999,-0.4980307399922972,2.000000000000009,0.2592049321082952,0.3049999999999997,0.0,0.06666666666666696,0.18259481296582186,NORMAL
2019-12-17,1.605,-0.7000000000000117,3.6277403435196405,-0.14795799259545278,0.24999999999999986,0.5096479393256776,14.999999999999991,1.0369348191186085,-0.036598186337015726,0.0,0.16988264644189255,0.1499999999999999,0.18299093168507863,0.13717290196240994,NORMAL,56.699999999999996,0.7944464451438413,5.699999999999996,13.99999999999999,-0.49760357475794625,2.000000000000009,0.2648154817146138,0.2849999999999998,0.0,0.06666666666666696,0.17827797784771746,NORMAL
2019-12-18,1.606,0.10000000000001119,3.3762132322283334,-0.2872435769167813,0.2400000000000002,0.4893154477761646,14.400000000000013,1.0368466796589835,-0.03668007549117702,0.0,0.16310514925872152,0.14400000000000013,0.1834003774558851,0.13478118083409837,NORMAL,57.00000000000001,0.8466324500596527,5.499999999999993,13.99999999999999,-0.49717750711024467,2.000000000000009,0.2822108166865509,0.27499999999999963,0.0,0.06666666666666696,0.18049657833929855,NORMAL
2019-12-19,1.655,4.899999999999993,3.572891354572505,-0.17833115370605745,0.3350000000000001,0.6750855386060497,20.10000000000001,1.0325282132382039,-0.04069230297675619,0.0,0.22502851286868322,0.2010000000000001,0.20346151488378095,0.16659030852724904,NORMAL,56.60000000000001,0.7748525988318862,5.000000000000007,13.99999999999999,-0.4967525323558401,2.000000000000009,0.2582841996106287,0.25000000000000033,0.0,0.06666666666666696,0.1658185932165221,NORMAL
2019-12-20,1.673,1.8000000000000016,3.5805174574574967,-0.17410812505925505,0.4150000000000002,0.8408263381412266,24.900000000000013,1.0309484450719495,-0.042160043753201704,0.0,0.28027544604707555,0.24900000000000014,0.21080021876600852,0.19017517671581854,NORMAL,56.70000000000002,0.7917061598282836,5.100000000000016,13.99999999999999,-0.49632864582943137,2.000000000000009,0.26390205327609456,0.2550000000000008,0.0,0.06666666666666696,0.169003949316162,NORMAL
2019-12-23,1.642,-3.100000000000014,3.5199095383112815,-0.20767034978104063,0.34833333333333305,0.7009528778314531,20.899999999999984,1.033664994224714,-0.03963613546849143,0.0,0.23365095927715104,0.20899999999999985,0.19818067734245715,0.16780246279241304,NORMAL,57.100000000000016,0.861643413747116,5.800000000000026,13.99999999999999,-0.4959058428935554,2.000000000000009,0.28721447124903865,0.29000000000000126,0.0,0.06666666666666696,0.18649767470804535,NORMAL
2019-12-24,1.631,-1.0999999999999899,3.5088759633700066,-0.21378029922131694,0.3216666666666667,0.646540445257558,19.300000000000004,1.034631470994314,-0.03873819525515454,0.0,0.21551348175251936,0.19300000000000003,0.1936909762757727,0.15917908686081295,NORMAL,57.49999999999999,0.9314313503399941,6.099999999999994,13.99999999999999,-0.4954841189383763,2.000000000000009,0.31047711677999806,0.3049999999999997,0.0,0.06666666666666696,0.1979764683673327,NORMAL
2019-12-26,1.641,1.0000000000000009,3.4367212036443906,-0.25373669922269854,0.30833333333333346,0.620355666651391,18.500000000000007,1.033752034243969,-0.03955526778918761,0.0,0.20678522221713033,0.18500000000000008,0.19777633894593805,0.1574675800218013,NORMAL,57.400000000000006,0.9125423577106276,5.499999999999993,13.99999999999999,-0.49506346938146933,2.000000000000009,0.3041807859035425,0.27499999999999963,0.0,0.06666666666666696,0.18708756910439603,NORMAL
2019-12-27,1.683,4.200000000000004,3.5704341472711696,-0.17969185614885994,0.30833333333333346,0.620355666651391,18.500000000000007,1.030061539481718,-0.042984055483180184,0.0,0.20678522221713033,0.18500000000000008,0.21492027741590092,0.16432515540978646,NORMAL,57.399999999999984,0.9114038119186493,4.699999999999967,14.999999999999991,-0.2858197396344234,3.0000000000000107,0.30380127063954976,0.23499999999999838,0.0,0.10000000000000035,0.1816403811918645,NORMAL
2019-12-30,1.683,0.0,3.4583651446433774,-0.24175115637770175,0.3099999999999999,0.6237345583374695,18.599999999999994,1.030061539481718,-0.042984055483180184,0.0,0.20791151944582317,0.18599999999999994,0.21492027741590092,0.164750414855525,NORMAL,57.699999999999996,0.9633884290853608,4.000000000000007,15.99999999999999,-0.07660314342242441,4.000000000000009,0.32112947636178696,0.20000000000000034,0.0,0.13333333333333364,0.18300550957520292,NORMAL
2019-12-31,1.683,0.0,3.2035958415176946,-0.3828321359620477,0.5166666666666668,1.1533296734474188,31.000000000000007,1.030061539481718,-0.042984055483180184,0.0,0.3844432244824729,0.31000000000000005,0.21492027741590092,0.22485675586285497,NORMAL,57.699999999999996,0.9621273518143705,4.499999999999993,15.99999999999999,-0.07655085082535111,3.0,0.32070911727145684,0.22499999999999964,0.0,0.1,0.18371273518143694,NORMAL
2020-01-02,1.638,-4.500000000000015,3.140717316658392,-0.41765173068218886,0.42000000000000004,0.922103894972976,25.2,1.0340015248702357,-0.03932346949540333,0.0,0.307367964990992,0.252,0.19661734747701665,0.19052053198900507,NORMAL,58.00000000000001,1.013985117832492,5.400000000000006,15.99999999999999,-0.07649866517466106,3.0,0.3379950392774973,0.2700000000000003,0.0,0.1,0.2023985117832493,NORMAL
2020-01-03,1.555,-8.299999999999997,3.1912544967704926,-0.38966627565219886,0.20999999999999983,0.44376362929183866,12.599999999999989,1.0412964056281953,-0.032545896572693245,0.0,0.1479212097639462,0.1259999999999999,0.16272948286346622,0.11987603509817571,NORMAL,58.80000000000001,1.1541696520851636,5.5,15.99999999999999,-0.07644658610631057,3.0,0.3847232173617212,0.275,0.0,0.1,0.2179169652085164,NORMAL
2020-01-06,1.541,-1.4000000000000012,3.1896213271368614,-0.3905706592216214,0.1366666666666664,0.28980831416258307,8.199999999999985,1.042535548350893,-0.03139462618961475,0.0,0.0966027713875277,0.08199999999999985,0.15697313094807375,0.098509806656735,NORMAL,58.400000000000006,1.081587804008453,5.0,19.99999999999999,0.7616612390882818,7.0,0.36052926800281765,0.25,0.2538870796960939,0.23333333333333334,0.28060286300673076,NORMAL
2020-01-07,1.613,7.200000000000006,3.6017941435667287,-0.16232595318151405,0.20833333333333334,0.43046164089877725,12.5,1.0361552307949855,-0.03732249107733421,0.0,0.14348721363292574,0.125,0.18661245538667104,0.12834242488125358,NORMAL,58.00000000000001,1.009226451195107,4.099999999999994,22.99999999999999,1.388277198265954,10.0,0.33640881706503567,0.2049999999999997,0.46275906608865136,0.3333333333333333,0.3216411250039075,WARNING
2020-01-08,1.63,1.6999999999999904,3.6163517528028164,-0.15426453547445146,0.2366666666666665,0.4883765298612052,14.19999999999999,1.0346579864864867,-0.03871356007772753,0.0,0.16279217662040174,0.1419999999999999,0.19356780038863763,0.13838555547953538,NORMAL,57.60000000000001,0.9370557098497608,3.299999999999997,22.99999999999999,1.385538257686041,10.0,0.31235190328325363,0.16499999999999987,0.46184608589534704,0.3333333333333333,0.30224145483071213,WARNING
2020-01-09,1.687,5.700000000000016,3.670576464119416,-0.12423707417370643,0.31333333333333324,0.6356843191532906,18.799999999999994,1.0296450685419596,-0.04337099287915103,0.0,0.21189477305109686,0.18799999999999994,0.21685496439575513,0.16672094036852142,NORMAL,56.70000000000002,0.7764953900834162,0.7999999999999972,22.99999999999999,1.3828154709320646,10.0,0.25883179669447204,0.039999999999999855,0.4609384903106882,0.3333333333333333,0.24850390373714587,NORMAL
2020-01-10,1.706,1.8999999999999906,3.6868007811651586,-0.11525270080604363,0.2933333333333332,0.5969410829323569,17.599999999999994,1.0279821917562644,-0.04491594872565108,0.0,0.1989803609774523,0.17599999999999993,0.2245797436282554,0.1648279696467926,NORMAL,56.60000000000001,0.7579398650228786,0.5000000000000142,22.99999999999999,1.380108679824661,10.0,0.25264662167429286,0.02500000000000071,0.4600362266082203,0.3333333333333333,0.2419678984905988,NORMAL
2020-01-13,1.729,2.300000000000013,3.7068215921176324,-0.10416598201145404,0.2516666666666667,0.5171293013444246,15.100000000000001,1.0259724865713808,-0.046783138045892514,0.0,0.17237643378147485,0.15100000000000002,0.23391569022946257,0.15824156284808,NORMAL,57.100000000000016,0.8457462658436903,1.1000000000000085,22.99999999999999,1.3774177283444828,10.0,0.28191542194789676,0.055000000000000424,0.45913924278149426,0.3333333333333333,0.25956914180733465,NORMAL
2020-01-14,1.716,-1.3000000000000123,3.6818580835453787,-0.11798976768746368,0.21500000000000002,0.4412844716425309,12.9,1.027106186169042,-0.045729833413433396,0.0,0.14709482388084363,0.129,0.22864916706716698,0.14667863160303551,NORMAL,58.20000000000001,1.0396507156025752,2.200000000000003,22.99999999999999,1.3747424625944256,10.0,0.3465502385341917,0.11000000000000014,0.4582474875314752,0.3333333333333333,0.29528123573321924,NORMAL
2020-01-15,1.695,-2.0999999999999908,3.606175259190827,-0.1598998677923526,0.05833333333333357,0.12317046427444155,3.500000000000014,1.0289395707113538,-0.044026461166076336,0.0,0.04105682142481385,0.03500000000000014,0.22013230583038168,0.10326428661711547,NORMAL,58.099999999999994,1.0204925598752317,1.4999999999999858,22.99999999999999,1.3720827307626575,9.0,0.34016418662507725,0.07499999999999929,0.45736091025421916,0.3,0.27602143803836676,NORMAL
2020-01-16,1.701,0.6000000000000005,3.5967236553051456,-0.16513378537377063,0.07666666666666673,0.1618851064329262,4.600000000000004,1.028414811530291,-0.04451400767088176,0.0,0.05396170214430873,0.04600000000000004,0.2225700383544088,0.10902035577062527,NORMAL,57.49999999999999,0.9128197741162478,0.7999999999999972,22.99999999999999,1.369438383086428,9.0,0.3042732580387493,0.039999999999999855,0.4564794610288094,0.3,0.2545778696173866,NORMAL
2020-01-17,1.741,4.0000000000000036,3.6797990505775733,-0.11912997722028618,0.14500000000000032,0.30330694500683997,8.700000000000019,1.024918201171088,-0.047762660044800676,0.0,0.10110231500228,0.08700000000000019,0.23881330022400338,0.1331457830900574,NORMAL,57.699999999999974,0.9471373811295636,0.6999999999999673,22.99999999999999,1.366809271816649,9.0,0.3157124603765212,0.034999999999998366,0.45560309060554965,0.3,0.2563343562340658,NORMAL
2020-01-20,1.762,2.0999999999999908,3.5619738762007884,-0.18437681354174354,0.20166666666666666,0.42143943859546024,12.1,1.0230887221819975,-0.049462403696620805,0.0,0.1404798128651534,0.121,0.24731201848310402,0.1512207699662723,NORMAL,57.89999999999998,0.9813721068481401,1.2999999999999687,22.99999999999999,1.3641952511832158,9.0,0.3271240356160467,0.06499999999999843,0.4547317503944053,0.3,0.2685835607636946,NORMAL
2020-01-21,1.689,-7.299999999999995,3.9517617656725723,0.03147202147141949,0.020000000000000018,0.04073536319304559,1.200000000000001,1.0294369877031369,-0.04356431791155824,0.010490673823806496,0.013578454397681863,0.01200000000000001,0.21782158955779118,0.09434246146741415,NORMAL,59.099999999999994,1.1925859702998682,2.3999999999999773,22.99999999999999,1.3615961773610579,9.0,0.39752865676662275,0.11999999999999886,0.45386539245368596,0.3,0.30603167552072363,WARNING
2020-01-22,1.723,3.400000000000003,3.9437458816393574,0.027033147722635893,-0.0699999999999997,-0.1484434332204882,-4.1999999999999815,1.0264619148086749,-0.04632841703279378,0.009011049240878631,0.0,0.0,0.2316420851639689,0.09445904391376328,NORMAL,57.9,0.9782246142897624,0.799999999999983,22.99999999999999,1.3590119084368941,9.0,0.3260748714299208,0.03999999999999915,0.4530039694789647,0.3,0.26042325532476895,NORMAL
2020-01-23,1.704,-1.9000000000000128,3.963819927929706,0.03814934610335984,-0.1216666666666666,-0.25775096318497154,-7.299999999999995,1.0281196508010908,-0.04478823742630178,0.012716448701119947,0.0,0.0,0.2239411871315089,0.09211976459282754,NORMAL,58.19999999999999,1.0300826149171616,0.6999999999999957,22.99999999999999,1.3564423043766896,9.0,0.3433608716390539,0.03499999999999979,0.45214743479222985,0.3,0.26393774845016205,NORMAL
2020-01-28,1.603,-10.099999999999998,4.596783772664493,0.3886592315608103,-0.2499999999999999,-0.5008070344631017,-14.999999999999991,1.0369460580032182,-0.03658774444460666,0.12955307718693676,0.0,0.0,0.1829387222230333,0.09908610432660067,NORMAL,58.79999999999998,1.134894926928781,1.3999999999999773,22.99999999999999,1.3538872269937776,9.0,0.3782983089762603,0.06999999999999887,0.4512957423312592,0.3,0.28474864115912957,NORMAL
2020-01-29,1.582,-2.0999999999999908,4.4948479278766325,0.33221126604459333,-0.2433333333333332,-0.487906661571084,-14.59999999999999,1.0387970067167538,-0.03486805356844036,0.1107370886815311,0.0,0.0,0.1743402678422018,0.09188352487318695,NORMAL,59.19999999999999,1.2039475120496776,1.8000000000000043,22.99999999999999,1.3513465399176412,7.999999999999998,0.40131583734989257,0.09000000000000022,0.45044884663921375,0.2666666666666666,0.2908178538661439,NORMAL
2020-01-30,1.553,-2.9000000000000137,4.52437841034545,0.3485640579358669,-0.29833333333333345,-0.5960037426682935,-17.900000000000006,1.0413576413383105,-0.03248900332048654,0.11618801931195565,0.0,0.0,0.1624450166024327,0.08821561050336421,NORMAL,59.60000000000001,1.272725024085298,1.9000000000000128,26.0,1.9687786592348733,10.00000000000001,0.4242416746950994,0.09500000000000064,0.6562595530782911,0.3333333333333337,0.353691079690855,WARNING
2020-01-31,1.558,0.5000000000000115,4.5295375620824485,0.35142098839000807,-0.4483333333333332,-0.9489000164691422,-26.89999999999999,1.0409150643407417,-0.032900195494075524,0.11714032946333602,0.0,0.0,0.16450097747037762,0.08922845688081825,NORMAL,59.60000000000001,1.270521907098535,1.9000000000000128,27.0,2.1680944244906195,11.00000000000001,0.42350730236617834,0.09500000000000064,0.7226981414968732,0.36666666666666703,0.37342515234256174,WARNING
2020-02-03,1.547,-1.100000000000012,4.439354504998745,0.30148124337683696,-0.45000000000000007,-0.9523551202471942,-27.0,1.0418883199259001,-0.031995957176862544,0.10049374779227899,0.0,0.0,0.15997978588431272,0.08409066391218088,NORMAL,59.3,1.2153277836328829,1.29999999999999,27.0,2.1599591465899315,11.00000000000001,0.40510926121096097,0.0649999999999995,0.7199863821966438,0.36666666666666703,0.3583633881359503,WARNING
2020-02-04,1.628,8.099999999999996,4.428647767957123,0.295552283602437,-0.3200000000000003,-0.6485211986666756,-19.200000000000017,1.0347149188432103,-0.038660665011699846,0.09851742786747901,0.0,0.0,0.19330332505849923,0.09702481559689549,NORMAL,59.20000000000001,1.195678611254687,0.3999999999999986,27.0,2.15191478710121,11.00000000000001,0.3985595370848957,0.019999999999999928,0.7173049290337367,0.36666666666666703,0.3423621802655495,WARNING
2020-02-05,1.601,-2.6999999999999913,4.4653048460795,0.3158514971527198,-0.36833333333333346,-0.7442101378867377,-22.10000000000001,1.0370895895819554,-0.03645439123790173,0.10528383238423994,0.0,0.0,0.18227195618950864,0.09396554895265144,NORMAL,59.400000000000006,1.2290857198490106,1.0,26.0,1.9397638255644787,6.000000000000011,0.4096952399496702,0.05,0.6465879418548263,0.20000000000000034,0.3072261603558664,WARNING
2020-02-06,1.63,2.8999999999999915,4.211922301477583,0.17553844858902445,-0.2883333333333334,-0.5799187984452382,-17.300000000000004,1.034533163743636,-0.0388295311635003,0.05851281619634149,0.0,0.0,0.19414765581750149,0.08936162556626889,NORMAL,59.3,1.209404253714057,1.29999999999999,26.0,1.9337017566039911,3.0000000000000107,0.403134751238019,0.0649999999999995,0.6445672522013304,0.10000000000000035,0.2893538758116717,NORMAL
2020-02-07,1.601,-2.8999999999999915,4.24455998587418,0.19361188376957744,-0.31166666666666676,-0.6249518891073614,-18.700000000000006,1.037083287992264,-0.03646024595781827,0.06453729458985914,0.0,0.0,0.18230122978909136,0.08582795083360838,NORMAL,59.400000000000006,1.2250970653808573,1.7999999999999972,26.0,1.9276961858359416,3.0000000000000107,0.40836568846028576,0.08999999999999986,0.6425653952786472,0.10000000000000035,0.2980227855938152,NORMAL
2020-02-10,1.603,0.20000000000000018,4.018064472512003,0.06818779026789028,-0.3983333333333335,-0.8140485149529885,-23.90000000000001,1.0369069838333054,-0.03662404771600547,0.022729263422630094,0.0,0.0,0.18312023858002735,0.07779394811653696,NORMAL,58.999999999999986,1.152510099512403,2.2999999999999687,26.0,1.921746241063843,3.0000000000000107,0.38417003317080095,0.11499999999999844,0.6405820803546144,0.10000000000000035,0.29786742602216276,NORMAL
2020-02-11,1.602,-0.09999999999998899,3.9820121863991806,0.0482234861753251,-0.30833333333333307,-0.6401789425441593,-18.499999999999982,1.036995120926931,-0.03654216076006145,0.016074495391775034,0.0,0.0,0.18271080380030724,0.07629922059847791,NORMAL,58.9,1.1331084829392437,2.29999999999999,26.0,1.915851068825809,3.0000000000000107,0.37770282764641455,0.1149999999999995,0.6386170229419363,0.10000000000000035,0.29553425288231155,NORMAL
2020-02-12,1.613,1.0999999999999899,3.9461640267880136,0.028372219118459656,-0.28666666666666657,-0.5944903210395536,-17.199999999999992,1.0360255304888644,-0.037442993839750804,0.009457406372819886,0.0,0.0,0.18721496919875402,0.07677746895406559,NORMAL,59.3,1.2019734670937348,2.1999999999999815,26.0,1.9100098338803133,3.0000000000000107,0.40065782236457825,0.10999999999999907,0.6366699446267711,0.10000000000000035,0.3005313356347275,WARNING
2020-02-13,1.609,-0.40000000000000036,3.9426513921471673,0.02642706352093452,-0.30166666666666675,-0.6258329228689626,-18.100000000000005,1.0363777791692306,-0.03711572445765632,0.00880902117364484,0.0,0.0,0.1855786222882816,0.0759932531500416,NORMAL,59.80000000000001,1.288193288543907,1.6000000000000014,26.0,1.9042217187091146,3.0000000000000107,0.429397762847969,0.08000000000000007,0.6347405729030382,0.10000000000000035,0.29976744343499845,NORMAL
2020-02-14,1.653,4.400000000000004,4.0726171593111715,0.0983968711821164,-0.21333333333333318,-0.4369616621256152,-12.79999999999999,1.0325017262751377,-0.040716911648184695,0.032798957060705465,0.0,0.0,0.20358455824092347,0.08799361470851048,NORMAL,58.3,1.02154632103858,0.20000000000000284,26.0,1.898485923036639,3.0000000000000107,0.34051544034619335,0.010000000000000142,0.632828641012213,0.10000000000000035,0.25172036030630074,NORMAL
2020-02-17,1.622,-3.0999999999999917,4.117673717295394,0.12334737840227822,-0.18666666666666648,-0.3850525149138648,-11.199999999999989,1.0352223683238726,-0.03818920071037768,0.04111579280075941,0.0,0.0,0.1909460035518884,0.08460155998090724,NORMAL,58.59999999999999,1.0730926776156031,1.0999999999999943,26.0,1.8928016633652065,3.0000000000000107,0.357697559205201,0.054999999999999716,0.6309338877884022,0.10000000000000035,0.26999604531924076,NORMAL
2020-02-18,1.56,-6.2000000000000055,4.175930403735449,0.1556075851440869,-0.185,-0.38189301341250415,-11.099999999999998,1.0406779902049395,-0.03312045779812134,0.05186919504802897,0.0,0.0,0.1656022889906067,0.07661475460584848,NORMAL,59.20000000000001,1.1773578757246548,1.5000000000000355,25.0,1.6857759217846024,2.0000000000000107,0.3924526252415516,0.07500000000000177,0.5619253072615341,0.06666666666666703,0.26595418235810625,NORMAL
2020-02-19,1.559,-0.10000000000001119,4.121225545878314,0.12531423802644134,-0.18833333333333335,-0.3887914413055101,-11.299999999999999,1.040766447834107,-0.033038273037034105,0.04177141267548045,0.0,0.0,0.16519136518517052,0.0744308286091643,NORMAL,59.099999999999994,1.1579125499088305,1.200000000000017,22.99999999999999,1.2784870047716845,0.0,0.3859708499696102,0.06000000000000085,0.4261623349238948,0.0,0.21902372197566228,NORMAL
2020-02-20,1.515,-4.400000000000004,3.9352790311020627,0.02234454688595463,-0.28666666666666696,-0.5867571006095461,-17.200000000000017,1.0446589143490066,-0.029421836178192495,0.007448182295318209,0.0,0.0,0.14710918089096248,0.060333308815448634,NORMAL,59.9,1.2970444897739835,0.8000000000000043,21.99999999999999,1.0745181460865545,-1.0,0.43234816325799447,0.040000000000000216,0.3581727153621848,0.0,0.21333899204983536,NORMAL
2020-02-21,1.443,-7.199999999999984,4.042276586281547,0.08159548376356167,-0.47000000000000003,-0.9458719446665467,-28.200000000000003,1.0510522269048224,-0.02348189781560317,0.02719849458785389,0.0,0.0,0.11740948907801585,0.052403494548777116,NORMAL,60.00000000000001,1.3123873872429885,2.1000000000000085,21.000000000000018,0.8710814394828431,-1.9999999999999716,0.4374624624143295,0.10500000000000043,0.29036047982761437,0.0,0.22081083468982182,NORMAL
2020-02-24,1.416,-2.7000000000000135,4.051432495199432,0.08666565738052602,-0.48500000000000026,-0.9742827715055611,-29.100000000000016,1.0534643917655688,-0.021240788771090147,0.02888855246017534,0.0,0.0,0.10620394385545073,0.048259288034215364,NORMAL,60.099999999999994,1.327663055179519,1.9000000000000057,20.00000000000001,0.66798194384717,-2.9999999999999787,0.4425543517265063,0.09500000000000028,0.22266064794905668,0.0,0.2057984351077633,NORMAL
2020-02-25,1.429,1.3000000000000123,3.538376077123219,-0.19744432430168674,-0.4033333333333333,-0.8134416979521669,-24.2,1.0523003136126678,-0.022322317699498107,0.0,0.0,0.0,0.11161158849749053,0.04464463539899621,NORMAL,59.399999999999984,1.2022083474422123,0.6000000000000014,19.00000000000001,0.4650699531021426,-3.9999999999999787,0.40073611581407076,0.030000000000000072,0.1550233177007142,0.0,0.16022549828436408,NORMAL
2020-02-26,1.395,-3.400000000000003,3.5739223624236134,-0.17776022308055045,-0.45333333333333337,-0.9096785601308971,-27.200000000000003,1.0553414615190084,-0.019496829197649612,0.0,0.0,0.0,0.09748414598824806,0.038993658395299224,NORMAL,59.9,1.2882118618370686,0.70000000000001,18.00000000000001,0.2622400563331046,-4.999999999999979,0.42940395394568953,0.035000000000000496,0.08741335211103486,0.0,0.15680385660591398,NORMAL
2020-02-27,1.443,4.800000000000004,3.760948928409593,-0.07419244307770745,-0.31166666666666637,-0.6198406075184432,-18.69999999999998,1.051035668356011,-0.02349728213452318,0.0,0.0,0.0,0.11748641067261589,0.04699456426904636,NORMAL,59.60000000000001,1.23328934343789,0.0,17.00000000000001,0.05943055809397608,-8.99999999999999,0.41109644781263,0.0,0.01981018603132536,0.0,0.12729097155005406,NORMAL
2020-02-28,1.333,-11.00000000000001,4.414315825869998,0.2876158312740334,-0.5916666666666667,-1.1319409467883679,-35.5,1.0608628518551395,-0.014366981722481076,0.09587194375801113,0.0,0.0,0.07183490861240538,0.04790835219656438,NORMAL,60.3,1.3542264638855475,0.6999999999999886,16.000000000000007,-0.14337686981709544,-10.999999999999993,0.4514088212951825,0.034999999999999434,0.0,0.0,0.1459226463885546,NORMAL
2020-03-02,1.372,3.9000000000000146,4.555144575670807,0.3656011212276487,-0.6066666666666666,-1.1660204209425893,-36.39999999999999,1.0573460915012396,-0.017634355178071215,0.12186704040921624,0.0,0.0,0.08817177589035607,0.05964211843798568,NORMAL,60.00000000000001,1.2991083308789542,0.70000000000001,15.00000000000001,-0.3461574292155088,-11.99999999999999,0.4330361102929847,0.035000000000000496,0.0,0.0,0.14041083308789556,NORMAL
2020-03-03,1.371,-0.10000000000001119,4.045305921682564,0.08327300770628787,-0.47666666666666674,-0.9430909665376223,-28.6,1.0574359659190173,-0.01755085409826118,0.02775766923542929,0.0,0.0,0.08775427049130591,0.04065324204360822,NORMAL,60.79999999999999,1.4371770492585094,1.59999999999998,15.00000000000001,-0.3459085068313709,-11.99999999999999,0.47905901641950316,0.079999999999999,0.0,0.0,0.16771770492585064,NORMAL
2020-03-04,1.299,-7.200000000000006,4.2482070521450295,0.19563148218974744,-0.6033333333333335,-1.1660059100844908,-36.20000000000001,1.0639074740304417,-0.011538265325342523,0.06521049406324915,0.0,0.0,0.05769132662671261,0.03611862946333488,NORMAL,61.5,1.5569532466398819,2.0999999999999943,15.00000000000001,-0.3456601207645578,-10.99999999999999,0.5189844155466273,0.10499999999999972,0.0,0.0,0.1871953246639881,NORMAL
2020-03-05,1.337,3.8000000000000034,4.301808065404473,0.22531356462502933,-0.5716666666666667,-1.0972713231036544,-34.3,1.0604710528893235,-0.01473099672834155,0.07510452154167645,0.0,0.0,0.07365498364170775,0.04448289776501839,NORMAL,61.5,1.553540869734471,2.200000000000003,15.00000000000001,-0.3454122690916836,-10.99999999999999,0.517846956578157,0.11000000000000014,0.0,0.0,0.18835408697344713,NORMAL
2020-03-06,1.37,3.300000000000014,4.4148642465866965,0.2879195245800435,-0.4899999999999997,-0.9339645892653337,-29.39999999999998,1.057496431585969,-0.017494676282518662,0.0959731748600145,0.0,0.0,0.08747338141259331,0.05418398753704022,NORMAL,61.39999999999999,1.5326729395925935,1.9999999999999858,15.00000000000001,-0.3451649498990054,-10.99999999999999,0.5108909798641978,0.09999999999999928,0.0,0.0,0.18326729395925911,NORMAL
2020-03-09,1.286,-8.400000000000007,4.6864053107730825,0.4382880299799753,-0.5500000000000003,-1.025543702757975,-33.00000000000001,1.0650469561074927,-0.0104795882711759,0.1460960099933251,0.0,0.0,0.052397941355879496,0.05017837854101682,NORMAL,61.9,1.6166930971656162,2.900000000000013,15.00000000000001,-0.34491816128236463,-10.99999999999999,0.5388976990552053,0.14500000000000063,0.0,0.0,0.20516930971656178,NORMAL
2020-03-10,1.355,6.899999999999995,5.0504064453425865,0.6398571986546847,-0.44333333333333336,-0.8056704736712258,-26.6,1.0588004557099222,-0.016283125485965444,0.2132857328848949,0.0,0.0,0.08141562742982722,0.07522339754890987,NORMAL,62.59999999999999,1.7349818172948404,3.6999999999999886,15.00000000000001,-0.34467190134712095,-10.99999999999999,0.5783272724316134,0.18499999999999944,0.0,0.0,0.22899818172948386,NORMAL
2020-03-11,1.369,1.4000000000000012,5.058146113475094,0.6441431151618757,-0.41666666666666674,-0.756047579740492,-25.0,1.0575404831676274,-0.017453748566637173,0.21471437172062524,0.0,0.0,0.08726874283318586,0.0778503714773994,NORMAL,62.59999999999999,1.7305531047561458,3.29999999999999,15.00000000000001,-0.34442616820809485,-10.99999999999999,0.5768510349187153,0.1649999999999995,0.0,0.0,0.22255531047561442,NORMAL
2020-03-12,1.387,1.8000000000000016,5.100660431954406,0.6676858325294515,-0.4366666666666667,-0.7948494311732114,-26.200000000000003,1.055922446228381,-0.018957044331330164,0.2225619441764838,0.0,0.0,0.09478522165665082,0.08242647749795709,NORMAL,64.5,2.05599568769603,4.699999999999989,16.000000000000007,-0.14038477345053663,-9.999999999999993,0.6853318958986767,0.23499999999999943,0.0,0.0,0.27609956876960284,NORMAL
2020-03-13,1.57,18.300000000000004,6.613564609354422,1.5054712358185918,-0.0700000000000001,-0.1112807324567133,-4.200000000000004,1.0394975725772986,-0.034217167506756296,0.5018237452728639,0.0,0.0,0.17108583753378148,0.16879908406808536,NORMAL,66.10000000000001,2.3257235306956776,7.800000000000011,16.000000000000007,-0.14029379450109844,-9.999999999999993,0.7752411768985592,0.39000000000000057,0.0,0.0,0.3495723530695679,WARNING
2020-03-16,1.524,-4.600000000000004,6.653997611250425,1.527861403884521,-0.13499999999999998,-0.21310663534351496,-8.099999999999996,1.043562008086076,-0.03044095663170754,0.5092871346281737,0.0,0.0,0.1522047831585377,0.1627393401890498,NORMAL,66.6,2.4023400497834144,8.000000000000007,15.00000000000001,-0.34425455804251187,-10.99999999999999,0.8007800165944715,0.40000000000000036,0.0,0.0,0.36023400497834157,WARNING
2020-03-17,1.441,-8.299999999999997,6.764495157574004,1.5890504949003519,-0.27500000000000013,-0.4244409212591149,-16.500000000000004,1.0509243380531232,-0.023600717580744224,0.5296834983001173,0.0,0.0,0.11800358790372112,0.1531381348215119,NORMAL,71.0,3.143887446622373,11.79999999999999,34.00000000000001,3.5077995083177673,9.000000000000007,1.0,0.5899999999999995,1.0,0.3000000000000002,0.7369999999999999,SEVERE
2020-03-18,1.502,6.099999999999994,6.9284520181943305,1.679843201172656,-0.2550000000000001,-0.39175299356481297,-15.300000000000002,1.045475295360318,-0.02866334786008795,0.5599477337242187,0.0,0.0,0.14331673930043975,0.16931624246501964,NORMAL,72.0,3.291437005468415,12.900000000000006,35.00000000000001,3.6763141699903255,12.000000000000018,1.0,0.6450000000000002,1.0,0.4000000000000006,0.7735000000000001,SEVERE
2020-03-19,1.657,15.500000000000004,7.693120645301096,2.103285890876996,-0.026666666666666748,-0.03802780397735439,-1.6000000000000014,1.0317011583439457,-0.0414607082520313,0.7010952969589986,0.0,0.0,0.2073035412601565,0.22314047589586233,NORMAL,75.4,3.8356270294512407,15.500000000000007,38.99999999999999,4.422442575728574,17.000000000000004,1.0,0.7750000000000004,1.0,0.5666666666666668,0.8458333333333335,SEVERE
2020-03-20,1.611,-4.600000000000004,7.573457807230116,2.0370214304110954,-0.05166666666666659,-0.0734381108544642,-3.0999999999999917,1.0357351098730707,-0.03771281962129658,0.6790071434703652,0.0,0.0,0.1885640981064829,0.2112270679366662,NORMAL,83.80000000000001,5.1700760563337935,23.800000000000004,44.99999999999999,5.503150071538138,23.999999999999975,1.0,1.0,1.0,0.7999999999999992,0.9599999999999999,SEVERE
2020-03-23,1.718,10.7,7.832113380180349,2.1802544697100537,0.1449999999999999,0.19980380519728358,8.699999999999996,1.0263150990487753,-0.04646482152684073,0.7267514899033513,0.06660126839909453,0.08699999999999995,0.23232410763420364,0.2690001947141706,NORMAL,85.69999999999997,5.38270998506663,25.59999999999998,54.0,7.024318496050165,33.999999999999986,1.0,1.0,1.0,1.0,1.0,SEVERE
2020-03-24,1.708,-1.0000000000000009,7.8522189287655,2.191388112792927,0.11166666666666654,0.15385071686405563,6.699999999999995,1.0271874668829668,-0.045654316625138525,0.7304627042643089,0.051283572288018546,0.06699999999999995,0.22827158312569262,0.2610578885607425,NORMAL,87.89999999999998,5.624313094642202,28.499999999999993,58.999999999999986,7.6631270365000255,39.99999999999997,1.0,1.0,1.0,1.0,1.0,SEVERE
2020-03-25,1.647,-6.099999999999994,7.961446575776756,2.2518739847130584,-0.060000000000000095,-0.08222408462045588,-3.600000000000003,1.032513433898755,-0.04070603425683994,0.7506246615710195,0.0,0.0,0.2035301712841997,0.23153700082788378,NORMAL,89.39999999999999,5.738876050145979,29.499999999999993,77.99999999999999,10.337153684463045,59.99999999999997,1.0,1.0,1.0,1.0,1.0,SEVERE
2020-03-26,1.502,-14.500000000000002,8.649701850657236,2.633002037398158,-0.3016666666666668,-0.39260594243730007,-18.100000000000005,1.045239161971557,-0.028882736129055453,0.8776673457993861,0.0,0.0,0.14441368064527726,0.23329894141798813,NORMAL,96.80000000000003,6.702951853183391,37.20000000000002,94.99999999999996,11.95826038624172,77.99999999999994,1.0,1.0,1.0,1.0,1.0,SEVERE
2020-03-27,1.532,3.0000000000000027,8.244518114927546,2.408627602774104,-0.25166666666666676,-0.32670102417142627,-15.100000000000001,1.0425738021085296,-0.031359085151926425,0.802875867591368,0.0,0.0,0.15679542575963212,0.22329334382212646,NORMAL,97.89999999999999,6.67192345390776,37.599999999999994,100.0,11.591606865617415,84.0,1.0,1.0,1.0,1.0,1.0,SEVERE
2020-03-30,1.562,3.0000000000000027,8.230271467032704,2.400738382934279,-0.12666666666666646,-0.16476254789227546,-7.5999999999999845,1.0399152389131527,-0.03382911948478906,0.8002461276447597,0.0,0.0,0.1691455974239453,0.22770746449853008,NORMAL,97.59999999999998,6.447589327040552,37.59999999999997,106.99999999999999,11.475733282729209,91.99999999999997,1.0,1.0,1.0,1.0,1.0,SEVERE
2020-03-31,1.551,-1.100000000000012,8.240017884497712,2.4061355564027127,-0.006666666666666702,-0.008813377854461409,-0.40000000000000036,1.0408875596615363,-0.032925749711507524,0.8020451854675709,0.0,0.0,0.16462874855753762,0.22626053651652922,NORMAL,100.69999999999999,6.696174567604614,39.9,110.00000000000001,10.92705148618512,95.0,1.0,1.0,1.0,1.0,1.0,SEVERE
2020-04-01,1.545,-0.6000000000000005,8.027983950892622,2.288719703350074,0.006666666666666643,0.00881686085707298,0.40000000000000036,1.0414184123169636,-0.03243254184386046,0.7629065677833581,0.0029389536190243264,0.0040000000000000036,0.16216270921930231,0.2188341879681974,NORMAL,100.69999999999999,6.511549456714735,39.19999999999999,112.00000000000001,10.37535933309205,97.0,1.0,1.0,1.0,1.0,1.0,SEVERE
2020-04-02,1.518,-2.6999999999999913,8.05000653808169,2.300914925205678,-0.15833333333333333,-0.211824198484001,-9.499999999999996,1.043808467573231,-0.030211974527392105,0.766971641735226,0.0,0.0,0.15105987263696052,0.21381827740182943,NORMAL,103.4,6.682836592815267,41.900000000000006,113.99999999999999,9.914778476480757,98.99999999999997,1.0,1.0,1.0,1.0,1.0,SEVERE
2020-04-03,1.548,3.0000000000000027,8.045587218109723,2.2984676837872953,-0.13666666666666644,-0.18253833040315928,-8.199999999999985,1.0411467559809193,-0.03268493399234729,0.766155894595765,0.0,0.0,0.16342466996173644,0.2186010469038476,NORMAL,103.4,6.499708052358064,42.000000000000014,110.00000000000001,9.002706901876243,95.0,1.0,1.0,1.0,1.0,1.0,SEVERE
2020-04-06,1.543,-0.5000000000000115,7.754134720467392,2.1370730284453217,-0.2400000000000002,-0.32338481386999346,-14.400000000000013,1.0415892433522114,-0.032273825089293884,0.7123576761484406,0.0,0.0,0.16136912544646942,0.20701918540827588,NORMAL,104.80000000000001,6.4989264727716,42.90000000000001,110.00000000000001,8.573782470100353,95.0,1.0,1.0,1.0,1.0,1.0,SEVERE
2020-04-07,1.58,3.7000000000000144,7.664674607712013,2.0875336208855786,-0.20999999999999985,-0.2821748032134988,-12.599999999999989,1.0383134451818685,-0.03531732390938824,0.6958445402951928,0.0,0.0,0.17658661954694121,0.20980355587781505,NORMAL,105.30000000000001,6.388877697235326,42.700000000000024,109.00000000000001,8.119197383497932,94.0,1.0,1.0,1.0,1.0,1.0,SEVERE
2020-04-08,1.511,-6.900000000000017,7.870925846697489,2.201747250548024,-0.3633333333333337,-0.48365940574107424,-21.80000000000002,1.0444031535378602,-0.02965946001411679,0.7339157501826746,0.0,0.0,0.14829730007058395,0.20610207006476852,NORMAL,107.3,6.456957268177334,44.70000000000001,109.00000000000001,7.800288998741884,94.0,1.0,1.0,1.0,1.0,1.0,SEVERE
2020-04-09,1.438,-7.299999999999995,8.065225875389523,2.3093427812686764,-0.46333333333333343,-0.6097005122256564,-27.800000000000004,1.0508836751055626,-0.023638496963504396,0.7697809270895588,0.0,0.0,0.11819248481752198,0.20123317934492058,NORMAL,110.7,6.668868097181883,46.2,106.0,7.284829141972828,90.0,1.0,1.0,1.0,1.0,1.0,SEVERE
2020-04-10,1.444,0.6000000000000005,6.862338100860839,1.6432319764013341,-0.4183333333333336,-0.5507099058919894,-25.100000000000012,1.0503477244312587,-0.024136441330053104,0.547743992133778,0.0,0.0,0.12068220665026552,0.15782168108686181,NORMAL,112.20000000000002,6.649328256974963,46.10000000000001,104.0,6.900565501942161,88.0,1.0,1.0,1.0,1.0,1.0,SEVERE
2020-04-13,1.469,2.5000000000000133,6.8297241217304965,1.6251716682425357,-0.3866666666666667,-0.5081007712327289,-23.2,1.0481157355168422,-0.02621015139222671,0.5417238894141786,0.0,0.0,0.13105075696113355,0.16076508066728915,NORMAL,112.4,6.491103277614683,45.80000000000001,102.99999999999999,6.6272684832707265,87.99999999999997,1.0,1.0,1.0,1.0,1.0,SEVERE
2020-04-14,1.464,-0.5000000000000115,6.56492073147318,1.4785342153138825,-0.4616666666666669,-0.6095708337446397,-27.700000000000014,1.048561184704437,-0.025796290706568414,0.49284473843796084,0.0,0.0,0.12898145353284207,0.150161529100729,NORMAL,112.99999999999999,6.385614640012153,41.999999999999986,102.99999999999999,6.449977422498266,68.99999999999997,1.0,1.0,1.0,1.0,1.0,SEVERE
2020-04-16,1.411,-5.299999999999994,6.512617308772745,1.4495706862714874,-0.5849999999999999,-0.7694034265722337,-35.099999999999994,1.0532849528415305,-0.021407502996201422,0.4831902287571625,0.0,0.0,0.10703751498100711,0.13945305174383535,NORMAL,114.10000000000002,6.336665803199829,42.10000000000002,102.99999999999999,6.286194210645548,67.99999999999997,1.0,1.0,1.0,1.0,1.0,SEVERE
2020-04-17,1.438,2.6999999999999913,5.395268394865227,0.8308278574550493,-0.41833333333333356,-0.555099711130697,-25.100000000000012,1.0508676638747592,-0.02365337277682511,0.2769426191516831,0.0,0.0,0.11826686388412555,0.10269526938398685,NORMAL,114.19999999999999,6.191011165703442,38.79999999999998,100.99999999999997,5.995419708144097,61.99999999999998,1.0,1.0,1.0,1.0,1.0,SEVERE
2020-04-20,1.444,0.6000000000000005,5.342508281401361,0.8016114314604645,-0.4650000000000002,-0.619132113239462,-27.900000000000013,1.050331721366183,-0.024151309556709077,0.2672038104868215,0.0,0.0,0.12075654778354539,0.10174338121078247,NORMAL,113.99999999999999,6.026611502069142,30.199999999999974,98.99999999999997,5.726362606381875,53.99999999999998,1.0,1.0,1.0,1.0,1.0,SEVERE
2020-04-21,1.458,1.4000000000000012,4.644861337231209,0.4152826505594322,-0.41000000000000003,-0.5457323559434272,-24.6,1.049081826617757,-0.025312569498336712,0.1384275501864774,0.0,0.0,0.12656284749168356,0.07831064903396891,NORMAL,115.30000000000003,6.014677310442959,29.60000000000005,98.0,5.543226963269706,44.0,1.0,1.0,1.0,1.0,1.0,SEVERE
2020-04-22,1.532,7.400000000000007,5.036665563644268,0.6322480517654498,-0.11833333333333326,-0.15902776560962575,-7.099999999999995,1.0424831019283314,-0.03144335343619209,0.2107493505884833,0.0,0.0,0.15721676718096045,0.10503657699008084,NORMAL,115.69999999999997,5.918238393749114,27.799999999999997,96.0,5.305180598815734,37.000000000000014,1.0,1.0,1.0,1.0,1.0,SEVERE
2020-04-23,1.545,1.29999999999999,4.903049534406331,0.5582568759770566,-0.06166666666666692,-0.08291822443614437,-3.7000000000000144,1.0413311581007005,-0.03251360853064511,0.18608562532568554,0.0,0.0,0.16256804265322555,0.10224434212642733,NORMAL,116.69999999999999,5.881465335163804,27.299999999999997,90.99999999999996,4.884185329112853,12.999999999999972,1.0,1.0,1.0,0.4333333333333324,0.8866666666666665,SEVERE
2020-04-24,1.546,0.10000000000001119,3.632832735512407,-0.1451380309990097,-0.011666666666666508,-0.015720103853040963,-0.6999999999999895,1.041242644952262,-0.03259584487391998,0.0,0.0,0.0,0.16297922436959988,0.06519168974783995,NORMAL,118.30000000000001,5.898293378582645,21.499999999999986,90.99999999999996,4.8112015625733155,-4.0,1.0,1.0,1.0,0.0,0.8,SEVERE
2020-04-27,1.576,3.0000000000000027,3.632832735512407,-0.1451380309990097,0.030000000000000013,0.04033319722555005,1.8000000000000016,1.0385874762076337,-0.03506272546949163,0.0,0.01344439907518335,0.018000000000000016,0.17531362734745815,0.07641433075401993,NORMAL,118.89999999999998,5.824736680324785,20.999999999999986,90.99999999999996,4.7413949249094,-9.000000000000043,1.0,1.0,1.0,0.0,0.8,SEVERE
2020-04-28,1.56,-1.6000000000000014,3.5929609545683436,-0.16721741750416463,0.021666666666666855,0.029119304992276315,1.3000000000000123,1.039999955175276,-0.03375041077613006,0.0,0.009706434997425439,0.013000000000000123,0.1687520538806503,0.07204210855174523,NORMAL,119.10000000000005,5.720811653792175,21.50000000000007,90.99999999999996,4.674541400566573,-16.00000000000003,1.0,1.0,1.0,0.0,0.8,SEVERE
2020-04-29,1.518,-4.200000000000004,3.7074995120133165,-0.10379057727552457,-0.18333333333333315,-0.24959585708802318,-10.999999999999988,1.0437127550152518,-0.030300899742600862,0.0,0.0,0.0,0.1515044987130043,0.060601799485201724,NORMAL,121.2,5.781257223438994,20.500000000000014,90.99999999999996,4.6104384811473365,-19.000000000000057,1.0,1.0,1.0,0.0,0.8,SEVERE
2020-05-04,1.499,-1.8999999999999906,3.726872542409849,-0.0930625732643356,-0.1699999999999998,-0.23164955176719454,-10.199999999999987,1.0453983511146014,-0.028734835695685135,0.0,0.0,0.0,0.14367417847842567,0.05746967139137027,NORMAL,122.79999999999998,5.7938489884621385,22.099999999999994,90.99999999999996,4.548902581412315,-21.000000000000057,1.0,1.0,1.0,0.0,0.8,SEVERE
2020-05-06,1.508,0.8999999999999897,3.6880318528137,-0.11457098290681511,-0.20333333333333317,-0.2776795385458394,-12.199999999999989,1.0445986213759988,-0.029477853546377997,0.0,0.0,0.0,0.14738926773188998,0.05895570709275599,NORMAL,124.2,5.7872039673677085,20.799999999999997,90.99999999999996,4.489766824871776,-23.00000000000003,1.0,1.0,1.0,0.0,0.8,SEVERE
2020-05-07,1.48,-2.8000000000000025,3.663532951156651,-0.12813748798459526,-0.20166666666666666,-0.2754418973060674,-12.1,1.0470847660948737,-0.02716801083781839,0.0,0.0,0.0,0.13584005418909195,0.05433602167563678,NORMAL,125.2,5.747522607043188,21.799999999999997,92.0,4.493473991690758,-18.000000000000014,1.0,1.0,1.0,0.0,0.8,SEVERE
2020-05-08,1.426,-5.400000000000005,3.8346447032287143,-0.03338269097982655,-0.2950000000000001,-0.4001517018878055,-17.700000000000003,1.0518908851712492,-0.022702712007563908,0.0,0.0,0.0,0.11351356003781954,0.045405424015127815,NORMAL,126.79999999999998,5.754937464726424,21.99999999999997,91.0,4.376580674192324,-19.000000000000014,1.0,1.0,1.0,0.0,0.8,SEVERE
2020-05-11,1.462,3.600000000000003,3.8288241976933515,-0.03660585253237828,-0.2333333333333335,-0.31528528189309796,-14.000000000000012,1.0486720990626253,-0.02569324170882059,0.0,0.0,0.0,0.12846620854410296,0.05138648341764118,NORMAL,127.19999999999997,5.669157538027335,21.899999999999963,93.0,4.4424291420418385,-16.000000000000014,1.0,1.0,1.0,0.0,0.8,SEVERE
2020-05-12,1.424,-3.8000000000000034,3.616813805722266,-0.1540086691762123,-0.3150000000000001,-0.4244825738401874,-18.900000000000006,1.0520593099425977,-0.022546230879539997,0.0,0.0,0.0,0.11273115439769998,0.045092461759079994,NORMAL,128.7,5.669383373770364,21.39999999999999,93.0,4.387443034694076,-16.000000000000014,1.0,1.0,1.0,0.0,0.8,SEVERE
2020-05-13,1.392,-3.200000000000003,3.310445986808873,-0.3236628287438521,-0.36166666666666686,-0.4863488943966084,-21.70000000000001,1.0549209112656417,-0.019887556627532166,0.0,0.0,0.0,0.09943778313766083,0.03977511325506433,NORMAL,129.9,5.645822089691738,19.200000000000003,93.0,4.334449568150699,-13.0,1.0,0.9600000000000002,1.0,0.0,0.788,SEVERE
2020-05-14,1.381,-1.0999999999999899,3.3098378080790454,-0.32399961363086066,-0.45333333333333337,-0.613171896254597,-27.200000000000003,1.055907262317675,-0.01897115149297901,0.0,0.0,0.0,0.09485575746489505,0.03794230298595802,NORMAL,130.1,5.550749724478212,17.899999999999977,92.0,4.2258756411322365,-12.0,1.0,0.8949999999999989,1.0,0.0,0.7684999999999997,SEVERE
2020-05-15,1.383,0.20000000000000018,3.2462285809844045,-0.3592238418208949,-0.39833333333333354,-0.5397232600354325,-23.90000000000001,1.055727758083081,-0.019137926397225113,0.0,0.0,0.0,0.09568963198612557,0.03827585279445023,NORMAL,130.20000000000002,5.453767219342103,17.80000000000001,91.0,4.121436808445918,-11.999999999999986,1.0,0.8900000000000006,1.0,0.0,0.7670000000000001,SEVERE
2020-05-18,1.394,1.0999999999999899,3.264078817417835,-0.3493390997780194,-0.27666666666666695,-0.3780505858962893,-16.600000000000016,1.0547406526292733,-0.020055032436043785,0.0,0.0,0.0,0.10027516218021892,0.04011006487208757,NORMAL,130.10000000000002,5.348112556064103,17.100000000000037,89.99999999999999,4.0207971694201765,-13.0,1.0,0.8550000000000019,1.0,0.0,0.7565000000000006,SEVERE
2020-05-19,1.391,-0.29999999999998916,3.0494175457652686,-0.468209866828889,-0.27999999999999997,-0.3826085738983902,-16.799999999999994,1.0550096114956937,-0.019805146469315082,0.0,0.0,0.0,0.09902573234657541,0.039610292938630165,NORMAL,130.9,5.309374075218432,16.799999999999983,92.0,4.091678661270836,-10.999999999999986,1.0,0.8399999999999992,1.0,0.0,0.7519999999999998,SEVERE
2020-05-20,1.358,-3.299999999999992,3.0545910226721835,-0.46534500367257503,-0.2616666666666664,-0.358301665737782,-15.699999999999982,1.0579689134559391,-0.017055699905161537,0.0,0.0,0.0,0.08527849952580768,0.03411139981032307,NORMAL,131.3,5.245014164014317,17.100000000000023,91.0,3.9930769819587546,-9.999999999999972,1.0,0.8550000000000011,1.0,0.0,0.7565000000000004,SEVERE
2020-05-21,1.342,-1.6000000000000014,3.0562963482655072,-0.4644006630386578,-0.1683333333333333,-0.23341542190387396,-10.099999999999998,1.0594077511782392,-0.01571889565703255,0.0,0.0,0.0,0.07859447828516275,0.0314377913140651,NORMAL,132.10000000000002,5.20990722446399,18.100000000000037,89.99999999999999,3.8978505216556845,-8.999999999999986,1.0,0.9050000000000018,1.0,0.0,0.7715000000000005,SEVERE
2020-05-22,1.347,0.49999999999998934,3.0332325990599567,-0.47717243848760804,-0.11499999999999994,-0.1597282933037065,-6.899999999999995,1.0589575028839884,-0.016137215126378335,0.0,0.0,0.0,0.08068607563189167,0.03227443025275667,NORMAL,132.8,5.169284706067943,17.499999999999986,88.99999999999999,3.805741812144109,-9.000000000000014,1.0,0.8749999999999993,1.0,0.0,0.7624999999999997,SEVERE
2020-05-25,1.316,-3.0999999999999917,2.433234797332017,-0.809427056990345,-0.18833333333333335,-0.26111589708298766,-11.299999999999999,1.0617478559040876,-0.013544736688236414,0.0,0.0,0.0,0.06772368344118207,0.027089473376472828,NORMAL,133.70000000000002,5.142810021900682,18.000000000000043,87.99999999999999,3.7165183092029754,-8.000000000000014,1.0,0.9000000000000021,1.0,0.0,0.7700000000000007,SEVERE
2020-05-26,1.328,1.200000000000001,2.4281842902400212,-0.8122238244155985,-0.1116666666666666,-0.15518962687512147,-6.699999999999995,1.0606648730910655,-0.014550921056814325,0.0,0.0,0.0,0.07275460528407163,0.02910184211362865,NORMAL,133.70000000000002,5.06002698889789,17.00000000000003,86.99999999999999,3.6299693383232507,-3.9999999999999716,1.0,0.8500000000000014,1.0,0.0,0.7550000000000003,SEVERE
2020-05-27,1.34,1.200000000000001,2.468560202564285,-0.7898652702552933,-0.17166666666666666,-0.24006105258402474,-10.299999999999997,1.0595829949205127,-0.015556079117336363,0.0,0.0,0.0,0.07778039558668182,0.031112158234672727,NORMAL,133.3,4.956200500766562,15.0,85.99999999999999,3.5459034864347574,-4.999999999999972,1.0,0.75,1.0,0.0,0.7249999999999999,SEVERE
2020-05-28,1.343,0.29999999999998916,2.304977451653614,-0.8804508096371492,0.01666666666666668,0.024114065938339035,1.0000000000000009,1.0593128012568078,-0.015807112317161587,0.0,0.008038021979446345,0.010000000000000009,0.07903556158580793,0.03522182903021245,NORMAL,133.9,4.918841138051777,15.000000000000028,81.99999999999999,3.304169160004203,-8.999999999999972,1.0,0.7500000000000014,1.0,0.0,0.7250000000000003,SEVERE
2020-05-29,1.374,3.100000000000014,2.4904237644055294,-0.7777581102327845,0.003333333333333336,0.004830795581723955,0.20000000000000018,1.056521512025496,-0.018400460576205924,0.0,0.001610265193907985,0.0020000000000000018,0.09200230288102962,0.037522974191193444,NORMAL,133.20000000000002,4.803781667122689,14.099999999999966,81.0,3.2277517732919194,-9.999999999999957,1.0,0.7049999999999983,1.0,0.0,0.7114999999999996,SEVERE
2020-06-01,1.395,2.0999999999999908,2.453198771099955,-0.7983718123395112,0.040000000000000036,0.05789566218159713,2.400000000000002,1.0546356211265304,-0.020152615754077452,0.0,0.019298554060532377,0.02400000000000002,0.10076307877038726,0.048964942320261384,NORMAL,133.3,4.742073604661456,12.100000000000009,81.0,3.2059367002313715,-9.999999999999957,1.0,0.6050000000000004,1.0,0.0,0.6815000000000002,SEVERE
2020-06-02,1.378,-1.7000000000000126,2.4480873307436126,-0.8012023221525556,0.1316666666666666,0.19345062412251568,7.899999999999996,1.0561595695990582,-0.018736736283842204,0.0,0.0644835413741719,0.07899999999999996,0.09368368141921102,0.06617018084251877,NORMAL,133.1,4.665056653103757,10.300000000000011,81.0,3.1845581041082163,-9.999999999999957,1.0,0.5150000000000006,1.0,0.0,0.6545000000000001,SEVERE
2020-06-03,1.426,4.800000000000004,2.7150457978108853,-0.6533714744793319,0.1483333333333333,0.217387284138693,8.899999999999997,1.0518504385550942,-0.022740290399803964,0.0,0.072462428046231,0.08899999999999997,0.11370145199901982,0.07777306640885412,NORMAL,133.29999999999995,4.614688830244965,9.099999999999952,81.0,3.163601621493249,-9.999999999999957,1.0,0.4549999999999976,1.0,0.0,0.6364999999999992,HIGH
2020-06-04,1.432,0.6000000000000005,2.6634761615524014,-0.6819286621424239,0.10333333333333306,0.15189290575006154,6.199999999999983,1.0513139948314312,-0.023238692851699994,0.0,0.05063096858335384,0.06199999999999983,0.11619346425849997,0.06900357942007072,NORMAL,133.1,4.542984422248872,7.8999999999999915,81.0,3.143053542094009,-11.0,1.0,0.3949999999999996,1.0,0.0,0.6184999999999998,HIGH
2020-06-05,1.452,2.0000000000000018,2.410961808512379,-0.8217609411843741,0.27666666666666656,0.4157254220027308,16.599999999999994,1.0495267610402177,-0.02489918707385219,0.0,0.13857514066757695,0.16599999999999995,0.12449593536926096,0.11071340228121977,NORMAL,133.0,4.479848984473625,6.200000000000017,81.0,3.122900771059193,-10.0,1.0,0.31000000000000083,1.0,0.0,0.5930000000000002,HIGH
2020-06-08,1.453,0.10000000000001119,2.268659469703133,-0.900562245384072,0.16333333333333347,0.24899600750857684,9.800000000000008,1.0494375512655292,-0.024982070642950993,0.0,0.08299866916952561,0.09800000000000007,0.12491035321475497,0.08616387511980712,NORMAL,132.49999999999994,4.396395699660393,5.299999999999969,79.0,3.00011564916708,-14.0,1.0,0.26499999999999846,1.0,0.0,0.5794999999999995,HIGH
2020-06-09,1.397,-5.600000000000005,2.4536278189008676,-0.7981342229466815,0.0466666666666667,0.07043161187845609,2.8000000000000025,1.0544328740095532,-0.020340985299211356,0.0,0.023477203959485365,0.028000000000000025,0.10170492649605678,0.05097741139031979,NORMAL,134.3,4.445338703735037,5.600000000000023,78.0,2.931144932220112,-15.0,1.0,0.28000000000000114,0.9770483107400373,0.0,0.5794096621480078,HIGH
2020-06-10,1.398,0.09999999999998899,2.3452303219850097,-0.8581603911771456,0.018333333333333163,0.02769737367457887,1.0999999999999899,1.0543432472152623,-0.020424256315460965,0.0,0.00923245789152629,0.010999999999999899,0.10212128157730482,0.044895004209227166,NORMAL,136.50000000000003,4.513627101338115,6.600000000000023,77.0,2.8634941581402376,-16.0,1.0,0.3300000000000011,0.9544980527134125,0.0,0.5898996105426828,HIGH
2020-06-11,1.383,-1.4999999999999902,2.3570498956378354,-0.85161518730544,-0.3116666666666667,-0.5325294396148887,-18.700000000000006,1.0556875348554617,-0.01917529724226319,0.0,0.0,0.0,0.09587648621131595,0.03835059448452638,NORMAL,136.70000000000002,4.468510364805268,6.600000000000023,77.0,2.8480185180088142,-15.0,1.0,0.3300000000000011,0.949339506002938,0.0,0.588867901200588,HIGH
2020-06-12,1.388,0.49999999999998934,2.359276204798059,-0.8503823469540771,-0.22666666666666682,-0.3902280759311006,-13.600000000000012,1.0552388676531481,-0.019592147740935317,0.0,0.0,0.0,0.09796073870467659,0.039184295481870635,NORMAL,136.9,4.4249351725246635,6.699999999999989,76.0,2.782060656653605,-15.0,1.0,0.3349999999999994,0.9273535522178683,0.0,0.5859707104435734,HIGH
2020-06-15,1.424,3.600000000000003,2.4822527968296138,-0.7822828630017373,-0.028333333333333485,-0.04989589302841631,-1.7000000000000126,1.0520098367181296,-0.022592195768847856,0.0,0.0,0.0,0.11296097884423928,0.04518439153769571,NORMAL,136.8,4.3667140278174585,6.699999999999989,75.0,2.7172434800610414,-14.999999999999986,1.0,0.3349999999999994,0.9057478266870138,0.0,0.5816495653374025,HIGH
2020-06-16,1.402,-2.200000000000002,2.5361543618968545,-0.7524343470796121,-0.16666666666666677,-0.29797499442203457,-10.000000000000009,1.0539770951127927,-0.020764443174935532,0.0,0.0,0.0,0.10382221587467766,0.041528886349871064,NORMAL,136.50000000000003,4.299942223197093,5.600000000000023,75.0,2.7038989045493302,-17.0,1.0,0.28000000000000114,0.9012996348497767,0.0,0.5642599269699557,HIGH
2020-06-17,1.409,0.7000000000000117,2.4123530770641923,-0.8209905126918259,-0.4133333333333333,-0.8390111506457132,-24.8,1.0533499787412006,-0.021347088331246322,0.0,0.0,0.0,0.10673544165623161,0.042694176662492644,NORMAL,137.0,4.277694378643127,5.699999999999989,75.0,2.6907490578477047,-16.0,1.0,0.2849999999999994,0.8969163526159015,0.0,0.5648832705231801,HIGH
2020-06-18,1.37,-3.8999999999999924,2.555983691571401,-0.7414536629050911,-0.40166666666666645,-0.8178939965132549,-24.099999999999987,1.0568418339207277,-0.01810285392906441,0.0,0.0,0.0,0.09051426964532205,0.03620570785812882,NORMAL,138.3,4.297636468023157,6.199999999999989,75.0,2.67778924968785,-14.999999999999986,1.0,0.30999999999999944,0.8925964165626167,0.0,0.5715192833125231,HIGH
2020-06-19,1.38,0.9999999999999787,2.562128021781897,-0.7380511802890481,-0.5633333333333334,-1.239744973656988,-33.80000000000001,1.055943518361895,-0.01893746650322481,0.0,0.0,0.0,0.09468733251612405,0.03787493300644962,NORMAL,138.6,4.264725155090232,5.799999999999983,75.0,2.6650149464502877,-13.999999999999986,1.0,0.28999999999999915,0.8883383154834292,0.0,0.5646676630966856,HIGH
2020-06-22,1.39,1.0000000000000009,2.4486516160618126,-0.8008898436691589,-0.53,-1.1646464671834549,-31.800000000000004,1.0550459663712874,-0.019771369656697013,0.0,0.0,0.0,0.09885684828348507,0.039542739313394026,NORMAL,138.6,4.217449632441857,4.899999999999977,75.0,2.6524217645012698,-12.999999999999986,1.0,0.24499999999999886,0.88414058816709,0.0,0.5503281176334176,HIGH
2020-06-23,1.385,-0.49999999999998934,2.4478293284158217,-0.8013451934509939,-0.4366666666666667,-0.9808881063727884,-26.200000000000003,1.055494360906995,-0.019354772488801242,0.0,0.0,0.0,0.09677386244400621,0.038709544977602484,NORMAL,139.70000000000002,4.2273646989745854,6.0,75.0,2.640005463872828,-11.999999999999986,1.0,0.3,0.8800018212909427,0.0,0.5660003642581886,HIGH
2020-06-24,1.363,-2.200000000000002,2.4984784843664603,-0.7732977307112959,-0.23166666666666663,-0.6137487622003531,-13.900000000000002,1.0574681353618913,-0.01752096591335517,0.0,0.0,0.0,0.08760482956677584,0.03504193182671034,NORMAL,140.2,4.2064195504717405,6.899999999999977,75.0,2.6277619422652903,-10.999999999999986,1.0,0.34499999999999886,0.8759206474217635,0.0,0.5786841294843523,HIGH
2020-06-25,1.344,-1.8999999999999906,2.5380214009300563,-0.7514004560554789,-0.31333333333333324,-0.836819917939765,-18.799999999999994,1.0591759464005006,-0.01593426227330541,0.0,0.0,0.0,0.07967131136652705,0.03186852454661082,NORMAL,140.3,4.16609110382463,6.400000000000006,75.0,2.6156872293529867,-6.999999999999986,1.0,0.3200000000000003,0.8718957431176623,0.0,0.5703791486235326,HIGH
2020-06-26,1.327,-1.7000000000000126,2.455557606307527,-0.7970655844004326,-0.39166666666666683,-1.056099103010808,-23.50000000000001,1.0607064556430492,-0.014512287282290481,0.0,0.0,0.0,0.0725614364114524,0.029024574564580963,NORMAL,140.90000000000003,4.151584208919232,7.700000000000017,74.0,2.5547504990517336,-7.0,1.0,0.38500000000000084,0.8515834996839112,0.0,0.5858166999367824,HIGH
2020-06-29,1.365,3.8000000000000034,2.567509544901034,-0.7350711095191835,-0.3099999999999999,-0.8219403476973204,-18.599999999999994,1.0572803737913221,-0.017695412594368687,0.0,0.0,0.0,0.08847706297184343,0.035390825188737374,NORMAL,140.39999999999998,4.083697156727166,7.099999999999966,73.0,2.494700397799118,-8.0,1.0,0.3549999999999983,0.8315667992663727,0.0,0.5728133598532741,HIGH
2020-06-30,1.373,0.8000000000000007,2.5488645562908605,-0.745395953309978,-0.2866666666666665,-0.7592335131046675,-17.199999999999992,1.056561423137144,-0.018363379713804417,0.0,0.0,0.0,0.09181689856902209,0.036726759427608835,NORMAL,140.79999999999998,4.061553634213457,7.699999999999989,72.0,2.435484395052317,-9.0,1.0,0.38499999999999945,0.8118281316841056,0.0,0.5778656263368209,HIGH
2020-07-01,1.402,2.8999999999999915,2.390023122548358,-0.833355942194193,-0.19333333333333347,-0.5101202582761271,-11.60000000000001,1.0539569992291111,-0.020783113982809853,0.0,0.0,0.0,0.10391556991404927,0.041566227965619706,NORMAL,140.39999999999998,4.0016084092901,7.100000000000023,71.0,2.3770531347750214,-10.0,1.0,0.35500000000000115,0.7923510449250072,0.0,0.5649702089850017,HIGH
2020-07-02,1.377,-2.499999999999991,2.4408529570407858,-0.8052084269546342,-0.28500000000000003,-0.755998341980571,-17.100000000000005,1.0561966578524729,-0.01870227810002345,0.0,0.0,0.0,0.09351139050011725,0.0374045562000469,NORMAL,140.39999999999998,3.962565987704368,7.299999999999983,71.0,2.3679078348611857,-10.0,1.0,0.36499999999999916,0.7893026116203953,0.0,0.5673605223240789,HIGH
2020-07-03,1.387,1.0000000000000009,2.401726352789639,-0.8268751646182283,-0.2599999999999998,-0.6886107784132609,-15.59999999999999,1.0552988906932983,-0.019536381163638317,0.0,0.0,0.0,0.09768190581819158,0.03907276232727663,NORMAL,140.09999999999997,3.910502457951443,7.099999999999966,71.0,2.358867304671648,-10.0,1.0,0.3549999999999983,0.786289101557216,0.0,0.5637578203114426,HIGH
2020-07-06,1.41,2.299999999999991,2.4715805724911735,-0.7881927110310671,-0.28333333333333355,-0.7573140459860779,-17.000000000000014,1.0532357813619928,-0.02145318753846348,0.0,0.0,0.0,0.1072659376923174,0.04290637507692696,NORMAL,139.5,3.8459557219916527,7.000000000000057,71.0,2.349929558945321,-8.0,1.0,0.35000000000000286,0.7833098529817737,0.0,0.5616619705963556,HIGH
2020-07-07,1.388,-2.200000000000002,2.1816157701165113,-0.948763540648706,-0.20499999999999996,-0.5717895219399889,-12.3,1.0552053322731398,-0.019623304999160318,0.0,0.0,0.0,0.09811652499580159,0.039246609998320636,NORMAL,139.3,3.8019208917864784,5.0,70.0,2.292919372122437,-8.0,1.0,0.25,0.7643064573741456,0.0,0.5278612914748291,HIGH
2020-07-08,1.377,-1.0999999999999899,2.19388504232728,-0.9419693118266084,-0.10166666666666654,-0.30063063434091164,-6.099999999999994,1.0561919492588152,-0.018706652789334588,0.0,0.0,0.0,0.09353326394667294,0.037413305578669176,NORMAL,139.3,3.7683340073007003,2.799999999999983,69.0,2.236578295071763,-8.0,1.0,0.13999999999999915,0.7455260983572544,0.0,0.4911052196714506,WARNING
2020-07-09,1.391,1.4000000000000012,2.1926672054108476,-0.9426437008642058,-0.0883333333333332,-0.2606403102838426,-5.299999999999994,1.0549350808391973,-0.019874391872515162,0.0,0.0,0.0,0.09937195936257581,0.039748783745030325,NORMAL,139.5,3.7447755638973605,2.799999999999983,68.0,2.180866783162649,-9.0,1.0,0.13999999999999915,0.7269555943875496,0.0,0.4873911188775097,WARNING
2020-07-10,1.397,0.6000000000000005,2.193885042327281,-0.9419693118266078,-0.12000000000000008,-0.3568464682079972,-7.200000000000006,1.0543970639479694,-0.02037425593266018,0.0,0.0,0.0,0.1018712796633009,0.04074851186532036,NORMAL,138.79999999999998,3.6808641789274437,1.8999999999999773,68.0,2.173649353464491,-8.0,1.0,0.09499999999999886,0.7245497844881638,0.0,0.4734099568976324,WARNING
2020-07-13,1.42,2.299999999999991,2.100275671129113,-0.9938064116062354,-0.07333333333333338,-0.21656833521086638,-4.400000000000004,1.052335717687951,-0.02228942426231184,0.0,0.0,0.0,0.1114471213115592,0.04457884852462368,NORMAL,138.90000000000003,3.6548484879218015,2.1000000000000227,68.0,2.1665031251347155,-7.0,1.0,0.10500000000000113,0.7221677083782385,0.0,0.47593354167564805,WARNING
2020-07-14,1.418,-0.20000000000000018,2.0376973588626437,-1.0284597606831187,0.011666666666666521,0.035695179748911385,0.6999999999999895,1.052514614759958,-0.022123213464436464,0.0,0.011898393249637129,0.006999999999999895,0.11061606732218232,0.048026105578800334,NORMAL,139.2,3.638411295851192,2.69999999999996,68.0,2.1594269351252184,-7.0,1.0,0.134999999999998,0.7198089783750728,0.0,0.484461795675014,WARNING
2020-07-15,1.414,-0.40000000000000036,2.034925318686556,-1.0299948048924938,-0.04000000000000001,-0.12356840671756027,-2.400000000000002,1.0528724697289764,-0.021790735357014368,0.0,0.0,0.0,0.10895367678507184,0.043581470714028736,NORMAL,139.39999999999998,3.617842850630233,2.3999999999999773,68.0,2.1524196468121675,-7.0,1.0,0.11999999999999886,0.7174732156040559,0.0,0.4794946431208108,WARNING
2020-07-16,1.378,-3.600000000000003,2.0053612353415367,-1.0463662035957786,-0.11000000000000007,-0.3344596212109811,-6.600000000000006,1.0560942594863472,-0.018797415007206664,0.0,0.0,0.0,0.09398707503603332,0.03759483001441333,NORMAL,139.79999999999998,3.606562496559811,1.4999999999999716,68.0,2.145480149229098,-7.0,1.0,0.07499999999999858,0.7151600497430327,0.0,0.4655320099486061,WARNING
2020-07-17,1.348,-2.9999999999999805,2.101728611856141,-0.9930018315468161,-0.1833333333333331,-0.5532944071502199,-10.999999999999988,1.0587872998480374,-0.016295348415474975,0.0,0.0,0.0,0.08147674207737488,0.03259069683094995,NORMAL,140.2,3.595450286528805,1.5999999999999943,68.0,2.13860735632704,-7.0,1.0,0.07999999999999971,0.7128691187756799,0.0,0.4665738237551359,WARNING
2020-07-20,1.334,-1.4000000000000012,2.10052624985164,-0.9936676512014166,-0.3299999999999999,-1.078635487930627,-19.799999999999997,1.0600472567348567,-0.015124739880089333,0.0,0.0,0.0,0.07562369940044666,0.030249479760178666,NORMAL,140.39999999999998,3.575776265502053,1.799999999999983,68.0,2.1318002062605497,-7.0,1.0,0.08999999999999915,0.7106000687535166,0.0,0.46912001375070306,WARNING
2020-07-21,1.356,2.200000000000002,2.171217218641728,-0.9545218396679446,-0.31499999999999967,-1.0238591117043878,-18.899999999999984,1.0580649683647625,-0.016966456616513637,0.0,0.0,0.0,0.08483228308256818,0.03393291323302727,NORMAL,139.79999999999998,3.5218308853397953,0.0999999999999659,68.0,2.1250576606985967,-7.0,1.0,0.004999999999998295,0.7083525535661989,0.0,0.44317051071323926,WARNING
2020-07-22,1.346,-1.0000000000000009,2.127582022662793,-0.9786852538529971,-0.3333333333333332,-1.0830015109992563,-19.999999999999996,1.0589643235878725,-0.016130878104637647,0.0,0.0,0.0,0.08065439052318824,0.032261756209275294,NORMAL,139.9,3.499416606986588,-0.29999999999998295,68.0,2.1183787041592694,-7.0,1.0,0.0,0.7061262347197564,0.0,0.44122524694395127,WARNING
2020-07-23,1.318,-2.8000000000000025,2.176936524471707,-0.9513547184365541,-0.43,-1.408857759949355,-25.8,1.0614846586780118,-0.013789269594526532,0.0,0.0,0.0,0.06894634797263266,0.027578539189053064,NORMAL,139.6,3.460351478775976,-0.700000000000017,69.0,2.158784435265508,-6.0,1.0,0.0,0.7195948117551693,0.0,0.44391896235103384,WARNING
2020-07-24,1.305,-1.3000000000000123,2.1635497148022873,-0.9587677944959536,-0.42500000000000016,-1.3937727910326696,-25.50000000000001,1.062657599225851,-0.01269950673742859,0.0,0.0,0.0,0.06349753368714295,0.02539901347485718,NORMAL,139.0,3.4094322702273727,-1.900000000000034,69.0,2.1518383701644117,-5.0,1.0,0.0,0.7172794567214705,0.0,0.4434558913442941,WARNING
2020-07-27,1.304,-0.09999999999998899,1.958644805390762,-1.0722358810619348,-0.3566666666666665,-1.1961810636925747,-21.4,1.062747925121785,-0.012615586195501294,0.0,0.0,0.0,0.06307793097750647,0.025231172391002588,NORMAL,138.50000000000003,3.363956619484745,-1.8999999999999488,69.0,2.1449589397212834,-4.0,1.0,0.0,0.7149863132404278,0.0,0.4429972626480856,WARNING
2020-07-28,1.329,2.499999999999991,2.0441443970007294,-1.0248896506079264,-0.28333333333333355,-0.9421063720301853,-17.000000000000014,1.0604895857809011,-0.014713778074835981,0.0,0.0,0.0,0.07356889037417991,0.029427556149671963,NORMAL,138.1,3.323737063920915,-2.6999999999999886,69.0,2.13814508530756,-3.0,1.0,0.0,0.7127150284358533,0.0,0.44254300568717064,WARNING
2020-07-29,1.309,-2.0000000000000018,1.9415877929917933,-1.081681367580543,-0.3316666666666668,-1.1004043581276002,-19.900000000000006,1.0622924180767288,-0.01303879149756304,0.0,0.0,0.0,0.0651939574878152,0.02607758299512608,NORMAL,137.9,3.2927909447756263,-2.4999999999999716,69.0,2.1313957716916865,-2.0,1.0,0.0,0.7104652572305622,0.0,0.44209305144611244,WARNING
2020-07-30,1.281,-2.8000000000000025,1.959215739981047,-1.071919720479448,-0.3316666666666668,-1.1004043581276002,-19.900000000000006,1.0648206740317514,-0.010689823821327327,0.0,0.0,0.0,0.05344911910663663,0.021379647642654653,NORMAL,138.2,3.283337091192938,-2.1999999999999886,69.0,2.1247099863784435,-2.0,1.0,0.0,0.7082366621261479,0.0,0.4416473324252296,WARNING
2020-07-31,1.296,1.5000000000000124,1.9821506130038629,-1.0592193114701833,-0.21666666666666645,-0.7461879654257743,-12.99999999999999,1.063463027672361,-0.011951194295955148,0.0,0.0,0.0,0.05975597147977574,0.023902388591910295,NORMAL,138.1,3.2574380969057186,-1.9999999999999716,69.0,2.1180867389709332,-2.0,1.0,0.0,0.7060289129903111,0.0,0.4412057825980622,WARNING
2020-08-03,1.306,1.0000000000000009,1.906940233104224,-1.1008677908629985,-0.25999999999999984,-0.9159072466517149,-15.59999999999999,1.0625590840988395,-0.012791035780803539,0.0,0.0,0.0,0.0639551789040177,0.025582071561607078,NORMAL,137.79999999999998,3.223816121506025,-1.700000000000017,69.0,2.1115250605543134,-2.0,1.0,0.0,0.7038416868514378,0.0,0.44076833737028753,WARNING
2020-08-04,1.306,0.0,1.867985123348857,-1.1224395617815368,-0.19666666666666643,-0.7087643399656277,-11.799999999999988,1.0625590840988395,-0.012791035780803539,0.0,0.0,0.0,0.0639551789040177,0.025582071561607078,NORMAL,137.7,3.1990955006767545,-1.6000000000000227,71.0,2.197545937799428,1.0,1.0,0.0,0.7325153125998094,0.03333333333333333,0.4531697291866285,WARNING
2020-08-05,1.293,-1.3000000000000123,1.8724034652932364,-1.1199928619554431,-0.16499999999999992,-0.603408572519283,-9.899999999999999,1.0637332118867686,-0.011700169875341393,0.0,0.0,0.0,0.058500849376706965,0.023400339750682786,NORMAL,137.3,3.1626098935024087,-2.0,71.0,2.1903307970464274,2.0,1.0,0.0,0.7301102656821424,0.06666666666666667,0.4593553864697618,WARNING
2020-08-06,1.306,1.3000000000000123,1.8674144805332533,-1.122755560790956,-0.1249999999999999,-0.4561156086329778,-7.499999999999996,1.0625577866876337,-0.012792241187629116,0.0,0.0,0.0,0.06396120593814558,0.025584482375258233,NORMAL,136.50000000000003,3.110603898863562,-2.9999999999999716,71.0,2.1831862756417273,3.0,1.0,0.0,0.7277287585472424,0.1,0.46554575170944845,WARNING
2020-08-07,1.319,1.29999999999999,1.8940071694412226,-1.108029600658046,-0.10666666666666673,-0.38783182909259534,-6.400000000000006,1.0613836603333437,-0.013883105761116954,0.0,0.0,0.0,0.06941552880558477,0.027766211522233908,NORMAL,136.4,3.087968537190406,-2.3999999999999773,72.0,2.2220587244294445,4.0,1.0,0.0,0.7406862414764815,0.13333333333333333,0.474803914961963,WARNING
2020-08-10,1.363,4.400000000000004,2.098188441690146,-0.9949622352092127,-0.0516666666666665,-0.1816300855557489,-3.0999999999999917,1.057414085443697,-0.01757118294557025,0.0,0.0,0.0,0.08785591472785126,0.0351423658911405,NORMAL,136.09999999999997,3.0576933441472582,-2.800000000000068,73.0,2.2604853157090443,5.0,1.0,0.0,0.7534951052363481,0.16666666666666666,0.48403235438060294,WARNING
2020-08-11,1.345,-1.8000000000000016,2.1251068084612688,-0.9800559277919206,-0.0766666666666667,-0.2681349628539209,-4.600000000000004,1.0590319289944259,-0.016068066855477126,0.0,0.0,0.0,0.08034033427738563,0.03213613371095425,NORMAL,136.49999999999997,3.0560486301037684,-2.700000000000017,74.0,2.2984555706675973,6.0,1.0,0.0,0.7661518568891991,0.2,0.49323037137783987,WARNING
2020-08-12,1.373,2.8000000000000025,2.2397074527009617,-0.9165947063968257,0.024999999999999866,0.08785138704773454,1.4999999999999902,1.056511433003419,-0.018409824856361112,0.0,0.02928379568257818,0.014999999999999902,0.09204912428180556,0.04567640884923784,NORMAL,136.50000000000003,3.0384147693265113,-2.899999999999949,77.0,2.427087914066893,9.0,1.0,0.0,0.8090293046889644,0.3,0.5218058609377929,HIGH
2020-08-13,1.362,-1.0999999999999899,2.1060314387616934,-0.9906190992970137,0.033333333333333395,0.1174179691661596,2.0000000000000018,1.0574992711932771,-0.01749203804260191,0.0,0.03913932305538653,0.020000000000000018,0.08746019021300955,0.046811940696281126,NORMAL,136.90000000000003,3.036971921441764,-2.899999999999949,80.0,2.5539381645938413,12.0,1.0,0.0,0.8513127215312805,0.4,0.5502625443062561,HIGH
2020-08-14,1.396,3.399999999999981,2.125137766432051,-0.9800387845144914,0.08166666666666658,0.2822947127389232,4.899999999999993,1.0544430982995285,-0.020331486052658887,0.0,0.09409823757964107,0.04899999999999993,0.10165743026329443,0.06928261962124597,NORMAL,136.7,3.011773142456084,-3.5,81.0,2.5884438506572227,13.0,1.0,0.0,0.8628146168857409,0.43333333333333335,0.5592295900438149,HIGH
2020-08-18,1.357,-3.8999999999999924,2.293532095629844,-0.8867887868569891,0.06833333333333323,0.233958094821143,4.0999999999999925,1.0579385771703915,-0.01708388492892332,0.0,0.07798603160704766,0.040999999999999925,0.0854194246446166,0.05796497617925616,NORMAL,137.20000000000002,3.0145841055497318,-3.19999999999996,81.0,2.57733435912529,13.0,1.0,0.0,0.8591114530417633,0.43333333333333335,0.5584889572750193,HIGH
2020-08-19,1.347,-1.0000000000000009,2.2516602062057545,-0.9099757528867378,0.03166666666666654,0.10845911842170322,1.8999999999999906,1.0588378249609864,-0.0162484062311129,0.0,0.036153039473901076,0.018999999999999906,0.0812420311555645,0.04352742035700599,NORMAL,137.20000000000002,2.9976849618853905,-2.599999999999966,80.0,2.5214174741959403,12.0,0.9992283206284635,0.0,0.8404724913986468,0.4,0.5478629944682685,HIGH
2020-08-20,1.379,3.200000000000003,2.3515448449678247,-0.8546636626580747,0.0649999999999999,0.21951821971801194,3.8999999999999924,1.0559577860770926,-0.018924210566164223,0.0,0.07317273990600398,0.038999999999999924,0.09462105283082112,0.06028296911352923,NORMAL,137.0,2.9732615232473996,-2.9000000000000057,77.99999999999999,2.421409384530114,9.999999999999986,0.9910871744157999,0.0,0.807136461510038,0.33333333333333287,0.5254201112934141,HIGH
2020-08-21,1.41,3.0999999999999917,2.3299875762036093,-0.8666012099100613,0.11166666666666661,0.37175471123019294,6.699999999999995,1.0531753373107795,-0.020510265742379463,0.0,0.12391823707673098,0.06699999999999995,0.10255132871189732,0.07920417890010512,NORMAL,135.0,2.8792785769689457,-4.599999999999994,76.99999999999999,2.367420895844221,7.999999999999986,0.9597595256563153,0.0,0.7891402986147403,0.2666666666666662,0.4990892507531759,WARNING
2020-08-24,1.378,-3.200000000000003,2.441585981542155,-0.8048025075073393,0.006666666666666332,0.02214667515926234,0.39999999999997815,1.056039974228265,-0.01720941798407216,0.0,0.007382225053087447,0.0039999999999997815,0.08604708992036081,0.03669528097876177,NORMAL,136.10000000000002,2.907059520549069,-2.8999999999999773,75.99999999999999,2.3140825859817333,6.999999999999986,0.969019840183023,0.0,0.7713608619939111,0.23333333333333287,0.4916447911203557,WARNING
2020-08-25,1.387,0.9000000000000119,2.441801535105201,-0.8046831426252506,-0.013333333333333315,-0.04454457020661895,-0.8000000000000007,1.0552321036479804,-0.017961252779314263,0.0,0.0,0.0,0.08980626389657131,0.035922505558628526,NORMAL,136.3,2.8995650429379407,-2.200000000000017,75.99999999999999,2.305922398563626,6.999999999999986,0.9665216809793136,0.0,0.7686407995212087,0.23333333333333287,0.49035133086470234,WARNING
2020-08-26,1.404,1.6999999999999904,2.4122221683488645,-0.8210630046662043,0.043333333333333404,0.14479313740181732,2.6000000000000023,1.053707293258209,-0.019380298769048232,0.0,0.048264379133939106,0.026000000000000023,0.09690149384524116,0.05361347336488429,NORMAL,136.20000000000002,2.880640943756148,-1.8999999999999773,75.99999999999999,2.297847949754542,6.999999999999986,0.960213647918716,0.0,0.7659493165848473,0.23333333333333287,0.4879206243592509,WARNING
2020-08-27,1.421,1.7000000000000126,2.361845843714974,-0.8489593844105967,-0.008333333333333127,-0.02876890111430826,-0.49999999999998934,1.0521846862194508,-0.020797294237327013,0.0,0.0,0.0,0.10398647118663507,0.041594588474654026,NORMAL,136.00000000000003,2.85819296462805,-1.8999999999999773,74.99999999999999,2.2455014739500325,5.999999999999986,0.9527309882093501,0.0,0.7485004913166775,0.19999999999999954,0.47551939472614047,WARNING
2020-08-28,1.486,6.499999999999995,2.57168284039439,-0.7327601065487543,0.09000000000000011,0.29107650186994777,5.400000000000005,1.0463713658280884,-0.026207389186665653,0.0,0.09702550062331593,0.05400000000000005,0.13103694593332826,0.0826198784979945,NORMAL,134.70000000000002,2.794165056371921,-3.4999999999999716,74.00000000000001,2.1937220270740205,5.000000000000014,0.9313883521239736,0.0,0.7312406756913402,0.16666666666666713,0.4589979741087935,WARNING
2020-08-31,1.516,3.0000000000000027,2.6078827871625974,-0.7127140339320687,0.10666666666666678,0.3425571959677462,6.400000000000006,1.0437031188452268,-0.024794614830487505,0.0,0.11418573198924874,0.06400000000000006,0.12397307415243752,0.08522637605882477,NORMAL,132.39999999999998,2.693167272085335,-5.700000000000017,73.00000000000001,2.1424781944398736,4.000000000000014,0.897722424028445,0.0,0.7141593981466245,0.1333333333333338,0.4388152735045252,WARNING
2020-09-01,1.582,6.600000000000006,2.882725318714551,-0.5605173088671866,0.21500000000000002,0.6522002686915491,12.9,1.0378479443485051,-0.029770700098338487,0.0,0.2174000895638497,0.129,0.14885350049169244,0.12882141810944692,NORMAL,131.4,2.643013522160111,-6.399999999999977,70.0,2.003449711100225,1.0,0.8810045073867037,0.0,0.6678165703667417,0.03333333333333333,0.4045313329560261,WARNING
2020-09-02,1.539,-4.300000000000015,3.139942171777258,-0.41808097469945643,0.23666666666666653,0.7308222027401114,14.19999999999999,1.0416412785850988,-0.025893315734547784,0.0,0.2436074009133705,0.1419999999999999,0.12946657867273892,0.12890811165176966,NORMAL,133.8,2.722055942935826,-3.8999999999999773,68.0,1.9097086394785294,-3.0,0.9073519809786087,0.0,0.6365695464928431,0.0,0.39951950359215127,WARNING
2020-09-03,1.524,-1.4999999999999902,3.1485125978702047,-0.4133350178914197,0.21000000000000021,0.6459107549642316,12.600000000000012,1.0429693712152948,-0.02232446193150639,0.0,0.2153035849880772,0.1260000000000001,0.11162230965753195,0.11290964086062824,NORMAL,134.20000000000002,2.7245230779703586,-3.0999999999999943,67.0,1.860761230746696,-4.0,0.9081743593234529,0.0,0.6202537435822321,0.0,0.3965030565134823,WARNING
2020-09-04,1.527,0.29999999999998916,3.154024163041978,-0.4102829350700715,0.23999999999999985,0.7411307788566486,14.399999999999991,1.0427034140256348,-0.020978926754101512,0.0,0.2470435929522162,0.1439999999999999,0.10489463377050756,0.12016657209864624,NORMAL,133.89999999999995,2.7006721586187656,-2.6000000000000796,66.0,1.812179635686028,-5.0,0.9002240528729218,0.0,0.6040598785620094,0.0,0.3908791915742784,WARNING
2020-09-07,1.572,4.500000000000015,3.244310809953166,-0.36028582618237875,0.3066666666666669,0.9250656691263195,18.400000000000016,1.0387150734669868,-0.02472368235926703,0.0,0.3083552230421065,0.18400000000000016,0.12361841179633515,0.14791840932695538,NORMAL,131.4,2.5949125670039397,-5.0,65.0,1.7639423570030963,-7.0,0.8649708556679799,0.0,0.5879807856676987,0.0,0.37708741383393374,WARNING
2020-09-08,1.555,-1.7000000000000126,3.220722377290376,-0.3733481501990365,0.21833333333333338,0.6648631275742122,13.100000000000001,1.0402160167481465,-0.023314408080276294,0.0,0.22162104252473738,0.131,0.11657204040138147,0.11715302466550007,NORMAL,132.00000000000006,2.606282624058626,-4.099999999999909,64.0,1.7160289183421473,-9.0,0.8687608746862087,0.0,0.5720096394473825,0.0,0.37503019029533907,WARNING
2020-09-09,1.518,-3.699999999999992,3.3324994571010764,-0.31145050506950633,0.19333333333333352,0.581566424661172,11.60000000000001,1.0434874961208194,-0.020242731893688748,0.0,0.19385547488705734,0.1160000000000001,0.10121365946844374,0.10245655876478899,NORMAL,132.9,2.628606435629144,-3.599999999999966,63.0,1.6684198078641355,-11.0,0.8762021452097146,0.0,0.5561399359547118,0.0,0.37408863075385673,WARNING
2020-09-10,1.517,-0.10000000000001119,3.3068668586824983,-0.32564480575572824,0.17999999999999983,0.5415839248339825,10.799999999999986,1.0435761925579898,-0.020159452525899568,0.0,0.18052797494466086,0.10799999999999986,0.10079726262949784,0.09802450004073128,NORMAL,132.79999999999998,2.613531040084582,-3.7000000000000455,62.0,1.6210964263597154,-15.0,0.8711770133615273,0.0,0.5403654754532384,0.0,0.3694261990991059,WARNING
2020-09-11,1.53,1.3000000000000123,3.2807893786966034,-0.34008546393693107,0.26666666666666655,0.81911109167672,15.999999999999993,1.0424230408652133,-0.021242176330858342,0.0,0.27303703055890666,0.15999999999999992,0.10621088165429171,0.129091758773498,NORMAL,132.49999999999994,2.591271339274067,-4.400000000000091,61.0,1.574041039514411,-19.0,0.8637571130913556,0.0,0.5246803465048037,0.0,0.3640632032283674,WARNING
2020-09-14,1.517,-1.3000000000000123,3.256002553988399,-0.35381140920473203,0.2283333333333334,0.6996610497263444,13.700000000000001,1.0435749183253693,-0.020160648935704018,0.0,0.23322034990878146,0.137,0.10080324467852009,0.11436536785316434,NORMAL,132.79999999999998,2.591404026930821,-3.9000000000000057,60.0,1.5272367339816466,-21.0,0.8638013423102736,0.0,0.5090789113272155,0.0,0.3609561849585252,WARNING
2020-09-15,1.503,-1.4000000000000012,3.119058562417434,-0.4296454765040062,0.18833333333333335,0.5755984661091734,11.299999999999999,1.0448167724781765,-0.0189946401079375,0.0,0.19186615536972448,0.11299999999999999,0.0949732005396875,0.0989625112898199,NORMAL,133.1,2.5915124364181006,-4.100000000000023,59.0,1.4806673769526555,-22.0,0.8638374788060336,0.0,0.4935557923175518,0.0,0.35786240210532044,WARNING
2020-09-16,1.485,-1.7999999999999794,3.1474133071962154,-0.4139437607942404,0.16666666666666685,0.5070753641330458,10.000000000000009,1.0464153421400681,-0.017493701907302595,0.0,0.16902512137768191,0.10000000000000009,0.08746850953651297,0.0887924280901416,NORMAL,132.29999999999998,2.5513500486280094,-4.900000000000034,56.99999999999999,1.390541639164328,-23.000000000000007,0.8504500162093365,0.0,0.46351387972144265,0.0,0.3478377808070895,WARNING
2020-09-17,1.508,2.299999999999991,3.115914160022963,-0.4313867199135408,0.24166666666666672,0.7365967092927646,14.500000000000002,1.0443696001461842,-0.019414501720073973,0.0,0.2455322364309215,0.14500000000000002,0.09707250860036987,0.11693545072633225,NORMAL,132.20000000000002,2.5372762154118043,-4.799999999999983,54.99999999999999,1.3007804413808919,-22.999999999999993,0.8457587384706015,0.0,0.4335934804602973,0.0,0.3404463176332399,WARNING
2020-09-18,1.503,-0.5000000000000115,3.0702777175946028,-0.45665834378481013,0.2649999999999997,0.8120642018926122,15.89999999999998,1.0448134572262464,-0.018997752883304964,0.0,0.2706880672975374,0.1589999999999998,0.09498876441652482,0.12393311922611738,NORMAL,132.50000000000003,2.5379325041499383,-2.4999999999999716,52.99999999999999,1.211335855383854,-23.999999999999993,0.8459775013833127,0.0,0.40377861846128466,0.0,0.3345489741072507,WARNING
2020-09-21,1.493,-0.9999999999999787,2.969826328432802,-0.5122842775597436,0.27666666666666695,0.8503786975328408,16.600000000000016,1.0457015486648888,-0.018163900973255598,0.0,0.2834595658442803,0.16600000000000015,0.09081950486627799,0.12621971511536728,NORMAL,132.80000000000004,2.5385602150645834,-3.299999999999983,51.99999999999999,1.1659392449713453,-23.999999999999993,0.8461867383548611,0.0,0.38864641499044844,0.0,0.331585304504548,WARNING
2020-09-22,1.472,-2.100000000000013,3.027744514007959,-0.48021151896425424,0.17833333333333332,0.5535886041878586,10.7,1.0475681259292555,-0.016411323536492994,0.0,0.1845295347292862,0.107,0.08205661768246497,0.09112855401884323,NORMAL,133.10000000000002,2.539159765838445,-3.1999999999999886,50.99999999999999,1.1206747084762905,-24.999999999999993,0.8463865886128149,0.0,0.3735582361587635,0.0,0.3286276238155972,WARNING
2020-09-23,1.447,-2.499999999999991,3.079862437119388,-0.4513507121235073,0.12333333333333348,0.37945935712413137,7.400000000000007,1.0497942081968552,-0.014321197599008073,0.0,0.12648645237471046,0.07400000000000007,0.07160598799504037,0.06873968567295825,NORMAL,133.4,2.5397315693363143,-2.8000000000000114,49.999999999999986,1.075531644540766,-26.0,0.8465771897787714,0.0,0.35851054818025535,0.0,0.3256752665696825,WARNING
2020-09-24,1.437,-1.0000000000000009,3.0705048444840513,-0.45653257006065967,0.0583333333333336,0.18110404939656824,3.500000000000014,1.0506865332738224,-0.01348337061696725,0.0,0.06036801646552275,0.03500000000000014,0.06741685308483625,0.046040344527039076,NORMAL,134.3,2.5618432203259616,-1.700000000000017,49.00000000000001,1.0304999756336402,-25.99999999999998,0.8539477401086538,0.0,0.34349999187788005,0.0,0.3248843204081721,WARNING
2020-09-25,1.424,-1.3000000000000123,2.683065803379259,-0.6710807074448513,0.07833333333333324,0.24477619262801992,4.699999999999993,1.05184754189309,-0.012393269741499124,0.0,0.08159206420933997,0.04699999999999993,0.06196634870749562,0.05050495232486623,NORMAL,134.50000000000003,2.5585363922274476,-0.19999999999998863,48.00000000000001,0.9855701317837315,-26.000000000000007,0.8528454640758159,0.0,0.32852337726124387,0.0,0.3215583146749935,WARNING
2020-09-28,1.426,0.20000000000000018,2.5720153883471943,-0.7325759548854072,0.0649999999999999,0.20334937153039973,3.8999999999999924,1.0516687278109682,-0.012561162885643018,0.0,0.06778312384346658,0.038999999999999924,0.06280581442821509,0.04647895053997934,NORMAL,134.90000000000003,2.562401475207176,2.500000000000057,48.00000000000001,0.9845170606576396,-25.000000000000007,0.8541338250690588,0.12500000000000283,0.32817235355254654,0.0,0.3593746182312278,WARNING
2020-09-29,1.43,0.40000000000000036,1.9839885398650408,-1.058201541594464,0.033333333333333395,0.10500170629159129,2.0000000000000018,1.0513111604435124,-0.012896892090262013,0.0,0.03500056876386377,0.020000000000000018,0.06448446045131007,0.03679389793329678,NORMAL,134.7,2.5448196888937784,3.299999999999983,48.00000000000001,0.9834673591345691,-21.999999999999993,0.8482732296312595,0.16499999999999915,0.32782245304485635,0.0,0.3695464594983489,WARNING
2020-10-05,1.479,4.9000000000000155,2.1771541057077313,-0.9512342307108317,0.151666666666667,0.4662321161328671,9.10000000000002,1.0469324494602652,-0.017008176534705988,0.0,0.15541070537762236,0.09100000000000019,0.08504088267352994,0.08329849414493648,NORMAL,134.0,2.509701191363954,0.19999999999998863,48.00000000000001,0.9824210092801078,-19.999999999999993,0.8365670637879847,0.009999999999999431,0.32747366976003595,0.0,0.31946485308840245,WARNING
2020-10-06,1.531,5.199999999999982,2.477535915083036,-0.7848948821470046,0.25666666666666654,0.7656000619471377,15.399999999999991,1.042305008033651,-0.02135300039442245,0.0,0.2552000206490459,0.15399999999999991,0.10676500197211225,0.12454600491865407,NORMAL,133.7,2.489211032861387,-0.5000000000000284,48.00000000000001,0.9813779932932025,-18.999999999999993,0.8297370109537957,0.0,0.3271259977644008,0.0,0.3143463028390189,WARNING
2020-10-07,1.533,0.20000000000000018,2.4770738254727345,-0.78515076876316,0.23666666666666653,0.7071240185238411,14.19999999999999,1.0421278161822851,-0.021519370384355474,0.0,0.2357080061746137,0.1419999999999999,0.10759685192177737,0.11858034200363368,NORMAL,133.4,2.468976400815259,-0.49999999999994316,48.00000000000001,0.9803382935048873,-17.999999999999993,0.8229921336050863,0.0,0.3267794311682958,0.0,0.31225352631518505,WARNING
2020-10-08,1.543,1.0000000000000009,2.2586616903775036,-0.9060986129276613,0.24333333333333318,0.726632655331396,14.59999999999999,1.0412420075385302,-0.0223510789195287,0.0,0.24221088511046532,0.1459999999999999,0.1117553945976435,0.12234433486115046,NORMAL,133.4,2.459563413172365,2.0,48.00000000000001,0.9793018923770255,-16.999999999999993,0.819854471057455,0.1,0.32643396412567516,0.0,0.3412431341423715,WARNING
2020-10-12,1.553,1.0000000000000009,2.241451597326587,-0.9156288693462036,0.2216666666666667,0.6650266297774569,13.3,1.0403569518321225,-0.023182080502447078,0.0,0.22167554325915229,0.133,0.11591040251223539,0.11729926965672462,NORMAL,132.6,2.422134841469325,0.5999999999999375,48.00000000000001,0.9782687725010676,-15.999999999999993,0.807378280489775,0.029999999999996873,0.3260895908336892,0.0,0.3164314023136694,WARNING
2020-10-13,1.527,-2.6000000000000023,2.158087603704533,-0.9617924916428056,0.1816666666666667,0.5397718078590108,10.899999999999999,1.0426561406956716,-0.021023312900357416,0.0,0.1799239359530036,0.10899999999999999,0.10511656450178708,0.09983141299131555,NORMAL,132.50000000000003,2.4097094385104945,-0.39999999999997726,48.00000000000001,0.9772389165968223,-14.999999999999993,0.8032364795034982,0.0,0.32574630553227407,0.0,0.30612020495750425,WARNING
2020-10-14,1.513,-1.4000000000000012,2.182128367105458,-0.9484796850803728,0.16499999999999998,0.48894444314843855,9.899999999999999,1.0438969015030994,-0.01985833064270892,0.0,0.16298148104947952,0.09899999999999999,0.0992916532135446,0.09211295749531374,NORMAL,133.6,2.4393951127772038,0.8000000000000114,48.00000000000001,0.9762123075112417,-13.999999999999993,0.8131317042590679,0.04000000000000057,0.32540410250374724,0.0,0.32102033177847,WARNING
2020-10-15,1.478,-3.499999999999992,2.2905756573632914,-0.8884259433024818,0.16666666666666685,0.4943391337044334,10.000000000000009,1.0470024947850711,-0.01694240917637091,0.0,0.16477971123481114,0.10000000000000009,0.08471204588185455,0.08684076059970407,NORMAL,134.3,2.4547358273933177,1.8000000000000682,48.00000000000001,0.9751889282172218,-12.999999999999993,0.8182452757977726,0.09000000000000341,0.32506297607240725,0.0,0.33748617795381425,WARNING
2020-10-16,1.493,1.5000000000000124,2.309157969112508,-0.87813580743306,0.24166666666666672,0.7245649311324714,14.500000000000002,1.0456675666042201,-0.0181958076046711,0.0,0.24152164371082382,0.14500000000000002,0.0909790380233555,0.11369594395150698,NORMAL,134.20000000000002,2.4420405747833356,1.400000000000034,48.00000000000001,0.9741687618124163,-11.999999999999993,0.8140135249277786,0.0700000000000017,0.32472292060413877,0.0,0.33014864159916185,WARNING
2020-10-19,1.441,-5.200000000000005,2.562461809728255,-0.73786634196721,0.17833333333333332,0.5174406452126499,10.7,1.0502894172486108,-0.013856233074283741,0.0,0.1724802150708833,0.107,0.06928116537141871,0.08360850916274415,NORMAL,133.8,2.419084336257784,0.700000000000017,48.00000000000001,0.9731517915180627,-10.999999999999993,0.8063614454192614,0.03500000000000085,0.32438393050602093,0.0,0.3172852197269828,WARNING
2020-10-20,1.462,2.0999999999999908,2.5913367816224677,-0.7218765454323569,0.17666666666666644,0.5128453859625255,10.599999999999987,1.0484146506388219,-0.0156164996982463,0.0,0.1709484619875085,0.10599999999999987,0.0780824984912315,0.08662269179399427,NORMAL,133.0,2.3825549445388323,0.700000000000017,48.00000000000001,0.972138000677824,-8.999999999999986,0.7941849815129441,0.03500000000000085,0.3240460002259413,0.0,0.31356469449907176,WARNING
2020-10-21,1.522,6.000000000000005,2.887924040406519,-0.5576384661656096,0.2933333333333332,0.8210908581726108,17.599999999999994,1.043067735920564,-0.020636855549785116,0.0,0.27369695272420363,0.17599999999999993,0.10318427774892558,0.13121310164441094,NORMAL,132.49999999999994,2.356812276990357,0.2999999999999261,48.00000000000001,0.9711273727566411,-6.999999999999986,0.785604092330119,0.014999999999996304,0.3237091242522137,0.0,0.3049230525494773,WARNING
2020-10-22,1.507,-1.5000000000000124,2.906906476506927,-0.5471267575449613,0.3149999999999998,0.8880328558553017,18.899999999999984,1.0443976472838628,-0.019388167540611123,0.0,0.29601095195176724,0.18899999999999983,0.09694083770305562,0.13577852547157568,NORMAL,132.1,2.3348068127347803,-0.4000000000000341,48.00000000000001,0.9701198913396015,-4.999999999999986,0.7782689375782601,0.0,0.3233732971132005,0.0,0.2981553406961181,NORMAL
2020-10-23,1.495,-1.1999999999999789,2.9109412476668854,-0.5448924637714889,0.31666666666666704,0.8930454420327819,19.000000000000018,1.0454629328840923,-0.01838794347150252,0.0,0.2976818140109273,0.19000000000000017,0.09193971735751261,0.13431224974519054,NORMAL,132.49999999999994,2.340545765117779,-0.30000000000009663,48.00000000000001,0.969115540130819,-3.999999999999986,0.7801819217059264,0.0,0.3230385133769397,0.0,0.29866227918716587,NORMAL
2020-10-26,1.482,-1.3000000000000123,2.8858091996599717,-0.5588095797987171,0.2966666666666666,0.8343811457391636,17.799999999999994,1.0466181694249292,-0.017303262149038434,0.0,0.2781270485797212,0.17799999999999994,0.08651631074519217,0.1258319340140211,NORMAL,132.29999999999998,2.3256319726109775,-0.8000000000000398,48.00000000000001,0.9681143029523246,-2.999999999999986,0.7752106575369925,0.0,0.3227047676507749,0.0,0.2971041507912527,NORMAL
2020-10-27,1.503,2.0999999999999908,2.8550232739396124,-0.5758575856014279,0.2899999999999999,0.8170978636918736,17.39999999999999,1.0447499559925058,-0.01905737582610245,0.0,0.2723659545639579,0.1739999999999999,0.09528687913051226,0.12738794256499647,NORMAL,132.2,2.314300540072039,-1.200000000000017,48.00000000000001,0.9671161637429732,-1.9999999999999787,0.7714335133573463,0.0,0.32237205458099105,0.0,0.2959044649234021,NORMAL
2020-10-28,1.497,-0.5999999999999783,2.8469743865891655,-0.5803147352581308,0.31333333333333363,0.8873146160828032,18.80000000000002,1.045282778470062,-0.0185570950877737,0.0,0.2957715386942677,0.1880000000000002,0.0927854754388685,0.13386849791440097,NORMAL,131.8,2.292845492803643,-2.5,48.00000000000001,0.9661211065573615,-1.0,0.7642818309345477,0.0,0.32204036885245385,0.0,0.2936926230508551,NORMAL
2020-10-29,1.527,2.9999999999999805,2.8819355703379212,-0.560954639712124,0.41000000000000003,1.165073131742957,24.6,1.0426173073849634,-0.021059774495299832,0.0,0.38835771058098567,0.24600000000000002,0.10529887247649916,0.16899109110679683,NORMAL,131.3,2.2682121236293034,-3.200000000000017,48.00000000000001,0.9651291155647559,0.0,0.7560707078764345,0.0,0.321709705188252,0.0,0.29116315340058074,NORMAL
2020-10-30,1.546,1.9000000000000128,2.897185567154153,-0.5525098056481444,0.4166666666666667,1.1826298381752753,25.0,1.0409334804335366,-0.022640762959489913,0.0,0.39420994605842513,0.25,0.11320381479744956,0.17412351513066487,NORMAL,131.2,2.257437313608128,-3.7000000000000455,48.00000000000001,0.9641401750480371,0.0,0.7524791045360426,0.0,0.3213800583493457,0.0,0.2900197430306819,NORMAL
2020-11-02,1.602,5.600000000000005,3.104224625621639,-0.43785991328491863,0.4933333333333334,1.3603067389464227,29.600000000000005,1.035978637066673,-0.02729299292780274,0.0,0.4534355796488076,0.29600000000000004,0.1364649646390137,0.204473101785367,NORMAL,130.20000000000002,2.216232197676663,-4.499999999999972,48.00000000000001,0.963154269402651,0.0,0.738744065892221,0.0,0.32105142313421703,0.0,0.28583350439450966,NORMAL
2020-11-03,1.607,0.49999999999998934,2.955173875016317,-0.5203982161541901,0.5016666666666666,1.3836526999431455,30.099999999999994,1.0355383461459198,-0.027706393405808383,0.0,0.4612175666477152,0.30099999999999993,0.1385319670290419,0.2078563001411598,NORMAL,129.6,2.188991859816661,-4.400000000000006,44.0,0.7868773051412784,-4.000000000000007,0.7296639532722203,0.0,0.2622924350470928,0.0,0.27135767299108465,NORMAL
2020-11-04,1.569,-3.8000000000000034,2.909132625298985,-0.5458940059990298,0.46,1.2485644321386626,27.6,1.0388831350039711,-0.02456588505650914,0.0,0.4161881440462209,0.276,0.1228294252825457,0.18756939892226246,NORMAL,130.20000000000002,2.2025843120529314,-3.4999999999999716,44.0,0.7862035029282913,-4.000000000000007,0.7341947706843105,0.0,0.2620678343094304,0.0,0.27267199806717923,NORMAL
2020-11-05,1.527,-4.200000000000004,3.0702477184474217,-0.4566749561043442,0.3683333333333331,0.9790830439320426,22.099999999999987,1.0425919477959353,-0.02108358526616083,0.0,0.3263610146440142,0.22099999999999986,0.10541792633080416,0.1516393734611245,NORMAL,131.0,2.2227754587553386,-2.4000000000000057,45.0,0.8293808459534596,-3.000000000000007,0.7409251529184462,0.0,0.2764602819844865,0.0,0.27756960227243116,NORMAL
2020-11-06,1.559,3.200000000000003,3.147530360206407,-0.41387894155134675,0.4,1.0558130481664871,24.0,1.0397560976979303,-0.023746237914236912,0.0,0.35193768272216236,0.24,0.11873118957118456,0.16588001237290628,NORMAL,130.6,2.202360325623505,-2.8000000000000114,45.0,0.8286420801769757,-3.000000000000007,0.7341201085411684,0.0,0.2762140267256586,0.0,0.27547883790748223,NORMAL
2020-11-09,1.568,0.9000000000000119,3.14607106688561,-0.41468703942135343,0.3416666666666668,0.9163414571942055,20.500000000000007,1.0389606842831913,-0.02449307204223261,0.0,0.30544715239806847,0.20500000000000007,0.12246536021116305,0.15107557456407894,NORMAL,129.5,2.1586261083859766,-3.0999999999999943,45.0,0.8279052857115577,-3.000000000000007,0.7195420361286589,0.0,0.27596842857051923,0.0,0.27105629655270147,NORMAL
2020-11-10,1.624,5.600000000000005,3.3092016846172596,-0.32435187318499165,0.46500000000000025,1.2199662030867442,27.900000000000013,1.0340152314260034,-0.029136485019311542,0.0,0.40665540102891473,0.27900000000000014,0.1456824250965577,0.19540405024440605,NORMAL,129.29999999999998,2.145498869383584,-3.2000000000000455,45.0,0.8271704538042304,-3.000000000000007,0.715166289794528,0.0,0.2757234846014101,0.0,0.2696945838586404,NORMAL
2020-11-11,1.662,3.799999999999981,3.357234921150066,-0.29775300126629783,0.4816666666666665,1.2568038479751442,28.89999999999999,1.0306753622284974,-0.032272374172699125,0.0,0.4189346159917147,0.2889999999999999,0.16136187086349563,0.20613167154374118,NORMAL,128.5,2.1124035637919145,-5.099999999999994,45.0,0.826437575756337,-3.000000000000007,0.7041345212639715,0.0,0.275479191918779,0.0,0.26633619476294723,NORMAL
2020-11-12,1.65,-1.200000000000001,3.2415720682539564,-0.36180243103630955,0.4799999999999997,1.2520623953588026,28.799999999999983,1.0317266510979706,-0.03128529199435515,0.0,0.4173541317862675,0.2879999999999998,0.15642645997177573,0.20364141034596375,NORMAL,128.7,2.1130375395813648,-5.600000000000023,45.0,0.8257066429231075,-3.000000000000007,0.7043458465271216,0.0,0.2752355476410358,0.0,0.2663508634863436,NORMAL
2020-11-13,1.627,-2.299999999999991,3.3126710482153565,-0.3224306793482588,0.3850000000000002,1.005553660578759,23.10000000000001,1.033743676700867,-0.029391454740204215,0.0,0.335184553526253,0.2310000000000001,0.14695727370102107,0.17201982018565903,NORMAL,128.80000000000004,2.110324616613401,-5.399999999999977,45.0,0.8249776467132294,-3.000000000000007,0.7034415388711337,0.0,0.2749925489044098,0.0,0.26603097144222204,NORMAL
2020-11-16,1.623,-0.40000000000000036,3.026531800071184,-0.48088307110203843,0.44333333333333336,1.1784703071670057,26.6,1.0340951495509452,-0.029061447834816012,0.0,0.39282343572233525,0.266,0.14530723917408006,0.1898875828140991,NORMAL,128.4,2.0909799203601547,-5.400000000000006,45.0,0.8242505785884233,-3.000000000000007,0.6969933067867182,0.0,0.2747501928628078,0.0,0.264048030608577,NORMAL
2020-11-17,1.62,-0.29999999999998916,3.0244442725721945,-0.4820390597586522,0.4550000000000002,1.21134449811311,27.30000000000001,1.0343588438140805,-0.028813858504014078,0.0,0.4037814993710367,0.27300000000000013,0.1440692925200704,0.19298401688223554,NORMAL,129.0,2.1050554747027923,-4.0,45.0,0.8235254300630239,-3.000000000000007,0.7016851582342641,0.0,0.27450847668767464,0.0,0.2654072428078142,NORMAL
2020-11-18,1.602,-1.8000000000000016,2.812752912605093,-0.5992652093272592,0.3716666666666668,0.9923384744129633,22.300000000000008,1.035941412845116,-0.027327943707525115,0.0,0.3307794914709878,0.2230000000000001,0.13663971853762558,0.1654117857092478,NORMAL,129.0,2.0990848153466573,-3.499999999999943,44.0,0.7788855250393006,-4.000000000000007,0.6996949384488858,0.0,0.25962850834643353,0.0,0.2618341832039524,NORMAL
2020-11-19,1.608,0.6000000000000005,2.7770630074538154,-0.6190288414377206,0.3300000000000003,0.8878159748247982,19.80000000000002,1.0354130827245651,-0.027824006456234285,0.0,0.29593865827493276,0.19800000000000018,0.13912003228117142,0.15443574456745518,NORMAL,128.2,2.0666596422552543,-3.9000000000000057,43.0,0.7343007490642751,-5.000000000000007,0.6888865474184181,0.0,0.24476691635475836,0.0,0.25561934749647713,NORMAL
2020-11-20,1.607,-0.10000000000001119,2.7523004731927174,-0.6327413356341789,0.3816666666666668,1.040126449441276,22.90000000000001,1.0355010928365969,-0.027741371496782907,0.0,0.34670881648042534,0.2290000000000001,0.13870685748391454,0.17062450628965092,NORMAL,127.1,2.0245910966835727,-5.399999999999949,43.0,0.7337105204599002,-5.000000000000007,0.6748636988945242,0.0,0.24457017348663337,0.0,0.2513731443656839,NORMAL
2020-11-23,1.581,-2.6000000000000023,2.8132159907348617,-0.5990087753088341,0.3233333333333333,0.8734762410016433,19.399999999999995,1.0377895502517658,-0.025592679927790796,0.0,0.2911587470005478,0.19399999999999995,0.12796339963895398,0.14821710925569115,NORMAL,126.39999999999998,1.9960900352029867,-5.900000000000006,43.0,0.733121713292559,-5.000000000000007,0.6653633450676623,0.0,0.24437390443085302,0.0,0.2484837844064693,NORMAL
2020-11-24,1.598,1.7000000000000126,2.8026068691769654,-0.6048836795596773,0.32333333333333364,0.8734762410016442,19.400000000000016,1.036289944351652,-0.027000698505295073,0.0,0.29115874700054806,0.19400000000000017,0.13500349252647537,0.1510331464106998,NORMAL,126.1,1.9810174053931224,-6.099999999999994,43.0,0.7325343218649834,-5.000000000000007,0.6603391351310408,0.0,0.24417810728832778,0.0,0.2469373619969778,NORMAL
2020-11-25,1.629,3.0999999999999917,2.849635249050586,-0.5788412567896073,0.3466666666666666,0.9309784171373314,20.799999999999997,1.0335593203482856,-0.029564551664733485,0.0,0.31032613904577716,0.20799999999999996,0.14782275832366742,0.1627943311386224,NORMAL,126.2,1.9792416568007198,-5.6000000000000085,43.0,0.731948340511826,-5.000000000000007,0.6597472189335732,0.0,0.24398278017060868,0.0,0.24672072171419368,NORMAL
2020-11-26,1.655,2.6000000000000023,2.833706889719212,-0.5876617406943466,0.2816666666666668,0.7832394015297112,16.900000000000006,1.0312751542503158,-0.03170921400555449,0.0,0.2610798005099037,0.16900000000000007,0.15854607002777243,0.14943438811308973,NORMAL,125.90000000000003,1.9643210265192432,-5.399999999999977,43.0,0.7313637635994321,-5.000000000000007,0.6547736755064144,0.0,0.24378792119981071,0.0,0.24518968689188647,NORMAL
2020-11-27,1.641,-1.4000000000000012,2.852491985320171,-0.5772593112946733,0.20833333333333337,0.5824341720838644,12.5,1.0325023716838737,-0.030556947970221016,0.0,0.1941447240279548,0.125,0.15278473985110508,0.12494284074603298,NORMAL,125.29999999999998,1.9396625915989782,-5.900000000000006,43.0,0.730780585525611,-5.000000000000007,0.6465541971996595,0.0,0.243593528508537,0.0,0.24268496486160523,NORMAL
2020-11-30,1.659,1.8000000000000016,2.6093505947487796,-0.711901221204792,0.1283333333333333,0.37516698450466157,7.699999999999996,1.0309226430551974,-0.032040195839826535,0.0,0.12505566150155387,0.07699999999999996,0.16020097919913268,0.10449152397996384,NORMAL,125.19999999999997,1.931596029513952,-5.000000000000043,43.0,0.73019880071941,-5.000000000000007,0.6438653431713174,0.0,0.24339960023980334,0.0,0.24183952299935588,NORMAL
2020-12-01,1.649,-1.0000000000000009,2.6243595709991334,-0.7035898546234206,0.18333333333333351,0.5483504591298505,11.00000000000001,1.0317989273017945,-0.031217430006290292,0.0,0.18278348637661682,0.11000000000000011,0.15608715003145146,0.12099155728790398,NORMAL,125.00000000000003,1.9203139611138065,-4.599999999999966,43.0,0.7296184036408925,-1.0,0.6401046537046021,0.0,0.24320613454696416,0.0,0.24067262302077347,NORMAL
2020-12-02,1.675,2.6000000000000023,2.496755789756825,-0.774251689606933,0.2516666666666667,0.7501556818271342,15.100000000000001,1.0295186516724575,-0.03335843948597639,0.0,0.2500518939423781,0.15100000000000002,0.16679219742988194,0.1469272577604284,NORMAL,125.1,1.918930729302798,-5.100000000000023,43.0,0.729039388780915,-1.0,0.639643576434266,0.0,0.24301312959363833,0.0,0.24049569884900743,NORMAL
2020-12-03,1.669,-0.6000000000000005,2.255962858970122,-0.9075931170693105,0.23666666666666689,0.7048171470543744,14.200000000000014,1.0300437061848104,-0.03286545229011428,0.0,0.2349390490181248,0.14200000000000013,0.16432726145057142,0.14111871438385354,NORMAL,125.1,1.914289419642166,-5.900000000000006,43.0,0.7284617506609075,-2.0,0.6380964732140554,0.0,0.2428205835536358,0.0,0.23999305867494378,NORMAL
2020-12-04,1.655,-1.4000000000000012,2.2229899258715347,-0.9258521994793406,0.1383333333333333,0.42052714195225666,8.299999999999997,1.0312694581951705,-0.031714562178339456,0.0,0.14017571398408554,0.08299999999999998,0.15857281089169728,0.10806426715349601,NORMAL,125.40000000000002,1.9194690990127665,-5.199999999999974,43.0,0.7278854838326558,-2.0,0.6398230330042555,0.0,0.2426284946108853,0.0,0.2404726088234537,NORMAL
2020-12-07,1.646,-0.9000000000000119,2.241451597326588,-0.915628869346203,0.15166666666666664,0.4624575904045155,9.099999999999998,1.0320583793306897,-0.030973823818405966,0.0,0.1541525301348385,0.09099999999999998,0.15486911909202983,0.11097815366377964,NORMAL,125.4,1.9148340219764173,-4.099999999999994,43.0,0.7273105828780863,-2.0,0.6382780073254725,0.0,0.2424368609593621,0.0,0.23997077438951414,NORMAL
2020-12-08,1.642,-0.40000000000000036,1.8797816222552115,-1.1159071357751231,0.20666666666666653,0.6427015901295148,12.399999999999988,1.0324092791796622,-0.030644354918504146,0.0,0.21423386337650493,0.12399999999999987,0.15322177459252073,0.12893548251230924,NORMAL,125.19999999999997,1.9037251209893111,-4.1000000000000085,43.0,0.7267370424090505,-2.0,0.6345750403297704,0.0,0.2422456808030168,0.0,0.23882164825953447,NORMAL
2020-12-09,1.656,1.4000000000000012,1.6983273505051095,-1.2163892036466972,0.23166666666666674,0.7191791365758918,13.900000000000002,1.0311807121374383,-0.03179788813615114,0.0,0.2397263788586306,0.139,0.1589894406807557,0.1393410520440284,NORMAL,124.8,1.8861983061195198,-3.700000000000003,43.0,0.7261648570671141,-2.0,0.6287327687065066,0.0,0.2420549523557047,0.0,0.23703082108309292,NORMAL
2020-12-10,1.655,-0.09999999999998899,1.676109216388711,-1.2286927115152708,0.20833333333333337,0.6476825400392674,12.5,1.03126836249797,-0.03171559095664278,0.0,0.21589418001308913,0.125,0.1585779547832139,0.13161001791590338,NORMAL,123.90000000000003,1.8525686995486184,-4.7999999999999545,43.0,0.725594021523346,-2.0,0.6175228998495395,0.0,0.24186467384111532,0.0,0.2336298047230849,NORMAL
2020-12-11,1.661,0.6000000000000005,1.587483941070875,-1.277769819724043,0.24000000000000027,0.7483626010542966,14.400000000000013,1.030742415633096,-0.03220941600525484,0.0,0.2494542003514322,0.14400000000000013,0.16104708002627421,0.14310967208079617,NORMAL,123.50000000000001,1.8353844035767402,-5.300000000000026,43.0,0.7250245304781098,-2.0,0.6117948011922467,0.0,0.24167484349270327,0.0,0.23187340905621465,NORMAL
2020-12-14,1.67,0.8999999999999897,1.5895298874692219,-1.2766368570063429,0.27833333333333343,0.8706978741932718,16.700000000000003,1.0299538976851366,-0.03294977580201097,0.0,0.2902326247310906,0.16700000000000004,0.16474887901005486,0.15734607655024008,NORMAL,123.00000000000001,1.8150788992522753,-5.3999999999999915,43.0,0.7244563786608574,-2.0,0.6050262997507584,0.0,0.24148545955361914,0.0,0.22980498183595133,NORMAL
2020-12-15,1.671,0.10000000000001119,1.584953925944992,-1.2791708402078439,0.3099999999999999,0.9756402217590695,18.599999999999994,1.0298663516038333,-0.03303197507106781,0.0,0.32521340725302317,0.18599999999999994,0.16515987535533905,0.16830663159274026,NORMAL,123.10000000000001,1.8143192163191444,-5.8999999999999915,43.0,0.7238895608299236,-2.0,0.6047730721063814,0.0,0.2412965202766412,0.0,0.22969122568724268,NORMAL
2020-12-16,1.692,2.0999999999999908,1.558508058503732,-1.2938154965255249,0.30666666666666664,0.966172788433697,18.399999999999995,1.0280280401662205,-0.03475801299556591,0.0,0.3220575961445657,0.18399999999999994,0.17379006497782956,0.17072754522004496,NORMAL,123.20000000000002,1.8135640579814782,-5.799999999999983,43.0,0.7233240717723235,-1.0,0.6045213526604928,0.0,0.24110802392410782,0.0,0.2295780105829694,NORMAL
2020-12-17,1.732,4.0000000000000036,1.7494660839660168,-1.1880706325988797,0.3816666666666669,1.1816862637385912,22.90000000000001,1.0245327448296555,-0.03803983575138081,0.0,0.3938954212461971,0.2290000000000001,0.19019917875690406,0.20065875575200107,NORMAL,123.0,1.8031312751299913,-5.199999999999989,43.0,0.72275990630355,0.0,0.6010437583766638,0.0,0.24091996876785002,0.0,0.22849712126656913,NORMAL
2020-12-18,1.708,-2.400000000000002,1.8706809905542618,-1.1209466990955632,0.3583333333333331,1.1008382462479593,21.499999999999986,1.026622791629108,-0.03607743701631372,0.0,0.3669460820826531,0.21499999999999986,0.1803871850815686,0.18854409044915804,NORMAL,124.50000000000001,1.8475654851598344,-2.59999999999998,43.0,0.7221970592673752,0.0,0.6158551617199448,0.0,0.24073235308912508,0.0,0.23290301913380845,NORMAL
2020-12-21,1.679,-2.8999999999999915,1.8978935691971817,-1.1058774689926523,0.34500000000000014,1.053488700776962,20.700000000000006,1.0291534168104737,-0.03370136789855893,0.0,0.35116290025898733,0.20700000000000007,0.16850683949279466,0.17903531584891536,NORMAL,124.2,1.8337467995111945,-2.1999999999999744,43.0,0.7216355255356519,0.0,0.6112489331703982,0.0,0.24054517517855065,0.0,0.23148371498682957,NORMAL
2020-12-22,1.657,-2.200000000000002,1.9661544084569638,-1.0680773653229068,0.35,1.07104210004326,20.999999999999996,1.0310779336999094,-0.031894389456529115,0.0,0.35701403334775333,0.20999999999999996,0.15947194728264558,0.1771915855826089,NORMAL,124.50000000000001,1.8393141513625892,-1.59999999999998,43.0,0.7210753000081169,0.0,0.6131047171208631,0.0,0.24035843333603898,0.0,0.23200310180346673,NORMAL
2020-12-23,1.64,-1.7000000000000126,1.89749835309547,-1.10609632375299,0.3383333333333331,1.0321079371126303,20.299999999999983,1.0325678413141057,-0.03049547684929388,0.0,0.3440359790375434,0.20299999999999982,0.1524773842464694,0.1703981495060964,NORMAL,124.70000000000002,1.841630914361004,-1.4999999999999858,43.0,0.7205163776121972,0.0,0.6138769714536679,0.0,0.24017212587073242,0.0,0.23219751661024687,NORMAL
2020-12-24,1.682,4.200000000000004,2.038904504616975,-1.027791291980521,0.43,1.291984391508917,25.8,1.0288815741206143,-0.03395660799694189,0.0,0.4306614638363057,0.258,0.16978303998470945,0.20564550876114493,NORMAL,124.60000000000002,1.8343086140551423,-1.3000000000000114,43.0,0.7199587533028164,0.0,0.6114362046850474,0.0,0.23998625110093882,0.0,0.231428111625702,NORMAL
2020-12-28,1.681,-0.09999999999998899,2.0078792163296186,-1.0449718471328333,0.4250000000000002,1.2765926773908711,25.50000000000001,1.0289690290544145,-0.03387449430862177,0.0,0.4255308924636237,0.2550000000000001,0.16937247154310886,0.20385516710996832,NORMAL,123.80000000000003,1.8046079219303717,-1.4999999999999574,43.0,0.7194024220622031,0.0,0.6015359739767906,0.0,0.2398008073540677,0.0,0.22842095366385073,NORMAL
2020-12-29,1.698,1.6999999999999904,2.0038055898977034,-1.0472276573910722,0.4466666666666667,1.3389519427270786,26.8,1.0274821688074307,-0.035270545664345954,0.0,0.44631731424235954,0.268,0.17635272832172977,0.21340455417716384,NORMAL,122.9,1.7719001646730697,-2.2999999999999687,43.0,0.7188473788997022,0.0,0.5906333882243565,0.0,0.2396157929665674,0.0,0.22511317506062042,NORMAL
2020-12-30,1.713,1.5000000000000124,2.0033130454062236,-1.0475004086938953,0.39,1.1982044192983288,23.4,1.0261721290422012,-0.03650057571862386,0.0,0.3994014730994429,0.23399999999999999,0.1825028785931193,0.1996814460571363,NORMAL,123.00000000000001,1.7713766324546758,-2.000000000000014,43.0,0.7182936188515855,0.0,0.5904588774848919,0.0,0.23943120628386183,0.0,0.22502390450223994,NORMAL
2020-12-31,1.713,0.0,1.9306121200010007,-1.0877592532525644,0.3033333333333336,0.9624933711767276,18.200000000000017,1.0261721290422012,-0.03650057571862386,0.0,0.3208311237255759,0.18200000000000016,0.1825028785931193,0.17356737618236293,NORMAL,123.20000000000002,1.7740502582394395,-1.8999999999999773,43.0,0.7177411369808664,0.0,0.5913500860798132,0.0,0.2392470456602888,0.0,0.22525443495600173,NORMAL
2021-01-04,1.723,1.0000000000000009,1.9293031193453793,-1.088484125097429,0.316666666666667,1.0041384178790205,19.000000000000018,1.0252998827325153,-0.03731955022926314,0.0,0.3347128059596735,0.19000000000000017,0.18659775114631572,0.17958166165046102,NORMAL,123.80000000000003,1.7894682059278217,-1.2999999999999687,43.0,0.7171899283771138,0.0,0.5964894019759406,0.0,0.23906330945903795,0.0,0.22675948248458977,NORMAL
2021-01-05,1.691,-3.200000000000003,2.049544236884725,-1.0218994367513654,0.24666666666666692,0.7695888303470381,14.800000000000013,1.0280886984135478,-0.034701059405886636,0.0,0.2565296101156794,0.14800000000000013,0.17350529702943318,0.15030804083490917,NORMAL,123.70000000000002,1.7824782563136528,-1.7000000000000028,41.0,0.6280918682683655,-2.0,0.5941594187712176,0.0,0.20936395608945516,0.0,0.2201206168492563,NORMAL
2021-01-06,1.731,4.0000000000000036,2.2009268382589284,-0.9380698488384009,0.29666666666666697,0.9090275664947827,17.800000000000015,1.0245931968389417,-0.037983075803906696,0.0,0.3030091888315942,0.17800000000000016,0.18991537901953348,0.17216798937413227,NORMAL,122.30000000000003,1.734142906993502,-3.09999999999998,40.0,0.5833553247443072,-3.0,0.5780476356645007,0.0,0.19445177491476906,0.0,0.212304645682304,NORMAL
2021-01-07,1.724,-0.7000000000000117,2.2078567840662564,-0.9342323239444307,0.3283333333333335,1.016158136721746,19.700000000000006,1.0252028297910607,-0.037410675734010135,0.0,0.3387193789072487,0.19700000000000006,0.18705337867005067,0.18196522724947,NORMAL,121.30000000000001,1.698822192770034,-3.899999999999963,39.0,0.5386483690567819,-4.0,0.566274064256678,0.0,0.17954945635226063,0.0,0.20579211054745553,NORMAL
2021-01-08,1.729,0.5000000000000115,2.195755474833931,-0.9409335416335466,0.3600000000000004,1.1187401544498106,21.60000000000002,1.0247671185883995,-0.037819776196823196,0.0,0.3729133848166035,0.2160000000000002,0.18909888098411598,0.19342222935696712,NORMAL,120.0,1.6541670475314594,-4.799999999999997,38.0,0.49396649849989227,-5.0,0.5513890158438198,0.0,0.16465549949996408,0.0,0.19834780465313875,NORMAL
2021-01-11,1.692,-3.7000000000000144,2.376037169654334,-0.8411007996417011,0.35666666666666663,1.1059954096531806,21.4,1.02799001117636,-0.034793719392962275,0.0,0.3686651365510602,0.214,0.17396859696481137,0.18612046609613658,NORMAL,119.20000000000002,1.625639310768338,-4.700000000000017,37.0,0.449305592027104,-6.0,0.5418797702561127,0.0,0.14976853067570134,0.0,0.19251763721197407,NORMAL
2021-01-12,1.718,2.6000000000000023,2.43575882480832,-0.8080293522257369,0.37499999999999983,1.1570377959970581,22.499999999999986,1.0257181532516602,-0.03692682527310387,0.0,0.3856792653323527,0.22499999999999987,0.18463412636551935,0.19598950361267825,NORMAL,118.5,1.6004369232288957,-5.000000000000014,36.0,0.4046619063710244,-7.0,0.5334789744096319,0.0,0.1348873021236748,0.0,0.18702115274762454,NORMAL
2021-01-13,1.719,0.10000000000001119,2.4316931506560198,-0.8102807588317923,0.46333333333333343,1.4942166962753847,27.800000000000004,1.0256309672086337,-0.037008686492955745,0.0,0.4980722320917949,0.278,0.18504343246477872,0.22923181940427048,NORMAL,117.89999999999998,1.5785362900993773,-5.100000000000037,35.0,0.36003207260330905,-8.0,0.5261787633664591,0.0,0.12001069086776968,0.0,0.18185576718349164,NORMAL
2021-01-14,1.734,1.4999999999999902,2.4473992640954125,-0.8015833457513818,0.45333333333333337,1.4654372946583907,27.200000000000003,1.0243232877254427,-0.03823650041767723,0.0,0.48847909821946356,0.272,0.19118250208838616,0.2285688204792472,NORMAL,116.69999999999999,1.5377214908637686,-6.40000000000002,35.0,0.3598276222106272,-8.0,0.5125738302879229,0.0,0.11994254073687573,0.0,0.177760657233752,NORMAL
2021-01-15,1.731,-0.29999999999998916,2.413879820843141,-0.8201450634745702,0.3483333333333335,1.181095153459003,20.900000000000006,1.0245844901638126,-0.037991250725283754,0.0,0.3936983844863344,0.20900000000000005,0.18995625362641877,0.1965221783478344,NORMAL,117.10000000000005,1.5477985773393157,-6.099999999999966,35.0,0.35962351977191315,-8.0,0.5159328591131053,0.0,0.11987450659063771,0.0,0.17875475905205912,NORMAL
2021-01-18,1.714,-1.7000000000000126,2.2733930125417636,-0.8979409999970285,0.3450000000000001,1.168316474855715,20.700000000000006,1.0260650147520993,-0.03660114808258186,0.0,0.389438824951905,0.20700000000000007,0.1830057404129093,0.19249006115554473,NORMAL,116.9,1.538830531560526,-6.099999999999994,33.0,0.27051076093439763,-10.0,0.5129435105201753,0.0,0.0901702536447992,0.0,0.1719171038850124,NORMAL
2021-01-19,1.711,-0.29999999999998916,2.2086611805630914,-0.9337868815604567,0.36000000000000004,1.223050562652388,21.599999999999998,1.026326661330861,-0.036355481375342946,0.0,0.40768352088412935,0.21599999999999997,0.18177740687671473,0.19744766692751176,NORMAL,115.8,1.5014252086565005,-8.700000000000017,33.0,0.2703652691185601,-10.0,0.5004750695521668,0.0,0.09012175637285337,0.0,0.1681668721402207,NORMAL
2021-01-20,1.703,-0.8000000000000007,2.1105250032808702,-0.9881307442384839,0.36833333333333346,1.2542568553471816,22.10000000000001,1.0270245634605661,-0.035700203102678074,0.0,0.4180856184490605,0.22100000000000009,0.17850101551339037,0.19921752989516828,NORMAL,115.3,1.4831655093648717,-8.900000000000006,33.0,0.27022001182461225,-10.0,0.4943885031216239,0.0,0.09007333727487075,0.0,0.1663312183914613,NORMAL
2021-01-21,1.706,0.29999999999998916,2.0386979849119986,-1.0279056542758371,0.3383333333333335,1.1578948733815781,20.300000000000008,1.0267626721968837,-0.0359460995508869,0.0,0.38596495779385936,0.20300000000000007,0.1797304977544345,0.1896851906605457,NORMAL,115.09999999999998,1.4744703349343344,-9.400000000000034,33.0,0.27007498842312866,-10.0,0.4914901116447781,0.0,0.09002499614104288,0.0,0.16545203272164202,NORMAL
2021-01-22,1.758,5.200000000000005,2.2636486615987756,-0.903337029108794,0.43499999999999983,1.4368983105729471,26.09999999999999,1.0222243811857734,-0.040207217790871996,0.0,0.47896610352431573,0.2609999999999999,0.20103608895435998,0.22840765628660714,NORMAL,113.10000000000002,1.408936146066998,-11.599999999999994,33.0,0.26993019828704706,-10.0,0.4696453820223327,0.0,0.08997673276234902,0.0,0.15888896115916962,NORMAL
2021-01-25,1.78,2.200000000000002,2.136376666966274,-0.9738151340300492,0.42166666666666686,1.4003745382748987,25.30000000000001,1.020312821592956,-0.042002030293603054,0.0,0.46679151275829955,0.2530000000000001,0.21001015146801527,0.22796236313886606,NORMAL,111.80000000000001,1.3657701932544442,-12.800000000000011,33.0,0.2697856407916567,-10.0,0.45525673108481474,0.0,0.08992854693055223,0.0,0.15456272871155485,NORMAL
2021-01-26,1.77,-1.0000000000000009,2.158819121649619,-0.9613874064657058,0.3733333333333333,1.240445850603756,22.4,1.02118008749131,-0.04118773201935266,0.0,0.41348195020125195,0.22399999999999998,0.20593866009676332,0.20987185407895573,NORMAL,111.5,1.3543450625700078,-12.300000000000026,33.0,0.2696413153145859,-10.0,0.45144835419000257,0.0,0.0898804384381953,0.0,0.15341059394463982,NORMAL
2021-01-27,1.757,-1.3000000000000123,2.1712172186417353,-0.9545218396679405,0.258333333333333,0.894368829182209,15.49999999999998,1.0223084914879879,-0.04012824446323404,0.0,0.29812294306073633,0.1549999999999998,0.2006412223161702,0.1708810775386153,NORMAL,112.10000000000002,1.3713730224606722,-10.799999999999983,32.0,0.22489510387474373,-11.0,0.4571243408202241,0.0,0.07496503462491458,0.0,0.15213030917105014,NORMAL
2021-01-28,1.764,0.7000000000000117,2.1551590489603836,-0.9634142073165622,0.26166666666666677,0.9057005689426552,15.700000000000003,1.0217002179355525,-0.040699368157778415,0.0,0.3019001896475517,0.15700000000000003,0.20349684078889207,0.17317877424506717,NORMAL,112.00000000000001,1.3662521389352658,-11.0,32.0,0.2247775208299028,-11.0,0.4554173796450886,0.0,0.07492584027663426,0.0,0.15161038194885343,NORMAL
2021-01-29,1.768,0.40000000000000036,2.15452400409245,-0.9637658695888569,0.3316666666666668,1.1820267669592113,19.900000000000006,1.0213528398614544,-0.04102553037260481,0.0,0.3940089223197371,0.19900000000000007,0.20512765186302406,0.20065284520915705,NORMAL,112.1,1.367459105485619,-11.100000000000023,31.0,0.18001432404477594,-12.0,0.4558197018285397,0.0,0.06000477468159198,0.0,0.1487468654848803,NORMAL
2021-02-01,1.803,3.499999999999992,2.2683172524791964,-0.9007517515003555,0.46,1.674255492826144,27.6,1.0183143151628666,-0.04387847941974632,0.0,0.5580851642753814,0.276,0.2193923970987316,0.25457399169456896,NORMAL,109.60000000000001,1.2866850868216053,-14.200000000000017,31.0,0.1799220198524741,-12.0,0.4288950289405351,0.0,0.05997400661749137,0.0,0.14066331000565882,NORMAL
2021-02-02,1.758,-4.499999999999993,2.3921527411187884,-0.8321766451973757,0.3316666666666668,1.172350043714893,19.900000000000006,1.0222093674183645,-0.04022131460352685,0.0,0.39078334790496433,0.19900000000000007,0.20110657301763424,0.19839929878804657,NORMAL,108.89999999999999,1.2629214222419476,-14.800000000000026,28.000000000000004,0.04575779160750807,-12.999999999999996,0.42097380741398255,0.0,0.01525259720250269,0.0,0.1293426616646953,NORMAL
2021-02-03,1.768,1.0000000000000009,2.239425443230808,-0.9167508718838496,0.3333333333333333,1.1779845434267915,19.999999999999996,1.021340489456059,-0.041037126486113906,0.0,0.39266151447559716,0.19999999999999996,0.20518563243056953,0.20060655586734724,NORMAL,108.60000000000001,1.2518412501058032,-13.700000000000017,27.0,0.0010212694730672928,-13.0,0.4172804167019344,0.0,0.0003404231576890976,0.0,0.12525220964211814,NORMAL
2021-02-04,1.793,2.499999999999991,2.286683417666644,-0.8905813088918331,0.2816666666666664,1.0388237144353247,16.89999999999998,1.0191701409159648,-0.04307492259233092,0.0,0.3462745714784416,0.16899999999999982,0.2153746129616546,0.18920475948035012,NORMAL,108.1,1.23449394741876,-13.200000000000017,27.0,0.001020763769382048,-12.0,0.41149798247291997,0.0,0.000340254589794016,0.0,0.12351744565983479,NORMAL
2021-02-05,1.791,-0.20000000000000018,2.2895414388038544,-0.8889986518889542,0.21500000000000002,0.8125637753924921,12.9,1.0193433998399206,-0.04291224532917148,0.0,0.2708545917974974,0.129,0.21456122664585742,0.16579540901784245,NORMAL,107.89999999999999,1.2266514610266184,-12.100000000000009,27.0,0.0010202588161830012,-11.0,0.4088838203422061,0.0,0.0003400862720610004,0.0,0.12273316335707403,NORMAL
2021-02-08,1.822,3.100000000000014,2.1641821112203883,-0.9584175988285136,0.28666666666666696,1.070510210509871,17.200000000000017,1.0166574299813425,-0.04543417156272911,0.0,0.35683673683662365,0.17200000000000018,0.22717085781364554,0.19663569049278298,NORMAL,106.89999999999999,1.193633298299619,-12.300000000000026,27.0,0.0010197546116155717,-10.0,0.39787776609987296,0.0,0.0003399182038718572,0.0,0.11943131347073625,NORMAL
2021-02-09,1.813,-0.9000000000000119,2.1395707882411275,-0.9720463583069189,0.3099999999999999,1.1699584004532604,18.599999999999994,1.0174351729152782,-0.04470392870397455,0.0,0.3899861334844201,0.18599999999999994,0.22351964351987275,0.2046050841048331,NORMAL,106.39999999999998,1.1764562517316124,-12.100000000000023,27.0,0.0010192511538320902,-9.0,0.39215208391053746,0.0,0.00033975038461069674,0.0,0.11771357525008337,NORMAL
2021-02-10,1.831,1.8000000000000016,2.1575814920268632,-0.9620727559069406,0.3466666666666666,1.3040573160891913,20.799999999999997,1.0158784971007178,-0.04616553169305748,0.0,0.4346857720297304,0.20799999999999996,0.2308276584652874,0.22086821779206106,NORMAL,106.0,1.1624760447042475,-11.899999999999977,27.0,0.0010187484409906159,-8.0,0.3874920149014158,0.0,0.0003395828136635386,0.0,0.11631552103315745,NORMAL
2021-02-15,1.871,4.0000000000000036,2.2836432111408076,-0.8922648528256645,0.41833333333333317,1.535393940724641,25.099999999999987,1.0124245102105753,-0.049408568885301096,0.0,0.511797980241547,0.2509999999999999,0.24704284442650548,0.25137673381891157,NORMAL,105.80000000000001,1.1548315362903374,-10.899999999999977,27.0,0.0010182464712559759,-8.0,0.38494384543011245,0.0,0.0003394154904186586,0.0,0.11555103672711746,NORMAL
2021-02-16,1.85,-2.0999999999999908,2.358740743434273,-0.8506788638923648,0.41333333333333333,1.5129618730136642,24.8,1.0142316879613011,-0.047711763180761424,0.0,0.504320624337888,0.248,0.23855881590380712,0.24588765122910047,NORMAL,105.69999999999999,1.1503564639545782,-11.400000000000063,26.0,-0.0438515034279543,-9.0,0.3834521546515261,0.0,0.0,0.0,0.11503564639545782,NORMAL
2021-02-17,1.862,1.200000000000001,2.298603695152438,-0.8839803392931393,0.4233333333333334,1.547873604244227,25.4,1.0131971716395807,-0.048683097182317,0.0,0.515957868081409,0.254,0.24341548591158502,0.2513577679809158,NORMAL,105.70000000000002,1.1490419660525055,-11.199999999999989,26.0,-0.04382989740424142,-7.0,0.3830139886841685,0.0,0.0,0.0,0.11490419660525056,NORMAL
2021-02-18,1.854,-0.8000000000000007,2.313183042794864,-0.8759068837321311,0.4116666666666669,1.5017755137979065,24.70000000000001,1.0138861457162955,-0.04803620168840106,0.0,0.5005918379326355,0.2470000000000001,0.2401810084420053,0.24559077096332926,NORMAL,105.40000000000005,1.138289740218694,-10.399999999999949,26.0,-0.043808323285566504,-7.0,0.37942991340623133,0.0,0.0,0.0,0.1138289740218694,NORMAL
2021-02-19,1.875,2.0999999999999908,2.3040924689046616,-0.8809408774420443,0.4900000000000001,1.810093487728562,29.400000000000006,1.0120763589461919,-0.049735457068387334,0.0,0.6033644959095207,0.29400000000000004,0.24867728534193667,0.2789438133186788,NORMAL,104.70000000000002,1.114977057808399,-10.59999999999998,26.0,-0.04378678099348424,-7.0,0.3716590192694664,0.0,0.0,0.0,0.11149770578083991,NORMAL
2021-02-22,1.922,4.699999999999993,2.45305395052994,-0.7984520081387343,0.5399999999999997,1.9356002673739594,32.399999999999984,1.0080331138922018,-0.05353176391739911,0.0,0.6452000891246531,0.32399999999999984,0.26765881958699556,0.3009035456597288,WARNING,103.89999999999999,1.0885743573650613,-11.199999999999989,26.0,-0.043765270449819635,-7.0,0.3628581191216871,0.0,0.0,0.0,0.10885743573650612,NORMAL
2021-02-23,1.906,-1.6000000000000014,2.3195734635125476,-0.8723681261041679,0.4616666666666666,1.6618975288674454,27.699999999999992,1.0094040389270953,-0.052244567116326746,0.0,0.5539658429558151,0.2769999999999999,0.2612228355816337,0.2706823028238165,NORMAL,103.39999999999998,1.071674251827265,-9.700000000000045,26.0,-0.04374379157666557,-7.0,0.35722475060908837,0.0,0.0,0.0,0.10716742518272651,NORMAL
2021-02-24,1.851,-5.499999999999994,2.6761077391575547,-0.6749338031842723,0.3266666666666666,1.116462275793149,19.599999999999994,1.0141230028090795,-0.047813810467595474,0.0,0.3721540919310497,0.19599999999999995,0.23906905233797737,0.2092584393214009,NORMAL,102.60000000000001,1.0453717067821526,-9.200000000000003,26.0,-0.04372234429638287,-7.0,0.3484572355940509,0.0,0.0,0.0,0.10453717067821526,NORMAL
2021-02-25,1.884,3.299999999999992,2.733630706972921,-0.6430799002672981,0.40499999999999986,1.3718130643336004,24.29999999999999,1.0112783877862002,-0.05048469272923384,0.0,0.45727102144453347,0.2429999999999999,0.2524234636461692,0.24102358974737437,NORMAL,104.0,1.0883561010005123,-7.5,26.0,-0.04370092853159835,-7.0,0.3627853670001708,0.0,0.0,0.0,0.10883561010005123,NORMAL
2021-02-26,1.96,7.600000000000007,3.1114855142300066,-0.433839125596003,0.5016666666666666,1.5779409262171593,30.099999999999994,1.0047455294011012,-0.05661856161420309,0.0,0.5259803087390531,0.30099999999999993,0.28309280807101544,0.2786331849762168,NORMAL,103.39999999999998,1.0683166841688656,-8.700000000000045,26.0,-0.04367954420520385,-6.0,0.35610556138962185,0.0,0.0,0.0,0.10683166841688656,NORMAL
2021-03-02,1.966,0.6000000000000005,3.112098631910122,-0.43349960571723456,0.5283333333333332,1.6671570160473281,31.699999999999996,1.0042331091811065,-0.05709968614777994,0.0,0.5557190053491093,0.31699999999999995,0.2854984307388997,0.28874317336538174,NORMAL,103.3,1.064054045314914,-8.700000000000017,26.0,-0.043658191240355165,-6.0,0.35468468177163803,0.0,0.0,0.0,0.1064054045314914,NORMAL
2021-03-03,1.951,-1.4999999999999902,3.160325599481302,-0.406793453351743,0.4600000000000001,1.4524665585516532,27.6,1.0055135063953125,-0.05589748824761831,0.0,0.48415551951721775,0.276,0.27948744123809155,0.26382608039868016,NORMAL,103.20000000000005,1.059801814398689,-8.899999999999949,26.0,-0.04363686956047078,-5.0,0.35326727146622966,0.0,0.0,0.0,0.1059801814398689,NORMAL
2021-03-04,1.972,2.0999999999999908,3.1152384381160623,-0.431760907491803,0.505,1.5913219917261303,30.299999999999994,1.0037186647863967,-0.05758271123109637,0.0,0.5304406639087101,0.30299999999999994,0.28791355615548186,0.28185355524393474,NORMAL,102.79999999999998,1.0461218697170367,-6.800000000000026,26.0,-0.04361557908923041,-5.0,0.3487072899056789,0.0,0.0,0.0,0.10461218697170367,NORMAL
2021-03-05,1.992,2.0000000000000018,2.856589796095671,-0.5749901087209485,0.5616666666666666,1.773837873732922,33.699999999999996,1.0020123430562597,-0.05918482062200359,0.0,0.5912792912443073,0.33699999999999997,0.29592410311001793,0.30402549949286867,WARNING,101.4,1.0010099395037624,-7.499999999999986,26.0,-0.04359431975057477,-2.0000000000000036,0.33366997983458746,0.0,0.0,0.0,0.10010099395037624,NORMAL
2021-03-08,2.028,3.600000000000003,2.907159945267621,-0.546986396753398,0.6366666666666668,1.9918282918707846,38.20000000000001,0.9989461852865077,-0.06206371507090025,0.0,0.6639427639569282,0.3820000000000001,0.31031857535450125,0.3333159829331862,WARNING,97.8,0.8867492090915704,-10.800000000000011,26.0,-0.043573091468703334,-1.0,0.2955830696971901,0.0,0.0,0.0,0.08867492090915703,NORMAL
2021-03-09,2.034,0.5999999999999783,2.8969085155331435,-0.5526632256779828,0.6533333333333331,2.0470573494688797,39.19999999999999,0.9984367227320116,-0.06254206257621409,0.0,0.68235244982296,0.3919999999999999,0.31271031288107043,0.33995461511702013,WARNING,95.29999999999998,0.8072804134503023,-12.800000000000011,25.0,-0.08872958474892248,-2.0,0.2690934711501008,0.0,0.0,0.0,0.08072804134503024,NORMAL
2021-03-10,2.036,0.20000000000002238,2.888065278457465,-0.5575602542211657,0.6333333333333335,1.9854277384755976,38.000000000000014,0.9982669884891471,-0.06270143042557619,0.0,0.6618092461585325,0.3800000000000001,0.31350715212788094,0.3337647100828589,WARNING,95.19999999999999,0.8034845877206909,-12.700000000000003,25.0,-0.08868620428310553,-2.0,0.26782819590689694,0.0,0.0,0.0,0.08034845877206907,NORMAL
2021-03-11,2.027,-0.8999999999999897,2.889887085756304,-0.5565514107098761,0.6200000000000002,1.9387840481229226,37.20000000000001,0.9990306627353411,-0.06198439701985181,0.0,0.6462613493743076,0.3720000000000001,0.30992198509925906,0.32762106391456514,WARNING,94.40000000000002,0.7776477393468959,-12.499999999999972,25.0,-0.08864288738266443,-2.0,0.25921591311563197,0.0,0.0,0.0,0.07776477393468958,NORMAL
2021-03-12,2.092,6.499999999999995,3.0967682645316765,-0.4419889457617533,0.7183333333333334,2.147705185768358,43.10000000000001,0.9935110183237283,-0.06716693322631717,0.0,0.7159017285894526,0.4310000000000001,0.33583466613158586,0.3637142121705249,WARNING,92.60000000000001,0.7203363929929774,-13.799999999999969,25.0,-0.08859963389251213,-2.0,0.24011213099765913,0.0,0.0,0.0,0.07203363929929774,NORMAL
2021-03-15,2.152,6.000000000000005,3.2635910153984495,-0.34960922489079305,0.8033333333333338,2.3227465316445515,48.20000000000002,0.9884441121302774,-0.0719243818668629,0.0,0.7742488438815172,0.48200000000000015,0.3596219093343145,0.39509853251002924,WARNING,91.5,0.6851412521044339,-14.5,25.0,-0.08855644365809073,-2.0,0.22838041736814463,0.0,0.0,0.0,0.06851412521044338,NORMAL
2021-03-16,2.098,-5.400000000000027,3.5635988609978666,-0.18347696240517095,0.7116666666666663,1.9722620371484765,42.69999999999998,0.9929810706049554,-0.06746638676237215,0.0,0.6574206790494922,0.4269999999999998,0.3373319338118608,0.3518169093346427,WARNING,93.69999999999999,0.7540016930020734,-12.100000000000023,25.0,-0.08851331652536927,-2.0,0.2513338976673578,0.0,0.0,0.0,0.07540016930020733,NORMAL
2021-03-17,2.134,3.600000000000003,3.5189113148963123,-0.20822312570616225,0.7366666666666666,2.027566323413771,44.199999999999996,0.9899425485289043,-0.07031993961887928,0.0,0.6758554411379237,0.44199999999999995,0.3515996980943964,0.3642109674653433,WARNING,93.80000000000001,0.7565831677138275,-11.899999999999977,25.0,-0.08847025234084135,-1.0,0.2521943892379425,0.0,0.0,0.0,0.07565831677138275,NORMAL
2021-03-18,2.15,1.6000000000000014,3.5187318289705676,-0.20832251778328847,0.6966666666666665,1.9383240228712524,41.79999999999999,0.9885962266629049,-0.07158430450099773,0.0,0.6461080076237508,0.4179999999999999,0.35792152250498865,0.3559902105267456,WARNING,95.00000000000001,0.7938461777118643,-10.700000000000003,25.0,-0.08842725095152311,-1.0,0.26461539257062144,0.0,0.0,0.0,0.07938461777118642,NORMAL
2021-03-19,2.099,-5.099999999999971,3.7841602002363275,-0.061338975542418274,0.6516666666666672,1.7675386396938633,39.10000000000002,0.9928817913054886,-0.06755962246100955,0.0,0.5891795465646211,0.39100000000000024,0.33779811230504775,0.33115515423494335,WARNING,94.60000000000002,0.7806082397441799,-10.800000000000026,25.0,-0.0883843122049505,-1.0,0.2602027465813933,0.0,0.0,0.0,0.07806082397441799,NORMAL
2021-03-22,2.057,-4.200000000000026,3.9653631943565926,0.039003944897616424,0.6299999999999998,1.689746967723488,37.79999999999999,0.9964263793004493,-0.06423081031319522,0.013001314965872141,0.5632489892411626,0.3779999999999999,0.3211540515659761,0.31931168146779737,WARNING,94.90000000000003,0.7894658802060441,-9.799999999999983,25.0,-0.08834143594917722,-1.0,0.2631552934020147,0.0,0.0,0.0,0.0789465880206044,NORMAL
2021-03-23,2.032,-2.499999999999991,3.9298453163612357,0.01933557449794446,0.6250000000000001,1.6733015995839038,37.5,0.9985437853564627,-0.06224230078511084,0.006445191499314821,0.5577671998613013,0.375,0.3112115039255542,0.3123270798423449,WARNING,94.40000000000002,0.7730755636910801,-9.499999999999972,25.0,-0.08829862203277264,-1.0,0.25769185456369337,0.0,0.0,0.0,0.07730755636910801,NORMAL
2021-03-24,1.992,-4.0000000000000036,4.034208981357211,0.07712796906826368,0.5866666666666668,1.545988258744649,35.20000000000001,1.0019388342266748,-0.05905392460778003,0.025709323022754558,0.5153294195815497,0.3520000000000001,0.29526962303890014,0.2967155977364209,NORMAL,94.40000000000002,0.7724820223137921,-8.999999999999957,25.0,-0.08825587030481893,-1.0,0.2574940074379307,0.0,0.0,0.0,0.07724820223137921,NORMAL
2021-03-25,1.967,-2.499999999999991,3.8538565783271976,-0.022743928282387218,0.4750000000000003,1.2570075391701,28.500000000000014,1.0040679542494064,-0.05705441419757162,0.0,0.41900251305670005,0.28500000000000014,0.2852720709878581,0.2549093310064833,NORMAL,95.6,0.8097610864534822,-7.000000000000014,25.0,-0.0882131806149097,-1.0,0.2699203621511607,0.0,0.0,0.0,0.08097610864534821,NORMAL
2021-03-26,2.005,3.799999999999981,3.873999021818753,-0.011589854286239069,0.5399999999999997,1.4144437805101444,32.399999999999984,1.000824814757181,-0.06010012843971335,0.0,0.47148126017004816,0.32399999999999984,0.30050064219856676,0.2792965089134363,NORMAL,94.20000000000002,0.7649271603709915,-9.799999999999983,25.0,-0.08817055281314737,-1.0,0.2549757201236638,0.0,0.0,0.0,0.07649271603709915,NORMAL
2021-03-29,1.98,-2.499999999999991,3.5597161329758356,-0.18562706081218938,0.4700000000000001,1.2221197736070086,28.200000000000003,1.0029515674885399,-0.05810284121264786,0.0,0.40737325786900286,0.28200000000000003,0.2905142060632393,0.2540803339990963,NORMAL,94.00000000000001,0.7580315463195527,-9.399999999999963,25.0,-0.08812798675014057,-1.0,0.2526771821065176,0.0,0.0,0.0,0.07580315463195526,NORMAL
2021-03-30,2.063,8.300000000000018,4.0051644292417246,0.06104426583648155,0.5833333333333336,1.4373681193837269,35.00000000000001,0.9958757441799082,-0.06474792566789267,0.020348088612160517,0.4791227064612423,0.3500000000000001,0.32373962833946335,0.2993900103504659,NORMAL,92.29999999999998,0.7037714221104128,-11.000000000000014,25.0,-0.0880854822770027,-1.0,0.23459047403680425,0.0,0.0,0.0,0.07037714221104127,NORMAL
2021-03-31,2.057,-0.6000000000000227,3.98670157820776,0.05082028250004874,0.5733333333333331,1.411452318508868,34.399999999999984,0.99638364080944,-0.06427094710998327,0.016940094166682913,0.4704841061696227,0.34399999999999986,0.32135473554991634,0.2948267342872276,NORMAL,92.7,0.7159043953016203,-10.500000000000043,25.0,-0.08804303924534888,-1.0,0.23863479843387345,0.0,0.0,0.0,0.07159043953016203,NORMAL
2021-04-01,2.023,-3.399999999999981,4.061692024915625,0.09234697174876917,0.5000000000000001,1.215123756359016,30.000000000000004,0.9992631895313793,-0.06156669014713112,0.03078232391625639,0.405041252119672,0.30000000000000004,0.3078334507356556,0.27029809550144795,NORMAL,92.50000000000004,0.7090674402812204,-10.29999999999994,25.0,-0.08800065750729498,-1.0,0.23635581342707346,0.0,0.0,0.0,0.07090674402812204,NORMAL
2021-04-02,2.049,2.59999999999998,4.0774443750441245,0.10106998884548735,0.5966666666666665,1.4620997884715206,35.79999999999999,0.9970548178825149,-0.06364062776190593,0.033689996281829115,0.48736659615717354,0.3579999999999999,0.31820313880952966,0.3030925740116124,WARNING,91.60000000000001,0.6801128562636898,-9.799999999999997,25.0,-0.08795833691545375,-1.0,0.22670428542122992,0.0,0.0,0.0,0.06801128562636898,NORMAL
2021-04-05,2.094,4.499999999999993,4.120692328135882,0.12501896351530078,0.6049999999999998,1.477953070902051,36.299999999999976,0.9932410832041143,-0.06722220236071663,0.041672987838433595,0.49265102363401697,0.36299999999999977,0.33611101180358316,0.31390920701592334,WARNING,89.30000000000003,0.6069174760399538,-8.499999999999972,25.0,-0.08791607732293458,-1.0,0.20230582534665129,0.0,0.0,0.0,0.060691747603995386,NORMAL
2021-04-06,2.069,-2.499999999999991,4.1680331092734875,0.15123438152383015,0.575,1.3954235442058247,34.5,0.995351720505923,-0.06524004954073315,0.05041146050794338,0.46514118140194155,0.345,0.32620024770366574,0.3025906274634433,WARNING,89.69999999999997,0.6191734826790412,-5.6000000000000085,25.0,-0.08787387858333977,0.0,0.2063911608930137,0.0,0.0,0.0,0.06191734826790411,NORMAL
2021-04-07,2.064,-0.49999999999998934,4.170750279594411,0.15273904101722385,0.5583333333333333,1.3537008719329562,33.5,0.9957747449871379,-0.06484277656178816,0.05091301367240795,0.45123362397765204,0.335,0.3242138828089408,0.2971148806535883,NORMAL,89.19999999999999,0.6029464866284545,-6.0,25.0,-0.08783174055076338,0.0,0.20098216220948484,0.0,0.0,0.0,0.06029464866284545,NORMAL
2021-04-08,2.012,-5.200000000000005,4.3347888918426145,0.24357701804861098,0.5333333333333334,1.2772906873598526,32.00000000000001,1.000176069359981,-0.06070938163419126,0.081192339349537,0.42576356245328423,0.32000000000000006,0.3035469081709563,0.2868099436289468,NORMAL,89.90000000000002,0.6247092019462541,-4.5,25.0,-0.0877896630797885,0.0,0.20823640064875137,0.0,0.0,0.0,0.06247092019462541,NORMAL
2021-04-09,2.029,1.6999999999999904,4.076798924853203,0.10071256452438232,0.5183333333333332,1.244317404690904,31.099999999999994,0.9987308149397558,-0.06206665657772992,0.03357085484146077,0.41477246823030134,0.31099999999999994,0.3103332828886496,0.2760019777698123,NORMAL,88.80000000000001,0.5894731602450048,-3.799999999999997,25.0,-0.08774764602548578,0.0,0.19649105341500162,0.0,0.0,0.0,0.058947316024500485,NORMAL
2021-04-12,2.003,-2.59999999999998,3.821197800635157,-0.04082904408045292,0.47333333333333344,1.127669351527997,28.400000000000002,1.0009380100407728,-0.05999382388876662,0.0,0.37588978384266564,0.28400000000000003,0.2999691194438331,0.25196560454606637,NORMAL,89.10000000000002,0.5985966499383674,-2.3999999999999773,25.0,-0.08770568924341067,0.0,0.19953221664612245,0.0,0.0,0.0,0.05985966499383673,NORMAL
2021-04-13,2.027,2.400000000000002,3.71773487914065,-0.09812264317587646,0.4883333333333336,1.1609467267615186,29.300000000000015,0.9988960965002895,-0.061911436488033544,0.0,0.38698224225383954,0.29300000000000015,0.3095571824401677,0.25981932142683506,NORMAL,89.1,0.5982111161399049,-4.599999999999994,27.0,0.0037775026055935856,2.0,0.1994037053799683,0.0,0.0012591675351978618,0.06666666666666667,0.07340627845436339,NORMAL
2021-04-14,1.99,-3.7000000000000144,3.6670079585979978,-0.1262131688147686,0.43166666666666653,1.0127938981229745,25.89999999999999,1.002037624723783,-0.05896114795578833,0.0,0.3375979660409915,0.2589999999999999,0.29480573977894164,0.23724188911977495,NORMAL,90.10000000000001,0.6295128697182656,-3.700000000000003,26.0,-0.04196680451645014,1.0,0.20983762323942187,0.0,0.0,0.03333333333333333,0.06961795363849323,NORMAL
2021-04-15,2.02,3.0000000000000027,3.726505347542542,-0.09326591099357733,0.5100000000000001,1.195018929031245,30.600000000000005,0.9994824287807373,-0.06136079702850117,0.0,0.39833964301041497,0.30600000000000005,0.30680398514250584,0.2635895226590853,NORMAL,88.00000000000001,0.5625339908935385,-7.0,25.0,-0.08771087831469647,0.0,0.18751133029784617,0.0,0.0,0.0,0.056253399089353846,NORMAL
2021-04-16,2.023,0.30000000000001137,3.579855921828789,-0.174474456847987,0.5200000000000001,1.2190350384540138,31.200000000000006,0.9992275607613983,-0.06160015002525887,0.0,0.4063450128180046,0.31200000000000006,0.30800075012629435,0.2668693026141187,NORMAL,87.5,0.5463293119532475,-7.100000000000023,24.0,-0.13345409931115335,-1.0,0.1821097706510825,0.0,0.0,0.0,0.054632931195324745,NORMAL
2021-04-19,1.981,-4.200000000000004,3.5798559218287878,-0.1744744568479877,0.46333333333333343,1.069435108668532,27.800000000000004,1.0027948031533165,-0.05825006256084897,0.0,0.35647836955617734,0.278,0.29125031280424485,0.2433957990329334,NORMAL,78.49999999999999,0.26046148247081874,-16.40000000000005,24.0,-0.1333899512743948,-1.0,0.08682049415693958,0.0,0.0,0.0,0.026046148247081874,NORMAL
2021-04-20,2.003,2.200000000000002,3.587621261475281,-0.17017432449023673,0.4950000000000003,1.1400160434819677,29.700000000000017,1.0009195768714196,-0.060011134943860345,0.0,0.3800053478273226,0.29700000000000015,0.3000556747193017,0.25542333945318524,NORMAL,78.4,0.2571557987929055,-16.000000000000014,24.0,-0.13332589565375058,-1.0,0.08571859959763517,0.0,0.0,0.0,0.02571557987929055,NORMAL
2021-04-21,2.005,0.19999999999997797,3.4711252536196096,-0.23468512192267263,0.41166666666666646,0.9644663059611758,24.69999999999999,1.0007494205433516,-0.060170933050919806,0.0,0.3214887686537253,0.2469999999999999,0.30085466525459903,0.23403961983258464,NORMAL,78.89999999999999,0.2729057518092924,-15.500000000000028,24.0,-0.1332619322275276,-1.0,0.0909685839364308,0.0,0.0,0.0,0.027290575180929238,NORMAL
2021-04-22,1.989,-1.5999999999999792,3.4418324372804374,-0.25090630388302837,0.3483333333333335,0.8157024750551201,20.900000000000006,1.0021104397552907,-0.058892765519868884,0.0,0.27190082501837337,0.20900000000000005,0.2944638275993444,0.21396569604341245,NORMAL,79.1,0.2791220568695354,-16.5,24.0,-0.133198060774776,-1.0,0.09304068562317847,0.0,0.0,0.0,0.027912205686953538,NORMAL
2021-04-23,2.043,5.400000000000005,3.5490398998216874,-0.19153912876220863,0.4550000000000003,1.0469840662385357,27.30000000000001,0.9975107528368139,-0.06321244772613277,0.0,0.34899468874617856,0.27300000000000013,0.31606223863066385,0.25082383320150126,NORMAL,78.69999999999999,0.26626611465340816,-15.500000000000028,24.0,-0.13313428107528727,-1.0,0.08875537155113605,0.0,0.0,0.0,0.026626611465340816,NORMAL
2021-04-26,2.089,4.599999999999982,3.620188276581033,-0.1521400231168445,0.5533333333333335,1.260572519709342,33.20000000000001,0.993610485793222,-0.06687528705552348,0.0,0.420190839903114,0.3320000000000001,0.3343764352776174,0.2841887420916698,NORMAL,78.4,0.25659202858462415,-15.600000000000009,24.0,-0.13307059290958997,-1.0,0.08553067619487471,0.0,0.0,0.0,0.025659202858462415,NORMAL
2021-04-27,2.071,-1.7999999999999794,3.156180236331651,-0.4090889885151654,0.511666666666667,1.161052414083771,30.700000000000017,0.9951307098364857,-0.06544760624471846,0.0,0.387017471361257,0.30700000000000016,0.3272380312235923,0.2696987067616884,NORMAL,78.8,0.269189248394445,-13.499999999999986,24.0,-0.1330069960589466,-1.0,0.089729749464815,0.0,0.0,0.0,0.0269189248394445,NORMAL
2021-04-28,2.082,1.0999999999999677,3.1609250811148684,-0.4064614845663803,0.5233333333333331,1.1872449026567968,31.399999999999984,0.9942002626227885,-0.06632141273287973,0.0,0.3957483008855989,0.31399999999999983,0.3316070636643986,0.2745924856428792,NORMAL,78.49999999999999,0.2595053924907812,-14.200000000000017,24.0,-0.1329434903053515,-1.0,0.08650179749692706,0.0,0.0,0.0,0.025950539249078117,NORMAL
2021-04-29,2.098,1.6000000000000014,3.0636880080266513,-0.4603074595519648,0.49166666666666653,1.1217521702617859,29.499999999999993,0.9928481502656215,-0.067591215611563,0.0,0.37391739008726194,0.29499999999999993,0.337956078057815,0.2689659092405784,NORMAL,77.89999999999999,0.2402701668260065,-14.600000000000051,24.0,-0.13288007543152644,-1.0,0.08009005560866883,0.0,0.0,0.0,0.024027016682600648,NORMAL
2021-04-30,2.128,3.000000000000025,3.0802383708168812,-0.4511425351820532,0.6166666666666669,1.427626490129591,37.000000000000014,0.9903163874824441,-0.06996885801175357,0.0,0.4758754967098637,0.37000000000000016,0.3498442900587678,0.3091128153654799,WARNING,77.3,0.22103704405385485,-14.300000000000011,24.0,-0.1328167512209181,-1.0,0.07367901468461828,0.0,0.0,0.0,0.022103704405385484,NORMAL
2021-05-03,2.124,-0.40000000000000036,2.927636014189427,-0.5356475744302868,0.5933333333333335,1.3727210450303913,35.60000000000001,0.9906530950541882,-0.06965264742347743,0.0,0.4575736816767971,0.3560000000000001,0.34826323711738716,0.3020200311823143,WARNING,76.8,0.20499285922197247,-12.500000000000028,24.0,-0.13275351745769526,-1.0,0.06833095307399083,0.0,0.0,0.0,0.020499285922197248,NORMAL
2021-05-04,2.13,0.5999999999999783,2.861261223564478,-0.5724032603241016,0.5616666666666666,1.3031036525616462,33.699999999999996,0.9901478619757106,-0.07012712457329151,0.0,0.4343678841872154,0.33699999999999997,0.35063562286645755,0.2945278259840261,NORMAL,76.2,0.18576136053156111,-13.499999999999972,24.0,-0.13269037392674507,-1.0,0.06192045351052037,0.0,0.0,0.0,0.01857613605315611,NORMAL
2021-05-06,2.102,-2.8000000000000025,2.940443933544015,-0.528555064513222,0.5183333333333333,1.1929846102398074,31.099999999999994,0.9925044138872128,-0.0679140271297759,0.0,0.3976615367466025,0.31099999999999994,0.3395701356488795,0.2775603616088723,NORMAL,76.0,0.17929147085540492,-13.199999999999989,24.0,-0.1326273204136701,-1.0,0.059763823618468305,0.0,0.0,0.0,0.01792914708554049,NORMAL
2021-05-07,2.123,2.100000000000035,2.6774840900800125,-0.6741716354740738,0.5016666666666669,1.1582530711467856,30.100000000000016,0.990732793508424,-0.06957780059134933,0.0,0.3860843570489285,0.30100000000000016,0.34788900295674663,0.2765724725924844,NORMAL,76.29999999999998,0.1887796915728931,-13.600000000000037,25.0,-0.0864816390678634,0.0,0.06292656385763103,0.0,0.0,0.0,0.018877969157289308,NORMAL
2021-05-10,2.134,1.0999999999999677,2.6673217397153097,-0.6797991358312276,0.5349999999999999,1.2367725631779107,32.099999999999994,0.9898064583464936,-0.07044774534779641,0.0,0.4122575210593036,0.32099999999999995,0.35223872673898204,0.2875469949074535,NORMAL,76.30000000000001,0.1886885637471011,-12.5,26.0,-0.040336387118452735,1.0,0.06289618791570037,0.0,0.0,0.03333333333333333,0.025535523041376778,NORMAL
2021-05-11,2.139,0.49999999999998934,2.5642481200251765,-0.736877155265989,0.5133333333333331,1.1881453842979313,30.799999999999983,0.9893857906016963,-0.0708428050560237,0.0,0.3960484614326438,0.30799999999999983,0.35421402528011847,0.2824953023985761,NORMAL,76.4,0.19179195710178143,-12.700000000000017,28.000000000000004,0.05193520489882958,3.0000000000000036,0.06393065236726048,0.0,0.017311734966276526,0.10000000000000012,0.04264154270343347,NORMAL
2021-05-12,2.125,-1.399999999999979,2.5708691956326066,-0.7332106702493956,0.42333333333333345,0.9865622104228006,25.4,0.9905631596925123,-0.06973710799404031,0.0,0.32885407014093354,0.254,0.3486855399702016,0.2560450300162673,NORMAL,76.69999999999999,0.20128689317385942,-12.400000000000006,28.000000000000004,0.051910978165357675,1.0000000000000036,0.06709563105795315,0.0,0.017303659388452557,0.03333333333333345,0.030256087861743143,NORMAL
2021-05-13,2.156,3.100000000000014,2.4335592300816926,-0.8092473991996617,0.5100000000000001,1.1882196383549732,30.600000000000005,0.9879530257667225,-0.07218835071447605,0.0,0.3960732127849911,0.30600000000000005,0.36094175357238023,0.2847913439859503,NORMAL,76.49999999999999,0.1947950523760418,-13.600000000000023,29.99999999999999,0.14422427155077205,3.9999999999999893,0.06493168412534726,0.0,0.04807475718359069,0.13333333333333297,0.05576112334098891,NORMAL
2021-05-14,2.158,0.19999999999997797,2.382148521597127,-0.8377165790621574,0.49333333333333307,1.1497386433771564,29.59999999999998,0.9877850737523421,-0.07234607869485465,0.0,0.3832462144590521,0.2959999999999998,0.36173039347427327,0.2805414002815197,NORMAL,76.59999999999998,0.19789984345670508,-11.400000000000034,29.99999999999999,0.14415590496876873,4.999999999999989,0.06596661448556836,0.0,0.04805196832292291,0.16666666666666632,0.06273371134358835,NORMAL
2021-05-17,2.117,-4.0999999999999925,2.612137660594239,-0.7103578563848573,0.4383333333333332,1.0068024778811286,26.29999999999999,0.991227504734369,-0.06911320477910621,0.0,0.3356008259603762,0.2629999999999999,0.34556602389553104,0.25794657475028765,NORMAL,76.50000000000001,0.19460431780039125,-10.999999999999986,29.99999999999999,0.1440876355203435,5.999999999999989,0.06486810593346375,0.0,0.0480292118401145,0.19999999999999965,0.06906627414806196,NORMAL
2021-05-18,2.118,0.09999999999998899,2.3735993099532475,-0.842450788162684,0.40499999999999986,0.9321260822372771,24.29999999999999,0.9911432503964667,-0.06919233015670001,0.0,0.31070869407909235,0.2429999999999999,0.34596165078350005,0.24912639912921847,NORMAL,76.6,0.19771224697386566,-1.8999999999999915,29.99999999999999,0.14401946297569998,5.999999999999989,0.06590408232462189,0.0,0.04800648765856666,0.19999999999999965,0.06937252222909983,NORMAL
2021-05-20,2.135,1.6999999999999904,2.3593933207723694,-0.8503174928441903,0.3549999999999998,0.8275926174466159,21.299999999999986,0.9897110483996437,-0.07053734723962357,0.0,0.27586420581553867,0.21299999999999986,0.35268673619811786,0.23884753564235484,NORMAL,76.6,0.19761710954700573,-1.8000000000000114,30.99999999999999,0.1902032549071181,6.999999999999989,0.06587236984900191,0.0,0.06340108496903936,0.23333333333333298,0.07910859461517505,NORMAL
2021-05-21,2.123,-1.1999999999999567,2.3942694743469186,-0.8310044835841847,0.3616666666666672,0.8440461378170562,21.70000000000003,0.9907205536690114,-0.06958929533380798,0.0,0.2813487126056854,0.2170000000000003,0.3479464766690399,0.2388483331887531,NORMAL,76.6,0.1975221093320333,-2.299999999999997,30.99999999999999,0.19011207203470556,6.999999999999989,0.06584070311067776,0.0,0.06337069067823518,0.23333333333333298,0.07909301573551697,NORMAL
2021-05-24,2.12,-0.30000000000001137,2.3489023192255485,-0.8561269869900224,0.44833333333333353,1.0751200008657837,26.900000000000013,0.990973187410197,-0.06935204060411804,0.0,0.3583733336219279,0.26900000000000013,0.3467602030205902,0.2641787479326217,NORMAL,75.99999999999997,0.17819213331347353,-3.1000000000000227,30.99999999999999,0.19002102018039077,6.999999999999989,0.05939737777115784,0.0,0.06334034006013026,0.23333333333333298,0.07715394801004,NORMAL
2021-05-25,2.129,0.8999999999999897,2.0693502667059023,-1.0109316550972705,0.40833333333333355,0.985643343807304,24.50000000000001,0.9902150929218282,-0.07006398629305599,0.0,0.32854778126910134,0.2450000000000001,0.35031993146527995,0.25483752883993227,NORMAL,74.8,0.13961919944531023,-3.8999999999999915,30.99999999999999,0.1899300990307018,6.999999999999989,0.04653973314843674,0.0,0.06331003301023393,0.23333333333333298,0.07329059321324441,NORMAL
2021-05-26,2.128,-0.09999999999998899,1.8230902047723392,-1.147300559607519,0.2800000000000003,0.7070787570304125,16.800000000000015,0.9902992612047264,-0.06998494173189096,0.0,0.23569291901013747,0.16800000000000015,0.3499247086594548,0.22070846726580945,NORMAL,74.1,0.11709170069471628,-4.300000000000011,30.99999999999999,0.18983930827321535,6.999999999999989,0.03903056689823876,0.0,0.06327976942440512,0.23333333333333298,0.07103179062101925,NORMAL
2021-05-27,2.111,-1.6999999999999904,1.8174591865395087,-1.1504187907232712,0.24166666666666708,0.6082363541120851,14.500000000000025,0.9917302436371672,-0.06864106997269359,0.0,0.20274545137069502,0.14500000000000024,0.34320534986346796,0.20683123021952624,NORMAL,74.29999999999998,0.1234576011086621,-4.500000000000014,30.99999999999999,0.18974864759655258,6.999999999999989,0.041152533702887364,0.0,0.06324954919885085,0.23333333333333298,0.07166233661730298,NORMAL
2021-05-28,2.132,2.0999999999999908,1.8568507578268418,-1.1286053249862238,0.3016666666666668,0.7591082202159928,18.100000000000005,0.9899600051522749,-0.07030354566279229,0.0,0.2530360734053309,0.18100000000000005,0.35151772831396144,0.22741430600665077,NORMAL,73.70000000000002,0.10412922982522017,-4.799999999999969,30.99999999999999,0.18965811669037494,6.999999999999989,0.03470974327507339,0.0,0.06321937223012498,0.23333333333333298,0.06972346409521361,NORMAL
2021-05-31,2.179,4.699999999999971,2.0901964148451637,-0.9993878978079689,0.3449999999999998,0.8559896008789858,20.699999999999985,0.9860051149316916,-0.07401768299786937,0.0,0.28532986695966195,0.20699999999999985,0.37008841498934686,0.2465013393876711,NORMAL,71.8,0.043028574623567066,-6.099999999999994,30.99999999999999,0.18956771524537944,6.999999999999989,0.01434285820785569,0.0,0.06318923841512648,0.23333333333333298,0.0636073718120486,NORMAL
2021-06-01,2.186,0.7000000000000117,2.0012890582664045,-1.048621211258602,0.3233333333333333,0.8040804740855352,19.399999999999995,0.9854184418883073,-0.07456864247648565,0.0,0.2680268246951784,0.19399999999999995,0.37284321238242824,0.24154264989200697,NORMAL,71.6,0.03657921149800038,-5.700000000000003,30.99999999999999,0.18947744295329397,6.999999999999989,0.012193070499333459,0.0,0.063159147651098,0.23333333333333298,0.06295641734668624,NORMAL
2021-06-02,2.202,1.6000000000000014,2.0149180471776256,-1.0410740260885318,0.29,0.7270347967546138,17.39999999999999,0.9840782728073392,-0.07582722912271767,0.0,0.24234493225153794,0.1739999999999999,0.3791361456135883,0.2349234446957429,NORMAL,71.8,0.04299489911090525,-5.0,30.99999999999999,0.18938729950687352,6.999999999999989,0.014331633036968418,0.0,0.06312909983562451,0.23333333333333298,0.06359197654488202,NORMAL
2021-06-03,2.195,-0.7000000000000117,2.0287084301931695,-1.0334374673634155,0.2683333333333334,0.6722055911383052,16.1,0.9846637993796594,-0.0752773463240457,0.0,0.22406853037943508,0.161,0.3763867316202285,0.22756839872397844,NORMAL,72.0,0.04941059771817591,-4.200000000000003,30.99999999999999,0.18929728459989523,6.999999999999989,0.01647019923939197,0.0,0.06309909486663175,0.23333333333333298,0.06422754541181054,NORMAL
2021-06-04,2.173,-2.1999999999999797,1.9840084358903813,-1.0581905239769156,0.22833333333333342,0.5689870039858894,13.700000000000001,0.9865051206844995,-0.07354811496167168,0.0,0.18966233466196314,0.137,0.3677405748083584,0.212428696855736,NORMAL,71.10000000000001,0.020414981927669034,-4.8999999999999915,30.99999999999999,0.18920739792715435,6.999999999999989,0.006804993975889678,0.0,0.06306913264238478,0.23333333333333298,0.06132199138791046,NORMAL
2021-06-07,2.156,-1.6999999999999904,1.9900476058838867,-1.0548462748538578,0.21500000000000005,0.5346210901186236,12.9,0.9879306205838885,-0.0722093919877913,0.0,0.1782070300395412,0.129,0.3610469599389565,0.20586018998349084,NORMAL,71.0,0.017184932126726952,-5.299999999999983,30.99999999999999,0.18911763918445965,5.999999999999989,0.005728310708908984,0.0,0.06303921306148655,0.19999999999999965,0.054326335824969936,NORMAL
2021-06-08,2.116,-4.0000000000000036,2.1814770466963758,-0.9488403600918803,0.04000000000000008,0.1015775189868302,2.400000000000002,0.9912895846938737,-0.0690549039205498,0.0,0.033859172995610066,0.02400000000000002,0.345274519602749,0.14968164244022164,NORMAL,71.7,0.0397322802040893,-4.6000000000000085,30.99999999999999,0.18902800806862907,4.999999999999989,0.013244093401363101,0.0,0.06300933602287635,0.16666666666666632,0.049908428558317466,NORMAL
2021-06-09,2.103,-1.29999999999999,2.1929552279011375,-0.9424842056087966,-0.08166666666666651,-0.21425235421109323,-4.899999999999993,0.9923849596849604,-0.06802620958938199,0.0,0.0,0.0,0.34013104794690996,0.13605241917876398,NORMAL,72.9,0.07839774264759426,-3.5,30.99999999999999,0.18893850427748576,2.999999999999986,0.026132580882531422,0.0,0.06297950142582859,0.09999999999999952,0.040435674549925055,NORMAL
2021-06-10,2.085,-1.8000000000000238,2.206449875395217,-0.935011413305122,-0.021666666666666456,-0.058309082114422046,-1.29999999999999,0.9939033086732785,-0.06660028969005372,0.0,0.0,0.0,0.3330014484502686,0.13320057938010743,NORMAL,59.79999999999998,-0.3441105429848063,-16.900000000000006,30.99999999999999,0.18884912750985355,2.999999999999986,0.0,0.0,0.06294970916995118,0.09999999999999952,0.032589941833990145,NORMAL
2021-06-11,2.101,1.6000000000000014,2.1118400557458457,-0.9874025211453272,-0.05499999999999982,-0.14963961885919094,-3.299999999999992,0.9925516001734828,-0.06786971329607527,0.0,0.0,0.0,0.33934856648037637,0.13573942659215055,NORMAL,59.60000000000001,-0.3503866944303429,-16.899999999999977,30.99999999999999,0.18875987746555264,1.0,0.0,0.0,0.06291995915518421,0.03333333333333333,0.01925065849770351,NORMAL
2021-06-14,2.096,-0.49999999999998934,2.109352607093612,-0.9887799700303279,-0.08999999999999966,-0.24553693229130502,-5.399999999999983,0.9929734346035564,-0.06747355792422627,0.0,0.0,0.0,0.33736778962113134,0.13494711584845254,NORMAL,59.400000000000006,-0.3566616616522773,-17.199999999999974,30.99999999999999,0.18867075384539578,1.0,0.0,0.0,0.06289025128179859,0.03333333333333333,0.019244716923026386,NORMAL
2021-06-15,2.071,-2.499999999999991,1.9847046711233727,-1.0578049769448108,-0.04666666666666666,-0.12999490439854153,-2.8000000000000025,0.9950835031520888,-0.06549193923481533,0.0,0.0,0.0,0.32745969617407666,0.13098387846963067,NORMAL,58.9,-0.3726206346585188,-17.600000000000016,30.99999999999999,0.18858175635118304,1.0,0.0,0.0,0.06286058545039434,0.03333333333333333,0.019238783756745537,NORMAL
2021-06-16,2.07,-0.1000000000000334,1.9834579055674164,-1.0584953854979147,0.021666666666666546,0.06154870334702157,1.29999999999999,0.9951680852498569,-0.06541250604965021,0.0,0.02051623444900719,0.0129999999999999,0.32706253024825105,0.13752825898910184,NORMAL,59.3,-0.3595087469496384,-17.299999999999997,30.99999999999999,0.18849288468569925,1.0,0.0,0.0,0.06283096156189975,0.03333333333333333,0.01923285897904662,NORMAL
2021-06-17,2.079,0.9000000000000341,1.9500607277993312,-1.0769893975200366,0.07833333333333363,0.22400284077779792,4.700000000000015,0.9944067816646407,-0.06612746548252224,0.0,0.07466761359259931,0.04700000000000015,0.3306373274126112,0.1565884536835644,NORMAL,57.3,-0.42394186060438827,-19.299999999999997,30.99999999999999,0.18840413855270804,0.0,0.0,0.0,0.06280137951756935,0.0,0.01256027590351387,NORMAL
2021-06-18,2.041,-3.8000000000000256,2.0958354696372234,-0.9962652163693769,0.08166666666666658,0.23396547777528334,4.899999999999993,0.9976187155694175,-0.06311105719603072,0.0,0.07798849259176112,0.04899999999999993,0.3155552859801536,0.15161981291041365,NORMAL,57.49999999999999,-0.4172506602508535,-19.1,30.99999999999999,0.18831551765694912,0.0,0.0,0.0,0.06277183921898304,0.0,0.012554367843796608,NORMAL
2021-06-21,2.006,-3.500000000000014,2.2062351833407376,-0.9351303011184625,0.06499999999999954,0.184904529814272,3.89999999999997,1.0005866312482365,-0.06032381259118891,0.0,0.061634843271423996,0.0389999999999997,0.30161906295594454,0.14077459383666255,NORMAL,55.49999999999999,-0.48169025733799375,-20.49999999999998,30.99999999999999,0.1882270217041333,0.0,0.0,0.0,0.06274234056804444,0.0,0.012548468113608888,NORMAL
2021-06-22,2.05,4.400000000000004,2.4538852115734677,-0.7979916892507348,0.07499999999999993,0.21218178902701018,4.499999999999993,0.9968444372473682,-0.06383820153209785,0.0,0.0707272630090034,0.04499999999999993,0.31919100766048925,0.15082185566599637,NORMAL,55.800000000000004,-0.4717187704826357,-18.999999999999993,30.99999999999999,0.1881386504009386,0.0,0.0,0.0,0.06271288346697954,0.0,0.012542576693395908,NORMAL
2021-06-23,2.041,-0.8999999999999897,2.455343260384544,-0.7971842805400905,0.10166666666666661,0.2895031904190179,6.099999999999994,0.9976070232418623,-0.06312203775627001,0.0,0.09650106347300597,0.06099999999999994,0.31561018878135005,0.1577442882071412,NORMAL,55.49999999999999,-0.4811632806424649,-18.6,30.99999999999999,0.18805040345500676,0.0,0.0,0.0,0.06268346781833559,0.0,0.012536693563667118,NORMAL
2021-06-24,2.06,1.9000000000000128,2.4894461442785176,-0.7782994768868047,-0.005000000000000145,-0.01542600909900012,-0.30000000000001137,0.9959958878993267,-0.06463509566529368,0.0,0.0,0.0,0.3231754783264684,0.12927019133058737,NORMAL,54.500000000000014,-0.5132581095661475,-19.79999999999997,29.99999999999999,0.1411953002701261,-1.0,0.0,0.0,0.047065100090042035,0.0,0.009413020018008408,NORMAL
2021-06-25,2.1,4.0000000000000036,2.6170292518929132,-0.7076490901258281,0.07166666666666696,0.21668442825504802,4.300000000000015,0.992609501880469,-0.06781533634003156,0.0,0.07222814275168267,0.04300000000000015,0.3390766817001578,0.1586763012303997,NORMAL,52.800000000000004,-0.567997071246289,-20.900000000000013,29.99999999999999,0.14113018016495935,-1.0,0.0,0.0,0.04704339338831978,0.0,0.009408678677663956,NORMAL
2021-06-28,2.137,3.699999999999992,2.5273035349745334,-0.7573355785741951,0.18999999999999986,0.5742639228994689,11.399999999999988,0.989487744997055,-0.07074705710724216,0.0,0.19142130763315632,0.11399999999999988,0.3537352855362108,0.20257837574111556,NORMAL,52.30000000000001,-0.5838476766322376,-19.499999999999986,29.99999999999999,0.14106515008008108,-1.0,0.0,0.0,0.04702171669336036,0.0,0.009404343338672072,NORMAL
2021-06-29,2.109,-2.8000000000000025,2.581569290179916,-0.7272853888208286,0.10000000000000013,0.3012175416233052,6.000000000000005,0.9918427258301481,-0.0685354351031573,0.0,0.1004058472077684,0.06000000000000005,0.34267717551578647,0.1691520396478683,NORMAL,51.800000000000004,-0.5996887458525106,-19.79999999999999,28.999999999999993,0.09416997877458327,-1.9999999999999964,0.0,0.0,0.03138999292486109,0.0,0.006277998584972218,NORMAL
2021-06-30,2.092,-1.6999999999999904,2.553326004295292,-0.7429253830838652,-0.003333333333332922,-0.010263455583356264,-0.19999999999997797,0.9932759385689726,-0.06718946880688148,0.0,0.0,0.0,0.3359473440344074,0.13437893761376296,NORMAL,51.800000000000004,-0.5993209700123701,-19.999999999999993,28.999999999999993,0.09412713509183628,-1.9999999999999964,0.0,0.0,0.031375711697278756,0.0,0.006275142339455752,NORMAL
2021-07-01,2.09,-0.20000000000002238,2.5542276616168054,-0.7424260815722316,0.03499999999999989,0.10868452789965025,2.0999999999999908,0.9934447954785293,-0.06703089101657866,0.0,0.036228175966550084,0.020999999999999908,0.3351544550828933,0.14550741722646732,NORMAL,50.6,-0.6378415528815634,-21.4,28.000000000000004,0.04721153260155028,-2.999999999999986,0.0,0.0,0.015737177533850094,0.0,0.003147435506770019,NORMAL
2021-07-02,2.101,1.100000000000012,2.54690730928813,-0.7464797978746333,0.06166666666666658,0.19128209705827767,3.699999999999992,0.9925159245947568,-0.06790321713347813,0.0,0.0637606990194259,0.03699999999999992,0.33951608566739067,0.15595857407084143,NORMAL,50.0,-0.6568856258615151,-21.10000000000001,28.000000000000004,0.04719023311565362,-2.999999999999986,0.0,0.0,0.015730077705217872,0.0,0.003146015541043575,NORMAL
2021-07-05,2.089,-1.200000000000001,2.535490194482288,-0.7528021362453612,0.1283333333333333,0.41314874495929704,7.699999999999996,0.9935282908378434,-0.06695247841495433,0.0,0.13771624831976567,0.07699999999999996,0.33476239207477165,0.1768482064938618,NORMAL,50.0,-0.6564626141128024,-21.0,28.000000000000004,0.04716896243160908,-2.999999999999986,0.0,0.0,0.015722987477203024,0.0,0.003144597495440605,NORMAL
2021-07-06,2.119,3.000000000000025,2.485595343278218,-0.7804318953950057,0.15000000000000052,0.4788883213846884,9.00000000000003,0.9909947936962069,-0.06933174959499622,0.0,0.1596294404615628,0.0900000000000003,0.3466587479749811,0.18858938728230507,NORMAL,49.89999999999999,-0.6592833779953948,-21.80000000000001,28.000000000000004,0.047147720484563595,-2.999999999999986,0.0,0.0,0.015715906828187864,0.0,0.003143181365637573,NORMAL
2021-07-07,2.039,-8.000000000000007,3.0577941826025423,-0.46357122270604545,0.06000000000000008,0.17723885738021788,3.600000000000003,0.997733558293341,-0.06300320549224236,0.0,0.05907961912673929,0.03600000000000003,0.3150160274612118,0.1450223348098326,NORMAL,50.500000000000014,-0.6393956330982116,-22.39999999999999,28.000000000000004,0.04712650720986855,-2.999999999999986,0.0,0.0,0.01570883573662285,0.0,0.0031417671473245702,NORMAL
2021-07-08,2.002,-3.7000000000000366,3.1347416581208023,-0.42096080971879796,-0.041666666666667226,-0.12188045577341823,-2.5000000000000355,1.0008714303341735,-0.06005635057351555,0.0,0.0,0.0,0.30028175286757774,0.1201127011470311,NORMAL,50.69999999999999,-0.632501944482632,-9.099999999999994,28.000000000000004,0.047105322543078754,-2.999999999999986,0.0,0.0,0.01570177418102625,0.0,0.0031403548362052506,NORMAL
2021-07-09,2.033,3.100000000000014,3.202696232535144,-0.3833303031860578,0.07166666666666657,0.21072823499262033,4.299999999999993,0.9982341341152429,-0.06253310208975438,0.0,0.07024274499754012,0.04299999999999993,0.3126655104487719,0.14771475317901678,NORMAL,49.90000000000001,-0.6580698273176118,-9.699999999999996,28.999999999999993,0.09408367218583448,-1.9999999999999964,0.0,0.0,0.031361224061944824,0.0,0.006272244812388965,NORMAL
2021-07-12,2.022,-1.100000000000012,3.2070809813680574,-0.38090220587217705,0.0033333333333329957,0.009892118669207391,0.19999999999997797,0.9991674830306405,-0.061656570540208344,0.0,0.003297372889735797,0.0019999999999997797,0.3082828527010417,0.1243726156583638,NORMAL,49.30000000000001,-0.6771253093662252,-10.099999999999994,28.999999999999993,0.09404117509208809,-1.9999999999999964,0.0,0.0,0.031347058364029366,0.0,0.006269411672805873,NORMAL
2021-07-13,2.035,1.3000000000000345,3.1867488795091323,-0.39216130503394214,0.02000000000000005,0.05923664922491219,1.200000000000001,0.9980634029618917,-0.0626934400297614,0.0,0.019745549741637395,0.01200000000000001,0.313467200148807,0.1317359900078503,NORMAL,47.199999999999996,-0.744866882392611,-11.700000000000003,28.000000000000004,0.0469573554928821,-2.999999999999986,0.0,0.0,0.0156524518309607,0.0,0.0031304903661921405,NORMAL
2021-07-14,2.008,-2.7000000000000135,3.2359656494175906,-0.3649070399970069,0.04499999999999989,0.13504203551484367,2.6999999999999913,1.0003539584716892,-0.06054232147462979,0.0,0.04501401183828122,0.026999999999999913,0.30271160737314895,0.1354874453169158,NORMAL,47.900000000000006,-0.7216177360458028,-11.399999999999991,28.000000000000004,0.046936322670967416,-2.999999999999986,0.0,0.0,0.015645440890322472,0.0,0.0031290881780644945,NORMAL
2021-07-15,2.024,1.6000000000000014,3.2534799183255227,-0.3552083432391178,0.03499999999999988,0.10533216384068453,2.0999999999999908,0.9989934770881677,-0.06181998391742427,0.0,0.03511072128022818,0.020999999999999908,0.30909991958712135,0.13486211209089416,NORMAL,44.09999999999998,-0.8445405114791085,-13.200000000000017,28.000000000000004,0.04691531808644092,-2.999999999999986,0.0,0.0,0.015638439362146973,0.0,0.003127687872429395,NORMAL
2021-07-16,2.008,-1.6000000000000014,3.1639873244805763,-0.40476573751813166,0.005000000000000219,0.0149978045075372,0.30000000000001137,1.0003521082170075,-0.06054405909555205,0.0,0.004999268169179067,0.0030000000000001137,0.30272029547776025,0.12268797182493993,NORMAL,45.69999999999998,-0.7919286279147917,-11.800000000000011,27.0,-0.00021047750356953417,-3.9999999999999893,0.0,0.0,0.0,0.0,0.0,NORMAL
2021-07-19,1.972,-3.600000000000003,3.1696089747209584,-0.40165269401931414,-0.028333333333333512,-0.08389095895148328,-1.7000000000000126,1.0034131856681516,-0.05766932391638435,0.0,0.0,0.0,0.28834661958192176,0.1153386478327687,NORMAL,44.89999999999998,-0.8173423410393224,-10.600000000000016,27.0,-0.00021038368712752713,-3.9999999999999893,0.0,0.0,0.0,0.0,0.0,NORMAL
2021-07-20,1.893,-7.899999999999996,3.4196452570713514,-0.2631926707243589,-0.25000000000000017,-0.7145329147479649,-15.000000000000014,1.0101511052099132,-0.051341573426482934,0.0,0.0,0.0,0.25670786713241467,0.10268314685296587,NORMAL,45.40000000000002,-0.8004901044750753,-10.399999999999984,27.0,-0.00021028999602430818,-3.9999999999999893,0.0,0.0,0.0,0.0,0.0,NORMAL
2021-07-21,1.878,-1.5000000000000124,3.423337091509588,-0.2611482814960668,-0.3516666666666668,-1.0323656957324001,-21.10000000000001,1.0114390478690558,-0.05013203393260168,0.0,0.0,0.0,0.2506601696630084,0.10026406786520337,NORMAL,45.19999999999999,-0.8064046441027184,-10.300000000000004,27.0,-0.0002101964299813443,-3.9999999999999893,0.0,0.0,0.0,0.0,0.0,NORMAL
2021-07-22,1.921,4.300000000000015,3.5627421432019797,-0.18395137821739083,-0.25000000000000017,-0.7175695750878875,-15.000000000000014,1.0077422381490944,-0.05360380134857812,0.0,0.0,0.0,0.2680190067428906,0.10720760269715623,NORMAL,44.59999999999999,-0.8253126994256189,-9.900000000000027,27.0,-0.00021010298872046806,-2.9999999999999893,0.0,0.0,0.0,0.0,0.0,NORMAL
2021-07-23,1.888,-3.300000000000014,3.427811945956513,-0.25867028732202735,-0.3233333333333332,-0.9204225836927917,-19.399999999999995,1.0105689551271024,-0.05094916001136096,0.0,0.0,0.0,0.2547458000568048,0.10189832002272192,NORMAL,44.79999999999999,-0.8181955112724878,-8.000000000000014,27.0,-0.00021000967196455858,-2.9999999999999893,0.0,0.0,0.0,0.0,0.0,NORMAL
2021-07-26,1.863,-2.499999999999991,3.2504412655903665,-0.35689102674624745,-0.39166666666666644,-1.1139781990485822,-23.499999999999986,1.0127164141567475,-0.04893242697638511,0.0,0.0,0.0,0.24466213488192556,0.09786485395277023,NORMAL,45.19999999999999,-0.8045854269949251,-7.100000000000023,27.0,-0.00020991647943738483,-2.9999999999999893,0.0,0.0,0.0,0.0,0.0,NORMAL
2021-07-27,1.868,0.5000000000000115,3.2577801612367034,-0.35282704190133174,-0.43333333333333335,-1.248000947634978,-26.0,1.012286009680731,-0.049336630694920225,0.0,0.0,0.0,0.24668315347460112,0.09867326138984045,NORMAL,45.000000000000014,-0.8105005951499269,-6.79999999999999,27.0,-0.00020982341086378406,-1.999999999999993,0.0,0.0,0.0,0.0,0.0,NORMAL
2021-07-28,1.862,-0.6000000000000005,3.2582688332109364,-0.3525564350425997,-0.4366666666666667,-1.2575626505176256,-26.200000000000003,1.012802275545668,-0.048851792376574665,0.0,0.0,0.0,0.24425896188287333,0.09770358475314933,NORMAL,43.39999999999999,-0.8619340398043033,-8.400000000000013,27.0,-0.0002097304659690007,-1.999999999999993,0.0,0.0,0.0,0.0,0.0,NORMAL
2021-07-29,1.889,2.6999999999999913,3.3655335074061816,-0.2931575784119188,-0.40166666666666645,-1.145165987346434,-24.099999999999987,1.0104778943232906,-0.05103467751307045,0.0,0.0,0.0,0.25517338756535224,0.1020693550261409,NORMAL,43.1,-0.871024784819419,-7.5,27.0,-0.00020963764447920005,-1.0000000000000036,0.0,0.0,0.0,0.0,0.0,NORMAL
2021-07-30,1.874,-1.4999999999999902,3.3299715503763476,-0.31285035800566113,-0.37999999999999956,-1.089127789942873,-22.799999999999976,1.0117662536385528,-0.04982474672689974,0.0,0.0,0.0,0.2491237336344987,0.09964949345379948,NORMAL,42.999999999999986,-0.8735994851301345,-7.000000000000014,27.0,-0.000209544946121984,-1.0000000000000036,0.0,0.0,0.0,0.0,0.0,NORMAL
2021-08-02,1.907,3.299999999999992,3.4742511499072206,-0.23295412644980876,-0.36000000000000026,-1.0230960660376343,-21.60000000000002,1.0089282492970968,-0.05248998831233054,0.0,0.0,0.0,0.2624499415616527,0.10497997662466108,NORMAL,42.3,-0.8956862425409222,-7.700000000000003,27.0,-0.00020945237062488763,-1.0000000000000036,0.0,0.0,0.0,0.0,0.0,NORMAL
2021-08-03,1.89,-1.7000000000000126,3.3526854907670742,-0.30027229259028687,-0.40666666666666657,-1.156335375032843,-24.4,1.010386150617331,-0.051120836345441956,0.0,0.0,0.0,0.2556041817272098,0.10224167269088391,NORMAL,42.1,-0.9014788663160493,-7.79999999999999,27.0,-0.00020935991771707144,-1.0000000000000036,0.0,0.0,0.0,0.0,0.0,NORMAL
2021-08-04,1.866,-2.39999999999998,2.961023116211167,-0.517159141950704,-0.4549999999999994,-1.289342635397721,-27.29999999999997,1.0124473383645904,-0.04821309793572315,0.0,0.0,0.0,0.24106548967861574,0.0964261958714463,NORMAL,42.3,-0.8942521321419141,-8.200000000000017,27.0,-0.00020926758712815427,-1.0000000000000036,0.0,0.0,0.0,0.0,0.0,NORMAL
2021-08-05,1.878,1.1999999999999789,2.91648671124045,-0.5418216093804407,-0.41166666666666685,-1.1642615155107128,-24.70000000000001,1.0114146420794585,-0.049183920575828766,0.0,0.0,0.0,0.24591960287914383,0.09836784115165753,NORMAL,42.20000000000001,-0.896796079638234,-8.499999999999979,27.0,-0.00020917537858872813,-1.0000000000000036,0.0,0.0,0.0,0.0,0.0,NORMAL
2021-08-06,1.9,2.200000000000002,2.8625117788771726,-0.5717107531563431,-0.426666666666667,-1.214286425689587,-25.600000000000023,1.00952329669877,-0.05096194664435194,0.0,0.0,0.0,0.2548097332217597,0.10192389328870388,NORMAL,42.19999999999999,-0.8960835774869076,-7.700000000000024,27.0,-0.00020908329182986308,-1.999999999999993,0.0,0.0,0.0,0.0,0.0,NORMAL
2021-08-09,1.914,1.4000000000000012,2.8968948893599897,-0.5526707713038997,-0.40666666666666657,-1.1535198049487718,-24.4,1.0083219639756984,-0.05209130192784517,0.0,0.0,0.0,0.26045650963922584,0.10418260385569034,NORMAL,42.3,-0.8921189303008858,-7.000000000000014,27.0,-0.0002089913265839599,-1.999999999999993,0.0,0.0,0.0,0.0,0.0,NORMAL
2021-08-10,1.916,0.20000000000000018,2.8704437581010143,-0.5673183425118385,-0.3350000000000001,-0.9652495824939807,-20.10000000000001,1.0081505492418226,-0.05120402685619352,0.0,0.0,0.0,0.2560201342809676,0.10240805371238704,NORMAL,42.3,-0.8914146708620526,-4.899999999999999,26.0,-0.04767081420309214,-2.0000000000000036,0.0,0.0,0.0,0.0,0.0,NORMAL
2021-08-11,1.934,1.8000000000000016,2.8731241019599514,-0.5658340760299572,-0.3066666666666666,-0.8791683172297653,-18.399999999999995,1.0066080789014826,-0.051607711215997054,0.0,0.0,0.0,0.25803855607998527,0.10321542243199411,NORMAL,42.59999999999999,-0.8809485908651602,-5.3000000000000185,26.0,-0.047649835413180436,-2.0000000000000036,0.0,0.0,0.0,0.0,0.0,NORMAL
2021-08-12,1.922,-1.200000000000001,2.8401074849934482,-0.5841173488067308,-0.3549999999999997,-1.0217364622023357,-21.299999999999986,1.0076348191419622,-0.04853216267168303,0.0,0.0,0.0,0.24266081335841516,0.09706432534336606,NORMAL,42.699999999999996,-0.8770071509230014,-1.3999999999999844,25.0,-0.09513225556285174,-3.0000000000000036,0.0,0.0,0.0,0.0,0.0,NORMAL
2021-08-13,1.924,0.20000000000000018,2.8322577937974387,-0.5884641916554602,-0.3316666666666671,-0.9550703834054443,-19.900000000000027,1.007463521222708,-0.048693912204028744,0.0,0.0,0.0,0.24346956102014372,0.09738782440805749,NORMAL,42.699999999999996,-0.8763269197312843,-2.999999999999986,24.0,-0.1426137008003387,-3.0,0.0,0.0,0.0,0.0,0.0,NORMAL
2021-08-17,1.886,-3.8000000000000034,2.8444035541651584,-0.5817383587177718,-0.39000000000000035,-1.1078107935133414,-23.40000000000002,1.0107176283962576,-0.04544623872546483,0.0,0.0,0.0,0.22723119362732414,0.09089247745092965,NORMAL,42.80000000000001,-0.872392691967572,-2.099999999999966,22.99999999999999,-0.1900931177500107,-4.000000000000011,0.0,0.0,0.0,0.0,0.0,NORMAL
2021-08-18,1.881,-0.49999999999998934,2.2382794143810836,-0.917385496506076,-0.41333333333333333,-1.1763507410360703,-24.8,1.0111471833883259,-0.04504055337692314,0.0,0.0,0.0,0.2252027668846157,0.09008110675384629,NORMAL,42.79999999999999,-0.8717203060590216,-2.60000000000003,21.99999999999999,-0.2375690801250347,-5.000000000000011,0.0,0.0,0.0,0.0,0.0,NORMAL
2021-08-19,1.868,-1.29999999999999,2.2319451040221487,-0.9208931824771326,-0.43333333333333335,-1.2323351628296837,-26.0,1.0122645010259699,-0.04398532318840476,0.0,0.0,0.0,0.21992661594202378,0.08797064637680951,NORMAL,42.999999999999986,-0.8645368439265146,-2.200000000000003,20.99999999999999,-0.28503979024929005,-6.000000000000011,0.0,0.0,0.0,0.0,0.0,NORMAL
2021-08-20,1.853,-1.5000000000000124,2.001946421282104,-1.0482571900949076,-0.4300000000000004,-1.2235089878428085,-25.800000000000022,1.0135551382647778,-0.0427664044754702,0.0,0.0,0.0,0.213832022377351,0.0855328089509404,NORMAL,42.999999999999986,-0.8638768303040673,-1.6000000000000014,20.99999999999999,-0.28490516596518495,-6.000000000000011,0.0,0.0,0.0,0.0,0.0,NORMAL
2021-08-23,1.889,3.600000000000003,2.0587361989439334,-1.0168092983567274,-0.4050000000000002,-1.1396705692066773,-24.30000000000001,1.0104536595416878,-0.04569553927777503,0.0,0.0,0.0,0.22847769638887516,0.09139107855555006,NORMAL,43.1,-0.8599612376377325,-1.6999999999999886,19.99999999999999,-0.33238781804290657,-7.000000000000011,0.0,0.0,0.0,0.0,0.0,NORMAL
2021-08-24,1.939,5.000000000000004,2.2523905429331634,-0.9095713218204157,-0.3999999999999995,-1.1216539162211845,-23.99999999999998,1.0061592314886356,-0.047233763831791675,0.0,0.0,0.0,0.23616881915895838,0.09446752766358335,NORMAL,42.40000000000001,-0.8821105883925772,-2.799999999999976,19.99999999999999,-0.33222686424151643,-7.000000000000011,0.0,0.0,0.0,0.0,0.0,NORMAL
2021-08-25,1.936,-0.30000000000001137,2.257245643419621,-0.9068827627035744,-0.4166666666666667,-1.169971491116606,-25.0,1.0064158020926652,-0.04699080844156878,0.0,0.0,0.0,0.23495404220784388,0.09398161688313755,NORMAL,42.79999999999999,-0.8683963903434928,-2.200000000000024,19.99999999999999,-0.3320661440564592,-7.000000000000011,0.0,0.0,0.0,0.0,0.0,NORMAL
2021-08-26,1.928,-0.8000000000000007,2.262067056570399,-0.9042128582765206,-0.45666666666666667,-1.2880623290357749,-27.400000000000002,1.0071001648380882,-0.04634276219130917,0.0,0.0,0.0,0.23171381095654586,0.09268552438261835,NORMAL,43.80000000000001,-0.8351511254115083,0.4000000000000199,20.0,-0.3319056569230921,-7.0,0.0,0.020000000000000996,0.0,0.0,0.0060000000000002985,NORMAL
2021-08-27,1.939,1.100000000000012,2.2013153962311325,-0.9378546810820374,-0.42666666666666636,-1.2003334281113298,-25.59999999999998,1.0061585261839645,-0.046505008039810836,0.0,0.0,0.0,0.23252504019905418,0.09301001607962167,NORMAL,43.40000000000001,-0.8475693295894992,0.30000000000001137,20.0,-0.33174540227868254,-7.0,0.0,0.015000000000000568,0.0,0.0,0.0045000000000001705,NORMAL
2021-08-30,1.913,-2.6000000000000023,2.260292249385375,-0.9051956750176451,-0.43333333333333335,-1.2169465427177562,-26.0,1.008382136526831,-0.04301494069688583,0.0,0.0,0.0,0.21507470348442914,0.08602988139377166,NORMAL,43.40000000000001,-0.846936343778248,0.400000000000027,20.0,-0.3315853795623971,-7.0,0.0,0.02000000000000135,0.0,0.0,0.006000000000000405,NORMAL
2021-08-31,1.912,-0.10000000000001119,2.13907874907327,-0.972318829781871,-0.406666666666667,-1.1440166451232099,-24.40000000000002,1.008467849008436,-0.04154863474405002,0.0,0.0,0.0,0.20774317372025008,0.08309726948810003,NORMAL,43.39999999999999,-0.8463047744393178,1.0999999999999943,20.0,-0.33142558821529544,-7.0,0.0,0.054999999999999716,0.0,0.0,0.016499999999999914,NORMAL
2021-09-01,1.942,3.0000000000000027,2.1969835780235782,-0.9402534675473031,-0.2900000000000002,-0.8177583317006872,-17.400000000000016,1.0058962559934643,-0.04368626066941561,0.0,0.0,0.0,0.21843130334707805,0.08737252133883122,NORMAL,43.1,-0.8554541998807316,1.0,20.0,-0.33126602768032126,-7.0,0.0,0.05,0.0,0.0,0.015,NORMAL
2021-09-02,1.941,-0.09999999999998899,2.1088472780420324,-0.9890598009076536,-0.2700000000000002,-0.762224601780066,-16.200000000000014,1.0059817571752236,-0.043604974001572705,0.0,0.0,0.0,0.21802487000786352,0.08720994800314541,NORMAL,43.3,-0.848291533868603,1.0,20.0,-0.3311066974022942,-7.0,0.0,0.05,0.0,0.0,0.015,NORMAL
2021-09-03,1.943,0.20000000000000018,2.1000939828593705,-0.9939070232527712,-0.23666666666666647,-0.6697734343703958,-14.19999999999999,1.0058107402765037,-0.04376756115599245,0.0,0.0,0.0,0.21883780577996226,0.0875351223119849,NORMAL,42.79999999999999,-0.8639627853888007,0.5999999999999801,20.0,-0.330947596827902,-7.0,0.0,0.029999999999999007,0.0,0.0,0.008999999999999701,NORMAL
2021-09-06,1.97,2.6999999999999913,2.12640046730818,-0.9793395516228491,-0.2183333333333333,-0.6142657392075126,-13.100000000000001,1.0035024046275691,-0.04596211460313948,0.0,0.0,0.0,0.2298105730156974,0.09192422920627896,NORMAL,42.19999999999999,-0.8828749077616901,0.0,20.0,-0.3307887254056922,-7.0,0.0,0.0,0.0,0.0,0.0,NORMAL
2021-09-07,1.975,0.5000000000000115,2.1124879320739134,-0.98704375332718,-0.20166666666666663,-0.5671089971264526,-12.1,1.0030759161056024,-0.04636758070443314,0.0,0.0,0.0,0.2318379035221657,0.09273516140886628,NORMAL,42.399999999999984,-0.8756734327085489,0.09999999999998721,20.0,-0.33063008258606386,-7.0,0.0,0.004999999999999361,0.0,0.0,0.0014999999999998081,NORMAL
2021-09-08,2.016,4.0999999999999925,2.2759613353482133,-0.8965187662625193,-0.09166666666666691,-0.25425255345089004,-5.500000000000016,0.9995801965379745,-0.0496909896856782,0.0,0.0,0.0,0.248454948428391,0.0993819793713564,NORMAL,41.899999999999984,-0.8913121649344808,-0.4000000000000128,20.0,-0.33047166782126003,-6.0,0.0,0.0,0.0,0.0,0.0,NORMAL
2021-09-09,2.0,-1.6000000000000014,2.300594888741885,-0.8828776964759131,-0.11666666666666638,-0.32281026392612194,-6.999999999999984,1.000939625605266,-0.04839856943165077,0.0,0.0,0.0,0.24199284715825387,0.09679713886330155,NORMAL,42.19999999999999,-0.880836786772014,-0.3999999999999986,19.0,-0.378169261266274,-7.0,0.0,0.0,0.0,0.0,0.0,NORMAL
2021-09-10,2.006,0.5999999999999783,2.2726288973924405,-0.8983641361930268,-0.1216666666666673,-0.3368349931343254,-7.30000000000004,1.0004291463962074,-0.04888388616124062,0.0,0.0,0.0,0.2444194308062031,0.09776777232248124,NORMAL,43.5,-0.837753567616028,0.8000000000000043,16.000000000000007,-0.5215889072761025,-8.999999999999993,0.0,0.040000000000000216,0.0,0.0,0.012000000000000064,NORMAL
2021-09-13,2.037,3.100000000000014,2.349081567448508,-0.8560277265431254,-0.006666666666666643,-0.018536034557825785,-0.40000000000000036,0.9977930155954533,-0.0513900771212058,0.0,0.0,0.0,0.256950385606029,0.1027801542424116,NORMAL,43.7,-0.8306136588129852,1.000000000000007,12.99999999999999,-0.6649264966146194,-11.00000000000001,0.0,0.05000000000000036,0.0,0.0,0.015000000000000107,NORMAL
2021-09-14,2.06,2.300000000000013,2.1391341091297034,-0.9722881736121691,0.09000000000000048,0.2522953670277329,5.400000000000027,0.9958423302499642,-0.05324460952043386,0.0,0.08409845567591097,0.05400000000000027,0.2662230476021693,0.13410891017604998,NORMAL,44.000000000000014,-0.8202194576222568,1.2000000000000028,13.99999999999999,-0.616631189978287,-9.0,0.0,0.060000000000000143,0.0,0.0,0.018000000000000044,NORMAL
2021-09-15,2.025,-3.500000000000014,2.3363489285184924,-0.8630785491928785,-0.04166666666666649,-0.11768557814864634,-2.499999999999991,0.9988049611824578,-0.05042801223375715,0.0,0.0,0.0,0.25214006116878573,0.1008560244675143,NORMAL,44.99999999999999,-0.786990090277326,2.200000000000003,13.99999999999999,-0.6162651227079741,-8.0,0.0,0.11000000000000014,0.0,0.0,0.03300000000000004,NORMAL
2021-09-16,2.043,1.8000000000000238,2.29779642724343,-0.8844273717495325,0.003333333333333736,0.009388084468482829,0.20000000000002238,0.9972767895918486,-0.05188085737503956,0.0,0.003129361489494276,0.002000000000000224,0.2594042868751978,0.10478758704797801,NORMAL,44.79999999999999,-0.792971506850171,1.8000000000000043,14.999999999999991,-0.5679878200008651,-5.999999999999998,0.0,0.09000000000000022,0.0,0.0,0.027000000000000066,NORMAL
2021-09-17,2.068,2.499999999999991,2.2538563443690607,-0.908759620018372,0.013333333333333374,0.037442173392637626,0.8000000000000007,0.9951575764139658,-0.053895610553117645,0.0,0.012480724464212542,0.008000000000000007,0.2694780527655882,0.1118873659990778,NORMAL,44.3,-0.8087419313839246,1.3000000000000114,15.99999999999999,-0.5197359850349447,-5.0,0.0,0.06500000000000057,0.0,0.0,0.01950000000000017,NORMAL
2021-09-23,2.099,3.100000000000014,2.2269875806143515,-0.9236384592828681,-0.0016666666666664534,-0.004713886305569379,-0.09999999999998899,0.992535336200115,-0.0563885956193102,0.0,0.0,0.0,0.281942978096551,0.1127771912386204,NORMAL,43.79999999999999,-0.8244949543434712,0.6999999999999886,15.99999999999999,-0.5194527958455418,-4.0,0.0,0.034999999999999434,0.0,0.0,0.01049999999999983,NORMAL
2021-09-24,2.152,5.299999999999994,2.255817041853311,-0.9076738647160146,0.025000000000000237,0.06958804331978172,1.5000000000000124,0.9880639645105336,-0.06063956499604517,0.0,0.023196014439927238,0.015000000000000124,0.30319782498022585,0.12891833288007581,NORMAL,44.19999999999999,-0.8108379602150215,1.7999999999999758,15.99999999999999,-0.519170069145568,-4.0,0.0,0.08999999999999879,0.0,0.0,0.026999999999999635,NORMAL
2021-09-27,2.168,1.6000000000000014,2.2352204648123237,-0.919079419582228,0.09833333333333363,0.27547392731809456,5.900000000000016,0.9867201975187992,-0.06191709518765054,0.0,0.09182464243936485,0.05900000000000016,0.3095854759382527,0.15399911886317408,NORMAL,44.9,-0.7873972991804228,2.1000000000000085,14.999999999999991,-0.5668623723547666,-4.999999999999998,0.0,0.10500000000000043,0.0,0.0,0.031500000000000125,NORMAL
2021-09-28,2.256,8.799999999999963,2.761082930186709,-0.627877964652399,0.2733333333333328,0.7119944294383667,16.39999999999997,0.9793395304413587,-0.06893395531564683,0.0,0.23733147647945554,0.1639999999999997,0.34466977657823417,0.21813420592718472,NORMAL,45.19999999999999,-0.7770501943554273,1.3999999999999773,13.99999999999999,-0.6145271038386444,-6.000000000000011,0.0,0.06999999999999887,0.0,0.0,0.02099999999999966,NORMAL
2021-09-29,2.223,-3.299999999999992,2.9734969666247038,-0.5102516259590218,0.22166666666666673,0.5706764976632873,13.3,0.9820865778242467,-0.06632231506030728,0.0,0.19022549922109577,0.133,0.3316115753015364,0.19728972996483374,NORMAL,45.39999999999999,-0.769981959422056,1.9999999999999787,13.99999999999999,-0.6141651501522062,-6.000000000000011,0.0,0.09999999999999894,0.0,0.0,0.02999999999999968,NORMAL
2021-09-30,2.237,1.4000000000000234,2.8194064324922974,-0.595580757975176,0.2266666666666669,0.5832129487531773,13.600000000000012,0.9809178947966358,-0.06743339150538552,0.0,0.1944043162510591,0.13600000000000012,0.3371669575269276,0.20094764626098288,NORMAL,45.59999999999999,-0.762921382790948,2.1999999999999744,13.99999999999999,-0.6138038354252209,-6.000000000000011,0.0,0.10999999999999872,0.0,0.0,0.03299999999999961,NORMAL
2021-10-01,2.258,2.0999999999999908,2.791547392057899,-0.6110079725828396,0.2816666666666668,0.7238535467405663,16.900000000000006,0.9791669563544237,-0.06909802290154843,0.0,0.2412845155801888,0.16900000000000007,0.34549011450774214,0.22025294891913463,NORMAL,45.40000000000002,-0.7689440404776248,2.0000000000000284,13.99999999999999,-0.61344315777968,-6.000000000000011,0.0,0.10000000000000142,0.0,0.0,0.030000000000000426,NORMAL
2021-10-05,2.291,3.299999999999992,2.7995253357066,-0.6065901086910026,0.28666666666666624,0.7355241952336956,17.19999999999997,0.9764203930418497,-0.07170920294730954,0.0,0.2451747317445652,0.1719999999999997,0.3585460147365477,0.22685335224353206,NORMAL,45.1,-0.7782305333185535,2.0,13.99999999999999,-0.6130831153452942,-6.000000000000011,0.0,0.1,0.0,0.0,0.03,NORMAL
2021-10-06,2.399,10.80000000000001,3.4148129331518375,-0.265868617095722,0.5999999999999998,1.4904261316936214,35.999999999999986,0.9674568538337256,-0.08007452513352598,0.0,0.49680871056454046,0.3599999999999999,0.4003726256676299,0.33151079237996006,WARNING,45.19999999999997,-0.7744281320620421,1.8999999999999702,12.99999999999999,-0.6607696311987676,-7.000000000000011,0.0,0.0949999999999985,0.0,0.0,0.02849999999999955,NORMAL
2021-10-07,2.387,-1.200000000000001,3.473751195526395,-0.23323098105092824,0.6416666666666672,1.6156953324672823,38.50000000000002,0.968443659824636,-0.07882300096949169,0.0,0.5385651108224274,0.38500000000000023,0.39411500484745843,0.3423590241034689,WARNING,45.39999999999999,-0.7673595654162679,2.6000000000000014,12.99999999999999,-0.6603655032233428,-7.000000000000011,0.0,0.13000000000000006,0.0,0.0,0.039000000000000014,NORMAL
2021-10-08,2.374,-1.29999999999999,3.5587697460306646,-0.1861511317879799,0.5683333333333337,1.4343828666933307,34.10000000000002,0.9695137900687422,-0.076907970177851,0.0,0.4781276222311102,0.34100000000000025,0.384539850889255,0.3176414648019241,WARNING,45.5,-0.7635697717386472,3.3000000000000114,12.99999999999999,-0.6599621160160086,-7.000000000000011,0.0,0.16500000000000056,0.0,0.0,0.04950000000000017,NORMAL
2021-10-12,2.447,7.299999999999995,3.726773685812322,-0.09311731606673128,0.7083333333333338,1.724700358709624,42.50000000000003,0.9634979570013656,-0.08263575622289743,0.0,0.5749001195698746,0.42500000000000027,0.41317878111448714,0.36525153635976987,WARNING,44.7,-0.7892295775567332,2.3000000000000185,11.99999999999998,-0.7076363647241289,-8.00000000000002,0.0,0.11500000000000092,0.0,0.0,0.034500000000000274,NORMAL
2021-10-13,2.401,-4.600000000000026,4.00997112471557,0.06370602020678402,0.6099999999999994,1.4524995844447777,36.599999999999966,0.967265234013241,-0.07904886202972883,0.021235340068928008,0.4841665281482592,0.36599999999999966,0.39524431014864414,0.33237809770289506,WARNING,44.59999999999999,-0.7919578062598908,2.700000000000003,10.99999999999998,-0.7552684135990289,-9.00000000000002,0.0,0.13500000000000015,0.0,0.0,0.04050000000000004,NORMAL
2021-10-14,2.351,-4.999999999999982,4.233136823730254,0.18728619662656662,0.5716666666666667,1.33948577012349,34.3,0.9713761112577974,-0.07513481969335511,0.06242873220885554,0.44649525670782997,0.34299999999999997,0.3756740984667756,0.3206544371700473,WARNING,44.80000000000002,-0.784865713361807,2.60000000000003,10.99999999999998,-0.7547651700951596,-8.00000000000002,0.0,0.1300000000000015,0.0,0.0,0.03900000000000045,NORMAL
2021-10-15,2.356,0.49999999999998934,4.2346316561370365,0.18811397461110385,0.5533333333333331,1.2976081400707966,33.19999999999999,0.9709632764105128,-0.0755278873949855,0.06270465820370129,0.4325360466902655,0.3319999999999999,0.3776394369749275,0.31650391576876435,WARNING,45.40000000000002,-0.7646882882682412,1.90000000000002,11.99999999999998,-0.706162169529472,-4.000000000000027,0.0,0.095000000000001,0.0,0.0,0.0285000000000003,NORMAL
2021-10-18,2.4,4.400000000000004,4.266303095803575,0.20565234237434032,0.6533333333333332,1.5208637618786935,39.19999999999999,0.9673318737567376,-0.07898541309612817,0.06855078079144677,0.5069545872928979,0.3919999999999999,0.3949270654806408,0.35147189980912524,WARNING,45.80000000000002,-0.7510790843807958,2.1000000000000156,10.99999999999998,-0.7538249924739412,-2.000000000000009,0.0,0.10500000000000079,0.0,0.0,0.031500000000000236,NORMAL
2021-10-19,2.379,-2.0999999999999908,4.352552185363869,0.2534136146082311,0.6783333333333333,1.5919640758658968,40.7,0.9690585611513933,-0.07734140205850482,0.08447120486941036,0.5306546919552989,0.40700000000000003,0.3867070102925241,0.3591079834819515,WARNING,45.900000000000006,-0.7473072690259697,1.8999999999999915,9.99999999999998,-0.8014402178344976,-4.000000000000009,0.0,0.09499999999999957,0.0,0.0,0.02849999999999987,NORMAL
2021-10-20,2.392,1.29999999999999,4.1859759598977755,0.16117040957569226,0.8316666666666666,2.0760354874668434,49.89999999999999,0.967987751441321,-0.0783609398092302,0.053723469858564084,0.6920118291556144,0.4989999999999999,0.391804699046151,0.4056689394212961,WARNING,47.10000000000001,-0.7075101257448428,2.1000000000000156,10.99999999999998,-0.7527607313411828,-3.000000000000009,0.0,0.10500000000000079,0.0,0.0,0.031500000000000236,NORMAL
2021-10-21,2.388,-0.40000000000000036,4.215744299646268,0.17765491724907193,0.85,2.129195611700943,51.0,0.968316867276811,-0.07804758252876531,0.05921830574969064,0.709731870566981,0.51,0.39023791264382657,0.41188520032086495,WARNING,47.4,-0.6972328789190473,2.6000000000000085,11.99999999999998,-0.7041262041076943,-3.0000000000000107,0.0,0.13000000000000042,0.0,0.0,0.039000000000000125,NORMAL
2021-10-22,2.411,2.300000000000013,4.2140460617471085,0.17671450149473572,0.8166666666666667,2.0638242709544343,49.0,0.9664238078012848,-0.07984999950492166,0.058904833831578574,0.6879414236514781,0.49,0.3992499975246083,0.4070692505064547,WARNING,47.30000000000001,-0.7000724433036182,3.000000000000014,12.99999999999999,-0.6555308332245263,-3.0,0.0,0.15000000000000072,0.0,0.0,0.04500000000000021,NORMAL
2021-10-25,2.426,1.5000000000000124,4.201537938973249,0.16978800685017925,0.8966666666666671,2.3012718889890236,53.800000000000026,0.9651916174463381,-0.07937988384822192,0.056596002283393086,0.7670906296630079,0.5380000000000003,0.3968994192411096,0.4310970940857241,WARNING,46.79999999999999,-0.7160205778256629,3.0,13.99999999999999,-0.6069692326627609,-2.0,0.0,0.15,0.0,0.0,0.045,NORMAL
2021-10-26,2.457,3.0999999999999694,4.128702485106709,0.1294546658475836,0.9899999999999999,2.5580147207747137,59.399999999999984,0.9626483375343671,-0.0802296714729307,0.04315155528252787,0.8526715735915712,0.5939999999999999,0.4011483573646535,0.4584239687206812,WARNING,47.599999999999994,-0.689337461917176,3.4000000000000057,13.99999999999999,-0.6066192150562297,-2.0,0.0,0.1700000000000003,0.0,0.0,0.05100000000000009,NORMAL
2021-10-27,2.487,3.000000000000025,4.141888076965053,0.1367563155869826,1.0316666666666667,2.656433422532169,61.9,0.9601935842736544,-0.08257508581067474,0.045585438528994195,0.885477807510723,0.619,0.4128754290533737,0.47516282082929295,WARNING,46.19999999999997,-0.7348153699244175,1.2999999999999687,13.99999999999999,-0.606269802413843,-1.0000000000000018,0.0,0.06499999999999843,0.0,0.0,0.019499999999999528,NORMAL
2021-10-28,2.397,-9.00000000000003,4.41557947559131,0.28831558959792425,0.8916666666666662,2.112437424851317,53.49999999999997,0.9675390651933479,-0.07555678521712639,0.09610519653264142,0.7041458082837724,0.5349999999999997,0.37778392608563194,0.41816377139753547,WARNING,47.00000000000002,-0.7081025768188454,1.8000000000000327,13.99999999999999,-0.6059209929946643,0.0,0.0,0.09000000000000163,0.0,0.0,0.02700000000000049,NORMAL
2021-10-29,2.575,17.80000000000004,5.732584610434425,1.0176199926861538,1.1433333333333338,2.2555987429480853,68.60000000000002,0.9529001991369724,-0.08954361105679132,0.3392066642287179,0.7518662476493617,0.6860000000000003,0.4477180552839566,0.5345018044891987,HIGH,46.99999999999997,-0.7076556711009275,1.59999999999998,11.99999999999998,-0.7020048733907592,-2.000000000000009,0.0,0.079999999999999,0.0,0.0,0.0239999999999997,NORMAL
2021-11-01,2.506,-6.900000000000039,6.051574392798878,1.1942636872806056,1.0533333333333328,2.0156077800064507,63.19999999999997,0.9584889588049108,-0.08303381769303408,0.39808789576020187,0.6718692600021502,0.6319999999999997,0.4151690884651704,0.5064590665385384,HIGH,47.199999999999996,-0.7006474582911505,1.6000000000000085,11.99999999999998,-0.7015647239658658,-2.000000000000009,0.0,0.08000000000000043,0.0,0.0,0.02400000000000013,NORMAL
2021-11-02,2.48,-2.59999999999998,6.111671319351984,1.2275429448838577,0.955,1.8201896620654274,57.3,0.9606072194038697,-0.08100732243013553,0.4091809816279526,0.6067298873551424,0.573,0.40503661215067766,0.47979681865689006,WARNING,50.4,-0.5951821294035564,4.999999999999979,12.99999999999999,-0.6528905359952738,-1.0,0.0,0.24999999999999895,0.0,0.0,0.07499999999999968,NORMAL
2021-11-03,2.47,-0.9999999999999787,6.106206937035044,1.2245169900272908,0.9666666666666672,1.8454917710457073,58.00000000000003,0.961423735540363,-0.07787475929039178,0.4081723300090969,0.6151639236819024,0.5800000000000003,0.3893737964519589,0.4764167693189835,WARNING,50.30000000000001,-0.5981274267991986,5.20000000000001,12.99999999999999,-0.6525000886079955,-1.0,0.0,0.2600000000000005,0.0,0.0,0.07800000000000015,NORMAL
2021-11-04,2.428,-4.200000000000026,5.735528700449887,1.0192503111675015,0.9366666666666664,1.7742919878464338,56.19999999999998,0.9648560182762421,-0.07456026270299598,0.33975010372250053,0.5914306626154779,0.5619999999999998,0.3728013135149799,0.44775667867358765,WARNING,50.4,-0.5945030590044351,5.200000000000031,13.000000000000009,-0.6521103410440342,1.9539925233402755e-14,0.0,0.26000000000000156,0.0,6.513308411134251e-16,0.0780000000000006,NORMAL
2021-11-05,2.35,-7.799999999999985,6.000725833290164,1.166105802881152,0.7866666666666671,1.4366092336031693,47.20000000000002,0.9712530136774136,-0.06842459724471683,0.3887019342937173,0.47886974453438974,0.4720000000000002,0.34212298622358417,0.4047635302550551,WARNING,52.400000000000006,-0.5284622260044878,7.000000000000014,14.000000000000009,-0.6034474897562179,1.0000000000000195,0.0,0.3500000000000007,0.0,0.033333333333333985,0.111666666666667,NORMAL
2021-11-08,2.329,-2.0999999999999908,6.011206639532369,1.1719096512778897,0.7150000000000005,1.3020403493252275,42.90000000000003,0.9729867003068277,-0.06676173515079875,0.39063655042596324,0.43401344977507583,0.42900000000000027,0.33380867575399376,0.38425347034180535,WARNING,53.200000000000024,-0.501888256811926,7.700000000000024,14.000000000000009,-0.6031031990203485,1.0000000000000195,0.0,0.38500000000000123,0.0,0.033333333333333985,0.12216666666666716,NORMAL
2021-11-09,2.293,-3.600000000000003,5.78283303362089,1.0454455457600187,0.6316666666666672,1.1408504775270083,37.90000000000002,0.9759640396097666,-0.06390602606036011,0.3484818485866729,0.3802834925090028,0.3790000000000002,0.31953013030180055,0.3493651203398554,WARNING,53.800000000000004,-0.48190050876811413,9.100000000000001,16.000000000000007,-0.5061498511589448,4.000000000000027,0.0,0.45500000000000007,0.0,0.13333333333333422,0.16316666666666685,NORMAL
2021-11-10,2.309,1.6000000000000014,5.732676420954576,1.0176708336546696,0.6550000000000006,1.1826012021055605,39.300000000000026,0.9746367285158973,-0.06517911386491804,0.3392236112182232,0.3942004007018535,0.39300000000000024,0.3258955693245902,0.35564303011385145,WARNING,53.99999999999998,-0.475075291275417,9.399999999999991,16.000000000000007,-0.5058843812016859,5.000000000000027,0.0,0.4699999999999996,0.0,0.16666666666666755,0.1743333333333334,NORMAL
2021-11-11,2.341,3.200000000000003,5.683910810811804,0.9906664027261268,0.6783333333333339,1.221845032379691,40.700000000000024,0.9719857166143341,-0.06517911386491804,0.3302221342420423,0.407281677459897,0.40700000000000025,0.3258955693245902,0.359258990070224,WARNING,53.99999999999998,-0.4748323739182127,9.19999999999996,17.00000000000001,-0.4572797433866228,6.00000000000003,0.0,0.459999999999998,0.0,0.200000000000001,0.1779999999999996,NORMAL
2021-11-12,2.344,0.29999999999996696,5.68306811131935,0.9901997496857796,0.7033333333333334,1.2688678282638244,42.199999999999996,0.9717378602565975,-0.06470199021339562,0.3300665832285932,0.4229559427546081,0.42199999999999993,0.3235099510669781,0.3644084856234315,WARNING,53.100000000000016,-0.5042064357754021,7.699999999999996,18.00000000000001,-0.4086910018908514,6.00000000000003,0.0,0.3849999999999998,0.0,0.200000000000001,0.15550000000000014,NORMAL
2021-11-15,2.298,-4.599999999999982,5.667627369543637,0.9816492887452328,0.6233333333333336,1.1105953678027567,37.40000000000001,0.9755373552902008,-0.05998537463251841,0.3272164295817443,0.3701984559342522,0.3740000000000001,0.29992687316259203,0.33425372636823614,WARNING,54.49999999999999,-0.4578579382437704,8.699999999999974,18.00000000000001,-0.40849236874316475,7.00000000000003,0.0,0.4349999999999987,0.0,0.23333333333333434,0.17716666666666647,NORMAL
2021-11-16,2.333,3.500000000000014,5.723000685139344,1.012312800837275,0.7450000000000006,1.3346775302196123,44.70000000000003,0.9726351316582124,-0.06278191814298673,0.3374376002790917,0.44489251007320413,0.4470000000000003,0.31390959071493363,0.3714298583564327,WARNING,54.19999999999998,-0.467506332239157,8.299999999999976,18.00000000000001,-0.4082940249742155,8.00000000000003,0.0,0.4149999999999988,0.0,0.26666666666666766,0.17783333333333318,NORMAL
2021-11-17,2.359,2.59999999999998,5.748617682813672,1.0264984624596296,0.7966666666666666,1.4261205279739984,47.8,0.9704856080172478,-0.06485317010389069,0.3421661541532099,0.4753735093246661,0.478,0.32426585051945345,0.3888142729033566,WARNING,54.29999999999999,-0.4639754512917853,7.1999999999999815,18.00000000000001,-0.4080959698819711,7.00000000000003,0.0,0.3599999999999991,0.0,0.23333333333333434,0.1546666666666666,NORMAL
2021-11-18,2.338,-2.0999999999999908,5.764820716617038,1.0354710500248179,0.7833333333333333,1.3997306713814646,47.0,0.9722179248275585,-0.06318393301252623,0.3451570166749393,0.46657689046048817,0.47,0.31591966506263114,0.38271464745213796,WARNING,54.79999999999998,-0.44726553892819715,7.399999999999984,18.00000000000001,-0.4078982027667806,6.00000000000003,0.0,0.3699999999999992,0.0,0.200000000000001,0.15099999999999997,NORMAL
2021-11-19,2.372,3.399999999999981,5.79559496968445,1.0525125919824267,0.8649999999999999,1.5448011520438143,51.89999999999999,0.9694082150248069,-0.06589133144612003,0.3508375306608089,0.5149337173479381,0.5189999999999999,0.32945665723060014,0.40873691249398947,WARNING,54.699999999999996,-0.45033900310601127,7.399999999999984,16.000000000000007,-0.5045830808284854,3.0000000000000178,0.0,0.3699999999999992,0.0,0.10000000000000059,0.1309999999999999,NORMAL
2021-11-22,2.386,1.4000000000000234,5.794098631139148,1.051683979959035,0.8283333333333336,1.4841901217319464,49.70000000000001,0.9682546192489273,-0.06700292076169911,0.35056132665301165,0.49473004057731546,0.4970000000000001,0.33501460380849557,0.4024641149694637,WARNING,54.500000000000036,-0.45670901830830485,7.7000000000000455,15.00000000000001,-0.5527724670261851,1.0000000000000213,0.0,0.3850000000000023,0.0,0.03333333333333404,0.12216666666666749,NORMAL
2021-11-23,2.4,1.399999999999979,5.755480225974118,1.0302986624823065,0.7683333333333331,1.3876068467269957,46.09999999999999,0.9671023962520211,-0.0681131872859927,0.34343288749410217,0.46253561557566525,0.46099999999999985,0.34056593642996347,0.3896200751859389,WARNING,55.09999999999997,-0.43668960710458127,7.499999999999979,14.000000000000009,-0.6009361317642853,1.9539925233402755e-14,0.0,0.37499999999999895,0.0,6.513308411134251e-16,0.11249999999999981,NORMAL
2021-11-24,2.394,-0.5999999999999783,5.703394649357163,1.0014557678274882,0.7633333333333338,1.3781138068042706,45.80000000000002,0.9675956184741097,-0.06763792501150856,0.3338185892758294,0.4593712689347569,0.4580000000000002,0.3381896250575428,0.3855138216651344,WARNING,55.60000000000001,-0.41997620515405093,9.400000000000041,13.000000000000009,-0.649069567230424,-0.9999999999999805,0.0,0.4700000000000021,0.0,0.0,0.14100000000000062,NORMAL
2021-11-25,2.348,-4.600000000000026,5.435407794704732,0.853055440526513,0.7,1.2488665556079281,41.99999999999999,0.9713789173423435,-0.06399238929830353,0.2843518135088377,0.41628885186930936,0.41999999999999993,0.31996194649151766,0.35211291167223646,WARNING,56.60000000000001,-0.38676345584394517,9.599999999999987,22.99999999999999,-0.16372560844077974,9.0,0.0,0.47999999999999937,0.0,0.3,0.2039999999999998,NORMAL
2021-11-26,2.255,-9.299999999999997,3.8455716158500555,-0.02733180683664989,0.5266666666666665,0.9007605707613905,31.599999999999984,0.9790576676839348,-0.056593249135706514,0.0,0.30025352358713014,0.31599999999999984,0.28296624567853257,0.23643720298883902,NORMAL,56.999999999999986,-0.3733713654170573,10.000000000000014,24.0,-0.11513035804509616,12.00000000000002,0.0,0.5000000000000007,0.0,0.40000000000000063,0.23000000000000032,NORMAL
2021-11-29,2.266,1.100000000000012,3.6776708876535897,-0.12030846813872531,0.5883333333333333,1.010276043189925,35.3,0.9781422487646503,-0.05611141544307996,0.0,0.3367586810633083,0.353,0.2805570772153998,0.2501745670988216,NORMAL,57.400000000000006,-0.3599824785513136,10.20000000000001,24.0,-0.11508218219353081,12.00000000000002,0.0,0.5100000000000005,0.0,0.40000000000000063,0.23300000000000026,NORMAL
2021-11-30,2.213,-5.299999999999994,3.7799018366535457,-0.06369708579476992,0.501666666666667,0.8495947478037059,30.100000000000016,0.982548779595335,-0.04935424580735348,0.0,0.283198249267902,0.30100000000000016,0.2467712290367674,0.21554814146828738,NORMAL,57.40000000000003,-0.35981467345004503,7.000000000000028,22.99999999999999,-0.16359952271742823,10.0,0.0,0.3500000000000014,0.0,0.3333333333333333,0.17166666666666708,NORMAL
2021-12-01,2.182,-3.100000000000014,3.799224297558372,-0.05299708513147064,0.40000000000000013,0.6757471844142215,24.0,0.9851377956295687,-0.04593407211304856,0.0,0.2252490614714072,0.24,0.22967036056524281,0.18491795652037857,NORMAL,57.19999999999998,-0.36625847983602333,6.89999999999997,22.99999999999999,-0.16353026587727254,10.0,0.0,0.34499999999999853,0.0,0.3333333333333333,0.17016666666666622,NORMAL
2021-12-02,2.198,1.6000000000000014,3.7988225322564024,-0.053219566575151034,0.4283333333333333,0.7232797785118964,25.69999999999999,0.9837980082275125,-0.04723160177497476,0.0,0.24109325950396546,0.2569999999999999,0.23615800887487381,0.1940818554507426,NORMAL,56.100000000000016,-0.40246221658245995,5.700000000000017,22.99999999999999,-0.1634610969209123,9.99999999999998,0.0,0.28500000000000086,0.0,0.3333333333333327,0.15216666666666678,NORMAL
2021-12-03,2.234,3.600000000000003,3.598479210941611,-0.16416162936490805,0.485,0.8157485552863276,29.099999999999994,0.9807875863223364,-0.05014707307354327,0.0,0.2719161850954425,0.2909999999999999,0.25073536536771635,0.21287738316617505,NORMAL,56.400000000000006,-0.39234597045121333,4.0,22.99999999999999,-0.16339201566263192,8.99999999999998,0.0,0.2,0.0,0.2999999999999993,0.11999999999999986,NORMAL
2021-12-06,2.213,-2.0999999999999908,3.598479210941611,-0.16416162936490805,0.40500000000000025,0.6808135257149531,24.30000000000001,0.9825382921639217,-0.04845158559897955,0.0,0.22693784190498437,0.2430000000000001,0.24225792799489776,0.190890739578956,NORMAL,57.099999999999994,-0.3689959098739519,3.89999999999997,22.99999999999999,-0.1633230219172653,8.99999999999998,0.0,0.1949999999999985,0.0,0.2999999999999993,0.11849999999999941,NORMAL
2021-12-07,2.24,2.7000000000000135,3.595944352944536,-0.1655653316357351,0.441666666666667,0.7409214858908281,26.500000000000014,0.9802833667834056,-0.05063538921002997,0.0,0.24697382863027603,0.2650000000000001,0.25317694605014984,0.20366554414611518,NORMAL,57.400000000000006,-0.35889256152292115,3.6000000000000014,22.99999999999999,-0.1632541155001928,6.999999999999982,0.0,0.18000000000000008,0.0,0.23333333333333275,0.10066666666666657,NORMAL
2021-12-08,2.185,-5.500000000000016,3.7493297646660197,-0.08062666801290531,0.2816666666666669,0.4687296410043914,16.900000000000006,0.9848661915231179,-0.0461971096545869,0.0,0.15624321366813046,0.16900000000000007,0.2309855482729345,0.1574428620427999,NORMAL,57.79999999999998,-0.3454799090281586,3.8000000000000043,22.99999999999999,-0.16318529622733968,6.999999999999982,0.0,0.19000000000000022,0.0,0.23333333333333275,0.10366666666666662,NORMAL
2021-12-09,2.188,0.30000000000001137,3.6485433286522246,-0.13643813724091775,0.31333333333333374,0.522162950967884,18.80000000000002,0.9846150506442796,-0.0464403293916249,0.0,0.17405431698929466,0.1880000000000002,0.2322016469581245,0.16529152218110876,NORMAL,59.09999999999997,-0.30225415424469215,5.099999999999994,24.0,-0.11441433957921163,6.999999999999989,0.0,0.2549999999999997,0.0,0.23333333333333298,0.12316666666666651,NORMAL
2021-12-10,2.201,1.29999999999999,3.6706911725464657,-0.12417355326653187,0.32500000000000057,0.5414176607575786,19.50000000000003,0.9835270510133176,-0.0474940128276472,0.0,0.18047255358585954,0.19500000000000028,0.23747006413823601,0.17008253637246637,NORMAL,59.400000000000006,-0.2921764445945662,6.29999999999999,25.0,-0.06564415354414296,6.999999999999989,0.0,0.3149999999999995,0.0,0.23333333333333298,0.14116666666666644,NORMAL
2021-12-13,2.169,-3.200000000000003,3.605474638438202,-0.16028784334860985,0.22000000000000025,0.3659157364735945,13.200000000000012,0.9862022445920738,-0.04490319654253838,0.0,0.12197191215786483,0.13200000000000012,0.2245159827126919,0.14060077551664976,NORMAL,61.20000000000001,-0.23236781906971368,6.700000000000017,26.0,-0.016874151943171153,7.999999999999989,0.0,0.33500000000000085,0.0,0.26666666666666633,0.15383333333333352,NORMAL
2021-12-14,2.169,0.0,3.476325949226163,-0.23180518614669485,0.18166666666666673,0.3026745011530174,10.899999999999999,0.9862022445920738,-0.04490319654253838,0.0,0.10089150038433914,0.10899999999999999,0.2245159827126919,0.13178469316194458,NORMAL,61.80000000000001,-0.21236646217690489,7.60000000000003,27.0,0.03189586935627413,8.99999999999999,0.0,0.3800000000000015,0.010631956452091376,0.29999999999999966,0.17612639129041865,NORMAL
2021-12-15,2.166,-0.30000000000001137,3.385460397828217,-0.28212286902456446,0.23500000000000013,0.3936210141730667,14.100000000000001,0.9864537261644449,-0.044659646857656665,0.0,0.13120700472435556,0.14100000000000001,0.22329823428828333,0.14376069466018443,NORMAL,62.20000000000001,-0.19900297116535176,7.90000000000002,28.000000000000004,0.08066573362455356,9.999999999999993,0.0,0.395000000000001,0.02688857787485119,0.3333333333333331,0.19054438224163717,NORMAL
2021-12-16,2.147,-1.9000000000000128,3.3822252095951693,-0.28391438597522706,0.17333333333333284,0.2901142484345656,10.399999999999965,0.9880468489322004,-0.0431167721873319,0.0,0.09670474947818854,0.10399999999999965,0.2155838609366595,0.12637449427030145,NORMAL,63.20000000000001,-0.16572317577963988,8.400000000000027,28.000000000000004,0.08063256056923432,9.999999999999993,0.0,0.42000000000000137,0.026877520189744774,0.3333333333333331,0.198042170704616,NORMAL
2021-12-17,2.153,0.6000000000000227,3.2477482077668336,-0.3583823337096844,0.1416666666666667,0.23761061990801713,8.499999999999996,0.987542945039245,-0.043604782633516304,0.0,0.07920353996933904,0.08499999999999996,0.21802391316758152,0.12005027326090041,NORMAL,63.10000000000002,-0.16897453102393423,8.400000000000027,28.000000000000004,0.08059942840689238,11.999999999999996,0.0,0.42000000000000137,0.026866476135630795,0.39999999999999986,0.21137329522712656,NORMAL
2021-12-20,2.107,-4.599999999999982,3.2820845429952676,-0.33936825410930876,0.013333333333333435,0.02225096823871424,0.8000000000000007,0.9914042379543485,-0.039865277333613336,0.0,0.0074169894129047466,0.008000000000000007,0.19932638666806668,0.08281395254980763,NORMAL,63.19999999999999,-0.16558144205772515,8.699999999999953,28.000000000000004,0.080566337053581,12.999999999999993,0.0,0.43499999999999767,0.026855445684527,0.43333333333333307,0.2225377558035713,NORMAL
2021-12-21,2.099,-0.8000000000000007,3.2197539951794028,-0.3738844012118231,-0.08833333333333314,-0.1490580478899071,-5.299999999999994,0.9920783928361575,-0.039212385722200094,0.0,0.0,0.0,0.19606192861100047,0.07842477144440019,NORMAL,63.5,-0.155541533499749,8.400000000000027,28.000000000000004,0.08053328642559346,13.999999999999995,0.0,0.42000000000000137,0.026844428808531152,0.4666666666666665,0.22470221909503996,NORMAL
2021-12-22,2.147,4.79999999999996,3.512724988111833,-0.21164886433352204,-0.035000000000000496,-0.05857104823303825,-2.100000000000035,0.988030712993386,-0.043132399188453574,0.0,0.0,0.0,0.21566199594226787,0.08626479837690715,NORMAL,63.5,-0.15547665540606304,7.8999999999999915,28.999999999999996,0.12938202236833185,15.999999999999988,0.0,0.3949999999999996,0.04312734078944395,0.5333333333333329,0.23379213482455524,NORMAL
2021-12-23,2.212,6.500000000000039,3.816804946548885,-0.043261629757215675,-0.07333333333333257,-0.12447759914488862,-4.3999999999999595,0.9825718433040975,-0.048419092682937315,0.0,0.0,0.0,0.24209546341468657,0.09683818536587463,NORMAL,63.59999999999999,-0.152085675986656,6.999999999999979,28.999999999999996,0.1293284924156177,6.000000000000007,0.0,0.3499999999999989,0.043109497471872565,0.20000000000000023,0.15362189949437424,NORMAL
2021-12-24,2.206,-0.6000000000000227,3.23394414559716,-0.36602646739944866,-0.028333333333333086,-0.048295603191527835,-1.6999999999999904,0.9830729549441827,-0.047933786420205515,0.0,0.0,0.0,0.23966893210102758,0.09586757284041103,NORMAL,64.00000000000001,-0.13871233387144385,7.000000000000028,28.999999999999996,0.12927502885083017,4.9999999999999964,0.0,0.3500000000000014,0.043091676283610054,0.16666666666666655,0.14695166859005576,NORMAL
2021-12-27,2.211,0.49999999999998934,3.2235767973512104,-0.37176748732722636,-0.043333333333333654,-0.07391771167328046,-2.6000000000000245,0.9826551489383314,-0.04833841456097698,0.0,0.0,0.0,0.24169207280488492,0.09667682912195397,NORMAL,63.5,-0.15529913290428946,6.099999999999994,28.000000000000004,0.08028101595003759,4.0000000000000036,0.0,0.3049999999999997,0.026760338650012528,0.13333333333333344,0.1235187343966691,NORMAL
2021-12-28,2.198,-1.29999999999999,3.0125832593866813,-0.48860721117463946,-0.1,-0.17080462873305727,-6.000000000000005,0.9837409828779081,-0.04728682850906696,0.0,0.0,0.0,0.2364341425453348,0.09457365701813392,NORMAL,63.09999999999998,-0.16855518028642008,5.699999999999953,28.000000000000004,0.08024821755273011,5.000000000000014,0.0,0.28499999999999764,0.026749405850910037,0.16666666666666713,0.12418321450351472,NORMAL
2021-12-29,2.18,-1.7999999999999794,2.957399284221834,-0.5191658741614992,-0.18499999999999953,-0.3171806226461924,-11.099999999999977,0.9852461065817113,-0.04249197132092786,0.0,0.0,0.0,0.21245985660463929,0.08498394264185571,NORMAL,62.59999999999999,-0.18514211545633097,5.400000000000006,28.000000000000004,0.08021545932169778,5.000000000000014,0.0,0.2700000000000003,0.026738486440565926,0.16666666666666713,0.1196810306214467,NORMAL
2021-12-30,2.248,6.800000000000006,3.313528886883372,-0.3219556428421958,-0.25166666666666626,-0.44501574245408526,-15.09999999999998,0.979551384085669,-0.04802636772669289,0.0,0.0,0.0,0.24013183863346443,0.09605273545338577,NORMAL,61.79999999999999,-0.2117263061776466,5.699999999999974,27.0,0.031182246238097535,4.000000000000011,0.0,0.2849999999999987,0.010394082079365844,0.1333333333333337,0.11424548308253951,NORMAL
2021-12-31,2.25,0.19999999999997797,3.21846645404135,-0.3745973896401111,-0.22833333333333325,-0.40388587986830793,-13.700000000000001,0.9793848603503744,-0.047373186903356346,0.0,0.0,0.0,0.23686593451678173,0.09474637380671269,NORMAL,61.7,-0.2149707164876453,5.299999999999997,27.0,0.031169607016897274,4.000000000000011,0.0,0.26499999999999985,0.010389869005632425,0.1333333333333337,0.10824464046779317,NORMAL
2022-01-03,2.325,7.500000000000018,3.572615141233165,-0.17848410952926788,-0.08166666666666647,-0.1409316488328296,-4.899999999999993,0.9731412818656408,-0.05344618283684743,0.0,0.0,0.0,0.26723091418423717,0.10689236567369487,NORMAL,60.5,-0.25490266042397175,3.4000000000000057,26.0,-0.017883477193392405,3.0000000000000107,0.0,0.1700000000000003,0.0,0.10000000000000035,0.07100000000000016,NORMAL
2022-01-04,2.32,-0.5000000000000338,3.543266408570672,-0.19473625569752503,-0.21166666666666695,-0.37408128213734965,-12.700000000000022,0.9735548669104338,-0.05304389746455296,0.0,0.0,0.0,0.2652194873227648,0.10608779492910592,NORMAL,60.60000000000001,-0.2514564290493503,3.200000000000003,26.0,-0.017876244858748513,3.0000000000000107,0.0,0.16000000000000014,0.0,0.10000000000000035,0.06800000000000012,NORMAL
2022-01-05,2.375,5.500000000000016,3.4312035635818647,-0.2567921460738875,-0.04333333333333291,-0.07619246228890289,-2.59999999999998,0.9690034979076275,-0.05747091724390618,0.0,0.0,0.0,0.2873545862195309,0.11494183448781237,NORMAL,59.299999999999976,-0.2947385208585562,1.499999999999993,26.0,-0.017869021291588398,3.0000000000000107,0.0,0.07499999999999965,0.0,0.10000000000000035,0.04249999999999997,NORMAL
2022-01-06,2.481,10.599999999999987,4.046346630311301,0.08384931023175982,0.2166666666666666,0.36761528268939236,12.99999999999999,0.9602727763914798,-0.06596310427953866,0.027949770077253272,0.12253842756313078,0.1299999999999999,0.3298155213976933,0.1880238480871541,NORMAL,57.699999999999996,-0.34803030185915673,-1.3999999999999773,26.0,-0.01786180647421207,2.0,0.0,0.0,0.0,0.06666666666666667,0.013333333333333334,NORMAL
2022-01-07,2.458,-2.2999999999999687,4.133212717538389,0.13195225092478025,0.17000000000000062,0.2877212168886203,10.200000000000031,0.962150109669325,-0.06404721912783218,0.04398408364159342,0.09590707229620676,0.10200000000000031,0.3202360956391609,0.17647266944322446,NORMAL,57.79999999999998,-0.3445329814737551,-1.6000000000000227,26.0,-0.01785460038896994,1.0,0.0,0.0,0.0,0.03333333333333333,0.006666666666666667,NORMAL
2022-01-10,2.484,2.59999999999998,4.0034031575779725,0.06006894452191285,0.1400000000000002,0.2381098060467896,8.400000000000007,0.9600237579269558,-0.06611567477355973,0.020022981507304284,0.07936993534892987,0.08400000000000007,0.33057837386779865,0.1689099329183663,NORMAL,56.60000000000003,-0.3844705805949393,-4.59999999999998,26.0,-0.017847403018261824,0.0,0.0,0.0,0.0,0.0,0.0,NORMAL
2022-01-11,2.485,0.09999999999998899,4.0013944937655,0.05895662739876456,0.17666666666666656,0.3010995436414296,10.599999999999987,0.9599421559075321,-0.06619505494120392,0.01965220913292152,0.1003665145471432,0.10599999999999987,0.3309752747060196,0.17759385461842075,NORMAL,57.30000000000004,-0.3608974307509506,-4.499999999999972,26.0,-0.01784021434453731,-1.0,0.0,0.0,0.0,0.0,0.0,NORMAL
2022-01-12,2.428,-5.699999999999994,4.305553329559887,0.22738754107888492,0.060000000000000143,0.10092511027767119,3.600000000000003,0.9645930756529041,-0.06167076998239396,0.07579584702629498,0.033641703425890394,0.03600000000000003,0.3083538499119698,0.152429050055225,NORMAL,57.800000000000004,-0.3440161066692704,-4.400000000000006,25.0,-0.06701246744172068,-3.0000000000000036,0.0,0.0,0.0,0.0,0.0,NORMAL
2022-01-13,2.397,-3.100000000000014,4.360649396350818,0.25789752394866033,0.014999999999999918,0.025134508250582874,0.8999999999999897,0.9671347784072495,-0.05831387795781395,0.0859658413162201,0.008378169416860958,0.008999999999999897,0.29156938978906977,0.1372965580622441,NORMAL,58.399999999999984,-0.3237933471466035,-4.800000000000026,20.99999999999999,-0.263775354917848,-7.000000000000014,0.0,0.0,0.0,0.0,0.0,NORMAL
2022-01-14,2.453,5.600000000000005,4.463536478481705,0.31487224639565714,0.06999999999999978,0.11611284341915573,4.1999999999999815,0.962531216862031,-0.0627963038987348,0.10495741546521904,0.03870428113971858,0.041999999999999815,0.31398151949367403,0.1627249471184571,NORMAL,55.60000000000001,-0.4173314777804833,-7.500000000000014,19.99999999999999,-0.31287482929026006,-8.000000000000014,0.0,0.0,0.0,0.0,0.0,NORMAL
2022-01-17,2.568,11.500000000000021,4.748237900305206,0.4725284278395452,0.2366666666666666,0.3745310676131278,14.19999999999999,0.9531224742172046,-0.07195747002812469,0.15750947594651507,0.12484368920437594,0.1419999999999999,0.35978735014062346,0.22878557308642755,NORMAL,55.09999999999997,-0.43386837450468585,-8.100000000000016,19.99999999999999,-0.31273694811563046,-8.000000000000014,0.0,0.0,0.0,0.0,0.0,NORMAL
2022-01-18,2.553,-1.5000000000000124,4.774835351253382,0.4872570249985372,0.16000000000000023,0.25370133578069054,9.600000000000009,0.9543377053718315,-0.07077421580241061,0.16241900833284573,0.08456711192689685,0.09600000000000009,0.35387107901205306,0.21014565565676976,NORMAL,55.800000000000026,-0.41022681136720507,-7.699999999999974,18.99999999999999,-0.36184600816676654,-9.000000000000014,0.0,0.0,0.0,0.0,0.0,NORMAL
2022-01-19,2.537,-1.6000000000000014,4.810678910397932,0.5071057445022676,0.08333333333333312,0.13238648848762244,4.999999999999982,0.9556356046511372,-0.06951046873590194,0.16903524816742255,0.04412882949587415,0.04999999999999982,0.3475523436795097,0.1916537530044632,NORMAL,57.2,-0.3631478820523558,-6.299999999999997,17.99999999999999,-0.4109438752291273,-11.000000000000007,0.0,0.0,0.0,0.0,0.0,NORMAL
2022-01-20,2.558,2.0999999999999908,4.690763600725877,0.4407014754316413,0.2683333333333335,0.4390688577971963,16.1,0.9539297950968348,-0.07117139254920835,0.1469004918105471,0.14635628593239877,0.161,0.3558569627460417,0.23319414064700586,NORMAL,56.49999999999999,-0.38643515272670403,-7.099999999999994,17.99999999999999,-0.4107515212707693,-11.000000000000007,0.0,0.0,0.0,0.0,0.0,NORMAL
2022-01-21,2.54,-1.7999999999999794,4.729648924324982,0.46223460158738433,-0.05833333333333351,-0.10906390858460428,-3.500000000000014,0.9553893076833331,-0.0697502847798086,0.1540782005291281,0.0,0.0,0.348751423899043,0.17031620966544284,NORMAL,56.099999999999994,-0.399662860733667,-7.90000000000002,17.99999999999999,-0.4105594372054916,-11.000000000000007,0.0,0.0,0.0,0.0,0.0,NORMAL
2022-01-24,2.54,0.0,4.737473788290219,0.466567696115595,0.05666666666666715,0.10852904710365868,3.4000000000000252,0.9553893076833331,-0.06951301059751092,0.155522565371865,0.03617634903455289,0.03400000000000025,0.3475650529875546,0.18416580407630545,NORMAL,56.29999999999997,-0.39277259721915203,-7.200000000000031,17.99999999999999,-0.4103676224026674,-10.000000000000014,0.0,0.0,0.0,0.0,0.0,NORMAL
2022-01-25,2.576,3.600000000000003,4.703738714547916,0.4478865709112514,0.1600000000000002,0.3056668090380804,9.600000000000009,0.9524658164018222,-0.06831859039389221,0.1492955236370838,0.1018889363460268,0.09600000000000009,0.34159295196946105,0.20607407278440656,NORMAL,55.100000000000016,-0.43283418149652375,-7.9999999999999645,15.99999999999999,-0.5088240349176949,-12.000000000000014,0.0,0.0,0.0,0.0,0.0,NORMAL
2022-01-26,2.573,-0.30000000000001137,4.653496139010918,0.420064256030155,0.17166666666666633,0.3281482778186933,10.299999999999976,0.9527086951850047,-0.06808101163444258,0.14002141867671833,0.10938275927289777,0.10299999999999976,0.3404050581722129,0.20664285885880834,NORMAL,55.699999999999996,-0.4125013283450076,-6.8999999999999915,14.999999999999991,-0.557902663019259,-13.000000000000012,0.0,0.0,0.0,0.0,0.0,NORMAL
2022-01-27,2.612,3.9000000000000146,4.538675902437678,0.3564814332445238,0.306666666666667,0.5881233687208783,18.400000000000016,0.9495504658604663,-0.07117032308087445,0.11882714441484127,0.19604112290695944,0.18400000000000016,0.35585161540437227,0.2421142996261091,NORMAL,56.400000000000006,-0.3888181667799446,-5.399999999999984,13.99999999999999,-0.6069555705220919,-13.00000000000001,0.0,0.0,0.0,0.0,0.0,NORMAL
2022-01-28,2.586,-2.6000000000000245,4.633470905442162,0.40897508816878325,0.393333333333333,0.7780213729038563,23.599999999999977,0.951648972390018,-0.06911760949488321,0.13632502938959443,0.25934045763461877,0.23599999999999977,0.34558804747441607,0.26456831639460904,NORMAL,57.60000000000001,-0.34835525672601897,-4.099999999999994,13.99999999999999,-0.6066245371997723,-13.00000000000001,0.0,0.0,0.0,0.0,0.0,NORMAL
2022-02-03,2.566,-2.0000000000000018,4.490161760068227,0.3296162550413236,0.3949999999999995,0.7815292245670351,23.699999999999967,0.953266775643081,-0.0674446879208328,0.10987208501377453,0.260509741522345,0.23699999999999968,0.337223439604164,0.25636574114888944,NORMAL,57.500000000000014,-0.35155798271253,-2.999999999999986,13.99999999999999,-0.606294045036582,-12.00000000000001,0.0,0.0,0.0,0.0,0.0,NORMAL
2022-02-04,2.619,5.300000000000038,4.560987312321528,0.3688365934765575,0.5433333333333334,1.0710080697564675,32.60000000000001,0.948972308818809,-0.07164584960174936,0.1229455311588525,0.3570026899188225,0.32600000000000007,0.3582292480087468,0.30448134341903377,WARNING,57.699999999999996,-0.34468189611686223,-2.900000000000013,13.99999999999999,-0.6059640925594787,-12.00000000000001,0.0,0.0,0.0,0.0,0.0,NORMAL
2022-02-07,2.638,1.8999999999999684,4.464630001761806,0.3154777955480165,0.548333333333333,1.0804356504078514,32.89999999999998,0.9474397185400667,-0.07314514155464247,0.10515926518267217,0.36014521680261713,0.3289999999999998,0.36572570777321234,0.30515117950634274,WARNING,57.79999999999998,-0.3411679248825932,-1.499999999999993,13.99999999999999,-0.6056346783010276,-12.00000000000001,0.0,0.0,0.0,0.0,0.0,NORMAL
2022-02-08,2.733,9.50000000000002,4.349519029671415,0.2517339751419636,0.6533333333333332,1.2390484692368575,39.19999999999999,0.9397891428128556,-0.08062949453658874,0.0839113250473212,0.41301615641228584,0.3919999999999999,0.4031474726829437,0.3390444853650989,WARNING,56.400000000000006,-0.3880814793273867,-1.29999999999999,13.99999999999999,-0.6053058007993742,-12.00000000000001,0.0,0.0,0.0,0.0,0.0,NORMAL
2022-02-09,2.691,-4.200000000000026,4.450934260295673,0.3078936455014043,0.5783333333333334,1.0841658710499595,34.699999999999996,0.9431441900526976,-0.07656241988899004,0.10263121516713476,0.36138862368331987,0.347,0.3828120994449502,0.315328807548071,WARNING,57.800000000000026,-0.3408234303251187,4.263256414560601e-14,13.99999999999999,-0.6049774585982176,-12.00000000000001,0.0,2.1316282072803005e-15,0.0,0.0,6.394884621840901e-16,NORMAL
2022-02-10,2.686,-0.49999999999998934,4.4523086855674165,0.3086547468637901,0.6466666666666665,1.2281783558345083,38.79999999999999,0.9435450263334698,-0.07435999832672124,0.10288491562126335,0.4093927852781694,0.3879999999999999,0.3717999916336062,0.32877553683332905,WARNING,58.60000000000003,-0.31375893829667106,2.0,13.99999999999999,-0.604649650246783,-12.00000000000001,0.0,0.1,0.0,0.0,0.03,NORMAL
2022-02-11,2.747,6.099999999999994,4.58784435105135,0.3837089398944809,0.6899999999999996,1.2963657118632592,41.39999999999997,0.9386527453719308,-0.07915944173539713,0.12790297996482697,0.43212190395441974,0.4139999999999997,0.39579720867698565,0.35312386025464354,WARNING,57.79999999999998,-0.34054561707907816,0.49999999999994316,13.99999999999999,-0.6043223742997947,-12.00000000000001,0.0,0.024999999999997156,0.0,0.0,0.007499999999999146,NORMAL
2022-02-14,2.714,-3.299999999999992,4.423275756840481,0.29257748019647145,0.5916666666666668,1.1051942512939616,35.5,0.9412856663226989,-0.07484457842595171,0.09752582673215715,0.3683980837646539,0.355,0.37422289212975857,0.31387393895126564,WARNING,57.90000000000002,-0.33702856211964377,0.10000000000001563,13.99999999999999,-0.6039956293174495,-11.00000000000001,0.0,0.005000000000000782,0.0,0.0,0.0015000000000002344,NORMAL
2022-02-15,2.71,-0.40000000000000036,4.317683955182709,0.23410499300438015,0.6199999999999998,1.161737245004817,37.19999999999999,0.9416057034492487,-0.07453002558261645,0.07803499766812672,0.38724574833493897,0.3719999999999999,0.3726501279130823,0.31651620036584605,WARNING,58.299999999999976,-0.3234089847870978,-0.10000000000000853,13.99999999999999,-0.6036694138653901,-7.0,0.0,0.0,0.0,0.0,0.0,NORMAL
2022-02-16,2.702,-0.8000000000000007,4.239348882478123,0.19072618457893215,0.5500000000000003,1.0336566144072499,33.00000000000001,0.9422459953275941,-0.07248160285237681,0.06357539485964404,0.3445522048024166,0.33000000000000007,0.36240801426188407,0.29258872563716576,NORMAL,58.79999999999996,-0.30642272299852824,3.199999999999953,13.99999999999999,-0.6033437265146782,-6.0,0.0,0.15999999999999764,0.0,0.0,0.04799999999999929,NORMAL
2022-02-17,2.708,0.6000000000000227,3.485156494258723,-0.22691518594583598,0.5366666666666668,1.008966120742692,32.2,0.941765449869977,-0.07144939263038397,0.0,0.336322040247564,0.322,0.35724696315191984,0.27456319331028073,NORMAL,60.00000000000001,-0.26584689940879286,4.900000000000034,13.99999999999999,-0.603018565841769,-6.0,0.0,0.24500000000000172,0.0,0.0,0.07350000000000051,NORMAL
2022-02-18,2.728,2.0000000000000018,3.456629785453495,-0.24271212840783096,0.5466666666666672,1.0270542589602234,32.800000000000026,0.940164448605198,-0.07302792866291241,0.0,0.3423514196534078,0.32800000000000024,0.36513964331456206,0.2801261412565064,NORMAL,59.399999999999984,-0.28596383168725586,3.599999999999959,13.99999999999999,-0.6026939304284848,-5.0,0.0,0.17999999999999794,0.0,0.0,0.05399999999999938,NORMAL
2022-02-21,2.77,4.1999999999999815,3.481269429691606,-0.2290676857568747,0.6266666666666665,1.170576842936561,37.59999999999999,0.9368080615236775,-0.07623822856916052,0.0,0.39019228097885367,0.3759999999999999,0.3811911428458026,0.30571491333409173,WARNING,58.59999999999999,-0.3128235718713912,1.3999999999999844,13.99999999999999,-0.6023698188619884,-4.0,0.0,0.06999999999999922,0.0,0.0,0.020999999999999765,NORMAL
2022-02-22,2.717,-5.299999999999994,3.7588457074787778,-0.07535712212483485,0.6150000000000004,1.1443939825427156,36.90000000000002,0.9410283818408416,-0.07207668178886462,0.0,0.38146466084757186,0.3690000000000002,0.3603834089443231,0.29424629574724365,NORMAL,58.9,-0.3025665069849093,2.4000000000000057,13.99999999999999,-0.6020462297347577,-4.0,0.0,0.12000000000000029,0.0,0.0,0.03600000000000009,NORMAL
2022-02-23,2.722,0.49999999999998934,3.71014257067527,-0.1023269578341222,0.7783333333333335,1.5247303953983304,46.70000000000001,0.9406284447785592,-0.07247104919910441,0.0,0.5082434651327769,0.4670000000000001,0.36235524599552205,0.33999079142476424,WARNING,59.599999999999966,-0.27881035891599976,3.4999999999999716,13.99999999999999,-0.6017231616445604,-4.0,0.0,0.17499999999999857,0.0,0.0,0.05249999999999957,NORMAL
2022-02-24,2.624,-9.799999999999986,4.416547830245038,0.2888518254059942,0.5966666666666669,1.1049300652749277,35.80000000000001,0.9484638797235646,-0.06474473303893291,0.09628394180199806,0.36831002175830924,0.3580000000000001,0.32372366519466456,0.2940082587899273,NORMAL,60.400000000000006,-0.2516805915715715,4.100000000000037,13.99999999999999,-0.6014006131944275,-4.0,0.0,0.20500000000000185,0.0,0.0,0.061500000000000554,NORMAL
2022-02-25,2.671,4.699999999999971,4.4648186148104525,0.31558224185822314,0.763333333333333,1.427183726871652,45.799999999999976,0.944674766524069,-0.06848107783044233,0.10519408061940771,0.47572790895721734,0.45799999999999974,0.34240538915221164,0.34474655357620965,WARNING,60.999999999999986,-0.23130894391330914,5.89999999999997,13.99999999999999,-0.6010785829926293,-2.0,0.0,0.2949999999999985,0.0,0.0,0.08849999999999954,NORMAL
2022-02-28,2.675,0.40000000000000036,4.46116576692685,0.3135594418137571,0.8216666666666667,1.5477516218409757,49.29999999999999,0.9443535771034508,-0.06879779426398003,0.10451981393791904,0.5159172072803252,0.4929999999999999,0.34398897131990014,0.3602829927716089,WARNING,61.3,-0.221076128269878,5.600000000000001,13.99999999999999,-0.6007570696526487,-1.0000000000000018,0.0,0.2800000000000001,0.0,0.0,0.08400000000000002,NORMAL
2022-03-02,2.613,-6.199999999999983,4.6258398952884345,0.4047493420741885,0.6916666666666668,1.2728121916966086,41.5,0.9493303204547859,-0.06336588448453406,0.13491644735806282,0.4242707305655362,0.415,0.3168294224226703,0.32156920455378796,WARNING,62.60000000000004,-0.1770407055891897,6.200000000000031,13.99999999999999,-0.6004360717931574,0.0,0.0,0.31000000000000155,0.0,0.0,0.09300000000000046,NORMAL
2022-03-03,2.648,3.500000000000014,4.6460962674395585,0.41596650517368416,0.6900000000000003,1.2700926032830697,41.40000000000001,0.9465060627514329,-0.06615237097819271,0.1386555017245614,0.4233642010943566,0.41400000000000015,0.33076185489096355,0.32750868252016907,WARNING,64.00000000000001,-0.12962540804578876,6.400000000000006,13.99999999999999,-0.6001155880379896,0.0,0.0,0.3200000000000003,0.0,0.0,0.09600000000000009,NORMAL
2022-03-04,2.658,0.9999999999999787,4.615922100957215,0.3992572669992168,0.7416666666666665,1.3703526885210706,44.499999999999986,0.9457015325980942,-0.06694614146286115,0.1330857556664056,0.4567842295070235,0.44499999999999984,0.33473070731430576,0.3408662799604081,WARNING,63.39999999999999,-0.1498718431190083,5.899999999999977,13.99999999999999,-0.5997956170161184,0.0,0.0,0.2949999999999989,0.0,0.0,0.08849999999999966,NORMAL
2022-03-07,2.707,4.899999999999993,4.594665098613939,0.38748599519832533,0.7783333333333327,1.42891391178356,46.69999999999996,0.9417626857148231,-0.07083231078366836,0.12916199839944179,0.4763046372611867,0.4669999999999996,0.3541615539183418,0.3561579486994624,WARNING,63.400000000000034,-0.1498118308694604,5.700000000000038,13.99999999999999,-0.5994761573616311,0.0,0.0,0.2850000000000019,0.0,0.0,0.08550000000000058,NORMAL
2022-03-08,2.722,1.5000000000000124,4.588842303262395,0.3842615656377917,0.8949999999999999,1.6750708962871548,53.69999999999999,0.9405619382905367,-0.07201699958741925,0.12808718854593057,0.5583569654290516,0.5369999999999999,0.36008499793709625,0.3887228299698349,WARNING,64.4,-0.11589567324617599,6.600000000000023,13.99999999999999,-0.599157207713704,0.0,0.0,0.3300000000000011,0.0,0.0,0.09900000000000034,NORMAL
2022-03-10,2.726,0.40000000000000036,4.062054833909088,0.09254788075771112,0.8966666666666664,1.6782808559517544,53.79999999999998,0.9402421472315179,-0.07233251380755956,0.030849293585903704,0.5594269519839181,0.5379999999999998,0.3616625690377978,0.37032027672908346,WARNING,66.6,-0.041336262497163725,10.199999999999989,13.99999999999999,-0.5988387667165778,0.0,0.0,0.5099999999999995,0.0,0.0,0.15299999999999983,NORMAL
2022-03-11,2.7,-2.59999999999998,3.9908414888934947,0.053112798308544804,0.831666666666667,1.5476033358244952,49.90000000000001,0.9423200823768996,-0.07028236866307425,0.017704266102848268,0.515867778608165,0.4990000000000001,0.35141184331537123,0.3470791462683512,WARNING,66.5,-0.044708406147979204,8.699999999999974,13.99999999999999,-0.5985208330195348,0.0,0.0,0.4349999999999987,0.0,0.0,0.13049999999999962,NORMAL
2022-03-14,2.739,3.89999999999997,4.079509129398053,0.1022133666515238,0.9499999999999997,1.7744811355200072,56.999999999999986,0.9391962913038202,-0.07336438261095601,0.0340711222171746,0.5914937118400024,0.5699999999999998,0.36682191305478007,0.38584173203334743,WARNING,66.40000000000002,-0.04808056223961986,7.79999999999999,13.99999999999999,-0.598203405276874,0.0,0.0,0.3899999999999995,0.0,0.0,0.11699999999999985,NORMAL
2022-03-15,2.753,1.4000000000000234,3.8548807067350155,-0.022176807215514332,0.9733333333333335,1.818721652846707,58.400000000000006,0.9380786477171686,-0.07446707899564908,0.0,0.6062405509489023,0.5840000000000001,0.3723353949782454,0.3869822681810786,WARNING,67.99999999999997,0.006193832089050393,10.199999999999989,13.99999999999999,-0.5978864821478863,0.0,0.002064610696350131,0.5099999999999995,0.0,0.0,0.15361938320890486,NORMAL
2022-03-16,2.768,1.499999999999968,3.7854430318482373,-0.06062859506003843,1.0033333333333332,1.8760719878167493,60.19999999999999,0.9368825974413292,-0.07564713346992968,0.0,0.6253573292722497,0.6019999999999999,0.3782356673496484,0.39676573279430927,WARNING,68.00000000000001,0.006191417720458118,10.099999999999994,13.99999999999999,-0.5975700622968327,0.0,0.002063805906819373,0.5049999999999997,0.0,0.0,0.1521191417720457,NORMAL
2022-03-17,2.704,-6.399999999999961,4.068505480161627,0.09611998886137577,0.9283333333333341,1.6976633103424,55.70000000000004,0.9419792387714099,-0.07061865387600619,0.032039996287125255,0.5658877701141333,0.5570000000000004,0.35309326938003094,0.37222286103226415,WARNING,68.5,0.023157149477693536,10.200000000000024,13.99999999999999,-0.5972541443929184,0.0,0.007719049825897845,0.5100000000000012,0.0,0.0,0.15531571494776972,NORMAL
2022-03-18,2.737,3.299999999999992,4.130486781558743,0.130442737362611,0.9733333333333335,1.7754367432808504,58.400000000000006,0.9393369870066561,-0.073225568551884,0.043480912454203664,0.5918122477602835,0.5840000000000001,0.36612784275942,0.3903097691466655,WARNING,68.00000000000001,0.006173365708400175,9.200000000000053,13.99999999999999,-0.5969387271102713,0.0,0.002057788569466725,0.46000000000000263,0.0,0.0,0.1386173365708408,NORMAL
2022-03-21,2.741,0.40000000000000036,4.129645709284327,0.12997698541007957,1.0566666666666664,1.956294288920146,63.39999999999999,0.9390176124310738,-0.07354067185857638,0.04332566180335986,0.6520980963067153,0.6339999999999999,0.3677033592928819,0.41296609533916784,WARNING,67.60000000000002,-0.007414151133020347,7.600000000000016,13.99999999999999,-0.5966238091279171,0.0,0.0,0.3800000000000008,0.0,0.0,0.11400000000000023,NORMAL
2022-03-22,2.832,9.099999999999975,4.576668519440971,0.37752021444004813,1.2216666666666662,2.1991919903862946,73.29999999999997,0.9317543111989195,-0.08070683476175022,0.12584007148001605,0.7330639967954315,0.7329999999999997,0.4035341738087511,0.47979448317858986,WARNING,64.6,-0.10933886151401681,5.20000000000001,13.99999999999999,-0.596309389129757,0.0,0.0,0.2600000000000005,0.0,0.0,0.07800000000000015,NORMAL
2022-03-23,2.828,-0.40000000000000036,4.496887812698901,0.3333408721055831,1.1350000000000002,2.0531880180107716,68.10000000000001,0.9320711076647271,-0.08039427508556929,0.11111362403519437,0.6843960060035905,0.681,0.40197137542784644,0.4560904761788956,WARNING,64.69999999999997,-0.10589703468481401,6.099999999999987,13.99999999999999,-0.5959954658045441,0.0,0.0,0.3049999999999994,0.0,0.0,0.09149999999999982,NORMAL
2022-03-24,2.856,2.8000000000000025,4.328543574192608,0.24011861265569884,1.073333333333333,1.96561948558969,64.39999999999996,0.929852778428485,-0.08258293671086558,0.08003953755189962,0.6552064951965634,0.6439999999999997,0.4129146835543279,0.44101507997142375,WARNING,64.9,-0.0990551320543658,6.000000000000007,12.99999999999999,-0.645461460662877,-1.0,0.0,0.3000000000000004,0.0,0.0,0.09000000000000011,NORMAL
2022-03-25,2.871,1.5000000000000124,4.331946809218073,0.24200318715214653,1.1083333333333334,2.0323085046389133,66.5,0.9286672161359887,-0.0837526434665593,0.08066772905071551,0.6774361682129711,0.665,0.41876321733279653,0.45212606638585595,WARNING,65.8,-0.06840284033722346,6.200000000000031,12.99999999999999,-0.6451069078272772,-1.0,0.0,0.31000000000000155,0.0,0.0,0.09300000000000046,NORMAL
2022-03-28,3.031,16.000000000000014,4.838363685988754,0.5224364582578377,1.3666666666666671,2.2815105449239814,82.00000000000003,0.9160373419965392,-0.09621360751541419,0.1741454860859459,0.7605035149746605,0.8200000000000003,0.48106803757707095,0.5433570152429498,HIGH,64.70000000000002,-0.10580718578593153,4.300000000000011,13.99999999999999,-0.5949508299766221,0.0,0.0,0.21500000000000058,0.0,0.0,0.06450000000000017,NORMAL
2022-03-29,2.972,-5.900000000000016,5.104329947263038,0.669717862322641,1.29,2.1160878831234005,77.4,0.9206312692666518,-0.09168111875710394,0.2232392874408803,0.7053626277078001,0.774,0.4584055937855197,0.523882620543944,HIGH,66.10000000000001,-0.05810801779097005,5.100000000000023,13.99999999999999,-0.5946389648274405,0.0,0.0,0.2550000000000011,0.0,0.0,0.07650000000000033,NORMAL
2022-03-30,2.885,-8.700000000000019,5.590452387306132,0.9389128916993906,1.1749999999999996,1.8650750509336445,70.49999999999996,0.9274393375028788,-0.08496410063031268,0.3129709638997969,0.6216916836445482,0.7049999999999996,0.4248205031515634,0.49786073076949433,WARNING,67.59999999999997,-0.007003502015063055,6.299999999999969,14.999999999999991,-0.5444969733314993,1.0000000000000018,0.0,0.31499999999999845,0.0,0.033333333333333395,0.10116666666666621,NORMAL
2022-03-31,2.969,8.400000000000007,5.546985905118108,0.9148429044170264,1.201666666666666,1.8936270271616182,72.09999999999997,0.9208174206331082,-0.09149745695181222,0.3049476348056755,0.6312090090538728,0.7209999999999996,0.4574872847590611,0.514426242675534,HIGH,67.7,-0.0035940052788496226,5.099999999999966,14.999999999999991,-0.5442241015939006,1.0000000000000018,0.0,0.2549999999999983,0.0,0.033333333333333395,0.08316666666666617,NORMAL
2022-04-01,3.007,3.8000000000000256,5.552284972968574,0.9177773147798751,1.261666666666667,1.9843305825787716,75.70000000000002,0.9178431803644632,-0.094431920165858,0.3059257715932917,0.6614435275262572,0.7570000000000001,0.47215960082929,0.5337377001556258,HIGH,67.40000000000003,-0.013816947057676474,3.40000000000002,15.99999999999999,-0.4940906265463968,2.0,0.0,0.17000000000000098,0.0,0.06666666666666667,0.06433333333333363,NORMAL
2022-04-04,3.065,5.799999999999983,5.619446966608575,0.9549689219998965,1.233333333333333,1.9523383187674996,73.99999999999997,0.9133182134852664,-0.09889637079944025,0.3183229739999655,0.6507794395891665,0.7399999999999998,0.49448185399720124,0.5396132243167069,HIGH,66.19999999999999,-0.05472470814997889,2.799999999999997,15.99999999999999,-0.49385338567840414,2.0,0.0,0.13999999999999985,0.0,0.06666666666666667,0.05533333333333329,NORMAL
2022-04-05,3.08,1.5000000000000124,5.579499600275431,0.9328476793503673,1.266666666666667,2.0072366087582347,76.00000000000003,0.9121537327630727,-0.10004527792667106,0.3109492264501224,0.6690788695860782,0.7600000000000002,0.5002263896333553,0.5480961750605823,HIGH,66.29999999999998,-0.05129281040964614,2.899999999999949,15.99999999999999,-0.4936164862761498,2.0,0.0,0.14499999999999744,0.0,0.06666666666666667,0.05683333333333256,NORMAL
2022-04-06,3.129,4.899999999999993,5.619446966608575,0.9549689219998965,1.2566666666666668,1.9947364427205572,75.4,0.9083546124661145,-0.10379358934410643,0.3183229739999655,0.664912147573519,0.754,0.5189679467205321,0.5550342030029098,HIGH,65.10000000000002,-0.0922174666663036,0.700000000000017,15.99999999999999,-0.4933799275211862,2.0,0.0,0.03500000000000085,0.0,0.06666666666666667,0.023833333333333588,NORMAL
2022-04-07,3.128,-0.09999999999998899,5.628209026156124,0.9598209976973158,1.0783333333333338,1.7674993794854101,64.70000000000002,0.908431822608174,-0.1037174117992008,0.3199403325657719,0.58916645982847,0.6470000000000001,0.518587058996004,0.5186561820772501,HIGH,65.7,-0.0717016197870219,-0.8999999999999915,15.99999999999999,-0.4931437085978099,2.0,0.0,0.0,0.0,0.06666666666666667,0.013333333333333334,NORMAL
2022-04-08,3.169,4.0999999999999925,5.538047822492195,0.909893354227899,1.1849999999999998,1.94452636012779,71.09999999999998,0.9052659377063845,-0.10684095661908055,0.30329778474263297,0.64817545337593,0.7109999999999999,0.5342047830954028,0.5461765608618736,HIGH,64.9,-0.09899108638825213,-1.5999999999999943,15.99999999999999,-0.49290782869305005,2.0,0.0,0.0,0.0,0.06666666666666667,0.013333333333333334,NORMAL
2022-04-11,3.305,13.600000000000012,6.07965546115204,1.2098138520078083,1.3683333333333336,2.1272025462085185,82.10000000000002,0.8948010634664987,-0.11716587516056398,0.40327128400260276,0.7090675154028395,0.8210000000000002,0.5858293758028199,0.6209995102022164,HIGH,62.700000000000024,-0.17410260927820326,-3.6999999999999957,15.99999999999999,-0.4926722869966555,2.0,0.0,0.0,0.0,0.06666666666666667,0.013333333333333334,NORMAL
2022-04-12,3.313,0.8000000000000007,6.088556997827114,1.2147431645211997,1.3800000000000006,2.1462875930278367,82.80000000000003,0.8941925987433414,-0.11776620236545488,0.4049143881737332,0.7154291976759456,0.8280000000000003,0.5888310118272744,0.6252011219008456,HIGH,66.9,-0.03051085343863079,-1.099999999999966,15.99999999999999,-0.49243708270108477,2.0,0.0,0.0,0.0,0.06666666666666667,0.013333333333333334,NORMAL
2022-04-13,3.287,-2.6000000000000245,6.202586472381379,1.2778880951475855,1.4316666666666669,2.25332013121409,85.9,0.8961687643865642,-0.11581646567268244,0.4259626983825285,0.7511067104046966,0.8590000000000001,0.5790823283634122,0.63884681310281,HIGH,68.70000000000003,0.031035172553809994,0.700000000000017,15.99999999999999,-0.4922022150014929,2.0,0.010345057517936665,0.03500000000000085,0.0,0.06666666666666667,0.02693685058871459,NORMAL
2022-04-14,3.22,-6.699999999999973,6.225803689400062,1.2907448548907416,1.3716666666666673,2.125407871792937,82.30000000000004,0.9012724454997457,-0.1107810404446884,0.43024828496358053,0.7084692905976456,0.8230000000000004,0.553905202223442,0.6139055960016221,HIGH,69.50000000000003,0.05838229833105614,1.0000000000000284,12.00000000000001,-0.6919178061433433,-1.9999999999999787,0.019460766110352048,0.05000000000000142,0.0,0.0,0.02083822983310604,NORMAL
2022-04-15,3.301,8.099999999999996,6.346370699276212,1.3575100092880574,1.413333333333334,2.1699822674558567,84.80000000000003,0.8950671847124799,-0.1169033129812268,0.4525033364293525,0.7233274224852856,0.8480000000000003,0.584516564906134,0.6385727777453813,HIGH,69.60000000000002,0.061781033482811665,1.6000000000000085,13.000000000000009,-0.6415332849412512,-0.9999999999999805,0.02059367782760389,0.08000000000000043,0.0,0.0,0.030178103348281297,NORMAL
2022-04-18,3.355,5.399999999999983,6.3445044599326526,1.3564765610998415,1.3116666666666665,2.074497199930208,78.69999999999999,0.8909588263346496,-0.12095672677464298,0.4521588536999472,0.6914990666434027,0.7869999999999999,0.6047836338732149,0.6280450376179559,HIGH,69.89999999999998,0.07202475751817997,2.2999999999999545,14.000000000000009,-0.591179069638178,1.9539925233402755e-14,0.02400825250605999,0.11499999999999773,0.0,6.513308411134251e-16,0.041702475751817444,NORMAL
2022-04-19,3.35,-0.49999999999998934,6.226336254804651,1.2910397681634567,1.3283333333333336,2.104309223946124,79.70000000000002,0.8913374838358418,-0.12058313338352222,0.4303465893878189,0.7014364079820413,0.7970000000000002,0.6029156669176111,0.6269228662410166,HIGH,69.0,0.04118283269519167,4.400000000000006,15.00000000000001,-0.540850439251927,1.0000000000000213,0.013727610898397224,0.22000000000000028,0.0,0.03333333333333404,0.07678494993618606,NORMAL
2022-04-20,3.313,-3.699999999999992,6.352196056234582,1.3607358573632857,1.2933333333333337,2.0368875146983205,77.60000000000002,0.8941407402225054,-0.11781736733801351,0.45357861912109526,0.6789625048994402,0.7760000000000002,0.5890868366900676,0.6173429594801342,HIGH,70.5,0.09254368563036798,5.800000000000026,15.99999999999999,-0.490543081427864,2.0,0.03084789521012266,0.29000000000000126,0.0,0.06666666666666667,0.1095877018963705,NORMAL
2022-04-21,3.296,-1.7000000000000348,6.417574554136073,1.396939836471182,1.2300000000000002,1.9316903849532532,73.8,0.8954327735921269,-0.116542613433817,0.46564661215706066,0.6438967949844178,0.738,0.582713067169085,0.6025939082959297,HIGH,71.99999999999997,0.14390361852553898,7.099999999999966,16.99999999999999,-0.44025308888734643,4.0,0.04796787284184633,0.3549999999999983,0.0,0.13333333333333333,0.14755702851922006,NORMAL
2022-04-22,3.314,1.8000000000000238,6.416202762907117,1.3961801937356095,1.2900000000000003,2.032352301716009,77.4,0.8940627614485309,-0.11789430323526329,0.46539339791186984,0.6774507672386697,0.774,0.5894715161763164,0.6191574395006345,HIGH,71.7,0.1335646294941539,5.900000000000006,16.99999999999999,-0.4400524186163497,4.0,0.044521543164717965,0.29500000000000026,0.0,0.13333333333333333,0.12852312961608214,NORMAL
2022-04-25,3.188,-12.599999999999989,6.369109249461733,1.3701017026166626,1.0800000000000003,1.5990468019627495,64.80000000000001,0.9036381736236447,-0.10844695122291292,0.45670056753888755,0.5330156006542498,0.6480000000000001,0.5422347561145646,0.5444371360844533,HIGH,74.49999999999997,0.22952113184055212,9.799999999999955,16.99999999999999,-0.4398520225338034,3.0,0.0765070439468507,0.4899999999999977,0.0,0.1,0.18995211318405453,NORMAL
2022-04-26,3.19,0.19999999999997797,6.175239181389532,1.2627442667711954,1.0233333333333332,1.517859743270455,61.39999999999999,0.9034845551341287,-0.10859851524120501,0.4209147555903985,0.5059532477568184,0.6139999999999999,0.542992576206025,0.5253706311518533,HIGH,75.4,0.260299114219402,9.299999999999997,16.99999999999999,-0.43965190001580506,3.0,0.08676637140646733,0.46499999999999986,0.0,0.1,0.18552991142194014,NORMAL
2022-04-27,3.185,-0.49999999999998934,5.748500948760012,1.0264338198420178,1.0200000000000002,1.5126483029145126,61.20000000000001,0.9038685360700607,-0.10821966961018259,0.3421446066140059,0.5042161009715042,0.6120000000000001,0.541098348050913,0.5081114807374671,HIGH,69.60000000000002,0.0611747817203725,2.000000000000057,16.99999999999999,-0.43945205044043784,1.9999999999999982,0.020391593906790833,0.10000000000000284,0.0,0.06666666666666661,0.04945081150537142,NORMAL
2022-04-28,3.166,-1.9000000000000128,5.555961710299651,0.9198133438382375,0.9233333333333331,1.3694325620622991,55.399999999999984,0.9053282837558138,-0.10677944437660303,0.30660444794607916,0.456477520687433,0.5539999999999998,0.5338972218830151,0.47697528247990845,WARNING,71.10000000000002,0.11264254686087267,3.40000000000002,16.99999999999999,-0.4392524731877624,1.9999999999999982,0.03754751562029089,0.17000000000000098,0.0,0.06666666666666661,0.07559758801942087,NORMAL
2022-04-29,3.242,7.600000000000007,5.719852316827404,1.0105693612623676,1.0933333333333337,1.606449499700706,65.60000000000001,0.8994798630427512,-0.11254964916593024,0.33685645375412254,0.535483166566902,0.6560000000000001,0.5627482458296512,0.5307672223960654,HIGH,72.2,0.15037314119043088,4.799999999999969,16.99999999999999,-0.4390531676398097,1.0,0.050124380396810296,0.23999999999999844,0.0,0.03333333333333333,0.09370398078570928,NORMAL
2022-05-02,3.38,13.79999999999999,6.309631317947275,1.3371652195366317,1.3566666666666667,1.9092189165031597,81.4,0.8889289642492597,-0.12295944178121387,0.4457217398455439,0.6364063055010533,0.8140000000000001,0.6147972089060694,0.6251444926317472,HIGH,70.80000000000001,0.10222074632495773,4.600000000000023,16.99999999999999,-0.4388541331805719,1.0,0.03407358210831924,0.23000000000000115,0.0,0.03333333333333333,0.08588874129916278,NORMAL
2022-05-03,3.406,2.6000000000000245,6.313736069705064,1.3394382657468094,1.3116666666666665,1.853228128565317,78.69999999999999,0.8869644312382688,-0.12489770141487744,0.44647942191560314,0.6177427095217723,0.7869999999999999,0.6244885070743872,0.62003982911723,HIGH,71.60000000000002,0.12967423165665615,5.30000000000004,16.99999999999999,-0.4386553691959949,1.0,0.04322474388555205,0.265000000000002,0.0,0.03333333333333333,0.09913408983233288,NORMAL
2022-05-04,3.434,2.8000000000000025,6.273828261327497,1.317338928699936,1.3266666666666673,1.8734414722514987,79.60000000000002,0.8848534558919218,-0.12698044488550997,0.43911297623331197,0.6244804907504996,0.7960000000000003,0.6349022244275498,0.6258795831677824,HIGH,70.9,0.10555908720698465,5.799999999999983,16.99999999999999,-0.4384568750739703,1.0,0.03518636240232822,0.28999999999999915,0.0,0.03333333333333333,0.10422257538736487,NORMAL
2022-05-06,3.431,-0.30000000000001137,6.276713437695511,1.3189366231759936,1.1633333333333333,1.6740905964818795,69.8,0.8850790935231743,-0.1267578248989557,0.43964554105866455,0.5580301988272932,0.698,0.6337891244947785,0.592650797775103,HIGH,72.70000000000003,0.16742326221157783,7.000000000000028,16.99999999999999,-0.4382586502043278,1.0,0.05580775407052594,0.3500000000000014,0.0,0.03333333333333333,0.12840899288782487,NORMAL
2022-05-09,3.414,-1.6999999999999904,6.284975819574138,1.3235119975042013,1.2050000000000007,1.7446311325918828,72.30000000000003,0.8863580328133152,-0.1254959899559348,0.4411706658347338,0.581543710863961,0.7230000000000003,0.627479949779674,0.6001348552516086,HIGH,73.8,0.20520196309677732,8.899999999999991,16.99999999999999,-0.43806069397882635,1.0,0.06840065436559244,0.44499999999999956,0.0,0.03333333333333333,0.16068686297634424,NORMAL
2022-05-10,3.403,-1.100000000000012,5.5818220002168895,0.9341337309064526,1.1950000000000003,1.7289247679863702,71.7,0.8871867775739956,-0.1246783287065436,0.31137791030215084,0.5763082559954568,0.7170000000000001,0.623391643532718,0.5702938906726087,HIGH,73.70000000000002,0.20167942340452738,10.999999999999993,16.99999999999999,-0.4378630057911476,1.0,0.0672264744681758,0.5499999999999996,0.0,0.03333333333333333,0.19183460900711927,NORMAL
2022-05-11,3.269,-13.39999999999999,6.3855593663400105,1.3792111148378026,0.8700000000000004,1.1958064420853363,52.200000000000024,0.8972918349705634,-0.11470841487051109,0.45973703827926754,0.39860214736177874,0.5220000000000002,0.5735420743525554,0.5054846668692314,HIGH,76.29999999999998,0.29111170339541875,9.399999999999977,16.99999999999999,-0.43766558503688713,1.0,0.09703723446513958,0.46999999999999886,0.0,0.03333333333333333,0.1767778370062082,NORMAL
2022-05-12,3.169,-10.000000000000009,6.735522485887397,1.5730065961551971,0.7583333333333335,1.0155692982590634,45.50000000000001,0.9049188155678132,-0.10718343639691053,0.5243355320517323,0.3385230994196878,0.45500000000000007,0.5359171819845526,0.4779385990881051,WARNING,75.70000000000002,0.27032902577864726,6.999999999999986,17.99999999999999,-0.38719209749172784,2.0,0.09010967525954909,0.3499999999999993,0.0,0.06666666666666667,0.14536623591119785,NORMAL
2022-05-13,3.221,5.200000000000005,6.692845748299175,1.549373937626315,0.8516666666666669,1.135435864733183,51.10000000000001,0.9009190744030035,-0.11112968560803616,0.5164579792087717,0.37847862157772766,0.5110000000000001,0.5556484280401808,0.5034466913733722,HIGH,76.2,0.28744494045446145,6.699999999999974,17.99999999999999,-0.38702390538501774,5.999999999999979,0.09581498015148715,0.33499999999999874,0.0,0.1999999999999993,0.16924449404544561,NORMAL
2022-05-16,3.277,5.600000000000005,6.5556403998870785,1.4733951414342132,0.9583333333333338,1.2715491652238744,57.500000000000014,0.8966306996088451,-0.11536070830454193,0.4911317138114044,0.4238497217412915,0.5750000000000002,0.5768035415227096,0.5287177037196231,HIGH,73.50000000000003,0.19427549407970096,3.9000000000000057,18.99999999999999,-0.33654495397921547,5.9999999999999805,0.06475849802656698,0.19500000000000028,0.0,0.19999999999999934,0.11792754940797004,NORMAL
2022-05-17,3.287,0.9999999999999787,6.4333342423415445,1.405666917099396,0.9649999999999997,1.2804359035743629,57.89999999999998,0.8958685635141775,-0.1161126517024832,0.468555639033132,0.426811967858121,0.5789999999999997,0.580563258512416,0.5270988247832169,HIGH,75.29999999999997,0.25625724405622635,5.3999999999999915,19.99999999999999,-0.2860738343620534,5.9999999999999805,0.08541908135207545,0.2699999999999996,0.0,0.19999999999999934,0.14662572440562238,NORMAL
2022-05-18,3.32,3.299999999999992,6.484272470654226,1.4338744564711976,0.9866666666666661,1.3077700918800246,59.19999999999996,0.8933556521935203,-0.11859195571445769,0.4779581521570659,0.4359233639600082,0.5919999999999996,0.5929597785722884,0.5383602146523301,HIGH,76.29999999999998,0.2906421249202837,7.299999999999983,19.99999999999999,-0.28595719358123955,4.999999999999979,0.09688070830676122,0.36499999999999916,0.0,0.16666666666666596,0.1718975458253613,NORMAL
2022-05-19,3.307,-1.29999999999999,6.437153669784581,1.407781962195112,0.8949999999999999,1.187923263954846,53.69999999999999,0.894342810189194,-0.11761799982552223,0.4692606540650373,0.39597442131828203,0.5369999999999999,0.5880899991276112,0.5156830147277083,HIGH,77.50000000000003,0.3319220651837604,7.000000000000028,19.99999999999999,-0.28584069536782947,4.0,0.1106406883945868,0.3500000000000014,0.0,0.13333333333333333,0.16485887318504314,NORMAL
2022-05-20,3.245,-6.199999999999983,6.575750907691078,1.4845315307327593,0.8800000000000002,1.164557001232032,52.800000000000004,0.899055996798891,-0.1129678466846028,0.49484384357758643,0.38818566707734403,0.528,0.564839233423014,0.5081415955001918,HIGH,77.29999999999997,0.32488138432779695,5.299999999999997,20.99999999999999,-0.23534046350258928,4.0,0.10829379477593232,0.26499999999999985,0.0,0.13333333333333333,0.1386548050994463,NORMAL
2022-05-23,3.258,1.29999999999999,6.568473346620445,1.4805015105057022,0.8933333333333334,1.182195565930114,53.6,0.8980625399224282,-0.11394801721401637,0.4935005035019007,0.3940651886433713,0.536,0.5697400860700819,0.5126091728570872,HIGH,77.8,0.34200710035947124,6.099999999999994,18.99999999999999,-0.3360491027353631,2.0,0.11400236678649041,0.3049999999999997,0.0,0.06666666666666667,0.13903404336928038,NORMAL
2022-05-24,3.214,-4.400000000000004,5.989385347604986,1.1598258986313144,0.9833333333333332,1.3301746633184348,58.999999999999986,0.9014212938217382,-0.11063418279839665,0.3866086328771048,0.44339155443947825,0.5899999999999999,0.5531709139919833,0.5052684030601099,HIGH,77.49999999999999,0.3315036641822113,3.000000000000014,18.99999999999999,-0.3359085685562105,2.0,0.11050122139407043,0.15000000000000072,0.0,0.06666666666666667,0.09148369975155468,NORMAL
2022-05-25,3.177,-3.699999999999992,6.050165286998367,1.1934833812380992,0.8433333333333337,1.1387519743391923,50.60000000000002,0.9042562637908075,-0.10783712730329775,0.39782779374603305,0.37958399144639743,0.5060000000000002,0.5391856365164888,0.4723566116450817,WARNING,77.4,0.3279110393631525,2.0,18.99999999999999,-0.3357682105579569,2.0,0.1093036797877175,0.1,0.0,0.06666666666666667,0.07612443726964858,NORMAL
2022-05-26,3.238,6.099999999999994,6.203248300179854,1.2782545887281678,0.9383333333333338,1.2583448868115337,56.30000000000002,0.8995676950630521,-0.11246299179823016,0.42608486290938924,0.41944829560384456,0.5630000000000002,0.5623149589911508,0.5066326152991072,HIGH,77.8,0.3415972650061588,8.199999999999974,14.000000000000009,-0.5878472153610794,-2.9999999999999805,0.11386575500205293,0.4099999999999987,0.0,0.0,0.1571597265006155,NORMAL
2022-05-27,3.212,-2.59999999999998,6.218063668817948,1.2864587432111527,0.9983333333333336,1.3521486735787263,59.90000000000002,0.9015557396691415,-0.11050153501010418,0.42881958107038426,0.4507162245262421,0.5990000000000002,0.5525076750505209,0.5167102311395337,HIGH,78.10000000000001,0.3518244646258601,6.999999999999986,16.000000000000007,-0.48664615643657066,-0.9999999999999822,0.11727482154195336,0.3499999999999993,0.0,0.0,0.1401824464625858,NORMAL
2022-05-30,3.211,-0.1000000000000334,5.971200619817198,1.1497559287475791,0.9383333333333329,1.2726225398481843,56.29999999999997,0.9016323719070135,-0.1104259276405799,0.38325197624919305,0.4242075132827281,0.5629999999999997,0.5521296382028995,0.494943753187544,WARNING,78.2,0.35513420150538927,6.0,18.00000000000001,-0.38547601463481257,1.0000000000000213,0.1183780671684631,0.3,0.0,0.03333333333333404,0.13218008681720575,NORMAL
2022-05-31,3.326,11.500000000000021,5.704485769527076,1.0020599862342074,1.1133333333333335,1.4686862257325328,66.80000000000001,0.8928189154716225,-0.11912151419789319,0.3340199954114025,0.4895620752441776,0.6680000000000001,0.5956075709894659,0.5365594425269025,HIGH,77.99999999999999,0.34806648890974073,7.199999999999974,18.99999999999999,-0.3348183289730219,2.0,0.11602216296991358,0.3599999999999987,0.0,0.06666666666666667,0.15613998222430703,NORMAL
2022-06-02,3.421,9.499999999999975,6.0832708480328535,1.2118159076576207,1.1900000000000002,1.5487831640430103,71.39999999999999,0.8856094027291892,-0.12623460797074515,0.4039386358858736,0.5162610546810035,0.714,0.6311730398537257,0.5793091540548657,HIGH,77.19999999999997,0.3202390181400366,5.599999999999952,20.99999999999999,-0.2336560269564486,4.0,0.1067463393800122,0.2799999999999976,0.0,0.13333333333333333,0.1426905684806696,NORMAL
2022-06-03,3.405,-1.6000000000000014,6.059049343533064,1.1984030139537385,1.138333333333333,1.4788779487379906,68.29999999999998,0.886813831516901,-0.12504628703758536,0.39946767131791283,0.49295931624599687,0.6829999999999998,0.6252314351879268,0.5651779715879527,HIGH,77.49999999999999,0.3304911623320424,6.59999999999998,22.00000000000002,-0.18303234580613395,5.000000000000032,0.11016372077734747,0.329999999999999,0.0,0.16666666666666774,0.16538244956653747,NORMAL
2022-06-07,3.538,13.3,6.763001124539781,1.5882231595761447,1.353333333333333,1.7005584980476343,81.19999999999999,0.8767884011516024,-0.13493763876262543,0.5294077198587149,0.5668528326825447,0.8119999999999998,0.6746881938131272,0.6515273880335029,SEVERE,76.9,0.3095789760144676,4.199999999999974,22.99999999999999,-0.13241076178788322,6.0,0.10319299200482253,0.20999999999999872,0.0,0.2,0.13395789760144639,NORMAL
2022-06-08,3.472,-6.599999999999984,6.934801632650393,1.68335936193635,1.2866666666666664,1.599976281087351,77.19999999999997,0.8817071840820628,-0.1300846389160838,0.5611197873121166,0.533325427029117,0.7719999999999998,0.650423194580419,0.6334583207004143,HIGH,77.30000000000001,0.32330725713039493,3.500000000000014,22.99999999999999,-0.1323604784245652,6.0,0.10776908571013165,0.1750000000000007,0.0,0.2,0.12483072571303971,NORMAL
2022-06-09,3.471,-0.09999999999998899,6.927853772615071,1.6795119168643882,1.2200000000000004,1.518792979513385,73.20000000000002,0.8817821291927097,-0.13001069611039173,0.5598373056214627,0.5062643265044616,0.7320000000000002,0.6500534805519587,0.6196417186459684,HIGH,78.70000000000003,0.3716813447518201,5.000000000000014,22.99999999999999,-0.13231025230444826,6.0,0.12389378158394003,0.2500000000000007,0.0,0.2,0.15216813447518224,NORMAL
2022-06-10,3.495,2.400000000000002,6.133952104561354,1.2398811464045316,1.2366666666666668,1.539089007744731,74.2,0.8799832936491565,-0.1317854742903266,0.4132937154681772,0.5130296692482437,0.742,0.658927371451633,0.5972356255239374,HIGH,72.10000000000001,0.14275991697636445,-4.199999999999974,22.99999999999999,-0.1322600833190027,6.0,0.04758663899212148,0.0,0.0,0.2,0.05427599169763645,NORMAL
2022-06-13,3.654,15.89999999999998,6.389207594389974,1.3812313566044572,1.476666666666667,1.7582309995571377,88.60000000000001,0.8680903194354882,-0.14351939360529287,0.46041045220148574,0.5860769998523793,0.8860000000000001,0.7175969680264643,0.6735362776213587,SEVERE,70.80000000000007,0.09762682809527141,-4.899999999999949,22.99999999999999,-0.13220997135998624,5.0,0.03254227603175714,0.0,0.0,0.16666666666666666,0.043096016142860474,NORMAL
2022-06-14,3.691,3.699999999999992,6.363671565179466,1.3670905320564708,1.6449999999999996,1.982138029523265,98.69999999999996,0.8653601753808636,-0.14621302511240408,0.4556968440188236,0.660712676507755,0.9869999999999997,0.7310651255620204,0.7131079543301239,SEVERE,72.19999999999996,0.1461545321870634,-4.000000000000043,21.99999999999999,-0.18280377702978368,4.0,0.048718177395687796,0.0,0.0,0.13333333333333333,0.041282119885373,NORMAL
2022-06-15,3.795,10.40000000000001,6.579545657006384,1.486632910075216,1.763333333333333,2.0935834013073986,105.79999999999998,0.8577103914304969,-0.15376050197041036,0.4955443033584053,0.6978611337691328,1.0,0.7688025098520518,0.7462020913663283,SEVERE,70.50000000000006,0.08710639115214666,-2.9999999999999716,21.99999999999999,-0.18273353425233818,3.0,0.02903546371738222,0.0,0.0,0.1,0.028710639115214667,NORMAL
2022-06-16,3.767,-2.8000000000000025,6.681947399720502,1.5433388710995903,1.71,2.0227063883397305,102.59999999999998,0.8597517421621015,-0.15174645196509995,0.5144462903665301,0.6742354627799102,1.0,0.7587322598254997,0.741229254559488,SEVERE,70.9,0.10095961568200844,-4.399999999999963,19.99999999999999,-0.28402070419321007,0.0,0.03365320522733615,0.0,0.0,0.0,0.010095961568200845,NORMAL
2022-06-17,3.795,2.8000000000000025,6.679337738996205,1.5418937460910054,1.6050000000000002,1.9191287439352207,96.30000000000001,0.8577055330157557,-0.15376529540942296,0.5139645820303351,0.6397095813117403,0.9630000000000001,0.7688264770471148,0.730865423487261,SEVERE,72.29999999999998,0.149539707626428,-4.0,21.000000000000018,-0.233211385642056,1.0000000000000284,0.04984656920880933,0.0,0.0,0.033333333333334283,0.021620637429309655,NORMAL
2022-06-20,3.784,-1.100000000000012,6.673693445950774,1.5387681639186601,1.5933333333333335,1.903914623807076,95.6,0.8585074876891253,-0.1529740659606309,0.5129227213062201,0.634638207935692,0.956,0.7648703298031545,0.7266603177696442,SEVERE,73.89999999999999,0.20506560884727448,-3.600000000000037,24.0,-0.08097367350047496,4.000000000000011,0.06835520294909149,0.0,0.0,0.1333333333333337,0.04717322755139419,NORMAL
2022-06-21,3.775,-0.8999999999999897,6.415072711570529,1.3955544168166851,1.5316666666666667,1.828556859807863,91.9,0.8591642459172074,-0.15232609112109086,0.4651848056055617,0.6095189532692876,0.919,0.7616304556054543,0.7033929340171516,SEVERE,73.90000000000003,0.20498638860844093,-3.3999999999999346,26.99999999999998,0.07126342823382172,5.999999999999989,0.06832879620281364,0.0,0.02375447607794057,0.19999999999999965,0.06524953407643214,NORMAL
2022-06-22,3.682,-9.299999999999997,6.948199312355003,1.6907784573834623,1.3516666666666666,1.57744383798311,81.1,0.865955939281183,-0.14562522887140306,0.5635928191278208,0.5258146126610367,0.8109999999999999,0.7281261443570153,0.6713319441005776,SEVERE,75.30000000000005,0.2535755663006461,-2.499999999999943,27.99999999999998,0.1219908565644163,8.99999999999999,0.08452518876688203,0.0,0.04066361885480543,0.29999999999999966,0.09349028040102564,NORMAL
2022-06-23,3.726,4.400000000000004,6.790426697700381,1.6034103374648827,1.1583333333333334,1.4092458073082574,69.49999999999999,0.8627172640682714,-0.14882059051542396,0.5344701124882942,0.4697486024360858,0.6949999999999998,0.7441029525771198,0.6374849240157239,HIGH,75.50000000000003,0.2604305896259487,-1.9999999999999574,29.999999999999982,0.22348770086109776,10.999999999999993,0.08681019654198291,0.0,0.07449590028703258,0.3666666666666664,0.11427557235333469,NORMAL
2022-06-24,3.635,-9.10000000000002,7.150259472656627,1.8026712364607755,1.1049999999999998,1.3290974326940628,66.29999999999998,0.8693903821058395,-0.14223671778306068,0.6008904121535918,0.4430324775646876,0.6629999999999998,0.7111835889153034,0.6258580135097772,HIGH,77.39999999999996,0.32642090601683826,-4.263256414560601e-14,31.0,0.27418836726658896,12.00000000000001,0.10880696867227942,0.0,0.09139612242219632,0.40000000000000036,0.13092131508612315,NORMAL
2022-06-27,3.72,8.50000000000004,7.237177408500176,1.8508028888294594,1.3916666666666673,1.68999520844269,83.50000000000004,0.8631090365951248,-0.14843405749707816,0.6169342962764864,0.5633317361475633,0.8350000000000004,0.7421702874853908,0.6999213214789664,SEVERE,77.60000000000002,0.33324669936530116,-0.19999999999997442,31.99999999999998,0.3248827143768427,17.99999999999997,0.11108223312176706,0.0,0.10829423812561423,0.5999999999999991,0.1749835175616528,NORMAL
2022-06-28,3.68,-4.0000000000000036,7.29472772840625,1.8826719382326995,1.1850000000000007,1.4458508929111868,71.10000000000002,0.8660436073195483,-0.14553873329256817,0.6275573127442332,0.48195029763706226,0.7110000000000002,0.7276936664628408,0.6551789886613955,SEVERE,78.70000000000003,0.3713981002995607,0.6000000000000227,31.0,0.2739298789899941,14.999999999999993,0.12379936676652024,0.030000000000001137,0.09130995966333137,0.4999999999999998,0.16440180196262266,NORMAL
2022-06-29,3.667,-1.3000000000000345,7.320741981376942,1.897077583839265,1.0999999999999994,1.3424496214755812,65.99999999999997,0.8670005855056365,-0.14459455359285633,0.6323591946130883,0.4474832071585271,0.6599999999999997,0.7229727679642817,0.6371575875400357,HIGH,80.69999999999999,0.4408760044273915,2.499999999999986,29.999999999999982,0.22298203617279835,11.999999999999972,0.14695866814246383,0.12499999999999929,0.07432734539093279,0.3999999999999991,0.17645306952092532,NORMAL
2022-06-30,3.636,-3.0999999999999694,7.076833963529769,1.7620111466186872,0.951666666666667,1.1628346909234175,57.100000000000016,0.8692851320484438,-0.1423405602415736,0.5873370488728957,0.3876115636411392,0.5710000000000002,0.711702801207868,0.5938708429859543,HIGH,81.1,0.45461217133421433,3.1000000000000085,29.999999999999982,0.22289570808003056,10.999999999999993,0.1515373904447381,0.15500000000000042,0.07429856936001018,0.3666666666666664,0.1801542643387569,NORMAL
2022-07-01,3.49,-14.59999999999999,7.678162814796672,2.095002846749895,0.6833333333333337,0.7960833105546321,41.000000000000014,0.880072960537165,-0.1316970065941715,0.6983342822499651,0.2653611035182107,0.41000000000000014,0.6584850329708575,0.5381330903419782,HIGH,81.79999999999995,0.47879485180978143,4.59999999999998,28.999999999999996,0.1719332956363561,8.000000000000007,0.1595982839365938,0.229999999999999,0.05731109854545203,0.2666666666666669,0.1816750382234016,NORMAL
2022-07-04,3.489,-0.1000000000000334,7.665479694537614,2.087979445545821,0.5999999999999999,0.7013680774353744,35.999999999999986,0.8801477667388108,-0.1316232008397319,0.6959931485152736,0.2337893591451248,0.3599999999999999,0.6581160041986595,0.5212029032115435,HIGH,81.69999999999997,0.4750935717945901,4.199999999999989,28.999999999999996,0.17186810681313563,6.999999999999975,0.15836452393153003,0.20999999999999944,0.05728936893771188,0.2333333333333325,0.1686338976336677,NORMAL
2022-07-05,3.379,-10.999999999999988,7.438978070732709,1.9625519683270416,0.4183333333333333,0.4770002833179067,25.099999999999987,0.8883771483578187,-0.12350387776758331,0.6541839894423472,0.15900009443930224,0.2509999999999999,0.6175193888379166,0.4598445723114965,WARNING,82.69999999999999,0.5097337242590181,5.799999999999983,30.00000000000002,0.22271566011685376,7.000000000000032,0.1699112414196727,0.28999999999999915,0.07423855337228459,0.2333333333333344,0.19948774976702535,NORMAL
2022-07-06,3.295,-8.400000000000007,7.523316387982382,2.009255131809062,0.20999999999999994,0.23678661052622443,12.599999999999989,0.8947201611970934,-0.11724569545484398,0.6697517106030206,0.07892887017540814,0.1259999999999999,0.5862284772742199,0.4094275070653737,WARNING,84.70000000000005,0.5792213601267743,7.400000000000034,31.0,0.27355894550463933,8.00000000000001,0.19307378670892475,0.3700000000000017,0.09118631516821311,0.266666666666667,0.24049273237965396,NORMAL
2022-07-07,3.307,1.200000000000001,7.536060676926363,2.0163124057673607,0.0033333333333330846,0.003886884547129285,0.19999999999997797,0.8938075466326724,-0.11814610484548005,0.6721041352557869,0.0012956281823764285,0.0019999999999997797,0.5907305242274002,0.3713721623785927,WARNING,85.10000000000004,0.5928845360381951,6.400000000000006,31.0,0.2734508990967234,8.00000000000001,0.1976281786793984,0.3200000000000003,0.0911502996989078,0.266666666666667,0.22685184687693455,NORMAL
2022-07-08,3.36,5.299999999999994,7.628607860857503,2.0675613090166536,0.07833333333333296,0.09087037709114996,4.699999999999971,0.8897809436350922,-0.12211885664315114,0.6891871030055512,0.030290125697049988,0.04699999999999971,0.6105942832157557,0.39753315902682246,WARNING,87.1,0.6623403562823754,14.999999999999986,31.0,0.27334298061969586,8.00000000000001,0.22078011876079182,0.7499999999999993,0.09111432687323195,0.266666666666667,0.36279023433621715,WARNING
2022-07-11,3.385,2.499999999999991,6.6177174471660845,1.507770910148804,0.16333333333333322,0.18953718850567897,9.799999999999986,0.8878901591298676,-0.12398435407278452,0.5025903033829346,0.06317906283522633,0.09799999999999986,0.6199217703639226,0.38072258138920123,WARNING,87.40000000000006,0.6724547474181797,16.599999999999994,25.0,-0.03266623690839968,2.0000000000000107,0.22415158247272657,0.8299999999999997,0.0,0.06666666666666703,0.3295788080751513,WARNING
2022-07-12,3.349,-3.599999999999959,6.525488487462074,1.4566982266604485,0.2150000000000001,0.25107865234721605,12.9,0.890607103016805,-0.12130374619624718,0.4855660755534828,0.08369288411573868,0.129,0.6065187309812359,0.38225928432633866,WARNING,86.70000000000005,0.6476752417105315,14.500000000000085,25.0,-0.032654247506980615,3.0000000000000107,0.21589174723684382,0.7250000000000043,0.0,0.10000000000000035,0.30226752417105446,WARNING
2022-07-13,3.301,-4.800000000000004,5.895591573370739,1.1078866838768873,1.1842378929335003e-16,1.3936870257782258e-16,0.0,0.8942407799971136,-0.11771866548072785,0.36929556129229574,4.6456234192607526e-17,0.0,0.5885933274036392,0.30929644321991484,WARNING,88.30000000000004,0.7031693438780341,17.799999999999983,20.99999999999999,-0.23672655689666502,-1.0,0.23438978129267804,0.8899999999999991,0.0,0.0,0.33731693438780314,WARNING
2022-07-14,3.295,-0.6000000000000227,5.909617495859481,1.1156536748762296,-0.09999999999999996,-0.11836915350286804,-6.000000000000005,0.8946968427949121,-0.11726870200012296,0.3718845582920765,0.0,0.0,0.5863435100006148,0.30891431565866123,WARNING,87.90000000000005,0.6888246301103848,17.000000000000043,20.99999999999999,-0.23663503059435587,1.0,0.2296082100367949,0.8500000000000021,0.0,0.03333333333333333,0.3305491296777057,WARNING
2022-07-15,3.242,-5.299999999999994,5.814163740384343,1.06279522936408,-0.18000000000000005,-0.2119559764502044,-10.80000000000001,0.8987274520717032,-0.11329199750263352,0.35426507645469335,0.0,0.0,0.5664599875131676,0.29743701029620573,NORMAL,88.60000000000001,0.7128873855733924,16.300000000000026,21.999999999999968,-0.18548846129140983,0.9999999999999503,0.23762912852446413,0.8150000000000013,0.0,0.033333333333331674,0.32245540522400595,WARNING
2022-07-18,3.27,2.8000000000000025,5.937046935622923,1.130842993933899,-0.0716666666666668,-0.08445961489679257,-4.300000000000015,0.8965884807357726,-0.11540236254857728,0.37694766464463303,0.0,0.0,0.5770118127428864,0.30619425802608113,WARNING,89.19999999999999,0.7334410746752086,15.299999999999997,21.999999999999968,-0.1854183183918543,-2.000000000000032,0.24448035822506953,0.7649999999999999,0.0,0.0,0.30284410746752083,WARNING
2022-07-19,3.253,-1.6999999999999904,5.927891255483873,1.1257729470054396,-0.07166666666666606,-0.08445961489679171,-4.2999999999999705,0.8978840510904357,-0.11412411896246011,0.3752576490018132,0.0,0.0,0.5706205948123005,0.3032997677252829,WARNING,89.99999999999994,0.7609616882530048,16.09999999999991,21.999999999999968,-0.18534825500871635,-5.000000000000011,0.2536538960843349,0.8049999999999955,0.0,0.0,0.3175961688252991,WARNING
2022-07-20,3.36,10.699999999999976,6.4074709683717135,1.391344877583034,0.07666666666666648,0.08844334562675647,4.599999999999982,0.8897177956457683,-0.1221811601004964,0.4637816258610113,0.029481115208918825,0.04599999999999982,0.610905800502482,0.3522148684149788,WARNING,90.10000000000002,0.7640150158886896,14.799999999999969,21.999999999999968,-0.18527827099186728,-6.000000000000011,0.25467167196289653,0.7399999999999984,0.0,0.0,0.29840150158886847,NORMAL
2022-07-21,3.374,1.4000000000000234,6.293471972900511,1.3282168250453443,0.31,0.36904835778807327,18.599999999999994,0.8886590314689498,-0.1232257645199768,0.44273894168178146,0.12301611926269108,0.18599999999999994,0.616128822599884,0.39680254122884806,WARNING,90.8,0.7880210576165864,15.299999999999969,21.999999999999968,-0.1852083661915751,-8.000000000000014,0.2626736858721955,0.7649999999999985,0.0,0.0,0.3083021057616582,WARNING
2022-07-22,3.302,-7.200000000000006,6.190338397348261,1.2711056044687834,0.18666666666666695,0.21979529311789853,11.20000000000001,0.8940976247415396,-0.11785990619883913,0.42370186815626115,0.07326509770596618,0.1120000000000001,0.5892995309941956,0.3575132055701237,WARNING,91.69999999999999,0.8189907312434158,14.300000000000026,21.999999999999968,-0.18513854045850278,-9.000000000000032,0.27299691041447194,0.7150000000000013,0.0,0.0,0.296399073124342,NORMAL
2022-07-25,3.211,-9.10000000000002,5.91407553838165,1.1181223592834162,0.04333333333333312,0.050199633511187586,2.59999999999998,0.9010134698689155,-0.11103655257328715,0.37270745309447206,0.016733211170395862,0.0259999999999998,0.5551827628664358,0.30516123799954786,WARNING,92.89999999999998,0.86040839695075,15.299999999999955,20.99999999999999,-0.2362323548216471,-10.99999999999999,0.28680279898358335,0.7649999999999977,0.0,0.0,0.3155408396950743,WARNING
2022-07-26,3.183,-2.8000000000000025,5.904616837695735,1.1128845117798427,0.02833333333333329,0.03279615135766589,1.6999999999999904,0.9031578819272036,-0.10892081956841149,0.37096150392661426,0.010932050452555298,0.016999999999999904,0.5446040978420574,0.29762035001265685,NORMAL,94.19999999999996,0.9052731022767811,15.499999999999929,20.00000000000001,-0.28732142394498517,-10.99999999999999,0.30175770075892705,0.7749999999999965,0.0,0.0,0.32302731022767706,WARNING
2022-07-27,3.121,-6.199999999999983,5.954308479889515,1.1404017419635548,-0.20166666666666655,-0.23439650980871218,-12.1,0.9079175239649598,-0.1042248322875371,0.3801339139878516,0.0,0.0,0.5211241614376855,0.28447644737264455,NORMAL,94.30000000000004,0.9081670333914238,13.600000000000051,14.999999999999991,-0.5431626951425482,-14.999999999999991,0.3027223444638079,0.6800000000000026,0.0,0.0,0.2948167033391431,NORMAL
2022-07-28,3.201,8.000000000000007,6.4173182626553995,1.3967979125709753,-0.29833333333333295,-0.35563988436537064,-17.899999999999984,0.9017436848019981,-0.11031610342798193,0.4655993041903251,0.0,0.0,0.5515805171399096,0.31375206769402886,WARNING,95.19999999999999,0.9390037813239961,14.099999999999994,10.99999999999998,-0.7476690299791311,-19.0,0.31300126044133203,0.7049999999999997,0.0,0.0,0.3054003781323995,WARNING
2022-07-29,3.127,-7.400000000000029,5.86149567763616,1.0890057499848356,-0.46500000000000047,-0.5498839770058287,-27.900000000000034,0.9074156525794027,-0.10471999171854385,0.36300191666161186,0.0,0.0,0.5235999585927192,0.2820403667694101,NORMAL,96.0,0.9663074229733367,14.200000000000045,12.99999999999999,-0.6448554362565743,-16.000000000000007,0.32210247432444555,0.7100000000000023,0.0,0.0,0.30963074229733434,WARNING
2022-08-01,3.184,5.700000000000038,6.089842708192583,1.2154551391413626,-0.4166666666666666,-0.4901009156224312,-25.0,0.9030192237426555,-0.10905762335866753,0.4051517130471209,0.0,0.0,0.5452881167933377,0.2991455893267593,NORMAL,96.20000000000002,0.9726154570398269,14.500000000000043,12.99999999999999,-0.6445240287301692,-16.000000000000007,0.32420515234660896,0.7250000000000021,0.0,0.0,0.3147615457039833,WARNING
2022-08-02,3.088,-9.600000000000009,5.982296249856965,1.155900241802216,-0.5716666666666665,-0.6617857300717381,-34.3,0.9103878606083956,-0.10178753356527426,0.38530008060073867,0.0,0.0,0.5089376678263713,0.28063508325069625,NORMAL,97.1,1.0033666843117357,14.400000000000006,12.99999999999999,-0.644193131737638,-17.000000000000032,0.33445556143724525,0.7200000000000003,0.0,0.0,0.31633666843117364,WARNING
2022-08-03,3.131,4.2999999999999705,5.879455757125829,1.0989513186884763,-0.47166666666666707,-0.5437760799496659,-28.300000000000036,0.907060392977872,-0.10507050013009311,0.3663171062294921,0.0,0.0,0.5253525006504656,0.28340442150608464,NORMAL,98.0,1.0340724651754314,13.299999999999955,12.99999999999999,-0.6438627439693583,-18.00000000000001,0.3446908217251438,0.6649999999999977,0.0,0.0,0.30290724651754247,WARNING
2022-08-04,3.152,2.100000000000035,5.8991413291302575,1.1098523956549304,-0.418333333333333,-0.4817423725878483,-25.099999999999987,0.9054412901764065,-0.10666794928736079,0.3699507985516435,0.0,0.0,0.5333397464368039,0.28732605828505026,NORMAL,97.70000000000005,1.0228194187790338,12.600000000000009,11.99999999999996,-0.6947736899506393,-19.000000000000043,0.34093980625967796,0.6300000000000004,0.0,0.0,0.2912819418779035,NORMAL
2022-08-05,3.124,-2.8000000000000025,5.735907214987656,1.0194599172743608,-0.24166666666666659,-0.2873029062998718,-14.500000000000002,0.9075962404470264,-0.1045418190066647,0.33981997242478695,0.0,0.0,0.5227090950333235,0.2770476324982868,NORMAL,97.7,1.0220619691898578,10.600000000000009,11.99999999999996,-0.6944008426753641,-19.000000000000043,0.3406873230632859,0.5300000000000005,0.0,0.0,0.26120619691898594,NORMAL
2022-08-08,3.177,5.299999999999994,5.863212699356456,1.0899565674628244,0.013333333333333464,0.016072222488414892,0.8000000000000007,0.9035075193838126,-0.10857585811203962,0.3633188558209415,0.005357407496138298,0.008000000000000007,0.5428792905601981,0.2924869688874952,NORMAL,97.90000000000005,1.0282913949376178,10.499999999999986,10.99999999999998,-0.7452847998568559,-14.00000000000002,0.3427637983125393,0.5249999999999992,0.0,0.0,0.2603291394937616,NORMAL
2022-08-09,3.166,-1.100000000000012,5.8323304902387445,1.0728552437923426,-0.09166666666666681,-0.11109835470392364,-5.500000000000016,0.9043522989144364,-0.10774237653937446,0.35761841459744753,0.0,0.0,0.5387118826968723,0.28700843599823844,NORMAL,98.5,1.048481368619616,11.799999999999955,10.99999999999998,-0.7448658289979583,-14.00000000000002,0.349493789539872,0.5899999999999977,0.0,0.0,0.2818481368619609,NORMAL
2022-08-10,3.207,4.0999999999999925,5.859773661876467,1.0880521670089567,-0.11666666666666702,-0.14183594058810295,-7.000000000000028,0.9012006311527195,-0.11085189435713483,0.3626840556696522,0.0,0.0,0.5542594717856741,0.2942405998482001,NORMAL,97.89999999999999,1.0267326345063215,9.599999999999952,10.0,-0.7957161576481221,-10.99999999999999,0.34224421150210715,0.4799999999999976,0.0,0.0,0.2466732634506314,NORMAL
2022-08-11,3.219,1.200000000000001,5.871483269964565,1.0945364763796293,-0.11333333333333331,-0.1377695081706687,-6.800000000000006,0.9002814065089437,-0.11175882542489057,0.3648454921265431,0.0,0.0,0.5587941271244529,0.2964867492750898,NORMAL,98.69999999999996,1.0539092745501029,10.799999999999912,10.0,-0.7952471637158148,-10.99999999999999,0.35130309151670097,0.5399999999999956,0.0,0.0,0.267390927455009,NORMAL
2022-08-12,3.282,6.300000000000017,5.932515220554042,1.1283335126374046,-0.0633333333333329,-0.07652182677438994,-3.799999999999981,0.8954603995770883,-0.11651535691474024,0.37611117087913487,0.0,0.0,0.5825767845737012,0.30825294800530745,WARNING,97.79999999999998,1.0216781573853397,9.199999999999974,10.0,-0.794778998269188,-11.999999999999968,0.34055938579511325,0.45999999999999874,0.0,0.0,0.24016781573853357,NORMAL
2022-08-16,3.156,-12.599999999999989,6.545074483915374,1.4675441626969572,-0.2516666666666662,-0.29488295449556734,-15.09999999999998,0.905050780456559,-0.10705323638729713,0.4891813875656524,0.0,0.0,0.5352661819364857,0.3119427502877248,WARNING,97.90000000000005,1.024417849549225,8.70000000000006,10.0,-0.7943116588715908,-11.999999999999968,0.34147261651640837,0.435000000000003,0.0,0.0,0.2329417849549234,NORMAL
2022-08-17,3.188,3.200000000000003,6.592090555714244,1.4935797697509212,-0.09499999999999978,-0.1118557420231448,-5.699999999999994,0.9025890423337171,-0.10948205158432367,0.4978599232503071,0.0,0.0,0.5474102579216183,0.3185360878187088,WARNING,98.89999999999995,1.058581456163793,8.900000000000006,10.0,-0.7938451430963933,-11.999999999999968,0.35286048538793097,0.4450000000000003,0.0,0.0,0.23935814561637936,NORMAL
2022-08-18,3.221,3.299999999999992,6.132353802406941,1.2389960710408598,-0.06166666666666642,-0.07247323480812698,-3.699999999999992,0.900057280069971,-0.11197995442962971,0.4129986903469533,0.0,0.0,0.5598997721481486,0.3065596469286501,WARNING,98.9,1.0577736951873373,8.799999999999983,10.0,-0.7933794485269352,-11.999999999999968,0.35259123172911244,0.43999999999999917,0.0,0.0,0.2377773695187335,NORMAL
2022-08-19,3.31,8.899999999999997,6.486309468898004,1.4350024640612726,0.16000000000000025,0.1859272466625941,9.600000000000009,0.8932483467462417,-0.11869782607436952,0.4783341546870909,0.06197574888753137,0.09600000000000009,0.5934891303718476,0.3646576328636635,WARNING,98.9,1.0569677809442202,8.100000000000009,10.0,-0.792914572756472,-11.999999999999968,0.3523225936480734,0.4050000000000004,0.0,0.0,0.22719677809442212,NORMAL
2022-08-22,3.342,3.200000000000003,6.320476331150343,1.343170751080356,0.2750000000000002,0.3199563967551305,16.500000000000004,0.8908187112430919,-0.12109496798744723,0.44772358369345205,0.10665213225171016,0.16500000000000004,0.6054748399372362,0.3860650791639269,WARNING,99.00000000000003,1.0596550955786932,7.30000000000004,10.0,-0.7924505133881237,-11.999999999999968,0.35321836519289773,0.365000000000002,0.0,0.0,0.21546550955786992,NORMAL
2022-08-23,3.361,1.9000000000000128,5.935486500700687,1.1299788879183559,0.2050000000000005,0.23996645993045762,12.300000000000022,0.8893800390244342,-0.12251439961414767,0.3766596293061186,0.07998881997681921,0.12300000000000022,0.6125719980707384,0.3609584890848829,WARNING,98.89999999999995,1.055356148315415,5.999999999999972,10.0,-0.7919872680348219,-10.99999999999999,0.351785382771805,0.2999999999999986,0.0,0.0,0.19553561483154108,NORMAL
2022-08-24,3.433,7.199999999999962,6.0409567035972795,1.18838403861373,0.3683333333333329,0.427903665166414,22.099999999999966,0.8839370331856047,-0.12788461148850905,0.3961280128712434,0.14263455505547132,0.22099999999999967,0.6394230574425452,0.407721736562361,WARNING,98.7,1.0475734363681868,4.500000000000043,10.0,-0.7915248343192588,-10.00000000000001,0.3491911454560623,0.22500000000000214,0.0,0.0,0.17225734363681933,NORMAL
2022-08-25,3.593,16.000000000000014,6.612539921280356,1.50490380483109,0.6366666666666669,0.7079780724066831,38.20000000000001,0.8719154895342804,-0.13974538077226528,0.5016346016103633,0.2359926908022277,0.3820000000000001,0.6987269038613264,0.5034162200270488,HIGH,97.59999999999997,1.0083822688644575,3.299999999999926,10.99999999999998,-0.7397254561394385,-4.000000000000011,0.3361274229548192,0.16499999999999632,0.0,0.0,0.15033822688644466,NORMAL
2022-08-26,3.616,2.300000000000013,6.478131228257607,1.4304736837621226,0.48333333333333356,0.54876747020317,29.000000000000004,0.8702108947522409,-0.14142717855285558,0.4768245612540409,0.18292249006772332,0.29000000000000004,0.7071358927642779,0.472803767370064,WARNING,97.39999999999998,1.0006708386177694,2.1999999999999886,12.00000000000001,-0.687965008638703,1.0000000000000302,0.33355694620592313,0.10999999999999943,0.0,0.03333333333333434,0.13973375052844364,NORMAL
2022-08-29,3.715,9.899999999999975,6.298905502253216,1.331225694772879,0.4900000000000002,0.5555915652008137,29.400000000000006,0.8628880700729008,-0.1460389480262938,0.4437418982576264,0.18519718840027122,0.29400000000000004,0.730194740131469,0.47666571338416713,WARNING,96.80000000000004,0.9790048724126521,0.8000000000000398,14.999999999999991,-0.5334994493883032,2.0000000000000018,0.32633495747088404,0.04000000000000199,0.0,0.06666666666666672,0.12323382057459915,NORMAL
2022-08-30,3.695,-2.0000000000000018,6.356387173130416,1.3630567291086744,0.48333333333333356,0.5478505393164065,29.000000000000004,0.8643549797920248,-0.14290278996807726,0.4543522430362248,0.18261684643880216,0.29000000000000004,0.7145139498403863,0.47119939783115994,WARNING,97.60000000000004,1.006251056461541,1.40000000000002,16.000000000000007,-0.48186703453025326,3.0000000000000178,0.33541701882051367,0.07000000000000099,0.0,0.10000000000000059,0.14162510564615452,NORMAL
2022-08-31,3.721,2.6000000000000245,5.677682533161611,0.9872174333988483,0.3050000000000006,0.35632605977486226,18.300000000000026,0.8624447552866844,-0.14479697480224785,0.32907247779961607,0.11877535325828742,0.18300000000000025,0.7239848740112392,0.41576351581607646,WARNING,97.30000000000004,0.995052677088172,0.20000000000004547,16.99999999999999,-0.4302506376357228,4.0,0.3316842256960573,0.010000000000002274,0.0,0.13333333333333333,0.12917193437548455,NORMAL
2022-09-01,3.805,8.400000000000007,5.793653515065568,1.0514374926039298,0.5550000000000004,0.6466412829035977,33.30000000000002,0.8562868997339375,-0.1509031244021598,0.3504791642013099,0.21554709430119923,0.3330000000000002,0.754515622010799,0.4816115005048215,WARNING,96.89999999999999,0.9803789365207252,-1.1000000000000085,18.00000000000001,-0.3786468843229885,5.000000000000021,0.3267929788402417,0.0,0.0,0.16666666666666738,0.131371226985406,NORMAL
2022-09-02,3.738,-6.700000000000017,6.214084172688942,1.2842550585236954,0.44499999999999995,0.5134349720687215,26.69999999999999,0.8611634536279222,-0.1460675176956301,0.42808501950789846,0.1711449906895738,0.2669999999999999,0.7303375884781504,0.46538103743075465,WARNING,97.70000000000005,1.0076250307580727,0.0,16.99999999999999,-0.42992971160425253,5.00000000000003,0.3358750102526909,0.0,0.0,0.16666666666666768,0.1340958364091408,NORMAL
2022-09-05,3.67,-6.800000000000006,6.4674163067032095,1.424540191734168,0.2916666666666666,0.33357013051145445,17.499999999999982,0.8661409783898916,-0.14113178794791092,0.474846730578056,0.11119004350381816,0.17499999999999982,0.7056589397395546,0.43447093071219667,WARNING,98.0,1.0173747972228258,0.29999999999999716,16.99999999999999,-0.42974798860690394,5.00000000000003,0.3391249324076086,0.014999999999999857,0.0,0.16666666666666768,0.13957081305561608,NORMAL
2022-09-06,3.712,4.200000000000026,6.44906153923516,1.4143760607236204,0.09666666666666728,0.11558916995397188,5.800000000000027,0.8630488550970395,-0.14419794746493697,0.47145868690787346,0.03852972331799063,0.058000000000000274,0.7209897373246849,0.40199357697504684,WARNING,98.0,1.016636687968729,0.09999999999995168,16.99999999999999,-0.4295664958761018,6.000000000000009,0.3388788959895763,0.0049999999999975845,0.0,0.2000000000000003,0.14316366879687226,NORMAL
2022-09-07,3.736,2.400000000000002,6.388435275022982,1.3808036772431271,0.07500000000000077,0.08982115990259491,4.500000000000037,0.8612882354326415,-0.14383314678476733,0.4602678924143757,0.029940386634198304,0.04500000000000037,0.7191657339238366,0.3947079493792496,WARNING,98.3,1.0263739666595604,-0.20000000000000284,16.99999999999999,-0.4293852329259114,6.000000000000009,0.3421246555531868,0.0,0.0,0.2000000000000003,0.1426373966659561,NORMAL
2022-09-08,3.622,-11.400000000000032,7.126368751260875,1.7894415171180704,-0.2883333333333333,-0.34411900708325643,-17.300000000000004,0.8696341184339839,-0.13553688997711166,0.5964805057060235,0.0,0.0,0.6776844498855583,0.39036988109542803,WARNING,99.80000000000003,1.0779880534155366,1.900000000000034,16.99999999999999,-0.4292041992718327,6.999999999999989,0.3593293511385122,0.09500000000000171,0.0,0.23333333333333298,0.18296547200822078,NORMAL
2022-09-13,3.62,-0.19999999999997797,7.142274073946513,1.7982492442561706,-0.24499999999999952,-0.2927797064421445,-14.69999999999998,0.8697819562341177,-0.1352429225452404,0.5994164147520569,0.0,0.0,0.676214612726202,0.3903691280408922,WARNING,98.90000000000005,1.0457427967110071,0.2000000000000881,17.999999999999968,-0.3775109512505256,7.999999999999968,0.34858093223700237,0.010000000000004405,0.0,0.2666666666666656,0.16090761300443515,NORMAL
2022-09-14,3.651,3.0999999999999694,7.076534611323769,1.761845377423007,-0.24000000000000005,-0.2866938630801801,-14.400000000000013,0.8674900807794409,-0.13553761627368155,0.5872817924743357,0.0,0.0,0.6776880813684077,0.38853159104223023,WARNING,99.39999999999998,1.062417676939121,1.5999999999999943,18.00000000000001,-0.37735763503630726,8.00000000000001,0.3541392256463736,0.07999999999999971,0.0,0.266666666666667,0.1835751010272454,NORMAL
2022-09-15,3.791,14.000000000000012,6.708900215777791,1.558264255144163,0.01166666666666701,0.013410973184694353,0.7000000000000117,0.8571669488181656,-0.14546153979443743,0.5194214183813877,0.004470324394898118,0.007000000000000117,0.7273076989721872,0.3971014281441321,WARNING,98.90000000000005,1.0441618799751542,1.0,16.99999999999999,-0.42874847094199336,6.999999999999989,0.34805395999171806,0.05,0.0,0.23333333333333298,0.16608285466418202,NORMAL
2022-09-16,3.772,-1.9000000000000128,6.80414734207246,1.611008277737877,-0.005000000000000042,-0.00574455159558928,-0.30000000000001137,0.8585512734405069,-0.14225468601930635,0.537002759245959,0.0,0.0,0.7112734300965318,0.3919099238878045,WARNING,99.1,1.050367941522636,0.20000000000004547,16.99999999999999,-0.4285683022896407,6.999999999999989,0.350122647174212,0.010000000000002274,0.0,0.23333333333333298,0.15470346081893088,NORMAL
2022-09-19,3.794,2.200000000000024,6.805359729847623,1.6116796492604963,0.18666666666666698,0.217892039199951,11.20000000000001,0.8569457825591731,-0.14385866975645034,0.5372265497534988,0.07263067973331701,0.1120000000000001,0.7192933487822517,0.43208878541026385,WARNING,99.20000000000005,1.0530745305613822,0.3000000000000398,15.99999999999997,-0.4799598812984099,5.99999999999997,0.35102484352046076,0.01500000000000199,0.0,0.19999999999999898,0.14980745305613863,NORMAL
2022-09-20,3.836,4.1999999999999815,6.665709580421761,1.5343470207280019,0.18333333333333326,0.2140689315547579,10.999999999999988,0.8538864861154368,-0.1464797990029113,0.5114490069093339,0.07135631051825263,0.10999999999999988,0.7323989950145565,0.4315206614913399,WARNING,98.3,1.0208751052819909,-0.6000000000000085,14.999999999999991,-0.5313334892309988,4.999999999999991,0.34029170176066365,0.0,0.0,0.16666666666666638,0.13542084386153236,NORMAL
2022-09-21,3.891,5.500000000000016,6.69583334697978,1.551028349454167,0.42666666666666714,0.5042005391443346,25.600000000000023,0.8498945667928471,-0.14908856100726586,0.5170094498180556,0.16806684638144487,0.2560000000000002,0.7454428050363293,0.48639238125443185,WARNING,99.6,1.0655084575274572,0.5999999999999659,12.99999999999999,-0.6342750362304224,2.9999999999999893,0.3551694858424857,0.029999999999998295,0.0,0.09999999999999964,0.13555084575274512,NORMAL
2022-09-22,3.997,10.599999999999987,6.916996610181567,1.6734996575661416,0.4616666666666662,0.5414913655145139,27.699999999999967,0.8422370167460436,-0.1567552730725904,0.5578332191887139,0.18049712183817132,0.2769999999999997,0.783776365362952,0.5165766143505578,HIGH,98.79999999999995,1.0367837680646668,-0.09999999999999432,12.99999999999999,-0.6339601829629823,2.9999999999999893,0.3455945893548889,0.0,0.0,0.09999999999999964,0.12367837680646661,NORMAL
2022-09-23,4.112,11.500000000000021,7.112588913513261,1.7818107979376372,0.7200000000000001,0.8288663359283732,43.199999999999996,0.8340041499073511,-0.16499799027830575,0.5939369326458791,0.27628877864279106,0.43199999999999994,0.8249899513915288,0.5904411228143456,HIGH,99.00000000000003,1.0430026440665638,0.3000000000000256,15.00000000000003,-0.5304189666979873,5.00000000000003,0.34766754802218797,0.01500000000000128,0.0,0.16666666666666768,0.14213359773999032,NORMAL
2022-09-26,4.335,22.299999999999986,7.805928920749253,2.1657545706205497,1.1133333333333337,1.1852414456154405,66.80000000000001,0.8181956012458572,-0.17957019577211175,0.7219181902068499,0.3950804818718135,0.6680000000000001,0.8978509788605588,0.7161401259599562,SEVERE,97.99999999999997,1.0073336928623202,0.4000000000000057,16.000000000000007,-0.47854748088082943,5.000000000000027,0.3357778976207734,0.020000000000000285,0.0,0.16666666666666755,0.14006670261956564,NORMAL
2022-09-27,4.208,-12.699999999999978,8.626055999427736,2.619907917291711,0.9533333333333336,0.9881391011308787,57.2,0.8270280227613062,-0.16894766983386877,0.873302639097237,0.32937970037695957,0.5720000000000001,0.8447383491693439,0.6928318075625769,SEVERE,100.39999999999995,1.0903701249779842,2.9999999999999716,14.999999999999991,-0.5299851098557277,2.9999999999999805,0.36345670832599475,0.14999999999999858,0.0,0.09999999999999935,0.17403701249779788,NORMAL
2022-09-28,4.332,12.399999999999967,8.749151838591951,2.6880734355036022,1.4033333333333329,1.4825088601949616,84.19999999999996,0.818311147401402,-0.17553449478758498,0.8960244785012007,0.4941696200649872,0.8419999999999996,0.8776724739379249,0.7975078092884076,SEVERE,100.39999999999995,1.0895276875238658,3.599999999999909,13.99999999999996,-0.5814010358072577,-1.000000000000032,0.36317589584128857,0.17999999999999544,0.0,0.0,0.16295276875238518,NORMAL
2022-09-29,4.229,-10.299999999999976,9.188843349696587,2.9315568863766517,1.2333333333333338,1.2764371470239493,74.00000000000003,0.8254754614969013,-0.16793323243637137,0.9771856287922173,0.4254790490079831,0.7400000000000003,0.8396661621818569,0.764399400432783,SEVERE,107.50000000000001,1.3363261988103878,9.899999999999977,8.99999999999998,-0.8394098063573453,-7.000000000000027,0.4454420662701293,0.4949999999999989,0.0,0.0,0.28213261988103844,NORMAL
2022-09-30,4.096,-13.3,9.858625664868306,3.30245535794833,1.1950000000000003,1.2254196465002167,71.7,0.8348074615891237,-0.15852671762906467,1.0,0.40847321550007226,0.7170000000000001,0.7926335881453234,0.7421480783581438,SEVERE,109.40000000000003,1.401237660634973,12.099999999999994,5.99999999999996,-0.9938371059345367,-11.000000000000028,0.46707922021165765,0.6049999999999998,0.0,0.0,0.3216237660634972,WARNING
2022-10-04,4.006,-8.999999999999986,10.018954404947706,3.391238957182682,1.1850000000000007,1.2130287654422771,71.10000000000002,0.8411937386702804,-0.15208944701892713,1.0,0.40434292181409237,0.7110000000000002,0.7604472350946356,0.7272474784006728,SEVERE,109.39999999999995,1.3997753995207807,12.499999999999957,6.0,-0.9931412742670069,-12.00000000000001,0.4665917998402602,0.6249999999999979,0.0,0.0,0.3274775399520774,WARNING
2022-10-05,4.102,9.600000000000009,10.0221649095235,3.393016805318058,1.3250000000000006,1.342573688609564,79.50000000000004,0.8343295977627309,-0.1590083971312527,1.0,0.4475245628698547,0.7950000000000004,0.7950419856562635,0.7665217068364765,SEVERE,108.5,1.3669712770403646,10.799999999999955,7.00000000000002,-0.9408075476115495,-9.999999999999968,0.4556570923467882,0.5399999999999977,0.0,0.0,0.2986971277040358,NORMAL
2022-10-06,4.102,0.0,9.827801596009472,3.285386230011695,1.2366666666666675,1.2557143629200904,74.20000000000005,0.8343295977627309,-0.1590083971312527,1.0,0.4185714543066968,0.7420000000000004,0.7950419856562635,0.7501310851238449,SEVERE,108.60000000000002,1.3690743594229617,10.600000000000023,11.00000000000003,-0.7335673732100606,-5.999999999999959,0.4563581198076539,0.5300000000000011,0.0,0.0,0.2959074359422965,NORMAL
2022-10-07,4.214,11.20000000000001,10.026905908866562,3.3956421798169547,1.381666666666668,1.3836556681168057,82.90000000000006,0.8263867799920297,-0.1670146371905631,1.0,0.46121855603893525,0.8290000000000006,0.8350731859528154,0.7920729855889134,SEVERE,108.2,1.3537673881903163,10.200000000000003,15.00000000000003,-0.526454339252493,-1.9999999999999591,0.45125579606343874,0.5100000000000001,0.0,0.0,0.28837673881903164,NORMAL
2022-10-11,4.306,9.199999999999964,10.137657779939007,3.4569721056361247,1.5949999999999998,1.5897524853068885,95.69999999999999,0.819924435372492,-0.17352858272773286,1.0,0.5299174951022961,0.9569999999999999,0.8676429136386643,0.8444406644759249,SEVERE,109.40000000000003,1.3941793397659654,11.100000000000037,18.99999999999999,-0.3194014727487295,2.0,0.46472644658865514,0.5550000000000018,0.0,0.06666666666666667,0.31925126730993036,WARNING
2022-10-12,4.11,-19.599999999999973,10.882743462158691,3.8695705491384302,1.3483333333333338,1.2735269929720296,80.90000000000002,0.8335843764657976,-0.1597595689159771,1.0,0.42450899765734323,0.8090000000000002,0.7987978445798855,0.7662209373634229,SEVERE,110.29999999999998,1.4240445508951596,10.499999999999957,14.000000000000009,-0.5778739092034924,-2.9999999999999805,0.4746815169650532,0.5249999999999979,0.0,0.0,0.2999044550895153,NORMAL
2022-10-13,4.239,12.899999999999956,11.107393223008094,3.993972539233711,1.5733333333333335,1.4628893294276402,94.39999999999999,0.8244441237778501,-0.16897280524281344,1.0,0.4876297764758801,0.944,0.8448640262140672,0.8242715657808029,SEVERE,110.6999999999999,1.4364402049324452,11.799999999999855,13.99999999999996,-0.5776035311259342,-4.000000000000009,0.4788134016441484,0.5899999999999928,0.0,0.0,0.32064402049324237,WARNING
2022-10-14,4.181,-5.799999999999983,11.284059553192716,4.091803237894147,1.5650000000000004,1.4538776456203202,93.9,0.8285086333080749,-0.16487584117266052,1.0,0.4846258818734401,0.9390000000000001,0.8243792058633026,0.8144768587200091,SEVERE,111.30000000000004,1.4557509696534567,11.900000000000063,15.99999999999997,-0.4738543028704069,-2.000000000000041,0.4852503232178189,0.5950000000000031,0.0,0.0,0.3240750969653466,WARNING
2022-10-17,4.215,3.399999999999981,10.967396658901508,3.916448080202411,1.5749999999999997,1.4628402468044772,94.49999999999999,0.8261142433578146,-0.16728934999167155,1.0,0.4876134156014924,0.9449999999999998,0.8364467499583578,0.8211013831036416,SEVERE,113.40000000000003,1.5271063872099784,14.499999999999986,19.99999999999997,-0.26660641815734015,2.9999999999999822,0.5090354624033261,0.7249999999999993,0.0,0.09999999999999941,0.3902106387209975,WARNING
2022-10-18,4.277,6.200000000000028,10.960689327150714,3.912733830007471,1.706666666666667,1.583274951923397,102.4,0.8217606212953189,-0.1716777351172154,1.0,0.527758317307799,1.0,0.858388675586077,0.8489071336959906,SEVERE,116.60000000000004,1.636396603735098,17.500000000000043,22.00000000000002,-0.16294019044113023,5.000000000000032,0.545465534578366,0.8750000000000021,0.0,0.16666666666666774,0.45947299370684397,WARNING
2022-10-19,4.396,11.899999999999977,11.158376603299084,4.022205081952666,1.7266666666666668,1.5973692175024101,103.60000000000001,0.8134485126109168,-0.1800562148265047,1.0,0.5324564058341367,1.0,0.9002810741325235,0.8666037108198368,SEVERE,120.19999999999999,1.759123734086533,20.999999999999943,24.99999999999995,-0.00747303792468423,8.99999999999998,0.5863745780288444,1.0,0.0,0.2999999999999993,0.5359123734086532,HIGH
2022-10-20,4.439,4.300000000000015,11.158960289240296,4.022528303719752,1.775,1.6408192256033194,106.5,0.8104753582973239,-0.18305310936131391,1.0,0.5469397418677732,1.0,0.9152655468065696,0.8754941670961824,SEVERE,123.80000000000004,1.881291160811024,25.500000000000043,28.999999999999957,0.19981297934033224,13.999999999999966,0.6270970536036747,1.0,0.06660432644677741,0.46666666666666556,0.5947833147037911,HIGH
2022-10-21,4.632,19.29999999999996,11.732611994373887,4.340193514981692,2.2166666666666663,1.9979387078368207,132.99999999999997,0.7971795100444563,-0.19645512310224145,1.0,0.6659795692789402,1.0,0.9822756155112072,0.9261061600602709,SEVERE,124.09999999999997,1.888689634093143,24.49999999999997,39.99999999999999,0.7698123014593393,27.000000000000004,0.629563211364381,1.0,0.25660410048644644,0.9000000000000001,0.7201897835066037,SEVERE
2022-10-24,4.503,-12.899999999999956,12.174178887257531,4.584715476755511,2.153333333333334,1.9189163651308738,129.20000000000002,0.8059205833720937,-0.1876442535270576,1.0,0.639638788376958,1.0,0.938221267635288,0.9032162647295068,SEVERE,128.7,2.0446222257012363,29.900000000000034,50.0,1.2872609177507914,37.000000000000014,0.6815407419004121,1.0,0.4290869725835971,1.0,0.7902796170868431,SEVERE
2022-10-25,4.346,-15.700000000000003,12.630126890223927,4.837201118113536,1.938333333333334,1.6734841788695887,116.30000000000003,0.8166755935571942,-0.17680336609037628,1.0,0.5578280596231963,1.0,0.8840168304518814,0.8651723441053918,SEVERE,130.69999999999996,2.109927912822901,31.699999999999932,56.999999999999986,1.6480868209388653,41.99999999999996,0.7033093042743004,1.0,0.5493622736462884,1.0,0.8208652460115478,SEVERE
2022-10-26,4.279,-6.700000000000017,11.707604366393651,4.326345297754392,1.93,1.6648206034421567,115.8,0.8213265610625025,-0.172115261260261,1.0,0.5549402011473855,1.0,0.860576306301305,0.8552185627499991,SEVERE,134.49999999999997,2.2368016014706456,36.5,61.999999999999964,1.9041140918407953,45.99999999999996,0.7456005338235485,1.0,0.6347046972802651,1.0,0.8506210996031176,SEVERE
2022-10-27,4.313,3.399999999999981,11.356930413674828,4.132156185654494,1.853333333333333,1.6046072695875309,111.19999999999996,0.8189529273010319,-0.1745078481552188,1.0,0.5348690898625102,1.0,0.872539240776094,0.8559895142829397,SEVERE,136.60000000000002,2.3043255948010235,36.200000000000074,65.99999999999997,2.107201855293104,50.99999999999998,0.7681085316003412,1.0,0.7024006184310347,1.0,0.8709126831663094,SEVERE
2022-10-28,4.167,-14.59999999999999,11.475184897031173,4.197640755998997,1.7333333333333336,1.4722700991486652,104.0,0.8291161331288377,-0.164263490550825,1.0,0.49075669971622177,1.0,0.821317452754125,0.8266783210448945,SEVERE,137.5,2.3301603322291373,37.10000000000005,68.99999999999994,2.2575269449246984,54.999999999999986,0.7767201107430458,1.0,0.7525089816415661,1.0,0.8835178295512269,SEVERE
2022-10-31,4.242,7.500000000000018,11.391607021237853,4.151358694369761,1.7633333333333332,1.4950930953291242,105.79999999999998,0.8238305177801414,-0.1695913107985635,1.0,0.49836436510970805,1.0,0.8479565539928174,0.8388554946190686,SEVERE,139.50000000000006,2.393474975465187,32.00000000000004,71.99999999999997,2.4067286865996795,62.99999999999999,0.7978249918217291,1.0,0.8022428955332265,1.0,0.8997960766531641,SEVERE
2022-11-01,4.135,-10.70000000000002,11.244950913749307,4.07014644841757,1.7449999999999999,1.4756298123086269,104.69999999999997,0.8313232563393518,-0.16203874377027638,1.0,0.49187660410287565,1.0,0.8101937188513819,0.822452808361128,SEVERE,141.79999999999998,2.4665253352164846,32.39999999999995,76.00000000000003,2.6058425032352024,70.00000000000007,0.8221751117388282,1.0,0.8686141677450675,1.0,0.920375367070662,SEVERE
2022-11-02,4.143,0.8000000000000007,11.034742979860416,3.9537417604681115,1.686666666666667,1.42714314549981,101.2,0.830757956525041,-0.16260855742451263,1.0,0.47571438183327003,1.0,0.8130427871225632,0.8203599912156794,SEVERE,143.80000000000007,2.5287049895990457,34.40000000000012,82.99999999999996,2.9559145766048385,76.99999999999996,0.8429016631996818,1.0,0.9853048588682795,1.0,0.9499314707335604,SEVERE
2022-11-03,4.197,5.400000000000027,10.895236767070559,3.8764888382477842,1.7416666666666667,1.4716821769830732,104.5,0.826944777504591,-0.1664521841459341,1.0,0.49056072566102443,1.0,0.8322609207296705,0.8310165134240731,SEVERE,145.79999999999993,2.590315030038571,37.299999999999926,89.99999999999999,3.301339973714063,82.99999999999997,0.8634383433461904,1.0,1.0,1.0,0.959031503003857,SEVERE
2022-11-04,4.182,-1.499999999999968,10.903838049536782,3.8812518820726436,1.763333333333334,1.4915171587871845,105.80000000000003,0.8279991320959094,-0.16538941068072022,1.0,0.49717238626239485,1.0,0.8269470534036011,0.8302132986139195,SEVERE,147.3,2.634353138564065,38.69999999999999,97.00000000000001,3.641100166342947,85.99999999999999,0.8781177128546883,1.0,1.0,1.0,0.9634353138564065,SEVERE
2022-11-07,4.258,7.599999999999962,10.744722082565872,3.793139867742988,1.8016666666666665,1.52064569504673,108.1,0.8226502577025697,-0.17078099508772282,1.0,0.50688189834891,1.0,0.8539049754386141,0.8429383698452277,SEVERE,147.6,2.6372890188846805,39.39999999999999,102.99999999999999,3.924059444581659,87.99999999999996,0.8790963396282269,1.0,1.0,1.0,0.963728901888468,SEVERE
2022-11-08,4.236,-2.200000000000024,10.543768426496227,3.681859826146394,1.7833333333333334,1.5040262917523242,106.99999999999999,0.8241886136844736,-0.16923035554853683,1.0,0.5013420972507747,1.0,0.8461517777426841,0.8387291305472286,SEVERE,148.60000000000008,2.6638587538708043,39.200000000000045,106.99999999999999,4.1011149291443125,88.0,0.8879529179569348,1.0,1.0,1.0,0.9663858753870804,SEVERE
2022-11-09,4.177,-5.900000000000016,9.633017508329843,3.1775226469185283,1.6166666666666665,1.3563954825371467,96.99999999999997,0.8283219195821012,-0.1650640457816127,1.0,0.45213182751238223,0.9699999999999998,0.8253202289080636,0.8145544570657018,SEVERE,150.8,2.7306368254827458,40.50000000000003,111.00000000000001,4.273812208499734,97.0,0.9102122751609153,1.0,1.0,1.0,0.9730636825482746,SEVERE
2022-11-10,4.07,-10.699999999999932,9.456686578957314,3.0798776797200182,1.4183333333333341,1.1727267399504302,85.10000000000004,0.8358555074407004,-0.1574703032779966,1.0,0.39090891331681005,0.8510000000000004,0.787351516389983,0.7633223892193554,SEVERE,151.79999999999998,2.7563257240358467,41.10000000000008,119.0,4.637844038891693,105.00000000000004,0.9187752413452822,1.0,1.0,1.0,0.9756325724035846,SEVERE
2022-11-11,3.894,-17.600000000000016,10.126477799885743,3.4507810829410954,1.0200000000000005,0.8178394999443478,61.20000000000001,0.8483599058320133,-0.14486605901503535,1.0,0.2726131666481159,0.6120000000000001,0.7243302950751768,0.6666547513596939,SEVERE,152.69999999999996,2.7783731875568,41.39999999999992,124.99999999999996,4.89336459513853,108.99999999999999,0.9261243958522667,1.0,1.0,1.0,0.9778373187556799,SEVERE
2022-11-14,3.928,3.399999999999981,10.126477799885743,3.4507810829410954,1.2866666666666664,1.0493453463717572,77.19999999999997,0.8459081457041587,-0.14733739610448193,1.0,0.3497817821239191,0.7719999999999998,0.7366869805224097,0.7190311486337477,SEVERE,156.99999999999997,2.9139881353623327,43.59999999999994,127.99999999999999,4.995875187650226,108.00000000000001,0.9713293784541109,1.0,1.0,1.0,0.9913988135362333,SEVERE
2022-11-15,3.861,-6.699999999999973,10.02489532692433,3.394528800510796,1.1216666666666668,0.9097933393326136,67.30000000000001,0.8507255925939439,-0.14248148257529702,1.0,0.3032644464442045,0.6730000000000002,0.7124074128764851,0.680215854439435,SEVERE,159.3,2.9812277051865297,42.699999999999974,131.99999999999997,5.142058619994237,109.99999999999994,0.9937425683955099,1.0,1.0,1.0,0.9981227705186528,SEVERE
2022-11-16,3.896,3.49999999999997,9.574197781427673,3.1449506510444882,1.125,0.912419826587076,67.49999999999999,0.848194683955977,-0.14503260016463537,1.0,0.304139942195692,0.6749999999999998,0.7251630008231769,0.6858931887684091,SEVERE,160.80000000000004,3.020999863875586,40.60000000000005,136.0,5.2824480507509195,111.00000000000006,1.0,1.0,1.0,1.0,1.0,SEVERE
2022-11-17,3.853,-4.2999999999999705,9.444970814365195,3.073389961125364,0.9050000000000005,0.7363154457861314,54.30000000000001,0.8512948355258361,-0.14190769431823713,1.0,0.24543848192871046,0.5430000000000001,0.7095384715911857,0.6415030850222164,HIGH,162.29999999999998,3.0602450266289427,38.49999999999994,138.0,5.32376432963983,109.00000000000004,1.0,1.0,1.0,1.0,1.0,SEVERE
2022-11-18,3.801,-5.200000000000005,7.867018093547925,2.1995832942332307,0.7650000000000003,0.620624025205427,45.900000000000006,0.8550575586988604,-0.13811492632712363,0.7331944314110769,0.20687467506847568,0.4590000000000001,0.6905746316356182,0.5560436739501577,HIGH,164.20000000000005,3.112178686119037,40.10000000000008,141.0,5.409135925722698,101.0,1.0,1.0,1.0,1.0,1.0,SEVERE
2022-11-21,3.764,-3.7000000000000366,7.592965927682497,2.047824241854645,0.6716666666666662,0.5439893658642295,40.299999999999955,0.8577467147209682,-0.1354042977704225,0.682608080618215,0.18132978862140983,0.4029999999999995,0.6770214888521126,0.5241961693887699,HIGH,165.49999999999997,3.1436169856854006,36.79999999999998,142.0,5.399252886222746,92.0,1.0,1.0,1.0,1.0,1.0,SEVERE
2022-11-22,3.773,0.9000000000000341,7.103096063281876,1.7765540397911086,0.5666666666666674,0.4607980839539342,34.00000000000003,0.8570905384842067,-0.1360657134826282,0.5921846799303695,0.15359936131797805,0.3400000000000003,0.680328567413141,0.489288235214926,WARNING,167.20000000000002,3.187733910921425,36.50000000000006,143.00000000000006,5.389261691492299,86.00000000000007,1.0,1.0,1.0,1.0,1.0,SEVERE
2022-11-23,3.774,0.09999999999998899,7.0725469989694325,1.7596371982968313,0.3016666666666669,0.25105151803064,18.100000000000005,0.8570176857884355,-0.13613914789698212,0.5865457327656104,0.08368383934354667,0.18100000000000005,0.6806957394849106,0.4425242102157957,WARNING,168.69999999999993,3.224653533546021,34.19999999999996,145.00000000000003,5.423959223324533,83.00000000000006,1.0,1.0,1.0,1.0,1.0,SEVERE
2022-11-24,3.622,-15.200000000000014,7.464475516527741,1.9766714269334311,0.009999999999999816,0.008140082313728607,0.5999999999999783,0.8680903542888221,-0.12497806568781111,0.658890475644477,0.002713360771242869,0.005999999999999783,0.6248903284390556,0.38347689865876616,WARNING,171.3,3.296881158604425,34.69999999999999,152.99999999999994,5.722261874197556,86.99999999999997,1.0,1.0,1.0,1.0,1.0,SEVERE
2022-11-25,3.623,0.1000000000000334,7.0197915698552285,1.7304233663064335,-0.15333333333333254,-0.12599222656261597,-9.199999999999964,0.8680165666087075,-0.1250524425522277,0.5768077887688111,0.0,0.0,0.6252622127611385,0.3654664428582176,WARNING,173.20000000000002,3.34524166091667,35.70000000000002,154.99999999999997,5.744415951703932,86.00000000000003,1.0,1.0,1.0,1.0,1.0,SEVERE
2022-11-28,3.606,-1.7000000000000348,6.603954158405082,1.5001493551306684,-0.1483333333333331,-0.12189563600863386,-8.899999999999997,0.869270850547457,-0.12378814333171573,0.5000497850435561,0.0,0.0,0.6189407166585786,0.3475862436721427,WARNING,173.60000000000002,3.344265659998697,34.099999999999966,155.99999999999997,5.721685364120676,84.0,1.0,1.0,1.0,1.0,1.0,SEVERE
2022-11-29,3.673,6.700000000000017,6.706469774934145,1.556918374887646,-0.07999999999999989,-0.06549786139646585,-4.800000000000004,0.8643203530535892,-0.12877816985544166,0.5189727916292154,0.0,0.0,0.6438908492772083,0.3613508980367264,WARNING,174.5,3.359393401780448,32.70000000000002,156.99999999999994,5.69929284891863,80.99999999999991,1.0,1.0,1.0,1.0,1.0,SEVERE
2022-11-30,3.667,-0.6000000000000227,6.679552459007381,1.5420126493856385,-0.2300000000000004,-0.1896212730725846,-13.800000000000034,0.8647611564336466,-0.12833384672206793,0.5140042164618795,0.0,0.0,0.6416692336103397,0.3594685367365118,WARNING,175.60000000000002,3.380673996850857,31.799999999999955,158.0,5.6772293203305955,75.00000000000004,1.0,1.0,1.0,1.0,1.0,SEVERE
2022-12-01,3.663,-0.40000000000000036,6.445814635543705,1.4125780562239163,-0.1250000000000001,-0.10347804371498548,-7.500000000000018,0.8650551752268341,-0.12803748022995343,0.47085935207463875,0.0,0.0,0.6401874011497671,0.3502468308748346,WARNING,177.2,3.417586138962618,31.400000000000063,159.0,5.655486049769973,69.00000000000001,1.0,1.0,1.0,1.0,1.0,SEVERE
2022-12-02,3.583,-7.999999999999963,6.546793108079705,1.4684958675439166,-0.1449999999999994,-0.11983246227939953,-8.699999999999974,0.8709375504183765,-0.1221081350955171,0.4894986225146389,0.0,0.0,0.6105406754775855,0.342115994693962,WARNING,177.0,3.3964532559727747,29.69999999999999,159.0,5.592624025077119,61.999999999999986,1.0,1.0,1.0,1.0,1.0,SEVERE
2022-12-05,3.549,-3.4000000000000252,6.053313577137555,1.1952267775240843,-0.2716666666666669,-0.2247142282897899,-16.300000000000026,0.8734545599390857,-0.11957102760594307,0.39840892584136145,0.0,0.0,0.5978551380297153,0.31882384038015843,WARNING,176.1,3.3533549811077017,28.5,159.0,5.5318126870149715,56.000000000000014,1.0,1.0,1.0,1.0,1.0,SEVERE
2022-12-06,3.504,-4.499999999999993,6.04826203832229,1.1924294387720353,-0.3866666666666668,-0.31953163076158025,-23.20000000000002,0.8767955236308527,-0.11620338678653586,0.39747647959067844,0.0,0.0,0.5810169339326793,0.3119020694912074,WARNING,175.39999999999995,3.317210105504249,26.79999999999987,159.0,5.472942911269031,52.000000000000014,1.0,1.0,1.0,1.0,1.0,SEVERE
2022-12-07,3.523,1.9000000000000128,6.146894808720388,1.2470482947180241,-0.16499999999999942,-0.1379445589742025,-9.899999999999975,0.8753794988601888,-0.11763071831687555,0.41568276490600803,0.0,0.0,0.5881535915843777,0.3183979896149527,WARNING,173.89999999999995,3.256292102464133,23.099999999999937,159.0,5.415913533873441,47.999999999999986,1.0,1.0,1.0,1.0,1.0,SEVERE
2022-12-08,3.53,0.6999999999999673,5.946958532684897,1.1363316372107493,-0.15000000000000033,-0.1253950647939076,-9.00000000000003,0.874858648058367,-0.11815572803947705,0.3787772124035831,0.0,0.0,0.5907786401973852,0.31206689855967074,WARNING,173.59999999999997,3.2340082249030178,21.799999999999983,159.0,5.3606306198430405,40.0,1.0,1.0,1.0,1.0,1.0,SEVERE
2022-12-09,3.491,-3.89999999999997,4.823219606074457,0.5140502767084907,-0.266666666666666,-0.22286553882498905,-15.99999999999997,0.8777588044766804,-0.11523241427792796,0.17135009223616357,0.0,0.0,0.5761620713896398,0.26473484700308864,NORMAL,173.4,3.215147702648938,20.700000000000045,159.0,5.307006812291222,34.00000000000004,1.0,1.0,1.0,1.0,1.0,SEVERE
2022-12-12,3.448,-4.300000000000015,4.673215955679885,0.43098429631267354,-0.5716666666666664,-0.4871257350171584,-34.3,0.8809670129070426,-0.11199858875211388,0.14366143210422452,0.0,0.0,0.5599929437605694,0.2527294639250727,NORMAL,175.99999999999997,3.284139283633606,19.0,158.0,5.215750228596657,30.000000000000014,1.0,0.95,1.0,1.0,0.9849999999999999,SEVERE
2022-12-13,3.469,2.0999999999999908,4.661307699957623,0.4243899838824636,-0.5049999999999997,-0.43009287905705396,-30.299999999999994,0.8793944867890034,-0.11358367127119151,0.1414633279608212,0.0,0.0,0.5679183563559576,0.2554600081345473,NORMAL,175.09999999999994,3.242952738442383,15.799999999999926,156.99999999999994,5.1273967775033125,24.99999999999997,1.0,0.7899999999999963,1.0,0.8333333333333324,0.9036666666666653,SEVERE
2022-12-14,3.406,-6.299999999999972,4.571363956310267,0.37458276101231913,-0.6466666666666664,-0.5493374000728033,-38.79999999999999,0.8841036442657586,-0.10883691183084865,0.12486092033743972,0.0,0.0,0.5441845591542432,0.24264600772918524,NORMAL,174.20000000000005,3.202316659142282,13.400000000000006,154.99999999999997,5.0031575094000456,18.99999999999997,1.0,0.6700000000000003,1.0,0.6333333333333324,0.8276666666666666,SEVERE
2022-12-15,3.38,-2.6000000000000245,4.550913731271305,0.3632582499906998,-0.7599999999999998,-0.6469626445475614,-45.599999999999994,0.8860575133195859,-0.1068674414059948,0.12108608333023325,0.0,0.0,0.534337207029974,0.23795209947803625,NORMAL,172.70000000000002,3.1436069373606914,10.400000000000034,152.99999999999994,4.882714635021821,14.999999999999943,1.0,0.5200000000000017,1.0,0.4999999999999981,0.7560000000000002,SEVERE
2022-12-16,3.36,-2.0000000000000018,4.501984942339619,0.33616345722065927,-0.885,-0.7563641742700371,-53.100000000000016,0.8875638110922293,-0.10534911605638497,0.11205448574021976,0.0,0.0,0.5267455802819249,0.2331091292608139,NORMAL,168.8,3.011406596781446,4.599999999999966,150.99999999999997,4.765790678911526,9.999999999999972,1.0,0.2299999999999983,1.0,0.33333333333333237,0.6356666666666659,HIGH
2022-12-19,3.395,3.500000000000014,4.6612032555418255,0.42433214677135134,-1.003333333333333,-0.8677199205757228,-60.19999999999999,0.8849233087542299,-0.10801070243611721,0.1414440489237838,0.0,0.0,0.5400535121805861,0.24431021465699118,NORMAL,167.19999999999996,2.9517680902814143,1.6999999999999886,150.0,4.689980081890856,8.0,0.9839226967604714,0.08499999999999944,1.0,0.26666666666666666,0.5740101423614746,HIGH
2022-12-20,3.603,20.80000000000002,6.875854013942755,1.6507165447311098,-0.848333333333333,-0.7102268928052993,-50.89999999999999,0.8692778646554551,-0.12378107321704668,0.5502388482437033,0.0,0.0,0.6189053660852334,0.357609916082834,WARNING,164.79999999999998,2.868165543228176,-2.400000000000034,146.0,4.503311150122283,2.999999999999943,0.9560551810760587,0.0,1.0,0.0999999999999981,0.5068165543228172,HIGH
2022-12-21,3.566,-3.7000000000000366,6.900678837697979,1.6644635323407906,-1.2816666666666665,-1.1353008242280893,-76.9,0.8720117435397965,-0.12102536469231429,0.5548211774469302,0.0,0.0,0.6051268234615714,0.3530149648740146,WARNING,163.40000000000003,2.816196699524669,-5.299999999999898,143.99999999999994,4.396285684584637,-1.0000000000000853,0.9387322331748896,0.0,1.0,0.0,0.4816196699524669,WARNING
2022-12-22,3.495,-7.099999999999973,6.231099843780225,1.293677651891072,-1.1883333333333332,-1.0641334826876865,-71.30000000000001,0.8772743344120592,-0.11572075276823246,0.43122588396369066,0.0,0.0,0.5786037638411623,0.31768668232920305,WARNING,162.5,2.780099312635162,-8.800000000000011,142.99999999999994,4.329055370500641,-10.0,0.9266997708783874,0.0,1.0,0.0,0.4780099312635162,WARNING
2022-12-23,3.552,5.699999999999994,6.389668881957239,1.3814867990814799,-1.2999999999999996,-1.1827546169018452,-77.99999999999999,0.8730239402618327,-0.12000508572107038,0.46049559969382664,0.0,0.0,0.6000254286053519,0.3321092913809061,WARNING,159.19999999999996,2.6708955305814297,-14.000000000000057,142.0,4.263350923899581,-12.999999999999972,0.8902985101938099,0.0,1.0,0.0,0.467089553058143,WARNING
2022-12-26,3.639,8.699999999999974,6.690549108139112,1.5481021507997261,-0.9833333333333337,-0.8932927828302716,-59.00000000000003,0.8665679282235965,-0.126512648112163,0.5160340502665753,0.0,0.0,0.632563240560815,0.35623210627764107,WARNING,157.20000000000005,2.6024426537920764,-16.399999999999977,138.99999999999997,4.1254402159099595,-17.0,0.8674808845973588,0.0,1.0,0.0,0.46024426537920765,WARNING
2022-12-27,3.611,-2.799999999999958,6.537656106619639,1.4634361641156197,-0.8083333333333329,-0.7475241260539801,-48.499999999999986,0.8686303598927687,-0.12084680317161,0.48781205470520655,0.0,0.0,0.60423401585805,0.33925601728426136,WARNING,155.70000000000005,2.5498532384065418,-18.799999999999955,140.0,4.137129654790691,-16.999999999999943,0.8499510794688473,0.0,1.0,0.0,0.4549853238406542,WARNING
2022-12-28,3.673,6.199999999999983,6.696668456856186,1.5514907996708074,-0.555,-0.5146077319801531,-33.30000000000002,0.8640526778961338,-0.12300827973434503,0.5171635998902692,0.0,0.0,0.6150413986717251,0.34944927944674387,WARNING,153.5,2.4763843824727987,-22.100000000000023,136.0,3.966129564174788,-22.0,0.8254614608242662,0.0,1.0,0.0,0.4476384382472799,WARNING
2022-12-29,3.726,5.299999999999994,6.797931186842995,1.607566021318984,-0.6266666666666671,-0.586000158192548,-37.60000000000004,0.8601601205822118,-0.12695912743414173,0.5358553404396613,0.0,0.0,0.6347956371707086,0.3610893229562157,WARNING,151.90000000000006,2.4217595275864197,-25.299999999999926,131.99999999999997,3.7985416706148403,-27.00000000000003,0.8072531758621398,0.0,1.0,0.0,0.44217595275864197,WARNING
2022-12-30,3.73,0.40000000000000036,6.510580457588774,1.4484427601172114,-0.6200000000000003,-0.5797189560471386,-37.20000000000003,0.8598676661412138,-0.12725596133081418,0.4828142533724038,0.0,0.0,0.6362798066540709,0.35107477333610915,WARNING,150.89999999999998,2.3857827655782633,-26.100000000000023,130.00000000000006,3.7064759761274373,-28.999999999999943,0.7952609218594211,0.0,1.0,0.0,0.43857827655782633,WARNING
2023-01-02,3.811,8.099999999999996,6.63284490840449,1.5161478889447368,-0.6716666666666673,-0.6330387075695213,-40.30000000000005,0.8539474772598316,-0.13326480403705154,0.5053826296482457,0.0,0.0,0.6663240201852577,0.3676061340037522,WARNING,147.99999999999994,2.292427448128176,-28.10000000000005,127.0,3.579927146802313,-32.0,0.764142482709392,0.0,1.0,0.0,0.4292427448128176,WARNING
2023-01-03,3.661,-14.999999999999991,7.478550028335425,1.984465324740735,-1.075,-1.000932635650568,-64.5,0.8648353075948945,-0.1222139302885239,0.661488441580245,0.0,0.0,0.6110696514426195,0.37672554889309684,WARNING,147.00000000000003,2.2572988037981934,-28.39999999999992,125.99999999999997,3.527389728892668,-33.00000000000003,0.7524329345993978,0.0,1.0,0.0,0.4257298803798193,WARNING
2023-01-04,3.597,-6.400000000000006,7.641927285153853,2.0749370697703013,-0.8550000000000004,-0.8289960659399181,-51.30000000000003,0.8695400116682108,-0.1123079138111216,0.6916456899234338,0.0,0.0,0.561539569055608,0.36294496560692996,WARNING,144.60000000000002,2.1800248735505403,-29.299999999999926,121.99999999999997,3.368122608646612,-37.00000000000003,0.7266749578501801,0.0,1.0,0.0,0.4180024873550541,WARNING
2023-01-05,3.571,-2.59999999999998,7.6700013724008915,2.0904833686420874,-1.1133333333333328,-1.107806625841944,-66.79999999999997,0.8714616950939976,-0.11019484742470631,0.6968277895473625,0.0,0.0,0.5509742371235316,0.3597552527588851,WARNING,141.59999999999997,2.0850815386847263,-32.0,115.99999999999999,3.1395936751105724,-43.000000000000014,0.6950271795615754,0.0,1.0,0.0,0.4085081538684726,WARNING
2023-01-06,3.573,0.19999999999997797,7.609059697077177,2.056736323190778,-1.0133333333333332,-1.0112544949538709,-60.80000000000001,0.8713135466058316,-0.10501854983177683,0.685578774396926,0.0,0.0,0.5250927491588842,0.34715285454293887,WARNING,138.10000000000002,1.9755597960858162,-35.29999999999998,115.00000000000003,3.0924815137307093,-43.99999999999997,0.6585199320286054,0.0,1.0,0.0,0.3975559796085816,WARNING
2023-01-09,3.477,-9.600000000000009,7.8695599422210725,2.200990867658927,-1.2299999999999998,-1.218690764450021,-73.8,0.8784234651461351,-0.09771550119840411,0.7336636225529757,0.0,0.0,0.48857750599202054,0.3421637269074034,WARNING,135.29999999999998,1.887735915288949,-40.69999999999999,111.00000000000003,2.9390997810358193,-46.99999999999997,0.6292453050963164,0.0,0.9796999270119398,0.0,0.3847135769312829,WARNING
2023-01-10,3.462,-1.499999999999968,7.863658918019484,2.197723118111799,-1.3583333333333332,-1.3564406500931905,-81.5,0.8795434550641964,-0.0923216923742819,0.732574372703933,0.0,0.0,0.46160846187140947,0.3311582592893504,WARNING,133.09999999999997,1.8184329873742853,-41.99999999999997,110.00000000000001,2.894075457831227,-46.99999999999993,0.6061443291247618,0.0,0.9646918192770757,0.0,0.3747816625928437,WARNING
2023-01-11,3.417,-4.500000000000037,7.798209983539072,2.161480134063234,-1.6316666666666668,-1.669965504584023,-97.9,0.882907708779817,-0.08708927804886102,0.7204933780210779,0.0,0.0,0.4354463902443051,0.31827723170193767,WARNING,131.2,1.7584813943434787,-43.00000000000006,108.0,2.8140661921899675,-46.99999999999997,0.5861604647811596,0.0,0.9380220640633224,0.0,0.36345255224701234,WARNING
2023-01-12,3.412,-0.49999999999998934,7.774682257849921,2.1484514271236868,-1.7116666666666667,-1.760798506433947,-102.70000000000002,0.8832829445560483,-0.08670129099203183,0.7161504757078956,0.0,0.0,0.43350645496015916,0.3166326771256428,WARNING,126.40000000000002,1.6112979003006145,-46.3,105.99999999999996,2.7348747218402254,-46.999999999999986,0.5370993001002048,0.0,0.9116249072800752,0.0,0.3434547714860765,WARNING
2023-01-13,3.3,-11.20000000000001,8.171259002394342,2.368059656664185,-2.2199999999999998,-2.420332603015841,-133.2,0.8916917981882219,-0.078006687282276,0.7893532188880616,0.0,0.0,0.39003343641138,0.31388401834216434,WARNING,125.1,1.5701561958697958,-43.70000000000002,108.0,2.797767634547195,-42.99999999999997,0.5233853986232653,0.0,0.9325892115157317,0.0,0.3435334618901259,WARNING
2023-01-16,3.383,8.300000000000018,8.357121136145544,2.47098262099133,-1.8666666666666667,-2.038842942027785,-112.00000000000001,0.8854009125520039,-0.08451135010349964,0.8236608736637767,0.0,0.0,0.4225567505174982,0.33375487493975464,WARNING,120.69999999999995,1.4356858721861916,-46.500000000000014,112.99999999999999,2.9656115771089846,-37.000000000000014,0.4785619573953972,0.0,0.9885371923696615,0.0,0.34127602569255144,WARNING
2023-01-17,3.444,6.099999999999994,6.954701174101778,1.694378926565201,-1.5033333333333334,-1.680914481442426,-90.20000000000002,0.8808101088204218,-0.08925815875321297,0.5647929755217337,0.0,0.0,0.44629079376606484,0.2914749126107727,NORMAL,119.29999999999995,1.3920125955602882,-45.50000000000003,114.99999999999997,3.026125731153647,-31.00000000000003,0.46400419852009606,0.0,1.0,0.0,0.3392012595560288,WARNING
2023-01-18,3.337,-10.699999999999976,7.277251867074692,1.8729945100437935,-1.5699999999999994,-1.737957243778068,-94.19999999999997,0.8888210767601435,-0.08097496170707341,0.6243315033479312,0.0,0.0,0.40487480853536706,0.2868162240837331,NORMAL,116.99999999999997,1.321323062748251,-46.40000000000006,115.99999999999999,3.050876573664172,-27.999999999999957,0.44044102091608367,0.0,1.0,0.0,0.3321323062748251,WARNING
2023-01-19,3.222,-11.500000000000021,7.528910943821823,2.0123531715198286,-1.8183333333333327,-1.9888360873812865,-109.09999999999998,0.897509302785474,-0.06755304444933885,0.6707843905066095,0.0,0.0,0.33776522224669425,0.26926296699999963,NORMAL,115.49999999999994,1.2749045950632742,-47.00000000000006,113.99999999999999,2.970587282167495,-28.999999999999957,0.42496819835442473,0.0,0.9901957607224983,0.0,0.32552961165082706,WARNING
2023-01-20,3.279,5.699999999999994,7.528910943821823,2.0123531715198286,-1.4799999999999998,-1.65080800835325,-88.79999999999998,0.8931608702134785,-0.06537505941971011,0.6707843905066095,0.0,0.0,0.32687529709855057,0.26490699694074216,NORMAL,112.30000000000003,1.1773502907549611,-46.899999999999935,111.00000000000003,2.8563636859028763,-30.99999999999997,0.3924500969183204,0.0,0.952121228634292,0.0,0.30815927480235455,WARNING
2023-01-25,3.229,-4.999999999999982,7.180126080112788,1.8192101608330642,-1.688333333333333,-1.9070798753552616,-101.29999999999998,0.8969568039118858,-0.06140290342224386,0.6064033869443547,0.0,0.0,0.3070145171112193,0.24408648423335866,NORMAL,111.50000000000003,1.1523028544342864,-45.70000000000002,108.0,2.7433321616899593,-30.99999999999997,0.3841009514780955,0.0,0.9144440538966531,0.0,0.29811909622275923,NORMAL
2023-01-26,3.231,0.19999999999997797,7.194954372409367,1.8274214719176354,-1.5066666666666666,-1.7268353157335747,-90.39999999999999,0.8968043212552208,-0.06156246492866202,0.6091404906392118,0.0,0.0,0.3078123246433101,0.2449530279851664,NORMAL,108.79999999999997,1.0700372566422771,-46.90000000000008,105.00000000000004,2.631389171482464,-34.99999999999996,0.3566790855474257,0.0,0.8771297238274881,0.0,0.28242967042972533,NORMAL
2023-01-27,3.283,5.200000000000005,7.138959086737038,1.7964135378461576,-1.433333333333333,-1.6309258708339127,-85.99999999999999,0.8928404461552727,-0.06546950130699225,0.5988045126153859,0.0,0.0,0.32734750653496125,0.2506999051370617,NORMAL,106.0,0.9848764637766434,-47.5,102.99999999999999,2.555116129395086,-33.000000000000014,0.32829215459221445,0.0,0.8517053764650288,0.0,0.26882872167067007,NORMAL
2023-01-30,3.238,-4.499999999999993,6.94894160816482,1.6911895109079864,-1.5983333333333334,-1.8317570113384511,-95.9,0.8962555608618166,-0.06189492214949155,0.5637298369693288,0.0,0.0,0.30947461074745775,0.23653581169284887,NORMAL,103.89999999999998,0.9209232790794072,-48.000000000000085,99.00000000000003,2.410224302235944,-32.99999999999994,0.3069744263598024,0.0,0.8034081007453148,0.0,0.25277394805700365,NORMAL
2023-01-31,3.297,5.900000000000016,7.172482136610734,1.814977252771039,-1.4750000000000003,-1.673331948506968,-88.50000000000003,0.8917608392240945,-0.0665995191149118,0.6049924175903464,0.0,0.0,0.332997595574559,0.2541975217478929,NORMAL,101.89999999999999,0.8600544138751871,-48.999999999999986,94.00000000000004,2.2317927504649937,-36.000000000000014,0.28668480462506235,0.0,0.7439309168216646,0.0,0.2347916247518516,NORMAL
2023-02-01,3.239,-5.800000000000027,6.788643768126769,1.6024230228720764,-1.6983333333333333,-1.9504687015872464,-101.9,0.8961572201614694,-0.05990931074156558,0.5341410076240255,0.0,0.0,0.2995465537078279,0.22664682300793626,NORMAL,100.49999999999999,0.8173375391235247,-47.49999999999996,94.00000000000004,2.227357623435773,-32.99999999999996,0.27244584637450825,0.0,0.7424525411452576,0.0,0.230224262141404,NORMAL
2023-02-02,3.207,-3.200000000000003,6.1618606212563405,1.2553357589727199,-1.7149999999999996,-1.9688811533371386,-102.89999999999999,0.8985947678003087,-0.05735226406678262,0.4184452529909066,0.0,0.0,0.2867613203339131,0.19839357873174657,NORMAL,99.39999999999998,0.7837063383923931,-47.60000000000005,96.00000000000004,2.2919761854780516,-29.99999999999993,0.2612354461307977,0.0,0.7639920618260172,0.0,0.23116904620444273,NORMAL
2023-02-03,3.148,-5.899999999999972,6.1452142269197525,1.246117656199975,-1.714999999999999,-1.9688811533371382,-102.89999999999995,0.9031012205608272,-0.05262488567107748,0.4153725520666583,0.0,0.0,0.2631244283553874,0.18832428175548663,NORMAL,97.10000000000004,0.7138996718185626,-47.499999999999986,92.99999999999996,2.1838163995644484,-29.000000000000014,0.2379665572728542,0.0,0.7279387998548161,0.0,0.2169777271528195,NORMAL
2023-02-06,3.283,13.499999999999979,7.079726429445529,1.7636128777527103,-1.311666666666667,-1.4678044936785102,-78.70000000000003,0.8927381340548917,-0.06349601510800196,0.5878709592509034,0.0,0.0,0.3174800755400098,0.2445662220661846,NORMAL,95.40000000000002,0.6622433837560311,-46.199999999999946,89.99999999999999,2.076314641477747,-26.0,0.2207477945853437,0.0,0.6921048804925823,0.0,0.20464531447411957,NORMAL
2023-02-07,3.297,1.4000000000000234,7.099414356869613,1.7745152590557087,-0.9949999999999998,-1.1693776041228938,-59.699999999999996,0.8916757756753663,-0.06461045485002348,0.5915050863519029,0.0,0.0,0.3230522742501174,0.24752192697042755,NORMAL,92.89999999999998,0.5864680533505563,-45.200000000000045,87.00000000000001,1.9694033970746483,-28.000000000000014,0.1954893511168521,0.0,0.6564677990248827,0.0,0.18994036514003218,NORMAL
2023-02-08,3.32,2.2999999999999687,6.869174086568123,1.6470174699760147,-1.0133333333333332,-1.1928988317197096,-60.80000000000001,0.889932549533921,-0.06256807524319863,0.5490058233253382,0.0,0.0,0.31284037621599314,0.2349373151514649,NORMAL,90.49999999999999,0.5137437394206079,-44.8,82.00000000000003,1.794197326508275,-29.0,0.17124791314020263,0.0,0.5980657755027583,0.0,0.17098752904261244,NORMAL
2023-02-09,3.362,4.200000000000026,6.955648972711247,1.6949037792638266,-0.8316666666666667,-0.9804113611875988,-49.90000000000001,0.8867554903320848,-0.06591470721458059,0.5649679264212756,0.0,0.0,0.32957353607290296,0.2448229997134163,NORMAL,85.29999999999998,0.3564696713440204,-47.79999999999998,79.99999999999999,1.7229008121832934,-30.00000000000003,0.11882322378134014,0.0,0.5743002707277645,0.0,0.15050702127995494,NORMAL
2023-02-10,3.365,0.30000000000001137,6.8928948925687274,1.6601530970159986,-0.8849999999999993,-1.0469173774068181,-53.099999999999966,0.8865293676820502,-0.06615289896424081,0.5533843656719996,0.0,0.0,0.33076449482120407,0.24298267106288154,NORMAL,83.29999999999997,0.2959067401550608,-47.90000000000002,77.99999999999999,1.651876365639121,-30.000000000000014,0.09863558005168693,0.0,0.5506254552130404,0.0,0.13971576505811417,NORMAL
2023-02-13,3.43,6.499999999999995,7.055859826749458,1.7503965143745408,-0.705,-0.8273185809813428,-42.300000000000004,0.8816312929256068,-0.07131240419746332,0.5834655047915136,0.0,0.0,0.3565620209873166,0.25931790935322935,NORMAL,79.99999999999999,0.19605624421601855,-46.400000000000034,76.00000000000003,1.5811007724027184,-29.99999999999993,0.06535208140533952,0.0,0.5270335908009062,0.0,0.1250123425817831,NORMAL
2023-02-14,3.398,-3.200000000000003,6.5937689884984785,1.494509218230236,-0.6716666666666666,-0.7903642287853748,-40.300000000000004,0.8840293300423645,-0.06878637393688047,0.49816973941007864,0.0,0.0,0.34393186968440237,0.2372066957557767,NORMAL,77.8,0.12946942646900383,-47.3,73.99999999999997,1.5105520620066892,-34.00000000000003,0.043156475489667945,0.0,0.5035173540022297,0.0,0.11365041344734633,NORMAL
2023-02-15,3.471,7.299999999999995,6.534958623474699,1.4619424065874116,-0.4883333333333327,-0.5688365154079118,-29.29999999999997,0.8785439280494516,-0.07456455448660215,0.4873141355291372,0.0,0.0,0.37282277243301076,0.24659193607903174,NORMAL,75.30000000000001,0.053809607873358374,-45.399999999999935,71.0,1.4058521246844022,-41.999999999999986,0.017936535957786125,0.0,0.46861737489480076,0.0,0.099104435766296,NORMAL
2023-02-16,3.476,0.49999999999998934,6.398223437634447,1.38622396749244,-0.49500000000000016,-0.5767075794073319,-29.700000000000017,0.8781705468800306,-0.07495786455094533,0.4620746558308133,0.0,0.0,0.37478932275472665,0.24233066026805333,NORMAL,73.49999999999999,-0.0006703718046278981,-45.79999999999997,67.99999999999997,1.3014114888162538,-47.0,0.0,0.0,0.4338038296054179,0.0,0.08676076592108359,NORMAL
2023-02-17,3.626,14.999999999999991,6.6770206876389055,1.5406106563654203,-0.24666666666666673,-0.2751988326576206,-14.800000000000013,0.8669738724073102,-0.08675215177792084,0.5135368854551401,0.0,0.0,0.4337607588896042,0.2762116806468697,NORMAL,70.6,-0.08844363672397959,-46.39999999999998,64.99999999999999,1.1971915084481457,-51.0,0.0,0.0,0.3990638361493819,0.0,0.07981276722987639,NORMAL
2023-02-20,3.641,1.5000000000000124,5.942928128190858,1.1340997615210018,0.03166666666666703,0.03681730540706691,1.9000000000000128,0.8658684807199908,-0.08791654278440397,0.3780332538403339,0.01227243513568897,0.019000000000000128,0.43958271392201986,0.25769422336401254,NORMAL,69.19999999999997,-0.13080114957589,-46.29999999999997,60.999999999999986,1.0587937595647725,-53.0,0.0,0.0,0.3529312531882575,0.0,0.0705862506376515,NORMAL
2023-02-21,3.6,-4.0999999999999925,6.0333699233164,1.1841827852414206,-0.03833333333333341,-0.044426281484748954,-2.300000000000013,0.8688860323752999,-0.08473793193600765,0.39472759508047356,0.0,0.0,0.42368965968003824,0.24842138288811,NORMAL,70.09999999999997,-0.10349974888729246,-42.20000000000006,58.00000000000001,0.9549533549498482,-53.00000000000002,0.0,0.0,0.3183177849832827,0.0,0.06366355699665655,NORMAL
2023-02-22,3.639,3.89999999999997,5.845871237575781,1.0803535643324387,0.055000000000000014,0.06359471633752668,3.299999999999992,0.8660056751779759,-0.08777202569163978,0.36011785477747954,0.021198238779175562,0.03299999999999992,0.4388601284581989,0.25840727009461056,NORMAL,69.69999999999996,-0.11558373201037482,-41.80000000000007,53.99999999999996,0.8168499621340854,-54.00000000000004,0.0,0.0,0.2722833207113618,0.0,0.05445666414227236,NORMAL
2023-02-23,3.595,-4.3999999999999595,6.0106572020037845,1.1716053949024077,-0.1299999999999996,-0.1510687116065889,-7.799999999999985,0.8692445364031416,-0.08436029306772641,0.3905351316341359,0.0,0.0,0.42180146533863205,0.24682761246228002,NORMAL,71.19999999999997,-0.07008605168209414,-37.599999999999994,50.0,0.678853856696531,-55.00000000000004,0.0,0.0,0.22628461889884366,0.0,0.04525692377976873,NORMAL
2023-02-24,3.525,-7.000000000000028,6.263335247378398,1.3115283201667691,-0.23666666666666636,-0.27262584768864057,-14.19999999999999,0.8744165413947403,-0.0789122368114793,0.4371761067222564,0.0,0.0,0.3945611840573965,0.24525969496740987,NORMAL,69.99999999999997,-0.10644214900539671,-36.00000000000003,49.00000000000002,0.644130292717161,-53.999999999999964,0.0,0.0,0.21471009757238702,0.0,0.0429420195144774,NORMAL
2023-02-27,3.619,9.40000000000003,6.366728896545327,1.3687835590370285,-0.07333333333333251,-0.0830670889105343,-4.3999999999999595,0.8674299532289963,-0.08627172803935568,0.4562611863456762,0.0,0.0,0.4313586401967784,0.2637956933478466,NORMAL,68.29999999999998,-0.15796035715433615,-35.599999999999994,48.00000000000004,0.6094251903175281,-50.999999999999986,0.0,0.0,0.2031417301058427,0.0,0.04062834602116854,NORMAL
2023-02-28,3.753,13.39999999999999,6.819214339682125,1.619351774211304,0.2833333333333333,0.3146698079121145,16.999999999999993,0.857549926061718,-0.09667909305698741,0.5397839247371014,0.10488993597070484,0.16999999999999993,0.48339546528493704,0.35629295825553603,WARNING,68.69999999999999,-0.14577306760510214,-33.2,46.99999999999997,0.5747365641275698,-47.00000000000007,0.0,0.0,0.19157885470918992,0.0,0.03831577094183799,NORMAL
2023-03-02,3.84,8.699999999999974,6.6844261258225375,1.54471148978758,0.48500000000000004,0.5335677881399685,29.099999999999994,0.8512083443584917,-0.10335915116383088,0.5149038299291934,0.1778559293799895,0.2909999999999999,0.5167957558191544,0.40347025418949833,WARNING,67.99999999999997,-0.16696566199136392,-32.500000000000014,44.999999999999964,0.5056383580761334,-49.00000000000008,0.0,0.0,0.16854611935871114,0.0,0.03370922387174223,NORMAL
2023-03-03,3.776,-6.400000000000006,6.876311358187381,1.6509698035548677,0.45333333333333314,0.4968233563437762,27.19999999999998,0.855838917751802,-0.09848142494616208,0.5503232678516226,0.1656077854479254,0.2719999999999998,0.4924071247308104,0.3945490605522337,WARNING,68.00000000000001,-0.1669093457079286,-31.399999999999963,44.999999999999964,0.5054299890849854,-51.00000000000008,0.0,0.0,0.16847666302832845,0.0,0.03369533260566569,NORMAL
2023-03-06,3.731,-4.499999999999993,6.789176758093101,1.602718171249986,0.3466666666666664,0.37852900031395426,20.799999999999976,0.8591125016122027,-0.09503311639658107,0.534239390416662,0.12617633343798476,0.20799999999999977,0.47516558198290537,0.3637493775640915,WARNING,68.40000000000002,-0.15470734994505403,-28.700000000000017,44.999999999999964,0.5052218775190942,-47.99999999999999,0.0,0.0,0.16840729250636474,0.0,0.03368145850127295,NORMAL
2023-03-07,3.661,-6.999999999999984,6.653127479851703,1.5273795601592657,0.21833333333333388,0.23630623285710378,13.100000000000023,0.8642242209967952,-0.08693218669455705,0.5091265200530886,0.07876874428570126,0.13100000000000023,0.4346609334727852,0.31764342625687214,WARNING,68.40000000000002,-0.15465543677514235,-27.0,44.999999999999964,0.5050140228487882,-45.00000000000002,0.0,0.0,0.16833800761626272,0.0,0.033667601523252544,NORMAL
2023-03-08,3.72,5.900000000000016,6.711519947076071,1.5597149568310409,0.38166666666666693,0.4121504081565309,22.90000000000001,0.8598901365284962,-0.09073834937525294,0.5199049856103469,0.1373834693855103,0.2290000000000001,0.4536917468762647,0.35873438974967736,WARNING,67.89999999999998,-0.1697954795662009,-25.0,44.999999999999964,0.5048064245459201,-42.00000000000005,0.0,0.0,0.16826880818197334,0.0,0.03365376163639467,NORMAL
2023-03-09,3.739,1.8999999999999684,6.711535631009924,1.5597236419619596,0.48500000000000004,0.5254928795364301,29.099999999999994,0.8585014139580027,-0.08894925406606358,0.5199078806539865,0.17516429317881002,0.2909999999999999,0.4447462703303179,0.37511294289868646,WARNING,68.19999999999999,-0.1606202662508762,-22.299999999999997,44.999999999999964,0.5045990820838615,-37.000000000000064,0.0,0.0,0.16819969402795384,0.0,0.03363993880559077,NORMAL
2023-03-10,3.584,-15.49999999999998,7.751393762618297,2.1355551963768367,0.1916666666666672,0.19963008268717136,11.500000000000021,0.8698121700868994,-0.0769461604883841,0.7118517321256123,0.06654336089572378,0.11500000000000021,0.3847308024419205,0.33257133958103546,WARNING,69.30000000000001,-0.12712266663172833,-15.999999999999972,44.999999999999964,0.5043919949374979,-35.00000000000002,0.0,0.0,0.16813066497916596,0.0,0.03362613299583319,NORMAL
2023-03-13,3.405,-17.900000000000027,8.842957352426962,2.7400191511761363,-0.0016666666666670456,-0.0016652255451913931,-0.1000000000000334,0.8830463622547715,-0.06290189632021481,0.9133397170587121,0.0,0.0,0.31450948160107406,0.30847173605217204,WARNING,71.39999999999999,-0.0632120542888018,-11.899999999999977,44.999999999999964,0.5041851625832221,-33.00000000000002,0.0,0.0,0.16806172086107404,0.0,0.03361234417221481,NORMAL
2023-03-14,3.337,-6.799999999999962,8.84434252710975,2.7407862051294405,-0.07166666666666603,-0.07121245771922168,-4.2999999999999705,0.888150370228604,-0.05748546928094578,0.9135954017098135,0.0,0.0,0.2874273464047289,0.29769001890385427,NORMAL,70.40000000000002,-0.09361486194636123,-9.599999999999966,44.999999999999964,0.5039785844989291,-31.000000000000064,0.0,0.0,0.16799286149964301,0.0,0.0335985722999286,NORMAL
2023-03-15,3.418,8.099999999999996,9.019627720173725,2.837852085675878,0.09666666666666728,0.09524249794835334,5.800000000000027,0.88203545492958,-0.06363599257241848,0.9459506952252927,0.031747499316117776,0.058000000000000274,0.3181799628620924,0.3344116240531191,WARNING,69.59999999999997,-0.11793064469366857,-8.200000000000031,44.999999999999964,0.5037722601640112,-29.000000000000007,0.0,0.0,0.16792408672133707,0.0,0.033584817344267416,NORMAL
2023-03-16,3.394,-2.400000000000002,8.871674321296846,2.755921451999472,-0.001666666666666335,-0.0016434487081675325,-0.09999999999998899,0.8838348072576364,-0.06172580999726618,0.918640483999824,0.0,0.0,0.3086290499863309,0.3071797167944972,WARNING,69.8,-0.11180303472611665,-5.500000000000014,43.99999999999995,0.46905641186416425,-27.00000000000005,0.0,0.0,0.15635213728805475,0.0,0.03127042745761095,NORMAL
2023-03-17,3.406,1.200000000000001,8.876728890164081,2.7587204686722706,-0.32833333333333325,-0.3451707176629986,-19.700000000000006,0.8829332957542336,-0.06268284967106896,0.9195734895574236,0.0,0.0,0.3134142483553448,0.30928039725362266,WARNING,69.50000000000003,-0.12090198328267761,-3.9999999999999574,43.99999999999995,0.4688698338406916,-24.00000000000002,0.0,0.0,0.15628994461356385,0.0,0.031257988922712775,NORMAL
2023-03-20,3.304,-10.200000000000031,8.356459839706739,2.4706164216563336,-0.43666666666666654,-0.45306107888468194,-26.200000000000003,0.8905883274284228,-0.05455630997771721,0.8235388072187778,0.0,0.0,0.27278154988858605,0.27382038139918996,NORMAL,72.20000000000005,-0.03861234328936539,1.6000000000000512,43.99999999999995,0.4686834783159254,-21.000000000000036,0.0,0.08000000000000256,0.15622782610530847,0.0,0.05524556522106246,NORMAL
2023-03-21,3.304,0.0,8.333778760025528,2.4580565531784684,-0.31833333333333363,-0.33257084382014535,-19.10000000000003,0.8905883274284228,-0.05189688072815979,0.8193521843928228,0.0,0.0,0.25948440364079894,0.26766419833488414,NORMAL,72.2,-0.03859975337367753,3.0000000000000284,43.99999999999995,0.468497344847948,-17.000000000000036,0.0,0.1500000000000014,0.15616578161598269,0.0,0.07623315632319697,NORMAL
2023-03-22,3.287,-1.6999999999999904,8.314431018289511,2.447342553009007,-0.44166666666666665,-0.4639464435355637,-26.500000000000014,0.8918752275615568,-0.05020394106077264,0.8157808510030023,0.0,0.0,0.2510197053038632,0.26356405232214575,NORMAL,73.00000000000004,-0.014200865095840799,2.9000000000000767,43.99999999999995,0.46831143299606887,-14.000000000000057,0.0,0.14500000000000385,0.1561038109986896,0.0,0.07472076219973908,NORMAL
2023-03-23,3.266,-2.0999999999999908,8.214510588618554,2.392010643216432,-0.6216666666666661,-0.6616164293720492,-37.299999999999976,0.8934672248427541,-0.04141731516460556,0.7973368810721441,0.0,0.0,0.2070865758230278,0.24230200654363995,NORMAL,76.40000000000002,0.08947920613104718,6.70000000000006,42.99999999999997,0.43357082672482344,-10.999999999999986,0.029826402043682393,0.33500000000000296,0.14452360890827448,0.0,0.1383526423947605,NORMAL
2023-03-24,3.21,-5.600000000000005,8.238349029802157,2.4052114118831636,-0.6683333333333336,-0.7090274298841894,-40.10000000000002,0.8977201288330057,-0.036854461584789,0.8017371372943879,0.0,0.0,0.184272307923945,0.2340563506284556,NORMAL,76.79999999999998,0.1016508717418343,5.6000000000000085,45.000000000000014,0.5025304867216275,-4.999999999999986,0.03388362391394477,0.2800000000000004,0.1675101622405425,0.0,0.12766711962229205,NORMAL
2023-03-27,3.258,4.800000000000004,8.278206963244868,2.427283130199759,-0.6916666666666665,-0.73580833012725,-41.5,0.894057430707367,-0.03849571518366013,0.809094376733253,0.0,0.0,0.19247857591830064,0.23881030571397088,NORMAL,76.89999999999996,0.10466874368907958,6.8999999999999915,44.00000000000004,0.46775465866697125,-4.999999999999979,0.03488958122969319,0.3449999999999996,0.15591821955565707,0.0,0.14515051828003925,NORMAL
2023-03-28,3.281,2.300000000000013,7.938904869458745,2.2393912955906616,-0.7416666666666661,-0.7924394768665796,-44.499999999999986,0.892309548430334,-0.03915037278577804,0.7464637651968872,0.0,0.0,0.1957518639288902,0.22759349861093353,NORMAL,77.1,0.11073880751191974,8.800000000000011,42.99999999999997,0.43298833331484365,-5.000000000000071,0.03691293583730658,0.44000000000000056,0.14432944443828122,0.0,0.17193976963884838,NORMAL
2023-03-29,3.28,-0.1000000000000334,7.120043982714535,1.7859391150185455,-0.7500000000000002,-0.8014590679652644,-45.000000000000014,0.8923853947419508,-0.03779648042028316,0.5953130383395152,0.0,0.0,0.18898240210141581,0.19465556850846938,NORMAL,77.8,0.13207466211195112,9.100000000000009,41.999999999999986,0.3982301133097484,-4.999999999999986,0.04402488737065038,0.4550000000000004,0.13274337110324946,0.0,0.17625614043184512,NORMAL
2023-03-30,3.305,2.5000000000000355,6.737629990934266,1.574173647573258,-0.8433333333333327,-0.9112883701326964,-50.59999999999998,0.8904890757781241,-0.039841162899390214,0.524724549191086,0.0,0.0,0.19920581449695107,0.18462723563699762,NORMAL,79.5,0.1839510959987984,11.500000000000028,41.999999999999986,0.39808056530354474,-2.9999999999999787,0.06131703199959946,0.5750000000000014,0.13269352176784824,0.0,0.21743381395344988,NORMAL
2023-03-31,3.34,3.49999999999997,6.812805280460737,1.6158026953306297,-0.5350000000000001,-0.5968349375578064,-32.100000000000016,0.8878398707776842,-0.04269763543976446,0.5386008984435432,0.0,0.0,0.2134881771988223,0.19311545056823756,NORMAL,80.39999999999998,0.21138480456581515,12.399999999999963,41.999999999999986,0.39793118566806135,-2.9999999999999787,0.07046160152193838,0.6199999999999981,0.13264372855602044,0.0,0.233667226167785,NORMAL
2023-04-03,3.389,4.899999999999993,6.966831190871878,1.7010960413325795,-0.3466666666666668,-0.3872100285426276,-20.80000000000002,0.8841420177158952,-0.0398291801343168,0.5670320137775265,0.0,0.0,0.199145900671584,0.1930647630241389,NORMAL,79.70000000000002,0.18992147865521747,11.299999999999997,41.999999999999986,0.39778197408757054,-2.9999999999999787,0.06330715955173916,0.5649999999999998,0.1325939913625235,0.0,0.2150109461380264,NORMAL
2023-04-04,3.316,-7.299999999999995,6.979132429871512,1.7079079720749315,-0.4250000000000005,-0.4711559992158399,-25.500000000000036,0.8896281189358223,-0.03074061237502157,0.5693026573583105,0.0,0.0,0.15370306187510785,0.17534175622170525,NORMAL,80.20000000000005,0.2051425148234275,11.800000000000026,41.999999999999986,0.39763293024717306,-2.9999999999999787,0.06838083827447583,0.5900000000000013,0.132544310082391,0.0,0.22402311349882134,NORMAL
2023-04-05,3.326,1.000000000000023,6.780552686679909,1.5979425078240894,-0.4116666666666663,-0.45624561199885855,-24.69999999999999,0.8888719350347268,-0.026766441410657316,0.5326475026080298,0.0,0.0,0.13383220705328658,0.1600623833429206,NORMAL,80.80000000000003,0.22342060612665474,12.900000000000048,41.999999999999986,0.3974840538327955,-2.9999999999999787,0.07447353537555158,0.6450000000000025,0.13249468461093183,0.0,0.24234099753485255,NORMAL
2023-04-06,3.278,-4.800000000000004,6.744703575086862,1.578090713597999,-0.3316666666666663,-0.37183554669928526,-19.899999999999984,0.8924985325296686,-0.021548122347605836,0.5260302378659997,0.0,0.0,0.10774061173802918,0.14830229226841163,NORMAL,81.10000000000004,0.23252119410570696,12.900000000000048,42.99999999999997,0.43198357736656623,-1.999999999999993,0.07750706470190231,0.6450000000000025,0.1439945257888554,0.0,0.24555102456834252,NORMAL
2023-04-07,3.289,1.100000000000012,6.017682278086809,1.1754955991118166,-0.2883333333333333,-0.32322119797427257,-17.300000000000004,0.8916640464017533,-0.020566853993559953,0.3918318663706055,0.0,0.0,0.10283426996779976,0.11950008126124101,NORMAL,80.90000000000002,0.2263226154006021,11.600000000000009,48.0,0.6050881914734679,3.0000000000000355,0.0754408718002007,0.5800000000000004,0.20169606382448932,0.10000000000000119,0.2569714743049584,NORMAL
2023-04-10,3.236,-5.299999999999994,4.729245516770591,0.4620112107304526,-0.30166666666666586,-0.3377264679719178,-18.09999999999996,0.8956809929307932,-0.016154507670800955,0.15400373691015087,0.0,0.0,0.08077253835400477,0.06310976272363208,NORMAL,81.19999999999993,0.23542784001897182,9.79999999999994,50.0,0.6741344447314962,5.0000000000000355,0.07847594667299061,0.489999999999997,0.2247114815771654,0.16666666666666785,0.24881841365066296,NORMAL
2023-04-11,3.255,1.8999999999999684,4.549366641864038,0.3624015341838739,-0.26166666666666655,-0.2927010011412359,-15.700000000000003,0.89423446812721,-0.017743418140912626,0.12080051139462462,0.0,0.0,0.08871709070456313,0.05964693856075018,NORMAL,81.00000000000006,0.22922453133142479,10.600000000000037,52.99999999999998,0.7777941830605195,8.000000000000014,0.07640817711047493,0.5300000000000018,0.25926472768683984,0.26666666666666716,0.2871087320038444,NORMAL
2023-04-12,3.262,0.7000000000000117,4.099499327581617,0.11328313332757858,-0.06333333333333287,-0.07241132480809427,-3.799999999999981,0.8937023986186743,-0.01832786080711879,0.0377610444425262,0.0,0.0,0.09163930403559395,0.04420793050274282,NORMAL,80.89999999999998,0.2260842483680845,11.300000000000011,57.999999999999964,0.9506701128150588,13.0,0.07536141612269483,0.5650000000000006,0.3168900376050196,0.43333333333333335,0.3421530990244792,WARNING
2023-04-13,3.273,1.100000000000012,4.101408615534298,0.11434042010180205,-0.183333333333333,-0.21235263695502812,-10.999999999999988,0.8928667868759658,-0.01924572425726423,0.03811347336726735,0.0,0.0,0.09622862128632115,0.04611414318798193,NORMAL,81.00000000000006,0.22907120088783817,11.20000000000006,57.999999999999964,0.9500872188676944,14.000000000000014,0.07635706696261273,0.5600000000000029,0.3166957396225648,0.4666666666666671,0.3475796013466311,WARNING
2023-04-14,3.286,1.29999999999999,4.1037851590426815,0.11565645418469196,-0.26333333333333303,-0.3072161385479298,-15.799999999999992,0.8918801690764678,-0.020329457731959932,0.03855215139489732,0.0,0.0,0.10164728865979966,0.04836934574289933,NORMAL,80.70000000000005,0.21980035754504143,11.200000000000017,57.999999999999964,0.9495053960232495,14.000000000000014,0.07326678584834714,0.5600000000000008,0.31650179867441647,0.4666666666666671,0.34661372882272107,WARNING
2023-04-17,3.349,6.300000000000017,3.7121245158335716,-0.10122943642559636,0.020000000000000167,0.02365644031041166,1.200000000000001,0.8871041507710633,-0.025575593485805292,0.0,0.007885480103470554,0.01200000000000001,0.12787796742902646,0.0551282829923047,NORMAL,80.49999999999997,0.2135955137321076,8.299999999999926,57.999999999999964,0.9489246410050751,14.000000000000014,0.0711985045773692,0.4149999999999963,0.3163082136683584,0.4666666666666671,0.3024545274402148,WARNING
2023-04-18,3.352,0.29999999999996696,3.7117735865613803,-0.10142376692333745,0.21666666666666665,0.2633986067992449,12.99999999999999,0.8868779392126167,-0.025824071709466434,0.0,0.0877995355997483,0.1299999999999999,0.12912035854733217,0.09520805053888251,NORMAL,80.69999999999999,0.21965635805337197,8.499999999999986,56.999999999999986,0.913688805635249,13.000000000000036,0.07321878601779065,0.42499999999999927,0.30456293521174965,0.4333333333333345,0.2970448895143538,NORMAL
2023-04-19,3.37,1.8000000000000238,3.6979759755560164,-0.10906432821811873,0.15166666666666714,0.1854589136861536,9.10000000000002,0.8855210159656214,-0.027314560879750927,0.0,0.061819637895384534,0.09100000000000019,0.13657280439875463,0.0851930493385788,NORMAL,80.89999999999998,0.22571689209373655,7.899999999999935,55.99999999999996,0.8784900985393832,12.000000000000007,0.07523896403124551,0.39499999999999674,0.2928300328464611,0.40000000000000024,0.279637695778665,NORMAL
2023-04-20,3.409,3.89999999999997,3.7264735693625797,-0.09328350846981745,0.29999999999999966,0.36791642553194137,17.99999999999997,0.8825855137976953,-0.03053901311043461,0.0,0.12263880851064712,0.17999999999999972,0.15269506555217305,0.12160578792299859,NORMAL,81.19999999999999,0.23484526472266481,4.799999999999969,53.99999999999996,0.8086588819213867,10.999999999999986,0.07828175490755494,0.23999999999999844,0.26955296064046225,0.3666666666666662,0.22272845193369167,NORMAL
2023-04-21,3.343,-6.599999999999984,3.82117025337306,-0.04084429864477388,0.18666666666666698,0.22668182677669446,11.20000000000001,0.8875368185301004,-0.025100336973984172,0.0,0.07556060892556482,0.1120000000000001,0.12550168486992086,0.08771279573308133,NORMAL,81.60000000000002,0.24704213522216625,4.80000000000004,51.99999999999996,0.7388829500570957,6.999999999999943,0.08234737840738875,0.240000000000002,0.24629431668569857,0.23333333333333145,0.19262974352602324,NORMAL
2023-04-24,3.306,-3.699999999999992,3.8097382145178775,-0.04717490135298075,0.0383333333333337,0.046661149396113495,2.300000000000013,0.8903281218243775,-0.02203427753376741,0.0,0.015553716465371166,0.02300000000000013,0.11017138766883705,0.05177929836060908,NORMAL,82.10000000000002,0.2623080873252162,5.20000000000006,51.99999999999996,0.7385167081013456,7.999999999999915,0.08743602910840541,0.260000000000003,0.24617223603378188,0.26666666666666383,0.20679858927261166,NORMAL
2023-04-25,3.323,1.6999999999999904,3.7949967061909247,-0.055338154970279066,0.14166666666666675,0.17311404493926721,8.499999999999996,0.8890415976883412,-0.02344743800273108,0.0,0.0577046816464224,0.08499999999999996,0.1172371900136554,0.07543581233474664,NORMAL,81.09999999999995,0.23150900524096393,3.9999999999999574,51.99999999999996,0.738151010317638,8.999999999999986,0.07716966841365465,0.19999999999999787,0.24605033677254598,0.29999999999999954,0.19236096787860488,NORMAL
2023-04-26,3.309,-1.399999999999979,3.8116821814825466,-0.04609841073856862,0.020000000000000167,0.024604527557890395,1.200000000000001,0.8900995571895903,-0.02228534045395436,0.0,0.008201509185963464,0.01200000000000001,0.1114267022697718,0.048610982745101415,NORMAL,81.0,0.22835902754074006,3.200000000000003,50.99999999999998,0.7030945456306803,8.999999999999993,0.07611967584691336,0.16000000000000014,0.2343648485435601,0.29999999999999977,0.17770887246278602,NORMAL
2023-04-27,3.342,3.299999999999992,3.841775220143055,-0.02943409788452076,0.17166666666666716,0.21230340733522707,10.30000000000002,0.8876028279316736,-0.025027830073981017,0.0,0.07076780244507569,0.1030000000000002,0.12513915036990508,0.08480922063697721,NORMAL,80.60000000000005,0.21599083755399495,1.1000000000000512,48.99999999999997,0.6333595900269099,6.999999999999986,0.07199694585133165,0.05500000000000256,0.2111198633423033,0.23333333333333287,0.1269897230905275,NORMAL
2023-04-28,3.36,1.7999999999999794,3.7829256291644744,-0.062022631281342236,0.25500000000000017,0.3159873889136015,15.300000000000002,0.8862447956049381,-0.02651953749396785,0.0,0.10532912963786717,0.15300000000000002,0.13259768746983924,0.10470490091550913,NORMAL,81.20000000000003,0.23436113492634528,0.800000000000054,48.99999999999997,0.6330757907686676,6.999999999999986,0.07812037830878175,0.0400000000000027,0.21102526358955587,0.23333333333333287,0.12430783287721309,NORMAL
2023-05-02,3.372,1.200000000000001,3.6229204561484525,-0.15062705210721808,0.3733333333333331,0.46646521213050224,22.399999999999977,0.885340825913421,-0.027512487565723998,0.0,0.15548840404350076,0.22399999999999978,0.13756243782862,0.1309226559401481,NORMAL,80.49999999999997,0.2127592514633031,0.7999999999999545,48.0,0.5980773954570283,6.000000000000014,0.0709197504877677,0.039999999999997725,0.19935913181900944,0.20000000000000048,0.11314775151013162,NORMAL
2023-05-03,3.324,-4.800000000000004,3.396964589313907,-0.2757523110954314,0.06833333333333336,0.08837558466619888,4.0999999999999925,0.8889530164831478,-0.02354473851499217,0.0,0.029458528222066294,0.040999999999999925,0.11772369257496085,0.06118118267439758,NORMAL,81.30000000000001,0.23729331433516193,1.099999999999966,45.99999999999999,0.5283697043179706,4.000000000000007,0.07909777144505398,0.05499999999999829,0.17612323477265687,0.13333333333333358,0.10212064505471376,NORMAL
2023-05-04,3.278,-4.599999999999982,3.5413943135734667,-0.19577294651090135,-0.03166666666666673,-0.04076792656122543,-1.9000000000000128,0.892428822777597,-0.019726798442585625,0.0,0.0,0.0,0.09863399221292812,0.03945359688517125,NORMAL,82.00000000000003,0.2587490450549539,1.2000000000000028,45.99999999999999,0.5281539791583183,4.000000000000007,0.08624968168498463,0.060000000000000143,0.1760513263861061,0.13333333333333358,0.10575183644938337,NORMAL
2023-05-08,3.31,3.200000000000003,3.449851255374713,-0.24646580536939466,-0.016666666666666163,-0.021431764932755157,-0.9999999999999787,0.8900014163796419,-0.022393141550821838,0.0,0.0,0.0,0.11196570775410919,0.044786283101643676,NORMAL,81.79999999999995,0.2525061148057697,0.6999999999999176,45.99999999999999,0.5279385180530783,3.0000000000000213,0.08416870493525656,0.03499999999999588,0.17597950601769277,0.10000000000000071,0.09094651268411443,NORMAL
2023-05-09,3.318,0.8000000000000007,3.446199279450358,-0.2484881225579466,-0.07333333333333325,-0.09468323913245341,-4.400000000000004,0.8893962154165037,-0.023057914214567377,0.0,0.0,0.0,0.11528957107283688,0.04611582842913475,NORMAL,81.30000000000001,0.2370286174927368,0.3999999999999915,45.99999999999999,0.5277233204639474,-2.000000000000007,0.07900953916424559,0.019999999999999574,0.17590777348798248,0.0,0.06488441644687004,NORMAL
2023-05-10,3.341,2.300000000000013,3.2261880716542506,-0.3703214687837184,-0.03999999999999989,-0.0515795398580559,-2.400000000000002,0.8876574458153644,-0.02496783599227792,0.0,0.0,0.0,0.1248391799613896,0.04993567198455584,NORMAL,81.30000000000001,0.2369488737214453,0.10000000000007958,41.999999999999986,0.388469300841105,-8.000000000000014,0.07898295790714843,0.005000000000003979,0.12948976694703498,0.0,0.051092840761552724,NORMAL
2023-05-11,3.292,-4.900000000000038,3.4257961041732194,-0.2597865793163332,-0.23000000000000043,-0.2980784867108972,-13.800000000000034,0.8913545390771854,-0.02090682702918578,0.0,0.0,0.0,0.10453413514592891,0.04181365405837156,NORMAL,81.19999999999999,0.23378896446113287,0.1999999999999318,40.99999999999997,0.35355532069741075,-12.000000000000007,0.07792965482037763,0.00999999999999659,0.11785177356580358,0.0,0.049949251159272984,NORMAL
2023-05-12,3.274,-1.7999999999999794,3.4515290280655226,-0.24553672242323415,-0.2066666666666667,-0.26824549976112666,-12.400000000000011,0.8927183115219736,-0.019408814474540348,0.0,0.0,0.0,0.09704407237270174,0.038817628949080696,NORMAL,81.0,0.2275481613072041,0.10000000000002274,39.99999999999999,0.31864660067223105,-17.99999999999997,0.07584938710240137,0.005000000000001137,0.10621553355741035,0.0,0.045497922842202825,NORMAL
2023-05-15,3.332,5.799999999999983,3.6785974157779746,-0.11979539417809915,-0.23166666666666688,-0.30215819369436475,-13.900000000000023,0.8883172102461703,-0.024243129019180798,0.0,0.0,0.0,0.12121564509590399,0.048486258038361596,NORMAL,81.00000000000006,0.22747207194238794,0.0,38.99999999999997,0.2837421208758794,-18.999999999999993,0.07582402398079598,0.0,0.09458070695862647,0.0,0.041663348585964086,NORMAL
2023-05-16,3.303,-2.8999999999999915,3.737614634749643,-0.08711403514969487,-0.2883333333333333,-0.37549114109364523,-17.300000000000004,0.890506912169427,-0.021837888332213118,0.0,0.0,0.0,0.10918944166106559,0.043675776664426236,NORMAL,81.4,0.23972822025744697,0.6999999999999602,38.99999999999997,0.2836447092296703,-18.999999999999993,0.07990940675248233,0.03499999999999801,0.09454823640989009,0.0,0.05338246930772212,NORMAL
2023-05-17,3.319,1.6000000000000014,3.4640256471640747,-0.23861659805076835,-0.5116666666666665,-0.706988900007855,-30.699999999999996,0.8892958227688765,-0.023168188804081447,0.0,0.0,0.0,0.11584094402040723,0.04633637760816289,NORMAL,80.99999999999996,0.22731186288077135,0.4999999999999858,35.999999999999986,0.1791039582468367,-21.99999999999998,0.07577062096025712,0.02499999999999929,0.059701319415612235,0.0,0.04217145017119937,NORMAL
2023-05-18,3.367,4.800000000000004,3.63663739998193,-0.14303116104346694,-0.45666666666666667,-0.6269512926100231,-27.400000000000002,0.8856674958119796,-0.02715366259376073,0.0,0.0,0.0,0.13576831296880365,0.05430732518752146,NORMAL,80.70000000000005,0.21798127131304235,5.684341886080802e-14,34.99999999999996,0.14421916187345424,-22.00000000000003,0.07266042377101412,2.842170943040401e-15,0.04807305395781808,0.0,0.03141273792286871,NORMAL
2023-05-19,3.419,5.200000000000005,3.7974333437204613,-0.05398884323867921,-0.30166666666666664,-0.4122615276807174,-18.100000000000005,0.8817528454804906,-0.031453643405096265,0.0,0.0,0.0,0.15726821702548133,0.06290728681019253,NORMAL,80.79999999999998,0.22099471065426607,-0.09999999999999432,33.99999999999998,0.1093351568976693,-21.99999999999998,0.07366490355142202,0.0,0.0364450522992231,0.0,0.02938848152527123,NORMAL
2023-05-22,3.398,-2.0999999999999908,3.7298899377017003,-0.0913916612731938,-0.4016666666666659,-0.5511107174616164,-24.099999999999966,0.8833267743096732,-0.02972478815857449,0.0,0.0,0.0,0.14862394079287244,0.05944957631714898,NORMAL,80.59999999999997,0.21474768314100254,-0.6000000000000227,32.999999999999964,0.07445158048455812,-20.999999999999993,0.07158256104700085,0.0,0.024817193494852705,0.0,0.026438207013070796,NORMAL
2023-05-23,3.473,7.499999999999973,3.76010918094562,-0.07465746140357041,-0.2033333333333337,-0.27577130365287267,-12.200000000000033,0.877695566123449,-0.035910292634063645,0.0,0.0,0.0,0.17955146317031823,0.07182058526812729,NORMAL,80.79999999999998,0.22085197286254737,-0.8000000000000398,30.99999999999996,0.0047083944605634896,-20.999999999999996,0.07361732428751579,0.0,0.0015694648201878298,0.0,0.0223990902502923,NORMAL
2023-05-24,3.502,2.8999999999999915,3.6461371051393074,-0.13777060691499687,-0.03833333333333341,-0.05251342214216223,-2.300000000000013,0.8755320465529548,-0.038286773762720494,0.0,0.0,0.0,0.19143386881360247,0.07657354752544099,NORMAL,80.49999999999997,0.21151269591860608,-1.6000000000000512,27.99999999999998,-0.09990538343320247,-23.99999999999998,0.07050423197286869,0.0,0.0,0.0,0.021151269591860606,NORMAL
2023-05-25,3.597,9.50000000000002,4.1143011173479405,0.12147976837824763,-0.036666666666666924,-0.050204984974632286,-2.200000000000024,0.8684621252770397,-0.04605260806458655,0.040493256126082545,0.0,0.0,0.23026304032293277,0.10020386735438962,NORMAL,80.00000000000003,0.19599476817043637,-1.0999999999999233,25.99999999999998,-0.16963587380439096,-25.99999999999998,0.06533158939014545,0.0,0.0,0.0,0.019599476817043635,NORMAL
2023-05-26,3.639,4.1999999999999815,4.10641346906852,0.11711190642539505,-0.1900000000000004,-0.27224483456428106,-11.400000000000032,0.8653617154898007,-0.04945820025379599,0.039037302141798354,0.0,0.0,0.24729100126897996,0.10672386093595165,NORMAL,80.40000000000003,0.20829263051594893,-0.5999999999999659,25.99999999999998,-0.1695807067308454,-25.0,0.06943087683864964,0.0,0.0,0.0,0.020829263051594892,NORMAL
2023-05-30,3.651,1.200000000000001,4.088813365371681,0.10736567781828883,-0.315,-0.46192767874795687,-18.900000000000006,0.8644790465400011,-0.05042775288953716,0.03578855927276294,0.0,0.0,0.2521387644476858,0.10801321763362691,NORMAL,79.89999999999999,0.19276653080585696,-0.7000000000000597,25.0,-0.2044277264483577,-23.99999999999997,0.06425551026861899,0.0,0.0,0.0,0.019276653080585696,NORMAL
2023-05-31,3.532,-11.899999999999977,5.072983135664537,0.6523592605095304,-0.4066666666666662,-0.5795745249366635,-24.399999999999977,0.873223252095753,-0.04082282961001493,0.21745308683651013,0.0,0.0,0.20411414805007466,0.1251362765873319,NORMAL,80.29999999999995,0.2050731411547746,-0.9000000000000767,25.0,-0.20436048814390112,-23.99999999999997,0.0683577137182582,0.0,0.0,0.0,0.02050731411547746,NORMAL
2023-06-01,3.549,1.6999999999999904,5.075977997546769,0.6540176944059273,-0.30333333333333307,-0.43392168365958084,-18.199999999999996,0.8719614444964746,-0.04220884062122854,0.2180058981353091,0.0,0.0,0.2110442031061427,0.1280188608695189,NORMAL,80.69999999999999,0.21737913746421494,0.20000000000001705,25.0,-0.2042933161439838,-23.0,0.07245971248807165,0.010000000000000852,0.0,0.0,0.02473791374642175,NORMAL
2023-06-02,3.495,-5.399999999999983,5.11298398815778,0.6745101216404402,-0.2766666666666664,-0.39795601328532276,-16.599999999999994,0.8759637475267135,-0.03781257919967995,0.22483670721348006,0.0,0.0,0.18906289599839976,0.12059249984205592,NORMAL,80.79999999999998,0.2204016325078344,-0.5000000000000284,25.0,-0.20422621033970084,-20.999999999999993,0.0734672108359448,0.0,0.0,0.0,0.02204016325078344,NORMAL
2023-06-05,3.561,6.599999999999984,5.097396136109199,0.6658781969554448,-0.2650000000000003,-0.38016188646503124,-15.900000000000025,0.8710495909030886,-0.04321045063036966,0.22195939898514827,0.0,0.0,0.21605225315184828,0.13081278105776897,NORMAL,80.50000000000006,0.21104316915517812,-1.4999999999999716,25.0,-0.20415917062239797,-20.999999999999993,0.07034772305172604,0.0,0.0,0.0,0.021104316915517812,NORMAL
2023-06-07,3.522,-3.9000000000000146,5.212474914744631,0.7296041899226886,-0.3616666666666666,-0.5176401592618096,-21.70000000000001,0.8739371202969324,-0.04003869327420939,0.2432013966408962,0.0,0.0,0.20019346637104696,0.12871766587659803,NORMAL,80.19999999999996,0.20168527373248687,-1.5999999999999943,25.99999999999998,-0.16913714522750814,-20.000000000000014,0.06722842457749563,0.0,0.0,0.0,0.020168527373248687,NORMAL
2023-06-08,3.632,11.000000000000032,5.665045175645578,0.9802193737588298,0.08000000000000022,0.11839440217744318,4.800000000000004,0.865765808222156,-0.04901433149209555,0.3267397912529433,0.039464800725814396,0.04800000000000004,0.24507165746047777,0.18086958137994263,NORMAL,80.10000000000002,0.19852211422646032,-1.1999999999999886,25.99999999999998,-0.16908239170044792,-20.000000000000014,0.06617403807548677,0.0,0.0,0.0,0.01985221142264603,NORMAL
2023-06-09,3.613,-1.9000000000000128,5.714192856388379,1.0074353799982958,0.34666666666666707,0.5736803740000164,20.80000000000002,0.8671640200024348,-0.04747848963745538,0.3358117933327653,0.19122679133333878,0.20800000000000018,0.2373924481872769,0.2419646962081316,NORMAL,80.30000000000004,0.20465329231069437,-0.9999999999999716,25.99999999999998,-0.16902769131503667,-16.000000000000007,0.0682177641035648,0.0,0.0,0.0,0.02046532923106944,NORMAL
2023-06-12,3.576,-3.699999999999992,5.65095241157583,0.97241536858388,0.39833333333333326,0.6682528024869481,23.899999999999988,0.8698912508453424,-0.04448280948736516,0.32413845619462667,0.22275093416231603,0.23899999999999988,0.2224140474368258,0.24614349704611885,NORMAL,80.89999999999998,0.22318003044158552,-0.30000000000001137,25.99999999999998,-0.16897304398536617,-14.999999999999993,0.0743933434805285,0.0,0.0,0.0,0.02231800304415855,NORMAL
2023-06-13,3.578,0.19999999999997797,5.608508573680939,0.948911680525447,0.2666666666666663,0.4584941630154764,15.99999999999997,0.8697433693326987,-0.04464524740975229,0.31630389350848237,0.15283138767182547,0.1599999999999997,0.22322623704876143,0.2151175510555661,NORMAL,81.29999999999997,0.23550590178686817,0.29999999999996874,25.99999999999998,-0.1689184496257223,-14.000000000000014,0.07850196726228939,0.014999999999998436,0.0,0.0,0.028050590178686344,NORMAL
2023-06-14,3.635,5.699999999999994,5.60453528755718,0.946711434688796,0.40166666666666623,0.6845409740478443,24.099999999999966,0.8655294627082818,-0.049273941186051995,0.31557047822959866,0.22818032468261476,0.24099999999999966,0.24636970593025997,0.2554980429545466,NORMAL,81.1,0.22922629657260934,0.09999999999993747,25.99999999999998,-0.16886390815058486,-12.999999999999993,0.07640876552420311,0.004999999999996873,0.0,0.0,0.024422629657259994,NORMAL
2023-06-15,3.685,5.000000000000027,5.5551682905958915,0.9193739799601933,0.46499999999999997,0.7859691930899363,27.89999999999999,0.8618509624917716,-0.05331452693601124,0.30645799332006446,0.26198973102997875,0.2789999999999999,0.2665726346800562,0.27611859874203115,NORMAL,81.10000000000004,0.2291506009143419,-0.29999999999996874,25.99999999999998,-0.16880941947462685,-12.999999999999993,0.07638353363811397,0.0,0.0,0.0,0.02291506009143419,NORMAL
2023-06-16,3.657,-2.8000000000000025,5.654332293402158,0.9742870110191638,0.5883333333333337,1.0389903156083984,35.30000000000002,0.8639021677825021,-0.051061415510119,0.32476233700638796,0.34633010520279944,0.3530000000000002,0.255307077550595,0.30694131946207553,WARNING,80.99999999999996,0.22597233964308283,0.0,25.99999999999998,-0.16875498351271384,-10.000000000000007,0.07532411321436094,0.0,0.0,0.0,0.022597233964308284,NORMAL
2023-06-19,3.633,-2.400000000000002,5.675070136362329,0.9857707932621289,0.5483333333333338,0.9647503246104744,32.90000000000002,0.8656645282047783,-0.04912558079775964,0.32859026442070965,0.3215834415368248,0.3290000000000002,0.2456279039887982,0.29408590278702623,NORMAL,80.69999999999995,0.2165871949970223,-9.947598300641403e-14,25.99999999999998,-0.1687006001799033,-8.999999999999979,0.0721957316656741,0.0,0.0,0.0,0.021658719499702227,NORMAL
2023-06-20,3.642,0.8999999999999897,5.601717311870105,0.9451509532434261,0.5916666666666667,1.043295391619262,35.5,0.8650022948407017,-0.049852999728449365,0.31505031774780873,0.347765130539754,0.355,0.24926499864224683,0.3032690891144113,WARNING,81.29999999999997,0.23514317131909904,0.4999999999999858,25.99999999999998,-0.1686462693914444,-8.0,0.07838105710636635,0.02499999999999929,0.0,0.0,0.03101431713190969,NORMAL
2023-06-21,3.621,-2.0999999999999908,5.601717311870105,0.9451509532434261,0.5916666666666668,1.0432953916192622,35.5,0.8665463239369923,-0.048156987332964696,0.31505031774780873,0.34776513053975405,0.355,0.24078493666482348,0.29987706432344197,NORMAL,80.69999999999999,0.2164330087878281,0.10000000000002274,25.99999999999998,-0.16859199106277734,-6.999999999999986,0.07214433626260937,0.005000000000001137,0.0,0.0,0.023143300878783152,NORMAL
2023-06-22,3.647,2.59999999999998,5.411692993198299,0.8399231385335789,0.7283333333333332,1.3047401125422076,43.69999999999998,0.8646312565610915,-0.05026056039095883,0.279974379511193,0.4349133708474025,0.43699999999999983,0.25130280195479415,0.3308986708536368,WARNING,80.80000000000003,0.21946850365221698,4.263256414560601e-14,25.99999999999998,-0.16853776510953242,-4.999999999999982,0.07315616788407232,2.1316282072803005e-15,0.0,0.0,0.021946850365222335,NORMAL
2023-06-23,3.663,1.6000000000000014,5.39380492592635,0.8300174472959172,0.6749999999999997,1.218058534654138,40.49999999999998,0.8634553580521684,-0.05155220602882715,0.2766724824319724,0.40601951155137933,0.4049999999999998,0.25776103014413576,0.3206428108543246,WARNING,80.99999999999996,0.2256111567595996,0.4999999999999858,25.99999999999998,-0.1684835914475301,-2.0,0.07520371891986653,0.02499999999999929,0.0,0.0,0.030061115675959746,NORMAL
2023-06-26,3.611,-5.19999999999996,5.14230134841344,0.6907448950332741,0.5500000000000003,0.9786642126699809,33.00000000000001,0.8672718307347589,-0.047360066779474685,0.2302482983444247,0.32622140422332696,0.33000000000000007,0.23680033389737343,0.2720140740724997,NORMAL,80.69999999999999,0.21621248757697448,0.6999999999999602,25.99999999999998,-0.16842946999278,0.0,0.07207082919232483,0.03499999999999801,0.0,0.0,0.03212124875769685,NORMAL
2023-06-27,3.603,-0.8000000000000007,5.0516907018708475,0.6405683681983533,0.5383333333333342,0.9573089887210062,32.30000000000004,0.8678615755796585,-0.04671227162488478,0.2135227893994511,0.3191029962403354,0.3230000000000004,0.2335613581244239,0.26454970037772696,NORMAL,81.0,0.22546922965599694,0.5999999999999659,25.99999999999998,-0.16837540066148024,0.0,0.07515640988533231,0.029999999999998295,0.0,0.0,0.03154692296559918,NORMAL
2023-06-28,3.611,0.8000000000000007,5.046729008398458,0.6378207821787901,0.5100000000000002,0.908478867135203,30.600000000000005,0.8672714297082643,-0.04736050728017982,0.21260692739293005,0.30282628904506764,0.30600000000000005,0.2368025364008991,0.2590076578479592,NORMAL,80.80000000000003,0.21917520876449972,0.9000000000000341,25.99999999999998,-0.16832138337001756,0.9999999999999787,0.07305840292149991,0.045000000000001705,0.0,0.033333333333332625,0.04208418754311702,NORMAL
2023-06-29,3.626,1.499999999999968,4.236073156766023,0.188912219604962,0.47666666666666685,0.8521723201731531,28.6,0.8661656586353863,-0.04857512263339758,0.06297073986832066,0.2840574400577177,0.28600000000000003,0.2428756131669879,0.22375588125200285,NORMAL,80.69999999999999,0.21599260776594842,0.4000000000000341,26.999999999999957,-0.1331408835916986,1.9999999999999574,0.07199753592198281,0.020000000000001704,0.0,0.06666666666666525,0.0409325941099284,NORMAL
2023-06-30,3.675,4.899999999999993,4.3440340213846556,0.24869659845399397,0.4766666666666668,0.852172320173153,28.6,0.8625580786671699,-0.052537807247629464,0.08289886615133132,0.28405744005771766,0.28600000000000003,0.2626890362381473,0.23566687573706874,NORMAL,81.1,0.2283697870504611,0.4000000000000057,26.999999999999957,-0.13309866432822196,1.9999999999999574,0.0761232623501537,0.020000000000000285,0.0,0.06666666666666525,0.042170312038379246,NORMAL
2023-07-03,3.607,-6.799999999999962,4.456148915587841,0.31078131158906785,0.4850000000000007,0.8700332971039381,29.100000000000037,0.8675436643618661,-0.04706147577352082,0.10359377052968928,0.290011099034646,0.29100000000000037,0.2353073788676041,0.2310439254599088,NORMAL,80.80000000000003,0.21895649367949033,4.263256414560601e-14,26.999999999999957,-0.13305648520330218,1.9999999999999574,0.07298549789316344,2.1316282072803005e-15,0.0,0.06666666666666525,0.03522898270128272,NORMAL
2023-07-04,3.623,1.6000000000000014,4.234184194089064,0.18786618814986109,0.4950000000000004,0.8875800856756914,29.700000000000017,0.866363804978334,-0.04835747216646891,0.06262206271662037,0.2958600285585638,0.29700000000000015,0.24178736083234453,0.2278113625879747,NORMAL,81.0,0.22511259031216624,0.49999999999994316,27.99999999999993,-0.0978551692553867,2.999999999999929,0.07503753010405541,0.024999999999997156,0.0,0.09999999999999763,0.0500112590312153,NORMAL
2023-07-05,3.644,2.0999999999999908,4.131509218318723,0.13100892166304012,0.6100000000000002,1.1070644121948643,36.60000000000001,0.8648173455864476,-0.050056154078651716,0.04366964055434671,0.36902147073162145,0.3660000000000001,0.2502807703932586,0.2558505304144971,NORMAL,80.69999999999999,0.21569500607461511,0.5000000000000284,27.99999999999993,-0.09782444530995323,1.9999999999999503,0.07189833535820504,0.02500000000000142,0.0,0.06666666666666501,0.04240283394079494,NORMAL
2023-07-06,3.713,6.899999999999995,3.6641183329546902,-0.12781332712029556,0.7066666666666667,1.259980564764753,42.39999999999999,0.8597451918545831,-0.05562757473498048,0.0,0.41999352158825104,0.42399999999999993,0.2781378736749024,0.28005385378761116,NORMAL,79.89999999999995,0.19069987190208412,-0.2000000000000739,28.999999999999996,-0.06261262977792592,3.0000000000000178,0.06356662396736137,0.0,0.0,0.10000000000000059,0.03906998719020853,NORMAL
2023-07-07,3.761,4.800000000000004,3.7476167865654686,-0.08157524629713082,0.875,1.5750577309282376,52.49999999999999,0.8562374314718164,-0.05948061423006168,0.0,0.5250192436427459,0.5249999999999999,0.2974030711503084,0.3289650771886725,WARNING,79.89999999999999,0.19063848346266157,-0.4000000000000483,28.000000000000018,-0.09778514143430085,2.000000000000039,0.06354616115422053,0.0,0.0,0.06666666666666797,0.032397181679599756,NORMAL
2023-07-10,3.863,10.199999999999987,4.14833828494202,0.14032818099128674,1.0133333333333334,1.757179161441859,60.80000000000001,0.8488138529409558,-0.06763491730468707,0.046776060330428915,0.5857263871472863,0.6080000000000001,0.33817458652343535,0.3833703241049172,WARNING,79.90000000000003,0.19057715427162433,-0.9999999999999432,28.000000000000018,-0.09775449707425037,2.000000000000039,0.06352571809054144,0.0,0.0,0.06666666666666797,0.032391048760496026,NORMAL
2023-07-11,3.758,-10.499999999999998,4.931958082376177,0.5742652655903647,0.8266666666666668,1.360154997268703,49.6,0.8563895165784539,-0.05931355894163137,0.19142175519678825,0.4533849990895677,0.496,0.29656779470815686,0.34678846874053393,WARNING,79.89999999999999,0.1905158842337229,-1.3999999999999773,28.000000000000018,-0.09772388150677762,2.000000000000039,0.0635052947445743,0.0,0.0,0.06666666666666797,0.03238492175670588,NORMAL
2023-07-12,3.756,-0.20000000000002238,4.804545545078822,0.5037093338014783,0.8049999999999996,1.3240243178610567,48.29999999999997,0.8565351027962722,-0.05915364224665143,0.16790311126715943,0.4413414392870189,0.4829999999999997,0.29576821123325714,0.33675619460413847,WARNING,80.79999999999994,0.21852890881880122,-0.300000000000054,28.000000000000018,-0.0976932946868226,2.000000000000039,0.07284296960626707,0.0,0.0,0.06666666666666797,0.03518622421521372,NORMAL
2023-07-13,3.657,-9.899999999999975,5.2240738287682085,0.7360272013784824,0.6183333333333335,0.9760008590214254,37.1,0.8637428456863029,-0.051236420146156925,0.24534240045949415,0.32533361967380847,0.371,0.2561821007307846,0.2908080443189744,NORMAL,80.60000000000005,0.21221742570575236,-0.4999999999999858,28.000000000000018,-0.0976627365694241,2.000000000000039,0.07073914190191745,0.0,0.0,0.06666666666666797,0.03455507590390883,NORMAL
2023-07-14,3.685,2.8000000000000025,5.2240738287682085,0.7360272013784824,0.5599999999999999,0.8926778751003158,33.59999999999999,0.8616871377135694,-0.05349447746620917,0.24534240045949415,0.29755929170010526,0.33599999999999985,0.26747238733104584,0.2827692933643382,NORMAL,80.60000000000001,0.21214875193219737,-0.39999999999994884,28.000000000000018,-0.09763220710971914,2.000000000000039,0.0707162506440658,0.0,0.0,0.06666666666666797,0.03454820852655333,NORMAL
2023-07-17,3.66,-2.499999999999991,5.226680037129324,0.7374704146073762,0.5133333333333339,0.8156095116046111,30.800000000000026,0.8635182228812107,-0.05148315323082486,0.24582347153579207,0.27186983720153707,0.3080000000000003,0.2574157661541243,0.2681049682091156,NORMAL,80.29999999999995,0.20271375605747888,-0.3999999999999915,28.000000000000018,-0.09760170626294293,2.000000000000039,0.06757125201915963,0.0,0.0,0.06666666666666797,0.03360470893908148,NORMAL
2023-07-18,3.651,-0.9000000000000341,5.228311088879959,0.7383736253784906,0.4683333333333329,0.7440527789997742,28.09999999999997,0.864178814321715,-0.050757537843046374,0.2461245417928302,0.24801759299992474,0.2809999999999997,0.25378768921523187,0.25654350264464365,NORMAL,80.19999999999996,0.19952542060843162,-1.1000000000000085,28.000000000000018,-0.09757123398442882,2.000000000000039,0.06650847353614388,0.0,0.0,0.06666666666666797,0.03328587539417676,NORMAL
2023-07-19,3.575,-7.599999999999962,5.485396881481619,0.8807373835411743,0.2766666666666674,0.43174958455414975,16.600000000000037,0.8697614094622331,-0.04462543153751253,0.2935791278470581,0.1439165281847166,0.16600000000000037,0.22312715768756264,0.20994999428138006,NORMAL,79.80000000000001,0.18696527990399758,-0.8999999999999773,28.000000000000018,-0.09754079022960704,2.000000000000039,0.06232175996799919,0.0,0.0,0.06666666666666797,0.03202986132373335,NORMAL
2023-07-20,3.606,3.0999999999999694,5.500093300644028,0.8888756685950526,0.4383333333333333,0.6938645927125728,26.29999999999999,0.8674695881483002,-0.04714284352541109,0.2962918895316842,0.2312881975708576,0.2629999999999999,0.23571421762705547,0.25240170447133053,NORMAL,79.79999999999995,0.18690550981863452,-1.000000000000071,28.000000000000018,-0.09751037495400587,2.000000000000039,0.062301836606211504,0.0,0.0,0.06666666666666797,0.032023884315197045,NORMAL
2023-07-21,3.636,3.000000000000025,5.5330847016641025,0.9071449777962323,0.5500000000000003,0.8741352131881003,33.00000000000001,0.865257540698522,-0.04957262927442141,0.3023816592654108,0.2913784043960334,0.33000000000000007,0.24786314637210705,0.2838972712811317,NORMAL,79.70000000000002,0.1837199167229479,-1.2999999999999403,28.000000000000018,-0.09747998811324998,2.000000000000039,0.06123997224098263,0.0,0.0,0.06666666666666797,0.031705325005628386,NORMAL
2023-07-24,3.64,0.40000000000000036,5.403456496101642,0.8353620981551515,0.5283333333333338,0.840097767697422,31.700000000000017,0.8649633531346845,-0.04989577458046801,0.2784540327183838,0.280032589232474,0.31700000000000017,0.24947887290234005,0.27488887355110764,NORMAL,79.30000000000001,0.17115403291114664,-1.3999999999999773,28.000000000000018,-0.0974496296630612,2.000000000000039,0.05705134430371555,0.0,0.0,0.06666666666666797,0.03044873662444826,NORMAL
2023-07-25,3.684,4.400000000000004,5.480153186487427,0.877833636436064,0.6250000000000001,0.9900269089614785,37.5,0.8617283901939609,-0.053449164383537084,0.2926112121453547,0.33000896965382615,0.375,0.2672458219176854,0.30642236512691035,WARNING,78.99999999999996,0.16171640045495575,-2.0000000000000426,28.000000000000018,-0.09741929955925754,2.000000000000039,0.053905466818318586,0.0,0.0,0.06666666666666797,0.029504973378829166,NORMAL
2023-07-26,3.658,-2.6000000000000245,5.519846965842048,0.8998144528297576,0.5266666666666665,0.8334758852316625,31.599999999999984,0.8636328099362895,-0.05135728703682463,0.29993815094325255,0.2778252950772208,0.31599999999999984,0.25678643518412314,0.2814672632777439,NORMAL,78.60000000000005,0.14915037318264043,-2.1999999999999744,28.000000000000018,-0.09738899775775353,2.000000000000039,0.049716791060880144,0.0,0.0,0.06666666666666797,0.02824837065159764,NORMAL
2023-07-27,3.637,-2.0999999999999908,5.53510091193133,0.9082614738421009,0.461666666666667,0.7293150891400707,27.700000000000014,0.8651743945020257,-0.049663959794185475,0.3027538246140336,0.2431050297133569,0.27700000000000014,0.24831979897092737,0.2638996904538491,NORMAL,78.69999999999995,0.15223309571002344,-2.0000000000000426,28.999999999999996,-0.06201508740773658,2.000000000000039,0.05074436523667448,0.0,0.0,0.06666666666666797,0.02855664290433594,NORMAL
2023-07-28,3.728,9.10000000000002,5.801839544942885,1.0559705862687851,0.5933333333333339,0.9140781220430028,35.60000000000003,0.8584822705605525,-0.05701480906517753,0.35199019542292836,0.30469270734766757,0.3560000000000003,0.28507404532588765,0.31656619868447433,WARNING,78.80000000000003,0.15531577452320178,-2.2999999999999687,28.999999999999996,-0.06199592946738164,2.000000000000039,0.05177192484106726,0.0,0.0,0.06666666666666797,0.028864910785653772,NORMAL
2023-07-31,3.761,3.299999999999992,5.590226433602425,0.9387877676382556,0.7283333333333339,1.1307535401956181,43.70000000000003,0.8560742277916302,-0.05965988252574961,0.3129292558794185,0.37691784673187273,0.43700000000000033,0.29829941262874804,0.34468918557375755,WARNING,78.59999999999997,0.14900373969760206,-2.2000000000000597,28.999999999999996,-0.061976789271145354,2.000000000000039,0.04966791323253402,0.0,0.0,0.06666666666666797,0.0282337073030938,NORMAL
2023-08-01,3.727,-3.4000000000000252,5.6624896886161435,0.9788042479606882,0.7483333333333332,1.1663281936576935,44.899999999999984,0.8585482823099481,-0.05694229958624897,0.3262680826535627,0.38877606455256447,0.44899999999999984,0.28471149793124484,0.3466934286137234,WARNING,78.79999999999998,0.15522192611972546,-2.200000000000017,28.999999999999996,-0.06195766679165338,1.0000000000000675,0.05174064203990849,0.0,0.0,0.03333333333333558,0.02218885927863966,NORMAL
2023-08-02,3.793,6.600000000000028,5.815901523093022,1.0637575434413153,0.8050000000000003,1.242748736855239,48.30000000000001,0.8537318264461893,-0.062232853285570044,0.3545858478137718,0.41424957895174636,0.4830000000000001,0.3111642664278502,0.37483279192424374,WARNING,78.90000000000002,0.1583065350994997,-1.7999999999999687,28.999999999999996,-0.06193856200159096,1.0000000000000675,0.05276884503316657,0.0,0.0,0.03333333333333558,0.022497320176617087,NORMAL
2023-08-03,3.861,6.800000000000006,5.810371851493804,1.06069543400966,0.9050000000000004,1.3807977776444817,54.30000000000001,0.8487972564893304,-0.06765314739357942,0.35356514466988664,0.4602659258814939,0.5430000000000001,0.3382657369678971,0.406672508897435,WARNING,78.20000000000005,0.13631600863385615,-1.6999999999999034,30.00000000000002,-0.026521402858084495,1.0000000000000249,0.04543866954461872,0.0,0.0,0.033333333333334166,0.020298267530052448,NORMAL
2023-08-04,3.876,1.499999999999968,5.735381875965876,1.0191690056814124,0.8916666666666662,1.3611719968141685,53.49999999999997,0.8477150399873065,-0.06884188963065263,0.33972300189380417,0.45372399893805615,0.5349999999999997,0.34420944815326315,0.40337317942767725,WARNING,78.10000000000001,0.13313806588221636,-1.799999999999983,31.0,0.008895755224615052,2.9999999999999822,0.044379355294072116,0.0,0.0029652517415383506,0.09999999999999941,0.03390685693652919,NORMAL
2023-08-07,3.814,-6.199999999999983,5.452230350001148,0.8623710941441681,0.8700000000000006,1.3208475764464696,52.200000000000024,0.8521824982480395,-0.061055499934302815,0.2874570313813894,0.4402825254821565,0.5220000000000002,0.3052774996715141,0.37205891124131485,WARNING,77.89999999999999,0.12682393171150433,-2.0000000000000426,31.0,0.008893027506316313,2.9999999999999822,0.04227464390383478,0.0,0.0029643425021054375,0.09999999999999941,0.0332752616715714,NORMAL
2023-08-08,3.74,-7.399999999999984,5.182754804968203,0.7131463900654417,0.7766666666666671,1.1564993631526483,46.60000000000002,0.8575427261620195,-0.05514953902888964,0.23771546335514723,0.38549978771754945,0.46600000000000025,0.2757476951444482,0.3281421282723187,WARNING,77.70000000000006,0.12050995026255668,-2.199999999999932,33.0,0.07975172673736651,4.999999999999982,0.04016998342085223,0.0,0.026583908912455503,0.16666666666666607,0.05070111014207998,NORMAL
2023-08-09,3.774,3.399999999999981,5.240921975940366,0.745357026746245,0.736666666666667,1.103330139245409,44.20000000000002,0.8550644276834114,-0.057880156861096044,0.24845234224874835,0.367776713081803,0.44200000000000017,0.2894007843054802,0.3274061247883024,WARNING,77.60000000000002,0.11733430990083714,-3.1999999999999176,33.0,0.07972714878481722,4.999999999999982,0.03911143663361238,0.0,0.02657571626160574,0.16666666666666607,0.05038190757573807,NORMAL
2023-08-10,3.786,1.200000000000001,4.685641561419868,0.4378650963471301,0.8050000000000002,1.2107846685841857,48.30000000000001,0.8541922619671743,-0.05619410489180365,0.14595503211571004,0.4035948895280619,0.4830000000000001,0.28097052445901827,0.31889819411236175,WARNING,77.70000000000006,0.12043705559544345,-2.8999999999999915,35.00000000000001,0.15060651805951025,6.999999999999989,0.04014568519848115,0.0,0.05020217268650342,0.23333333333333298,0.06875080676351163,NORMAL
2023-08-11,3.824,3.799999999999981,4.71509055558516,0.45417276329774176,0.8416666666666666,1.2626073395616364,50.499999999999986,0.8514332209610204,-0.05924259793300313,0.15139092109924726,0.42086911318721215,0.5049999999999999,0.29621298966501564,0.33393720272329813,WARNING,77.69999999999997,0.12039968436314716,-2.900000000000034,34.00000000000003,0.11509695191081393,6.000000000000011,0.04013322812104905,0.0,0.038365650636937976,0.20000000000000034,0.05971309856370238,NORMAL
2023-08-14,3.889,6.499999999999995,4.82236838515114,0.513578904842921,0.8699999999999998,1.2984012487155014,52.19999999999998,0.8467290524152107,-0.06444028257942336,0.17119296828097366,0.43280041623850046,0.5219999999999998,0.3222014128971168,0.3540792420627415,WARNING,77.29999999999997,0.10779814587067815,-2.999999999999986,34.00000000000003,0.11506130381333388,6.000000000000011,0.03593271529022605,0.0,0.038353767937777956,0.20000000000000034,0.05845056817462348,NORMAL
2023-08-16,3.867,-2.1999999999999797,4.859997834090913,0.5344165781909667,0.7466666666666667,1.117942699372093,44.8,0.8483124357432271,-0.06269078590784682,0.1781388593969889,0.3726475664573643,0.44799999999999995,0.3134539295392341,0.3251388569865643,WARNING,77.60000000000002,0.11719084017860563,-2.5999999999999375,33.0,0.07954151700825653,4.999999999999982,0.03906361339286855,0.0,0.026513839002752174,0.16666666666666607,0.05035518515174421,NORMAL
2023-08-17,3.976,10.899999999999999,4.881487586036817,0.5463167373481206,0.9633333333333332,1.4020099605526342,57.79999999999998,0.8404528210260661,-0.07137495577641062,0.1821055791160402,0.4673366535175447,0.5779999999999998,0.3568747788820531,0.3882383580795382,WARNING,77.30000000000001,0.10772571650933652,-2.5,33.0,0.07951707949027385,4.999999999999982,0.03590857216977884,0.0,0.026505693163424618,0.16666666666666607,0.04940704361695179,NORMAL
2023-08-18,3.914,-6.199999999999983,5.203986326289732,0.7249035515027027,0.7350000000000007,1.0679575019183616,44.10000000000003,0.8448820073928733,-0.06648110179335254,0.24163451716756756,0.3559858339727872,0.4410000000000003,0.3324055089667627,0.3406862738147761,WARNING,77.20000000000002,0.10454856078395773,-2.5999999999999375,33.0,0.07949266448235923,4.999999999999982,0.034849520261319246,0.0,0.026497554827453074,0.16666666666666607,0.0490877003772196,NORMAL
2023-08-21,3.973,5.899999999999972,5.286554444507007,0.7706264500529362,0.7850000000000003,1.1332511679435582,47.10000000000001,0.840644924125798,-0.06915758168972874,0.2568754833509787,0.3777503893145194,0.4710000000000001,0.3457879084486437,0.35944033791255714,WARNING,76.79999999999998,0.09193688791560348,-2.900000000000034,33.0,0.07946827194997569,4.999999999999982,0.03064562930520116,0.0,0.02648942398332523,0.16666666666666607,0.04782490692155861,NORMAL
2023-08-22,3.986,1.3000000000000345,5.278865508102241,0.7663686267334172,0.6483333333333338,0.9578614502736945,38.90000000000002,0.839716011484639,-0.07018616256196164,0.25545620891113907,0.3192871500912315,0.3890000000000002,0.3509308128098082,0.33312099692439745,WARNING,76.69999999999999,0.08876281582143675,-2.6000000000000227,33.0,0.07944390185866079,4.999999999999982,0.02958760527381225,0.0,0.0264813006195536,0.16666666666666607,0.04750587503938761,NORMAL
2023-08-23,3.92,-6.600000000000028,5.552012437419708,0.9176263955689109,0.4683333333333336,0.6839632496548316,28.100000000000016,0.844426818309068,-0.06496990693393412,0.305875465189637,0.22798774988494386,0.28100000000000014,0.3248495346696706,0.29291245688278444,NORMAL,76.49999999999997,0.08244202181532671,-2.499999999999986,34.00000000000003,0.11495766631132334,6.000000000000011,0.027480673938442238,0.0,0.03831922210377445,0.20000000000000034,0.05590804660228763,NORMAL
2023-08-24,3.878,-4.1999999999999815,5.620451377265929,0.9555251241706677,0.37833333333333397,0.5491001646786094,22.70000000000003,0.8474414220504314,-0.06163184950168821,0.3185083747235559,0.18303338822620316,0.2270000000000003,0.30815924750844104,0.2689720515933283,NORMAL,76.50000000000001,0.08241675847020287,-2.100000000000037,34.00000000000003,0.11492221419498252,6.000000000000011,0.027472252823400958,0.0,0.03830740473166084,0.20000000000000034,0.055903156793352525,NORMAL
2023-08-25,3.935,5.699999999999994,5.657217095282613,0.9758844981190936,0.6716666666666669,1.014093110359517,40.300000000000004,0.8433355683605971,-0.06617824319085241,0.32529483270636456,0.33803103678650565,0.403,0.3308912159542621,0.34562166028027885,WARNING,76.50000000000001,0.08239151833589355,-2.199999999999932,34.00000000000003,0.11488679485828358,5.000000000000032,0.027463839445297848,0.0,0.03829559828609453,0.16666666666666774,0.04923160482414181,NORMAL
2023-08-28,3.872,-6.300000000000017,5.614792492767837,0.9523914618394894,0.5383333333333334,0.8008872740759307,32.3,0.8478516303291681,-0.0611776276831395,0.31746382061316314,0.2669624246919769,0.32299999999999995,0.3058881384156975,0.30384050442730703,WARNING,76.50000000000001,0.08236630137687985,-2.3000000000000114,34.00000000000003,0.1148514082507428,5.000000000000032,0.027455433792293284,0.0,0.0382838027502476,0.16666666666666774,0.049226724021071054,NORMAL
2023-08-29,3.844,-2.8000000000000025,5.632917819203001,0.9624285376464502,0.5816666666666663,0.8719856893546044,34.89999999999998,0.8498695172093516,-0.05894323043702532,0.32080951254881673,0.2906618964515348,0.34899999999999975,0.2947161521851266,0.3099807426741209,WARNING,76.29999999999998,0.07603992593994058,-2.299999999999983,34.00000000000003,0.11481605432198519,5.000000000000032,0.025346641979980194,0.0,0.038272018107328394,0.16666666666666774,0.04859172954879329,NORMAL
2023-08-30,3.85,0.6000000000000227,5.560885484203123,0.922539931527693,0.4816666666666671,0.7306642284800784,28.900000000000013,0.8494360837555748,-0.05942316938950243,0.307513310509231,0.2435547428266928,0.28900000000000015,0.29711584694751214,0.28685994944618964,NORMAL,76.40000000000002,0.07916824971148753,-2.399999999999963,34.00000000000003,0.11478073302174423,5.000000000000032,0.026389416570495844,0.0,0.03826024434058141,0.16666666666666774,0.048902207172598584,NORMAL
2023-08-31,3.821,-2.8999999999999915,5.426872706119148,0.8483290522068839,0.4983333333333341,0.7578655340408296,29.900000000000038,0.8515299437020322,-0.05710464750204769,0.28277635073562796,0.25262184468027654,0.2990000000000004,0.28552323751023845,0.28108893408727637,NORMAL,76.2,0.07283907817910418,-2.700000000000017,34.00000000000003,0.1147454442998616,5.000000000000032,0.024279692726368058,0.0,0.0382484814332872,0.16666666666666774,0.048266937437901405,NORMAL
2023-09-01,3.778,-4.300000000000015,5.275392227872223,0.7644452640236638,0.2433333333333333,0.38159999802351763,14.59999999999999,0.8546422856462631,-0.053658364988667606,0.25481508800788794,0.12719999934117254,0.1459999999999999,0.26829182494333803,0.21291974744714728,NORMAL,75.8,0.060203046587074455,-2.4000000000000483,35.00000000000001,0.15032289185093153,4.999999999999986,0.020067682195691484,0.0,0.05010763061697718,0.16666666666666619,0.04937516411543612,NORMAL
2023-09-04,3.856,7.799999999999985,5.575321562593112,0.9305340503466757,0.40499999999999997,0.6241799625245019,24.29999999999999,0.8489760072924284,-0.0599326100287928,0.31017801678222523,0.20805998750816732,0.2429999999999999,0.299663050143964,0.27211282091566413,NORMAL,76.00000000000003,0.066493559069372,-2.09999999999998,34.00000000000003,0.1146530194459546,3.0000000000000284,0.022164519689790666,0.0,0.038217673148651536,0.10000000000000095,0.0342928905366677,NORMAL
2023-09-05,3.886,3.000000000000025,5.422991988308953,0.8461800669742212,0.5166666666666669,0.7991974701757129,31.000000000000007,0.8468111184738326,-0.06232978187321947,0.2820600223247404,0.2663991567252376,0.31000000000000005,0.31164890936609735,0.2963513995564346,NORMAL,76.2,0.07278405717709023,-1.6999999999999886,33.0,0.0789836093585123,2.0,0.02426135239236341,0.0,0.026327869786170768,0.06666666666666667,0.02587731300827651,NORMAL
2023-09-06,3.893,0.6999999999999673,5.106165004446245,0.6707340430862727,0.525,0.8121071925807906,31.499999999999993,0.8463072658583407,-0.06288769565300478,0.2235780143620909,0.2707023975269302,0.31499999999999995,0.3144384782650239,0.2876314736838138,NORMAL,75.59999999999998,0.05382399487346292,-2.1000000000000796,32.00000000000003,0.04331439372210196,-0.9999999999999716,0.01794133162448764,0.0,0.014438131240700654,0.0,0.008270025735486422,NORMAL
2023-09-07,3.969,7.600000000000007,5.302817026925649,0.779632013243025,0.5566666666666669,0.8544139194891868,33.400000000000006,0.8408401209208958,-0.06894144113908651,0.259877337747675,0.2848046398297289,0.3340000000000001,0.34470720569543256,0.31361927779365384,WARNING,75.20000000000002,0.04117854999313244,-2.4000000000000057,31.0,0.007645215155850201,-2.0,0.013726183331044146,0.0,0.002548405051950067,0.0,0.004627536009703257,NORMAL
2023-09-08,3.895,-7.399999999999984,5.622649216386014,0.956742198960394,0.35000000000000003,0.5300236600069259,20.999999999999996,0.8461290052814882,-0.06308508280385139,0.31891406632013136,0.17667455333564197,0.20999999999999996,0.31542541401925694,0.26728788953885746,NORMAL,75.69999999999996,0.05695724751850626,-2.0000000000000995,31.0,0.007642903543779262,-4.000000000000007,0.01898574917283542,0.0,0.0025476345145930873,0.0,0.0062052516547692425,NORMAL
2023-09-11,3.961,6.599999999999984,5.741563605114802,1.0225921983233663,0.5066666666666665,0.7604873836882695,30.399999999999984,0.841382221561859,-0.06834117548932173,0.3408640661077888,0.2534957945627565,0.3039999999999998,0.34170587744660863,0.31635432311275247,WARNING,75.69999999999996,0.05693998142898745,-2.000000000000014,31.99999999999998,0.04331825925000062,-2.0000000000000497,0.018979993809662483,0.0,0.014439419750000208,0.0,0.008581882092898787,NORMAL
2023-09-12,3.965,0.40000000000000036,5.57603896384483,0.9309313182675188,0.5533333333333331,0.8328059190128881,33.19999999999999,0.841096151606528,-0.06865793948965548,0.3103104394225063,0.27760197300429607,0.3319999999999999,0.3432896974482774,0.32129836146467144,WARNING,75.80000000000004,0.060082869216382825,-1.499999999999929,31.0,0.0076167053318434525,-3.0000000000000284,0.020027623072127607,0.0,0.002538901777281151,0.0,0.006516067277094513,NORMAL
2023-09-13,3.949,-1.6000000000000014,5.563026438719727,0.9237255059149615,0.5116666666666666,0.7690097267198461,30.699999999999996,0.8422400423727129,-0.06739131428736134,0.3079085019716538,0.25633657557328204,0.30699999999999994,0.3369565714368067,0.30903164408370987,WARNING,76.39999999999998,0.07903119244150288,-1.2000000000000455,29.999999999999982,-0.028084858604757523,-3.0000000000000178,0.02634373081383429,0.0,0.0,0.0,0.007903119244150287,NORMAL
2023-09-14,3.917,-3.200000000000003,5.031738738929324,0.629519774659468,0.4933333333333331,0.7398203959167233,29.59999999999998,0.8445309352879667,-0.06485461866222286,0.2098399248864893,0.24660679863890778,0.2959999999999998,0.3242730933111143,0.28019858202952513,NORMAL,76.00000000000003,0.06635906361947115,-1.299999999999983,28.999999999999996,-0.06378636953011776,-4.0000000000000036,0.02211968787315705,0.0,0.0,0.0,0.006635906361947114,NORMAL
2023-09-15,3.928,1.100000000000012,4.842041761597333,0.5244732284003836,0.4683333333333337,0.7032476352730517,28.100000000000016,0.8437412988634725,-0.06572897959377366,0.17482440946679453,0.23441587842435055,0.28100000000000014,0.3286448979688683,0.26950601676577635,NORMAL,75.79999999999995,0.060012990754970456,-1.4000000000000625,27.0,-0.13520801519143213,-6.0,0.020004330251656818,0.0,0.0,0.0,0.006001299075497045,NORMAL
2023-09-18,3.982,5.400000000000027,4.811551341905173,0.5075888619349871,0.5316666666666675,0.7926141590840764,31.90000000000004,0.8398685263016892,-0.0700172835774382,0.16919628731166236,0.2642047196946921,0.3190000000000004,0.35008641788719097,0.2905147685561474,NORMAL,75.69999999999996,0.056830902010492276,-1.1000000000000227,26.999999999999957,-0.1351665386047105,-6.000000000000043,0.018943634003497425,0.0,0.0,0.0,0.005683090201049228,NORMAL
2023-09-19,3.952,-3.000000000000025,4.848450647806011,0.5280222114735872,0.568333333333333,0.852771999957534,34.09999999999997,0.8420101910437585,-0.06764582765056071,0.17600740382452906,0.284257333319178,0.34099999999999975,0.33822913825280354,0.2955446027298628,NORMAL,75.4,0.047319040512339546,-1.299999999999983,25.99999999999998,-0.17086633208956942,-7.000000000000021,0.01577301350411318,0.0,0.0,0.0,0.004731904051233954,NORMAL
2023-09-20,3.963,1.100000000000012,4.610888143696851,0.3964696642041988,0.5999999999999999,0.9007598595337893,35.999999999999986,0.8412229115151326,-0.06851757880170739,0.13215655473473295,0.3002532865112631,0.3599999999999999,0.34258789400853695,0.29551712585261397,NORMAL,75.49999999999994,0.05047062330474973,-1.0000000000000284,24.99999999999995,-0.2065647251127789,-9.000000000000078,0.016823541101583243,0.0,0.0,0.0,0.005047062330474973,NORMAL
2023-09-21,4.031,6.799999999999962,4.711494901889026,0.45218163509087744,0.6999999999999993,1.038464939235259,41.99999999999995,0.8363606430865751,-0.07390154719623354,0.15072721169695916,0.3461549797450863,0.4199999999999995,0.3695077359811677,0.3311795326808761,WARNING,75.89999999999999,0.06312261625913819,-0.6000000000000227,25.00000000000004,-0.20649995742262392,-8.99999999999999,0.021040872086379395,0.0,0.0,0.0,0.006312261625913819,NORMAL
2023-09-22,4.001,-2.999999999999936,4.6328461185209555,0.40862910633426125,0.6250000000000008,0.9235583844910432,37.50000000000004,0.8384933627264459,-0.0715399961415839,0.13620970211142042,0.3078527948303477,0.37500000000000044,0.35769998070791953,0.30689249167152155,WARNING,77.40000000000005,0.1106196669307481,0.9000000000000341,25.0,-0.206435250619274,-9.000000000000028,0.036873222310249365,0.045000000000001705,0.0,0.0,0.02456196669307532,NORMAL
2023-09-25,4.012,1.0999999999999233,4.363122976179229,0.2592672928375757,0.5616666666666663,0.8346930909077288,33.699999999999974,0.8377093714322967,-0.07240810624519145,0.08642243094585857,0.2782310303025763,0.33699999999999974,0.36204053122595725,0.2851469047400698,NORMAL,76.39999999999998,0.07889925306945252,-0.10000000000003695,25.0,-0.20637060460738293,-9.000000000000028,0.02629975102315084,0.0,0.0,0.0,0.007889925306945251,NORMAL
2023-09-26,4.054,4.20000000000007,4.348320910057359,0.25107050475233533,0.7450000000000002,1.1222911995093199,44.7,0.8347187489762834,-0.07571960930589616,0.08369016825077845,0.37409706650310665,0.447,0.3785980465294808,0.33239666556256936,WARNING,76.29999999999998,0.07570578785364572,0.0,25.0,-0.20630601929182046,-9.000000000000028,0.025235262617881907,0.0,0.0,0.0,0.007570578785364572,NORMAL
2023-09-27,4.03,-2.400000000000002,4.4158804331639185,0.2884822477809788,0.6783333333333335,1.018961974734975,40.7,0.836421575224195,-0.07383407730888014,0.09616074926032626,0.339653991578325,0.40700000000000003,0.3691703865444007,0.31623110278549055,WARNING,77.40000000000005,0.11055927043495006,1.0000000000000284,25.0,-0.20624149457766322,-9.000000000000028,0.03685309014498336,0.05000000000000142,0.0,0.0,0.02605592704349543,NORMAL
2023-10-04,4.351,32.09999999999997,8.170067319184088,2.367399750495765,1.1783333333333332,1.3913231920741667,70.69999999999999,0.8135998125442029,-0.09910451450950741,0.7891332501652549,0.46377439735805553,0.7069999999999999,0.49552257254753707,0.5901905585236769,HIGH,76.30000000000008,0.07563903871278609,0.10000000000007958,25.0,-0.20617703037019547,-9.000000000000028,0.02521301290426203,0.005000000000003979,0.0,0.0,0.009063903871279802,NORMAL
2023-10-05,4.322,-2.8999999999999915,8.11318614809768,2.3359012487597988,1.0150000000000001,1.2026669542793416,60.9,0.8156053360821243,-0.09688380713777345,0.7786337495865996,0.4008889847597805,0.609,0.48441903568886724,0.551472161144823,HIGH,77.4,0.11051334712421662,1.6000000000000085,25.99999999999998,-0.1702891317440518,-9.000000000000028,0.03683778237473887,0.08000000000000043,0.0,0.0,0.03505133471242179,NORMAL
2023-10-06,4.24,-8.199999999999985,8.370663056174216,2.4784815909208255,0.7983333333333337,0.9334777000814548,47.900000000000006,0.8212901052746167,-0.09058908727352366,0.8261605303069418,0.31115923336048495,0.47900000000000004,0.4529454363676183,0.5044421272805327,HIGH,78.10000000000005,0.13269356166886975,2.1000000000000227,27.99999999999998,-0.09856768139755606,-6.00000000000005,0.04423118722295658,0.10500000000000113,0.0,0.0,0.04476935616688731,NORMAL
2023-10-10,4.219,-2.0999999999999908,8.413602707896043,2.502259840708389,0.5933333333333339,0.7051007256639121,35.60000000000003,0.8227561081125317,-0.08896578879430705,0.834086613569463,0.23503357522130405,0.3560000000000003,0.4448289439715353,0.4629556153467676,WARNING,78.00000000000003,0.12947883500255924,1.8000000000000256,29.00000000000005,-0.06269237541856117,-3.9999999999999503,0.04315961166751975,0.09000000000000127,0.0,0.0,0.039947883500256305,NORMAL
2023-10-11,4.142,-7.699999999999996,8.670061919283528,2.6442766234293678,0.6400000000000007,0.7689498095282445,38.400000000000034,0.8281410468401282,-0.08300306988196582,0.8814255411431225,0.2563166031760815,0.38400000000000034,0.4150153494098291,0.47035456862777253,WARNING,78.20000000000005,0.13578996188008732,2.6000000000000654,30.00000000000002,-0.026817177336464697,-2.000000000000007,0.045263320626695774,0.13000000000000328,0.0,0.0,0.052578996188009715,NORMAL
2023-10-12,4.101,-4.100000000000037,8.613233392500407,2.612807273988384,0.5750000000000005,0.6878434357172394,34.50000000000002,0.8310271183883661,-0.07980733558050446,0.870935757996128,0.2292811452390798,0.3450000000000002,0.3990366779025223,0.4486580518080505,WARNING,78.70000000000003,0.1516295062073562,3.500000000000014,31.0,0.009058019097398685,0.0,0.050543168735785404,0.1750000000000007,0.003019339699132895,0.0,0.06826681856056242,NORMAL
2023-10-13,4.169,6.799999999999962,8.498365167861149,2.549197877344446,0.8533333333333328,1.0367695417397793,51.19999999999996,0.8262237816440813,-0.0851260491808492,0.849732625781482,0.3455898472465931,0.5119999999999996,0.42563024590424603,0.5117165929673133,HIGH,79.10000000000004,0.16429154260500803,3.4000000000000767,31.99999999999998,0.04493320941263945,0.9999999999999787,0.05476384753500268,0.17000000000000384,0.014977736470879818,0.033333333333332625,0.07709136822134444,NORMAL
2023-10-16,4.191,2.200000000000024,8.412365585068326,2.501574771909836,0.8433333333333332,1.0250435704334566,50.59999999999998,0.8246787431724069,-0.08683686346888098,0.8338582573032786,0.34168119014448556,0.5059999999999998,0.4341843173444049,0.5099816164273148,HIGH,79.60000000000002,0.18013119691238574,3.9000000000000625,34.00000000000003,0.11669660317504078,2.0000000000000497,0.06004373230412858,0.19500000000000312,0.038898867725013594,0.06666666666666833,0.09762622656957588,NORMAL
2023-10-17,4.224,3.3000000000000362,8.423743073504848,2.507875166793133,0.9400000000000003,1.1439008449139447,56.400000000000006,0.8223655192978082,-0.08939828606685085,0.8359583889310443,0.3813002816379816,0.5640000000000001,0.44699143033425426,0.5350483062475069,HIGH,79.59999999999998,0.18007570530699982,3.7999999999999403,35.999999999999986,0.18845824912302175,4.999999999999986,0.06002523510233327,0.189999999999997,0.06281941637434059,0.16666666666666619,0.12090478713890043,NORMAL
2023-10-18,4.287,6.299999999999972,8.465962810914617,2.531254757028247,1.0600000000000003,1.2833761497054446,63.60000000000001,0.8179617519419684,-0.09427455824496289,0.8437515856760823,0.42779204990181485,0.6360000000000001,0.47137279122481446,0.5700578436055053,HIGH,79.90000000000003,0.18955976300439895,3.500000000000057,38.00000000000003,0.26021595954681553,8.000000000000046,0.06318658766813298,0.17500000000000285,0.08673865318227185,0.2666666666666682,0.14213704027022878,NORMAL
2023-10-19,4.362,7.500000000000018,8.478758287937156,2.538340376882921,1.3116666666666668,1.600492793175938,78.69999999999999,0.8127472457733383,-0.1000485579361513,0.8461134589609737,0.5334975977253127,0.7869999999999999,0.5002427896807565,0.6334193272095598,HIGH,80.19999999999996,0.19904345505062704,4.199999999999932,39.99999999999999,0.33196666835758326,10.999999999999996,0.06634781835020902,0.20999999999999658,0.11065555611919442,0.36666666666666653,0.17836879006223388,NORMAL
2023-10-20,4.327,-3.500000000000014,8.572752122123227,2.5903903767815257,1.2016666666666669,1.460377834179736,72.10000000000001,0.815165168829514,-0.09737120239601138,0.8634634589271752,0.4867926113932453,0.7210000000000001,0.4868560119800569,0.6089936188561069,HIGH,80.49999999999997,0.20852674188326353,4.700000000000017,42.000000000000036,0.40370643396644973,15.000000000000036,0.06950891396108784,0.23500000000000085,0.1345688113221499,0.5000000000000012,0.21826643645275684,NORMAL
2023-10-23,4.374,4.699999999999971,8.559537616631296,2.5830727158363036,1.2299999999999995,1.4920261697629735,73.79999999999995,0.8119085839800401,-0.1009772044424393,0.8610242386121012,0.49734205658765784,0.7379999999999995,0.5048860222121965,0.6212276679248303,HIGH,80.60000000000001,0.211644511280099,4.900000000000048,43.999999999999986,0.47543044272640134,17.00000000000003,0.07054817042669967,0.2450000000000024,0.15847681424213378,0.5666666666666677,0.2396931473097709,NORMAL
2023-10-24,4.269,-10.499999999999954,8.9439350223607,2.7959365180473266,1.0483333333333333,1.2374332532018084,62.9,0.819154868092062,-0.09295342599208811,0.9319788393491089,0.41247775106726947,0.629,0.46476712996044056,0.580598170067452,HIGH,80.60000000000001,0.21157872769704877,5.200000000000003,47.00000000000002,0.5830691561622521,21.000000000000043,0.07052624256568292,0.2600000000000001,0.19435638538741737,0.7000000000000014,0.2780291498471887,NORMAL
2023-10-25,4.281,1.1999999999999567,8.94367756692136,2.795793949593688,0.9949999999999993,1.1771190167510848,59.69999999999995,0.8183193301266081,-0.09387861349757609,0.9319313165312293,0.3923730055836949,0.5969999999999995,0.46939306748788046,0.572018091418137,HIGH,80.60000000000001,0.21151300541864268,5.100000000000065,48.99999999999997,0.6547191730509108,24.00000000000002,0.07050433513954756,0.2550000000000033,0.2182397243503036,0.8000000000000007,0.3012992454119261,WARNING
2023-10-26,4.392,11.100000000000065,9.125353634099243,2.896398838840658,1.223333333333334,1.4232355134189267,73.40000000000005,0.8105984872468635,-0.1024278687792266,0.9654662796135526,0.4744118378063089,0.7340000000000004,0.512139343896133,0.6396313610424256,HIGH,80.19999999999996,0.19870627722770165,4.299999999999969,51.00000000000002,0.7263297685247743,25.999999999999982,0.06623542574256722,0.21499999999999844,0.2421099228415914,0.866666666666666,0.3061259456244212,WARNING
2023-10-27,4.28,-11.20000000000001,9.527935381370868,3.1193323970481774,1.0716666666666674,1.2142765937676165,64.30000000000003,0.8183153848454535,-0.0938829820900049,1.0,0.4047588645892055,0.6430000000000002,0.4694149104500245,0.597317737097851,HIGH,81.1,0.2273204531320468,3.699999999999946,52.0,0.7619471303016996,27.0,0.07577348437734893,0.1849999999999973,0.2539823767672332,0.9,0.30902852066665054,WARNING
2023-10-30,4.312,3.200000000000003,9.53608106641628,3.1238431493699563,0.9733333333333335,1.1151607166755662,58.400000000000006,0.8160895669986739,-0.09634762037872013,1.0,0.3717202388918554,0.5840000000000001,0.48173810189360067,0.5838392885358114,HIGH,81.59999999999998,0.243184696809193,5.200000000000003,52.99999999999998,0.797539306555356,27.99999999999998,0.08106156560306434,0.2600000000000001,0.265846435518452,0.9333333333333326,0.3421544234512763,WARNING
2023-10-31,4.325,1.29999999999999,9.514889993002926,3.112108386355258,0.9400000000000002,1.0780448037835542,56.400000000000006,0.8151877880271403,-0.09734615625820164,1.0,0.3593482679278514,0.5640000000000001,0.4867307812910082,0.5793619661019735,HIGH,82.30000000000004,0.26542363088284415,6.000000000000057,54.00000000000005,0.8331039585259825,29.00000000000005,0.08847454362761471,0.3000000000000028,0.27770131950866084,0.9666666666666683,0.3654159603233511,WARNING
2023-11-01,4.288,-3.699999999999992,9.546280620441156,3.129491251615787,0.9350000000000008,1.0717745593848673,56.10000000000004,0.8177515536204857,-0.09450730991963363,1.0,0.35725818646162244,0.5610000000000004,0.47253654959816815,0.5726662571315919,HIGH,82.90000000000006,0.2844719320336419,5.500000000000014,53.00000000000003,0.7967304843054709,28.00000000000003,0.0948239773445473,0.2750000000000007,0.26557682810182365,0.9333333333333342,0.350729225490396,WARNING
2023-11-02,4.168,-12.00000000000001,6.734145122160331,1.5722438675945956,0.6250000000000001,0.6998107967373868,37.5,0.8260926194674146,-0.08527128448081389,0.5240812891981985,0.23327026557912892,0.375,0.42635642240406946,0.39701287991709333,WARNING,83.19999999999999,0.29394963906233673,6.899999999999906,53.00000000000003,0.7963445532258088,28.00000000000003,0.0979832130207789,0.3449999999999953,0.2654481844086029,0.9333333333333342,0.37265126745461974,WARNING
2023-11-03,4.105,-6.299999999999972,6.829138421422379,1.6248473310001823,0.4066666666666672,0.4547830070957248,24.40000000000002,0.8305163454446627,-0.08037291220920861,0.5416157770000608,0.15159433569857492,0.2440000000000002,0.40186456104604307,0.3481878469581444,WARNING,83.99999999999999,0.3193785858664765,6.59999999999998,53.00000000000003,0.7959591825359683,27.00000000000005,0.10645952862215884,0.329999999999999,0.26531972751198946,0.9000000000000017,0.3640018040890456,WARNING
2023-11-06,4.056,-4.900000000000038,6.6865615426135045,1.545893997605415,0.30000000000000043,0.33394883038133216,18.000000000000014,0.8339754460234396,-0.07654266538856003,0.515297999201805,0.11131627679377738,0.18000000000000013,0.38271332694280014,0.31440818597623654,WARNING,84.40000000000003,0.33203945132016016,6.299999999999983,53.00000000000003,0.7955743708809384,25.00000000000005,0.11067981710672005,0.31499999999999917,0.2651914569603128,0.833333333333335,0.34740890319074536,WARNING
2023-11-07,4.055,-0.1000000000000334,6.6829397880368715,1.543888415782108,0.4016666666666663,0.4505005837534339,24.099999999999966,0.8340463339363517,-0.07646417151511797,0.5146294719273693,0.15016686125114462,0.24099999999999966,0.38232085757558987,0.33408760966593865,WARNING,84.39999999999999,0.33193042516230237,6.399999999999963,53.00000000000003,0.7951901169102911,23.99999999999998,0.11064347505410078,0.3199999999999982,0.26506337230343036,0.7999999999999993,0.3422057169769156,WARNING
2023-11-08,4.022,-3.2999999999999474,6.514841356068222,1.4508022740932471,0.47000000000000014,0.5316423300199582,28.200000000000003,0.8363858339030432,-0.07387365351621789,0.4836007580310824,0.17721411000665274,0.28200000000000003,0.3693682675810894,0.3363102806399828,WARNING,84.7,0.341400259166492,6.499999999999957,53.00000000000003,0.7948064192781613,23.000000000000007,0.11380008638883067,0.32499999999999785,0.2649354730927204,0.7666666666666669,0.337960453868526,WARNING
2023-11-09,3.945,-7.70000000000004,6.664643552674856,1.5337566974945813,0.2849999999999999,0.3191587135584279,17.09999999999998,0.8418599791859387,-0.06781215657848139,0.5112522324981937,0.1063862378528093,0.1709999999999998,0.33906078289240693,0.29335200722716337,NORMAL,84.80000000000003,0.3444813968662987,6.099999999999994,53.00000000000003,0.7944232766432265,22.00000000000003,0.11482713228876623,0.3049999999999997,0.2648077588810755,0.7333333333333343,0.3255763581295117,WARNING
2023-11-10,3.969,2.400000000000002,6.471069219387573,1.4265630276626857,0.3049999999999998,0.34133750139382946,18.299999999999983,0.8401425848283993,-0.06971381977906144,0.47552100922089524,0.11377916713127649,0.18299999999999983,0.3485690988953072,0.2938876748285572,NORMAL,84.90000000000002,0.3475621976966088,5.799999999999983,53.00000000000003,0.7940406876686884,21.00000000000005,0.1158540658988696,0.28999999999999915,0.26468022922289614,0.7000000000000016,0.31469226561424013,WARNING
2023-11-13,4.005,3.600000000000003,6.514930221381785,1.4508514841249687,0.3016666666666669,0.33768821073837235,18.100000000000005,0.8375717485188244,-0.07256049549053745,0.48361716137498956,0.11256273691279078,0.18100000000000005,0.36280247745268723,0.30055697063863096,WARNING,85.00000000000006,0.35064265503522374,5.400000000000034,53.00000000000003,0.7936586510222513,19.0,0.11688088501174125,0.2700000000000017,0.26455288367408375,0.6333333333333333,0.2956415089050063,NORMAL
2023-11-14,3.98,-2.499999999999991,6.445447189581512,1.4123745794484392,0.15166666666666714,0.17074429872418304,9.10000000000002,0.8393515884844269,-0.07058968654345488,0.4707915264828131,0.05691476624139435,0.09100000000000019,0.3529484327172744,0.2649206316317513,NORMAL,84.69999999999996,0.3409378598825719,5.09999999999998,53.00000000000003,0.7932771653761049,17.000000000000043,0.11364595329419064,0.254999999999999,0.264425721792035,0.5666666666666681,0.2768122636799975,NORMAL
2023-11-15,3.815,-16.500000000000004,7.034755821894904,1.7387099664211378,-0.0866666666666666,-0.09319417487672263,-5.200000000000005,0.851123494512921,-0.05755470689722675,0.5795699888070459,0.0,0.0,0.28777353448613374,0.2310234115558627,NORMAL,84.7,0.34082570577098165,4.799999999999969,53.00000000000003,0.7928962294069029,15.0,0.11360856859032721,0.23999999999999844,0.2642987431356343,0.5,0.25894231920422456,NORMAL
2023-11-16,3.799,-1.6000000000000014,6.647063063370249,1.5240213305479497,-0.29499999999999993,-0.3236807399738148,-17.700000000000003,0.8522810224654587,-0.05627298129860692,0.5080071101826499,0.0,0.0,0.2813649064930346,0.21414738463374383,NORMAL,84.00000000000003,0.3183281589944106,3.800000000000068,53.00000000000003,0.7925158417957449,13.000000000000036,0.1061093863314702,0.19000000000000342,0.2641719472652483,0.4333333333333345,0.22833387201915867,NORMAL
2023-11-17,3.796,-0.30000000000001137,6.668186449576512,1.5357186111133718,-0.19666666666666707,-0.21709977302489591,-11.800000000000033,0.8524983541261875,-0.05603233090883797,0.5119062037044573,0.0,0.0,0.28016165454418984,0.21444590255856738,NORMAL,82.29999999999995,0.26384460934764836,1.799999999999983,53.00000000000003,0.7921360012281569,10.999999999999993,0.08794820311588279,0.08999999999999915,0.26404533374271894,0.3666666666666664,0.17952686101664167,NORMAL
2023-11-20,3.755,-4.0999999999999925,6.443885310489075,1.411509673709601,-0.3633333333333332,-0.40272180856030737,-21.799999999999997,0.8554693108903172,-0.05274260358205529,0.470503224569867,0.0,0.0,0.26371301791027646,0.199585852078084,NORMAL,80.20000000000005,0.19656554501530604,-0.39999999999996305,53.00000000000003,0.7917567063940724,9.000000000000043,0.06552184833843534,0.0,0.26391890213135744,0.30000000000000143,0.13244033492780238,NORMAL
2023-11-21,3.726,-2.8999999999999915,6.203842188090936,1.2785834599352983,-0.43333333333333357,-0.4800294487433652,-26.00000000000002,0.8575780427416617,-0.050407614099885145,0.42619448664509946,0.0,0.0,0.2520380704994257,0.1860541255287902,NORMAL,79.19999999999999,0.16449775273349948,-1.40000000000002,53.00000000000003,0.7913779559878129,6.000000000000007,0.05483258424449983,0.0,0.26379265199593765,0.20000000000000023,0.10920830567253753,NORMAL
2023-11-22,3.762,3.600000000000003,6.305926619166757,1.335113706553678,-0.26333333333333303,-0.29290537313907156,-15.799999999999992,0.8549538539308723,-0.0533133668007395,0.44503790218455935,0.0,0.0,0.2665668340036975,0.19563431403839088,NORMAL,78.40000000000002,0.13883433880220614,-2.1999999999999886,53.00000000000003,0.7909997487080694,4.000000000000057,0.046278112934068714,0.0,0.2636665829026898,0.13333333333333522,0.09328341712742562,NORMAL
2023-11-23,3.712,-4.999999999999982,5.43284359002578,0.8516354872451604,-0.2766666666666664,-0.3073641403620439,-16.599999999999994,0.8585874078100786,-0.04928994860964253,0.2838784957483868,0.0,0.0,0.24644974304821265,0.15535559636896243,NORMAL,77.4,0.106766100055869,-2.7999999999999545,52.00000000000004,0.7546017486500861,1.0000000000000213,0.035588700018623,0.0,0.25153391621669535,0.03333333333333404,0.06765005991559278,NORMAL
2023-11-24,3.779,6.699999999999973,5.553327594192604,0.918354676423593,-0.26000000000000006,-0.28819901789499436,-15.600000000000014,0.8536977525226002,-0.05470424235231064,0.306118225474531,0.0,0.0,0.2735212117615532,0.17063212979952747,NORMAL,76.59999999999995,0.08110546688387966,-4.500000000000043,52.00000000000004,0.7542541338897366,4.263256414560601e-14,0.027035155627959887,0.0,0.2514180446299122,1.4210854715202005e-15,0.05839415561437069,NORMAL
2023-11-27,3.767,-1.200000000000001,5.4004751252966,0.8337111350739675,-0.17499999999999982,-0.19520455965004496,-10.499999999999998,0.8545685242301733,-0.05374004067950999,0.2779037116913225,0.0,0.0,0.26870020339754996,0.16306082369728447,NORMAL,75.90000000000003,0.05864956744572925,-5.699999999999946,52.00000000000004,0.753906999170517,-0.999999999999936,0.019549855815243083,0.0,0.25130233305683897,0.0,0.056125423355940715,NORMAL
2023-11-28,3.726,-4.0999999999999925,5.323085274735435,0.7908557526040116,-0.19666666666666632,-0.21904628424799744,-11.799999999999988,0.8575466955371154,-0.050442324721278076,0.2636185842013372,0.0,0.0,0.2522116236063904,0.1536083662828236,NORMAL,74.9,0.026577195603402652,-7.400000000000034,52.00000000000004,0.753560343388471,-2.000000000000007,0.008859065201134218,0.0,0.25118678112949033,0.0,0.05289507578623833,NORMAL
2023-11-29,3.641,-8.499999999999996,5.462915647199855,0.8682881813970221,-0.34833333333333333,-0.38350041943433394,-20.900000000000006,0.8637424704123711,-0.04358177051738932,0.2894293937990074,0.0,0.0,0.2179088525869466,0.1450494197945801,NORMAL,74.29999999999998,0.007330659497547483,-8.60000000000008,52.00000000000004,0.7532141654431923,-0.9999999999999858,0.002443553165849161,0.0,0.2510713884810641,0.0,0.05094734364596756,NORMAL
2023-11-30,3.699,5.799999999999983,5.40949214466181,0.8387043972502481,-0.20333333333333373,-0.22271939341769847,-12.200000000000033,0.8594842200332381,-0.048296912388738567,0.2795681324167494,0.0,0.0,0.24148456194369283,0.15250745126082701,NORMAL,73.59999999999998,-0.015123282782189943,-9.600000000000009,52.00000000000004,0.7528684642378121,-0.9999999999999858,0.0,0.0,0.25095615474593735,0.0,0.050191230949187475,NORMAL
2023-12-01,3.699,0.0,5.350169697259482,0.805854015009604,-0.13166666666666682,-0.14463842956985762,-7.900000000000018,0.8594842200332381,-0.048296912388738567,0.2686180050032013,0.0,0.0,0.24148456194369283,0.1503174257781174,NORMAL,72.2,-0.06003555909153418,-11.799999999999983,52.00000000000004,0.7525232386789831,-0.9999999999999858,0.0,0.0,0.250841079559661,0.0,0.050168215911932205,NORMAL
2023-12-04,3.626,-7.299999999999995,5.4440213464912635,0.8578252786068287,-0.38333333333333314,-0.422203598245939,-23.0,0.8648173196185444,-0.04239159473011067,0.2859417595356096,0.0,0.0,0.21195797365055336,0.14197154136734325,NORMAL,72.09999999999997,-0.0632272059297889,-12.300000000000068,52.00000000000004,0.7521784876768655,-0.9999999999999858,0.0,0.0,0.25072616255895513,0.0,0.05014523251179103,NORMAL
2023-12-05,3.579,-4.699999999999971,5.450021728590189,0.8611480485559977,-0.5116666666666664,-0.5629524550405884,-30.699999999999996,0.8682722648104204,-0.03856594915105749,0.2870493495186659,0.0,0.0,0.19282974575528744,0.13454176820584815,NORMAL,71.30000000000001,-0.08889023594262281,-13.09999999999998,52.00000000000004,0.7518342101451128,-0.9999999999999858,0.0,0.0,0.25061140338170423,0.0,0.05012228067634085,NORMAL
2023-12-06,3.533,-4.600000000000026,5.469289860571234,0.8718179640493304,-0.5999999999999996,-0.6584779962511831,-35.999999999999986,0.8716672093658292,-0.0348067420122381,0.2906059880164435,0.0,0.0,0.1740337100611905,0.1277346816277649,NORMAL,70.69999999999999,-0.10813078403469012,-14.000000000000014,52.00000000000004,0.7514904050008564,-0.9999999999999858,0.0,0.0,0.25049680166695215,0.0,0.050099360333390436,NORMAL
2023-12-07,3.576,4.300000000000015,5.520438102370607,0.9001418004320546,-0.6549999999999995,-0.724206654314549,-39.29999999999998,0.8684812657155971,-0.03833452337018328,0.3000472668106849,0.0,0.0,0.1916726168509164,0.13667850010250354,NORMAL,70.00000000000001,-0.1305830986847979,-14.800000000000011,52.00000000000004,0.751147071164693,-0.9999999999999858,0.0,0.0,0.2503823570548977,0.0,0.05007647141097954,NORMAL
2023-12-08,3.534,-4.200000000000026,5.450144855631669,0.8612162313527959,-0.6016666666666669,-0.6690729450645675,-36.10000000000002,0.8715817438342018,-0.03490137761861478,0.28707207711759863,0.0,0.0,0.1745068880930739,0.12721717066074928,NORMAL,70.6,-0.11126659983904234,-14.300000000000026,52.00000000000004,0.7508042075606683,-0.9999999999999858,0.0,0.0,0.25026806918688943,0.0,0.050053613837377886,NORMAL
2023-12-11,3.566,3.200000000000003,5.428528442647372,0.8492459324136808,-0.6583333333333332,-0.736944407034557,-39.5,0.8692110414909727,-0.03752644587149223,0.28308197747122693,0.0,0.0,0.18763222935746116,0.13166928723722984,NORMAL,71.59999999999998,-0.07909473817214337,-13.400000000000077,52.00000000000004,0.7504618131162644,-0.9999999999999858,0.0,0.0,0.25015393770542144,0.0,0.05003078754108429,NORMAL
2023-12-12,3.527,-3.89999999999997,5.441678823768687,0.8565280838649775,-0.7299999999999993,-0.8158586341655161,-43.79999999999997,0.8720924760935153,-0.034335846039556306,0.2855093612883258,0.0,0.0,0.17167923019778153,0.12577356433677778,NORMAL,72.50000000000001,-0.05013790726234246,-12.199999999999946,52.00000000000004,0.7501198867623851,-0.9999999999999858,0.0,0.0,0.25003996225412833,0.0,0.05000799245082567,NORMAL
2023-12-13,3.525,-0.20000000000002238,4.297918712953725,0.22315979787617696,-0.7066666666666663,-0.7898518450966173,-42.39999999999999,0.8722407318144512,-0.034171683133383035,0.07438659929205899,0.0,0.0,0.17085841566691518,0.08322068612517787,NORMAL,72.10000000000001,-0.06298641950691608,-12.599999999999994,52.00000000000004,0.7497784274333422,-0.9999999999999858,0.0,0.0,0.24992614247778075,0.0,0.04998522849555615,NORMAL
2023-12-14,3.332,-19.300000000000004,5.866521878197365,1.0917890574322495,-0.9749999999999998,-1.0305269314307404,-58.5,0.8865498410198672,-0.018327269595186158,0.36392968581074986,0.0,0.0,0.09163634797593079,0.10944047635252228,NORMAL,72.2,-0.05975129162893456,-11.800000000000026,51.99999999999996,0.7494374340668379,-1.000000000000071,0.0,0.0,0.24981247802227932,0.0,0.04996249560445587,NORMAL
2023-12-15,3.358,2.6000000000000245,5.954644361646139,1.1405877397531927,-0.9499999999999995,-1.0027690218596044,-56.999999999999986,0.8845905658712133,-0.0204967663293808,0.3801959132510642,0.0,0.0,0.102483831646904,0.11703271530897445,NORMAL,72.89999999999996,-0.03721022831245213,-9.399999999999991,50.99999999999998,0.7130009901247517,-2.0000000000000497,0.0,0.0,0.23766699670825056,0.0,0.047533399341650115,NORMAL
2023-12-18,3.336,-2.200000000000024,5.937700689129096,1.131205016296586,-1.076666666666667,-1.1436431257255333,-64.60000000000004,0.8862447502293925,-0.018665095282416666,0.3770683387655287,0.0,0.0,0.09332547641208333,0.11274385831793908,NORMAL,72.79999999999998,-0.040417993839641925,-7.4000000000000625,50.0,0.6765855186104487,-3.0000000000000284,0.0,0.0,0.2255285062034829,0.0,0.04510570124069658,NORMAL
2023-12-19,3.328,-0.8000000000000007,5.94128286696258,1.1331886821134365,-1.04,-1.10534806429138,-62.40000000000001,0.8868473966595485,-0.01799778754720882,0.37772956070447883,0.0,0.0,0.0899889377360441,0.11154148723531342,NORMAL,72.60000000000004,-0.04684529842934147,-6.599999999999952,49.00000000000002,0.6401888783140717,-4.000000000000007,0.0,0.0,0.21339629277135722,0.0,0.042679258554271446,NORMAL
2023-12-20,3.28,-4.800000000000004,5.821005519938788,1.0665839313379795,-1.1383333333333334,-1.2081308304249336,-68.30000000000003,0.8904657340379195,-0.013991218520401305,0.3555279771126598,0.0,0.0,0.06995609260200653,0.09908803246333457,NORMAL,74.29999999999998,0.007916376162178593,-4.100000000000037,49.00000000000002,0.6399267297802104,-4.000000000000007,0.0026387920540595308,0.0,0.2133089099267368,0.0,0.04345341960156522,NORMAL
2023-12-21,3.297,1.7000000000000348,5.856788683588515,1.086399206249023,-1.2233333333333323,-1.3099384245409407,-73.39999999999995,0.8891790110522347,-0.015416001209639374,0.3621330687496744,0.0,0.0,0.07708000604819687,0.10325861616921363,NORMAL,73.89999999999999,-0.004971568712792491,-3.500000000000014,49.00000000000002,0.639664903072816,-3.0000000000000213,0.0,0.0,0.21322163435760533,0.0,0.04264432687152107,NORMAL
2023-12-22,3.301,0.40000000000000036,5.519715858438251,0.8997418508297066,-1.1666666666666667,-1.249404557089035,-70.00000000000001,0.8888766901884769,-0.01575075976922813,0.29991395027656886,0.0,0.0,0.07875379884614064,0.09148430959377003,NORMAL,73.8,-0.008192475143393012,-2.7999999999999545,49.00000000000002,0.6394033975338749,-3.0000000000000213,0.0,0.0,0.21313446584462495,0.0,0.04262689316892499,NORMAL
2023-12-26,3.271,-3.000000000000025,5.513963136772334,0.8965562252541512,-1.2349999999999992,-1.3230248452425544,-74.09999999999997,0.8911433257484576,-0.013240924206639582,0.29885207508471706,0.0,0.0,0.06620462103319791,0.08625226343022258,NORMAL,74.10000000000001,0.001479755420411787,-1.8000000000000256,49.00000000000002,0.6391422125072562,-3.0000000000000213,0.000493251806803929,0.0,0.2130474041690854,0.0,0.04275745637585826,NORMAL
2023-12-27,3.26,-1.100000000000012,5.508376396572385,0.893462513529771,-1.323333333333334,-1.42459614982166,-79.40000000000005,0.8919765447580322,-0.012318304470772978,0.297820837843257,0.0,0.0,0.06159152235386489,0.08420077651019736,NORMAL,73.8,-0.008193337690900061,-1.1000000000000085,49.00000000000002,0.6388813473387038,-3.0000000000000213,0.0,0.0,0.21296044911290127,0.0,0.042592089822580254,NORMAL
2023-12-28,3.183,-7.699999999999996,5.463939199785019,0.8688549835964994,-1.4116666666666673,-1.5100710137622249,-84.70000000000005,0.8978145312434735,-0.005853927773534218,0.2896183278654998,0.0,0.0,0.02926963886767109,0.0696315211201684,NORMAL,74.40000000000002,0.011159979371163446,0.10000000000003695,49.00000000000002,0.6386208013758302,-3.0000000000000213,0.0037199931237211488,0.005000000000001848,0.21287360045861006,0.0,0.045190718028838915,NORMAL
2023-12-29,3.183,0.0,5.157273861664757,0.6990360698742767,-1.9466666666666668,-2.619207704610094,-116.80000000000001,0.8978145312434735,-0.005853927773534218,0.23301202329142556,0.0,0.0,0.02926963886767109,0.05831026020535355,NORMAL,74.40000000000002,0.011156749342791102,0.8000000000000398,49.00000000000002,0.6383605739681093,-3.0000000000000213,0.0037189164475970337,0.04000000000000199,0.21278685798936978,0.0,0.05567304653215366,NORMAL
2024-01-02,3.306,12.300000000000022,6.123919883280816,1.2343257062934168,-1.693333333333333,-2.170979819556654,-101.6,0.8884278803193231,-0.01624772495866189,0.41144190209780557,0.0,0.0,0.08123862479330946,0.1147838303368849,NORMAL,73.99999999999997,-0.0017545916629785846,1.7999999999999687,47.99999999999995,0.6019393948993423,-4.000000000000092,0.0,0.08999999999999844,0.20064646496644745,0.0,0.06712929299328901,NORMAL
2024-01-03,3.338,3.200000000000003,6.092480265825545,1.2169157123344558,-1.5033333333333334,-1.936651061326939,-90.20000000000002,0.8860113564848545,-0.018923531146774253,0.40563857077815196,0.0,0.0,0.09461765573387126,0.1189747764491789,NORMAL,73.90000000000003,-0.004982048223078092,1.8000000000000682,46.99999999999997,0.5655329826626662,-5.000000000000071,0.0,0.09000000000000341,0.1885109942208887,0.0,0.06470219884417877,NORMAL
2024-01-04,3.288,-5.000000000000027,6.101291925313423,1.2217952544812596,-1.5516666666666672,-1.9934421675452163,-93.10000000000005,0.8897769047499152,-0.014753956154147985,0.4072650848270865,0.0,0.0,0.07376978077073992,0.11096092927371327,NORMAL,75.0,0.03053726867979985,3.6999999999999886,47.00000000000002,0.5653173214278627,-5.000000000000021,0.010179089559933284,0.18499999999999944,0.1884391071426209,0.0,0.096241548296504,NORMAL
2024-01-05,3.344,5.600000000000005,6.2490820378508,1.3036354667589845,-1.3300000000000005,-1.7045386891584269,-79.80000000000005,0.8855415666833056,-0.019443727322854265,0.43454515558632817,0.0,0.0,0.09721863661427133,0.12579648576297417,NORMAL,74.9,0.027298613385610855,4.200000000000017,48.0,0.6012855228770558,-4.000000000000043,0.009099537795203618,0.21000000000000085,0.2004285076256853,0.0,0.10581556286369839,NORMAL
2024-01-08,3.344,0.0,6.132004051222614,1.2388023929207321,-1.2616666666666665,-1.6192869853368732,-75.70000000000002,0.8855415666833056,-0.019443727322854265,0.4129341309735774,0.0,0.0,0.09721863661427133,0.12147428084042401,NORMAL,74.79999999999998,0.02405996585401218,4.799999999999969,48.0,0.6010492512107828,-4.000000000000043,0.00801998861800406,0.23999999999999844,0.20034975040359426,0.0,0.1144759466661196,NORMAL
2024-01-09,3.323,-2.0999999999999908,6.095077824294825,1.2183541356016143,-1.4099999999999993,-1.8379380550640614,-84.59999999999997,0.8871222583798353,-0.017693434376125583,0.4061180452005381,0.0,0.0,0.08846717188062792,0.1166104777923588,NORMAL,74.89999999999996,0.027284721154675583,4.299999999999969,49.00000000000002,0.6370089074107882,-3.0000000000000213,0.009094907051558528,0.21499999999999844,0.21233630247026272,0.0,0.10969573260951965,NORMAL
2024-01-10,3.346,2.300000000000013,6.065259138821082,1.201841748493196,-1.4083333333333328,-1.8354432180860292,-84.49999999999997,0.8853879343647026,-0.01961384371192032,0.4006139161643987,0.0,0.0,0.0980692185596016,0.11935047065672039,NORMAL,74.80000000000003,0.024044219926123645,3.2000000000000455,49.00000000000002,0.6367507620568071,-3.0000000000000213,0.008014739975374548,0.16000000000000228,0.2122502540189357,0.0,0.09285447279640019,NORMAL
2024-01-11,3.307,-3.9000000000000146,6.065259138821082,1.201841748493196,-1.5283333333333335,-1.999924357958292,-91.70000000000003,0.8883229953671216,-0.016363863603825468,0.4006139161643987,0.0,0.0,0.08181931801912734,0.11285051044053068,NORMAL,74.9,0.027270854029588096,2.3999999999999915,50.00000000000004,0.672699601442235,-2.0,0.009090284676529366,0.11999999999999958,0.224233200480745,0.0,0.08357372549910769,NORMAL
2024-01-12,3.306,-0.09999999999998899,6.06608128079926,1.2022970176100627,-1.6349999999999996,-2.171204064160045,-98.1,0.8883985028217277,-0.016280254532231808,0.40076567253668754,0.0,0.0,0.08140127266115904,0.11271364357180114,NORMAL,74.89999999999996,0.027262997074812154,2.7999999999999545,51.00000000000002,0.7086291370943515,-1.0000000000000213,0.009087665691604052,0.13999999999999774,0.23620971236478383,0.0,0.09196824218043731,NORMAL
2024-01-15,3.293,-1.29999999999999,4.30158783413019,0.22519160941484603,-1.7816666666666665,-2.417476033600644,-106.89999999999999,0.8893801831673457,-0.015193244213489998,0.07506386980494868,0.0,0.0,0.07596622106744999,0.045399262387969735,NORMAL,74.80000000000003,0.024019717596555933,2.6000000000000227,54.0,0.8169611661100512,2.0000000000000426,0.008006572532185311,0.13000000000000114,0.2723203887033504,0.06666666666666808,0.10919938283365963,NORMAL
2024-01-16,3.322,2.8999999999999915,4.31235678633292,0.23115502143983635,-1.6749999999999998,-2.262015434744179,-100.49999999999999,0.8871878610158382,-0.017620792866503643,0.07705167381327878,0.0,0.0,0.08810396433251821,0.05065192049566304,NORMAL,74.70000000000003,0.020776444422468805,1.8000000000000682,56.00000000000001,0.8889928309397586,5.000000000000028,0.006925481474156268,0.09000000000000341,0.2963309436465862,0.1666666666666676,0.12167716650489867,NORMAL
2024-01-17,3.369,4.700000000000015,4.416985754776072,0.2890943303744672,-1.6749999999999992,-2.2620154347441783,-100.49999999999994,0.88364354551108,-0.021545397799001886,0.09636477679148907,0.0,0.0,0.10772698899500943,0.06236375095630159,NORMAL,74.80000000000003,0.024007764889192013,2.0000000000000426,57.00000000000003,0.9247463162616861,7.000000000000028,0.008002588296397337,0.10000000000000213,0.30824877208722873,0.23333333333333428,0.14071719757303244,NORMAL
2024-01-18,3.38,1.0999999999999677,4.415570535943769,0.28831063918114846,-1.481666666666667,-2.039333147541489,-88.90000000000002,0.8828173387960272,-0.02246025285205977,0.09610354639371615,0.0,0.0,0.11230126426029885,0.06414121498286277,NORMAL,74.89999999999996,0.027239090542666326,2.299999999999926,59.00000000000003,0.9966721721756042,10.000000000000007,0.009079696847555442,0.1149999999999963,0.33222405739186806,0.3333333333333336,0.17033538719930585,NORMAL
2024-01-19,3.422,4.200000000000026,4.330540260448854,0.24122429709058846,-1.4316666666666655,-1.9574946684380663,-85.89999999999995,0.8796656808965253,-0.02595006974937808,0.08040809903019615,0.0,0.0,0.1297503487468904,0.06798175930479539,NORMAL,75.1,0.03370957723131678,0.8000000000000114,60.00000000000001,1.0323078944830624,10.999999999999986,0.011236525743772261,0.04000000000000057,0.3441026314943541,0.3666666666666662,0.1575248173553359,NORMAL
2024-01-22,3.372,-5.000000000000027,4.505537528536706,0.3381307363810362,-1.7000000000000004,-2.4213513617437212,-102.00000000000004,0.8834042600403356,-0.021810357545812842,0.1127102454603454,0.0,0.0,0.10905178772906421,0.06616276418369477,NORMAL,75.20000000000002,0.036939980626069235,1.3000000000000256,60.00000000000001,1.0316960221207225,10.999999999999986,0.012313326875356412,0.06500000000000128,0.3438986740402408,0.3666666666666662,0.16530706620398872,NORMAL
2024-01-23,3.372,0.0,4.506308443668021,0.33855763813320155,-1.5133333333333339,-2.212943941011533,-90.80000000000004,0.8834042600403356,-0.021810357545812842,0.11285254604440052,0.0,0.0,0.10905178772906421,0.0661912243005058,NORMAL,75.50000000000003,0.04665241767475168,1.7000000000000313,60.00000000000001,1.0310852366896741,10.999999999999986,0.015550805891583893,0.08500000000000156,0.34369507889655804,0.3666666666666662,0.17223759088012047,NORMAL
2024-01-24,3.4,2.8000000000000025,4.465478697743391,0.3159477692025435,-1.5200000000000005,-2.2251222075913617,-91.20000000000003,0.8813017579014395,-0.024138448894853948,0.10531592306751451,0.0,0.0,0.12069224447426974,0.0693400824032108,NORMAL,75.10000000000004,0.033671242945488025,1.0000000000000284,60.00000000000001,1.0304755349754455,10.999999999999986,0.011223747648496008,0.05000000000000142,0.3434918449918152,0.3666666666666662,0.1603988266262455,NORMAL
2024-01-25,3.419,1.9000000000000128,4.454149455105998,0.3096740908997709,-1.5100000000000002,-2.2079864814803964,-90.60000000000001,0.8798784555624286,-0.025714465299888745,0.1032246969665903,0.0,0.0,0.12857232649944372,0.07207386999309555,NORMAL,74.79999999999998,0.023932959830091128,0.9999999999999858,60.00000000000001,1.0298669137768581,10.999999999999986,0.007977653276697043,0.04999999999999929,0.3432889712589527,0.3666666666666662,0.15938442356813268,NORMAL
2024-01-26,3.386,-3.299999999999992,4.107666132079333,0.11780558075148703,-1.5033333333333334,-2.1992976071137424,-90.20000000000002,0.8823465146302811,-0.022981594375055092,0.039268526917162344,0.0,0.0,0.11490797187527546,0.05381689413354265,NORMAL,74.69999999999999,0.02068229799225455,0.29999999999996874,60.00000000000001,1.0292593699059556,10.999999999999986,0.006894099330751517,0.014999999999998436,0.3430864566353185,0.3666666666666662,0.14851885445962193,NORMAL
2024-01-29,3.436,4.999999999999982,4.193889665491427,0.165552701019743,-1.22,-1.8253635864335476,-73.20000000000002,0.8785965419431024,-0.02713392259896108,0.05518423367324767,0.0,0.0,0.1356696129948054,0.0653046919325717,NORMAL,74.70000000000003,0.02067637862787596,0.30000000000001137,60.00000000000001,1.0286529001879354,10.999999999999986,0.006892126209291986,0.015000000000000568,0.34288430006264514,0.3666666666666662,0.14847783120865005,NORMAL
2024-01-30,3.35,-8.599999999999985,3.892584042293211,-0.0012982184338688333,-1.2583333333333335,-1.865937510281394,-75.50000000000003,0.8850190826647064,-0.02002227157315961,0.0,0.0,0.0,0.10011135786579806,0.04004454314631922,NORMAL,74.10000000000005,0.0011964570070336366,0.10000000000007958,60.00000000000001,1.0280475014610777,12.000000000000057,0.00039881900234454553,0.005000000000003979,0.3426825004870259,0.4000000000000019,0.15015614579811012,NORMAL
2024-01-31,3.345,-0.49999999999998934,3.830937084757251,-0.0354358207700392,-1.1849999999999996,-1.764337223506149,-71.09999999999998,0.8853952157748388,-0.01960578103857835,0.0,0.0,0.0,0.09802890519289176,0.0392115620771567,NORMAL,74.09999999999997,0.001196115113056365,0.1999999999999318,60.00000000000001,1.027443170576677,13.000000000000036,0.00039870503768545503,0.00999999999999659,0.3424810568588923,0.4333333333333345,0.15828248954975,NORMAL
2024-02-01,3.339,-0.6000000000000227,3.6485721792734718,-0.13642216092879056,-1.1933333333333327,-1.7772116806426155,-71.59999999999998,0.885846767334884,-0.01910577998690799,0.0,0.0,0.0,0.09552889993453995,0.03821155997381598,NORMAL,73.40000000000005,-0.021536917905707404,-1.5999999999999517,60.00000000000001,1.026839904398972,12.999999999999986,0.0,0.0,0.34227996813299066,0.43333333333333285,0.1551226602932647,NORMAL
2024-02-02,3.287,-5.200000000000005,3.614921561353275,-0.15505651790019506,-1.2250000000000005,-1.81780390700652,-73.50000000000003,0.8897622100465042,-0.014770227534450009,0.0,0.0,0.0,0.07385113767225004,0.029540455068900018,NORMAL,73.4,-0.02153076779836574,-1.5,60.00000000000001,1.0262376998050795,12.000000000000007,0.0,0.0,0.3420792332683598,0.40000000000000024,0.14841584665367202,NORMAL
2024-02-05,3.374,8.700000000000019,4.136805276386213,0.13394166532929122,-0.951666666666666,-1.3898579171863512,-57.09999999999997,0.8831824185032103,-0.02205600170183275,0.04464722177643041,0.0,0.0,0.11028000850916375,0.05304144775895158,NORMAL,73.49999999999999,-0.018275238788701596,-1.2999999999999972,61.00000000000003,1.061834211501551,13.000000000000028,0.0,0.0,0.3539447371671837,0.4333333333333343,0.1574556141001036,NORMAL
2024-02-06,3.382,0.8000000000000007,4.104487274858292,0.11604525764661915,-0.9783333333333328,-1.4323493384372192,-58.699999999999974,0.8825818544586281,-0.02272100362067553,0.03868175254887305,0.0,0.0,0.11360501810337764,0.05317835775112567,NORMAL,73.59999999999998,-0.01501971373734455,-1.299999999999983,61.00000000000003,1.0611900719083178,12.000000000000007,0.0,0.0,0.35373002396943926,0.40000000000000024,0.15074600479388792,NORMAL
2024-02-07,3.378,-0.40000000000000036,4.07939624015742,0.10215085313652175,-1.0449999999999995,-1.5397246780733016,-62.699999999999974,0.882881932289144,-0.022388728761906673,0.034050284378840584,0.0,0.0,0.11194364380953337,0.051587514399581466,NORMAL,73.30000000000001,-0.024769155890367107,-1.5000000000000142,61.00000000000003,1.0605471033777747,12.000000000000007,0.0,0.0,0.3535157011259249,0.40000000000000024,0.15070314022518505,NORMAL
2024-02-08,3.4,2.1999999999999797,3.9868566961692307,0.050906180579946614,-0.9666666666666666,-1.4208061598752089,-58.00000000000001,0.8812309430757633,-0.02421686183912186,0.016968726859982203,0.0,0.0,0.12108430919560931,0.05182746905024016,NORMAL,72.89999999999996,-0.03777076585850146,-2.0000000000000426,61.00000000000003,1.059905302365601,10.999999999999986,0.0,0.0,0.35330176745520037,0.3666666666666662,0.1439936868243733,NORMAL
2024-02-13,3.453,5.299999999999994,4.126968429858967,0.12849441588809704,-0.6033333333333334,-0.949697927718178,-36.20000000000001,0.877260997677207,-0.022892850194571768,0.042831471962699014,0.0,0.0,0.11446425097285884,0.05435199478168334,NORMAL,72.09999999999997,-0.06378471320494372,-2.799999999999997,61.00000000000003,1.059264665342478,10.000000000000007,0.0,0.0,0.353088221780826,0.3333333333333336,0.13728431102283192,NORMAL
2024-02-14,3.502,4.899999999999993,4.19830479573538,0.16799762233548765,-0.4950000000000001,-0.7714913852599206,-29.700000000000017,0.8736072056218814,-0.026962501473511424,0.05599920744516255,0.0,0.0,0.13481250736755712,0.06512484443605536,NORMAL,71.60000000000002,-0.08003652526837639,-3.200000000000003,60.00000000000001,1.0224336755784151,6.000000000000007,0.0,0.0,0.34081122519280505,0.20000000000000023,0.10816224503856106,NORMAL
2024-02-15,3.477,-2.499999999999991,4.246097279298145,0.1944631749553706,-0.5316666666666664,-0.827531950474534,-31.899999999999995,0.8754636209338279,-0.024894796789142637,0.06482105831845687,0.0,0.0,0.12447398394571318,0.06275380524197666,NORMAL,71.20000000000002,-0.09303330987612109,-3.500000000000014,60.00000000000001,1.0218390660929975,4.0,0.0,0.0,0.34061302203099914,0.13333333333333333,0.0947892710728665,NORMAL
2024-02-16,3.482,0.5000000000000338,4.144403328269145,0.13814916046086856,-0.4549999999999993,-0.7111325999441735,-27.29999999999997,0.875091548894931,-0.025309216500507326,0.04604972015362285,0.0,0.0,0.12654608250253663,0.059828377031739224,NORMAL,71.00000000000004,-0.09951831792834018,-3.799999999999983,60.00000000000001,1.021245493006991,2.9999999999999787,0.0,0.0,0.34041516433566366,0.09999999999999928,0.0880830328671326,NORMAL
2024-02-19,3.467,-1.5000000000000124,4.16745220665298,0.1509127010476549,-0.4316666666666664,-0.6758121176464917,-25.89999999999999,0.876207290619772,-0.024066485751545463,0.05030423368255163,0.0,0.0,0.12033242875772732,0.05819381823960125,NORMAL,70.50000000000006,-0.11577351064686839,-4.399999999999906,59.00000000000003,0.9844603516886112,0.0,0.0,0.0,0.32815345056287043,0.0,0.0656306901125741,NORMAL
2024-02-20,3.489,2.1999999999999797,4.095732695842028,0.11119732436615726,-0.45500000000000007,-0.7146623836428574,-27.30000000000001,0.874568782986313,-0.025891481423190088,0.037065774788719086,0.0,0.0,0.12945740711595044,0.059196117804123996,NORMAL,70.00000000000006,-0.13202846443539268,-5.0999999999999375,59.00000000000003,0.9839100905053365,-0.9999999999999787,0.0,0.0,0.3279700301684455,0.0,0.0655940060336891,NORMAL
2024-02-21,3.474,-1.499999999999968,3.9270854332443434,0.01780726237834278,-0.3966666666666665,-0.627375762586114,-23.799999999999997,0.8756838581846205,-0.024649493062004812,0.00593575412611426,0.0,0.0,0.12324746531002406,0.05048613694923248,NORMAL,68.79999999999997,-0.1710928322846245,-6.400000000000048,58.00000000000001,0.947165203020313,-2.0,0.0,0.0,0.31572173434010437,0.0,0.06314434686802088,NORMAL
2024-02-22,3.424,-5.000000000000027,4.115874275610409,0.1223509200671965,-0.5916666666666666,-0.9463678683298259,-35.5,0.8794055145819052,-0.020504253407518158,0.040783640022398836,0.0,0.0,0.10252126703759079,0.04916523481951608,NORMAL,68.09999999999997,-0.19385877780845923,-7.4000000000000625,58.00000000000001,0.9466557300806536,-2.0,0.0,0.0,0.31555191002688454,0.0,0.06311038200537691,NORMAL
2024-02-23,3.468,4.400000000000004,4.182847179412096,0.15943781695009504,-0.4983333333333331,-0.7902508957687655,-29.89999999999999,0.8761165379573689,-0.024167567499774112,0.05314593898336501,0.0,0.0,0.12083783749887056,0.05896432279622123,NORMAL,67.09999999999998,-0.2264044937905242,-8.000000000000057,58.00000000000001,0.9461470785370272,-2.0,0.0,0.0,0.3153823595123424,0.0,0.06307647190246848,NORMAL
2024-02-26,3.402,-6.599999999999984,4.4399235413046805,0.301796352765902,-0.5399999999999996,-0.8490719734930421,-32.399999999999984,0.8810315517353097,-0.018693147553447864,0.10059878425530067,0.0,0.0,0.09346573776723932,0.05750605195795586,NORMAL,66.5,-0.24590379622797023,-8.299999999999983,58.00000000000001,0.9456392461844688,-2.0,0.0,0.0,0.3152130820614896,0.0,0.06304261641229793,NORMAL
2024-02-27,3.43,2.8000000000000025,4.41690532291319,0.2890497904480869,-0.35166666666666635,-0.5637445149064363,-21.099999999999987,0.8789346966421796,-0.021028657862270705,0.09634993014936229,0.0,0.0,0.10514328931135353,0.061327301754413865,NORMAL,66.10000000000005,-0.2588778502450444,-8.599999999999937,58.00000000000001,0.945132230826292,-2.0,0.0,0.0,0.31504407694209735,0.0,0.06300881538841947,NORMAL
2024-02-28,3.442,1.200000000000001,4.28007624132782,0.2132793556709922,-0.4283333333333327,-0.6957432854111767,-25.699999999999967,0.8780381832516045,-0.022027208631251183,0.0710931185569974,0.0,0.0,0.11013604315625591,0.058273040973901846,NORMAL,65.59999999999997,-0.27511374899831775,-9.100000000000065,58.00000000000001,0.9446260302740479,-2.0,0.0,0.0,0.31487534342468265,0.0,0.06297506868493653,NORMAL
2024-02-29,3.475,3.299999999999992,3.819599731027205,-0.041713990669259945,-0.37333333333333285,-0.6033708315954661,-22.399999999999977,0.8755752861475838,-0.02477042231104054,0.0,0.0,0.0,0.1238521115552027,0.04954084462208108,NORMAL,65.20000000000002,-0.28808464406227346,-8.900000000000034,59.00000000000003,0.9803229588915243,-0.9999999999999787,0.0,0.0,0.3267743196305081,0.0,0.06535486392610163,NORMAL
2024-03-04,3.434,-4.0999999999999925,3.9577339343034144,0.03477916793822301,-0.3199999999999994,-0.5238386885327146,-19.199999999999974,0.8786266660198081,-0.021371747232794558,0.011593055979407671,0.0,0.0,0.10685873616397279,0.04506210566147065,NORMAL,64.80000000000001,-0.30105435776690775,-9.299999999999955,60.00000000000001,1.0159803220090269,0.0,0.0,0.0,0.3386601073363423,0.0,0.06773202146726846,NORMAL
2024-03-05,3.409,-2.5000000000000355,4.006639226925329,0.06186094939819385,-0.2833333333333338,-0.4663844274868489,-17.000000000000036,0.8804937476851001,-0.01929216219566432,0.020620316466064617,0.0,0.0,0.0964608109783216,0.04270838768454156,NORMAL,64.29999999999998,-0.3172880514307473,-9.100000000000065,60.00000000000001,1.0153972433203757,0.0,0.0,0.0,0.33846574777345856,0.0,0.06769314955469172,NORMAL
2024-03-06,3.381,-2.8000000000000025,3.865107065991691,-0.016513861311857055,-0.2533333333333334,-0.418988180737139,-15.200000000000014,0.8825893228045907,-0.016958077541689986,0.0,0.0,0.0,0.08479038770844993,0.03391615508337997,NORMAL,63.7,-0.3367859804256546,-9.700000000000003,60.00000000000001,1.0148151675690211,0.0,0.0,0.0,0.338271722523007,0.0,0.06765434450460141,NORMAL
2024-03-07,3.399,1.8000000000000238,3.3677846849539628,-0.291910966949067,-0.29499999999999993,-0.49106428401089025,-17.700000000000003,0.8812389611406997,-0.01846213168305122,0.0,0.0,0.0,0.0923106584152561,0.03692426336610244,NORMAL,63.79999999999999,-0.33341332356106734,-9.699999999999996,60.00000000000001,1.0142340918828379,-1.0000000000000213,0.0,0.0,0.3380780306276126,0.0,0.06761560612552252,NORMAL
2024-03-08,3.334,-6.499999999999995,3.6725725961080937,-0.1231316966698735,-0.33333333333333276,-0.549911648412304,-19.99999999999997,0.8861078064010021,-0.013039134960600052,0.0,0.0,0.0,0.06519567480300026,0.026078269921200103,NORMAL,63.90000000000002,-0.33004117050238724,-9.69999999999996,60.00000000000001,1.013654013401203,-1.0000000000000213,0.0,0.0,0.3378846711337344,0.0,0.06757693422674688,NORMAL
2024-03-11,3.342,0.8000000000000007,3.6796166848420984,-0.1192309640200606,-0.3733333333333328,-0.6185930197999601,-22.399999999999977,0.8855052530926494,-0.013710268348826826,0.0,0.0,0.0,0.06855134174413413,0.027420536697653652,NORMAL,63.90000000000002,-0.32993805312844127,-9.399999999999991,61.00000000000003,1.0492719994252526,0.0,0.0,0.0,0.3497573331417509,0.0,0.06995146662835018,NORMAL
2024-03-12,3.335,-0.7000000000000117,3.637795023304486,-0.142390115869138,-0.3200000000000002,-0.5328118142847402,-19.200000000000017,0.8860321287182394,-0.013123425958494472,0.0,0.0,0.0,0.06561712979247236,0.026246851916988945,NORMAL,64.39999999999996,-0.31348815231680977,-8.5,62.000000000000014,1.084844970523302,0.9999999999999858,0.0,0.0,0.36161499017443405,0.03333333333333286,0.07898966470155339,NORMAL
2024-03-13,3.331,-0.40000000000000036,3.388665317138724,-0.2803481137841654,-0.3233333333333331,-0.5383637643694806,-19.399999999999995,0.8863333796420036,-0.012787887923320307,0.0,0.0,0.0,0.06393943961660153,0.025575775846640614,NORMAL,64.80000000000001,-0.3003103226165776,-7.2999999999999545,63.000000000000036,1.1203699390835054,2.000000000000007,0.0,0.0,0.37345664636116843,0.0666666666666669,0.08802466260556707,NORMAL
2024-03-14,3.354,2.300000000000013,3.211394188133699,-0.378513725673892,0.036666666666667215,0.07208649866348175,2.200000000000024,0.8846005978848035,-0.014717887602430202,0.0,0.024028832887827253,0.02200000000000024,0.07358943801215101,0.0386415417824259,NORMAL,64.9,-0.2969471498914278,-6.700000000000017,64.00000000000001,1.1558438351327416,4.000000000000007,0.0,0.0,0.3852812783775805,0.13333333333333358,0.10372292234218282,NORMAL
2024-03-15,3.41,5.600000000000005,3.477487750177063,-0.2311618275700372,0.08666666666666689,0.16817620266091396,5.200000000000005,0.8803898990388719,-0.019407830457442654,0.0,0.056058734220304655,0.052000000000000046,0.09703915228721327,0.06042740775894625,NORMAL,64.5,-0.30994399117435495,-6.700000000000017,64.00000000000001,1.1550848084269143,4.000000000000007,0.0,0.0,0.3850282694756381,0.13333333333333358,0.10367232056179435,NORMAL
2024-03-18,3.435,2.499999999999991,3.531106133538857,-0.2014701262716309,0.16500000000000048,0.3201429395011234,9.90000000000002,0.8785190705034143,-0.02149158881772062,0.0,0.10671431316704112,0.0990000000000002,0.1074579440886031,0.08412604026884951,NORMAL,64.5,-0.3098485456365779,-6.500000000000043,64.00000000000001,1.1543272753607978,4.000000000000007,0.0,0.0,0.3847757584535993,0.13333333333333358,0.10362181835738658,NORMAL
2024-03-19,3.472,3.699999999999992,3.623298148604963,-0.1504179012358517,0.24000000000000035,0.46290713103998243,14.400000000000013,0.8757561280266811,-0.024568997770888723,0.0,0.15430237701332747,0.14400000000000013,0.12284498885444362,0.10879847094444298,NORMAL,63.90000000000002,-0.3293945333841873,-6.600000000000037,64.00000000000001,1.1535712310418,4.999999999999986,0.0,0.0,0.3845237436806,0.16666666666666619,0.11023808206945324,NORMAL
2024-03-20,3.451,-2.0999999999999908,3.61501255730511,-0.15500612800680663,0.28500000000000053,0.5555858995105362,17.100000000000026,0.8773193527152087,-0.02282785343190985,0.0,0.18519529983684538,0.17100000000000026,0.11413926715954925,0.11689476683118884,NORMAL,63.50000000000002,-0.34238945921550124,-6.5000000000000355,64.00000000000001,1.1528166705997358,4.999999999999986,0.0,0.0,0.38427222353324525,0.16666666666666619,0.11018777803998228,NORMAL
2024-03-21,3.411,-4.0000000000000036,3.704801294479759,-0.10528474147857284,0.18999999999999995,0.36728540398619697,11.399999999999988,0.8803022385144404,-0.01950546813357823,0.0,0.12242846799539898,0.11399999999999988,0.09752734066789115,0.08629662986623624,NORMAL,63.60000000000001,-0.3390070126669145,-5.19999999999996,60.999999999999986,1.0435521401322103,2.9999999999999787,0.0,0.0,0.3478507133774034,0.09999999999999928,0.08957014267548055,NORMAL
2024-03-22,3.362,-4.899999999999993,3.6982072470462226,-0.10893625938098679,0.10166666666666672,0.19394746064746254,6.099999999999994,0.8839686973378531,-0.015421708408354662,0.0,0.06464915354915418,0.06099999999999994,0.07710854204177331,0.05597324752654015,NORMAL,63.400000000000034,-0.345452988568546,-4.699999999999932,60.999999999999986,1.0429409957867504,2.9999999999999787,0.0,0.0,0.34764699859558346,0.09999999999999928,0.08952939971911655,NORMAL
2024-03-25,3.37,0.8000000000000007,3.541171379196726,-0.19589639859036204,0.16500000000000048,0.3162948052443254,9.90000000000002,0.8833675986236633,-0.01609122164663701,0.0,0.10543160174810846,0.0990000000000002,0.08045610823318505,0.07306876364289576,NORMAL,62.5,-0.3748353199848553,-4.59999999999998,60.999999999999986,1.0423309241141305,2.9999999999999787,0.0,0.0,0.34744364137137684,0.09999999999999928,0.08948872827427523,NORMAL
2024-03-26,3.397,2.699999999999969,3.2989432119679494,-0.33003260219216696,0.2283333333333335,0.43666292320977745,13.700000000000001,0.8813402699848221,-0.018349292292957897,0.0,0.14555430773659248,0.137,0.09174646146478949,0.0932094461332343,NORMAL,62.19999999999999,-0.38454808862556683,-4.300000000000011,60.999999999999986,1.041721921979896,2.9999999999999787,0.0,0.0,0.34724064065996535,0.09999999999999928,0.08944812813199293,NORMAL
2024-03-27,3.373,-2.3999999999999577,3.269359344935291,-0.34641495630490515,0.3166666666666675,0.6240510042941514,19.00000000000004,0.8831382041355912,-0.016346724849235494,0.0,0.2080170014313838,0.1900000000000004,0.08173362424617747,0.11229684998474784,NORMAL,61.50000000000002,-0.407372239721169,-4.60000000000003,62.000000000000014,1.077283574142172,4.000000000000007,0.0,0.0,0.35909452471405734,0.13333333333333358,0.09848557160947818,NORMAL
2024-03-28,3.377,0.39999999999995595,3.2550972174017727,-0.3543127481452079,0.3233333333333334,0.6372224766208398,19.399999999999995,0.8828379371461851,-0.016681166962786653,0.0,0.21240749220694657,0.19399999999999995,0.08340583481393327,0.11464383236696263,NORMAL,60.999999999999986,-0.4236342061341684,-4.59999999999998,60.00000000000001,1.0042942080461923,2.0,0.0,0.0,0.3347647360153974,0.06666666666666667,0.08028628053641282,NORMAL
2024-03-29,3.413,3.600000000000003,3.2733211848132617,-0.3442210489381896,0.1783333333333331,0.38053501029157377,10.699999999999976,0.8801364530585178,-0.01969012259188052,0.0,0.1268450034305246,0.10699999999999976,0.0984506129594026,0.08614924586986591,NORMAL,60.400000000000006,-0.4431725835000505,-4.800000000000011,60.00000000000001,1.0037302635035115,0.9999999999999787,0.0,0.0,0.33457675450117047,0.033333333333332625,0.07358201756690062,NORMAL
2024-04-01,3.381,-3.200000000000003,3.224295108604104,-0.37136971548438114,0.07166666666666632,0.15276816847463376,4.2999999999999705,0.882530424210837,-0.017023679725330365,0.0,0.05092272282487792,0.042999999999999705,0.08511839862665183,0.052831904015636255,NORMAL,60.5,-0.4397440482579016,-4.300000000000011,61.00000000000003,1.0393375201483852,1.0000000000000213,0.0,0.0,0.3464458400494617,0.03333333333333404,0.07595583467655916,NORMAL
2024-04-02,3.425,4.400000000000004,3.339650155015441,-0.30749073654914955,0.2283333333333335,0.4893909442289132,13.700000000000001,0.8792297604242886,-0.02070001116315756,0.0,0.16313031474297107,0.137,0.1035000558157878,0.10142608527490934,NORMAL,59.3,-0.47897061045339345,-4.999999999999986,61.00000000000003,1.0387337706240762,1.0000000000000213,0.0,0.0,0.3462445902080254,0.03333333333333404,0.0759155847082719,NORMAL
2024-04-03,3.452,2.7000000000000135,3.316382778999136,-0.3203752723251033,0.1800000000000003,0.3916569153365961,10.80000000000001,0.8772119281241147,-0.022947504637538252,0.0,0.1305523051121987,0.1080000000000001,0.11473752318769126,0.09360547029751627,NORMAL,58.59999999999999,-0.5017782996740576,-5.100000000000016,62.000000000000014,1.0742975442529856,2.000000000000007,0.0,0.0,0.3580991814176619,0.0666666666666669,0.08495316961686576,NORMAL
2024-04-04,3.457,0.49999999999998934,3.2992662661168715,-0.32985370781505974,0.18833333333333346,0.4097711409966992,11.299999999999999,0.876839113054662,-0.02336275194806725,0.0,0.13659038033223306,0.11299999999999999,0.11681375974033625,0.0966435799625811,NORMAL,58.099999999999994,-0.5180148564449367,-5.699999999999996,61.00000000000003,1.037487074593296,1.0000000000000213,0.0,0.0,0.345829024864432,0.03333333333333404,0.07583247163955321,NORMAL
2024-04-05,3.433,-2.400000000000002,2.9656764560729125,-0.5145823097421938,0.18333333333333326,0.39850302470888677,10.999999999999988,0.8786278648452935,-0.021370411962041258,0.0,0.13283434156962892,0.10999999999999988,0.10685205981020629,0.09130769223800828,NORMAL,57.3,-0.544095395958289,-6.600000000000023,65.00000000000003,1.1815291255680924,5.000000000000021,0.0,0.0,0.3938430418560308,0.16666666666666738,0.11210194170453965,NORMAL
2024-04-08,3.488,5.500000000000016,3.1702731079431157,-0.40128492378794434,0.23666666666666666,0.5065105516308837,14.19999999999999,0.8745202795771418,-0.02594550528611872,0.0,0.16883685054362788,0.1419999999999999,0.1297275264305936,0.114058380680963,NORMAL,56.19999999999998,-0.5800175880954018,-7.700000000000038,67.00000000000004,1.2530386488444838,6.000000000000014,0.0,0.0,0.41767954961482795,0.20000000000000048,0.1235359099229657,NORMAL
2024-04-09,3.503,1.5000000000000124,3.156180236331642,-0.40908898851517056,0.32666666666666716,0.7064792982381467,19.600000000000016,0.8734052662206809,-0.027187424766878965,0.0,0.23549309941271557,0.19600000000000015,0.13593712383439482,0.14067346941630107,NORMAL,56.19999999999998,-0.5798017296653869,-8.199999999999982,66.00000000000006,1.2159998094746212,4.000000000000043,0.0,0.0,0.4053332698248737,0.13333333333333475,0.1077333206316417,NORMAL
2024-04-11,3.585,8.199999999999985,3.5407551974714337,-0.19612686326867673,0.46499999999999997,0.9676233067539238,27.89999999999999,0.8673176315151228,-0.033967928416253845,0.0,0.32254110225130794,0.2789999999999999,0.16983964208126923,0.18824407728276926,NORMAL,54.999999999999986,-0.6190014780420685,-9.800000000000026,66.00000000000006,1.2151610211836188,3.0000000000000213,0.0,0.0,0.40505367372787293,0.10000000000000071,0.10101073474557473,NORMAL
2024-04-12,3.538,-4.700000000000015,3.7720021208901686,-0.06807163023423614,0.40833333333333294,0.8378146440574005,24.499999999999964,0.8707825654530257,-0.030108630290276772,0.0,0.2792715480191335,0.24499999999999963,0.15054315145138386,0.16507157018438018,NORMAL,55.79999999999998,-0.5924820487244197,-9.100000000000023,65.99999999999997,1.2143239665818741,1.9999999999999574,0.0,0.0,0.40477465552729136,0.06666666666666525,0.09428826443879132,NORMAL
2024-04-15,3.561,2.300000000000013,3.6258538014478208,-0.1490026836169143,0.3983333333333333,0.8185807806792,23.899999999999988,0.8690801855375649,-0.032004767918059285,0.0,0.27286026022640003,0.23899999999999988,0.16002383959029642,0.16638158788139856,NORMAL,54.30000000000001,-0.6415452368975866,-10.199999999999989,65.99999999999997,1.2134886397050462,1.9999999999999574,0.0,0.0,0.4044962132350154,0.06666666666666525,0.09423257598033613,NORMAL
2024-04-16,3.618,5.699999999999994,3.774467546973721,-0.06670637656084215,0.41499999999999954,0.8479957449191877,24.899999999999967,0.8648694920386355,-0.03669470481749626,0.0,0.2826652483063959,0.24899999999999967,0.1834735240874813,0.17972245929627162,NORMAL,54.099999999999994,-0.6478659278643815,-10.400000000000006,65.99999999999997,1.212655034617471,1.9999999999999574,0.0,0.0,0.4042183448724903,0.06666666666666525,0.09417700230783113,NORMAL
2024-04-17,3.632,1.4000000000000234,3.719790599652497,-0.09698426794775908,0.42000000000000054,0.8579598662626764,25.200000000000024,0.8638402973431095,-0.03784103811876349,0.0,0.2859866220875588,0.2520000000000002,0.18920519059381746,0.1832794006550388,NORMAL,53.19999999999996,-0.6771901327766143,-10.70000000000006,67.0,1.24794181939392,2.999999999999986,0.0,0.0,0.41598060646464,0.09999999999999952,0.10319612129292792,NORMAL
2024-04-18,3.562,-7.000000000000028,4.066095372583791,0.09478536834857015,0.23333333333333298,0.466136748302179,13.999999999999968,0.8689801471123011,-0.032116192295570056,0.03159512278285672,0.15537891610072632,0.13999999999999968,0.16058096147785028,0.12962719236785666,NORMAL,53.29999999999999,-0.6736289086758224,-10.200000000000031,67.0,1.2470561461934688,2.999999999999986,0.0,0.0,0.41568538206448963,0.09999999999999952,0.10313707641289784,NORMAL
2024-04-19,3.583,2.100000000000035,3.933044889810325,0.021107369415587763,0.3516666666666673,0.712543265360089,21.10000000000003,0.8674290175497056,-0.033843864892322495,0.007035789805195921,0.23751442178669635,0.2110000000000003,0.16921932446161247,0.1587977721030235,NORMAL,51.40000000000002,-0.7358190523247446,-12.199999999999989,67.0,1.2461723563576415,6.000000000000014,0.0,0.0,0.41539078545254715,0.20000000000000048,0.12307815709050954,NORMAL
2024-04-22,3.65,6.699999999999973,3.8940440351090486,-0.0004897332116799212,0.46333333333333354,0.9180457031428112,27.800000000000004,0.86248900929476,-0.03934612408176075,0.0,0.3060152343809371,0.278,0.19673062040880374,0.19549529503970892,NORMAL,50.70000000000001,-0.7585186014976362,-12.700000000000024,65.99999999999997,1.209188224635337,4.999999999999986,0.0,0.0,0.4030627415451123,0.16666666666666619,0.1139458816423557,NORMAL
2024-04-23,3.625,-2.499999999999991,3.9912898587852577,0.053361087497116495,0.3750000000000002,0.7418498438429604,22.500000000000007,0.8643217984395113,-0.0373047345954346,0.017787029165705497,0.24728328128098678,0.22500000000000006,0.18652367297717298,0.17262353128020766,NORMAL,50.30000000000001,-0.7713396155812081,-12.199999999999989,65.99999999999997,1.208363363496786,4.999999999999986,0.0,0.0,0.40278778783226205,0.16666666666666619,0.11389089089978566,NORMAL
2024-04-24,3.645,2.0000000000000018,3.9811926274474647,0.04776964743448526,0.37666666666666676,0.7450173123222843,22.599999999999998,0.862852451382164,-0.03894131654662236,0.015923215811495087,0.2483391041074281,0.22599999999999998,0.1947065827331118,0.17593509707702937,NORMAL,49.49999999999996,-0.7973054568158627,-12.700000000000031,65.99999999999997,1.2075401884230528,4.999999999999986,0.0,0.0,0.4025133961410176,0.16666666666666619,0.11383601256153678,NORMAL
2024-04-25,3.707,6.199999999999983,4.031468323341412,0.07561030303538246,0.5349999999999997,1.0473133979789195,32.09999999999997,0.8583052189633801,-0.04400609580842163,0.02520343434512749,0.3491044659929732,0.32099999999999973,0.22003047904210815,0.22707377168446335,NORMAL,48.59999999999997,-0.8265412688060377,-12.900000000000048,64.99999999999999,1.1706274365382794,2.9999999999999716,0.0,0.0,0.3902091455127598,0.09999999999999905,0.09804182910255178,NORMAL
2024-04-26,3.694,-1.29999999999999,4.077315293180053,0.10099850850776089,0.4300000000000002,0.8497280490418873,25.8,0.8592536462303345,-0.04294972254429008,0.03366616950258696,0.28324268301396244,0.258,0.2147486127214504,0.20088121559189004,NORMAL,48.09999999999994,-0.8426000124208214,-12.900000000000048,64.99999999999999,1.1698599035149955,4.999999999999979,0.0,0.0,0.38995330117166516,0.16666666666666596,0.11132399356766623,NORMAL
2024-04-29,3.704,1.000000000000023,4.051052494820254,0.08645522847453524,0.5900000000000003,1.2230651803646466,35.400000000000006,0.8585232806310387,-0.0437632152801275,0.028818409491511748,0.4076883934548822,0.35400000000000004,0.2188160764006375,0.24562779114953381,NORMAL,47.199999999999996,-0.8718015761055248,-13.20000000000001,64.99999999999999,1.1690938785066938,4.999999999999979,0.0,0.0,0.38969795950223124,0.16666666666666596,0.11127292523377944,NORMAL
2024-04-30,3.656,-4.800000000000004,4.16209398209476,0.14794553208250807,0.5183333333333333,1.056968010146551,31.099999999999994,0.8620260556160134,-0.03986176919847029,0.04931517736083602,0.3523226700488504,0.31099999999999994,0.19930884599235144,0.22225110787887786,NORMAL,46.60000000000002,-0.8911114901698418,-13.899999999999977,64.99999999999999,1.1683293565814257,3.9999999999999574,0.0,0.0,0.3894431188604752,0.13333333333333192,0.10455529043876143,NORMAL
2024-05-02,3.638,-1.8000000000000238,4.155817102505069,0.14446964895851305,0.4983333333333333,1.0137465116548698,29.89999999999999,0.8633449554811059,-0.038392757705344005,0.04815654965283769,0.3379155038849566,0.29899999999999993,0.19196378852672003,0.21379992611824686,NORMAL,46.30000000000001,-0.9005372779400357,-12.999999999999986,64.99999999999999,1.167566332829797,3.9999999999999574,0.0,0.0,0.3891887776099323,0.13333333333333192,0.10450442218865284,NORMAL
2024-05-03,3.614,-2.400000000000002,4.206373610055147,0.17246580674526854,0.5450000000000002,1.1247031737169317,32.699999999999996,0.8651061791902874,-0.03643107893106279,0.057488602248422845,0.37490105790564393,0.32699999999999996,0.18215539465531394,0.22474008989293892,NORMAL,45.80000000000002,-0.9165332060336359,-12.799999999999969,63.99999999999997,1.1307289678965355,1.9999999999999574,0.0,0.0,0.37690965596551185,0.06666666666666525,0.08871526452643544,NORMAL
2024-05-07,3.536,-7.799999999999985,4.626977528866065,0.4053793177328374,0.26999999999999996,0.557663058359735,16.199999999999992,0.870841833158319,-0.030042616984375825,0.13512643924427914,0.18588768611991166,0.16199999999999992,0.15021308492187913,0.1566880590415898,NORMAL,46.39999999999999,-0.896331738315023,-11.700000000000003,63.99999999999997,1.1300182652917834,2.999999999999943,0.0,0.0,0.3766727550972611,0.0999999999999981,0.09533455101945185,NORMAL
2024-05-08,3.53,-0.6000000000000227,4.58708427056481,0.383288037932241,0.24666666666666628,0.5093339172656928,14.799999999999969,0.8712859624932298,-0.029547938719037825,0.127762679310747,0.1697779724218976,0.1479999999999997,0.14773969359518913,0.14820400778460452,NORMAL,46.19999999999997,-0.9024652294094526,-11.10000000000003,63.99999999999997,1.129308901351021,-1.0000000000000568,0.0,0.0,0.3764363004503403,0.0,0.07528726009006807,NORMAL
2024-05-09,3.556,2.6000000000000245,4.4644089607047635,0.31535539191275364,0.29666666666666675,0.6107520226364966,17.799999999999994,0.8693604205161197,-0.031692637774468735,0.10511846397091788,0.20358400754549888,0.17799999999999994,0.15846318887234367,0.1607257698522208,NORMAL,45.99999999999999,-0.9085934541122563,-10.199999999999989,63.99999999999997,1.1286008718768057,-3.000000000000071,0.0,0.0,0.3762002906256019,0.0,0.07524005812512038,NORMAL
2024-05-10,3.538,-1.8000000000000238,4.48023436886955,0.32411886560765485,0.22999999999999998,0.4733608255568523,13.79999999999999,0.8706905419595095,-0.030211127510263558,0.10803962186921828,0.15778694185228412,0.1379999999999999,0.1510556375513178,0.14118756776482758,NORMAL,45.40000000000002,-0.92787557207932,-10.799999999999962,63.99999999999997,1.1278941726900988,-2.0000000000000853,0.0,0.0,0.37596472423003297,0.0,0.0751929448460066,NORMAL
2024-05-13,3.554,1.6000000000000014,4.0835323975824185,0.10444129054037944,0.16833333333333345,0.3515415807448401,10.099999999999998,0.8695064028224445,-0.03153004037684959,0.034813763513459814,0.1171805269149467,0.10099999999999998,0.15765020188424794,0.11365893883938047,NORMAL,45.19999999999999,-0.9339800461422412,-9.799999999999997,62.999999999999986,1.0911239058209374,-3.000000000000071,0.0,0.0,0.3637079686069791,0.0,0.07274159372139583,NORMAL
2024-05-14,3.546,-0.8000000000000007,3.9458705930177245,0.028209727314118947,0.07333333333333354,0.15526469745096358,4.400000000000004,0.8700976671763638,-0.030871480804305795,0.009403242438039649,0.05175489915032119,0.04400000000000004,0.15435740402152898,0.08277458992628377,NORMAL,44.599999999999966,-0.9532385970929859,-11.200000000000017,61.999999999999964,1.0544009766073899,-4.000000000000007,0.0,0.0,0.3514669922024633,0.0,0.07029339844049266,NORMAL
2024-05-16,3.458,-8.799999999999963,4.369183351370671,0.2626232845452404,-0.03166666666666599,-0.06420437470040821,-1.8999999999999684,0.876605997726843,-0.02362239948072209,0.08754109484841348,0.0,0.0,0.11811199740361045,0.06475301793112688,NORMAL,44.49999999999998,-0.9560283070043942,-9.800000000000033,61.999999999999964,1.0537887672760675,-4.000000000000007,0.0,0.0,0.35126292242535584,0.0,0.07025258448507117,NORMAL
2024-05-17,3.454,-0.40000000000000036,4.11820093576896,0.12363933075993334,-0.04666666666666656,-0.09462579177039747,-2.8000000000000025,0.8769040437660701,-0.023290431096545494,0.04121311025331111,0.0,0.0,0.11645215548272747,0.05482348424375321,NORMAL,44.600000000000016,-0.9522354150649565,-9.499999999999979,61.999999999999964,1.0531776232906667,-4.000000000000007,0.0,0.0,0.35105920776355554,0.0,0.07021184155271111,NORMAL
2024-05-20,3.497,4.2999999999999705,4.249442687917397,0.1963157275169369,0.04999999999999982,0.10044303996393691,2.9999999999999805,0.8736989594861052,-0.026860304570887505,0.06543857583897897,0.03348101332131231,0.029999999999999805,0.13430152285443753,0.07950452697383323,NORMAL,44.10000000000003,-0.9681872459016487,-9.09999999999993,61.999999999999964,1.0525675415647624,-5.0000000000000355,0.0,0.0,0.35085584718825413,0.0,0.07017116943765082,NORMAL
2024-05-21,3.491,-0.5999999999999783,3.9805414865713518,0.04740907184110576,0.0033333333333338544,0.006712793240352246,0.20000000000002238,0.8741445459554431,-0.026364003326218688,0.01580302394703525,0.002237597746784082,0.002000000000000224,0.13182001663109344,0.05673613099120129,NORMAL,44.20000000000001,-0.9643822206292642,-9.09999999999998,61.999999999999964,1.0519585190244327,-5.0000000000000355,0.0,0.0,0.3506528396748109,0.0,0.07013056793496218,NORMAL
2024-05-22,3.478,-1.29999999999999,3.94259799464367,0.026397494134009304,0.006666666666666821,0.013429910574950884,0.40000000000000036,0.8751104756787238,-0.025288135549894286,0.008799164711336434,0.004476636858316961,0.0040000000000000036,0.12644067774947143,0.05403143141371925,NORMAL,43.9,-0.9737421109325948,-7.500000000000021,61.999999999999964,1.051350552608196,-5.0000000000000355,0.0,0.0,0.35045018420273205,0.0,0.07009003684054642,NORMAL
2024-05-23,3.472,-0.6000000000000227,3.5576307905831306,-0.186781839444945,0.08000000000000022,0.16352119035877904,4.800000000000004,0.8755567820213199,-0.0247910324990247,0.0,0.05450706345292635,0.04800000000000004,0.1239551624951235,0.07008347768863468,NORMAL,43.79999999999997,-0.9765121440142824,-6.900000000000041,61.999999999999964,1.0507436392669447,-4.000000000000007,0.0,0.0,0.35024787975564825,0.0,0.07004957595112965,NORMAL
2024-05-24,3.515,4.300000000000015,3.7170305069334018,-0.09851269613661942,0.07833333333333374,0.1601952663932678,4.700000000000015,0.872356621983032,-0.028355421275240822,0.0,0.05339842213108927,0.04700000000000015,0.1417771063762041,0.07679052697669952,NORMAL,43.80000000000001,-0.9759893426830247,-6.5,61.999999999999964,1.050137775963881,-4.000000000000007,0.0,0.0,0.3500459253212937,0.0,0.07000918506425874,NORMAL
2024-05-27,3.498,-1.6999999999999904,3.675276573910695,-0.12163434266181566,0.16000000000000028,0.3356066208646136,9.600000000000009,0.8736171773017974,-0.02695139485898357,0.0,0.11186887362153787,0.09600000000000009,0.13475697429491784,0.09547656444227473,NORMAL,43.80000000000001,-0.9754673802928315,-5.699999999999946,60.999999999999986,1.0134733582203843,-4.999999999999986,0.0,0.0,0.3378244527401281,0.0,0.06756489054802563,NORMAL
2024-05-28,3.481,-1.7000000000000348,3.2956270867221544,-0.3318689388008609,0.08499999999999967,0.17871883319636814,5.099999999999971,0.8748795541229984,-0.025545339624554964,0.0,0.05957294439878938,0.05099999999999971,0.12772669812277482,0.07320526812886774,NORMAL,43.39999999999997,-0.9881074255732754,-5.200000000000003,59.999999999999964,0.9768494099387405,-5.000000000000021,0.0,0.0,0.32561646997958016,0.0,0.06512329399591603,NORMAL
2024-05-29,3.536,5.500000000000016,3.612682339233613,-0.15629650892844288,0.1566666666666666,0.3238357669870247,9.399999999999986,0.8707894922074735,-0.030100915161810016,0.0,0.10794525566234157,0.09399999999999986,0.15050457580905008,0.10059088145608833,NORMAL,43.00000000000001,-1.0007341198384778,-5.09999999999993,60.999999999999986,1.012389162368183,-4.0,0.0,0.0,0.3374630541227277,0.0,0.06749261082454554,NORMAL
2024-05-30,3.564,2.8000000000000025,3.6813898977081045,-0.11824903014859924,0.14833333333333343,0.3071480048359257,8.899999999999997,0.8687170132160197,-0.03240927498372492,0.0,0.1023826682786419,0.08899999999999997,0.1620463749186246,0.10309508362317822,NORMAL,42.699999999999996,-1.0100569867982905,-4.5,61.999999999999964,1.047888281911976,-3.0000000000000213,0.0,0.0,0.34929609397065864,0.0,0.06985921879413173,NORMAL
2024-05-31,3.578,1.399999999999979,3.5775469396309916,-0.17575307819801433,0.23999999999999963,0.5021508341643759,14.399999999999968,0.8676832399702926,-0.03356070794649435,0.0,0.1673836113881253,0.14399999999999968,0.16780353973247175,0.12939813817061369,NORMAL,41.9,-1.0358199205787548,-4.700000000000024,60.999999999999986,1.0112286553734016,-4.0,0.0,0.0,0.3370762184578005,0.0,0.0674152436915601,NORMAL
2024-06-03,3.532,-4.599999999999982,3.6886882563631596,-0.11420749305688335,0.20500000000000052,0.4247791493086531,12.300000000000022,0.8710758814385765,-0.029781930314565108,0.0,0.14159304976955103,0.12300000000000022,0.14890965157282554,0.11248247058304048,NORMAL,41.9,-1.0352334273214978,-4.400000000000013,60.999999999999986,1.0106699862419788,-4.0,0.0,0.0,0.33688999541399295,0.0,0.0673779990827986,NORMAL
2024-06-04,3.47,-6.199999999999983,3.8828367275268576,-0.006695888791650124,0.14833333333333418,0.30159906680291615,8.900000000000041,0.8756664513337578,-0.024668881087322903,0.0,0.10053302226763872,0.08900000000000041,0.12334440543661451,0.08724436662817363,NORMAL,41.999999999999986,-1.0313580378970248,-3.8000000000000327,61.999999999999964,1.0461706862151507,-2.000000000000007,0.0,0.0,0.3487235620717169,0.0,0.06974471241434338,NORMAL
2024-06-05,3.43,-4.0000000000000036,3.6008917024303146,-0.1628256887382726,0.05166666666666705,0.10420776494427246,3.100000000000014,0.8786437172682926,-0.02135275528301972,0.0,0.03473592164809082,0.03100000000000014,0.1067637764150986,0.05585269489565763,NORMAL,42.59999999999997,-1.0110378871232655,-3.8000000000000185,61.999999999999964,1.0455728293412894,-2.000000000000007,0.0,0.0,0.34852427644709644,0.0,0.06970485528941929,NORMAL
2024-06-07,3.385,-4.500000000000037,3.708862075453436,-0.10303604451777307,0.08499999999999967,0.17367563348401202,5.099999999999971,0.8820045294868438,-0.01760942957197731,0.0,0.05789187782800401,0.05099999999999971,0.08804714785988654,0.05699723470955537,NORMAL,42.80000000000004,-1.0039004249946772,-3.3999999999999275,61.999999999999964,1.0449759964577658,-2.000000000000007,0.0,0.0,0.3483253321525886,0.0,0.06966506643051772,NORMAL
2024-06-10,3.433,4.800000000000004,3.842871048413772,-0.028827272321188778,0.1516666666666664,0.3060444402699224,9.099999999999975,0.8784059510065375,-0.0216175830993236,0.0,0.10201481342330747,0.09099999999999975,0.108087915496618,0.08183812888330864,NORMAL,42.899999999999984,-1.0000610697133032,-3.1000000000000085,61.999999999999964,1.0443801846446192,-2.000000000000007,0.0,0.0,0.34812672821487306,0.0,0.06962534564297461,NORMAL
2024-06-11,3.425,-0.8000000000000007,3.833134624903161,-0.0342189115401703,0.1499999999999999,0.3026499565777623,8.999999999999986,0.879003267053222,-0.020952283055831078,0.0,0.1008833188592541,0.08999999999999986,0.10476141527915539,0.08008122988351295,NORMAL,43.39999999999997,-0.9830659889656805,-2.0000000000000497,61.999999999999964,1.0437853909935328,-2.000000000000007,0.0,0.0,0.34792846366451097,0.0,0.0695856927329022,NORMAL
2024-06-12,3.382,-4.2999999999999705,3.8844358799268477,-0.005810342596220285,0.08500000000000041,0.16963462482005348,5.100000000000016,0.8822160239943014,-0.01737386365040028,0.0,0.05654487494001783,0.051000000000000156,0.08686931825200139,0.05625670228880415,NORMAL,43.80000000000001,-0.969379067230901,-1.3999999999999773,61.999999999999964,1.0431916126077743,-1.0000000000000213,0.0,0.0,0.34773053753592476,0.0,0.06954610750718496,NORMAL
2024-06-13,3.345,-3.699999999999992,3.935864112973081,0.02266854166274925,-0.01499999999999968,-0.029788088689446685,-0.8999999999999897,0.8849905933897635,-0.014283504451580775,0.00755618055424975,0.0,0.0,0.07141752225790388,0.0300782450140115,NORMAL,44.09999999999998,-0.958996601378114,-0.4999999999999858,61.999999999999964,1.0425988466021356,0.0,0.0,0.0,0.34753294886737857,0.0,0.06950658977347572,NORMAL
2024-06-14,3.302,-4.300000000000015,3.5792677875141976,-0.17480014194509932,-0.18000000000000002,-0.3604409444053964,-10.80000000000001,0.8882252340086031,-0.010680710660351256,0.0,0.0,0.0,0.05340355330175628,0.02136142132070251,NORMAL,44.20000000000001,-0.9552055451608743,-0.29999999999996874,61.999999999999964,1.0420070901028757,0.0,0.0,0.0,0.3473356967009586,0.0,0.06946713934019172,NORMAL
2024-06-17,3.283,-1.9000000000000128,3.586594191532795,-0.17074307446054263,-0.2533333333333334,-0.5085986047087812,-15.200000000000014,0.889659717761527,-0.009082960008067742,0.0,0.0,0.0,0.04541480004033871,0.018165920016135484,NORMAL,44.999999999999964,-0.9283846874986111,0.39999999999994884,61.999999999999964,1.0414163402476615,0.0,0.0,0.019999999999997443,0.34713878008255383,0.0,0.07542775601651,NORMAL
2024-06-18,3.279,-0.40000000000000036,3.3790219699913417,-0.2856882110617149,-0.3216666666666666,-0.6517077027452741,-19.300000000000004,0.8899622020655659,-0.008746048214470559,0.0,0.0,0.0,0.04373024107235279,0.017492096428941117,NORMAL,45.19999999999999,-0.9213335914304415,1.0999999999999588,61.999999999999964,1.0408265941855082,0.0,0.0,0.05499999999999794,0.34694219806183607,0.0,0.0858884396123666,NORMAL
2024-06-19,3.231,-4.800000000000004,3.4760837007668273,-0.2319393335872483,-0.3666666666666668,-0.7357593809133282,-22.00000000000002,0.8935932478499935,-0.004701732091185407,0.0,0.0,0.0,0.023508660455927033,0.009403464182370813,NORMAL,45.80000000000002,-0.9011253560404731,1.6000000000000085,61.999999999999964,1.0402378490767237,0.0,0.0,0.08000000000000043,0.3467459496922412,0.0,0.09334918993844837,NORMAL
2024-06-20,3.269,3.8000000000000256,3.6583682010886784,-0.13099751856896436,-0.2366666666666664,-0.47405182977029464,-14.19999999999999,0.890706941659438,-0.00791654549653098,0.0,0.0,0.0,0.0395827274826549,0.01583309099306196,NORMAL,45.19999999999999,-0.9204289868641351,1.29999999999999,61.999999999999964,1.0396501020928495,0.0,0.0,0.0649999999999995,0.3465500340309498,0.0,0.08881000680618982,NORMAL
2024-06-21,3.255,-1.4000000000000234,3.6576200199755973,-0.13141183113741348,-0.17833333333333354,-0.3614519815204449,-10.70000000000002,0.8917668829200127,-0.006735966185671849,0.0,0.0,0.0,0.033679830928359245,0.013471932371343698,NORMAL,46.09999999999998,-0.8903462403702639,2.3000000000000114,61.999999999999964,1.0390633504166054,0.0,0.0,0.11500000000000057,0.34635445013886845,0.0,0.10377089002777386,NORMAL
2024-06-24,3.264,0.8999999999999897,3.4682734973804386,-0.23626430967732742,-0.17666666666666705,-0.3580312372296067,-10.600000000000032,0.8910846812545788,-0.0074958131715398,0.0,0.0,0.0,0.037479065857699,0.0149916263430796,NORMAL,46.20000000000002,-0.8866219987861819,2.4000000000000057,61.999999999999964,1.03847759124183,0.0,0.0,0.12000000000000029,0.34615919708061,0.0,0.10523183941612209,NORMAL
2024-06-25,3.271,0.7000000000000117,3.493493953050436,-0.22229823704678175,-0.20999999999999966,-0.42746641328652557,-12.599999999999989,0.8905544858692324,-0.008086353162702786,0.0,0.0,0.0,0.04043176581351393,0.016172706325405573,NORMAL,46.09999999999998,-0.8894846989272072,2.2999999999999687,61.999999999999964,1.0378928217734278,0.9999999999999787,0.0,0.11499999999999844,0.34596427392447593,0.033333333333332625,0.11035952145156125,NORMAL
2024-06-26,3.278,0.7000000000000117,3.5142229806736367,-0.21081933638240524,-0.15833333333333352,-0.32307759229439287,-9.50000000000002,0.8900246059501401,-0.008676541782571046,0.0,0.0,0.0,0.04338270891285523,0.01735308356514209,NORMAL,46.10000000000003,-0.8890532707479063,2.7000000000000597,61.999999999999964,1.0373090392273099,2.0,0.0,0.13500000000000298,0.3457696797424366,0.06666666666666667,0.12298726928182155,NORMAL
2024-06-27,3.3,2.1999999999999797,3.260545643713148,-0.3512956290819165,-0.1283333333333331,-0.26106637592764415,-7.699999999999996,0.8883602599370133,-0.01053031664943771,0.0,0.0,0.0,0.05265158324718855,0.02106063329887542,NORMAL,46.39999999999999,-0.8787460278033524,3.3999999999999844,60.00000000000001,0.9646323406809562,-0.9999999999999787,0.0,0.1699999999999992,0.3215441135603187,0.0,0.1153088227120635,NORMAL
2024-06-28,3.266,-3.399999999999981,3.1552629384135735,-0.4095969511592726,-0.24499999999999952,-0.49957273103088645,-14.69999999999998,0.8909276210882313,-0.007670749264554466,0.0,0.0,0.0,0.03835374632277233,0.015341498529108932,NORMAL,47.599999999999994,-0.8388151590946578,4.899999999999999,56.999999999999986,0.8559705072279058,-4.999999999999979,0.0,0.24499999999999994,0.28532350240930193,0.0,0.13056470048186036,NORMAL
2024-07-01,3.312,4.599999999999982,3.3824780701043395,-0.28377436200886114,-0.11499999999999977,-0.23262541116261573,-6.899999999999995,0.8874440940897763,-0.011550756634930104,0.0,0.0,0.0,0.05775378317465052,0.023101513269860208,NORMAL,47.10000000000001,-0.8548927681498799,5.20000000000001,56.999999999999986,0.8555695435700303,-4.0,0.0,0.2600000000000005,0.2851898478566768,0.0,0.13503796957133551,NORMAL
2024-07-02,3.289,-2.2999999999999687,3.303630379478077,-0.3274370375943453,-0.226666666666666,-0.4629055655915322,-13.599999999999968,0.8891790472937218,-0.00961833836415149,0.0,0.0,0.0,0.048091691820757454,0.01923667672830298,NORMAL,46.49999999999998,-0.8742506442019901,4.59999999999998,56.00000000000001,0.8191074278842164,-4.999999999999979,0.0,0.229999999999999,0.2730358092947388,0.0,0.12360716185894746,NORMAL
2024-07-03,3.274,-1.5000000000000124,3.0906650621372314,-0.4453686534496339,-0.29666666666666636,-0.6084615972316445,-17.799999999999994,0.8903127505790212,-0.008355601745565933,0.0,0.0,0.0,0.04177800872782966,0.016711203491131865,NORMAL,46.39999999999999,-0.8771272014905629,4.400000000000006,58.00000000000001,0.8908659133063594,-3.9999999999999574,0.0,0.22000000000000028,0.29695530443545315,0.0,0.12539106088709073,NORMAL
2024-07-04,3.234,-4.0000000000000036,3.0906650621372314,-0.4453686534496339,-0.37166666666666626,-0.756579654249399,-22.299999999999986,0.8933398139309899,-0.0049840107915006815,0.0,0.0,0.0,0.024920053957503407,0.009968021583001363,NORMAL,46.30000000000001,-0.8800016143460695,3.7000000000000384,57.00000000000003,0.8543694240764522,-4.999999999999936,0.0,0.1850000000000019,0.2847898080254841,0.0,0.11245796160509738,NORMAL
2024-07-05,3.227,-0.7000000000000117,2.977618264035154,-0.507969417432754,-0.3433333333333331,-0.7005676347812317,-20.599999999999994,0.8938713511202788,-0.00439197627792165,0.0,0.0,0.0,0.02195988138960825,0.0087839525558433,NORMAL,46.69999999999996,-0.8664062666437456,3.8999999999999204,56.999999999999986,0.8539707052287335,-4.999999999999979,0.0,0.194999999999996,0.2846569017429112,0.0,0.11543138034858105,NORMAL
2024-07-08,3.212,-1.499999999999968,2.672762221885211,-0.676786415913545,-0.45999999999999946,-0.9577534195088467,-27.59999999999998,0.8950110370929572,-0.0031225760476760733,0.0,0.0,0.0,0.015612880238380367,0.006245152095352147,NORMAL,46.09999999999998,-0.8857597387714862,3.1999999999999957,56.00000000000001,0.8175002078021938,-5.999999999999957,0.0,0.15999999999999978,0.27250006926739795,0.0,0.10250001385347952,NORMAL
2024-07-09,3.191,-2.100000000000035,2.6807500914168614,-0.6723630554674821,-0.5200000000000002,-1.0835857870437056,-31.200000000000028,0.896608631794168,-0.00134314984592121,0.0,0.0,0.0,0.0067157492296060495,0.00268629969184242,NORMAL,45.80000000000002,-0.8952153686657415,2.4000000000000483,56.00000000000001,0.8171326848933721,-5.999999999999957,0.0,0.12000000000000241,0.27237756163112403,0.0,0.09047551232622553,NORMAL
2024-07-10,3.198,0.7000000000000117,2.6055810545018345,-0.7139886407804514,-0.6449999999999999,-1.4109749355343648,-38.7,0.8960751496582505,-0.0019373506717629274,0.0,0.0,0.0,0.009686753358814637,0.003874701343525855,NORMAL,45.59999999999999,-0.9013690414743784,1.7999999999999758,56.00000000000005,0.8167656573056005,-5.999999999999915,0.0,0.08999999999999879,0.27225521910186684,0.0,0.081451043820373,NORMAL
2024-07-11,3.234,3.600000000000003,2.705058614016174,-0.6589019746446193,-0.5066666666666663,-1.1080416198814933,-30.399999999999984,0.8933331597002964,-0.0049914223787072,0.0,0.0,0.0,0.024957111893536,0.0099828447574144,NORMAL,45.1,-0.9173998648242556,1.0000000000000213,54.999999999999986,0.7803152726842837,-6.999999999999979,0.0,0.050000000000001064,0.26010509089476125,0.0,0.06702101817895256,NORMAL
2024-07-12,3.177,-5.699999999999994,2.8226294199035764,-0.5937959973482375,-0.6399999999999996,-1.3828929715481328,-38.39999999999999,0.8976613588590443,-0.0001706058201320637,0.0,0.0,0.0,0.0008530291006603186,0.0003412116402641274,NORMAL,45.1,-0.9169453224832733,0.8999999999999915,54.0,0.7438881813532933,-7.9999999999999645,0.0,0.044999999999999575,0.24796272711776443,0.0,0.06309254542355276,NORMAL
2024-07-15,3.177,0.0,2.8094015095933154,-0.6011210813419904,-0.7349999999999997,-1.6321651543714961,-44.09999999999998,0.8976613588590443,-0.0001706058201320637,0.0,0.0,0.0,0.0008530291006603186,0.0003412116402641274,NORMAL,46.19999999999997,-0.8802524595354844,1.2000000000000028,54.0,0.7435774627191433,-7.9999999999999645,0.0,0.060000000000000143,0.2478591542397144,0.0,0.06757183084794294,NORMAL
2024-07-16,3.137,-4.0000000000000036,2.9140133294496895,-0.5431912686040813,-0.825,-1.8248978640150146,-49.500000000000014,0.9007134074791651,0.0,0.0,0.0,0.0,-0.0,0.0,NORMAL,46.09999999999998,-0.8831273222801428,0.8999999999999915,52.00000000000004,0.6710663915721052,-9.999999999999922,0.0,0.044999999999999575,0.22368879719070175,0.0,0.058237759438140226,NORMAL
2024-07-17,3.139,0.19999999999997797,2.7547853101944426,-0.631365332976049,-0.705,-1.6020337294395561,-42.300000000000004,0.9005602861998936,-0.00017000000000000348,0.0,0.0,0.0,0.0008500000000000174,0.00034000000000000696,NORMAL,45.900000000000006,-0.8892949232281595,0.09999999999998721,53.00000000000003,0.7069114420601404,-8.999999999999936,0.0,0.004999999999999361,0.23563714735338015,0.0,0.04862742947067584,NORMAL
2024-07-18,3.138,-0.09999999999998899,2.5691438262580637,-0.734166110322116,-0.741666666666667,-1.6947532979978954,-44.50000000000003,0.9006368338242204,-8.501445000019814e-05,0.0,0.0,0.0,0.0004250722500009907,0.00017002890000039628,NORMAL,45.5,-0.9020475822598822,0.30000000000001137,55.00000000000003,0.7788450001614716,-6.999999999999936,0.0,0.015000000000000568,0.2596150000538239,0.0,0.056423000010764945,NORMAL
2024-07-19,3.156,1.8000000000000238,2.6194565527183062,-0.70630494868496,-0.8233333333333328,-1.9537715924056371,-49.39999999999998,0.8992588594684694,-0.001614884377891701,0.0,0.0,0.0,0.008074421889458505,0.003229768755783402,NORMAL,45.1,-0.9147892352049661,-0.9999999999999787,55.00000000000003,0.7785092541122645,-6.999999999999936,0.0,0.0,0.25950308470408817,0.0,0.051900616940817636,NORMAL
2024-07-22,3.145,-1.100000000000012,2.601512717834099,-0.7162415217803256,-0.7999999999999997,-1.9025938170215364,-48.0,0.9000996665020723,-0.0006813942947850871,0.0,0.0,0.0,0.0034069714739254353,0.0013627885895701741,NORMAL,45.099999999999966,-0.9143386181695983,-1.1000000000000512,53.99999999999996,0.7420579438298913,-8.000000000000007,0.0,0.0,0.24735264794329712,0.0,0.049470529588659426,NORMAL
2024-07-23,3.171,2.59999999999998,2.6846542460906493,-0.67020109184365,-0.7900000000000001,-1.8732616060968574,-47.40000000000002,0.8981104462391027,-0.0028898884133936598,0.0,0.0,0.0,0.014449442066968299,0.0057797768267873195,NORMAL,44.89999999999998,-0.9204794785181173,-1.2000000000000028,52.99999999999998,0.7056275880282521,-8.999999999999986,0.0,0.0,0.23520919600941737,0.0,0.04704183920188348,NORMAL
2024-07-24,3.131,-4.0000000000000036,2.7781620202080073,-0.6184202524356909,-0.9600000000000001,-2.3528983738443916,-57.60000000000001,0.9011640217563157,0.0,0.0,0.0,0.0,-0.0,0.0,NORMAL,46.30000000000001,-0.8738850201923537,0.19999999999998153,53.00000000000003,0.7053444404090252,-8.999999999999936,0.0,0.009999999999999076,0.23511481346967508,0.0,0.05002296269393475,NORMAL
2024-07-25,3.128,-0.29999999999996696,2.694126164357121,-0.6649559249762842,-0.943333333333333,-2.311454631017729,-56.59999999999998,0.9013938185818635,0.0,0.0,0.0,0.0,-0.0,0.0,NORMAL,45.99999999999999,-0.8833601717397304,-0.3999999999999986,50.99999999999998,0.6327938239694272,-9.000000000000028,0.0,0.0,0.21093127465647574,0.0,0.04218625493129515,NORMAL
2024-07-26,3.108,-2.0000000000000018,2.6423474411969243,-0.6936288965448546,-0.9933333333333334,-2.439790717218447,-59.60000000000001,0.9029261880734527,0.0,0.0,0.0,0.0,-0.0,0.0,NORMAL,45.80000000000002,-0.8895315171142114,-1.7999999999999758,50.0,0.5964149214844928,-6.999999999999986,0.0,0.0,0.19880497382816428,0.0,0.03976099476563286,NORMAL
2024-07-29,3.046,-6.200000000000028,2.585811488224062,-0.7249362303927284,-1.016666666666667,-2.470744767660365,-61.00000000000003,0.9076846090845999,0.0,0.0,0.0,0.0,-0.0,0.0,NORMAL,45.59999999999999,-0.8956978593462364,-1.5000000000000213,47.00000000000002,0.4877474048974604,-9.999999999999964,0.0,0.0,0.16258246829915346,0.0,0.03251649365983069,NORMAL
2024-07-30,3.052,0.6000000000000227,2.6097539710619566,-0.7116778476479863,-0.9766666666666663,-2.369774211614345,-58.59999999999999,0.9072216899339668,-0.0005100000000000104,0.0,0.0,0.0,0.0025500000000000522,0.0010200000000000209,NORMAL,45.69999999999998,-0.8919699141669294,-0.7999999999999972,45.000000000000014,0.4152651427063543,-10.999999999999993,0.0,0.0,0.13842171423545144,0.0,0.027684342847090287,NORMAL
2024-07-31,3.064,1.200000000000001,2.6619146255438353,-0.6827933778952321,-0.9166666666666662,-2.2195887236578358,-54.999999999999986,0.9062963238102342,-0.0015294797999999554,0.0,0.0,0.0,0.007647398999999777,0.003058959599999911,NORMAL,45.5,-0.8981352013790421,-0.8999999999999915,41.999999999999986,0.3066233593555598,-16.00000000000002,0.0,0.0,0.10220778645185326,0.0,0.020441557290370654,NORMAL
2024-08-01,3.01,-5.400000000000027,2.7601678057301973,-0.6283847237210243,-0.8766666666666669,-2.172557982805908,-52.60000000000002,0.9104562239365233,0.0,0.0,0.0,0.0,-0.0,0.0,NORMAL,45.5,-0.8977019181004161,-0.8000000000000114,38.99999999999997,0.19798996472073074,-18.000000000000057,0.0,0.0,0.06599665490691024,0.0,0.013199330981382049,NORMAL
2024-08-02,2.976,-3.399999999999981,2.804221441815324,-0.6039895942572681,-0.9233333333333328,-2.2760776859822256,-55.399999999999984,0.9130874424236999,0.0,0.0,0.0,0.0,-0.0,0.0,NORMAL,45.5,-0.8972692614081607,-1.1999999999999602,37.000000000000014,0.12555170167444007,-19.99999999999997,0.0,0.0,0.04185056722481336,0.0,0.008370113444962673,NORMAL
2024-08-05,2.878,-9.799999999999986,3.394438175356233,-0.27715133739731035,-1.1299999999999997,-2.6444423504914063,-67.8,0.9206934608190892,0.0,0.0,0.0,0.0,-0.0,0.0,NORMAL,46.49999999999998,-0.8638654002256251,0.3999999999999986,33.0,-0.01928967783976955,-23.000000000000007,0.0,0.019999999999999928,0.0,0.0,0.0059999999999999784,NORMAL
2024-08-06,2.993,11.499999999999977,4.489391003125847,0.3291894408878195,-0.9083333333333331,-1.9077558059768396,-54.49999999999999,0.9116936822395826,-0.009774999999999978,0.10972981362927316,0.0,0.0,0.04887499999999989,0.04149596272585459,NORMAL,46.30000000000001,-0.8700581626028152,0.4999999999999929,30.99999999999996,-0.091707617536008,-25.000000000000046,0.0,0.024999999999999644,0.0,0.0,0.007499999999999893,NORMAL
2024-08-07,3.001,0.8000000000000007,4.49142750722212,0.33031717483890727,-0.9216666666666664,-1.9398538615973588,-55.3,0.9110737305356597,-0.010448353000000021,0.11010572494630243,0.0,0.0,0.05224176500000011,0.04291785098926053,NORMAL,46.79999999999999,-0.8531622773056797,1.2000000000000028,27.0,-0.23656458470519542,-29.00000000000005,0.0,0.060000000000000143,0.0,0.0,0.018000000000000044,NORMAL
2024-08-08,2.997,-0.40000000000000036,4.3637592436845125,0.25961963215719475,-0.9149999999999997,-1.9255155786785367,-54.89999999999999,0.9113834956040417,-0.010111905440020053,0.08653987738573159,0.0,0.0,0.05055952720010026,0.037531786357186424,NORMAL,46.89999999999998,-0.8494716826840121,1.7999999999999758,25.99999999999998,-0.27272654368452903,-29.000000000000007,0.0,0.08999999999999879,0.0,0.0,0.026999999999999635,NORMAL
2024-08-09,3.012,1.5000000000000124,4.26761057267412,0.20637637040839837,-0.7433333333333335,-1.624418057022999,-44.600000000000016,0.9102214816471466,-0.01137401276058414,0.06879212346946613,0.0,0.0,0.0568700638029207,0.036506450215061506,NORMAL,46.79999999999999,-0.8523806572112022,1.6999999999999886,22.99999999999999,-0.38135709845638005,-31.00000000000001,0.0,0.08499999999999944,0.0,0.0,0.025499999999999832,NORMAL
2024-08-12,3.0,-1.200000000000001,4.263835066426015,0.20428564710156935,-0.7566666666666669,-1.6534663792986155,-45.40000000000002,0.9111499075584266,-0.010365614253599942,0.06809521570052311,0.0,0.0,0.05182807126799971,0.0343502716473045,NORMAL,47.49999999999996,-0.8288994139395893,1.29999999999999,22.99999999999999,-0.3812408988037045,-31.00000000000001,0.0,0.0649999999999995,0.0,0.0,0.01949999999999985,NORMAL
2024-08-13,2.974,-2.59999999999998,4.221283790756693,0.18072246433056624,-0.871666666666666,-1.9349707254806314,-52.29999999999997,0.9131635488541308,-0.008178522261100385,0.06024082144352208,0.0,0.0,0.040892611305501925,0.028405208810905185,NORMAL,47.69999999999998,-0.8219298339816641,1.6000000000000014,17.999999999999968,-0.5623712852021177,-34.00000000000007,0.0,0.08000000000000007,0.0,0.0,0.02400000000000002,NORMAL
2024-08-14,2.945,-2.900000000000036,4.238929855021125,0.1904941440490065,-0.9100000000000003,-2.0145311847860397,-54.60000000000002,0.9154144970020561,-0.005733682318474043,0.0634980480163355,0.0,0.0,0.028668411592370213,0.02416697424021519,NORMAL,48.20000000000002,-0.8050677769192031,2.3000000000000114,15.99999999999997,-0.6346786610103775,-37.00000000000006,0.0,0.11500000000000057,0.0,0.0,0.03450000000000017,NORMAL
2024-08-16,2.973,2.8000000000000025,4.319097737161991,0.23488788852636333,-0.841666666666667,-1.8462965811896552,-50.500000000000036,0.9132358104991912,-0.008100036154556123,0.0782959628421211,0.0,0.0,0.040500180772780614,0.03185926487753647,NORMAL,48.70000000000001,-0.7882173779866432,3.20000000000001,13.00000000000003,-0.743205469936615,-42.0,0.0,0.1600000000000005,0.0,0.0,0.04800000000000015,NORMAL
2024-08-19,2.985,1.200000000000001,4.301954879990446,0.22539486462998365,-0.8116666666666668,-1.7755999460895604,-48.70000000000001,0.912304309972482,-0.009111774117678495,0.07513162154332788,0.0,0.0,0.045558870588392475,0.03324987254402256,NORMAL,49.69999999999999,-0.7548778190147386,4.599999999999987,12.00000000000001,-0.7791549456139354,-43.000000000000014,0.0,0.22999999999999937,0.0,0.0,0.06899999999999981,NORMAL
2024-08-20,2.999,1.4000000000000234,4.330686100984819,0.241305057705877,-0.8599999999999999,-1.909122728041695,-51.6,0.9112186678436147,-0.010290931106478496,0.08043501923529234,0.0,0.0,0.05145465553239248,0.03666886606001546,NORMAL,49.800000000000026,-0.7512629105303724,4.70000000000006,11.00000000000003,-0.8150806416110865,-42.99999999999993,0.0,0.23500000000000298,0.0,0.0,0.0705000000000009,NORMAL
2024-08-21,2.997,-0.20000000000002238,4.262084985198274,0.20331652259978383,-0.8350000000000005,-1.854021840403642,-50.10000000000004,0.9113735750171481,-0.010122680564766617,0.06777217419992794,0.0,0.0,0.05061340282383309,0.03379979596951882,NORMAL,49.90000000000001,-0.7476503612601442,5.0000000000000355,10.0,-0.8509803771339282,-42.99999999999998,0.0,0.2500000000000018,0.0,0.0,0.07500000000000052,NORMAL
2024-08-22,2.98,-1.6999999999999904,4.203817187672218,0.17105016298603185,-0.8349999999999996,-1.8540218404036402,-50.09999999999999,0.9126905098330478,-0.008692307838182756,0.057016720995343946,0.0,0.0,0.04346153919091378,0.028787959875434303,NORMAL,51.500000000000014,-0.6945193940361678,5.200000000000003,11.00000000000003,-0.8143293176876968,-42.0,0.0,0.2600000000000001,0.0,0.0,0.07800000000000003,NORMAL
2024-08-23,3.005,2.499999999999991,4.265932982423218,0.20544738849011096,-0.885,-2.006199957449135,-53.100000000000016,0.9107510424996526,-0.010798836684026702,0.06848246283003699,0.0,0.0,0.05399418342013351,0.0352941659340608,NORMAL,51.90000000000001,-0.6810388445756531,5.90000000000002,11.00000000000003,-0.8139705433535888,-39.99999999999995,0.0,0.295000000000001,0.0,0.0,0.08850000000000029,NORMAL
2024-08-26,2.974,-3.0999999999999694,4.2917423771213095,0.21973959183569816,-0.983333333333333,-2.244234589972502,-58.999999999999986,0.9131508714966391,-0.008192291618689174,0.07324653061189938,0.0,0.0,0.04096145809344587,0.031033889359758225,NORMAL,52.400000000000006,-0.664262496412564,6.599999999999987,11.00000000000003,-0.8136122428847818,-38.99999999999997,0.0,0.32999999999999935,0.0,0.0,0.0989999999999998,NORMAL
2024-08-27,3.073,9.899999999999975,4.691232023118951,0.44096086888785185,-0.8416666666666663,-1.7803381883183422,-50.499999999999986,0.9054667069129949,-0.01653835348471777,0.14698695629595063,0.0,0.0,0.08269176742358886,0.062474098228625666,NORMAL,52.49999999999999,-0.660706148430286,6.900000000000006,10.0,-0.8495264142867757,-37.00000000000002,0.0,0.3450000000000003,0.0,0.0,0.10350000000000009,NORMAL
2024-08-28,3.054,-1.9000000000000128,4.711453010875105,0.4521584375344716,-0.7966666666666669,-1.6993072835277097,-47.80000000000002,0.9069290356446593,-0.014950062925595753,0.1507194791781572,0.0,0.0,0.07475031462797876,0.06004402168682295,NORMAL,53.69999999999999,-0.6208122355609663,8.000000000000007,10.0,-0.8491395690755119,-35.000000000000014,0.0,0.40000000000000036,0.0,0.0,0.1200000000000001,NORMAL
2024-08-29,3.075,2.100000000000035,4.727687205789884,0.4611482808681891,-0.6583333333333332,-1.4244794289602638,-39.5,0.9053101673160335,-0.01670837706327366,0.1537160936227297,0.0,0.0,0.0835418853163683,0.06415997285109326,NORMAL,54.49999999999999,-0.5941511096908011,8.999999999999993,10.0,-0.8487532519421558,-31.999999999999986,0.0,0.4499999999999996,0.0,0.0,0.13499999999999987,NORMAL
2024-08-30,3.088,1.29999999999999,4.555031919698648,0.36553873688733296,-0.57,-1.2397578673655445,-34.20000000000001,0.9043097995811493,-0.017794914306618725,0.12184624562911099,0.0,0.0,0.08897457153309363,0.059959077739059646,NORMAL,55.00000000000003,-0.5774144396112428,9.500000000000028,10.0,-0.8483674616862418,-28.99999999999997,0.0,0.4750000000000014,0.0,0.0,0.14250000000000043,NORMAL
2024-09-02,3.121,3.299999999999992,4.507756473130787,0.3393594985322668,-0.4399999999999995,-0.9579551454501197,-26.399999999999977,0.9017732105933243,-0.020549999571988553,0.11311983284408894,0.0,0.0,0.10274999785994277,0.0637239657127949,NORMAL,55.3,-0.5672946906319205,9.799999999999997,10.0,-0.8479821971111231,-27.000000000000014,0.0,0.4899999999999999,0.0,0.0,0.14699999999999996,NORMAL
2024-09-03,3.12,-0.09999999999998899,3.7785962305708316,-0.0644200778618704,-0.5216666666666661,-1.1574588493437652,-31.299999999999972,0.9018498613162246,-0.020466746321952334,0.0,0.0,0.0,0.10233373160976167,0.04093349264390467,NORMAL,56.400000000000006,-0.5307292237910815,9.900000000000027,11.00000000000003,-0.8113118814509919,-21.99999999999997,0.0,0.49500000000000133,0.0,0.0,0.14850000000000038,NORMAL
2024-09-04,3.052,-6.800000000000006,3.346714807090667,-0.30357861674912884,-0.6216666666666661,-1.343617512482256,-37.299999999999976,0.9070625535146323,-0.014805044115693278,0.0,0.0,0.0,0.07402522057846639,0.029610088231386555,NORMAL,56.59999999999998,-0.5239361318517568,10.299999999999969,11.00000000000003,-0.8109569949537907,-19.99999999999993,0.0,0.5149999999999985,0.0,0.0,0.15449999999999953,NORMAL
2024-09-05,3.03,-2.200000000000024,3.389841635797962,-0.27969671588531125,-0.5866666666666671,-1.277371594258202,-35.20000000000003,0.9087587604897047,-0.012962729548189555,0.0,0.0,0.0,0.06481364774094778,0.02592545909637911,NORMAL,57.500000000000014,-0.4939924419782168,10.700000000000024,11.00000000000003,-0.8106025738344041,-15.99999999999997,0.0,0.5350000000000013,0.0,0.0,0.16050000000000036,NORMAL
2024-09-06,2.99,-3.999999999999959,3.513623860287105,-0.21115110512370897,-0.5916666666666665,-1.2865738701379852,-35.5,0.9118485402753698,-0.009606802828653338,0.0,0.0,0.0,0.04803401414326669,0.019213605657306676,NORMAL,57.90000000000002,-0.4805975788555293,11.000000000000043,11.00000000000003,-0.8102486170765145,-14.999999999999948,0.0,0.5500000000000022,0.0,0.0,0.16500000000000065,NORMAL
2024-09-09,3.032,4.1999999999999815,3.625784851514715,-0.1490408653130036,-0.4499999999999999,-0.9733317426082504,-27.0,0.9085932409865868,-0.013142506542554888,0.0,0.0,0.0,0.06571253271277444,0.026285013085109776,NORMAL,57.40000000000003,-0.4969862803675938,10.600000000000037,11.00000000000003,-0.8098951236669091,-11.99999999999996,0.0,0.5300000000000018,0.0,0.0,0.15900000000000053,NORMAL
2024-09-10,3.01,-2.200000000000024,3.6514596937028827,-0.13482317172849329,-0.45500000000000007,-0.9835238051242026,-27.30000000000001,0.9102923103472317,-0.01129708302978949,0.0,0.0,0.0,0.05648541514894745,0.02259416605957898,NORMAL,57.40000000000003,-0.49682315147950507,9.90000000000007,11.00000000000003,-0.8095420925954678,-11.99999999999996,0.0,0.4950000000000035,0.0,0.0,0.14850000000000105,NORMAL
2024-09-11,2.943,-6.699999999999973,3.913737613236617,0.010415777223333275,-0.5599999999999997,-1.1809810938178753,-33.59999999999999,0.9154764250546592,-0.005666419917644161,0.0034719257411110916,0.0,0.0,0.028332099588220805,0.01202722498351054,NORMAL,58.60000000000003,-0.4569372285088605,10.900000000000048,11.00000000000003,-0.8091895228551511,-6.999999999999938,0.0,0.5450000000000024,0.0,0.0,0.1635000000000007,NORMAL
2024-09-12,2.97,2.7000000000000135,3.907331166167663,0.006868144847475912,-0.43499999999999933,-0.9221826426019915,-26.099999999999966,0.9133754066591587,-0.007948415483933213,0.002289381615825304,0.0,0.0,0.039742077419666066,0.016354707291031487,NORMAL,58.299999999999976,-0.46672491684418427,10.099999999999959,11.00000000000003,-0.808837413441987,-4.99999999999994,0.0,0.5049999999999979,0.0,0.0,0.15149999999999936,NORMAL
2024-09-13,2.928,-4.200000000000026,3.968146193189739,0.040545057569925595,-0.5683333333333335,-1.208552518973737,-34.10000000000002,0.916636156860932,-0.0044067913272106685,0.013515019189975198,0.0,0.0,0.022033956636053342,0.011516586492416377,NORMAL,58.80000000000001,-0.45001721696219865,10.100000000000001,9.00000000000003,-0.8811082789110087,-4.0,0.0,0.5050000000000001,0.0,0.0,0.15150000000000002,NORMAL
2024-09-19,2.979,5.100000000000016,4.13420901872731,0.1325039623985312,-0.4599999999999996,-0.9595293493187076,-27.59999999999998,0.9126625391209399,-0.008722687886807301,0.04416798746617707,0.0,0.0,0.043613439434036505,0.02627897326685002,NORMAL,58.9,-0.44656269083015865,9.20000000000001,9.00000000000003,-0.8806971435000411,-2.9999999999999805,0.0,0.4600000000000005,0.0,0.0,0.13800000000000015,NORMAL
2024-09-20,2.989,0.9999999999999787,4.127889737409471,0.12900459890515956,-0.458333333333333,-0.9558872437672584,-27.499999999999993,0.9118867759626871,-0.009565273602103463,0.04300153296838652,0.0,0.0,0.04782636801051732,0.02773085379788423,NORMAL,58.80000000000001,-0.44973516010750697,8.999999999999986,9.00000000000003,-0.8802865831732741,-2.0,0.0,0.4499999999999993,0.0,0.0,0.1349999999999998,NORMAL
2024-09-23,3.022,3.299999999999992,4.194843325598191,0.16608079957950705,-0.41500000000000004,-0.8588527474688659,-24.900000000000013,0.9093289335561118,-0.012343443009649513,0.055360266526502354,0.0,0.0,0.061717215048247565,0.0357589393245995,NORMAL,58.5,-0.4595345745405462,8.599999999999987,9.00000000000003,-0.8798765965911609,-0.9999999999999698,0.0,0.4299999999999994,0.0,0.0,0.1289999999999998,NORMAL
2024-09-24,3.026,0.40000000000000036,4.172983282219581,0.15397558793990426,-0.42000000000000026,-0.8695057638289458,-25.200000000000024,0.9090197617187027,-0.012679246239026276,0.05132519597996809,0.0,0.0,0.06339623119513138,0.03562353167404617,NORMAL,58.5,-0.4593886113032445,6.999999999999986,9.00000000000003,-0.8794671824185213,-2.0,0.0,0.3499999999999993,0.0,0.0,0.10499999999999979,NORMAL
2024-09-25,2.997,-2.8999999999999915,4.193026792689313,0.16507487681295913,-0.5049999999999997,-1.0462041663048176,-30.299999999999994,0.9112604954313392,-0.010245500581005484,0.055024958937653044,0.0,0.0,0.05122750290502742,0.03149599294954158,NORMAL,58.9,-0.44598221918626074,6.999999999999986,9.00000000000003,-0.8790583393245196,-2.0,0.0,0.3499999999999993,0.0,0.0,0.10499999999999979,NORMAL
2024-09-26,3.001,0.40000000000000036,4.131174804236418,0.1308237366123308,-0.4416666666666667,-0.9193559177164811,-26.500000000000014,0.9109506668628926,-0.010582017110807973,0.04360791220411026,0.0,0.0,0.052910085554039865,0.029885616662437997,NORMAL,58.80000000000001,-0.44915799508804344,6.400000000000006,9.00000000000003,-0.8786500659826485,-2.0,0.0,0.3200000000000003,0.0,0.0,0.09600000000000009,NORMAL
2024-09-27,3.0,-0.09999999999998899,3.4333158745936525,-0.25562243330600826,-0.5199999999999996,-1.0998273440050101,-31.19999999999998,0.9110280976695758,-0.010497916582262512,0.0,0.0,0.0,0.05248958291131256,0.020995833164525024,NORMAL,58.299999999999976,-0.4655992780797872,5.799999999999983,9.00000000000003,-0.878242361070711,-0.9999999999999698,0.0,0.28999999999999915,0.0,0.0,0.08699999999999974,NORMAL
2024-09-30,2.992,-0.8000000000000007,3.4161997969427245,-0.2651006277823789,-0.49500000000000016,-1.0490260499856672,-29.700000000000017,0.9116475967759912,-0.009825055165538443,0.0,0.0,0.0,0.049125275827692216,0.019650110331076887,NORMAL,58.59999999999999,-0.4554994218721479,4.899999999999999,9.00000000000003,-0.8778352232708015,-0.9999999999999698,0.0,0.24499999999999994,0.0,0.0,0.07349999999999998,NORMAL
2024-10-02,2.932,-6.000000000000005,3.5911111020641435,-0.16824179132070077,-0.5700000000000001,-1.186373240777962,-34.20000000000001,0.9162969995195488,-0.004775162946882627,0.0,0.0,0.0,0.023875814734413137,0.009550325893765255,NORMAL,59.00000000000003,-0.44208389965970357,4.5000000000000355,10.0,-0.8410985365079701,0.0,0.0,0.22500000000000178,0.0,0.0,0.06750000000000053,NORMAL
2024-10-04,2.996,6.400000000000006,3.908748621934342,0.00765307476496252,-0.3966666666666665,-0.8084661460466985,-23.799999999999997,0.9113123438421624,-0.010189186060451605,0.0025510249216541734,0.0,0.0,0.050945930302258025,0.020888577105234046,NORMAL,59.10000000000002,-0.4386271048673856,4.099999999999994,10.0,-0.8407230680393711,0.0,0.0,0.2049999999999997,0.0,0.0,0.06149999999999991,NORMAL
2024-10-07,3.101,10.499999999999998,4.55192267069641,0.36381696001066155,-0.2099999999999997,-0.40143816099239893,-12.599999999999989,0.9031788811733712,-0.019023247574861957,0.12127232000355385,0.0,0.0,0.09511623787430978,0.06230095915043468,NORMAL,58.59999999999999,-0.4550870512258922,3.29999999999999,11.00000000000003,-0.8040106110646472,1.0000000000000302,0.0,0.1649999999999995,0.0,0.03333333333333434,0.05616666666666672,NORMAL
2024-10-08,3.077,-2.400000000000002,4.580884194126712,0.37985468530045596,-0.22500000000000023,-0.429421684318516,-13.500000000000023,0.905021366090965,-0.017022054999914604,0.12661822843348533,0.0,0.0,0.08511027499957302,0.059367755686526275,NORMAL,58.5,-0.4582635756496667,2.0999999999999943,11.00000000000003,-0.8036648851972453,0.0,0.0,0.10499999999999972,0.0,0.0,0.03149999999999992,NORMAL
2024-10-10,3.088,1.100000000000012,4.3161386251577785,0.23324925147263564,-0.1716666666666661,-0.32795876139666147,-10.299999999999976,0.9041751711136699,-0.017941139378489734,0.07774975049087855,0.0,0.0,0.08970569689244867,0.05143222885515518,NORMAL,57.999999999999964,-0.4747220902168433,1.3999999999999844,12.00000000000001,-0.7669736668979041,0.9999999999999805,0.0,0.06999999999999922,0.0,0.03333333333333268,0.0276666666666663,NORMAL
2024-10-11,3.085,-0.30000000000001137,4.281769801329688,0.21421718099420417,-0.18833333333333316,-0.35994046444679484,-11.299999999999999,0.904405735782304,-0.017690714369031135,0.07140572699806806,0.0,0.0,0.08845357184515568,0.049662574137675886,NORMAL,57.60000000000001,-0.48785547795143785,0.09999999999999432,12.99999999999999,-0.7303043910815396,1.9999999999999591,0.0,0.004999999999999716,0.0,0.0666666666666653,0.014833333333332976,NORMAL
2024-10-14,3.087,0.20000000000002238,4.162397461989771,0.148113587026126,-0.24499999999999952,-0.47175734897917765,-14.69999999999998,0.904251986807221,-0.01785770694758837,0.04937119567537534,0.0,0.0,0.08928853473794185,0.04558965303025181,NORMAL,57.09999999999997,-0.5043075468232673,-0.8000000000000469,12.99999999999999,-0.7300123872474844,1.9999999999999591,0.0,0.0,0.0,0.0666666666666653,0.013333333333333062,NORMAL
2024-10-15,3.05,-3.7000000000000366,4.166141721317846,0.1501870070470695,-0.2116666666666669,-0.4114449087269603,-12.700000000000022,0.9070958593057297,-0.01476886943593858,0.0500623356823565,0.0,0.0,0.0738443471796929,0.039550206008348465,NORMAL,56.89999999999999,-0.5107877466053393,-0.5000000000000355,12.99999999999999,-0.7297207334518772,1.9999999999999591,0.0,0.0,0.0,0.0666666666666653,0.013333333333333062,NORMAL
2024-10-16,3.008,-4.1999999999999815,4.247215806297474,0.19508257016044744,-0.28166666666666657,-0.5430202560264566,-16.900000000000006,0.9103341915234512,-0.011251594299824808,0.06502752338681582,0.0,0.0,0.05625797149912404,0.03550869327701278,NORMAL,57.2,-0.5006504600695051,-0.20000000000002416,12.99999999999999,-0.7294294289958668,1.9999999999999591,0.0,0.0,0.0,0.0666666666666653,0.013333333333333062,NORMAL
2024-10-17,3.028,2.0000000000000018,3.9619074353543087,0.03709028473813827,-0.1816666666666665,-0.3519395823241137,-10.899999999999999,0.9087866233978613,-0.01293246658951508,0.012363428246046089,0.0,0.0,0.0646623329475754,0.028337618828239375,NORMAL,57.00000000000003,-0.5071351073523404,-1.6000000000000014,13.99999999999996,-0.6927676709754214,2.999999999999929,0.0,0.0,0.0,0.09999999999999763,0.01999999999999953,NORMAL
2024-10-18,3.072,4.400000000000004,4.030919968130557,0.07530664600387031,-0.11166666666666607,-0.21401086156421162,-6.699999999999973,0.9053877614263534,-0.016624099164470274,0.025102215334623437,0.0,0.0,0.08312049582235137,0.038268641395865235,NORMAL,57.2,-0.5003202598279595,-1.099999999999973,13.99999999999996,-0.6925008830377906,2.999999999999929,0.0,0.0,0.0,0.09999999999999763,0.01999999999999953,NORMAL
2024-10-21,3.054,-1.8000000000000238,3.9174508360197113,0.01247201045562127,-0.13999999999999999,-0.2679229187318596,-8.400000000000007,0.9067730047013357,-0.015119534036191817,0.004157336818540423,0.0,0.0,0.07559767018095909,0.031070535436091718,NORMAL,56.89999999999999,-0.5101329286337212,-1.90000000000002,13.99999999999996,-0.6922344031334384,4.999999999999929,0.0,0.0,0.0,0.1666666666666643,0.03333333333333286,NORMAL
2024-10-22,3.13,7.600000000000007,4.10307650941403,0.11526403256024319,-0.04333333333333359,-0.08064226732424169,-2.6000000000000245,0.900915251090965,-0.021481861846318062,0.03842134418674773,0.0,0.0,0.10740930923159031,0.05064799252998567,NORMAL,56.89999999999999,-0.509965817444915,-2.000000000000007,14.000000000000009,-0.6919682306700059,4.999999999999979,0.0,0.0,0.0,0.16666666666666596,0.033333333333333194,NORMAL
2024-10-23,3.128,-0.19999999999997797,4.108076128029295,0.11803261999654753,-0.028333333333333027,-0.052756172617204285,-1.6999999999999904,0.9010684066836505,-0.021315513762831917,0.03934420666551584,0.0,0.0,0.10657756881415958,0.050499868858767005,NORMAL,57.2,-0.4998196606337114,-1.6000000000000085,14.000000000000009,-0.6917023650567321,4.999999999999979,0.0,0.0,0.0,0.16666666666666596,0.033333333333333194,NORMAL
2024-10-24,3.074,-5.400000000000027,4.274945367456386,0.21043808435994826,-0.1616666666666665,-0.29798909921596356,-9.699999999999998,0.9052043106703286,-0.016823351971003264,0.07014602811998276,0.0,0.0,0.08411675985501632,0.04767590956600308,NORMAL,56.89999999999999,-0.5096386106640931,-1.6000000000000085,14.000000000000009,-0.6914368057044397,4.999999999999979,0.0,0.0,0.0,0.16666666666666596,0.033333333333333194,NORMAL
2024-10-25,3.054,-2.0000000000000018,4.304391881983352,0.22674437818671914,-0.1283333333333331,-0.23785512148635493,-7.699999999999996,0.9067431579984682,-0.015151951669353902,0.07558145939557305,0.0,0.0,0.07575975834676951,0.045420195217822416,NORMAL,56.89999999999999,-0.5094719880769629,-1.6000000000000085,14.000000000000009,-0.6911715520255353,4.999999999999979,0.0,0.0,0.0,0.16666666666666596,0.033333333333333194,NORMAL
2024-10-28,3.117,6.300000000000017,4.451492948852575,0.30820302472379596,-0.018333333333333385,-0.033329601203793476,-1.100000000000012,0.9018875483873864,-0.02042581296816448,0.10273434157459865,0.0,0.0,0.1021290648408224,0.06139849425124869,NORMAL,57.100000000000016,-0.5026488649896687,-1.799999999999983,12.99999999999999,-0.7273120985447686,3.999999999999959,0.0,0.0,0.0,0.13333333333333197,0.026666666666666394,NORMAL
2024-10-29,3.118,0.09999999999998899,4.452707632795788,0.3088756677718062,0.01666666666666646,0.030356181608590417,0.9999999999999787,0.9018108879457735,-0.020509076774062218,0.1029585559239354,0.010118727202863472,0.009999999999999787,0.10254538387031109,0.06563361017348417,NORMAL,56.800000000000004,-0.5124725444495232,-2.000000000000007,12.99999999999999,-0.7270237724779419,3.999999999999959,0.0,0.0,0.0,0.13333333333333197,0.026666666666666394,NORMAL
2024-10-30,3.105,-1.29999999999999,4.470473305920454,0.31871358205996014,0.09833333333333376,0.18231738887725943,5.900000000000016,0.9028073889769535,-0.0194267393038976,0.10623786068665338,0.060772462959086476,0.05900000000000016,0.097133696519488,0.0840555433369432,NORMAL,56.49999999999999,-0.522293630359165,-1.799999999999983,10.99999999999998,-0.7995601069418843,1.9999999999999503,0.0,0.0,0.0,0.06666666666666501,0.013333333333333003,NORMAL
2024-10-31,3.1,-0.49999999999998934,4.466294826104094,0.3163997082202427,0.08000000000000022,0.148319806161727,4.800000000000004,0.9031910821172686,-0.019009995668101798,0.10546656940674758,0.04943993538724233,0.04800000000000004,0.09504997834050899,0.0786012922950016,NORMAL,56.70000000000002,-0.5154610343464511,-1.8999999999999702,10.99999999999998,-0.7992206223300099,1.9999999999999503,0.0,0.0,0.0,0.06666666666666501,0.013333333333333003,NORMAL
2024-11-01,3.09,-1.000000000000023,4.213749424268878,0.17655023560596192,0.04333333333333315,0.08034647459586475,2.59999999999998,0.9039587945370683,-0.018176154164419756,0.05885007853532064,0.02678215819862158,0.0259999999999998,0.09088077082209878,0.05867875567562792,NORMAL,56.800000000000004,-0.5119612877920944,-2.200000000000024,10.99999999999998,-0.7988815698467238,0.9999999999999805,0.0,0.0,0.0,0.03333333333333268,0.006666666666666536,NORMAL
2024-11-04,3.096,0.6000000000000227,4.0015786358570224,0.05905859787297781,0.14333333333333398,0.26970873790598043,8.60000000000003,0.9034977755518544,-0.01867688432579584,0.019686199290992603,0.0899029126353268,0.0860000000000003,0.0933844216289792,0.07647159103685562,NORMAL,57.2,-0.49846803100057785,-1.90000000000002,10.99999999999998,-0.798542948575965,0.9999999999999805,0.0,0.0,0.0,0.03333333333333268,0.006666666666666536,NORMAL
2024-11-05,3.073,-2.300000000000013,3.2758124745505564,-0.3428414730149766,0.16166666666666676,0.30521630565781677,9.699999999999998,0.9052641137030583,-0.01675839763465281,0.0,0.1017387685526056,0.09699999999999998,0.08379198817326405,0.07326454897982673,NORMAL,57.3,-0.49497491128980237,-1.29999999999999,10.0,-0.8346282386069209,-1.0000000000000302,0.0,0.0,0.0,0.0,0.0,NORMAL
2024-11-06,3.134,6.099999999999994,3.510176933612199,-0.2130598742959952,0.42666666666666647,0.8346801887475356,25.59999999999998,0.900570319273508,-0.021856505342917054,0.0,0.2782267295825119,0.2559999999999998,0.10928252671458527,0.15055835660233646,NORMAL,56.89999999999999,-0.5081469606141578,-1.6000000000000085,10.0,-0.834262234638706,-1.0000000000000302,0.0,0.0,0.0,0.0,0.0,NORMAL
2024-11-07,3.098,-3.600000000000003,3.6086883460541936,-0.1585082214985704,0.17500000000000013,0.3647675265804399,10.499999999999998,0.9033260644504849,-0.018863386249266423,0.0,0.12158917552681331,0.10499999999999998,0.09431693124633211,0.08304460760389551,NORMAL,56.999999999999986,-0.504648338903031,-0.9999999999999787,10.99999999999998,-0.7974674473924421,-1.0000000000000302,0.0,0.0,0.0,0.0,0.0,NORMAL
2024-11-08,3.049,-4.899999999999993,3.774931160055488,-0.06644964630754495,0.08000000000000022,0.16426735526696487,4.800000000000004,0.9070884175089211,-0.01477695225299469,0.0,0.05475578508898829,0.04800000000000004,0.07388476126497345,0.05010506152378705,NORMAL,57.2,-0.4978166287827307,-0.4000000000000057,10.99999999999998,-0.797130588580578,-2.000000000000009,0.0,0.0,0.0,0.0,0.0,NORMAL
2024-11-11,3.038,-1.100000000000012,3.7792334226874464,-0.06406722652973368,0.06833333333333336,0.14021538761748975,4.0999999999999925,0.9079365451792919,-0.013855768703351257,0.0,0.04673846253916325,0.040999999999999925,0.06927884351675628,0.04525922991453515,NORMAL,57.00000000000003,-0.5043258554424829,-0.09999999999994458,10.99999999999998,-0.7967941563564614,-2.000000000000009,0.0,0.0,0.0,0.0,0.0,NORMAL
2024-11-12,3.014,-2.400000000000002,3.727507986507024,-0.09271068991496556,0.003333333333333114,0.006824412871604665,0.19999999999997797,0.9097887357314577,-0.01184403447150606,0.0,0.0022748042905348883,0.0019999999999997797,0.0592201723575303,0.024543029801119054,NORMAL,56.70000000000002,-0.5141688511155744,-0.19999999999997442,10.0,-0.8328977964725868,-2.9999999999999893,0.0,0.0,0.0,0.0,0.0,NORMAL
2024-11-13,3.067,5.300000000000038,3.79299562212688,-0.05644627473401197,0.1116666666666671,0.2251906303207531,6.700000000000017,0.9056901374769875,-0.016295677096211936,0.0,0.07506354344025103,0.06700000000000017,0.08147838548105968,0.061004062880474115,NORMAL,56.19999999999998,-0.5306811876026989,-1.0000000000000213,10.99999999999998,-0.7960915556173893,-2.000000000000009,0.0,0.0,0.0,0.0,0.0,NORMAL
2024-11-14,3.074,0.6999999999999673,3.7733274440472284,-0.06733771964544133,0.1666666666666662,0.33750189666588215,9.999999999999964,0.9051512518451886,-0.016880981168339693,0.0,0.11250063222196072,0.09999999999999964,0.08440490584169846,0.07626208878107146,NORMAL,56.30000000000002,-0.5271693554347734,-0.70000000000001,12.00000000000001,-0.7593087554126957,-1.9999999999999485,0.0,0.0,0.0,0.0,0.0,NORMAL
2024-11-15,3.084,1.000000000000023,3.650147798017008,-0.13554964672451886,0.23166666666666721,0.47158228045927136,13.900000000000023,0.9043818732811202,-0.017716632334346727,0.0,0.1571940934864238,0.13900000000000023,0.08858316167173363,0.09467208336597827,NORMAL,56.49999999999999,-0.5203214171935335,-0.70000000000001,12.00000000000001,-0.7590004581964993,-1.9999999999999485,0.0,0.0,0.0,0.0,0.0,NORMAL
2024-11-18,3.063,-2.0999999999999908,3.658799774444301,-0.1307585306256497,0.15000000000000066,0.30562017919535317,9.00000000000003,0.9059961949249269,-0.01596325652306363,0.0,0.10187339306511772,0.0900000000000003,0.07981628261531815,0.07030119165915086,NORMAL,56.70000000000002,-0.513475488584301,-0.19999999999997442,12.00000000000001,-0.7586925362631082,-1.9999999999999485,0.0,0.0,0.0,0.0,0.0,NORMAL
2024-11-19,3.036,-2.7000000000000135,3.2403865916211108,-0.36245890025212285,0.08500000000000041,0.17250172710618744,5.100000000000016,0.9080754561922796,-0.013704892196784058,0.0,0.05750057570206248,0.051000000000000156,0.06852446098392029,0.04910989953398064,NORMAL,56.800000000000004,-0.509970043192838,-0.09999999999998721,12.00000000000001,-0.758384988851701,-1.9999999999999982,0.0,0.0,0.0,0.0,0.0,NORMAL
2024-11-20,3.017,-1.9000000000000128,3.2551942297940064,-0.35425902658943087,0.029999999999999805,0.060811210781864196,1.7999999999999794,0.90954199805403,-0.012112025597681986,0.0,0.020270403593954732,0.017999999999999794,0.06056012798840993,0.03187813191415488,NORMAL,56.49999999999999,-0.5198222510286902,-0.70000000000001,12.00000000000001,-0.7580778152036141,-1.9999999999999982,0.0,0.0,0.0,0.0,0.0,NORMAL
2024-11-21,2.978,-3.89999999999997,3.153377470853144,-0.41064104715960076,-0.03166666666666599,-0.06363206872981221,-1.8999999999999684,0.9125571297775791,-0.008837176962538273,0.0,0.0,0.0,0.04418588481269137,0.017674353925076547,NORMAL,56.699999999999974,-0.5129730164581318,-0.20000000000001705,12.00000000000001,-0.7577710145623321,-1.9999999999999982,0.0,0.0,0.0,0.0,0.0,NORMAL
2024-11-22,2.976,-0.20000000000002238,3.1333351997008188,-0.42173964974858774,-0.006666666666666525,-0.01341761095557938,-0.40000000000000036,0.9127122644896413,-0.008668679282621938,0.0,0.0,0.0,0.04334339641310969,0.017337358565243877,NORMAL,56.89999999999999,-0.5061257321978132,0.0,12.00000000000001,-0.7574645861734838,-1.9999999999999982,0.0,0.0,0.0,0.0,0.0,NORMAL
2024-11-25,2.92,-5.600000000000005,2.918592847679557,-0.5406553158422395,-0.14166666666666647,-0.2813022835569155,-8.499999999999996,0.917056774868612,-0.0039499421960071945,0.0,0.0,0.0,0.019749710980035973,0.007899884392014389,NORMAL,56.89999999999999,-0.5059625062199055,-0.20000000000002416,12.00000000000001,-0.7571585292848313,-0.9999999999999787,0.0,0.0,0.0,0.0,0.0,NORMAL
2024-11-26,2.903,-1.6999999999999904,2.9111175282282655,-0.5447948466960562,-0.11833333333333347,-0.2358062998237485,-7.100000000000017,0.9183819219082971,-0.0025106498624803963,0.0,0.0,0.0,0.012553249312401982,0.005021299724960793,NORMAL,56.999999999999986,-0.502457722193497,0.19999999999998153,12.00000000000001,-0.7568528431462627,-0.9999999999999787,0.0,0.009999999999999076,0.0,0.0,0.0029999999999997225,NORMAL
2024-11-27,2.88,-2.300000000000013,2.9237457949835797,-0.5378018211532055,-0.3216666666666666,-0.6794641755655425,-19.300000000000004,0.9201773585656278,-0.0005605581829616346,0.0,0.0,0.0,0.002802790914808173,0.0011211163659232692,NORMAL,57.49999999999997,-0.48558439997751285,0.9999999999999787,12.00000000000001,-0.7565475270097863,1.0000000000000302,0.0,0.049999999999998934,0.0,0.03333333333333434,0.02166666666666655,NORMAL
2024-11-28,2.788,-9.200000000000008,3.429347030067319,-0.2578202195648846,-0.44333333333333325,-0.8948809840879224,-26.6,0.9273731455096109,0.0,0.0,0.0,0.0,-0.0,0.0,NORMAL,58.20000000000003,-0.4620289368939078,1.5000000000000142,8.99999999999998,-0.8657011697220397,-2.0,0.0,0.0750000000000007,0.0,0.0,0.02250000000000021,NORMAL
2024-11-29,2.751,-3.699999999999992,3.4591564228717235,-0.2413129783624965,-0.5400000000000004,-1.087768721792498,-32.40000000000003,0.9302897340522386,0.0,0.0,0.0,0.0,-0.0,0.0,NORMAL,58.699999999999974,-0.44516621782498345,1.8999999999999702,10.0,-0.8288262310470624,-0.9999999999999805,0.0,0.0949999999999985,0.0,0.0,0.02849999999999955,NORMAL
2024-12-02,2.697,-5.399999999999983,3.5094571480051098,-0.21345846257681636,-0.6516666666666666,-1.2982894599092647,-39.1,0.9345597639315384,0.0,0.0,0.0,0.0,-0.0,0.0,NORMAL,58.9,-0.4383405705297278,1.6999999999999957,12.00000000000001,-0.7554834395607615,1.0000000000000302,0.0,0.08499999999999978,0.0,0.03333333333333434,0.0321666666666668,NORMAL
2024-12-03,2.713,1.6000000000000014,3.5988302193029846,-0.16396725507076299,-0.6799999999999997,-1.3628549761533846,-40.79999999999999,0.9332887626525914,-0.0013600000000001389,0.0,0.0,0.0,0.006800000000000694,0.0027200000000002778,NORMAL,58.400000000000006,-0.45493288911797175,1.1000000000000085,13.00000000000003,-0.7186809359029699,3.00000000000003,0.0,0.055000000000000424,0.0,0.100000000000001,0.036500000000000324,NORMAL
2024-12-04,2.765,5.200000000000005,3.4990938676658554,-0.2191972298616958,-0.5916666666666665,-1.1637308935595654,-35.5,0.9291636263216669,-0.005773988800000129,0.0,0.0,0.0,0.028869944000000647,0.011547977600000259,NORMAL,58.400000000000006,-0.45479242610264975,1.5000000000000142,14.000000000000009,-0.681897336396446,4.000000000000009,0.0,0.0750000000000007,0.0,0.13333333333333364,0.04916666666666694,NORMAL
2024-12-05,2.738,-2.7000000000000135,3.4810766634537167,-0.22917443193602013,-0.5233333333333333,-1.0492262651001072,-31.400000000000006,0.9312960568440751,-0.0034922401042961626,0.0,0.0,0.0,0.017461200521480813,0.006984480208592325,NORMAL,59.09999999999997,-0.4312260200724231,2.099999999999987,14.000000000000009,-0.681641906349148,3.0000000000000284,0.0,0.10499999999999936,0.0,0.10000000000000095,0.0515,NORMAL
2024-12-06,2.744,0.6000000000000227,3.4402990996041036,-0.2517554045350957,-0.47666666666666585,-0.9565775069360762,-28.59999999999996,0.9308210958550847,-0.004000459061842987,0.0,0.0,0.0,0.020002295309214935,0.008000918123685974,NORMAL,59.20000000000001,-0.42774801849559274,2.000000000000007,14.000000000000009,-0.6813867631718251,3.0000000000000284,0.0,0.10000000000000035,0.0,0.10000000000000095,0.050000000000000294,NORMAL
2024-12-09,2.677,-6.700000000000017,3.6267246351146296,-0.1485204510038753,-0.5216666666666668,-1.031625350660737,-31.30000000000002,0.9361221219959793,0.0,0.0,0.0,0.0,-0.0,0.0,NORMAL,59.399999999999984,-0.42092273021597504,2.399999999999956,14.000000000000009,-0.6811319063278631,3.0000000000000284,0.0,0.1199999999999978,0.0,0.10000000000000095,0.05599999999999953,NORMAL
2024-12-10,2.645,-3.200000000000003,3.6380265037661887,-0.1422619313120073,-0.6449999999999998,-1.2869726310556884,-38.7,0.9386683741678085,0.0,0.0,0.0,0.0,-0.0,0.0,NORMAL,65.09999999999998,-0.2299083860335235,8.399999999999963,12.00000000000001,-0.753925618479912,2.0000000000000107,0.0,0.41999999999999815,0.0,0.06666666666666703,0.13933333333333286,NORMAL
2024-12-11,2.692,4.700000000000015,3.5779845841214133,-0.1755107283047545,-0.5299999999999992,-1.0427482558992438,-31.79999999999996,0.9349183940130081,-0.003994999999999971,0.0,0.0,0.0,0.019974999999999854,0.007989999999999942,NORMAL,65.20000000000002,-0.2264967592242447,9.000000000000036,10.0,-0.8266741042352603,-0.9999999999999805,0.0,0.4500000000000018,0.0,0.0,0.13500000000000054,NORMAL
2024-12-12,2.7,0.8000000000000007,3.5818401621747986,-0.17337566445694405,-0.4049999999999997,-0.8135522228342164,-24.29999999999999,0.9342826495050793,-0.004672283399999921,0.0,0.0,0.0,0.023361416999999607,0.009344566799999843,NORMAL,65.10000000000002,-0.22978671596360617,8.800000000000004,14.000000000000009,-0.6802006609091947,1.9999999999999982,0.0,0.4400000000000002,0.0,0.06666666666666661,0.14533333333333337,NORMAL
2024-12-13,2.676,-2.400000000000002,3.518582250371808,-0.2084053483872072,-0.4899999999999999,-0.9877346135486579,-29.400000000000006,0.9361885861100697,-0.0026418148581358603,0.0,0.0,0.0,0.013209074290679301,0.0052836297162717205,NORMAL,65.60000000000001,-0.2129675657288188,9.100000000000016,15.00000000000003,-0.6434087207415086,3.0000000000000195,0.0,0.4550000000000008,0.0,0.10000000000000066,0.15650000000000036,NORMAL
2024-12-16,2.721,4.499999999999993,3.8100835741628054,-0.04698365509050896,-0.3449999999999996,-0.6915377439690529,-20.699999999999985,0.9326076647681988,-0.006456709916303427,0.0,0.0,0.0,0.032283549581517135,0.012913419832606854,NORMAL,65.90000000000002,-0.20285386219901017,9.200000000000003,11.00000000000003,-0.789343526694062,-0.9999999999999805,0.0,0.46000000000000013,0.0,0.0,0.13800000000000004,NORMAL
2024-12-17,2.79,6.899999999999995,4.257266234272134,0.20064809240551726,-0.315,-0.6233937474100407,-18.900000000000006,0.9271379208143333,-0.012283841312644261,0.06688269746850575,0.0,0.0,0.06141920656322131,0.03794422211898967,NORMAL,65.8,-0.20615323960185572,8.999999999999993,12.00000000000001,-0.7524743228464887,0.0,0.0,0.4499999999999996,0.0,0.0,0.13499999999999987,NORMAL
2024-12-18,2.738,-5.200000000000005,4.347591589786108,0.250666636558497,-0.418333333333333,-0.818221951259044,-25.099999999999987,0.9312358704243328,-0.007918135891246014,0.08355554551949901,0.0,0.0,0.03959067945623007,0.032547380886391836,NORMAL,66.69999999999999,-0.17591267035141922,10.199999999999996,14.000000000000009,-0.6790757854329265,1.9999999999999982,0.0,0.5099999999999998,0.0,0.06666666666666661,0.16633333333333328,NORMAL
2024-12-19,2.814,7.600000000000007,4.741485443458228,0.46878918918369084,-0.346666666666666,-0.6603862179953729,-20.799999999999976,0.9252200867013916,-0.01432698473338867,0.15626306306123028,0.0,0.0,0.07163492366694335,0.0599065820790234,NORMAL,67.19999999999997,-0.15909235770673688,10.5,14.999999999999991,-0.6422669286579012,2.9999999999999805,0.0,0.525,0.0,0.09999999999999935,0.17749999999999988,NORMAL
2024-12-20,2.873,5.900000000000016,4.9739611451723444,0.5975248701507414,-0.25499999999999917,-0.47658095594986566,-15.299999999999958,0.9205801079665841,-0.019270134904950664,0.1991749567169138,0.0,0.0,0.09635067452475332,0.07837526115328408,NORMAL,67.09999999999998,-0.16240656343265367,10.199999999999989,15.99999999999997,-0.6054730205787001,3.999999999999959,0.0,0.5099999999999995,0.0,0.13333333333333197,0.17966666666666622,NORMAL
2024-12-23,2.844,-2.900000000000036,4.864111321440783,0.5366944618202247,-0.2549999999999999,-0.47658095594986694,-15.300000000000002,0.9228493379327216,-0.01685263578749152,0.1788981539400749,0.0,0.0,0.0842631789374576,0.06948490236299804,NORMAL,67.59999999999997,-0.14558164204427274,10.699999999999974,16.99999999999999,-0.568692355691036,4.999999999999979,0.0,0.5349999999999987,0.0,0.16666666666666596,0.1938333333333328,NORMAL
2024-12-24,2.876,3.200000000000003,4.917238741621688,0.5661142874819282,-0.20833333333333318,-0.3871962332792826,-12.5,0.9203391877335445,-0.0195267966181496,0.18870476249397605,0.0,0.0,0.097633983090748,0.07679454573509442,NORMAL,68.19999999999999,-0.12539970651541643,11.200000000000003,16.99999999999999,-0.5685011918390063,4.999999999999979,0.0,0.5600000000000002,0.0,0.16666666666666596,0.20133333333333323,NORMAL
2024-12-26,2.904,2.8000000000000025,4.931275056637026,0.5738870334439543,-0.16,-0.2960841182393895,-9.600000000000009,0.9181487804667386,-0.02186032284219841,0.19129567781465143,0.0,0.0,0.10930161421099205,0.0819797812473271,NORMAL,68.19999999999999,-0.1253673742889452,10.700000000000017,18.00000000000001,-0.5317260539968925,6.0,0.0,0.5350000000000008,0.0,0.2,0.20050000000000023,NORMAL
2024-12-27,2.876,-2.8000000000000025,4.481822937388896,0.32499855087623497,-0.19333333333333336,-0.3566499370861691,-11.60000000000001,0.9203339745642495,-0.019532350410562893,0.10833285029207833,0.0,0.0,0.09766175205281447,0.06073127087954146,NORMAL,68.70000000000003,-0.10853978506987504,10.5,14.000000000000009,-0.6779091272388551,5.000000000000028,0.0,0.525,0.0,0.1666666666666676,0.19083333333333352,NORMAL
2024-12-30,2.855,-2.0999999999999908,4.417858495267871,0.2895776189103908,-0.1283333333333331,-0.24027109382777814,-7.699999999999996,0.9219767707088466,-0.017782215656045763,0.09652587297013027,0.0,0.0,0.08891107828022882,0.054869605906117586,NORMAL,68.80000000000001,-0.10515203095902688,10.100000000000037,14.000000000000009,-0.6776581845568109,4.000000000000009,0.0,0.5050000000000019,0.0,0.13333333333333364,0.17816666666666728,NORMAL
2024-12-31,2.855,0.0,4.196477219362873,0.1669855841435425,-0.23499999999999988,-0.4497201959081853,-14.100000000000001,0.9219767707088466,-0.017782215656045763,0.05566186138118084,0.0,0.0,0.08891107828022882,0.046696803588327694,NORMAL,68.79999999999997,-0.10512508497702665,9.89999999999997,18.99999999999999,-0.49440904307283884,6.999999999999979,0.0,0.4949999999999985,0.0,0.23333333333333262,0.19516666666666607,NORMAL
2025-01-02,2.749,-10.599999999999987,4.900225558718267,0.5566930719727812,-0.5866666666666662,-1.1316546313533555,-35.19999999999999,0.9302837814129333,-0.008932433419106767,0.18556435732426038,0.0,0.0,0.04466216709553383,0.05497773830306561,NORMAL,69.0,-0.09837496639095053,10.599999999999994,28.000000000000018,-0.16473537406539002,14.999999999999988,0.0,0.5299999999999997,0.0,0.4999999999999996,0.2589999999999998,NORMAL
2025-01-03,2.754,0.49999999999998934,4.757429093422973,0.47761814042538103,-0.538333333333333,-1.0396504486252327,-32.3,0.9298884108058328,-0.00935363713490367,0.15920604680846034,0.0,0.0,0.04676818567451835,0.05054848363149941,NORMAL,68.79999999999997,-0.10507470001773009,10.399999999999963,31.0,-0.05481740511824199,16.999999999999993,0.0,0.5199999999999981,0.0,0.5666666666666664,0.26933333333333276,NORMAL
2025-01-06,2.817,6.300000000000017,4.917046075161704,0.5660075965557686,-0.4516666666666663,-0.8528946407267965,-27.09999999999999,0.9249088583659676,-0.014658548408046257,0.18866919885192288,0.0,0.0,0.07329274204023128,0.0670509365864771,NORMAL,67.8,-0.13868054745754593,8.700000000000024,35.00000000000001,0.09173494201703873,21.0,0.0,0.4350000000000012,0.030578314005679577,0.7,0.27661566280113625,NORMAL
2025-01-07,2.794,-2.300000000000013,4.953308304345159,0.5860881586656786,-0.4849999999999997,-0.9143083006110414,-29.099999999999994,0.926717055184073,-0.012732205870183977,0.19536271955522622,0.0,0.0,0.06366102935091988,0.06453695565141321,NORMAL,67.89999999999998,-0.13528069475834859,8.699999999999967,39.000000000000014,0.23828381924048214,25.000000000000007,0.0,0.4349999999999984,0.07942793974682738,0.8333333333333336,0.3130522546160317,WARNING
2025-01-08,2.796,0.19999999999997797,4.676309273460491,0.4326972511204131,-0.48500000000000043,-0.9143083006110428,-29.100000000000037,0.9265595132846917,-0.01290004139518619,0.1442324170401377,0.0,0.0,0.06450020697593095,0.05464656619839992,NORMAL,67.7,-0.14197573868778005,8.300000000000018,39.000000000000014,0.23822015559974993,25.000000000000007,0.0,0.4150000000000009,0.07940671853324997,0.8333333333333336,0.307048010373317,WARNING
2025-01-09,2.778,-1.7999999999999794,4.62672727347937,0.4052407363783805,-0.45333333333333287,-0.8583536779452295,-27.19999999999998,0.9279771493400173,-0.011389778458520738,0.13508024545946015,0.0,0.0,0.05694889229260369,0.04979560600893351,NORMAL,67.39999999999999,-0.15203643308690634,2.3000000000000114,41.999999999999986,0.34813345685461017,29.999999999999975,0.0,0.11500000000000057,0.1160444856182034,0.9999999999999992,0.2577088971236407,NORMAL
2025-01-10,2.837,5.900000000000016,4.689167247356845,0.4398174792268289,-0.28499999999999953,-0.5330207447650056,-17.09999999999998,0.9233233439360771,-0.01634765871955124,0.14660582640894296,0.0,0.0,0.0817382935977562,0.06201648272089107,NORMAL,65.90000000000002,-0.20249571356614435,0.7000000000000028,39.99999999999999,0.27470119769781093,29.999999999999993,0.0,0.03500000000000014,0.09156706589927031,0.9999999999999998,0.22881341317985407,NORMAL
2025-01-13,2.871,3.399999999999981,4.727241879730043,0.46090167723114944,-0.26166666666666655,-0.4873810890862294,-15.700000000000003,0.9206549394721019,-0.01919041398585175,0.15363389241038314,0.0,0.0,0.09595206992925875,0.06910760645378013,NORMAL,64.19999999999999,-0.2596871393434836,-0.9000000000000341,39.000000000000014,0.23795032529116397,25.000000000000007,0.0,0.0,0.07931677509705466,0.8333333333333336,0.18253002168607768,NORMAL
2025-01-14,2.841,-2.9999999999999805,4.750830952248463,0.4739643555740859,-0.3849999999999997,-0.722484003498998,-23.099999999999987,0.9230026095677558,-0.016689349541515575,0.1579881185246953,0.0,0.0,0.08344674770757787,0.06497632278797022,NORMAL,64.6,-0.24614480026284538,-1.0000000000000142,35.00000000000001,0.09114260301743995,19.99999999999998,0.0,0.0,0.030380867672479984,0.666666666666666,0.13940950686782919,NORMAL
2025-01-15,2.86,1.8999999999999684,4.680021929773175,0.43475317066420127,-0.3233333333333331,-0.6058608321275821,-19.399999999999995,0.921511960353304,-0.01827739624200586,0.14491772355473376,0.0,0.0,0.0913869812100293,0.06553833719495847,NORMAL,64.00000000000001,-0.26629233586075446,-1.9000000000000057,34.99999999999996,0.09111942809553353,23.99999999999993,0.0,0.0,0.030373142698511175,0.7999999999999976,0.16607462853970176,NORMAL
2025-01-16,2.802,-5.799999999999983,4.65531953790499,0.4210739809027855,-0.5466666666666663,-1.0430154290521523,-32.79999999999998,0.9260550143178456,-0.013437503805479145,0.14035799363426185,0.0,0.0,0.06718751902739573,0.05494660633781066,NORMAL,64.99999999999999,-0.23252351054967524,-0.8000000000000114,32.999999999999964,0.017685934947136096,20.999999999999954,0.0,0.0,0.0058953116490453655,0.6999999999999985,0.14117906232980879,NORMAL
2025-01-17,2.813,1.100000000000012,4.49091187551973,0.3300316387684882,-0.5249999999999997,-1.0003589053502744,-31.499999999999993,0.9251891528794585,-0.014359939739420957,0.11001054625616273,0.0,0.0,0.07179969869710479,0.05072198873007446,NORMAL,65.3,-0.22235018509075724,-1.3999999999999915,31.99999999999998,-0.019033046342870324,17.99999999999997,0.0,0.0,0.0,0.5999999999999991,0.11999999999999983,NORMAL
2025-01-20,2.868,5.499999999999972,4.334937624756119,0.24365938034609422,-0.3433333333333331,-0.6506904770577788,-20.599999999999994,0.920863893589747,-0.018967807021139205,0.08121979344869808,0.0,0.0,0.09483903510569602,0.054179572732018025,NORMAL,64.49999999999996,-0.24926202824936206,-2.700000000000017,28.999999999999957,-0.12919907925409913,13.999999999999966,0.0,0.0,0.0,0.46666666666666556,0.09333333333333312,NORMAL
2025-01-21,2.818,-4.999999999999982,4.274634487298287,0.2102659314486679,-0.3933333333333328,-0.7384451732632505,-23.599999999999977,0.9247775651375034,-0.01479842020097899,0.07008864381622264,0.0,0.0,0.07399210100489495,0.04361456916520251,NORMAL,64.79999999999997,-0.23907905995847029,-2.3000000000000114,28.999999999999996,-0.12916602099217897,13.000000000000027,0.0,0.0,0.0,0.43333333333333424,0.08666666666666685,NORMAL
2025-01-22,2.827,0.8999999999999897,4.236094899786816,0.18892426001420695,-0.4833333333333332,-0.9277793216968164,-29.000000000000004,0.9240701103001732,-0.0155520994095254,0.06297475333806898,0.0,0.0,0.077760497047627,0.0436991494866646,NORMAL,64.99999999999999,-0.23226963344212578,-2.59999999999998,24.00000000000002,-0.3128358409723181,7.000000000000032,0.0,0.0,0.0,0.2333333333333344,0.046666666666666884,NORMAL
2025-01-23,2.837,1.000000000000023,4.174417702853251,0.15476991231749346,-0.46833333333333266,-0.898123510694762,-28.09999999999997,0.923284650706418,-0.01638888012502726,0.05158997077249782,0.0,0.0,0.0819444006251363,0.043095754404554085,NORMAL,64.00000000000001,-0.265945203087326,-4.199999999999974,22.99999999999999,-0.34949679826129726,6.0,0.0,0.0,0.0,0.2,0.04000000000000001,NORMAL
2025-01-24,2.859,2.1999999999999797,4.15386630299505,0.14338937475565758,-0.4099999999999998,-0.7837278588378939,-24.6,0.921558108409597,-0.01822823291919351,0.04779645825188586,0.0,0.0,0.09114116459596755,0.04601575748876419,NORMAL,64.00000000000001,-0.26587364488430043,-4.199999999999974,22.00000000000002,-0.38615296611384103,4.000000000000011,0.0,0.0,0.0,0.1333333333333337,0.02666666666666674,NORMAL
2025-01-31,2.859,0.0,4.109459562367868,0.11879871021731556,-0.40166666666666667,-0.7677366882302223,-24.10000000000001,0.921558108409597,-0.01822823291919351,0.03959957007243852,0.0,0.0,0.09114116459596755,0.04437637985287472,NORMAL,63.10000000000002,-0.2961793758030629,-5.6000000000000085,22.00000000000002,-0.386041508975494,8.000000000000012,0.0,0.0,0.0,0.2666666666666671,0.05333333333333343,NORMAL
2025-02-03,2.835,-2.400000000000002,4.117740821577298,0.12338453805106336,-0.42499999999999966,-0.8108295509466094,-25.49999999999999,0.9234380869507526,-0.016225418514348666,0.041128179350354455,0.0,0.0,0.08112709257174333,0.040676472898768225,NORMAL,62.40000000000001,-0.31973037547372496,-6.399999999999999,22.99999999999999,-0.3491596698183896,8.99999999999998,0.0,0.0,0.0,0.2999999999999993,0.059999999999999866,NORMAL
2025-02-04,2.844,0.8999999999999897,4.123804451946602,0.12674233234512994,-0.4200000000000002,-0.8010007344357238,-25.200000000000024,0.9227316568142352,-0.016978006069185203,0.04224744411504331,0.0,0.0,0.08489003034592602,0.04240550096137907,NORMAL,62.40000000000001,-0.3196419462352855,-6.399999999999956,25.0,-0.2755021110637835,6.000000000000011,0.0,0.0,0.0,0.20000000000000034,0.04000000000000007,NORMAL
2025-02-05,2.818,-2.59999999999998,3.365377119714018,-0.2932441796175378,-0.42499999999999966,-0.8100303860919056,-25.49999999999999,0.9247708937757947,-0.014805527462598111,0.0,0.0,0.0,0.07402763731299056,0.029611054925196223,NORMAL,62.000000000000014,-0.33306349975447574,-6.999999999999986,24.00000000000002,-0.31221626853976203,-3.9999999999999964,0.0,0.0,0.0,0.0,0.0,NORMAL
2025-02-06,2.796,-2.200000000000024,3.4126544692241665,-0.26706388748967164,-0.5633333333333332,-1.09676200778649,-33.80000000000001,0.9265002153471554,-0.012963213798953155,0.0,0.0,0.0,0.06481606899476577,0.02592642759790631,NORMAL,61.400000000000034,-0.35323996761354254,-7.399999999999935,25.99999999999998,-0.23853613407762836,-5.000000000000021,0.0,0.0,0.0,0.0,0.0,NORMAL
2025-02-07,2.836,4.0000000000000036,3.2305246437202872,-0.36792004982308035,-0.43666666666666654,-0.8453509598166159,-26.200000000000003,0.9233501146149752,-0.01631913887203662,0.0,0.0,0.0,0.0815956943601831,0.03263827774407324,NORMAL,60.70000000000002,-0.3767927653923826,-7.09999999999998,25.99999999999998,-0.2384729706496615,-9.000000000000028,0.0,0.0,0.0,0.0,0.0,NORMAL
2025-02-10,2.83,-0.5999999999999783,3.1862533681921255,-0.39243569924525723,-0.3649999999999996,-0.7142902888820837,-21.899999999999984,0.9238210231734288,-0.01581746163286135,0.0,0.0,0.0,0.07908730816430676,0.0316349232657227,NORMAL,60.099999999999994,-0.396962565649489,-7.799999999999983,25.99999999999998,-0.23840985737310966,-13.000000000000036,0.0,0.0,0.0,0.0,0.0,NORMAL
2025-02-11,2.849,1.9000000000000128,3.209406405191478,-0.37961447981204366,-0.3149999999999993,-0.6149671248522024,-18.899999999999963,0.9223290522210037,-0.017406916432324282,0.0,0.0,0.0,0.08703458216162141,0.034813832864648564,NORMAL,59.50000000000002,-0.4171291454016836,-8.199999999999982,25.99999999999998,-0.23834679418163973,-13.000000000000036,0.0,0.0,0.0,0.0,0.0,NORMAL
2025-02-12,2.879,2.9999999999999805,3.226285953326433,-0.3702672658557147,-0.22499999999999948,-0.4378137284192826,-13.499999999999979,0.9199771131378401,-0.019912528795421824,0.0,0.0,0.0,0.09956264397710912,0.03982505759084365,NORMAL,58.70000000000002,-0.44405396159060095,-8.699999999999974,27.0,-0.20145104231415012,-14.999999999999986,0.0,0.0,0.0,0.0,0.0,NORMAL
2025-02-13,2.872,-0.7000000000000117,2.9730145962429364,-0.5105187432496345,-0.32500000000000034,-0.643114299673512,-19.50000000000003,0.920524499520157,-0.019329376750055305,0.0,0.0,0.0,0.09664688375027652,0.03865875350011061,NORMAL,59.60000000000001,-0.41348662380966955,-6.300000000000011,27.0,-0.20139862793031138,-12.999999999999993,0.0,0.0,0.0,0.0,0.0,NORMAL
2025-02-14,2.846,-2.59999999999998,2.932912150782971,-0.5327258624739968,-0.3799999999999995,-0.7503143628152721,-22.799999999999976,0.9225588586640966,-0.017162094672672934,0.0,0.0,0.0,0.08581047336336467,0.03432418934534587,NORMAL,59.699999999999996,-0.40998327450465394,-4.499999999999993,27.0,-0.20134625443839302,-12.000000000000014,0.0,0.0,0.0,0.0,0.0,NORMAL
2025-02-17,2.869,2.300000000000013,2.8987111473531386,-0.5516650007746107,-0.3583333333333329,-0.7054967067775996,-21.499999999999986,0.9207552560954082,-0.019083542777587947,0.0,0.0,0.0,0.09541771388793974,0.038167085555175895,NORMAL,59.19999999999996,-0.42677879642711575,-5.400000000000034,27.99999999999998,-0.16443420856290492,-7.000000000000028,0.0,0.0,0.0,0.0,0.0,NORMAL
2025-02-18,2.878,0.8999999999999897,2.8752848829106687,-0.5646375225619594,-0.30833333333333324,-0.6075877838283748,-18.500000000000007,0.9200508783244952,-0.019833943867363146,0.0,0.0,0.0,0.09916971933681573,0.03966788773472629,NORMAL,58.30000000000002,-0.4571058711687991,-5.699999999999996,28.999999999999996,-0.12752302290435688,-5.999999999999961,0.0,0.0,0.0,0.0,0.0,NORMAL
2025-02-19,2.873,-0.49999999999998934,2.5270067585771563,-0.7574999213907974,-0.2716666666666662,-0.5370345290027018,-16.299999999999983,0.920441899947783,-0.01941737329350679,0.0,0.0,0.0,0.09708686646753395,0.03883474658701358,NORMAL,58.400000000000006,-0.453583652168646,-6.59999999999998,29.999999999999982,-0.09061232988890199,-2.9999999999999822,0.0,0.0,0.0,0.0,0.0,NORMAL
2025-02-20,2.888,1.499999999999968,2.5347843259234604,-0.7531930178253451,-0.21499999999999986,-0.4249459487717306,-12.9,0.9192683365253496,-0.020667616142557632,0.0,0.0,0.0,0.10333808071278816,0.041335232285115264,NORMAL,58.400000000000006,-0.45344723766483114,-6.8999999999999915,31.0,-0.053701862949779265,-0.9999999999999787,0.0,0.0,0.0,0.0,0.0,NORMAL
2025-02-21,2.856,-3.200000000000003,2.34866143288378,-0.8562603801447246,-0.20333333333333373,-0.4029280540166437,-12.200000000000033,0.9217687464006986,-0.01800383205846523,0.0,0.0,0.0,0.09001916029232615,0.03600766411693046,NORMAL,58.20000000000003,-0.46008224927653635,-6.299999999999926,33.0,0.020105558934186418,4.000000000000043,0.0,0.0,0.006701852978062139,0.13333333333333475,0.028007037262279377,NORMAL
2025-02-24,2.825,-3.0999999999999694,2.169956342029878,-0.9552200623554988,-0.2516666666666662,-0.496439506905077,-15.09999999999998,0.9241976070474645,-0.015416272155939326,0.0,0.0,0.0,0.07708136077969663,0.03083254431187865,NORMAL,58.099999999999994,-0.46332964412153765,-6.699999999999974,31.0,-0.05371186912781743,2.0000000000000036,0.0,0.0,0.0,0.06666666666666679,0.013333333333333358,NORMAL
2025-02-25,2.797,-2.8000000000000025,2.248625311045303,-0.9116563556003272,-0.2049999999999995,-0.40942016737322123,-12.299999999999978,0.9263971973522375,-0.013072962883670436,0.0,0.0,0.0,0.06536481441835218,0.026145925767340872,NORMAL,58.19999999999999,-0.4598025039582146,-6.799999999999997,27.0,-0.20135811153727104,2.9999999999999787,0.0,0.0,0.0,0.09999999999999928,0.019999999999999858,NORMAL
2025-02-26,2.752,-4.500000000000037,2.429614437681294,-0.811431866359862,-0.2516666666666669,-0.49812880941585974,-15.100000000000025,0.9299406666321097,-0.009297966966700488,0.0,0.0,0.0,0.04648983483350244,0.018595933933400977,NORMAL,57.699999999999996,-0.4766019547145138,-6.3000000000000185,25.0,-0.27515129803244326,2.0000000000000107,0.0,0.0,0.0,0.06666666666666703,0.013333333333333405,NORMAL
2025-02-27,2.754,0.20000000000002238,2.355927574617273,-0.8522366834866769,-0.20999999999999966,-0.4166024218930396,-12.599999999999989,0.9297825767187823,-0.00946638631231611,0.0,0.0,0.0,0.047331931561580554,0.01893277262463222,NORMAL,58.00000000000001,-0.46629163150846664,-6.000000000000007,21.999999999999968,-0.3858668084378687,-5.3290705182007514e-14,0.0,0.0,0.0,0.0,0.0,NORMAL
2025-02-28,2.706,-4.800000000000004,2.5371502870242617,-0.751882843853582,-0.13666666666666627,-0.2806562701352533,-8.199999999999985,0.933576089631795,-0.0054250091684703294,0.0,0.0,0.0,0.027125045842351647,0.010850018336940659,NORMAL,59.10000000000002,-0.4288716343923023,-4.0,15.99999999999997,-0.6073586230234215,-6.0000000000000515,0.0,0.0,0.0,0.0,0.0,NORMAL
2025-03-04,2.703,-0.30000000000001137,2.5092250848251365,-0.7673466961819764,-0.07999999999999992,-0.1655600224460358,-4.800000000000004,0.9338141515346512,-0.005171392545808118,0.0,0.0,0.0,0.02585696272904059,0.010342785091616236,NORMAL,59.10000000000002,-0.4287454264080698,-3.29999999999999,17.999999999999968,-0.533277119800655,-5.000000000000021,0.0,0.0,0.0,0.0,0.0,NORMAL
2025-03-05,2.773,7.000000000000028,3.0262839815261975,-0.4810203030316975,0.12666666666666693,0.2591347658892756,7.600000000000007,0.92825795733302,-0.011090622760160707,0.0,0.08637825529642519,0.07600000000000007,0.05545311380080353,0.054656896579606463,NORMAL,58.59999999999999,-0.44557125839213324,-3.8000000000000256,18.00000000000001,-0.5331069519170917,-6.999999999999989,0.0,0.0,0.0,0.0,0.0,NORMAL
2025-03-06,2.806,3.299999999999992,3.0829582512494906,-0.4496363749379538,0.1550000000000001,0.3156375770829493,9.299999999999997,0.9256541937627009,-0.013864513563318415,0.0,0.10521252569431644,0.09299999999999997,0.06932256781659207,0.0673715322655001,NORMAL,58.00000000000001,-0.4657847719443113,-4.000000000000007,18.00000000000001,-0.5329369468491117,-6.000000000000011,0.0,0.0,0.0,0.0,0.0,NORMAL
2025-03-07,2.773,-3.299999999999992,3.132558228131046,-0.42216990531245624,0.013333333333333494,0.027388768233363926,0.8000000000000007,0.9282506537762052,-0.011098403523863598,0.0,0.00912958941112131,0.008000000000000007,0.05549201761931799,0.02562272492995146,NORMAL,57.90000000000002,-0.46903573984039565,-3.500000000000014,16.99999999999999,-0.5697248756826675,-8.99999999999999,0.0,0.0,0.0,0.0,0.0,NORMAL
2025-03-10,2.801,2.8000000000000025,3.0602502477652553,-0.46221115273361396,0.10500000000000043,0.21569951269113352,6.300000000000017,0.9260414172202178,-0.013451989323476798,0.0,0.07189983756371117,0.06300000000000017,0.06725994661738399,0.05388394615969587,NORMAL,56.999999999999986,-0.49942422831963623,-3.7000000000000313,16.99999999999999,-0.569537664464469,-8.99999999999999,0.0,0.0,0.0,0.0,0.0,NORMAL
2025-03-11,2.76,-4.100000000000037,3.1834274809261394,-0.39400056180439985,0.0266666666666661,0.05423185410560801,1.599999999999957,0.9292686715592302,-0.010013869506269146,0.0,0.018077284701869336,0.01599999999999957,0.05006934753134573,0.026843195952912076,NORMAL,57.09999999999997,-0.49587663852264086,-3.0000000000000213,16.000000000000007,-0.606319681066539,-9.999999999999972,0.0,0.0,0.0,0.0,0.0,NORMAL
2025-03-12,2.763,0.30000000000001137,3.14376576065945,-0.4159636251663328,0.14333333333333323,0.2996579499174118,8.599999999999985,0.9290317080479826,-0.01026631596954497,0.0,0.09988598330580394,0.08599999999999985,0.05133157984772485,0.0577098286002507,NORMAL,57.699999999999996,-0.47536230974278987,-1.8000000000000256,16.000000000000007,-0.6061141738058741,-9.999999999999972,0.0,0.0,0.0,0.0,0.0,NORMAL
2025-03-13,2.77,0.7000000000000117,3.0524321622704607,-0.46654049361788713,0.20833333333333348,0.4385708674365206,12.5,0.928478934181694,-0.01085520751154323,0.0,0.14619028914550686,0.125,0.05427603755771615,0.07594847285218784,NORMAL,56.800000000000004,-0.5057655429117781,-1.9000000000000128,16.000000000000007,-0.605908875395936,-10.999999999999993,0.0,0.0,0.0,0.0,0.0,NORMAL
2025-03-14,2.813,4.300000000000015,3.23817281161687,-0.36368480246149704,0.2016666666666668,0.4254526111261234,12.1,0.9250853436772599,-0.014470531728088543,0.0,0.14181753704204114,0.121,0.07235265864044271,0.08150457086458532,NORMAL,56.49999999999999,-0.5157925519430581,-3.1000000000000156,16.000000000000007,-0.605703785483185,-10.999999999999993,0.0,0.0,0.0,0.0,0.0,NORMAL
2025-03-17,2.805,-0.8000000000000007,3.1954696549630146,-0.3873320908049348,0.17500000000000013,0.36905462127927635,10.499999999999998,0.9257144017109604,-0.013800371689663637,0.0,0.12301820709309212,0.10499999999999998,0.06900185844831819,0.07320438479794569,NORMAL,56.999999999999986,-0.4986540568967236,-2.70000000000001,16.000000000000007,-0.6054989037149197,-10.999999999999993,0.0,0.0,0.0,0.0,0.0,NORMAL
2025-03-18,2.788,-1.7000000000000348,3.1553588502235663,-0.40954383906161607,0.18666666666666623,0.3944328436482784,11.199999999999966,0.9270520590214327,-0.012375313226755225,0.0,0.13147761454942614,0.11199999999999966,0.06187656613377612,0.07344614936339561,NORMAL,57.00000000000003,-0.4985000535868844,-2.199999999999932,16.000000000000007,-0.6052942297392724,-11.999999999999972,0.0,0.0,0.0,0.0,0.0,NORMAL
2025-03-19,2.811,2.300000000000013,3.201031905988735,-0.3842519401989744,0.1499999999999999,0.3198359840639524,8.999999999999986,0.9252396722460458,-0.014306119489397084,0.0,0.10661199468798414,0.08999999999999986,0.07153059744698542,0.06793463791639097,NORMAL,56.30000000000002,-0.5221226537881768,-2.0,16.000000000000007,-0.6050897632052088,-12.99999999999999,0.0,0.0,0.0,0.0,0.0,NORMAL
2025-03-20,2.792,-1.9000000000000128,3.2200809077772505,-0.37370337018109456,0.003333333333333114,0.007310508167311124,0.19999999999997797,0.926733934316723,-0.012714223872372532,0.0,0.0024368360557703744,0.0019999999999997797,0.06357111936186266,0.026315814955899096,NORMAL,57.00000000000003,-0.4981777214614593,-1.3999999999999773,16.000000000000007,-0.6048855037625237,-13.999999999999975,0.0,0.0,0.0,0.0,0.0,NORMAL
2025-03-21,2.805,1.3000000000000345,3.2141586441048116,-0.3769828812917887,0.1116666666666671,0.2493630792739422,6.700000000000017,0.925709893319303,-0.013805174654993646,0.0,0.0831210264246474,0.06700000000000017,0.06902587327496823,0.05763455459491681,NORMAL,56.800000000000004,-0.5048199605916823,-1.6000000000000014,16.000000000000007,-0.6046814510618389,-14.999999999999993,0.0,0.0,0.0,0.0,0.0,NORMAL
2025-03-24,2.816,1.0999999999999677,3.161445372310781,-0.4061733682561031,0.003333333333333114,0.007754702883069205,0.19999999999997797,0.9248443545690495,-0.01472726681669112,0.0,0.002584900961023068,0.0019999999999997797,0.0736363340834556,0.03037151382558681,NORMAL,56.699999999999974,-0.5080621082025454,-1.5000000000000568,16.000000000000007,-0.6044776047546014,-16.999999999999993,0.0,0.0,0.0,0.0,0.0,NORMAL
2025-03-25,2.821,0.5000000000000338,3.089302425092793,-0.446123226966493,-0.0866666666666666,-0.20724500821213074,-5.200000000000005,0.9244512957183576,-0.015146007728294109,0.0,0.0,0.0,0.07573003864147054,0.030292015456588217,NORMAL,56.699999999999974,-0.5079043988375496,-1.40000000000002,14.999999999999991,-0.641299971270046,-16.000000000000007,0.0,0.0,0.0,0.0,0.0,NORMAL
2025-03-26,2.839,1.7999999999999794,3.042315600085946,-0.4721426383249092,-0.008333333333333007,-0.020003865527162747,-0.49999999999998934,0.9230368852359084,-0.016652834336469913,0.0,0.0,0.0,0.08326417168234956,0.033305668672939825,NORMAL,56.89999999999999,-0.5009472940925607,-1.2999999999999972,14.999999999999991,-0.6410767763649723,-12.000000000000009,0.0,0.0,0.0,0.0,0.0,NORMAL
2025-03-27,2.838,-0.09999999999998899,2.8358791452238874,-0.5864588330804889,-0.06333333333333287,-0.15334121278038113,-3.799999999999981,0.9231153433711534,-0.0165692498273885,0.0,0.0,0.0,0.0828462491369425,0.033138499654777,NORMAL,56.00000000000001,-0.5313961639415387,-1.6999999999999886,14.999999999999991,-0.6408538143683888,-10.000000000000009,0.0,0.0,0.0,0.0,0.0,NORMAL
2025-03-28,2.842,0.40000000000000036,2.835378003203913,-0.5867363453483384,-0.1033333333333329,-0.25187905988157583,-6.199999999999983,0.9228014841544072,-0.016903616282447187,0.0,0.0,0.0,0.08451808141223593,0.033807232564894374,NORMAL,55.500000000000014,-0.5482328297858667,-2.499999999999993,16.000000000000007,-0.603588875238105,-5.999999999999961,0.0,0.0,0.0,0.0,0.0,NORMAL
2025-03-31,2.771,-7.100000000000017,3.0939457008809947,-0.4435519678365945,-0.17499999999999982,-0.41248785677380206,-10.499999999999998,0.9283705911112791,-0.010970629606711801,0.0,0.0,0.0,0.05485314803355901,0.021941259213423603,NORMAL,57.100000000000016,-0.4936324980470367,-2.000000000000007,16.000000000000007,-0.6033860945645053,3.730349362740526e-14,0.0,0.0,0.0,1.2434497875801752e-15,2.4868995751603504e-16,NORMAL
2025-04-01,2.787,1.6000000000000014,3.1029018676071582,-0.43859240340106065,-0.11333333333333329,-0.2672993160264317,-6.800000000000006,0.9271080071073677,-0.012315709550446696,0.0,0.0,0.0,0.06157854775223348,0.024631419100893392,NORMAL,57.2,-0.49007914467146724,-1.90000000000002,15.00000000000003,-0.6402373736316952,-2.999999999999938,0.0,0.0,0.0,0.0,0.0,NORMAL
2025-04-02,2.767,-2.0000000000000018,2.728427347296177,-0.6459613112980555,-0.14666666666666664,-0.3449748262186781,-8.800000000000008,0.9286840907194504,-0.01063664625668237,0.0,0.0,0.0,0.05318323128341185,0.02127329251336474,NORMAL,56.699999999999974,-0.5069440205960528,-1.9000000000000128,16.000000000000007,-0.6029560524239581,-2.0000000000000036,0.0,0.0,0.0,0.0,0.0,NORMAL
2025-04-03,2.738,-2.8999999999999915,2.6819866948922244,-0.6716782742653467,-0.018333333333333385,-0.04706295295422197,-1.100000000000012,0.9309732970030737,-0.008197865589705144,0.0,0.0,0.0,0.04098932794852572,0.01639573117941029,NORMAL,57.2,-0.4897698335922851,-0.8000000000000043,14.999999999999991,-0.6398189790057233,-3.0000000000000195,0.0,0.0,0.0,0.0,0.0,NORMAL
2025-04-04,2.692,-4.599999999999982,2.771751298936804,-0.6219702516926163,-0.1033333333333329,-0.2603920280656218,-6.199999999999983,0.9346134025943559,-0.004319919244160753,0.0,0.0,0.0,0.021599596220803763,0.008639838488321505,NORMAL,57.40000000000003,-0.48281226000398153,-0.4999999999999929,17.00000000000003,-0.5654551672389232,3.907985046680551e-14,0.0,0.0,0.0,1.3026616822268502e-15,2.6053233644537007e-16,NORMAL
2025-04-07,2.648,-4.400000000000004,2.8009913658522607,-0.6057782802387028,-0.28166666666666657,-0.7258741438452,-16.900000000000006,0.9381088567200588,-0.0005960757421338281,0.0,0.0,0.0,0.0029803787106691404,0.0011921514842676562,NORMAL,58.10000000000004,-0.45883207677034066,1.1000000000000512,18.00000000000001,-0.5281927831583931,1.0000000000000213,0.0,0.05500000000000256,0.0,0.03333333333333404,0.023166666666667578,NORMAL
2025-04-08,2.686,3.799999999999981,2.86229572932379,-0.571830392697905,-0.18000000000000002,-0.4587514803849506,-10.80000000000001,0.935078765112853,-0.003824150417486738,0.0,0.0,0.0,0.01912075208743369,0.007648300834973476,NORMAL,58.20000000000003,-0.45529016966721086,1.1000000000000583,19.99999999999997,-0.4538524621273947,3.9999999999999645,0.0,0.055000000000002915,0.0,0.13333333333333214,0.043166666666667304,NORMAL
2025-04-09,2.732,4.600000000000026,3.0692833039652685,-0.45720901000408104,-0.10666666666666587,-0.26643689492827594,-6.399999999999961,0.9314226071412618,-0.007719197989354387,0.0,0.0,0.0,0.038595989946771936,0.015438395978708774,NORMAL,57.599999999999966,-0.47559241058382057,-0.10000000000002984,19.99999999999997,-0.45371815025533385,3.9999999999999645,0.0,0.0,0.0,0.13333333333333214,0.02666666666666643,NORMAL
2025-04-10,2.702,-3.000000000000025,3.1260198335903056,-0.42579060488418424,-0.12666666666666662,-0.31487685164985985,-7.600000000000007,0.933797734789472,-0.005188881944227175,0.0,0.0,0.0,0.025944409721135875,0.01037776388845435,NORMAL,58.00000000000001,-0.4618220645429721,1.2000000000000028,21.999999999999968,-0.37937682353499663,5.999999999999961,0.0,0.060000000000000143,0.0,0.1999999999999987,0.05799999999999979,NORMAL
2025-04-11,2.696,-0.5999999999999783,2.9290334313737727,-0.5348737410726698,-0.23499999999999988,-0.6038988603889832,-14.100000000000001,0.9342739716342147,-0.004681528274018798,0.0,0.0,0.0,0.02340764137009399,0.009363056548037596,NORMAL,58.5,-0.444647089588312,2.000000000000007,21.999999999999968,-0.37927043556129536,5.999999999999961,0.0,0.10000000000000035,0.0,0.1999999999999987,0.06999999999999984,NORMAL
2025-04-14,2.691,-0.5000000000000338,2.928642581200548,-0.5350901781576433,-0.3000000000000001,-0.7807522665420107,-18.000000000000014,0.9346710380721593,-0.0042585179235350434,0.0,0.0,0.0,0.021292589617675217,0.008517035847070087,NORMAL,59.00000000000003,-0.42747543549383316,2.0000000000000426,21.999999999999968,-0.37916413704641533,5.999999999999961,0.0,0.10000000000000213,0.0,0.1999999999999987,0.07000000000000038,NORMAL
2025-04-15,2.664,-2.699999999999969,2.957345894014099,-0.5191954395083251,-0.29499999999999993,-0.7688670234757407,-17.700000000000003,0.9368161081045349,-0.001973291222169604,0.0,0.0,0.0,0.009866456110848021,0.003946582444339208,NORMAL,58.5,-0.4443961942045348,1.4999999999999716,21.999999999999968,-0.37905792786504683,5.999999999999961,0.0,0.07499999999999858,0.0,0.1999999999999987,0.06249999999999932,NORMAL
2025-04-16,2.629,-3.500000000000014,2.9402649361472153,-0.5286541860626934,-0.3849999999999997,-0.9986875923372359,-23.099999999999987,0.9396031360261458,0.0,0.0,0.0,0.0,-0.0,0.0,NORMAL,58.999999999999986,-0.42721798688549456,2.6999999999999673,20.99999999999999,-0.41608702010506743,4.999999999999982,0.0,0.13499999999999837,0.0,0.16666666666666607,0.07383333333333272,NORMAL
2025-04-17,2.645,1.6000000000000014,2.982100107748149,-0.5054875528846481,-0.2616666666666666,-0.6963877302505276,-15.700000000000003,0.9383252757611502,-0.0013600000000000279,0.0,0.0,0.0,0.006800000000000139,0.0027200000000000557,NORMAL,58.30000000000002,-0.4509662332231449,1.29999999999999,22.00000000000002,-0.378824845977492,6.000000000000014,0.0,0.0649999999999995,0.0,0.20000000000000048,0.05949999999999995,NORMAL
2025-04-18,2.62,-2.499999999999991,2.9666346341657097,-0.5140517093037202,-0.3216666666666666,-0.8535622064013733,-19.300000000000004,0.9403192169721426,0.0,0.0,0.0,0.0,-0.0,0.0,NORMAL,58.00000000000001,-0.461066198374563,1.2000000000000028,22.00000000000002,-0.37871891137028924,6.000000000000014,0.0,0.060000000000000143,0.0,0.20000000000000048,0.05800000000000014,NORMAL
2025-04-21,2.602,-1.8000000000000238,2.9331319707600407,-0.5326041350236457,-0.4433333333333332,-1.2165081664026898,-26.6,0.94175790537411,0.0,0.0,0.0,0.0,-0.0,0.0,NORMAL,58.70000000000002,-0.4370485760912511,2.0000000000000426,22.00000000000002,-0.37861306559043534,6.000000000000014,0.0,0.10000000000000213,0.0,0.20000000000000048,0.07000000000000073,NORMAL
2025-04-22,2.621,1.9000000000000128,2.988750839221515,-0.501804645643849,-0.32833333333333325,-0.9167470965664467,-19.700000000000006,0.9402369663569308,-0.001615000000000033,0.0,0.0,0.0,0.008075000000000165,0.003230000000000066,NORMAL,59.3,-0.4164476568347335,2.6000000000000227,22.00000000000002,-0.37850730851385417,7.00000000000003,0.0,0.13000000000000114,0.0,0.23333333333333434,0.08566666666666721,NORMAL
2025-04-23,2.598,-2.300000000000013,2.9265526693220028,-0.5362474871876275,-0.38166666666666665,-1.0630788228110126,-22.90000000000001,0.9420751296261585,0.0,0.0,0.0,0.0,-0.0,0.0,NORMAL,58.999999999999986,-0.42656730701605167,2.0999999999999943,18.99999999999999,-0.48992085656759143,3.9999999999999982,0.0,0.10499999999999972,0.0,0.13333333333333328,0.058166666666666575,NORMAL
2025-04-24,2.623,2.5000000000000355,3.033995975433608,-0.4767497113958235,-0.3566666666666664,-0.9865954820345866,-21.4,0.9400732199757028,-0.0021250000000000435,0.0,0.0,0.0,0.010625000000000218,0.004250000000000087,NORMAL,58.9,-0.42985791155223846,2.8999999999999915,20.00000000000001,-0.45259348122500903,5.0000000000000195,0.0,0.14499999999999957,0.0,0.16666666666666732,0.07683333333333334,NORMAL
2025-04-25,2.576,-4.700000000000015,3.116695280851848,-0.43095416665708164,-0.4716666666666664,-1.2887371870037385,-28.29999999999999,0.9438288124895057,0.0,0.0,0.0,0.0,-0.0,0.0,NORMAL,59.599999999999966,-0.40583311998622335,4.099999999999952,20.99999999999999,-0.41527320523402395,4.999999999999982,0.0,0.20499999999999757,0.0,0.16666666666666607,0.09483333333333249,NORMAL
2025-04-28,2.588,1.200000000000001,2.8490580160725627,-0.5791609051655647,-0.4516666666666663,-1.230788716837178,-27.09999999999999,0.9428661071007663,-0.0010200000000000209,0.0,0.0,0.0,0.0051000000000001044,0.0020400000000000418,NORMAL,59.3,-0.4159630944680867,2.1999999999999815,22.00000000000002,-0.3779588726269022,6.000000000000014,0.0,0.10999999999999907,0.0,0.20000000000000048,0.07299999999999982,NORMAL
2025-04-29,2.603,1.5000000000000124,2.8444960704379256,-0.5816871269318802,-0.3866666666666661,-1.0539300174588868,-23.199999999999974,0.9416639528142129,-0.0022936995000000238,0.0,0.0,0.0,0.011468497500000119,0.0045873990000000475,NORMAL,59.3,-0.4158441778397456,2.0999999999999943,22.00000000000002,-0.3778536011916094,6.999999999999991,0.0,0.10499999999999972,0.0,0.23333333333333303,0.07816666666666652,NORMAL
2025-04-30,2.563,-4.0000000000000036,2.91865145500271,-0.5406228614670076,-0.4683333333333327,-1.2620423222616455,-28.09999999999997,0.9448656102537812,0.0,0.0,0.0,0.0,-0.0,0.0,NORMAL,60.099999999999994,-0.38839357595999785,3.40000000000002,22.00000000000002,-0.37774841767612477,6.000000000000014,0.0,0.17000000000000098,0.0,0.20000000000000048,0.09100000000000039,NORMAL
2025-05-02,2.593,2.9999999999999805,3.01520270768335,-0.4871566662026564,-0.375,-1.0033919448084554,-22.500000000000007,0.9424562029476341,-0.002549999999999941,0.0,0.0,0.0,0.012749999999999706,0.005099999999999882,NORMAL,58.999999999999986,-0.4258736297998112,1.799999999999983,22.00000000000002,-0.37764332195812933,7.00000000000003,0.0,0.08999999999999915,0.0,0.23333333333333434,0.07366666666666662,NORMAL
2025-05-07,2.603,1.000000000000023,2.8940001454915696,-0.5542737638763645,-0.3216666666666658,-0.8620925805200563,-19.29999999999996,0.9416551151751286,-0.003397832500000031,0.0,0.0,0.0,0.016989162500000154,0.006795665000000062,NORMAL,59.3,-0.41549771513410616,1.8999999999999702,22.00000000000002,-0.3775383139155409,4.999999999999993,0.0,0.0949999999999985,0.0,0.16666666666666644,0.06183333333333284,NORMAL
2025-05-08,2.622,1.8999999999999684,2.781536871663039,-0.6165513956174397,-0.3566666666666664,-0.9695807991839476,-21.4,0.9401343421641208,-0.005007345000512475,0.0,0.0,0.0,0.025036725002562377,0.01001469000102495,NORMAL,58.59999999999999,-0.4393087090087903,0.49999999999995026,22.99999999999999,-0.34019807496930027,4.999999999999979,0.0,0.024999999999997514,0.0,0.16666666666666596,0.040833333333332444,NORMAL
2025-05-09,2.67,4.800000000000004,2.863674488999637,-0.5710668911170889,-0.2666666666666668,-0.7059812121380244,-16.000000000000014,0.9362985940480912,-0.00906691503291035,0.0,0.0,0.0,0.04533457516455175,0.0181338300658207,NORMAL,57.90000000000002,-0.4631151384205671,-0.30000000000001137,25.0,-0.2656171156226456,5.000000000000028,0.0,0.0,0.0,0.1666666666666676,0.03333333333333352,NORMAL
2025-05-12,2.685,1.5000000000000124,2.6746913250336903,-0.6757181562819189,-0.27333333333333343,-0.7247623780455795,-16.400000000000013,0.9351048133406799,-0.01033035471624344,0.0,0.0,0.0,0.0516517735812172,0.02066070943248688,NORMAL,58.00000000000001,-0.4595587088133132,0.4000000000000412,27.0,-0.1910403232147085,7.000000000000028,0.0,0.02000000000000206,0.0,0.23333333333333428,0.05266666666666747,NORMAL
2025-05-13,2.722,3.699999999999992,2.729179556685767,-0.6455447680323091,-0.26166666666666655,-0.6903640232428674,-15.700000000000003,0.9321639087027235,-0.013442865750660782,0.0,0.0,0.0,0.06721432875330391,0.026885731501321564,NORMAL,56.89999999999999,-0.49704757603105615,-1.1000000000000156,25.0,-0.2655174029086973,3.000000000000032,0.0,0.0,0.0,0.10000000000000106,0.020000000000000212,NORMAL
2025-05-14,2.718,-0.40000000000000036,2.7268451020412323,-0.6468374949974715,-0.2566666666666664,-0.6772885611110984,-15.399999999999991,0.9324808444316824,-0.013107436325015986,0.0,0.0,0.0,0.06553718162507993,0.026214872650031973,NORMAL,57.3,-0.4832132229273476,-1.2000000000000028,26.000000000000018,-0.22817762026259023,4.00000000000005,0.0,0.0,0.0,0.133333333333335,0.026666666666667,NORMAL
2025-05-15,2.727,0.8999999999999897,2.728330895196576,-0.6460147225863375,-0.19833333333333356,-0.5256167790231207,-11.900000000000022,0.9317674965856922,-0.013862409136227272,0.0,0.0,0.0,0.06931204568113636,0.027724818272454543,NORMAL,56.89999999999999,-0.4967550155954444,-2.100000000000037,24.00000000000002,-0.3026775852859762,2.0000000000000533,0.0,0.0,0.0,0.06666666666666844,0.01333333333333369,NORMAL
2025-05-16,2.676,-5.099999999999971,2.9084993417658813,-0.546244692915031,-0.3216666666666666,-0.8385515125861794,-19.300000000000004,0.9358067086833912,-0.009587502679832882,0.0,0.0,0.0,0.04793751339916441,0.019175005359665764,NORMAL,57.699999999999996,-0.46922680609558703,-0.8000000000000043,22.99999999999999,-0.33988391052826705,1.0000000000000213,0.0,0.0,0.0,0.03333333333333404,0.0066666666666668085,NORMAL
2025-05-19,2.747,7.099999999999973,3.1788611002585108,-0.39652923951337116,-0.2183333333333336,-0.5422787001425824,-13.100000000000023,0.930159115196487,-0.015564642101160042,0.0,0.0,0.0,0.07782321050580021,0.031129284202320084,NORMAL,56.89999999999999,-0.4964712013579866,-2.0999999999999943,22.00000000000002,-0.3770857848993889,1.000000000000032,0.0,0.0,0.0,0.0333333333333344,0.0066666666666668805,NORMAL
2025-05-20,2.713,-3.399999999999981,3.289920811716951,-0.3350288440862894,-0.2666666666666668,-0.656682853313971,-16.000000000000014,0.9328472750394049,-0.012719623916832346,0.0,0.0,0.0,0.06359811958416173,0.02543924783366469,NORMAL,57.699999999999996,-0.4689330503000029,-0.6000000000000227,25.0,-0.26507477512213823,2.9999999999999787,0.0,0.0,0.0,0.09999999999999928,0.019999999999999858,NORMAL
2025-05-21,2.76,4.699999999999971,3.3560628561957433,-0.2984020436346822,-0.21333333333333337,-0.5159840148892856,-12.800000000000011,0.9291205501756225,-0.016663809019284548,0.0,0.0,0.0,0.08331904509642274,0.033327618038569096,NORMAL,57.599999999999966,-0.47221871229099605,-0.4000000000000412,26.000000000000018,-0.22769426074847113,3.9999999999999964,0.0,0.0,0.0,0.13333333333333322,0.026666666666666644,NORMAL
2025-05-22,2.755,-0.49999999999998934,3.3174617754510494,-0.319777767545146,-0.16833333333333314,-0.41019159392627846,-10.099999999999998,0.929515426409447,-0.01624589113811792,0.0,0.0,0.0,0.08122945569058959,0.03249178227623584,NORMAL,58.099999999999994,-0.4549545907966029,-0.6000000000000227,26.000000000000018,-0.2276362900787621,3.9999999999999964,0.0,0.0,0.0,0.13333333333333322,0.026666666666666644,NORMAL
2025-05-23,2.766,1.100000000000012,3.3078654271615107,-0.32509183874803654,-0.09833333333333345,-0.24109342349899662,-5.900000000000016,0.9286463294857541,-0.017165701229903796,0.0,0.0,0.0,0.08582850614951898,0.03433140245980759,NORMAL,58.299999999999976,-0.44797062944111987,-1.0000000000000213,26.000000000000018,-0.227578363665623,3.9999999999999964,0.0,0.0,0.0,0.13333333333333322,0.026666666666666644,NORMAL
2025-05-26,2.766,0.0,3.2363722380402673,-0.36468188759257153,-0.05166666666666675,-0.1274818860963305,-3.100000000000014,0.9286463294857541,-0.017165701229903796,0.0,0.0,0.0,0.08582850614951898,0.03433140245980759,NORMAL,57.800000000000026,-0.46497157482677576,-1.1999999999999602,26.000000000000018,-0.22752048145276918,7.000000000000028,0.0,0.0,0.0,0.23333333333333428,0.046666666666666856,NORMAL
2025-05-27,2.709,-5.699999999999994,3.52182667913891,-0.20660871440093548,-0.07166666666666603,-0.1750192636915955,-4.2999999999999705,0.9331456209521125,-0.012403869052362793,0.0,0.0,0.0,0.06201934526181396,0.024807738104725585,NORMAL,57.3,-0.4819689611304819,-1.6000000000000014,27.0,-0.19011605107676316,6.999999999999989,0.0,0.0,0.0,0.23333333333333298,0.0466666666666666,NORMAL
2025-05-28,2.706,-0.30000000000001137,3.3159106076452955,-0.32063674180480195,-0.07999999999999992,-0.19537459251297756,-4.800000000000004,0.9333835730854554,-0.012152032038970972,0.0,0.0,0.0,0.06076016019485486,0.024304064077941945,NORMAL,57.89999999999998,-0.46126072946533,-1.6999999999999886,30.00000000000002,-0.07800053095345398,9.000000000000032,0.0,0.0,0.0,0.30000000000000104,0.06000000000000021,NORMAL
2025-05-29,2.76,5.399999999999983,3.481439508684795,-0.22897350286014634,0.08999999999999986,0.21869053551935522,5.399999999999983,0.9290993424849932,-0.016686254211912166,0.0,0.07289684517311841,0.053999999999999826,0.08343127105956083,0.05875187745844798,NORMAL,57.3,-0.4816943060814087,-2.0,31.99999999999998,-0.003250742343251661,9.999999999999957,0.0,0.0,0.0,0.3333333333333319,0.06666666666666639,NORMAL
2025-05-30,2.786,2.6000000000000245,3.500717971472327,-0.21829786658224046,0.13833333333333378,0.3344638814487571,8.300000000000018,0.9270460329381013,-0.01885937759010381,0.0,0.11148796048291904,0.08300000000000018,0.09429688795051905,0.07661634727679147,NORMAL,56.999999999999986,-0.4918371974628836,-2.3000000000000114,20.00000000000001,-0.4517218577674645,-2.0000000000000107,0.0,0.0,0.0,0.0,0.0,NORMAL
2025-06-02,2.793,0.7000000000000117,3.3057366405752826,-0.32627067502550955,0.03333333333333351,0.08394820144328011,2.0000000000000018,0.926494440548503,-0.0194431562604378,0.0,0.027982733814426702,0.020000000000000018,0.097215781302189,0.04848285928376094,NORMAL,57.60000000000001,-0.4711137256810036,-2.499999999999986,18.99999999999999,-0.4889663569334747,-3.000000000000032,0.0,0.0,0.0,0.0,0.0,NORMAL
2025-06-04,2.894,10.099999999999998,3.8511071545452125,-0.02426644844355283,0.14666666666666694,0.34279598006822315,8.800000000000008,0.9185404857763942,-0.02786123676394181,0.0,0.11426532668940771,0.08800000000000008,0.13930618381970905,0.09617553886576519,NORMAL,56.800000000000004,-0.49841482547869376,-2.1999999999999815,18.99999999999999,-0.488820261067357,-3.000000000000032,0.0,0.0,0.0,0.0,0.0,NORMAL
2025-06-05,2.891,-0.30000000000001137,3.8709987831239654,-0.013251265644885695,0.19666666666666663,0.4639121885874798,11.799999999999988,0.9187747136002673,-0.02761334137931659,0.0,0.1546373961958266,0.11799999999999988,0.13806670689658296,0.10975416199779849,NORMAL,56.099999999999994,-0.5222787000118703,-3.200000000000003,17.999999999999968,-0.5260627764679366,-4.000000000000053,0.0,0.0,0.0,0.0,0.0,NORMAL
2025-06-09,2.867,-2.400000000000002,3.9624387758842956,0.03738451972462893,0.10999999999999988,0.25957533805343236,6.599999999999984,0.9206490140160118,-0.025629672595730346,0.01246150657487631,0.08652511268447745,0.06599999999999984,0.12814836297865173,0.08425666904333141,NORMAL,55.500000000000014,-0.5427051269918891,-3.099999999999973,18.00000000000001,-0.5259009748471621,-4.999999999999979,0.0,0.0,0.0,0.0,0.0,NORMAL
2025-06-10,2.831,-3.600000000000003,4.008474575328187,0.06287729142753985,0.11833333333333378,0.28011486820896847,7.100000000000017,0.9234661999989009,-0.022648099393873244,0.020959097142513285,0.09337162273632282,0.07100000000000017,0.11324049696936622,0.08236234276351374,NORMAL,57.00000000000003,-0.4910601794303035,-0.8999999999999915,18.99999999999999,-0.48833777070297213,-6.000000000000011,0.0,0.0,0.0,0.0,0.0,NORMAL
2025-06-11,2.837,0.6000000000000227,4.005312261957778,0.06112612964087074,0.12333333333333396,0.29190508304591556,7.400000000000029,0.9229952322369015,-0.023146548863182348,0.020375376546956914,0.09730169434863851,0.07400000000000029,0.11573274431591174,0.08462851190548384,NORMAL,55.500000000000014,-0.5423987117059811,-2.499999999999993,18.00000000000001,-0.5256006439653469,-8.99999999999999,0.0,0.0,0.0,0.0,0.0,NORMAL
2025-06-12,2.827,-1.000000000000023,3.961376023555434,0.036796010285807854,0.09500000000000004,0.22468921214012932,5.699999999999994,0.9237797781843029,-0.022316223429715953,0.012265336761935952,0.07489640404670977,0.05699999999999994,0.11158111714857977,0.07346479502116104,NORMAL,54.30000000000001,-0.5834235497249863,-2.59999999999998,18.99999999999999,-0.48802431679958524,-6.000000000000011,0.0,0.0,0.0,0.0,0.0,NORMAL
2025-06-13,2.819,-0.8000000000000007,3.9672972372159006,0.040074939942159424,0.009999999999999787,0.02398184895105249,0.5999999999999783,0.9244079484334683,-0.021651398461648097,0.013358313314053141,0.00799394965035083,0.005999999999999783,0.10825699230824049,0.048773249516176946,NORMAL,53.49999999999997,-0.6107015721090054,-3.8000000000000256,18.99999999999999,-0.48787903114218717,-7.000000000000028,0.0,0.0,0.0,0.0,0.0,NORMAL
2025-06-16,2.864,4.499999999999993,4.066587215214648,0.09505773098924669,0.09833333333333301,0.23225738131034473,5.899999999999972,0.9208720880307103,-0.025393581862532266,0.0316859103297489,0.07741912710344824,0.05899999999999972,0.12696790931266133,0.08440817121170391,NORMAL,53.29999999999999,-0.6173675137925178,-3.6000000000000014,18.99999999999999,-0.4877338751758298,-5.000000000000032,0.0,0.0,0.0,0.0,0.0,NORMAL
2025-06-17,2.868,0.40000000000000036,3.8341128116725334,-0.033677231102431635,0.1333333333333336,0.31572647994312564,8.000000000000007,0.9205589915207798,-0.02572494804469916,0.0,0.10524215998104187,0.08000000000000007,0.1286247402234958,0.0884983280856067,NORMAL,53.800000000000026,-0.5999914273786053,-3.89999999999997,18.00000000000001,-0.5250244338550124,-4.999999999999979,0.0,0.0,0.0,0.0,0.0,NORMAL
2025-06-18,2.876,0.8000000000000007,3.5514970898125857,-0.19017843590522907,0.10833333333333339,0.2574032903331244,6.499999999999995,0.9199330114065457,-0.02638745508002871,0.0,0.08580109677770814,0.06499999999999995,0.13193727540014355,0.08293512951559903,NORMAL,52.800000000000004,-0.6341430748483621,-4.099999999999987,18.00000000000001,-0.5248636320043804,-4.000000000000011,0.0,0.0,0.0,0.0,0.0,NORMAL
2025-06-19,2.874,-0.19999999999997797,3.429665473943165,-0.2576438781713342,0.1366666666666673,0.32576133040595207,8.20000000000003,0.9200894000184848,-0.026221940947392275,0.0,0.10858711013531736,0.0820000000000003,0.13110970473696137,0.09056130392184808,NORMAL,52.99999999999998,-0.6270592743729296,-4.700000000000017,18.00000000000001,-0.5247029778280498,-6.999999999999989,0.0,0.0,0.0,0.0,0.0,NORMAL
2025-06-20,2.867,-0.7000000000000117,3.3176204218020198,-0.3196899155852443,0.10333333333333321,0.24644978577152912,6.199999999999983,0.9206368532114957,-0.025642543002256102,0.0,0.08214992859050971,0.06199999999999983,0.1282127150112805,0.08011507172261412,NORMAL,53.29999999999999,-0.6165425074862046,-4.299999999999976,18.00000000000001,-0.5245424711001099,-8.000000000000007,0.0,0.0,0.0,0.0,0.0,NORMAL
2025-06-23,2.873,0.6000000000000227,3.308664860316719,-0.32464914486276353,0.09500000000000079,0.2267116046237659,5.700000000000038,0.9201673284163578,-0.02613946530532496,0.0,0.07557053487458863,0.057000000000000384,0.1306973265266248,0.07879303758556772,NORMAL,52.099999999999994,-0.6575729249942994,-6.0,17.00000000000003,-0.5618427613417957,-8.99999999999999,0.0,0.0,0.0,0.0,0.0,NORMAL
2025-06-24,2.823,-5.000000000000027,3.5327453168441316,-0.20056241257304477,0.003333333333333114,0.0077977397786668035,0.19999999999997797,0.9240780395621274,-0.022000558032872486,0.0,0.0025992465928889345,0.0019999999999997797,0.11000279016436243,0.04492096538432271,NORMAL,52.200000000000024,-0.6539105953175492,-6.099999999999952,16.000000000000007,-0.599131303325568,-10.00000000000001,0.0,0.0,0.0,0.0,0.0,NORMAL
2025-06-25,2.82,-0.30000000000001137,3.534655495756856,-0.1995046324210319,-0.03166666666666673,-0.07426298534972307,-1.9000000000000128,0.9243136794622159,-0.021751168175170754,0.0,0.0,0.0,0.10875584087585377,0.04350233635034151,NORMAL,52.099999999999994,-0.6571240790697531,-5.700000000000031,16.000000000000007,-0.5989362858772145,-10.00000000000001,0.0,0.0,0.0,0.0,0.0,NORMAL
2025-06-26,2.788,-3.200000000000003,3.3519004821302802,-0.3007069987581898,-0.08333333333333363,-0.193947055498992,-5.000000000000027,0.9268278126703532,-0.01909033135260718,0.0,0.0,0.0,0.09545165676303591,0.03818066270521436,NORMAL,51.49999999999997,-0.6775239150469752,-5.800000000000026,16.000000000000007,-0.5987414587633184,-10.999999999999993,0.0,0.0,0.0,0.0,0.0,NORMAL
2025-06-27,2.785,-0.29999999999996696,3.3519004821302794,-0.3007069987581903,-0.09499999999999975,-0.22113260758227696,-5.699999999999994,0.927064153762584,-0.01884019938710224,0.0,0.0,0.0,0.0942009969355112,0.03768039877420448,NORMAL,51.40000000000002,-0.6807252857326295,-6.499999999999957,16.000000000000007,-0.5985468216744484,-14.000000000000014,0.0,0.0,0.0,0.0,0.0,NORMAL
2025-06-30,2.805,2.0000000000000018,3.1657500981932345,-0.40378958442937174,0.05666666666666723,0.13681451847719894,3.4000000000000252,0.9254881447011876,-0.020508171048144175,0.0,0.04560483949239965,0.03400000000000025,0.10254085524072087,0.05693730999476833,NORMAL,51.10000000000001,-0.6908020502135712,-6.199999999999989,16.99999999999999,-0.5608635929546354,-14.99999999999999,0.0,0.0,0.0,0.0,0.0,NORMAL
2025-07-01,2.784,-2.100000000000035,3.1545956451200645,-0.4099664713108894,-0.005000000000000042,-0.012051632764955482,-0.30000000000001137,0.9271401410394792,-0.018759778133465077,0.0,0.0,0.0,0.09379889066732539,0.037519556266930154,NORMAL,50.499999999999986,-0.7111904227187288,-6.5,18.99999999999999,-0.4856941196432827,-1.0000000000000213,0.0,0.0,0.0,0.0,0.0,NORMAL
2025-07-02,2.832,4.800000000000004,3.3314253311221096,-0.3120453127776975,0.10833333333333339,0.2572761291422185,6.499999999999995,0.9233574092640381,-0.02276323823868065,0.0,0.08575870971407283,0.06499999999999995,0.11381619119340325,0.07567821842017586,NORMAL,49.799999999999976,-0.7350078872580129,-7.800000000000033,22.00000000000002,-0.37303310055879846,3.000000000000032,0.0,0.0,0.0,0.10000000000000106,0.020000000000000212,NORMAL
2025-07-03,2.814,-1.7999999999999794,2.4024110696066097,-0.8264959960210271,0.12666666666666693,0.30212449717057366,7.600000000000007,0.9247701461002121,-0.02126806599318576,0.0,0.10070816572352455,0.07600000000000007,0.10634032996592879,0.07787776513107644,NORMAL,50.30000000000001,-0.7175404034734169,-6.499999999999993,22.00000000000002,-0.37293161511245254,3.000000000000032,0.0,0.0,0.0,0.10000000000000106,0.020000000000000212,NORMAL
2025-07-04,2.828,1.399999999999979,2.435974894002497,-0.8079097018078943,0.22666666666666627,0.5501510210671765,13.599999999999968,0.9236696696263529,-0.022432756994653857,0.0,0.18338367368905883,0.13599999999999968,0.11216378497326929,0.10874224872711942,NORMAL,49.799999999999976,-0.7344800148124986,-6.3000000000000185,22.00000000000002,-0.3728302124555117,4.000000000000053,0.0,0.0,0.0,0.1333333333333351,0.026666666666667022,NORMAL
2025-07-07,2.84,1.200000000000001,2.4066300964320586,-0.824159668880652,0.3199999999999997,0.7906086742600708,19.199999999999974,0.922727526563334,-0.0234298755825193,0.0,0.2635362247533569,0.19199999999999975,0.1171493779125965,0.13796699611570995,NORMAL,49.09999999999996,-0.7582910937262285,-6.400000000000055,22.00000000000002,-0.3727288924754675,4.000000000000011,0.0,0.0,0.0,0.1333333333333337,0.02666666666666674,NORMAL
2025-07-08,2.847,0.7000000000000117,2.268920448142673,-0.900417726034806,0.26833333333333353,0.6699999988828541,16.1,0.9221785036850288,-0.02401093480654759,0.0,0.22333333296095137,0.161,0.12005467403273795,0.12488853620528545,NORMAL,49.10000000000001,-0.7580062522602956,-7.90000000000002,22.99999999999999,-0.3350892692828275,4.0,0.0,0.0,0.0,0.13333333333333333,0.02666666666666667,NORMAL
2025-07-09,2.854,0.7000000000000117,2.2702364820014838,-0.8996889594852675,0.20333333333333328,0.5163357712145158,12.199999999999989,0.9216298074753363,-0.024591648300337665,0.0,0.17211192373817194,0.12199999999999989,0.12295824150168833,0.1080056813483097,NORMAL,48.89999999999999,-0.7646032726226227,-6.600000000000023,22.00000000000002,-0.37254677636973627,4.000000000000011,0.0,0.0,0.0,0.1333333333333337,0.02666666666666674,NORMAL
2025-07-10,2.814,-4.0000000000000036,2.438566231037788,-0.8064747237203196,0.18666666666666698,0.47085459317142,11.20000000000001,0.9247633488207525,-0.021275259904558808,0.0,0.15695153105714,0.1120000000000001,0.10637629952279404,0.09634082602054564,NORMAL,49.500000000000014,-0.7436677476471288,-4.799999999999997,20.99999999999999,-0.4099990176071844,2.0,0.0,0.0,0.0,0.06666666666666667,0.013333333333333334,NORMAL
2025-07-11,2.823,0.8999999999999897,2.4412248866846262,-0.8050024672968352,0.21166666666666645,0.5339862638710191,12.699999999999978,0.9240559048589047,-0.022023984330731716,0.0,0.1779954212903397,0.12699999999999978,0.11011992165365858,0.10504705291953134,NORMAL,49.00000000000002,-0.7606002600017536,-4.49999999999995,20.99999999999999,-0.4098849668209455,2.0,0.0,0.0,0.0,0.06666666666666667,0.013333333333333334,NORMAL
2025-07-14,2.886,6.300000000000017,2.6401554978128727,-0.6948427065134083,0.32500000000000057,0.7947299016940382,19.50000000000003,0.9191075854883852,-0.027261045894640734,0.0,0.2649099672313461,0.19500000000000028,0.13630522947320367,0.14650408523555075,NORMAL,48.499999999999986,-0.7775234481822821,-4.800000000000004,22.00000000000002,-0.37220277233765636,3.000000000000032,0.0,0.0,0.0,0.10000000000000106,0.020000000000000212,NORMAL
2025-07-15,2.877,-0.9000000000000341,2.6486292383240855,-0.6901502902866555,0.3549999999999995,0.8737936454296191,21.29999999999996,0.919810702791284,-0.02651690059474998,0.0,0.2912645484765397,0.2129999999999996,0.1325845029737499,0.15388671088480782,NORMAL,48.99999999999997,-0.7600159930872412,-4.800000000000054,22.00000000000002,-0.3721019530595501,4.000000000000011,0.0,0.0,0.0,0.1333333333333337,0.02666666666666674,NORMAL
2025-07-16,2.877,0.0,2.642661138840318,-0.6934551834236886,0.41333333333333305,1.0306353288881998,24.799999999999976,0.919810702791284,-0.02651690059474998,0.0,0.34354510962939994,0.24799999999999975,0.1325845029737499,0.1713428231153799,NORMAL,49.10000000000001,-0.7562883340355026,-3.6999999999999957,22.00000000000002,-0.3720012156699553,4.000000000000011,0.0,0.0,0.0,0.1333333333333337,0.02666666666666674,NORMAL
2025-07-17,2.905,2.8000000000000025,2.7145756671405463,-0.6536318139106931,0.43333333333333307,1.0764814208356734,25.99999999999998,0.9176215533186407,-0.02883379037133449,0.0,0.35882714027855783,0.2599999999999998,0.14416895185667244,0.1814330087983805,NORMAL,48.89999999999999,-0.7628914501892156,-4.099999999999987,22.00000000000002,-0.3719005600580718,4.000000000000011,0.0,0.0,0.0,0.1333333333333337,0.02666666666666674,NORMAL
2025-07-18,2.873,-3.1999999999999584,2.811835886503963,-0.5997730214500878,0.42166666666666697,1.0433347166097333,25.30000000000001,0.9201174839436674,-0.026192218281144486,0.0,0.3477782388699111,0.2530000000000001,0.13096109140572243,0.17254008433627122,NORMAL,48.69999999999996,-0.769491053245637,-4.60000000000003,20.99999999999999,-0.40939909583584744,2.9999999999999787,0.0,0.0,0.0,0.09999999999999928,0.019999999999999858,NORMAL
2025-07-21,2.855,-1.8000000000000238,2.8373263916284874,-0.585657406307499,0.421666666666667,1.0433347166097335,25.30000000000001,0.9215252636941013,-0.024702292375114565,0.0,0.34777823886991116,0.2530000000000001,0.12351146187557283,0.1695602325242114,NORMAL,49.2,-0.75198245754306,-2.8999999999999915,22.00000000000002,-0.3716790227117872,4.999999999999993,0.0,0.0,0.0,0.16666666666666644,0.03333333333333329,NORMAL
2025-07-22,2.839,-1.6000000000000014,2.6212893573081133,-0.7052900153168331,0.3633333333333334,0.897683164828779,21.799999999999997,0.9227785380527253,-0.023375887492744774,0.0,0.299227721609593,0.21799999999999997,0.11687943746372387,0.15019731930740815,NORMAL,48.89999999999999,-0.7620347324601764,-3.3000000000000327,20.99999999999999,-0.4091928930109634,4.999999999999982,0.0,0.0,0.0,0.16666666666666607,0.033333333333333215,NORMAL
2025-07-23,2.83,-0.8999999999999897,2.6292884768957516,-0.7008604250428447,0.3866666666666672,0.9599203139998254,23.20000000000002,0.9234844636343355,-0.02262877004667685,0.0,0.31997343799994177,0.2320000000000002,0.11314385023338425,0.1556522276933421,NORMAL,49.2,-0.7514162097547326,-2.8999999999999915,22.00000000000002,-0.37145783905313173,6.000000000000014,0.0,0.0,0.0,0.20000000000000048,0.0400000000000001,NORMAL
2025-07-24,2.849,1.9000000000000128,2.543407370562474,-0.7484179229856367,0.3766666666666668,0.9368759921160567,22.599999999999998,0.9219930362255659,-0.024207224583051468,0.0,0.3122919973720189,0.22599999999999998,0.12103612291525734,0.15607284864050672,NORMAL,49.29999999999999,-0.7476927765424979,-2.1999999999999815,22.00000000000002,-0.37135760439432797,6.000000000000014,0.0,0.0,0.0,0.20000000000000048,0.0400000000000001,NORMAL
2025-07-25,2.855,0.5999999999999783,2.540099459304268,-0.7502497110188109,0.465,1.1839999948769058,27.89999999999999,0.9215228197770909,-0.024704878898514138,0.0,0.39466666495896857,0.2789999999999999,0.12352439449257069,0.184143090788822,NORMAL,48.900000000000034,-0.7611963699912242,-2.499999999999986,22.00000000000002,-0.3712574508395528,6.000000000000014,0.0,0.0,0.0,0.20000000000000048,0.0400000000000001,NORMAL
2025-07-28,2.829,-2.59999999999998,2.5905902599092694,-0.722289939091981,0.401666666666667,1.014765771846565,24.10000000000001,0.9235593852087983,-0.02254947668087981,0.0,0.33825525728218836,0.24100000000000008,0.11274738340439905,0.16095000481819732,NORMAL,49.40000000000002,-0.7436849099961724,-1.6999999999999886,22.00000000000002,-0.37115737827948464,5.000000000000032,0.0,0.0,0.0,0.16666666666666774,0.03333333333333355,NORMAL
2025-07-29,2.823,-0.6000000000000227,2.544234969287879,-0.7479596321419185,0.3666666666666664,0.9265731897500559,21.999999999999975,0.9240304004952549,-0.022050976913987053,0.0,0.3088577299166853,0.21999999999999975,0.11025488456993526,0.14987349981131112,NORMAL,49.2,-0.7503028266921098,-1.299999999999983,22.00000000000002,-0.37105738660500764,3.000000000000032,0.0,0.0,0.0,0.10000000000000106,0.020000000000000212,NORMAL
2025-07-30,2.797,-2.59999999999998,2.37151406223289,-0.8436055143697065,0.39000000000000007,0.994821663936448,23.4,0.9260725076803494,-0.019889709572966874,0.0,0.3316072213121493,0.23399999999999999,0.09944854786483437,0.15290086340836362,NORMAL,49.2,-0.7500252608607566,-0.599999999999973,22.00000000000002,-0.3709574757072123,0.0,0.0,0.0,0.0,0.0,0.0,NORMAL
2025-07-31,2.785,-1.200000000000001,2.353603060930406,-0.8535239055498414,0.3200000000000004,0.8197200256482335,19.200000000000017,0.9270171016381834,-0.018889997076731224,0.0,0.27324000854941116,0.19200000000000017,0.09444998538365612,0.13082799586334473,NORMAL,49.2,-0.7497480028931868,-1.1000000000000085,22.00000000000002,-0.37085764547739386,0.0,0.0,0.0,0.0,0.0,0.0,NORMAL
2025-08-01,2.832,4.699999999999971,2.5730587981908384,-0.7319981565359074,0.38166666666666627,0.9613477258034916,22.899999999999963,0.9233136683171389,-0.0228095315384097,0.0,0.3204492419344972,0.22899999999999962,0.1140476576920485,0.15550891146371876,NORMAL,49.2,-0.7494710522206587,-0.599999999999973,22.00000000000002,-0.3707578958070526,0.0,0.0,0.0,0.0,0.0,0.0,NORMAL
2025-08-04,2.778,-5.399999999999983,2.8246844257833588,-0.5926580178545767,0.2600000000000004,0.6378388854602831,15.600000000000014,0.9275516780547146,-0.018324227288170958,0.0,0.21261296182009437,0.15600000000000014,0.09162113644085479,0.11037104694036082,NORMAL,49.6,-0.7354057651704526,0.5000000000000426,22.99999999999999,-0.33297411493675494,0.999999999999968,0.0,0.02500000000000213,0.0,0.033333333333332264,0.014166666666667091,NORMAL
2025-08-05,2.766,-1.200000000000001,2.8208761237004123,-0.5947669021739335,0.16000000000000028,0.39904159118354926,9.600000000000009,0.9284977807663305,-0.01732291800000485,0.0,0.13301386372784976,0.09600000000000009,0.08661459000002425,0.08044860874557967,NORMAL,49.2,-0.7489282183394099,0.09999999999999432,22.99999999999999,-0.33288673764323634,0.0,0.0,0.004999999999999716,0.0,0.0,0.0014999999999999146,NORMAL
2025-08-06,2.779,1.29999999999999,2.836394115588888,-0.5861736632320815,0.1566666666666666,0.39089882793780795,9.399999999999986,0.9274717907185837,-0.01840877617561487,0.0,0.13029960931260265,0.09399999999999986,0.09204388087807436,0.08167747421375024,NORMAL,48.8,-0.762443565428566,-0.09999999999999432,22.99999999999999,-0.3327994291047653,0.999999999999968,0.0,0.0,0.0,0.033333333333332264,0.006666666666666453,NORMAL
2025-08-07,2.772,-0.7000000000000117,2.707475032688479,-0.6575638593018673,0.08333333333333319,0.21018141141184732,4.999999999999982,0.9280236364340612,-0.0178247293974394,0.0,0.07006047047061577,0.04999999999999982,0.08912364698719699,0.05966155288900192,NORMAL,49.29999999999999,-0.7449180225680411,-0.20000000000002416,22.99999999999999,-0.3327121892312149,2.0,0.0,0.0,0.0,0.06666666666666667,0.013333333333333334,NORMAL
2025-08-08,2.776,0.40000000000000036,2.698981289301558,-0.6622673523155987,0.09666666666666653,0.24384198851347877,5.799999999999983,0.9277081083976736,-0.018158668989444293,0.0,0.08128066283782626,0.05799999999999983,0.09079334494722147,0.06417347054645381,NORMAL,49.30000000000003,-0.7446447739216351,0.30000000000001137,22.99999999999999,-0.3326250179326241,2.0,0.0,0.015000000000000568,0.0,0.06666666666666667,0.017833333333333506,NORMAL
2025-08-11,2.781,0.5000000000000338,2.230854214491768,-0.9214972731649677,0.0900000000000006,0.22712438943385085,5.400000000000027,0.9273138324516046,-0.018575951555123704,0.0,0.07570812981128362,0.05400000000000027,0.09287975777561852,0.06309352907250418,NORMAL,48.89999999999999,-0.7581675513263648,0.4000000000000057,22.99999999999999,-0.3325379151191963,0.999999999999968,0.0,0.020000000000000285,0.0,0.033333333333332264,0.012666666666666538,NORMAL
2025-08-12,2.801,2.0000000000000018,2.298420510286391,-0.884081779694435,0.20833333333333348,0.5375470877706642,12.5,0.9257373989364368,-0.020244372437480118,0.0,0.17918236259022138,0.125,0.10122186218740059,0.10132521739300451,NORMAL,48.59999999999997,-0.7682338501924395,-0.3999999999999986,22.99999999999999,-0.3324508807012998,0.999999999999968,0.0,0.0,0.0,0.033333333333332264,0.006666666666666453,NORMAL
2025-08-13,2.809,0.8000000000000007,2.312301200558689,-0.87639521244753,0.10333333333333394,0.2794831204426388,6.200000000000028,0.92510789750516,-0.020910606264222587,0.0,0.09316104014754627,0.06200000000000028,0.10455303132111293,0.07285342055795449,NORMAL,49.00000000000002,-0.7541477555708347,-0.09999999999998721,22.00000000000002,-0.3701035354020061,0.0,0.0,0.0,0.0,0.0,0.0,NORMAL
2025-08-14,2.787,-2.200000000000024,2.2235344079095767,-0.9255506872549454,0.12333333333333323,0.3360129332045319,7.399999999999984,0.9268378492734947,-0.01907970909793666,0.0,0.1120043110681773,0.07399999999999984,0.0953985454896833,0.07536028040950875,NORMAL,49.2,-0.7469692503226706,0.30000000000001137,22.99999999999999,-0.33225715038984155,0.999999999999968,0.0,0.015000000000000568,0.0,0.033333333333332264,0.011166666666666623,NORMAL
2025-08-18,2.837,5.000000000000027,2.4603380169998306,-0.7944183854835641,0.12833333333333416,0.3486007026017902,7.70000000000004,0.9228987884140823,-0.023248620334270442,0.0,0.11620023420059673,0.0770000000000004,0.11624310167135221,0.08513728750866031,NORMAL,48.59999999999997,-0.767397176266325,-0.09999999999998721,22.00000000000002,-0.369925557740015,1.000000000000032,0.0,0.0,0.0,0.0333333333333344,0.0066666666666668805,NORMAL
2025-08-19,2.858,2.0999999999999908,2.479659356910885,-0.7837190055814691,0.17166666666666716,0.4646760445420125,10.30000000000002,0.9212514140767631,-0.024992121546973833,0.0,0.1548920148473375,0.1030000000000002,0.12496060773486917,0.10156264606341521,NORMAL,48.0,-0.7878137110494057,-1.2000000000000028,20.99999999999999,-0.40758880445289,-1.000000000000032,0.0,0.0,0.0,0.0,0.0,NORMAL
2025-08-20,2.853,-0.49999999999998934,2.4540192595649497,-0.7979174588716523,0.14500000000000046,0.3926776265038094,8.700000000000019,0.9216429459277456,-0.024577743198631374,0.0,0.13089254216793647,0.08700000000000019,0.12288871599315687,0.09273399483085008,NORMAL,48.20000000000002,-0.7806118071743857,-0.6999999999999744,20.99999999999999,-0.40747705256053934,0.0,0.0,0.0,0.0,0.0,0.0,NORMAL
2025-08-21,2.845,-0.8000000000000007,2.452039967047828,-0.7990135113543242,0.13166666666666713,0.3562516241364628,7.900000000000018,0.9222696631309766,-0.02391445606400644,0.0,0.11875054137882092,0.07900000000000018,0.1195722803200322,0.0873790204037771,NORMAL,48.29999999999996,-0.7768653669135899,-0.9000000000000412,20.99999999999999,-0.4073653925445729,-1.000000000000032,0.0,0.0,0.0,0.0,0.0,NORMAL
2025-08-22,2.86,1.499999999999968,2.4379618320918706,-0.8068094155152242,0.2516666666666665,0.7054332261534452,15.09999999999998,0.9210937693104846,-0.025158965132524802,0.0,0.23514440871781506,0.1509999999999998,0.125794825662624,0.12754681200861256,NORMAL,47.599999999999994,-0.8007330169212226,-1.6999999999999957,20.00000000000001,-0.4450374402239662,-2.0000000000000107,0.0,0.0,0.0,0.0,0.0,NORMAL
2025-08-25,2.852,-0.8000000000000007,2.4415859815421346,-0.8048025075073506,0.24333333333333332,0.681471654032472,14.59999999999999,0.9217201130736157,-0.024496073228814974,0.0,0.227157218010824,0.1459999999999999,0.12248036614407487,0.12362359005979473,NORMAL,48.09999999999998,-0.7831657062838647,-0.800000000000054,20.00000000000001,-0.4449122550476558,-2.0000000000000107,0.0,0.0,0.0,0.0,0.0,NORMAL
2025-08-26,2.86,0.8000000000000007,2.3694269793615144,-0.8447612568094545,0.16666666666666696,0.48117431083692846,10.000000000000009,0.9210933433967256,-0.02515941589901949,0.0,0.1603914369456428,0.10000000000000009,0.12579707949509744,0.10239711918716757,NORMAL,48.0,-0.7863212598199878,-1.40000000000002,20.00000000000001,-0.4447871754615708,-2.0000000000000107,0.0,0.0,0.0,0.0,0.0,NORMAL
2025-08-27,2.825,-3.49999999999997,2.5030297430787245,-0.7707774269321893,0.06500000000000039,0.18615125491453513,3.9000000000000146,0.9238335960933307,-0.022259265161319153,0.0,0.06205041830484504,0.039000000000000146,0.11129632580659576,0.06472861398360735,NORMAL,48.499999999999986,-0.7687606059442595,-0.700000000000017,20.00000000000001,-0.444662201317347,-2.0000000000000107,0.0,0.0,0.0,0.0,0.0,NORMAL
2025-08-28,2.815,-1.000000000000023,2.43999568593232,-0.8056831491690765,0.03666666666666648,0.10492543504112965,2.1999999999999797,0.92461885465001,-0.021428185536706224,0.0,0.03497514501370989,0.021999999999999797,0.10714092768353112,0.05425140007615438,NORMAL,48.20000000000002,-0.778832152975353,-0.9999999999999858,20.00000000000001,-0.44453733246691196,-2.0000000000000107,0.0,0.0,0.0,0.0,0.0,NORMAL
2025-08-29,2.815,0.0,2.421287173993882,-0.8160431696207483,-0.13166666666666682,-0.4316800067044561,-7.900000000000018,0.92461885465001,-0.021428185536706224,0.0,0.0,0.0,0.10714092768353112,0.04285637107341245,NORMAL,48.0,-0.7854450342919512,-1.2000000000000028,20.00000000000001,-0.4444125687624842,-2.0000000000000107,0.0,0.0,0.0,0.0,0.0,NORMAL
2025-09-01,2.847,3.200000000000003,2.292751736738131,-0.8872209181833284,-0.07333333333333325,-0.23655798085111673,-4.400000000000004,0.922103891365362,-0.024089900872046432,0.0,0.0,0.0,0.12044950436023216,0.048179801744092865,NORMAL,47.79999999999997,-0.7920542328921577,-1.400000000000034,20.00000000000001,-0.44428791005657225,-2.0000000000000107,0.0,0.0,0.0,0.0,0.0,NORMAL
2025-09-02,2.87,2.300000000000013,1.945142397709833,-1.0797129706445558,0.0050000000000003375,0.016132482535324285,0.30000000000001137,0.9203011782577426,-0.02599780511584171,0.0,0.005377494178441428,0.0030000000000001137,0.12998902557920855,0.05367110906737173,NORMAL,47.39999999999997,-0.8055668906437378,-2.2000000000000313,20.00000000000001,-0.44416335620197434,-2.9999999999999787,0.0,0.0,0.0,0.0,0.0,NORMAL
2025-09-03,2.913,4.2999999999999705,2.082072600989072,-1.003886538745935,0.13666666666666658,0.4381221948263384,8.199999999999985,0.9169374774512106,-0.02955778313814328,0.0,0.14604073160877948,0.08199999999999985,0.1477889156907164,0.10472371259804242,NORMAL,47.10000000000001,-0.8156175765199779,-2.0999999999999943,20.00000000000001,-0.44403890705177756,-2.9999999999999787,0.0,0.0,0.0,0.0,0.0,NORMAL
2025-09-04,2.883,-2.9999999999999805,2.2369151690853477,-0.9181409606077335,0.07666666666666651,0.24248672925794124,4.599999999999982,0.9192756680187112,-0.027083155485145505,0.0,0.08082890975264707,0.04599999999999982,0.13541577742572752,0.07953209292082039,NORMAL,47.10000000000001,-0.8152998632632502,-1.6999999999999886,16.99999999999999,-0.5574522512763074,-6.0,0.0,0.0,0.0,0.0,0.0,NORMAL
2025-09-05,2.855,-2.8000000000000025,2.3439227129345466,-0.8588844924071187,0.046666666666666856,0.14614949609496872,2.8000000000000025,0.9214635441085958,-0.02476761339520006,0.0,0.0487164986983229,0.028000000000000025,0.1238380669760003,0.0648785265300647,NORMAL,47.10000000000001,-0.8149825210562236,-2.1999999999999815,16.000000000000007,-0.5951312861318065,-6.999999999999982,0.0,0.0,0.0,0.0,0.0,NORMAL
2025-09-08,2.848,-0.7000000000000117,2.357161540140113,-0.8515533630764088,0.04833333333333334,0.1514025781692772,2.8999999999999915,0.9220118149173403,-0.02418735012517037,0.0,0.05046752605642574,0.028999999999999915,0.12093675062585185,0.06426820546162587,NORMAL,47.00000000000002,-0.8181201949618888,-2.3000000000000114,16.99999999999999,-0.5570873352904416,-6.0,0.0,0.0,0.0,0.0,0.0,NORMAL
2025-09-09,2.818,-2.9999999999999805,2.473283562179493,-0.7872496639272658,-0.07666666666666622,-0.24406435739687357,-4.599999999999982,0.9243629450453795,-0.021699027867989495,0.0,0.0,0.0,0.10849513933994748,0.04339805573597899,NORMAL,47.30000000000003,-0.8074363856664891,-1.5999999999999588,18.99999999999999,-0.481190078981,-4.0,0.0,0.0,0.0,0.0,0.0,NORMAL
2025-09-10,2.833,1.5000000000000124,2.4564415855374637,-0.7965760723039531,-0.05833333333333268,-0.18510896286802056,-3.49999999999997,0.9231843822904466,-0.022946361607457888,0.0,0.0,0.0,0.11473180803728944,0.045892723214915776,NORMAL,47.199999999999996,-0.8105801758167753,-1.3999999999999773,18.00000000000001,-0.5189224263529164,-4.999999999999979,0.0,0.0,0.0,0.0,0.0,NORMAL
2025-09-11,2.813,-2.0000000000000018,2.497493480313901,-0.7738431862859066,-0.10499999999999939,-0.33182901561031797,-6.299999999999972,0.9247537957403404,-0.021285370422190475,0.0,0.0,0.0,0.10642685211095237,0.04257074084438095,NORMAL,47.199999999999996,-0.8102667113320118,-1.8000000000000256,18.99999999999999,-0.48089153069555224,-3.000000000000032,0.0,0.0,0.0,0.0,0.0,NORMAL
2025-09-12,2.813,0.0,2.4424103711400633,-0.8043459937491858,-0.10166666666666642,-0.3212941568389537,-6.099999999999994,0.9247537957403404,-0.021285370422190475,0.0,0.0,0.0,0.10642685211095237,0.04257074084438095,NORMAL,46.99999999999997,-0.8168651379654919,-2.2000000000000313,18.99999999999999,-0.48075341836623403,-4.0,0.0,0.0,0.0,0.0,0.0,NORMAL
2025-09-15,2.821,0.8000000000000007,2.166636976854586,-0.9570581931066645,-0.07666666666666622,-0.24214482993849545,-4.599999999999982,0.924124963159237,-0.021950896370303452,0.0,0.0,0.0,0.10975448185151726,0.043901792740606904,NORMAL,46.599999999999966,-0.8303715630318218,-2.000000000000007,18.99999999999999,-0.480615424977698,-3.000000000000032,0.0,0.0,0.0,0.0,0.0,NORMAL
2025-09-16,2.804,-1.7000000000000348,2.1317400848775137,-0.9763826864587766,-0.1150000000000005,-0.3621527805903513,-6.900000000000039,0.925460323731002,-0.020537615415558652,0.0,0.0,0.0,0.10268807707779326,0.041075230831117304,NORMAL,46.79999999999999,-0.8231321447109904,-1.20000000000001,16.99999999999999,-0.556271748387773,-4.0,0.0,0.0,0.0,0.0,0.0,NORMAL
2025-09-17,2.787,-1.6999999999999904,2.155311676081335,-0.9633296885638287,-0.05999999999999991,-0.19491973602408896,-3.600000000000003,0.9267976138987932,-0.019122292269834196,0.0,0.0,0.0,0.09561146134917098,0.03824458453966839,NORMAL,46.299999999999955,-0.840092855582101,-1.9000000000000625,16.000000000000007,-0.5940036533924383,-4.999999999999982,0.0,0.0,0.0,0.0,0.0,NORMAL
2025-09-18,2.756,-3.100000000000014,2.241351800752561,-0.915684132669728,-0.10666666666666662,-0.34194009604746173,-6.400000000000006,0.9292397256114165,-0.01653767950996521,0.0,0.0,0.0,0.08268839754982604,0.03307535901993042,NORMAL,46.49999999999998,-0.832845821557232,-1.799999999999983,16.99999999999999,-0.5559092444325328,-4.0,0.0,0.0,0.0,0.0,0.0,NORMAL
2025-09-19,2.815,5.900000000000016,2.6253571185650006,-0.7030374529563128,0.04500000000000037,0.1392653803653697,2.7000000000000135,0.9245795883874753,-0.0214697430472226,0.0,0.046421793455123234,0.027000000000000135,0.107348715236113,0.05762384478546988,NORMAL,45.70000000000003,-0.8601727452335938,-1.899999999999963,16.000000000000007,-0.5936533193637294,-4.0000000000000036,0.0,0.0,0.0,0.0,0.0,NORMAL
2025-09-22,2.833,1.8000000000000238,2.659535970606018,-0.6841105812027075,0.08000000000000022,0.24662142979394136,4.800000000000004,0.9231649816172425,-0.022966894340360477,0.0,0.08220714326464712,0.04800000000000004,0.11483447170180239,0.0719752173336504,NORMAL,45.299999999999976,-0.8736527076888657,-2.8000000000000043,16.99999999999999,-0.5555474027617554,-3.0000000000000213,0.0,0.0,0.0,0.0,0.0,NORMAL
2025-09-23,2.813,-2.0000000000000018,2.683531647896683,-0.6708227415123553,0.013333333333333494,0.04108298911846629,0.8000000000000007,0.9247343620859918,-0.021305938060738994,0.0,0.013694329706155431,0.008000000000000007,0.10652969030369497,0.04695074206270908,NORMAL,45.19999999999999,-0.8767517132556926,-2.8000000000000114,14.999999999999991,-0.6312277295873812,-5.0000000000000195,0.0,0.0,0.0,0.0,0.0,NORMAL
2025-09-24,2.848,3.49999999999997,2.691756421294259,-0.6662681932463232,0.10666666666666691,0.3255496431167795,6.400000000000006,0.921983277358786,-0.024217552895008265,0.0,0.10851654770559316,0.06400000000000006,0.12108776447504133,0.08293841533113518,NORMAL,44.600000000000016,-0.8971352412279329,-3.89999999999997,14.999999999999991,-0.631022582501969,-5.0000000000000195,0.0,0.0,0.0,0.0,0.0,NORMAL
2025-09-25,2.885,3.699999999999992,2.7925653175228504,-0.6104442864559111,0.08833333333333337,0.27289574250946813,5.299999999999994,0.9190836399514927,-0.027286388691153407,0.0,0.09096524750315604,0.052999999999999936,0.13643194345576704,0.083365826882938,NORMAL,44.09999999999998,-0.9140460954228037,-4.100000000000037,14.000000000000009,-0.668751099749232,-6.000000000000002,0.0,0.0,0.0,0.0,0.0,NORMAL
2025-09-26,2.943,5.800000000000027,3.0441315415246426,-0.47113704309072707,0.21500000000000016,0.6404062295906149,12.9,0.9145525576065319,-0.03208186679490599,0.0,0.21346874319687162,0.129,0.16040933397452994,0.1326574822291863,NORMAL,43.9,-0.9205715134587091,-4.100000000000001,14.999999999999991,-0.6305880284220071,-5.0000000000000195,0.0,0.0,0.0,0.0,0.0,NORMAL
2025-09-29,2.939,-0.40000000000000036,2.9907576931184687,-0.5006933307790231,0.1850000000000005,0.5517945229816512,11.100000000000021,0.914863505476118,-0.03175277462961634,0.0,0.18393150766055041,0.11100000000000021,0.1587638731480817,0.12249185079134281,NORMAL,44.09999999999998,-0.9132616127944087,-3.6999999999999886,16.000000000000007,-0.59243854520659,-4.0000000000000036,0.0,0.0,0.0,0.0,0.0,NORMAL
2025-09-30,2.951,1.200000000000001,2.9651440011183863,-0.5148771618521124,0.1850000000000005,0.5517945229816512,11.100000000000021,0.9139303447005324,-0.03274038679949409,0.0,0.18393150766055041,0.11100000000000021,0.16370193399747046,0.12446707513109831,NORMAL,43.999999999999986,-0.9163308209696899,-3.3999999999999844,16.000000000000007,-0.5922528859926416,-4.0000000000000036,0.0,0.0,0.0,0.0,0.0,NORMAL
2025-10-01,2.96,0.8999999999999897,2.8241952742982144,-0.5929288902471399,0.18833333333333346,0.5615636787419674,11.299999999999999,0.9132311879868364,-0.03348034040359249,0.0,0.18718789291398916,0.11299999999999999,0.16740170201796245,0.12699825938998283,NORMAL,43.699999999999974,-0.9263135078430768,-3.400000000000034,16.99999999999999,-0.5541097961601262,-3.0000000000000213,0.0,0.0,0.0,0.0,0.0,NORMAL
2025-10-02,2.959,-0.09999999999998899,2.721957499958237,-0.6495440521895177,0.17500000000000013,0.5219310668280374,10.499999999999998,0.9133088126378153,-0.03339818623252688,0.0,0.17397702227601244,0.10499999999999998,0.16699093116263442,0.12259177692025625,NORMAL,43.80000000000001,-0.9224566787014983,-3.299999999999997,18.00000000000001,-0.5159771203497728,1.0000000000000213,0.0,0.0,0.0,0.03333333333333404,0.0066666666666668085,NORMAL
2025-10-10,2.964,0.49999999999998934,2.617044335243774,-0.7076407375735828,0.25,0.7627334046626756,14.999999999999991,0.9129206563924442,-0.03380899200337806,0.0,0.25424446822089186,0.1499999999999999,0.1690449600168903,0.14846687765093447,NORMAL,43.49999999999996,-0.9324353354785873,-3.600000000000051,18.00000000000001,-0.515825779610716,2.0000000000000036,0.0,0.0,0.0,0.06666666666666679,0.013333333333333358,NORMAL
2025-10-13,2.904,-6.000000000000005,2.9913207785190727,-0.5003815167616662,0.1350000000000001,0.39279502044239767,8.099999999999996,0.9175765517400458,-0.028881417862595127,0.0,0.13093167348079923,0.08099999999999996,0.14440708931297563,0.10014917042135009,NORMAL,44.10000000000003,-0.9112826149751379,-2.8999999999999915,18.99999999999999,-0.47769575709475737,2.0,0.0,0.0,0.0,0.06666666666666667,0.013333333333333334,NORMAL
2025-10-14,2.871,-3.299999999999992,3.0093319769291615,-0.49040764045864155,-0.02500000000000006,-0.07528002984254155,-1.5000000000000124,0.9201503539676766,-0.02615743023969974,0.0,0.0,0.0,0.1307871511984987,0.05231486047939948,NORMAL,44.20000000000001,-0.9074381980990027,-3.1000000000000227,18.99999999999999,-0.477559980862101,0.0,0.0,0.0,0.0,0.0,0.0,NORMAL
2025-10-15,2.856,-1.5000000000000124,3.019284509179017,-0.4848963289233514,-0.0349999999999997,-0.10520304613916752,-2.0999999999999908,0.9213235456689853,-0.02491578096325542,0.0,0.0,0.0,0.12457890481627709,0.04983156192651084,NORMAL,44.600000000000016,-0.8932211923599361,-2.59999999999998,18.99999999999999,-0.47742432035014626,0.9999999999999787,0.0,0.0,0.0,0.033333333333332625,0.006666666666666526,NORMAL
2025-10-16,2.908,5.200000000000005,3.17885696107065,-0.39653153162890836,0.05166666666666705,0.15021883166193134,3.100000000000014,0.9172512955971285,-0.029225653211397806,0.0,0.05007294388731045,0.03100000000000014,0.14612826605698903,0.07466589520025774,NORMAL,43.5,-0.9308952767678198,-3.6999999999999957,18.99999999999999,-0.47728877539459497,0.0,0.0,0.0,0.0,0.0,0.0,NORMAL
2025-10-17,2.885,-2.300000000000013,3.2379980819863574,-0.3637815606938771,-0.033333333333333215,-0.0972008843277838,-2.0000000000000018,0.9190445218800208,-0.027327789363426058,0.0,0.0,0.0,0.1366389468171303,0.054655578726852116,NORMAL,43.5,-0.9304937051640627,-3.4999999999999716,18.99999999999999,-0.4771533458314758,0.0,0.0,0.0,0.0,0.0,0.0,NORMAL
2025-10-20,2.892,0.7000000000000117,3.237360035584544,-0.36413488509475167,0.03166666666666629,0.09344076938259407,1.8999999999999684,0.9184976903895022,-0.027906529328754814,0.0,0.031146923127531357,0.018999999999999684,0.13953264664377407,0.06584244328301583,NORMAL,43.5,-0.9300926528843376,-3.099999999999966,18.99999999999999,-0.47701803149714284,0.0,0.0,0.0,0.0,0.0,0.0,NORMAL
2025-10-21,2.904,1.200000000000001,3.20525883674412,-0.38191123618052086,0.0816666666666667,0.2416155428080937,4.899999999999993,0.9175608227453049,-0.028898064668839596,0.0,0.08053851426936456,0.04899999999999993,0.14449032334419798,0.08370383219155209,NORMAL,42.399999999999984,-0.9677392760753787,-4.400000000000006,18.99999999999999,-0.47688283222827493,2.0,0.0,0.0,0.0,0.06666666666666667,0.013333333333333334,NORMAL
2025-10-22,2.869,-3.49999999999997,3.294317276127091,-0.33259425915756946,0.050000000000000565,0.14614281978065138,3.000000000000025,0.9202905661929721,-0.026009036411229425,0.0,0.04871427326021713,0.03000000000000025,0.13004518205614712,0.06776092747450232,NORMAL,42.699999999999996,-0.9569302984811734,-3.599999999999959,18.99999999999999,-0.4767477478618751,2.9999999999999822,0.0,0.0,0.0,0.09999999999999941,0.019999999999999882,NORMAL
2025-10-23,2.912,4.2999999999999705,3.294908352690785,-0.3322669447613992,0.13666666666666658,0.39163872834551566,8.199999999999985,0.9169269041735368,-0.029568973383146346,0.0,0.13054624278183855,0.08199999999999985,0.14784486691573173,0.10164719532266037,NORMAL,42.20000000000001,-0.9738017970045038,-4.299999999999969,18.99999999999999,-0.4766127782352689,2.0,0.0,0.0,0.0,0.06666666666666667,0.013333333333333334,NORMAL
2025-10-24,2.913,0.09999999999998899,3.067984080106901,-0.4579284678523737,0.10666666666666617,0.3067965103054167,6.399999999999961,0.916848965386682,-0.02965146002040886,0.0,0.1022655034351389,0.06399999999999961,0.1482573001020443,0.09255602072784543,NORMAL,42.199999999999974,-0.9733643381982217,-3.500000000000057,18.99999999999999,-0.47647792318610455,2.9999999999999822,0.0,0.0,0.0,0.09999999999999941,0.019999999999999882,NORMAL
2025-10-27,2.959,4.600000000000026,3.1922768643943296,-0.3891001296365814,0.17333333333333364,0.487461111810747,10.40000000000001,0.9132640859320201,-0.03344552281172908,0.0,0.16248703727024902,0.10400000000000009,0.1672276140586454,0.12018845307750797,NORMAL,41.599999999999994,-0.9936807369927498,-3.6999999999999815,18.99999999999999,-0.4763431825523518,2.0,0.0,0.0,0.0,0.06666666666666667,0.013333333333333334,NORMAL
2025-10-28,2.935,-2.400000000000002,3.21082052146372,-0.37883139917208264,0.1766666666666666,0.4974302835864957,10.599999999999987,0.9151271446673215,-0.03147375167826494,0.0,0.16581009452883191,0.10599999999999987,0.1573687583913247,0.11730952226229624,NORMAL,41.400000000000006,-1.0001434600621273,-3.799999999999983,18.00000000000001,-0.5142621678606017,3.0000000000000195,0.0,0.0,0.0,0.10000000000000066,0.020000000000000132,NORMAL
2025-10-29,2.984,4.899999999999993,3.2913922825902517,-0.3342140027781405,0.26833333333333353,0.7382079550378988,16.1,0.911315640109782,-0.03550766350252499,0.0,0.24606931834596626,0.161,0.17753831751262494,0.15242919067424324,NORMAL,40.79999999999999,-1.0204353912828314,-3.8000000000000256,18.00000000000001,-0.5141124424012823,3.0000000000000195,0.0,0.0,0.0,0.10000000000000066,0.020000000000000132,NORMAL
2025-10-30,3.05,6.599999999999984,3.489363537199408,-0.22458549499820865,0.42166666666666625,1.1240275566872402,25.29999999999997,0.9062031593687662,-0.04091846551027578,0.0,0.37467585222908006,0.25299999999999967,0.2045923275513789,0.20737210146636753,NORMAL,40.299999999999955,-1.0372491924243197,-3.8000000000000256,18.99999999999999,-0.4758963073378691,4.9999999999999805,0.0,0.0,0.0,0.16666666666666602,0.03333333333333321,NORMAL
2025-10-31,3.061,1.100000000000012,3.289200830789003,-0.3354275405279358,0.45999999999999985,1.22900004718367,27.59999999999998,0.9053558594147564,-0.0418152067450237,0.0,0.40966668239455667,0.2759999999999998,0.20907603372511852,0.2207637499689587,NORMAL,40.599999999999966,-1.0263781655238922,-3.3000000000000327,20.99999999999999,-0.39961258868342164,5.999999999999998,0.0,0.0,0.0,0.19999999999999993,0.03999999999999999,NORMAL
2025-11-03,3.086,2.499999999999991,3.307133438334062,-0.3254971846808247,0.42333333333333356,1.147224107171638,25.4,0.9034319782135,-0.04385134943069058,0.0,0.3824080357238793,0.254,0.2192567471534529,0.21498430600615703,NORMAL,40.599999999999966,-1.0258935472868647,-3.500000000000014,19.99999999999997,-0.4375885735541693,3.9999999999999645,0.0,0.0,0.0,0.13333333333333214,0.02666666666666643,NORMAL
2025-11-04,3.082,-0.40000000000000036,3.314636599911609,-0.32134223597879147,0.5066666666666665,1.4236464167961929,30.399999999999984,0.9037391450860925,-0.043526258889497016,0.0,0.47454880559873097,0.3039999999999998,0.21763129444748508,0.2427622788987402,NORMAL,40.699999999999996,-1.0219510919656523,-3.29999999999999,18.99999999999999,-0.47555750647739353,2.9999999999999822,0.0,0.0,0.0,0.09999999999999941,0.019999999999999882,NORMAL
2025-11-05,3.125,4.300000000000015,3.413575837739644,-0.26655367071266206,0.5983333333333334,1.6610130617599623,35.9,0.9004359785108029,-0.04702217041325585,0.0,0.5536710205866541,0.359,0.23511085206627924,0.2765785449438425,NORMAL,40.20000000000001,-1.0387634217434036,-3.4999999999999645,20.00000000000001,-0.43732800524167625,3.0000000000000213,0.0,0.0,0.0,0.10000000000000071,0.020000000000000143,NORMAL
2025-11-06,3.203,7.799999999999985,3.7421637422331098,-0.08459492263445835,0.7066666666666668,1.8617603167982526,42.39999999999999,0.8944660879732763,-0.053340413423416,0.0,0.6205867722660842,0.42399999999999993,0.26670206711708,0.3155981813000488,WARNING,39.800000000000004,-1.052100815786173,-4.000000000000007,19.99999999999997,-0.4372083836400476,1.999999999999961,0.0,0.0,0.0,0.06666666666666536,0.013333333333333072,NORMAL
2025-11-07,3.226,2.300000000000013,3.7455798511115117,-0.08270321911673129,0.7566666666666672,1.9926878468583458,45.40000000000002,0.8927174067712885,-0.05519113291517319,0.0,0.6642292822861152,0.4540000000000002,0.27595566457586596,0.3340281222875695,WARNING,39.19999999999999,-1.0723409737323415,-4.299999999999969,18.99999999999999,-0.4751985958784563,0.9999999999999787,0.0,0.0,0.0,0.033333333333332625,0.006666666666666526,NORMAL
2025-11-10,3.23,0.40000000000000036,3.339571356043341,-0.3075343722463774,0.7566666666666672,1.9926878468583458,45.40000000000002,0.8924138828529863,-0.05551236792998204,0.0,0.6642292822861152,0.4540000000000002,0.2775618396499102,0.3346705923171872,WARNING,39.599999999999994,-1.0579800121332785,-4.5000000000000355,19.99999999999997,-0.43694844288650414,0.9999999999999822,0.0,0.0,0.0,0.03333333333333274,0.006666666666666549,NORMAL
2025-11-11,3.201,-2.8999999999999915,3.3095555433829387,-0.3241559204517384,0.7,1.8202235824360113,41.99999999999999,0.8946136830742188,-0.05318420591692952,0.0,0.6067411941453371,0.41999999999999993,0.2659210295846476,0.3117166506629264,WARNING,40.50000000000002,-1.0263434976593602,-3.6999999999999886,20.99999999999999,-0.39870463393322764,2.0,0.0,0.0,0.0,0.06666666666666667,0.013333333333333334,NORMAL
2025-11-12,3.282,8.099999999999996,3.518238195460888,-0.20859587214053177,0.8016666666666665,1.9874126420899998,48.09999999999999,0.8884542678662528,-0.059703032659191524,0.0,0.6624708806966666,0.48099999999999987,0.2985151632959576,0.34810024145771634,WARNING,40.79999999999999,-1.0154861530085686,-3.8000000000000256,22.99999999999999,-0.3223326974193771,4.0,0.0,0.0,0.0,0.13333333333333333,0.02666666666666667,NORMAL
2025-11-13,3.267,-1.5000000000000124,3.529496012926357,-0.20236174622141911,0.7633333333333331,1.8838803010104512,45.799999999999976,0.8895870470577822,-0.05850415402583209,0.0,0.627960100336817,0.45799999999999974,0.29252077012916045,0.33420032811902756,WARNING,41.30000000000002,-0.9977228568278582,-2.1999999999999815,15.99999999999997,-0.5892219239484571,-3.0000000000000195,0.0,0.0,0.0,0.0,0.0,NORMAL
2025-11-14,3.317,5.000000000000027,3.4605141084435322,-0.2405611467717659,0.8833333333333339,2.16462723144445,53.00000000000003,0.8858063021077867,-0.06250551137122229,0.0,0.7215424104814834,0.5300000000000002,0.31252755685611144,0.3753195048387413,WARNING,42.10000000000002,-0.9696008513851557,-1.3999999999999773,16.99999999999999,-0.5508986828305263,-2.0,0.0,0.0,0.0,0.0,0.0,NORMAL
2025-11-17,3.301,-1.6000000000000014,3.548680258764836,-0.19173828349543937,0.7733333333333334,1.9138391915521307,46.4,0.8870109986786533,-0.06123051886668707,0.0,0.6379463971840436,0.46399999999999997,0.30615259433343534,0.3428503171701829,WARNING,42.79999999999999,-0.9449612458438575,-0.70000000000001,17.999999999999968,-0.5125856491797711,-1.0000000000000213,0.0,0.0,0.0,0.0,0.0,NORMAL
2025-11-18,3.268,-3.3000000000000362,3.742445021218351,-0.0844391616605597,0.683333333333333,1.6705038653183042,40.99999999999997,0.8894990645299469,-0.058597270472108165,0.0,0.5568346217727681,0.4099999999999997,0.2929863523605408,0.31056146529876993,WARNING,43.70000000000003,-0.913424198159151,1.300000000000047,19.99999999999997,-0.43612431222557596,0.9999999999999822,0.0,0.06500000000000235,0.0,0.03333333333333274,0.026166666666667254,NORMAL
2025-11-19,3.281,1.3000000000000345,3.531273812215931,-0.2013772725732977,0.7133333333333334,1.745426126223795,42.8,0.8885161680636413,-0.05963752048823645,0.0,0.581808708741265,0.428,0.29818760244118225,0.3212367827247259,WARNING,43.89999999999996,-0.9061233127565613,1.1999999999999673,20.00000000000001,-0.436005615767371,1.0000000000000213,0.0,0.05999999999999837,0.0,0.03333333333333404,0.024666666666666316,NORMAL
2025-11-20,3.325,4.400000000000004,3.5346815534373763,-0.19949020272699727,0.8000000000000002,1.9397693441789032,48.0,0.8851931175950833,-0.0631544761616104,0.0,0.6465897813929677,0.48,0.31577238080805203,0.35162690860181434,WARNING,43.19999999999999,-0.9299589243596723,0.9999999999999787,20.00000000000001,-0.43588701617835185,1.0000000000000213,0.0,0.049999999999998934,0.0,0.03333333333333404,0.021666666666666487,NORMAL
2025-11-21,3.271,-5.400000000000027,3.891542787013636,-0.0018748236725594548,0.6850000000000003,1.61193614057694,41.1,0.8892561540048448,-0.05885435520719218,0.0,0.5373120468589799,0.41100000000000003,0.2942717760359609,0.30737111978618037,WARNING,43.59999999999999,-0.9157264843398988,1.4000000000000128,21.000000000000043,-0.3975892860378476,2.0000000000000533,0.0,0.07000000000000065,0.0,0.06666666666666844,0.03433333333333388,NORMAL
2025-11-24,3.289,1.8000000000000238,3.8350873180205505,-0.03313758873381554,0.7283333333333339,1.715350185709407,43.70000000000003,0.8878955920892174,-0.06029430804372515,0.0,0.5717833952364689,0.43700000000000033,0.30147154021862577,0.3223452951347442,WARNING,43.40000000000001,-0.9222604077939156,1.8000000000000185,22.00000000000002,-0.359296761944566,3.000000000000032,0.0,0.09000000000000093,0.0,0.10000000000000106,0.047000000000000486,NORMAL
2025-11-25,3.264,-2.5000000000000355,3.8407064865450784,-0.030025919509290316,0.6733333333333333,1.5732499991638564,40.39999999999999,0.8897823702224069,-0.05829743344831817,0.0,0.5244166663879521,0.4039999999999999,0.29148716724159085,0.30227820017422674,WARNING,43.19999999999999,-0.9287894180288295,1.799999999999983,23.00000000000004,-0.3210084572893218,5.000000000000028,0.0,0.08999999999999915,0.0,0.1666666666666676,0.06033333333333327,NORMAL
2025-11-26,3.251,-1.29999999999999,3.814277195788968,-0.04466139632633899,0.7099999999999996,1.676601655137521,42.59999999999997,0.8907655797415026,-0.0572568521122786,0.0,0.5588672183791736,0.4259999999999997,0.286284260561393,0.3114871479003919,WARNING,43.299999999999976,-0.9249353076873664,2.499999999999986,23.00000000000004,-0.32092767599069116,5.000000000000028,0.0,0.12499999999999929,0.0,0.1666666666666676,0.0708333333333333,NORMAL
2025-11-27,3.351,10.000000000000009,4.124442546064795,0.1270956831694141,0.8933333333333336,1.9860895233394682,53.6,0.8831940723136998,-0.06527016886932424,0.042365227723138034,0.6620298411131561,0.536,0.3263508443466212,0.3786193515059073,WARNING,43.300000000000026,-0.9245439174610942,3.000000000000071,24.00000000000002,-0.28263493647762866,5.000000000000032,0.0,0.15000000000000355,0.0,0.16666666666666774,0.07833333333333461,NORMAL
2025-11-28,3.344,-0.7000000000000117,4.153283418922277,0.14306659703101804,0.8816666666666666,1.9577852505888822,52.89999999999999,0.8837195727867264,-0.06471400461980159,0.04768886567700601,0.6525950835296274,0.5289999999999999,0.32357002309900795,0.3752847990809299,WARNING,43.699999999999974,-0.9103143512166297,3.1000000000000085,27.0,-0.1679021299644818,6.000000000000011,0.0,0.15500000000000042,0.0,0.20000000000000034,0.08650000000000019,NORMAL
2025-12-01,3.387,4.300000000000015,4.1973017648559825,0.1674421842301797,0.9000000000000002,1.9897975115927424,54.0,0.8804895777481909,-0.06813247493291619,0.0558140614100599,0.6632658371975808,0.54,0.34066237466458094,0.3880809295873605,WARNING,43.59999999999999,-0.9133948922382129,3.0000000000000213,31.0,-0.014940215711402834,11.000000000000028,0.0,0.15000000000000108,0.0,0.36666666666666764,0.11833333333333385,NORMAL
2025-12-02,3.346,-4.0999999999999925,4.363919049854636,0.2597081263782334,0.7933333333333334,1.72750746685239,47.599999999999994,0.8835580839266434,-0.0648849166080574,0.08656937545941112,0.57583582228413,0.4759999999999999,0.324424583040287,0.357450872764823,WARNING,44.10000000000003,-0.89571336809978,3.400000000000034,34.00000000000003,0.09978187159004474,15.000000000000039,0.0,0.1700000000000017,0.03326062386334825,0.5000000000000013,0.15765212477267043,NORMAL
2025-12-03,3.368,2.1999999999999797,4.313415425342072,0.23174125308786053,0.7583333333333335,1.6629073363764015,45.50000000000001,0.8819058303097005,-0.06663358181400036,0.07724708436262018,0.5543024454588005,0.45500000000000007,0.3331679090700018,0.3505770695922849,WARNING,44.3,-0.8884254769582498,4.099999999999987,35.999999999999986,0.17625445643166313,15.999999999999975,0.0,0.20499999999999935,0.05875148547722104,0.5333333333333325,0.17991696376211053,NORMAL
2025-12-04,3.376,0.8000000000000007,4.025350589504105,0.07222254841967903,0.8216666666666667,1.8196266665692635,49.29999999999999,0.8813061343450899,-0.06726827097836696,0.024074182806559676,0.6065422221897545,0.4929999999999999,0.3363413548918348,0.35925982295599673,WARNING,44.90000000000003,-0.8673012047926172,5.100000000000023,39.000000000000014,0.29097890734414184,19.000000000000043,0.0,0.2550000000000011,0.09699296911471395,0.6333333333333347,0.22256526048961006,NORMAL
2025-12-05,3.358,-1.7999999999999794,4.052731372660586,0.08738492340799245,0.8383333333333336,1.8646390778744446,50.30000000000001,0.8826545327306379,-0.06584119143296374,0.02912830780266415,0.6215463592914815,0.5030000000000001,0.3292059571648187,0.36241731628475665,WARNING,45.899999999999956,-0.8323481907400311,6.699999999999967,39.000000000000014,0.2909071327191427,20.000000000000025,0.0,0.33499999999999835,0.09696904423971424,0.6666666666666675,0.25322714218127584,NORMAL
2025-12-08,3.401,4.2999999999999705,4.13260144906838,0.13161375506409426,0.9216666666666666,2.0369382076389964,55.3,0.8794284304135074,-0.06925554187827632,0.04387125168803142,0.6789794025463322,0.5529999999999999,0.3462777093913816,0.39368121460342537,WARNING,45.80000000000002,-0.8354889281715374,6.200000000000024,39.99999999999999,0.3291055753023757,20.00000000000002,0.0,0.3100000000000012,0.10970185843412524,0.6666666666666674,0.2482737050201589,NORMAL
2025-12-09,3.453,5.200000000000005,4.142132682314114,0.13689176817814533,1.0583333333333331,2.3360741312513613,63.49999999999998,0.8755413567510797,-0.07336943238317428,0.04563058939271511,0.7786913770837871,0.6349999999999998,0.3668471619158714,0.438603258061649,WARNING,46.09999999999998,-0.8247826678867493,5.599999999999959,41.999999999999986,0.4055765221348316,20.999999999999996,0.0,0.2799999999999979,0.13519217404494385,0.6999999999999998,0.25103843480898813,NORMAL
2025-12-10,3.371,-8.199999999999985,4.325015971981457,0.23816516862053733,0.8966666666666665,1.8739196576332082,53.79999999999998,0.8816438800076346,-0.0669108173268852,0.07938838954017911,0.6246398858777361,0.5379999999999998,0.334554086634426,0.3822272897373534,WARNING,47.899999999999956,-0.7621574704308974,7.099999999999966,42.99999999999997,0.443752274781927,19.999999999999982,0.0,0.3549999999999983,0.147917424927309,0.6666666666666661,0.2694168183187945,NORMAL
2025-12-11,3.378,0.7000000000000117,4.300853648435752,0.22478504694559504,0.9416666666666667,1.9783322691615173,56.49999999999999,0.8811193018990301,-0.06746600539057568,0.07492834898186501,0.6594440897205057,0.565,0.3373300269528784,0.3948064985216255,WARNING,48.4,-0.7445730943319094,7.09999999999998,43.999999999999986,0.48192082810894243,28.000000000000014,0.0,0.354999999999999,0.16064027603631414,0.9333333333333338,0.32529472187392927,WARNING
2025-12-12,3.409,3.0999999999999694,4.217682077310131,0.1787279804779633,0.9933333333333328,2.082195282104476,59.599999999999966,0.8787975525385262,-0.06992323246637144,0.05957599349265443,0.6940650940348253,0.5959999999999996,0.3496161623318572,0.4097746824382388,WARNING,48.89999999999999,-0.7269975613642223,6.799999999999969,44.999999999999964,0.5200809315029128,27.999999999999975,0.0,0.3399999999999984,0.17336031050097092,0.9333333333333325,0.3233387287668602,WARNING
2025-12-15,3.325,-8.399999999999963,4.6449293235799125,0.41532029866128667,0.8400000000000001,1.672978770803373,50.4,0.8850721670636512,-0.06328248434618133,0.1384400995537622,0.557659590267791,0.504,0.31641242173090667,0.3665849066566733,WARNING,49.90000000000001,-0.6921150910364212,7.100000000000023,45.99999999999999,0.5582312359252787,28.000000000000025,0.0,0.35500000000000115,0.18607707864175957,0.9333333333333341,0.3303820823950191,WARNING
2025-12-16,3.313,-1.200000000000001,4.586923633662602,0.38319908368523087,0.848333333333334,1.6917516375468613,50.900000000000034,0.8859749406740561,-0.06232703248021454,0.12773302789507696,0.5639172125156204,0.5090000000000003,0.3116351624010727,0.36478411304256864,WARNING,50.8,-0.6607109653460017,7.099999999999966,45.99999999999999,0.5580652451169026,26.00000000000002,0.0,0.3549999999999983,0.18602174837230087,0.8666666666666674,0.3170376830077931,WARNING
2025-12-17,3.324,1.0999999999999677,4.584674126053579,0.3819533969672087,0.895,1.7914291589204652,53.69999999999999,0.8851465541045259,-0.06320375670484546,0.12731779898906956,0.5971430529734884,0.5369999999999999,0.3160187835242273,0.37869968380220254,WARNING,51.10000000000001,-0.6501036714344545,7.2000000000000455,45.99999999999999,0.55789940230948,25.999999999999982,0.0,0.36000000000000226,0.18596646743649334,0.866666666666666,0.3185266268206326,WARNING
2025-12-18,3.312,-1.200000000000001,4.4855645657691845,0.3270705139842525,0.926666666666667,1.8671428888719517,55.60000000000001,0.8860494035897125,-0.06224822453668444,0.10902350466141751,0.6223809629573173,0.556,0.3112411226834222,0.38197734259711585,WARNING,51.69999999999999,-0.6291067454734767,8.5,45.99999999999999,0.5577337072831899,25.999999999999982,0.0,0.425,0.1859112357610633,0.866666666666666,0.3380155804855459,WARNING
2025-12-19,3.342,3.000000000000025,4.350979925923509,0.2525429606507669,0.8783333333333337,1.791013281084159,52.70000000000002,0.8837899776105587,-0.06463949156411597,0.08418098688358898,0.597004427028053,0.5270000000000001,0.32319745782057985,0.37091606591056037,WARNING,51.30000000000003,-0.6427681856489049,7.7000000000000455,44.999999999999964,0.5192440052630563,23.999999999999922,0.0,0.3850000000000023,0.17308133508768542,0.7999999999999974,0.31011626701753725,WARNING
2025-12-22,3.359,1.6999999999999904,4.349289113116481,0.25160665661341763,0.8766666666666666,1.7877979976554972,52.59999999999998,0.8825129010929114,-0.06599108749880589,0.08386888553780587,0.5959326658851657,0.5259999999999998,0.32995543749402945,0.37314248528220606,WARNING,51.39999999999998,-0.6390971261170199,7.9999999999999645,44.999999999999964,0.5190948241602693,22.999999999999943,0.0,0.39999999999999825,0.1730316080534231,0.7666666666666647,0.3079396549440171,WARNING
2025-12-23,3.379,2.0000000000000018,4.310315045269143,0.23002438746705703,0.9433333333333332,1.9320318662633558,56.59999999999998,0.8810126291610534,-0.06757890265005795,0.07667479582235234,0.6440106220877853,0.5659999999999998,0.33789451325028974,0.3924948888821434,WARNING,53.69999999999999,-0.5591733942695982,10.5,44.999999999999964,0.5189457715777727,21.999999999999925,0.0,0.525,0.17298192385925756,0.7333333333333308,0.3387630514385177,WARNING
2025-12-24,3.345,-3.399999999999981,4.383353678826756,0.2704702411997839,0.8283333333333339,1.6850253941773523,49.70000000000003,0.8835587556593288,-0.06488420567871656,0.09015674706659464,0.5616751313924507,0.49700000000000033,0.3244210283935828,0.35953478704924224,WARNING,53.6,-0.5624741795774549,10.300000000000026,43.999999999999986,0.4804525955040681,20.999999999999947,0.0,0.5150000000000012,0.1601508651680227,0.6999999999999982,0.32653017303360454,WARNING
2025-12-26,3.374,2.8999999999999915,3.82254737329081,-0.04008170509595274,0.8150000000000007,1.6617581069214051,48.900000000000034,0.8813807833266286,-0.06718926611171849,0.0,0.5539193689738017,0.4890000000000003,0.33594633055859247,0.3429624060181974,WARNING,53.099999999999966,-0.579643091386599,9.79999999999994,42.99999999999997,0.4419670629157668,18.99999999999995,0.0,0.489999999999997,0.14732235430525562,0.6333333333333316,0.3031311375277166,WARNING
2025-12-29,3.354,-2.0000000000000018,3.8481027450994527,-0.025930169396116514,0.6850000000000002,1.4116423576089554,41.1,0.8828791306582839,-0.06560348786410841,0.0,0.47054745253631847,0.41100000000000003,0.32801743932054206,0.3075164662354805,WARNING,53.100000000000016,-0.5794681658553372,9.400000000000041,42.99999999999997,0.4418477311131197,15.999999999999972,0.0,0.4700000000000021,0.14728257703770656,0.5333333333333324,0.27712318207420844,NORMAL
2025-12-30,3.385,3.0999999999999694,3.787222284416215,-0.05964331664486605,0.743333333333333,1.5277817918241525,44.59999999999997,0.8805527441489994,-0.0680656226735864,0.0,0.5092605972747175,0.44599999999999973,0.340328113367932,0.32718336480211624,WARNING,52.400000000000006,-0.6035710421868086,8.800000000000018,42.99999999999997,0.4417284959255708,11.999999999999972,0.0,0.44000000000000095,0.14724283197519025,0.3999999999999991,0.24144856639503817,NORMAL
2025-12-31,3.385,0.0,3.663112711457557,-0.12837019980537204,0.7233333333333329,1.4863917868890233,43.39999999999997,0.8805527441489994,-0.0680656226735864,0.0,0.4954639289630078,0.4339999999999997,0.340328113367932,0.3220240311397743,WARNING,52.30000000000001,-0.6068538980482756,8.199999999999982,48.99999999999997,0.6718306242214054,14.999999999999943,0.0,0.4099999999999991,0.22394354140713513,0.4999999999999981,0.26778870828142637,NORMAL
2026-01-02,3.386,0.1000000000000334,3.6325864353826667,-0.1452744220914577,0.7100000000000004,1.458691290757048,42.600000000000016,0.8804778971657468,-0.0681448370956591,0.0,0.4862304302523493,0.42600000000000016,0.3407241854782955,0.3187357602417881,WARNING,52.400000000000006,-0.603197396491593,8.100000000000009,52.99999999999998,0.8250848009283599,16.999999999999993,0.0,0.4050000000000004,0.27502826697612,0.5666666666666664,0.2898389867285574,NORMAL
2026-01-05,3.396,0.9999999999999787,3.6349183730789885,-0.14398308891084904,0.7283333333333333,1.4968855783000974,43.69999999999998,0.8797294909531559,-0.06893691398412782,0.0,0.4989618594333658,0.43699999999999983,0.3446845699206391,0.3250661998549288,WARNING,52.400000000000006,-0.6030119009245535,7.499999999999979,54.0,0.863139504458762,14.999999999999986,0.0,0.37499999999999895,0.28771316815292064,0.4999999999999995,0.27004263363058373,NORMAL
2026-01-06,3.398,0.20000000000002238,3.6073025349902665,-0.15927562785412028,0.7233333333333338,1.4864095176527015,43.40000000000002,0.8795799369396938,-0.06909519470875058,0.0,0.49546983921756715,0.4340000000000002,0.3454759735437529,0.32408435726101464,WARNING,51.2,-0.6444681982205693,5.300000000000047,54.0,0.8628000369344128,14.999999999999986,0.0,0.26500000000000234,0.2876000123114709,0.4999999999999995,0.23702000246229482,NORMAL
2026-01-07,3.354,-4.400000000000004,3.6114255823486046,-0.15699245027718897,0.7500000000000004,1.558973620741494,45.000000000000014,0.8828695659038484,-0.06561361073696115,0.0,0.519657873580498,0.4500000000000001,0.32806805368480574,0.3251587961900219,WARNING,51.29999999999999,-0.6407921747192522,5.499999999999972,55.99999999999996,0.9391994735358755,15.999999999999964,0.0,0.2749999999999986,0.3130664911786252,0.5333333333333321,0.251779964902391,NORMAL
2026-01-08,3.341,-1.29999999999999,3.3817466679684394,-0.28417938305549784,0.7833333333333338,1.640589060747731,47.00000000000002,0.883845136774172,-0.06458111377682563,0.0,0.5468630202492436,0.4700000000000002,0.32290556888412814,0.3325348316035,WARNING,51.6,-0.6301755716854797,5.500000000000021,57.999999999999964,1.015534557636738,15.999999999999979,0.0,0.2750000000000011,0.33851151921224604,0.5333333333333327,0.25686897050911606,NORMAL
2026-01-09,3.386,4.499999999999993,3.0474968157661984,-0.46927348974758964,0.883333333333334,1.8409241732794532,53.00000000000003,0.8804644291260108,-0.06815909101662931,0.0,0.6136413910931511,0.5300000000000002,0.34079545508314657,0.3650464602518889,WARNING,50.29999999999997,-0.6751061432696831,2.400000000000013,52.99999999999998,0.8232248200110253,10.000000000000007,0.0,0.12000000000000063,0.2744082733370084,0.3333333333333336,0.1575483213340686,NORMAL
2026-01-12,3.392,0.5999999999999783,3.0464992852020654,-0.4698258819998218,0.8066666666666668,1.7009899488421316,48.4,0.8800153922671565,-0.06863432988021079,0.0,0.5669966496140438,0.484,0.34317164940105394,0.34746798968323034,WARNING,48.89999999999999,-0.7234891104483734,0.4999999999999929,50.0,0.707778127782626,6.000000000000014,0.0,0.024999999999999644,0.23592604259420868,0.20000000000000048,0.09468520851884174,NORMAL
2026-01-13,3.412,2.0000000000000018,2.998468907538237,-0.4964231707920127,0.8783333333333337,1.862119879939812,52.70000000000002,0.8785193661003023,-0.0702176515194145,0.0,0.620706626646604,0.5270000000000001,0.3510882575970725,0.3699766283681499,WARNING,48.30000000000001,-0.7440731191164239,-0.5999999999999801,45.99999999999999,0.5539879177566799,1.0000000000000284,0.0,0.0,0.18466263925222662,0.033333333333334283,0.04359919451711218,NORMAL
2026-01-14,3.418,0.6000000000000227,2.2513796939467334,-0.9101310892785346,0.8766666666666673,1.8585327624033645,52.60000000000002,0.8780713212235912,-0.0706918405171395,0.0,0.6195109208011215,0.5260000000000002,0.3534592025856975,0.3704858651945034,WARNING,48.499999999999986,-0.7368686665108084,-1.400000000000027,45.000000000000014,0.515428405549527,-0.9999999999999787,0.0,0.0,0.171809468516509,0.0,0.0343618937033018,NORMAL
2026-01-15,3.493,7.499999999999973,2.707105659672606,-0.6577684032020626,0.9816666666666668,2.026425043394119,58.9,0.8724736165507908,-0.07661618003384274,0.0,0.6754750144647064,0.589,0.3830809001692137,0.40612736296062674,WARNING,47.50000000000001,-0.7713393566099842,-3.29999999999999,45.99999999999999,0.5536849749301089,0.0,0.0,0.0,0.18456165831003632,0.0,0.03691233166200727,NORMAL
2026-01-16,3.488,-0.49999999999998934,2.7244700112324853,-0.6481527246338084,1.0316666666666665,2.153144973937005,61.89999999999998,0.8728444178378248,-0.07622374191035719,0.0,0.717714991312335,0.6189999999999998,0.38111870955178595,0.41979048208318137,WARNING,48.0,-0.7536985685677272,-3.1000000000000085,45.99999999999999,0.55352251749781,0.0,0.0,0.0,0.18450750583260334,0.0,0.03690150116652067,NORMAL
2026-01-19,3.565,7.699999999999996,3.0807167655390773,-0.4508776194515969,1.0883333333333336,2.2258757654824515,65.3,0.8671316511230762,-0.08226985751955396,0.0,0.7419585884941505,0.653,0.4113492875977698,0.44353143273793805,WARNING,46.900000000000034,-0.7916385035309988,-4.7999999999999545,44.999999999999964,0.5149450713229788,-1.0000000000000284,0.0,0.0,0.1716483571076596,0.0,0.03432967142153192,NORMAL
2026-01-20,3.653,8.800000000000008,3.4974389125999457,-0.22011367732613557,1.2333333333333338,2.4412373772573597,74.00000000000003,0.8606455063726756,-0.0891344789853078,0.0,0.8137457924191199,0.7400000000000003,0.445672394926539,0.48901811645443966,WARNING,46.20000000000002,-0.8156632316480624,-5.100000000000016,44.999999999999964,0.514798900483855,0.0,0.0,0.0,0.17159963349461835,0.0,0.03431992669892367,NORMAL
2026-01-21,3.602,-5.100000000000016,3.8000380884517586,-0.052546440509032816,1.0716666666666663,2.0900021671105975,64.29999999999998,0.8643764046428011,-0.0851858769517091,0.0,0.6966673890368659,0.6429999999999998,0.42592938475854547,0.43830523171079133,WARNING,48.60000000000002,-0.7319885708899558,-2.7999999999999545,44.999999999999964,0.5146528540613344,0.0,0.0,0.0,0.17155095135377815,0.0,0.03431019027075563,NORMAL
2026-01-22,3.558,-4.400000000000004,3.994927705030585,0.05537558023847651,1.038333333333333,2.005883029828068,62.299999999999976,0.8676091723961652,-0.0817644721315085,0.018458526746158836,0.668627676609356,0.6229999999999998,0.4088223606575425,0.42554618493411994,WARNING,50.60000000000002,-0.6622489968126339,-3.099999999999966,44.999999999999964,0.5145069318790045,0.0,0.0,0.0,0.17150231062633484,0.0,0.03430046212526697,NORMAL
2026-01-23,3.59,3.200000000000003,3.89275643106255,-0.0012027564761317635,1.01,1.9618155103597783,60.59999999999999,0.8652492754472476,-0.08426207276731079,0.0,0.6539385034532594,0.6059999999999999,0.42131036383655396,0.4205118462252735,WARNING,50.70000000000001,-0.6585605948973153,-2.8999999999999915,43.999999999999986,0.4759195696158756,0.0,0.0,0.0,0.1586398565386252,0.0,0.03172797130772504,NORMAL
2026-01-26,3.544,-4.599999999999982,4.079667169086983,0.10230088266642016,0.8233333333333338,1.6008289383229122,49.40000000000002,0.8686324001142465,-0.08068153747183082,0.03410029422214005,0.5336096461076374,0.4940000000000002,0.4034076873591541,0.3737050630096172,WARNING,51.500000000000014,-0.6305457351696965,-1.5999999999999517,42.99999999999997,0.4373396524294558,0.0,0.0,0.0,0.14577988414315193,0.0,0.029155976828630387,NORMAL
2026-01-27,3.53,-1.4000000000000234,4.059764058480026,0.09127934158295632,0.7816666666666666,1.515965172642448,46.899999999999984,0.8696660726703824,-0.07958754850142236,0.030426447194318775,0.5053217242141493,0.46899999999999986,0.3979377425071118,0.3601247312845383,WARNING,51.30000000000003,-0.6373003073285853,-1.799999999999983,41.999999999999986,0.3987659878033608,-0.9999999999999858,0.0,0.0,0.1329219959344536,0.0,0.026584399186890723,NORMAL
2026-01-28,3.518,-1.200000000000001,4.049857047509586,0.08579323789889907,0.7200000000000001,1.3958155760676594,43.199999999999996,0.8705531320645062,-0.07864872780089371,0.02859774596629969,0.4652718586892198,0.43199999999999994,0.39324363900446857,0.34247137653289134,WARNING,52.19999999999998,-0.6058119515954737,-0.20000000000002416,42.99999999999997,0.4371268672027851,0.0,0.0,0.0,0.1457089557342617,0.0,0.029141791146852343,NORMAL
2026-01-29,3.557,3.9000000000000146,4.109603643329009,0.11887849645093077,0.7916666666666669,1.527832469322877,47.50000000000001,0.8676672484317124,-0.08170300726823376,0.03962616548364359,0.5092774897742923,0.4750000000000001,0.4085150363411688,0.36818674558805475,WARNING,52.0,-0.6125806332217032,-0.30000000000001137,40.99999999999997,0.36006708678026933,-8.0,0.0,0.0,0.12002236226008978,0.0,0.024004472452017957,NORMAL
2026-01-30,3.607,5.000000000000027,4.206820902446772,0.17271349925765866,0.8033333333333339,1.5459677369444842,48.20000000000002,0.8639796626258777,-0.08560576948734377,0.057571166419219555,0.5153225789814947,0.48200000000000015,0.4280288474367189,0.38219028805483046,WARNING,52.0,-0.612392289863508,-0.4000000000000057,39.99999999999999,0.3214958750678543,-12.999999999999986,0.0,0.0,0.10716529168928478,0.0,0.021433058337856956,NORMAL
2026-02-02,3.603,-0.40000000000000036,4.220286221273813,0.1801700505266997,0.6666666666666675,1.3168941628883535,40.000000000000036,0.8642734157111704,-0.08529487544896941,0.0600566835088999,0.4389647209627845,0.40000000000000036,0.42647437724484705,0.3503940317922758,WARNING,51.6,-0.6261157195806812,-0.8000000000000043,38.99999999999997,0.2829279628481981,-15.000000000000028,0.0,0.0,0.09430932094939937,0.0,0.018861864189879875,NORMAL
2026-02-03,3.661,5.799999999999983,4.345872209713236,0.24971451311983078,0.7250000000000002,1.413942876311526,43.50000000000001,0.8600125477717144,-0.08980437171300604,0.08323817103994359,0.471314292103842,0.43500000000000005,0.4490218585650302,0.3775192360547692,WARNING,51.90000000000001,-0.6154859344705013,0.70000000000001,38.99999999999997,0.2828597132025849,-15.000000000000028,0.0,0.035000000000000496,0.0942865710675283,0.0,0.02935731421350581,NORMAL
2026-02-04,3.712,5.100000000000016,4.205247348629781,0.17184212852654565,0.8033333333333339,1.5512347753140163,48.20000000000002,0.856284393377124,-0.09375006976163014,0.05728070950884855,0.5170782584380055,0.48200000000000015,0.4687503488081507,0.39877193311263115,WARNING,51.89999999999997,-0.6152964609696477,0.5999999999999801,37.999999999999986,0.2442864513565648,-17.99999999999997,0.0,0.029999999999999007,0.08142881711885493,0.0,0.025285763423770688,NORMAL
2026-02-05,3.687,-2.5000000000000355,4.259861623648297,0.2020853145162648,0.8099999999999998,1.566424128648329,48.59999999999998,0.8581039977130503,-0.09182428865987369,0.0673617715054216,0.5221413762161097,0.4859999999999998,0.45912144329936844,0.3987492068640536,WARNING,52.0,-0.6116278046875032,0.3999999999999986,37.999999999999986,0.24422868672115983,-19.99999999999998,0.0,0.019999999999999928,0.0814095622403866,0.0,0.0222819124480773,NORMAL
2026-02-06,3.71,2.300000000000013,4.212712590293929,0.1759760787077114,0.7133333333333334,1.4186032771211328,42.8,0.8564264043975213,-0.09359977217554372,0.05865869290257047,0.4728677590403776,0.428,0.4679988608777186,0.37910483473967704,WARNING,52.19999999999998,-0.6044806125602264,1.9000000000000128,35.00000000000001,0.12860459417444273,-17.99999999999997,0.0,0.09500000000000064,0.04286819805814757,0.0,0.03707363961162971,NORMAL
2026-02-09,3.754,4.400000000000004,4.249817333535758,0.19652319117204345,0.811666666666667,1.606892917665145,48.70000000000001,0.8532233696450746,-0.09698970902760706,0.06550773039068115,0.5356309725550483,0.4870000000000001,0.4849485451380353,0.41160715864436004,WARNING,52.0,-0.611257294688796,3.1000000000000085,35.00000000000001,0.12857544854313668,-14.999999999999993,0.0,0.15500000000000042,0.04285848284771223,0.0,0.05507169656954257,NORMAL
2026-02-10,3.681,-7.299999999999995,4.711628950630661,0.4522558658853643,0.6066666666666667,1.171744699788516,36.39999999999999,0.8585176206537223,-0.09138653017212339,0.15075195529512145,0.390581566596172,0.36399999999999993,0.45693265086061696,0.36383976472250545,WARNING,53.49999999999997,-0.5588565980094236,5.19999999999996,35.00000000000001,0.12854632271884095,-10.999999999999986,0.0,0.259999999999998,0.04284877423961365,0.0,0.08656975484792213,NORMAL
2026-02-11,3.639,-4.200000000000026,4.871125991087951,0.5405789033645616,0.5633333333333329,1.0778058103835813,33.79999999999996,0.8615825285594562,-0.08814278008483778,0.1801929677881872,0.35926860346119377,0.33799999999999963,0.4407139004241889,0.35177787441955166,WARNING,54.59999999999998,-0.5203960799328626,6.099999999999994,35.00000000000001,0.12851721667913135,-10.000000000000007,0.0,0.3049999999999997,0.04283907222637712,0.0,0.10006781444527534,NORMAL
2026-02-12,3.618,-2.0999999999999908,4.676917000715205,0.4330337859986862,0.5833333333333336,1.1206321692676025,35.00000000000001,0.8631204533729347,-0.08651511494728925,0.1443445953328954,0.37354405642253413,0.3500000000000001,0.43257557473644626,0.3466079602456644,WARNING,56.20000000000003,-0.4645330174726024,8.700000000000024,35.00000000000001,0.12848813040161894,-10.999999999999986,0.0,0.4350000000000012,0.042829376800539644,0.0,0.13906587536010828,NORMAL
2026-02-13,3.571,-4.699999999999971,4.822128270030934,0.51344593875966,0.48333333333333356,0.9158180249142102,29.000000000000004,0.8665686195841596,-0.08286574283150361,0.17114864625322002,0.30527267497140337,0.29000000000000004,0.41432871415751804,0.3190157499079319,WARNING,56.30000000000002,-0.46092440564674547,8.300000000000018,35.00000000000001,0.1284590638639504,-10.999999999999986,0.0,0.4150000000000009,0.04281968795465013,0.0,0.1330639375909303,NORMAL
2026-02-19,3.588,1.6999999999999904,4.522374201794074,0.34745420795688453,0.4383333333333333,0.8365041869758498,26.29999999999999,0.8653164279288605,-0.08419100183311212,0.1158180693189615,0.27883472899194994,0.2629999999999999,0.4209550091655606,0.29991256332840655,NORMAL,55.699999999999996,-0.48170112313115104,8.799999999999962,35.00000000000001,0.12843001704380752,-9.999999999999957,0.0,0.43999999999999806,0.04281000568126917,0.0,0.14056200113625325,NORMAL
2026-02-20,3.54,-4.800000000000004,4.155310489380769,0.14418910701342902,0.44833333333333364,0.8585306392494352,26.900000000000013,0.8688469189548104,-0.08045450112059116,0.048063035671143006,0.2861768797498117,0.26900000000000013,0.4022725056029558,0.2815569853253733,NORMAL,57.500000000000014,-0.4188544999268471,11.299999999999997,33.99999999999998,0.08981904749612243,-10.999999999999986,0.0,0.5649999999999998,0.029939682498707477,0.0,0.17548793649974145,NORMAL
2026-02-23,3.578,3.799999999999981,4.120500736050099,0.12491286753430438,0.4816666666666663,0.9179320837211576,28.89999999999997,0.8660405434065863,-0.08342463308197168,0.04163762251143479,0.3059773612403859,0.2889999999999997,0.4171231654098584,0.2941722629143074,NORMAL,57.100000000000016,-0.432684423827117,8.499999999999993,33.0,0.05120828058382639,-11.999999999999964,0.0,0.42499999999999966,0.017069426861275463,0.0,0.13091388537225498,NORMAL
2026-02-24,3.593,1.5000000000000124,4.007607896567666,0.062397359634269435,0.5483333333333338,1.0493615985898719,32.90000000000002,0.8649363417137429,-0.08459326667479217,0.02079911987808981,0.3497871995299573,0.3290000000000002,0.42296633337396083,0.3091037972311938,WARNING,57.2,-0.42908484106148764,6.59999999999998,33.0,0.05119687491496638,-11.999999999999964,0.0,0.329999999999999,0.01706562497165546,0.0,0.10241312499433079,NORMAL
2026-02-25,3.556,-3.699999999999992,4.030423772939219,0.07503187309049289,0.5083333333333337,0.9655791169514226,30.500000000000014,0.8676565665084326,-0.08171431249848438,0.02501062436349763,0.3218597056504742,0.30500000000000016,0.4085715624924219,0.2938026909997632,NORMAL,58.099999999999994,-0.39759687979726605,7.399999999999984,33.0,0.051185476863909236,-10.999999999999986,0.0,0.3699999999999992,0.017061825621303078,0.0,0.11441236512426038,NORMAL
2026-02-26,3.47,-8.599999999999985,4.348514567914927,0.25117774467455,0.1983333333333338,0.3792347379979993,11.900000000000022,0.8739991360096092,-0.07500164412284838,0.08372591489151666,0.12641157933266642,0.11900000000000022,0.3750082206142419,0.2158307870905334,NORMAL,59.10000000000002,-0.3626262755303681,7.6000000000000085,31.99999999999998,0.012557643898077439,-10.999999999999993,0.0,0.38000000000000045,0.004185881299359147,0.0,0.11483717625987196,NORMAL
2026-02-27,3.446,-2.400000000000002,4.3666921118851425,0.2612437364494318,0.17000000000000068,0.32407310101204867,10.200000000000031,0.8757820942470689,-0.07311464747685892,0.08708124548314393,0.10802436700401623,0.10200000000000031,0.3655732373842946,0.20565041745114992,NORMAL,59.60000000000001,-0.34509745030673966,8.299999999999976,31.99999999999998,0.0125548575152775,-10.000000000000007,0.0,0.4149999999999988,0.0041849525050925,0.0,0.12533699050101813,NORMAL
2026-03-03,3.594,14.799999999999969,5.527595841726632,0.9041054682192188,0.3449999999999999,0.6002934450857313,20.699999999999985,0.8647647555014408,-0.08477486521159994,0.30136848940640626,0.20009781502857713,0.20699999999999985,0.4238743260579997,0.3112429913101965,WARNING,58.9,-0.3694294527176216,6.700000000000017,31.99999999999998,0.012552072986444042,-10.999999999999993,0.0,0.33500000000000085,0.004184024328814681,0.0,0.10133680486576319,NORMAL
2026-03-04,3.632,3.8000000000000256,5.524288475260376,0.9022739818698856,0.4766666666666669,0.832551641453075,28.6,0.8619715653411711,-0.0877310423969665,0.30075799395662856,0.2775172138176917,0.28600000000000003,0.4386552119848325,0.3483171263487971,WARNING,57.699999999999996,-0.4112025480164699,5.699999999999996,31.99999999999998,0.012549290309522189,-8.999999999999993,0.0,0.2849999999999998,0.004183096769840729,0.0,0.08633661935396808,NORMAL
2026-03-05,3.589,-4.300000000000015,5.505872463011402,0.892075935966212,0.36833333333333357,0.6380937745515155,22.10000000000001,0.8651220714124931,-0.0843966993569274,0.2973586453220707,0.21269792485050518,0.22100000000000009,0.421983496784637,0.31500471274837,WARNING,58.80000000000001,-0.3727116657474102,6.800000000000011,31.99999999999998,0.012546509482459976,-8.000000000000014,0.0,0.3400000000000006,0.0041821698274866585,0.0,0.1028364339654975,NORMAL
2026-03-06,3.616,2.7000000000000135,5.540214227284935,0.911093021953116,0.40000000000000047,0.6914329892634076,24.00000000000002,0.8631366162586014,-0.08649800893190329,0.30369767398437203,0.23047766308780251,0.2400000000000002,0.43249004465951646,0.32783108527824156,WARNING,58.80000000000001,-0.3726176534138564,7.20000000000001,31.99999999999998,0.012543730503208783,-6.999999999999993,0.0,0.3600000000000005,0.004181243501069594,0.0,0.10883624870021405,NORMAL
2026-03-09,3.739,12.299999999999978,6.060562766990491,1.1992410869133932,0.6349999999999998,1.0406034926348573,38.09999999999998,0.8541125229356177,-0.09604867224852032,0.39974702897113107,0.34686783087828577,0.3809999999999998,0.4802433612426016,0.417620316466924,WARNING,57.699999999999996,-0.4109227518046594,5.799999999999983,28.999999999999996,-0.10346262344545844,-9.999999999999975,0.0,0.28999999999999915,0.0,0.0,0.08699999999999974,NORMAL
2026-03-10,3.629,-10.999999999999988,6.458228125911597,1.4194521472532389,0.38000000000000056,0.5965849914923239,22.80000000000002,0.8620984750250656,-0.087596727334044,0.47315071575107964,0.19886166383077464,0.22800000000000017,0.43798363667022,0.35519593058445886,WARNING,59.10000000000002,-0.36193582363973803,7.200000000000053,29.999999999999982,-0.06476324877610219,-8.000000000000004,0.0,0.36000000000000265,0.0,0.0,0.10800000000000079,NORMAL
2026-03-11,3.608,-2.0999999999999908,6.452047818532609,1.4160297419302168,0.2583333333333339,0.4081344537740193,15.500000000000025,0.8636373208029853,-0.08596808749233542,0.4720099139767389,0.1360448179246731,0.15500000000000025,0.4298404374616771,0.3245471213649533,WARNING,59.20000000000001,-0.35835309134858756,7.20000000000001,29.999999999999982,-0.06474886527300242,-8.000000000000004,0.0,0.3600000000000005,0.0,0.0,0.10800000000000014,NORMAL
2026-03-12,3.649,4.0999999999999925,6.503964378098851,1.4447790417492814,0.46333333333333354,0.7478111670612954,27.800000000000004,0.8606275447399869,-0.08915348870742457,0.4815930139164271,0.24927038902043178,0.278,0.44576744353712283,0.38007965800222093,WARNING,59.50000000000002,-0.34778505497012663,7.30000000000004,29.999999999999982,-0.06473449134912077,-5.000000000000025,0.0,0.365000000000002,0.0,0.0,0.1095000000000006,NORMAL
2026-03-13,3.701,5.200000000000005,6.536800682129948,1.462962464484285,0.5383333333333334,0.8618978064024648,32.3,0.8568235709922362,-0.09317943028733777,0.487654154828095,0.28729926880082163,0.32299999999999995,0.46589715143668886,0.40594954530045885,WARNING,58.099999999999994,-0.3966082767552614,6.099999999999994,29.999999999999982,-0.06472012699382919,-5.000000000000025,0.0,0.3049999999999997,0.0,0.0,0.09149999999999991,NORMAL
2026-03-16,3.68,-2.0999999999999908,6.342793258162312,1.3555289664757475,0.4516666666666674,0.723153879697079,27.100000000000037,0.8583530010664573,-0.09156075557040066,0.45184298882524915,0.24105129323235966,0.27100000000000035,0.4578037778520033,0.3759003675523232,WARNING,58.70000000000002,-0.3755419651814217,5.2000000000000455,31.0,-0.02599527751437283,-4.000000000000007,0.0,0.2600000000000023,0.0,0.0,0.07800000000000068,NORMAL
2026-03-17,3.692,1.200000000000001,6.269330107754719,1.3148480324083396,0.6116666666666668,1.008727898837232,36.7,0.8574774810053695,-0.09248736359971887,0.43828267746944655,0.33624263294574397,0.36700000000000005,0.4624368179985944,0.4132797892824759,WARNING,58.20000000000003,-0.39292146448091386,3.600000000000051,29.999999999999982,-0.06470858676524562,-5.000000000000025,0.0,0.18000000000000255,0.0,0.0,0.05400000000000076,NORMAL
2026-03-18,3.606,-8.60000000000003,6.560118740902231,1.4758750663293205,0.48833333333333306,0.7814832983255182,29.29999999999997,0.8637456413915187,-0.08585344622763291,0.49195835544310684,0.26049443277517276,0.2929999999999997,0.42926723113816456,0.3807974500989217,WARNING,59.399999999999984,-0.3508754025620498,3.199999999999953,29.999999999999982,-0.06469424721775532,-5.000000000000025,0.0,0.15999999999999764,0.0,0.0,0.04799999999999929,NORMAL
2026-03-19,3.693,8.700000000000019,6.743019782669598,1.577158297169764,0.6150000000000005,0.961470606780422,36.90000000000002,0.8573582423734284,-0.09261355999277954,0.5257194323899214,0.32049020226014063,0.3690000000000002,0.4630677999638977,0.42826904691557155,WARNING,58.59999999999999,-0.3787579650615122,2.2999999999999687,29.999999999999982,-0.06467991719907686,-5.000000000000025,0.0,0.11499999999999844,0.0,0.0,0.03449999999999953,NORMAL
2026-03-20,3.736,4.300000000000015,6.790039144139541,1.6031957259110816,0.7066666666666674,1.1010677540751215,42.400000000000034,0.8542245979975536,-0.09593005743100591,0.5343985753036938,0.3670225846917072,0.4240000000000003,0.47965028715502955,0.4569443468610921,WARNING,58.099999999999994,-0.3961465137793501,2.3999999999999986,31.99999999999998,0.012823701886040451,-3.0000000000000284,0.0,0.11999999999999993,0.004274567295346817,0.0,0.03685491345906934,NORMAL
2026-03-23,3.879,14.29999999999998,7.29430022616793,1.8824352047101884,0.895,1.3167185464257067,53.69999999999999,0.8438414980088933,-0.10691902758293204,0.6274784015700628,0.43890618214190225,0.5369999999999999,0.5345951379146602,0.5345149719082571,HIGH,58.00000000000001,-0.399542942216156,0.4999999999999929,31.99999999999998,0.012820875261899685,-2.0,0.0,0.024999999999999644,0.004273625087299895,0.0,0.008354725017459872,NORMAL
2026-03-24,3.835,-4.400000000000004,7.399450548591596,1.9406632184824062,0.7933333333333334,1.157711551526093,47.599999999999994,0.8469974652114466,-0.10357890474609222,0.6468877394941354,0.38590385050869763,0.4759999999999999,0.5178945237304611,0.5089161274927511,HIGH,59.80000000000003,-0.33647430961283215,2.700000000000017,31.99999999999998,0.012818050506084356,-1.0000000000000213,0.0,0.13500000000000084,0.004272683502028119,0.0,0.041354536700405876,NORMAL
2026-03-25,3.859,2.400000000000002,7.403562442642401,1.94294021980681,0.8000000000000002,1.1670461969668815,48.0,0.8452695903824152,-0.10540760378041014,0.6476467399356033,0.3890153989889605,0.48,0.5270380189020507,0.514147635345733,HIGH,60.00000000000006,-0.32939405967357166,2.800000000000054,31.0,-0.025955104751014056,-2.0,0.0,0.1400000000000027,0.0,0.0,0.04200000000000081,NORMAL
2026-03-26,3.865,0.6000000000000227,7.311668756173234,1.8920531971332377,0.8666666666666668,1.2711450300433031,52.0,0.8448385028913202,-0.1058638459024821,0.6306843990444125,0.4237150100144344,0.52,0.5293192295124105,0.5266075736167336,HIGH,60.39999999999996,-0.31531533786111743,2.2999999999999687,31.0,-0.025949388323209473,-2.0,0.0,0.11499999999999844,0.0,0.0,0.03449999999999953,NORMAL
2026-03-27,3.915,4.999999999999982,6.941551093159743,1.6870969413410994,0.9016666666666667,1.3173357448723602,54.099999999999994,0.8412479392540322,-0.10966392455739649,0.5623656471136999,0.4391119149574534,0.5409999999999999,0.5483196227869824,0.5278233615290236,HIGH,60.00000000000006,-0.3292402024312546,0.9000000000000341,31.0,-0.0259436756707506,-0.9999999999999787,0.0,0.045000000000001705,0.0,0.0,0.013500000000000512,NORMAL
2026-03-30,3.891,-2.400000000000002,6.941551093159743,1.6870969413410994,0.895,1.3066196876933907,53.69999999999999,0.8429640850501104,-0.10784763896349359,0.5623656471136999,0.4355398958977969,0.5369999999999999,0.5392381948174679,0.5226763865292865,HIGH,61.50000000000002,-0.27664497047416026,1.9000000000000128,31.0,-0.025937966789483523,-0.9999999999999787,0.0,0.09500000000000064,0.0,0.0,0.028500000000000192,NORMAL
2026-03-31,3.879,-1.200000000000001,6.3092142308314605,1.336934253489509,0.8233333333333339,1.2022755452513458,49.40000000000002,0.8438239084168616,-0.10693764355523627,0.44564475116316965,0.40075851508378196,0.4940000000000002,0.5346882177761814,0.48195594035986294,WARNING,61.400000000000034,-0.2800812508462044,2.5000000000000355,31.0,-0.025932261675260936,-0.9999999999999787,0.0,0.12500000000000178,0.0,0.0,0.03750000000000053,NORMAL
2026-04-01,3.689,-18.999999999999993,7.752301865286607,2.1360580670619487,0.5066666666666673,0.6663875297132699,30.400000000000027,0.8574516645377939,-0.09251468649865335,0.7120193556873162,0.22212917657108996,0.30400000000000027,0.46257343249326677,0.43265907944898796,WARNING,64.1,-0.18544719674661664,6.399999999999999,31.0,-0.02592656032394163,-0.9999999999999787,0.0,0.31999999999999995,0.0,0.0,0.09599999999999999,NORMAL
2026-04-02,3.804,11.499999999999977,8.05944199452777,2.3061399009853614,0.6966666666666664,0.8908483848727853,41.79999999999997,0.849070074516937,-0.10138535543812899,0.7687133003284538,0.2969494616242618,0.4179999999999997,0.5069267771906449,0.49950326326680106,WARNING,63.7,-0.19941823925890148,4.8999999999999915,31.0,-0.0259208627313912,-0.9999999999999787,0.0,0.24499999999999958,0.0,0.0,0.07349999999999987,NORMAL
2026-04-03,3.747,-5.699999999999994,8.188147724479242,2.3774119507845253,0.5850000000000002,0.7412275883194789,35.099999999999994,0.8531838190279715,-0.09703156748522679,0.7924706502615084,0.24707586277315963,0.3509999999999999,0.48515783742613394,0.4721724375773872,WARNING,64.5,-0.17134041402002767,5.699999999999989,31.0,-0.02591516889348115,-0.9999999999999787,0.0,0.2849999999999994,0.0,0.0,0.08549999999999983,NORMAL
2026-04-06,3.725,-2.1999999999999797,7.732031802150942,2.1248333224466003,0.545,0.6893720899073764,32.699999999999996,0.8547792727695538,-0.09534301651642418,0.7082777741488667,0.22979069663579213,0.32699999999999996,0.4767150825821209,0.4436997271897801,WARNING,64.90000000000005,-0.15728250068962488,7.200000000000053,31.0,-0.025909478806089584,2.0000000000000036,0.0,0.36000000000000265,0.0,0.06666666666666679,0.12133333333333415,NORMAL
2026-04-07,3.754,2.8999999999999915,7.311121664970423,1.8917502400584738,0.6666666666666666,0.8470664144230895,39.99999999999999,0.8526722418621769,-0.09757299598071101,0.6305834133528246,0.2823554714743632,0.3999999999999999,0.48786497990355504,0.4577337689268596,WARNING,65.60000000000001,-0.13270817296450665,6.499999999999986,30.00000000000002,-0.06475090449592522,3.907985046680551e-14,0.0,0.3249999999999993,0.0,1.3026616822268502e-15,0.09750000000000004,NORMAL
2026-04-08,3.628,-12.599999999999989,7.872537208883997,2.202639558031495,0.4783333333333334,0.5854962825723787,28.699999999999992,0.8618043615725208,-0.08790800276766453,0.7342131860104982,0.19516542752412624,0.2869999999999999,0.43954001383832264,0.41909172824225394,WARNING,65.8,-0.1256658973420066,6.599999999999987,29.999999999999982,-0.06473664986286257,0.0,0.0,0.32999999999999935,0.0,0.0,0.0989999999999998,NORMAL
2026-04-09,3.66,3.200000000000003,7.8510123383447805,2.1907199516117184,0.4566666666666669,0.5600187560225253,27.400000000000002,0.8594602537090436,-0.09038889300013653,0.7302399838705728,0.1866729186741751,0.274,0.45194446500068264,0.41896036650922264,WARNING,66.10000000000001,-0.11511663192308409,6.599999999999987,28.999999999999996,-0.10358638097134384,-0.9999999999999858,0.0,0.32999999999999935,0.0,0.0,0.0989999999999998,NORMAL
2026-04-10,3.686,2.59999999999998,7.782563168627934,2.1528155581196033,0.4900000000000002,0.6003216499726118,29.400000000000006,0.8575608465483466,-0.09239913354660612,0.7176051860398678,0.20010721665753728,0.29400000000000004,0.4619956677330306,0.4271407476326933,WARNING,65.8,-0.12561465486219142,7.700000000000003,28.999999999999996,-0.1035634484461019,-0.9999999999999858,0.0,0.3850000000000001,0.0,0.0,0.11550000000000003,NORMAL
2026-04-13,3.715,2.8999999999999915,7.794389007484798,2.159364231408983,0.5050000000000001,0.6182383743393671,30.299999999999994,0.8554469590616051,-0.09463636968241362,0.7197880771363278,0.20607945811312237,0.30299999999999994,0.4731818484120681,0.4350462464147173,WARNING,66.10000000000001,-0.11506087490432824,7.3999999999999915,28.999999999999996,-0.1035405311449963,-2.0000000000000036,0.0,0.36999999999999955,0.0,0.0,0.11099999999999986,NORMAL
2026-04-14,3.658,-5.699999999999994,7.898640789135137,2.217094669488438,0.39999999999999974,0.4858185549211689,23.99999999999998,0.8595915995782585,-0.09024988289352498,0.7390315564961459,0.1619395183070563,0.2399999999999998,0.4512494144676249,0.40869398074769037,WARNING,66.6,-0.09748845549871785,8.399999999999963,28.000000000000018,-0.14240670814776468,-1.9999999999999645,0.0,0.41999999999999815,0.0,0.0,0.12599999999999945,NORMAL
2026-04-15,3.655,-0.30000000000001137,7.646428474853634,2.0774296473467557,0.2700000000000001,0.33146392935784375,16.199999999999992,0.859810795436151,-0.09001789661366277,0.6924765491155852,0.11048797645261459,0.16199999999999992,0.45008948306831387,0.3730286983409655,WARNING,66.70000000000003,-0.0939567794661703,7.300000000000047,28.999999999999996,-0.10347749482730864,-0.9999999999999858,0.0,0.3650000000000023,0.0,0.0,0.1095000000000007,NORMAL
2026-04-16,3.675,2.0000000000000018,7.399281615201063,1.940569669974291,0.31166666666666654,0.3824289187334514,18.69999999999998,0.8583491170839095,-0.09156486618941961,0.6468565566580969,0.1274763062444838,0.1869999999999998,0.45782433094709807,0.37539630495935533,WARNING,66.5,-0.1009578731594734,7.900000000000013,28.000000000000018,-0.14236048803607104,-1.9999999999999645,0.0,0.39500000000000063,0.0,0.0,0.11850000000000019,NORMAL
2026-04-17,3.717,4.200000000000026,7.396192121270016,1.9388588326604372,0.25333333333333374,0.3135075627139315,15.200000000000014,0.8552848107359199,-0.0948079796171234,0.6462862775534791,0.10450252090464383,0.15200000000000014,0.474039898085617,0.3701737189258714,WARNING,66.6,-0.09742391359154058,8.5,27.0,-0.18124266914747494,-4.999999999999979,0.0,0.425,0.0,0.0,0.1275,NORMAL
2026-04-20,3.688,-2.8999999999999915,6.590381747588467,1.4926335006307856,0.05833333333333375,0.07323240840942935,3.500000000000014,0.8573930877943838,-0.09257668128687968,0.49754450021026186,0.024410802803143117,0.03500000000000014,0.4628834064343984,0.29654442317644036,NORMAL,66.80000000000001,-0.09037756145648954,8.800000000000004,27.0,-0.18120177358957582,-4.999999999999979,0.0,0.4400000000000002,0.0,0.0,0.13200000000000006,NORMAL
2026-04-21,3.655,-3.3000000000000362,6.564658166432212,1.4783888173686437,0.0883333333333334,0.11127652151828202,5.299999999999994,0.859798075405647,-0.09003135887788949,0.49279627245621455,0.03709217383942734,0.052999999999999936,0.45015679438944745,0.29664040701490735,NORMAL,66.40000000000002,-0.10441044120778042,6.599999999999987,26.000000000000018,-0.22009094697423184,-5.999999999999961,0.0,0.32999999999999935,0.0,0.0,0.0989999999999998,NORMAL
2026-04-22,3.697,4.200000000000026,6.624349024621203,1.5114432106656999,0.23166666666666724,0.2921313938775599,13.900000000000023,0.8567285962764488,-0.0932799469266955,0.5038144035552333,0.09737713129251996,0.13900000000000023,0.4663997346334775,0.33459820082294167,WARNING,66.29999999999994,-0.1079013530263758,6.2999999999998835,25.0,-0.2589782860884053,-6.0,0.0,0.3149999999999942,0.0,0.0,0.09449999999999825,NORMAL
2026-04-23,3.791,9.399999999999986,7.004291917328814,1.7218402829646984,0.33500000000000024,0.4155293181504364,20.10000000000001,0.8498833347922,-0.10052464015075113,0.5739467609882328,0.13850977271681214,0.2010000000000001,0.5026232007537557,0.3837405870425113,WARNING,64.9,-0.15708325709857734,4.500000000000043,25.0,-0.25891799222938766,-6.0,0.0,0.22500000000000214,0.0,0.0,0.06750000000000064,NORMAL
2026-04-24,3.817,2.6000000000000245,6.927587869107862,1.6793646702109972,0.45500000000000035,0.5668555779853297,27.30000000000001,0.8480050926223092,-0.10251248069601804,0.5597882234036657,0.18895185932844324,0.27300000000000013,0.5125624034800902,0.40937297793845795,WARNING,64.89999999999996,-0.15704815485537038,4.899999999999906,26.000000000000018,-0.21990415067435493,-4.999999999999982,0.0,0.2449999999999953,0.0,0.0,0.0734999999999986,NORMAL
2026-04-27,3.82,0.29999999999996696,6.914704012388906,1.6722301092398195,0.48333333333333356,0.6026122247137666,29.000000000000004,0.8477888513236904,-0.1027413400134406,0.5574100364132731,0.20087074157125553,0.29000000000000004,0.513706700067203,0.41513883562378695,WARNING,65.50000000000003,-0.13591597449964013,4.000000000000007,26.000000000000018,-0.21985389589690563,-4.999999999999982,0.0,0.20000000000000034,0.0,0.0,0.0600000000000001,NORMAL
2026-04-28,3.861,4.100000000000037,6.98184864676367,1.7094121035978729,0.5716666666666675,0.7112194886596274,34.30000000000004,0.8448343071768273,-0.10586828644349389,0.5698040345326243,0.23707316288654245,0.3430000000000004,0.5293414322174694,0.44171201237082125,WARNING,65.30000000000004,-0.14291969621494505,3.9000000000000057,26.000000000000018,-0.2198036755588187,-4.999999999999982,0.0,0.19500000000000028,0.0,0.0,0.05850000000000008,NORMAL
2026-04-29,3.843,-1.8000000000000238,5.41305439606298,0.8406770286113929,0.4766666666666669,0.593807197430433,28.6,0.8461269036668079,-0.10450026492175235,0.2802256762037976,0.19793573247681098,0.28600000000000003,0.5225013246087618,0.36183281157962643,WARNING,65.99999999999997,-0.11826404003337061,1.8999999999999773,26.000000000000018,-0.21975348962077623,-4.999999999999982,0.0,0.09499999999999886,0.0,0.0,0.028499999999999658,NORMAL
2026-04-30,3.923,8.000000000000007,5.095144747698533,0.6646314687252193,0.5266666666666666,0.6509793297919503,31.599999999999984,0.8403732407218736,-0.11058966312028451,0.22154382290840643,0.2169931099306501,0.31599999999999984,0.5529483156014225,0.3720867128083803,WARNING,65.3,-0.14286712305046848,1.5999999999999943,27.0,-0.18071693054494534,-4.0,0.0,0.07999999999999971,0.0,0.0,0.023999999999999914,NORMAL
2026-05-04,3.932,0.8999999999999897,4.8749493924498655,0.5426961490565076,0.5483333333333331,0.6778694757587629,32.89999999999998,0.8397303551927213,-0.1112700620279975,0.18089871635216923,0.22595649191958764,0.3289999999999998,0.5563503101399875,0.36971116571034635,WARNING,65.29999999999995,-0.142835399690184,0.7999999999999545,27.0,-0.18067632082260762,-4.0,0.0,0.039999999999997725,0.0,0.0,0.011999999999999317,NORMAL
2026-05-06,3.932,0.0,4.8252924645477195,0.5151981422494318,0.4516666666666667,0.5617527120532131,27.09999999999999,0.8397303551927213,-0.1112700620279975,0.17173271408314394,0.1872509040177377,0.2709999999999999,0.5563503101399875,0.3485368476761713,WARNING,65.39999999999995,-0.13928374545887698,0.4999999999999005,26.000000000000018,-0.2196385912043529,-4.999999999999982,0.0,0.024999999999995026,0.0,0.0,0.007499999999998508,NORMAL
2026-05-07,3.888,-4.400000000000004,4.951246520348499,0.5849464257238705,0.293333333333333,0.364794258601539,17.599999999999973,0.8428709467211422,-0.10794621205998212,0.19498214190795682,0.121598086200513,0.17599999999999974,0.5397310602999106,0.31440846974165815,WARNING,65.3,-0.14277357926008535,-0.30000000000001137,26.000000000000018,-0.2195885336505273,-4.0000000000000036,0.0,0.0,0.0,0.0,0.0,NORMAL
2026-05-08,3.909,2.0999999999999908,3.8452260216916643,-0.02752318296323294,0.3700000000000001,0.460630651274295,22.199999999999996,0.8413664220812449,-0.10953852807145503,0.0,0.153543550424765,0.22199999999999995,0.5476926403572752,0.2941857662278631,NORMAL,64.9,-0.15682771509722485,-0.8999999999999915,25.99999999999998,-0.2195385103076351,-4.0000000000000036,0.0,0.0,0.0,0.0,0.0,NORMAL
2026-05-11,3.95,4.100000000000037,3.87250768746476,-0.012415695190020698,0.4000000000000005,0.49687800289872064,24.00000000000002,0.8384342601002917,-0.1126417863011262,0.0,0.16562600096624022,0.2400000000000002,0.563208931505631,0.3064087727955005,WARNING,64.70000000000002,-0.16383718814397402,-1.3999999999999915,25.99999999999998,-0.21948852113672213,-3.0000000000000178,0.0,0.0,0.0,0.0,0.0,NORMAL
2026-05-12,4.056,10.599999999999987,4.37775477181,0.2673697919822582,0.5033333333333336,0.6136583113693888,30.200000000000003,0.830879967416788,-0.12063688380655302,0.08912326399408606,0.20455277045646292,0.30200000000000005,0.6031844190327651,0.36040897450321585,WARNING,63.7,-0.19902983999370089,-2.0999999999999943,25.99999999999998,-0.21943856609890078,-3.0000000000000178,0.0,0.0,0.0,0.0,0.0,NORMAL
2026-05-13,4.044,-1.2000000000000455,4.4217732808646355,0.2917454695112215,0.6049999999999994,0.7468565856629029,36.299999999999955,0.8317274649835532,-0.11973993342803568,0.09724848983707383,0.24895219522096765,0.36299999999999955,0.5986996671401784,0.3813200038676796,WARNING,63.79999999999999,-0.19546129059530853,-2.3000000000000185,25.99999999999998,-0.2193886451553436,-3.0000000000000178,0.0,0.0,0.0,0.0,0.0,NORMAL
2026-05-14,4.085,4.100000000000037,4.09598969468276,0.11133963997387598,0.7433333333333338,0.9200090398048666,44.600000000000016,0.8288288947680855,-0.12056508071586436,0.037113213324625326,0.30666967993495553,0.4460000000000002,0.6028254035793218,0.3990867400836449,WARNING,62.999999999999986,-0.2236121896777088,-3.6000000000000085,25.99999999999998,-0.21933875826728536,-2.000000000000039,0.0,0.0,0.0,0.0,0.0,NORMAL
2026-05-15,4.217,13.199999999999967,4.735965415947691,0.46573242025994416,0.9983333333333331,1.1990304302308907,59.89999999999998,0.8195294345687876,-0.1296925792025545,0.15524414008664805,0.3996768100769636,0.5989999999999998,0.6484628960127725,0.49016934843783133,WARNING,62.5,-0.24118662320763998,-4.200000000000031,25.99999999999998,-0.21928890539602203,-3.0000000000000178,0.0,0.0,0.0,0.0,0.0,NORMAL
2026-05-18,4.239,2.200000000000024,4.734375966214938,0.4648522470108688,1.113333333333333,1.3459032279933325,66.79999999999997,0.8179969145261439,-0.1299148665889872,0.15495074900362293,0.4486344093311108,0.6679999999999997,0.649574332944936,0.5141467648449212,HIGH,62.40000000000001,-0.24465708167713954,-4.099999999999987,25.99999999999998,-0.21923908650291152,-2.000000000000039,0.0,0.0,0.0,0.0,0.0,NORMAL
2026-05-19,4.21,-2.8999999999999915,4.889115192795216,0.5505405987794492,1.0366666666666666,1.2492538485600184,62.19999999999999,0.8200132769204508,-0.124196829800716,0.18351353292648306,0.41641794952000616,0.6219999999999999,0.62098414900358,0.49277995609072983,WARNING,62.59999999999999,-0.23754789697124923,-4.000000000000007,25.99999999999998,-0.21918930154937305,-1.0000000000000213,0.0,0.0,0.0,0.0,0.0,NORMAL
2026-05-20,4.198,-1.1999999999999567,4.804986445021675,0.5039534864331856,1.0966666666666673,1.3295669831781454,65.80000000000004,0.8208496904629097,-0.12284269513542745,0.16798449547772853,0.44318899439271514,0.6580000000000004,0.6142134756771372,0.4995200882449437,WARNING,62.60000000000004,-0.23749354734026454,-4.199999999999974,25.0,-0.258222768968587,-2.0,0.0,0.0,0.0,0.0,0.0,NORMAL
2026-05-21,4.174,-2.400000000000002,4.7512297577076,0.47418519797600944,0.9933333333333344,1.2032204878615567,59.60000000000005,0.8225242238314541,-0.12105329423350364,0.15806173265866982,0.4010734959538522,0.5960000000000005,0.6052664711675182,0.4731336341895118,WARNING,62.80000000000001,-0.23038332881878895,-3.6000000000000085,25.99999999999998,-0.21907200969249166,-3.907985046680551e-14,0.0,0.0,0.0,0.0,0.0,NORMAL
2026-05-22,4.128,-4.600000000000026,4.995943090991027,0.6096975864522018,0.8916666666666672,1.0733293922421603,53.500000000000014,0.8257402935466351,-0.1176166126139565,0.20323252881740062,0.3577764640807201,0.5350000000000001,0.5880830630697825,0.4544350238075372,WARNING,62.49999999999996,-0.24091685792115786,-3.799999999999983,25.99999999999998,-0.2190223307390748,0.9999999999999787,0.0,0.0,0.0,0.033333333333332625,0.006666666666666526,NORMAL
2026-05-26,4.073,-5.499999999999972,4.969581153588821,0.5950994072099809,0.8616666666666675,1.0330573362890147,51.70000000000003,0.8296006294189656,-0.11349147027792683,0.19836646906999364,0.3443524454296716,0.5170000000000003,0.5674573513896342,0.43892672345578676,WARNING,63.09999999999998,-0.21968531549567663,-1.8000000000000256,22.99999999999999,-0.33629287658281415,-2.0000000000000107,0.0,0.0,0.0,0.0,0.0,NORMAL
2026-05-27,4.102,2.8999999999999915,4.973813003066521,0.597442835018758,1.0533333333333337,1.2859167592349894,63.20000000000001,0.8275556638674479,-0.1156767138036916,0.1991476116729193,0.42863891974499646,0.6320000000000001,0.578383569018458,0.4833107338909664,WARNING,62.50000000000004,-0.24081630361789014,-2.3999999999999204,21.999999999999968,-0.37532495921300657,-4.00000000000005,0.0,0.0,0.0,0.0,0.0,NORMAL
2026-05-28,4.147,4.499999999999993,5.012329535098522,0.6187717392572167,1.1683333333333337,1.4265616917959367,70.10000000000001,0.824390263453155,-0.11677226038166144,0.20625724641907225,0.4755205639319789,0.7010000000000001,0.5838613019083072,0.5101000828335331,HIGH,61.80000000000003,-0.26547701181965483,-3.6999999999999957,21.999999999999968,-0.37523242056638606,-4.00000000000005,0.0,0.0,0.0,0.0,0.0,NORMAL
2026-05-29,4.068,-7.9000000000000625,5.40460573565683,0.835998500736757,0.7899999999999998,0.9882343823613955,47.39999999999998,0.829926044072243,-0.11084138611012428,0.2786661669122523,0.32941146078713185,0.47399999999999975,0.5542069305506214,0.4380982977601254,WARNING,62.19999999999999,-0.2512895103046679,-3.100000000000051,20.99999999999999,-0.4142667750748343,-5.000000000000028,0.0,0.0,0.0,0.0,0.0,NORMAL
2026-06-01,4.174,10.600000000000076,5.761713469556013,1.0337503817425653,0.903333333333334,1.109025423829016,54.200000000000024,0.822448410415152,-0.11885270522127211,0.3445834605808551,0.36967514127633866,0.5420000000000003,0.5942635261063606,0.48895713081398307,WARNING,62.000000000000014,-0.25829632257096236,-3.9999999999999574,20.99999999999999,-0.4141619718162995,-5.000000000000028,0.0,0.0,0.0,0.0,0.0,NORMAL
2026-06-02,4.135,-3.900000000000059,5.685938333893727,0.9917891633531652,0.9099999999999999,1.1181639699537527,54.59999999999998,0.8251748268956782,-0.11593170193908076,0.33059638778438843,0.3727213233179176,0.5459999999999998,0.5796585096954038,0.48172694609862265,WARNING,62.40000000000001,-0.24410499436361627,-2.8999999999999844,20.99999999999999,-0.41405724806419364,-6.000000000000011,0.0,0.0,0.0,0.0,0.0,NORMAL
2026-06-04,4.229,9.40000000000003,5.983246346433127,1.1564263670222488,1.021666666666667,1.237523993730859,61.3,0.8185816800287817,-0.12299540764058747,0.3854754556740829,0.41250799791028636,0.613,0.6149770382029374,0.5281875059980488,HIGH,62.20000000000003,-0.25111657050184205,-3.0999999999999233,20.99999999999999,-0.41395260371803544,-6.000000000000011,0.0,0.0,0.0,0.0,0.0,NORMAL
2026-06-05,4.254,2.4999999999999467,5.976700374656667,1.152801471482542,0.8583333333333328,1.068084578011384,51.49999999999997,0.8168421939587206,-0.1248590423993512,0.38426715716084736,0.3560281926704613,0.5149999999999997,0.624295211996756,0.5007771547649641,HIGH,61.90000000000002,-0.2616621840181724,-3.499999999999929,20.00000000000001,-0.45300209840426936,-6.000000000000007,0.0,0.0,0.0,0.0,0.0,NORMAL
2026-06-08,4.348,9.40000000000003,6.042568293279562,1.1892764720751987,1.1983333333333335,1.5161106765253,71.89999999999999,0.8103156248289903,-0.13185141865058048,0.3964254906917329,0.5053702255084334,0.7189999999999999,0.6592570932529024,0.5878619805411942,HIGH,62.50000000000004,-0.2403912602081814,-2.7999999999999545,16.99999999999999,-0.5703610602148336,-9.000000000000028,0.0,0.0,0.0,0.0,0.0,NORMAL
2026-06-09,4.273,-7.500000000000018,6.428276350788397,1.4028660604569558,1.108333333333333,1.3822945833800289,66.49999999999996,0.8154813869372751,-0.12631697144447795,0.46762202015231863,0.4607648611266763,0.6649999999999996,0.6315848572223898,0.5713113191447549,HIGH,63.60000000000001,-0.20144199589614378,-1.2999999999999972,18.99999999999999,-0.49187000022692723,-6.999999999999989,0.0,0.0,0.0,0.0,0.0,NORMAL
2026-06-10,4.273,0.0,6.417105020342536,1.3966798275661552,1.0399999999999996,1.2993566748882592,62.39999999999996,0.8154813869372751,-0.12242087325667361,0.46555994252205174,0.43311889162941974,0.6239999999999997,0.6121043662833681,0.5493775133436415,HIGH,61.79999999999999,-0.26505529998007377,-2.900000000000027,16.99999999999999,-0.5700794442860511,-8.99999999999999,0.0,0.0,0.0,0.0,0.0,NORMAL
2026-06-11,4.3,2.7000000000000135,6.068607748075347,1.2036960734375313,0.9983333333333331,1.2513485984573798,59.89999999999998,0.813609857154254,-0.12443491735254963,0.4012320244791771,0.41711619948579326,0.5989999999999998,0.6221745867627482,0.5323394794980933,HIGH,61.09999999999998,-0.2897549041686572,-2.6000000000000227,17.999999999999968,-0.5307411401676312,-8.00000000000001,0.0,0.0,0.0,0.0,0.0,NORMAL
2026-06-12,4.195,-10.499999999999954,6.597086677585722,1.4963464208313424,0.8583333333333338,1.047996942478894,51.500000000000014,0.8208713251293558,-0.1166204989899211,0.49878214027711415,0.34933231415963134,0.5150000000000001,0.5831024949496055,0.5058638888671914,HIGH,62.5,-0.24015598632777677,-1.29999999999999,22.00000000000002,-0.373857953752487,-3.9999999999999574,0.0,0.0,0.0,0.0,0.0,NORMAL
2026-06-15,4.118,-7.699999999999996,6.806519707333246,1.612321998075521,0.7100000000000004,0.8540695293489188,42.600000000000016,0.8262439279523275,-0.11083878015581006,0.5374406660251737,0.28468984311630624,0.42600000000000016,0.5541939007790503,0.47130366213991615,WARNING,62.9,-0.22594652297689605,-0.09999999999998721,22.00000000000002,-0.37376630139677663,-3.9999999999999574,0.0,0.0,0.0,0.0,0.0,NORMAL
2026-06-16,4.11,-0.8000000000000007,6.076120212940604,1.2078561739256215,0.840000000000001,1.028562570391347,50.40000000000005,0.8268057738233351,-0.11023415052631602,0.4026187246418738,0.342854190130449,0.5040000000000004,0.5511707526315801,0.47036288400709675,WARNING,63.09999999999998,-0.21881658244869304,0.5999999999999801,22.00000000000002,-0.37367471641869915,-3.9999999999999574,0.0,0.029999999999999007,0.0,0.0,0.008999999999999701,NORMAL
2026-06-17,4.071,-3.900000000000059,6.084700399146087,1.2126075354909054,0.6299999999999997,0.7783691704289192,37.79999999999997,0.8295466349635594,-0.10728457673531078,0.4042025118303018,0.25945639014297306,0.37799999999999967,0.5364228836765539,0.4229009338652765,WARNING,63.49999999999998,-0.2046065942996376,1.099999999999966,20.99999999999999,-0.4127905062925588,-4.999999999999989,0.0,0.05499999999999829,0.0,0.0,0.016499999999999487,NORMAL
2026-06-18,4.118,4.70000000000006,6.185756133842377,1.2685681314836459,0.6366666666666669,0.7860817903471948,38.20000000000001,0.8262325961568799,-0.11085097485125328,0.42285604382788194,0.26202726344906496,0.3820000000000001,0.5542548742562664,0.435078611157896,WARNING,63.10000000000002,-0.21872443801481783,0.5000000000000355,22.00000000000002,-0.3734724114891998,-3.9999999999999574,0.0,0.025000000000001778,0.0,0.0,0.007500000000000533,NORMAL
2026-06-19,4.171,5.299999999999994,6.314250799413569,1.3397233023293411,0.4866666666666673,0.6236228427920311,29.200000000000024,0.8225104183111932,-0.11485659120954839,0.44657443410978037,0.20787428093067703,0.29200000000000026,0.5742829560477419,0.4190029254271883,WARNING,63.49999999999998,-0.20450869288675308,0.8999999999999417,22.00000000000002,-0.37338103403940126,-2.9999999999999787,0.0,0.044999999999997084,0.0,0.0,0.013499999999999126,NORMAL
2026-06-22,4.195,2.400000000000002,6.314850917105115,1.3400556233379972,0.6000000000000008,0.7726203575448648,36.00000000000003,0.8208324970578383,-0.11666228376348087,0.4466852077793324,0.2575401191816216,0.36000000000000026,0.5833114188174043,0.4461696329191526,WARNING,63.20000000000001,-0.21509006177658335,0.3999999999999986,22.00000000000002,-0.373289723632841,-3.9999999999999574,0.0,0.019999999999999928,0.0,0.0,0.0059999999999999784,NORMAL
2026-06-23,4.171,-2.400000000000002,6.247380503690717,1.302693225668101,0.5200000000000007,0.6687628086341845,31.200000000000028,0.8225069953518364,-0.11486027482235839,0.4342310752227003,0.22292093621139483,0.3120000000000003,0.5743013741117919,0.4235509519315359,WARNING,64.69999999999997,-0.16189512712491239,2.200000000000017,22.99999999999999,-0.33396164332519435,-2.9999999999999893,0.0,0.11000000000000085,0.0,0.0,0.03300000000000025,NORMAL
2026-06-24,4.171,0.0,6.101932394526228,1.2221499205372859,0.5100000000000002,0.6558624556773934,30.600000000000005,0.8225069953518364,-0.11486027482235839,0.40738330684576196,0.21862081855913115,0.30600000000000005,0.5743013741117919,0.41612137472569544,WARNING,65.60000000000001,-0.12996453999150728,2.5000000000000284,24.00000000000002,-0.2946370489060788,1.000000000000032,0.0,0.12500000000000142,0.0,0.0333333333333344,0.044166666666667305,NORMAL
2026-06-25,4.144,-2.7000000000000135,6.1139960229314205,1.2288302721018796,0.381666666666667,0.49207321232094847,22.90000000000001,0.8243946489061688,-0.11282887915307571,0.40961009070062654,0.16402440410698282,0.2290000000000001,0.5641443957653786,0.3861846572676733,WARNING,64.59999999999995,-0.16538252885329202,2.099999999999909,24.00000000000002,-0.29456841152874913,2.0000000000000533,0.0,0.10499999999999546,0.0,0.06666666666666844,0.04483333333333232,NORMAL
2026-06-26,4.117,-2.7000000000000135,6.05983324418821,1.1988371065660275,0.3766666666666668,0.48542658166694447,22.599999999999998,0.8262866346254084,-0.1107928214307321,0.3996123688553425,0.16180886055564817,0.22599999999999998,0.5539641071536605,0.3790698887436623,WARNING,65.8,-0.12280163842415918,3.9999999999999645,24.00000000000002,-0.29449982209949016,2.0000000000000533,0.0,0.19999999999999823,0.0,0.06666666666666844,0.07333333333333317,NORMAL
2026-06-29,4.144,2.7000000000000135,5.804499162401173,1.0574433753047148,0.4416666666666671,0.5688402428278214,26.500000000000014,0.8243903067989431,-0.11283355190554856,0.3524811251015716,0.18961341427594047,0.2650000000000001,0.5641677595277428,0.38708601168659956,WARNING,66.29999999999998,-0.10504423640039036,4.099999999999994,24.00000000000002,-0.29443128056250045,3.000000000000032,0.0,0.2049999999999997,0.0,0.10000000000000106,0.08150000000000013,NORMAL
2026-06-30,4.091,-5.299999999999994,5.406260990253513,0.8369151140692757,0.6700000000000003,0.9432835743512787,40.20000000000002,0.8281041851310723,-0.108836867056883,0.27897170468975857,0.3144278581170929,0.4020000000000002,0.544184335284415,0.41675364667513637,WARNING,67.20000000000002,-0.07309935815996968,5.200000000000003,24.00000000000002,-0.2943627868620696,3.000000000000032,0.0,0.2600000000000001,0.0,0.10000000000000106,0.09800000000000024,NORMAL
2026-07-01,4.205,11.399999999999988,5.943018903235166,1.1341500290846984,0.668333333333334,0.9415056077346553,40.10000000000002,0.8200798555771522,-0.11747223781510185,0.3780500096948995,0.31383520257821845,0.40100000000000025,0.5873611890755093,0.4535215180848273,WARNING,67.50000000000003,-0.06244062628722605,5.100000000000016,24.00000000000002,-0.2942943409425778,3.000000000000032,0.0,0.2550000000000008,0.0,0.10000000000000106,0.09650000000000045,NORMAL
2026-07-02,4.183,-2.200000000000024,5.567490221672691,0.9261973691415347,0.7266666666666667,1.0331464469056604,43.599999999999994,0.8216134049070816,-0.11582191089981597,0.30873245638051156,0.34438214896855346,0.43599999999999994,0.5791095544990799,0.449466742869445,WARNING,68.40000000000002,-0.030491334405780213,6.199999999999989,24.00000000000002,-0.29422594274849584,3.000000000000032,0.0,0.30999999999999944,0.0,0.10000000000000106,0.11300000000000004,NORMAL
2026-07-03,4.197,1.4000000000000234,5.544487542168632,0.9134594116337714,0.7866666666666667,1.1211210056525014,47.199999999999996,0.8206356849552421,-0.11687408282584533,0.3044864705445905,0.3737070018841671,0.472,0.5843704141292266,0.4637868601374422,WARNING,68.49999999999996,-0.026935615353893216,6.5999999999999375,24.00000000000002,-0.2941575922243846,4.000000000000011,0.0,0.32999999999999685,0.0,0.1333333333333337,0.1256666666666658,NORMAL
2026-07-06,4.203,0.6000000000000227,5.0637904463169185,0.6472687193718611,0.7483333333333338,1.0678755343285347,44.90000000000003,0.8202171607559149,-0.11732447704360416,0.2157562397906204,0.3559585114428449,0.4490000000000003,0.5866223852180208,0.4387919043339015,WARNING,68.29999999999998,-0.03402976186119257,5.79999999999994,24.00000000000002,-0.29408928931489553,7.000000000000032,0.0,0.28999999999999704,0.0,0.2333333333333344,0.133666666666666,NORMAL
2026-07-07,4.213,0.9999999999999787,4.8158728781963624,0.5099819546890599,0.9750000000000002,1.470050675922916,58.5,0.8195199761692723,-0.11807475123811717,0.1699939848963533,0.4900168919743053,0.585,0.5903737561905859,0.48515167785036606,WARNING,69.20000000000006,-0.0020660633929675074,5.600000000000051,25.0,-0.25470622474676596,6.000000000000011,0.0,0.2800000000000026,0.0,0.20000000000000034,0.12400000000000083,NORMAL
2026-07-08,4.245,3.200000000000003,4.879106907060581,0.5449984132096838,0.9750000000000002,1.470050675922916,58.5,0.8172908818340918,-0.12047358791474949,0.18166613773656126,0.4900168919743053,0.585,0.6023679395737475,0.4922837817716723,WARNING,69.8,0.019243220071266415,8.000000000000007,25.0,-0.2546483110596382,8.00000000000001,0.006414406690422138,0.40000000000000036,0.0,0.266666666666667,0.17525765534046014,NORMAL
2026-07-09,4.25,0.49999999999998934,4.836320915737493,0.5213052543624785,0.9400000000000003,1.4184134253880185,56.400000000000006,0.8169435332093123,-0.1208473866398857,0.1737684181208262,0.4728044751293395,0.5640000000000001,0.6042369331994285,0.48380935192980457,WARNING,69.99999999999997,0.02634357543985243,8.899999999999991,25.0,-0.25459043686011107,7.000000000000032,0.008781191813284144,0.44499999999999956,0.0,0.2333333333333344,0.182801024210652,NORMAL
2026-07-10,4.23,-1.9999999999999574,4.222729847908938,0.18152323254349753,0.8583333333333345,1.2933528545077495,51.50000000000006,0.8183323372157683,-0.11935282719717344,0.06050774418116584,0.4311176181692498,0.5150000000000006,0.5967641359858672,0.4400307268644301,WARNING,69.80000000000004,0.019231970233969626,7.30000000000004,26.000000000000018,-0.21519369335381575,3.9999999999999964,0.006410656744656542,0.365000000000002,0.0,0.13333333333333322,0.1380898636900642,NORMAL
2026-07-13,4.263,3.2999999999999474,3.8422683815409675,-0.029161004963760406,1.0083333333333335,1.5384390446101888,60.5,0.8160369150098781,-0.12182304251688536,0.0,0.5128130148700629,0.605,0.6091152125844268,0.4672086880077833,WARNING,69.7,0.01567411765622946,6.800000000000004,26.000000000000018,-0.21514567884319233,3.9999999999999964,0.005224705885409821,0.3400000000000002,0.0,0.13333333333333322,0.13023407843228962,NORMAL
2026-07-14,4.333,7.000000000000028,4.06852811869742,0.09613252517076154,1.1300000000000006,1.7054968994198767,67.80000000000004,0.8111814953655693,-0.12704819541390988,0.03204417505692051,0.5684989664732922,0.6780000000000004,0.6352409770695494,0.5098050191338623,HIGH,69.49999999999999,0.008561757678043519,6.400000000000006,26.000000000000018,-0.21509769645832325,3.9999999999999964,0.002853919226014506,0.3200000000000003,0.0,0.13333333333333322,0.12352284243447108,NORMAL
2026-07-15,4.327,-0.6000000000000227,3.9185926582196053,0.013104305604588766,1.086666666666667,1.6389750442129327,65.20000000000002,0.8115951979282057,-0.126602989993571,0.0043681018681962554,0.5463250147376443,0.6520000000000001,0.633014949967855,0.49374460330831016,WARNING,69.69999999999996,0.01567046901816529,6.1999999999999815,26.000000000000018,-0.2150497461633988,5.000000000000028,0.005223489672721764,0.30999999999999905,0.0,0.1666666666666676,0.12790038023514977,NORMAL
2026-07-16,4.297,-3.000000000000025,3.9430785461429223,0.026663604200738288,0.9666666666666662,1.4551142185881267,57.999999999999964,0.8136647656829227,-0.12437582761805455,0.008887868066912762,0.4850380728627089,0.5799999999999996,0.6218791380902727,0.4635368434220334,WARNING,69.59999999999997,0.012111104704099268,6.499999999999943,25.99999999999998,-0.21500182792266687,3.9999999999999574,0.004037034901366423,0.3249999999999972,0.0,0.13333333333333192,0.12537777713707546,NORMAL
2026-07-20,4.336,3.900000000000059,3.8725586536959984,-0.01238747214375638,1.0800000000000005,1.629429646488157,64.80000000000001,0.8109674669846837,-0.12727852174950083,0.0,0.5431432154960524,0.6480000000000001,0.6363926087475041,0.49278568659821215,WARNING,69.49999999999999,0.008551741425592809,6.000000000000007,25.99999999999998,-0.21495394170042648,3.9999999999999574,0.002850580475197603,0.3000000000000004,0.0,0.13333333333333192,0.11752184080922577,NORMAL
2026-07-21,4.328,-0.8000000000000007,3.8701659151160808,-0.013712474405027647,1.1216666666666677,1.7009307164005465,67.30000000000005,0.8115189248622333,-0.1266850711442904,0.0,0.5669769054668489,0.6730000000000005,0.633425355721452,0.5013655233819507,HIGH,70.39999999999998,0.04056779613831506,7.199999999999967,25.99999999999998,-0.21490608746103682,3.9999999999999574,0.013522598712771686,0.3599999999999984,0.0,0.13333333333333192,0.1387234462804974,NORMAL
2026-07-22,4.394,6.599999999999984,4.01553234328899,0.06678559908224099,1.1616666666666668,1.7500082367449319,69.7,0.8069663036937562,-0.13158436789517092,0.022261866360746996,0.5833360789149773,0.6970000000000001,0.6579218394758546,0.5236883248454867,HIGH,69.10000000000002,-0.005698733403871553,4.400000000000048,25.99999999999998,-0.21485826516891113,2.9999999999999893,0.0,0.22000000000000242,0.0,0.09999999999999964,0.08600000000000066,NORMAL
2026-07-23,4.392,-0.19999999999997797,4.018702985318831,0.06854137294507832,1.0016666666666676,1.5427492795599147,60.100000000000044,0.8071034879653841,-0.1314367372377132,0.02284712431502611,0.5142497598533049,0.6010000000000004,0.657183686188566,0.4904928513090927,WARNING,69.20000000000002,-0.0021384637926630977,3.6000000000000085,25.99999999999998,-0.21481047478851797,1.9999999999999574,0.0,0.18000000000000044,0.0,0.06666666666666525,0.06733333333333319,NORMAL
2026-07-24,4.447,5.499999999999972,4.028356723868528,0.07388722456273003,1.05,1.607770398678362,62.999999999999986,0.803330279159146,-0.1354972704911268,0.024629074854243344,0.5359234662261206,0.6299999999999999,0.677486352455634,0.5091050491983264,HIGH,69.39999999999995,0.004981622284888651,4.799999999999997,25.99999999999998,-0.21476271628438123,1.9999999999999574,0.0016605407616295503,0.23999999999999985,0.0,0.06666666666666525,0.08583149556182187,NORMAL
2026-07-27,4.333,-11.399999999999988,4.885919619305634,0.5487710188782883,0.8550000000000008,1.247817653328931,51.30000000000003,0.8111145495641982,-0.12712023904218583,0.18292367295942943,0.4159392177763103,0.5130000000000003,0.6356011952109292,0.4766130562315197,WARNING,71.09999999999994,0.0655102529387723,5.29999999999994,25.0,-0.2541339934812503,0.9999999999999787,0.021836750979590768,0.264999999999997,0.0,0.033333333333332625,0.09271769196054286,NORMAL
2026-07-28,4.289,-4.400000000000048,5.018164373972865,0.6220028380356397,0.7133333333333327,1.0361258121551695,42.79999999999995,0.8141481179795683,-0.12385566873620346,0.20733427934521323,0.34537527071838986,0.4279999999999995,0.6192783436810173,0.44385324748512744,WARNING,71.59999999999998,0.08330285826188784,5.299999999999997,25.0,-0.25407654464368246,0.9999999999999787,0.027767619420629278,0.26499999999999985,0.0,0.033333333333332625,0.09449695249285527,NORMAL
2026-07-29,4.257,-3.200000000000003,4.9061829948491855,0.5599920601744584,0.6899999999999996,0.9995671480607337,41.39999999999997,0.8163626008604727,-0.12147255615516594,0.18666402005815277,0.3331890493535779,0.4139999999999997,0.6073627807758297,0.42971572619267795,WARNING,71.19999999999997,0.06903678856143299,3.9999999999999574,25.0,-0.25401913474994053,0.9999999999999787,0.023012262853810996,0.19999999999999787,0.0,0.033333333333332625,0.07357034552280918,NORMAL
2026-07-30,4.311,5.400000000000027,4.381191858988047,0.2692731124374562,0.6466666666666667,0.9456249290893798,38.79999999999999,0.8126154965225232,-0.1255049971224137,0.08975770414581874,0.3152083096964599,0.3879999999999999,0.6275249856120685,0.4096031970132831,WARNING,71.00000000000004,0.0618964249603065,3.500000000000014,23.99999999999997,-0.2934037971243093,-4.973799150320701e-14,0.0206321416534355,0.1750000000000007,0.0,0.0,0.05868964249603086,NORMAL
2026-07-31,4.261,-4.999999999999982,4.515691938585989,0.34375383971129564,0.5483333333333339,0.7943712457124216,32.90000000000002,0.8160691123827439,-0.12178839336018399,0.11458461323709855,0.2647904152374739,0.3290000000000002,0.6089419668009199,0.3852517924152825,WARNING,71.99999999999997,0.09751897606632133,3.5999999999999517,21.999999999999968,-0.3722337823143938,-2.0000000000000533,0.032506325355440444,0.17999999999999758,0.0,0.0,0.0637518976066314,NORMAL
2026-08-03,4.264,0.30000000000001137,4.509437472211965,0.340290368123475,0.5533333333333341,0.8016719071800861,33.20000000000003,0.8158610147590863,-0.12201233731987715,0.113430122707825,0.2672239690600287,0.3320000000000003,0.6100616865993858,0.3865554929933251,WARNING,71.99999999999997,0.09749810763348497,3.500000000000014,23.99999999999997,-0.2932319333954967,-4.973799150320701e-14,0.03249936921116166,0.1750000000000007,0.0,0.0,0.062249810763348706,NORMAL
2026-08-04,4.26,-0.40000000000004476,4.511887806555847,0.3416472645992388,0.62,0.9046903436994128,37.19999999999999,0.8161384075041045,-0.12171382151456578,0.11388242153307959,0.30156344789980427,0.3719999999999999,0.6085691075728289,0.4009168169157083,WARNING,71.8,0.09034711953807432,3.500000000000014,23.99999999999997,-0.2931644563216847,-4.973799150320701e-14,0.03011570651269144,0.1750000000000007,0.0,0.0,0.06153471195380764,NORMAL
2026-08-05,4.15,-10.999999999999943,5.1627486559206455,0.7020677904433062,0.4016666666666678,0.5644550741142473,24.100000000000055,0.8237693016142679,-0.11350184574572697,0.2340225968144354,0.18815169137141577,0.24100000000000055,0.5675092287286349,0.35963854912862425,WARNING,72.30000000000003,0.1081569004470501,3.099999999999966,23.99999999999997,-0.29309702581082014,-1.0000000000000284,0.036052300149016704,0.1549999999999983,0.0,0.0,0.057315690044704506,NORMAL
2026-08-06,4.195,4.499999999999993,5.217228544372043,0.732236558564391,0.4083333333333337,0.5733255373919034,24.50000000000001,0.8206183840355933,-0.11689270118574957,0.244078852854797,0.1911085124639678,0.2450000000000001,0.5844635059287479,0.3698228754352521,WARNING,70.30000000000003,0.0368023043539625,0.5000000000000284,23.99999999999997,-0.29302964180937396,-1.0000000000000284,0.012267434784654167,0.02500000000000142,0.0,0.0,0.011180230435396676,NORMAL
2026-08-07,4.208,1.29999999999999,5.226340170611483,0.737282210217457,0.25333333333333374,0.36652231518363687,15.200000000000014,0.819711600721234,-0.11786853475093939,0.24576073673915233,0.12217410506121229,0.15200000000000014,0.589342673754697,0.3397240378619517,WARNING,70.20000000000005,0.03322716899720505,0.2000000000000739,23.99999999999997,-0.29296230426390324,-1.0000000000000284,0.01107572299906835,0.010000000000003695,0.0,0.0,0.006322716899721614,NORMAL
2026-08-10,4.239,3.0999999999999694,5.258724580212031,0.7552153920162555,0.3250000000000007,0.46942146629072945,19.50000000000003,0.8175516606533335,-0.12019295116187056,0.2517384640054185,0.15647382209690983,0.19500000000000028,0.6009647558093528,0.36102835954420687,WARNING,69.8,0.018947760028115494,-4.263256414560601e-14,23.99999999999997,-0.2928950131210508,-2.000000000000046,0.0063159200093718315,0.0,0.0,0.0,0.0018947760028115493,NORMAL
2026-08-11,4.301,6.200000000000028,5.391504037787008,0.828743308109485,0.3600000000000005,0.5169081975725384,21.60000000000002,0.8132431634016904,-0.12482953430924759,0.27624776936982837,0.17230273252417946,0.2160000000000002,0.624147671546238,0.3825691689972968,WARNING,69.59999999999997,0.011806052666307859,-0.10000000000003695,23.99999999999997,-0.2928277683275456,-2.000000000000046,0.003935350888769286,0.0,0.0,0.0,0.0011806052666307857,NORMAL
2026-08-12,4.294,-0.7000000000000561,5.149090364224275,0.69450437857095,0.12833333333333344,0.19393839296122878,7.699999999999996,0.8137270430839145,-0.12430880788216148,0.23150145952365,0.06464613098707626,0.07699999999999996,0.6215440394108074,0.3232471338664682,WARNING,70.50000000000006,0.04392999323023982,1.000000000000071,22.99999999999999,-0.33227047928721964,-3.0000000000000284,0.014643331076746606,0.050000000000003555,0.0,0.0,0.01939299932302505,NORMAL
2026-08-13,4.298,0.40000000000004476,5.149805821582005,0.6949005700415903,0.09833333333333379,0.14880734202502716,5.900000000000016,0.8134503758892659,-0.12460654288748163,0.23163352334719678,0.049602447341675716,0.05900000000000016,0.6230327144374082,0.3172602799127378,WARNING,70.70000000000003,0.05106140453890382,1.000000000000071,23.99999999999997,-0.2926751787842322,-2.000000000000046,0.017020468179634606,0.050000000000003555,0.0,0.0,0.020106140453891447,NORMAL
2026-08-14,4.313,1.499999999999968,5.116701239954045,0.6765685859779589,0.17166666666666644,0.2604019559640582,10.299999999999976,0.8124132266600071,-0.12572266954529998,0.22552286199265295,0.0868006519880194,0.10299999999999976,0.6286133477264999,0.3345100418867344,WARNING,69.60000000000002,0.011768373206687298,5.684341886080802e-14,22.99999999999999,-0.3321330756204086,-2.9999999999999893,0.003922791068895766,2.842170943040401e-15,0.0,0.0,0.0011768373206695823,NORMAL
2026-08-18,4.382,6.899999999999995,5.276073101125582,0.7648223042101309,0.30666666666666564,0.458918537639945,18.399999999999928,0.8076484230856462,-0.13085030608841686,0.2549407680700436,0.15297284587998167,0.18399999999999928,0.6542515304420843,0.38008333496683866,WARNING,69.49999999999999,0.008194020393149625,0.0,25.99999999999998,-0.21345625841288507,0.0,0.002731340131049875,0.0,0.0,0.0,0.0008194020393149625,NORMAL
2026-08-19,4.337,-4.499999999999993,5.377974085392915,0.8212509653740399,0.2716666666666658,0.4045374335287906,16.299999999999937,0.8107376783039488,-0.12752580850920503,0.2737503217913466,0.13484581117626354,0.16299999999999937,0.6376290425460251,0.36937084361193195,WARNING,69.89999999999998,0.022482783632146154,-0.5,25.0,-0.2529506633524137,-0.9999999999999787,0.007494261210715385,0.0,0.0,0.0,0.0022482783632146153,NORMAL
2026-08-20,4.323,-1.3999999999999346,5.1577713465369674,0.6993115569609811,0.3250000000000007,0.48718747966995396,19.50000000000003,0.8117024561411306,-0.1264875642213309,0.23310385232032704,0.16239582655665133,0.19500000000000028,0.6324378211066545,0.3710750642180575,WARNING,69.29999999999995,0.0010377729730907215,0.1999999999999318,25.0,-0.2528938999662124,-0.9999999999999787,0.0003459243243635738,0.00999999999999659,0.0,0.0,0.003103777297308049,NORMAL
2026-08-21,4.376,5.299999999999994,5.31082310995791,0.7840654595922023,0.5050000000000001,0.7597013741018624,30.299999999999994,0.8080457365762148,-0.13042273774451374,0.26135515319740077,0.25323379136728746,0.30299999999999994,0.6521136887225687,0.42436326440196515,WARNING,68.79999999999997,-0.016833109353151188,-0.4000000000000483,23.99999999999997,-0.2923938120761419,-2.000000000000007,0.0,0.0,0.0,0.0,0.0,NORMAL
2026-08-24,4.335,-4.100000000000037,5.212878788458235,0.7298278389198184,0.3883333333333329,0.5814755896694505,23.299999999999965,0.8108617759681829,-0.12739226098555345,0.24327594630660612,0.19382519655648348,0.23299999999999965,0.6369613049277673,0.38880475054372476,WARNING,68.39999999999998,-0.031129104977922612,-0.9999999999999716,22.99999999999999,-0.3318906240990079,-2.9999999999999893,0.0,0.0,0.0,0.0,0.0,NORMAL
2026-08-25,4.32,-1.499999999999968,4.55830935880028,0.36735365066742076,0.2883333333333336,0.4336580211486324,17.300000000000004,0.8118956247325423,-0.12627968611831009,0.12245121688914025,0.1445526737162108,0.17300000000000004,0.6313984305915504,0.3405601503576904,WARNING,68.6,-0.023971263143216754,-2.499999999999943,23.99999999999997,-0.2922418818973706,-1.0000000000000284,0.0,0.0,0.0,0.0,0.0,NORMAL
2026-08-26,4.288,-3.200000000000003,4.505841238121664,0.3382989185176959,0.3666666666666679,0.5614727621081138,22.000000000000064,0.8141039808318149,-0.12390316686455172,0.11276630617256529,0.18715758736937127,0.22000000000000064,0.6195158343227586,0.3517911124374909,WARNING,68.40000000000002,-0.031118999346837078,-3.19999999999996,22.99999999999999,-0.33175385915074934,-2.0000000000000107,0.0,0.0,0.0,0.0,0.0,NORMAL
2026-08-27,4.238,-4.999999999999982,4.5902041004960115,0.3850156741012397,0.10666666666666694,0.16784378452970058,6.400000000000006,0.8175639227503502,-0.12017975532372605,0.12833855803374658,0.05594792817656686,0.06400000000000006,0.6008987766186302,0.2900168078895148,NORMAL,69.30000000000005,0.0010818839175569842,-1.8999999999999204,12.00000000000001,-0.7670638847239662,-12.99999999999999,0.0003606279725189947,0.0,0.0,0.0,0.00010818839175569841,NORMAL
2026-08-28,4.284,4.5999999999999375,4.543042685481294,0.35889958182783926,0.24833333333333354,0.3903611800971259,14.900000000000002,0.8143672478123963,-0.1236198524804103,0.11963319394261308,0.13012039336570863,0.14900000000000002,0.6180992624020515,0.32699042242248494,WARNING,68.80000000000001,-0.016807853548130886,-2.2000000000000313,12.00000000000001,-0.7668075372374467,-11.999999999999961,0.0,0.0,0.0,0.0,0.0,NORMAL
2026-08-31,4.313,2.8999999999999915,4.44005689863967,0.3018702006872339,0.13999999999999957,0.22626851398975717,8.399999999999963,0.8123598325465389,-0.12578012954404594,0.10062340022907797,0.07542283799658572,0.08399999999999963,0.6289006477202297,0.3035695067332245,WARNING,67.8,-0.05259084610377286,-4.199999999999974,12.99999999999999,-0.7269698901863666,-8.999999999999979,0.0,0.0,0.0,0.0,0.0,NORMAL
2026-09-01,4.371,5.800000000000072,4.609746539441686,0.39583748974424504,0.19500000000000164,0.3121472130065676,11.700000000000088,0.8083548985720843,-0.13009003350539394,0.13194582991474835,0.1040490710021892,0.11700000000000088,0.6504501675269697,0.3307790471941756,WARNING,67.10000000000002,-0.07763554451946784,-4.899999999999949,12.99999999999999,-0.7267363010107517,-10.999999999999982,0.0,0.0,0.0,0.0,0.0,NORMAL
2026-09-02,4.418,4.699999999999971,4.695563415552337,0.443359419576531,0.11666666666666732,0.19129536752816897,7.000000000000028,0.8051255207522888,-0.13356532382153985,0.147786473192177,0.06376512250938966,0.07000000000000028,0.6678266191076992,0.32344096678339307,WARNING,66.99999999999994,-0.08119927645837022,-4.800000000000054,12.99999999999999,-0.7265029368889084,-10.999999999999982,0.0,0.0,0.0,0.0,0.0,NORMAL
2026-09-03,4.367,-5.100000000000016,4.057906512372829,0.09025070735892989,0.15666666666666734,0.25995027730513365,9.40000000000003,0.80861573988475,-0.12980932950030621,0.030083569119643296,0.08665009243504455,0.0940000000000003,0.6490466475015311,0.30176539131155006,WARNING,67.90000000000003,-0.048954057062946636,-4.3999999999999915,12.99999999999999,-0.7262697974596576,-10.999999999999982,0.0,0.0,0.0,0.0,0.0,NORMAL
2026-09-04,4.36,-0.6999999999999673,3.993662743054686,0.05467509524084402,0.14500000000000124,0.24052670577337884,8.700000000000063,0.8090968662499813,-0.12929156605135905,0.018225031746948006,0.08017556859112628,0.08700000000000063,0.6464578302567953,0.29566325217033307,NORMAL,68.30000000000003,-0.03461714760016771,-2.0,12.99999999999999,-0.7260368823626321,-10.999999999999982,0.0,0.0,0.0,0.0,0.0,NORMAL
2026-09-07,4.385,2.4999999999999467,4.010154872977235,0.06380777259388358,0.14166666666666677,0.2350871560270519,8.499999999999996,0.8073775354092002,-0.13114182147349984,0.021269257531294525,0.07836238534235064,0.08499999999999996,0.6557091073674992,0.29920997152172873,NORMAL,67.50000000000003,-0.0632690947508104,-2.700000000000017,12.99999999999999,-0.7258041912382728,-10.999999999999982,0.0,0.0,0.0,0.0,0.0,NORMAL
2026-09-08,4.401,1.6000000000000014,3.9804654581038403,0.047366970337740906,0.3433333333333327,0.5967052345787409,20.59999999999995,0.8062795019610437,-0.13232346859629585,0.015788990112580302,0.19890174485958032,0.20599999999999952,0.6616173429814792,0.3487850841870237,WARNING,67.40000000000003,-0.06683891902302007,-2.399999999999963,12.99999999999999,-0.7255717237278273,-10.999999999999982,0.0,0.0,0.0,0.0,0.0,NORMAL
2026-09-09,4.401,0.0,3.774708075153823,-0.06657318174164642,0.47166666666666596,0.8436850874086891,28.299999999999947,0.8062795019610437,-0.13232346859629585,0.0,0.281228362469563,0.2829999999999995,0.6616173429814792,0.3774926096865042,WARNING,67.10000000000002,-0.07757652884132249,-2.499999999999943,13.99999999999996,-0.6857288415960594,-10.000000000000012,0.0,0.0,0.0,0.0,0.0,NORMAL
2026-09-10,4.453,5.200000000000049,3.9043127301404477,0.005196656539003667,0.5716666666666669,1.013376523368362,34.3,0.8027157465623758,-0.1361585988651004,0.0017322188463345558,0.3377921744561207,0.34299999999999997,0.680792994325502,0.40882207639069185,WARNING,66.99999999999994,-0.08114481363862497,-3.5000000000001137,14.000000000000009,-0.6855175251956488,-8.99999999999998,0.0,0.0,0.0,0.0,0.0,NORMAL
2026-09-11,4.54,8.699999999999974,4.282879012017365,0.21483141720109045,0.7816666666666675,1.3596774388519592,46.900000000000034,0.7967796636165471,-0.1425467060264929,0.07161047240036349,0.45322581295065306,0.46900000000000036,0.7127335301324644,0.48386066912318915,WARNING,67.39999999999995,-0.06678614166184861,-3.3000000000000824,14.999999999999991,-0.6456855730921679,-8.99999999999998,0.0,0.0,0.0,0.0,0.0,NORMAL
2026-09-14,4.536,-0.40000000000004476,4.297156342464031,0.22273762780241746,0.6966666666666657,1.2193454984627745,41.799999999999926,0.7970505687021767,-0.1422551719065418,0.07424587593413916,0.4064484994875915,0.41799999999999926,0.711275859532709,0.4642492188974296,WARNING,66.5,-0.0990473160683707,-3.1000000000000227,12.99999999999999,-0.7247439979709762,-10.0,0.0,0.0,0.0,0.0,0.0,NORMAL
2026-09-15,4.6,6.400000000000006,4.263048081756565,0.20384984668636322,0.7149999999999992,1.2453502268598076,42.899999999999935,0.7927146136084369,-0.14692130377137025,0.0679499488954544,0.4151167422866025,0.4289999999999993,0.7346065188568512,0.47625594577915176,WARNING,65.89999999999998,-0.12054759382532862,-3.6000000000000085,12.00000000000001,-0.7641394525643268,-13.999999999999968,0.0,0.0,0.0,0.0,0.0,NORMAL
2026-09-16,4.547,-5.299999999999994,4.32161032364946,0.23627925773212513,0.5866666666666658,1.0079484033702175,35.199999999999946,0.7962857929427428,-0.1430781842448603,0.07875975257737504,0.33598280112340584,0.3519999999999995,0.7153909212243015,0.4395048792298767,WARNING,66.30000000000003,-0.10617157289094106,-3.5999999999999517,8.0,-0.9223916649713508,-17.0,0.0,0.0,0.0,0.0,0.0,NORMAL
2026-09-17,4.506,-4.099999999999948,4.4426491622620015,0.3033056918813949,0.5583333333333335,0.9541130535843978,33.5,0.7990608489311483,-0.14009181171695373,0.1011018972937983,0.3180376845281326,0.335,0.7004590585847686,0.43101153979829365,WARNING,66.30000000000003,-0.1061491178103645,-2.999999999999929,8.99999999999998,-0.8824094898881765,-16.00000000000002,0.0,0.0,0.0,0.0,0.0,NORMAL
2026-09-18,4.466,-4.0000000000000036,4.446228443121311,0.3052877534706192,0.49166666666666675,0.8332752377026281,29.499999999999993,0.8017776558175143,-0.13716812387679123,0.1017625844902064,0.2777584125675427,0.29499999999999993,0.6858406193839561,0.4092404471651323,WARNING,67.10000000000002,-0.07741384225328198,-1.699999999999946,8.99999999999998,-0.8820813440107365,-14.999999999999991,0.0,0.0,0.0,0.0,0.0,NORMAL
2026-09-21,4.457,-0.9000000000000341,4.329932538674659,0.24088776524720615,0.5216666666666664,0.8871128055679486,31.299999999999972,0.8023910157242148,-0.1365080574915568,0.08029592174906872,0.2957042685226495,0.3129999999999997,0.6825402874577841,0.4108161530374572,WARNING,66.80000000000001,-0.08816713327429136,-1.599999999999966,12.99999999999999,-0.7232216692108784,-10.0,0.0,0.0,0.0,0.0,0.0,NORMAL
2026-09-22,4.461,0.40000000000004476,4.301954879990443,0.22539486462998168,0.5733333333333341,0.9791921832650667,34.400000000000034,0.8021182027788686,-0.13680164475200973,0.07513162154332723,0.3263973944216889,0.34400000000000036,0.6840082237600487,0.4227090926970228,WARNING,67.30000000000001,-0.07019556585205519,-1.299999999999983,16.000000000000007,-0.6040654827553876,-7.9999999999999645,0.0,0.0,0.0,0.0,0.0,NORMAL
2026-09-23,4.392,-6.899999999999995,4.551066965703282,0.3633431050478206,0.4133333333333339,0.6918787960357726,24.800000000000022,0.8068226260381667,-0.13173898639848014,0.12111436834927353,0.23062626534525754,0.24800000000000022,0.6586949319924007,0.38342609953586654,WARNING,68.29999999999998,-0.03426726938658184,-0.10000000000003695,18.00000000000001,-0.5245926286891434,-4.999999999999979,0.0,0.0,0.0,0.0,0.0,NORMAL
2026-09-28,4.539,14.699999999999935,5.354434954709071,0.8082159428077523,0.746666666666666,1.175526600927594,44.799999999999955,0.7967413773258198,-0.1425879077634311,0.2694053142692508,0.391842200309198,0.44799999999999957,0.7129395388171555,0.5070253184425519,HIGH,66.90000000000005,-0.08454957689792257,-2.4000000000000057,17.999999999999968,-0.5244530018613782,5.999999999999957,0.0,0.0,0.0,0.19999999999999857,0.039999999999999716,NORMAL
2026-09-29,4.476,-6.299999999999972,5.573093254293565,0.9293001029524679,0.45166666666666677,0.7289303002492212,27.09999999999999,0.8010079274013996,-0.13799646600950433,0.309766700984156,0.24297676674974042,0.2709999999999999,0.6899823300475216,0.44074162556578794,WARNING,67.90000000000003,-0.048603327920386644,-0.8999999999999773,18.99999999999999,-0.4846495190238195,6.999999999999979,0.0,0.0,0.0,0.23333333333333262,0.04666666666666652,NORMAL
