date,CORP_AA,CORP_AA_MP,CD91,CP91,KOSPI,USDKRW
2017-01-02,2.12,2.108,1.52,1.71,2026.16,1205.449951171875
2017-01-03,2.097,2.1,1.52,1.71,2043.97,1202.9300537109375
2017-01-04,2.095,2.097,1.51,1.7,2045.64,1206.010009765625
2017-01-05,2.072,2.068,1.51,1.69,2041.95,1194.47998046875
2017-01-06,2.086,2.098,1.49,1.68,2049.12,1180.6300048828125
2017-01-09,2.115,2.117,1.49,1.68,2048.78,1201.0999755859375
2017-01-10,2.098,2.091,1.49,1.68,2045.12,1202.52001953125
2017-01-11,2.105,2.104,1.49,1.67,2075.17,1200.5999755859375
2017-01-12,2.075,2.065,1.49,1.67,2087.14,1187.1600341796875
2017-01-13,2.089,2.064,1.49,1.67,2076.79,1174.719970703125
2017-01-16,2.092,2.073,1.49,1.66,2064.17,1174.050048828125
2017-01-17,2.083,2.061,1.49,1.66,2071.87,1182.1700439453125
2017-01-18,2.102,2.076,1.49,1.66,2070.54,1160.030029296875
2017-01-19,2.135,2.093,1.49,1.66,2072.79,1176.7900390625
2017-01-20,2.117,2.066,1.49,1.66,2065.61,1173.75
2017-01-23,2.104,2.056,1.49,1.65,2065.99,1173.300048828125
2017-01-24,2.093,2.037,1.49,1.65,2065.76,1162.6500244140625
2017-01-25,2.111,2.053,1.49,1.65,2066.94,1168.030029296875
2017-01-26,2.151,2.102,1.49,1.65,2083.59,1161.260009765625
2017-01-31,2.14,2.073,1.49,1.65,2067.57,1169.2099609375
2017-02-01,2.151,2.084,1.49,1.65,2080.48,1149.25
2017-02-02,2.139,2.069,1.49,1.65,2071.01,1151.949951171875
2017-02-03,2.149,2.078,1.49,1.65,2073.16,1142.699951171875
2017-02-06,2.126,2.06,1.49,1.65,2077.66,1137.760009765625
2017-02-07,2.105,2.041,1.49,1.65,2075.21,1132.7099609375
2017-02-08,2.112,2.032,1.49,1.65,2065.08,1142.0999755859375
2017-02-09,2.109,2.046,1.49,1.65,2065.88,1144.6199951171875
2017-02-10,2.127,2.043,1.49,1.65,2075.08,1149.9100341796875
2017-02-13,2.123,2.048,1.49,1.65,2078.65,1145.1800537109375
2017-02-14,2.113,2.032,1.49,1.64,2074.57,1148.699951171875
2017-02-15,2.126,2.04,1.49,1.64,2083.86,1137.9599609375
2017-02-16,2.121,2.038,1.49,1.64,2081.84,1133.0999755859375
2017-02-17,2.121,2.034,1.49,1.64,2080.58,1141.0799560546875
2017-02-20,2.135,2.049,1.49,1.64,2084.39,1149.5999755859375
2017-02-21,2.137,2.049,1.49,1.64,2102.93,1143.9599609375
2017-02-22,2.155,2.073,1.49,1.64,2106.61,1141.1800537109375
2017-02-23,2.141,2.048,1.49,1.64,2107.63,1137.949951171875
2017-02-24,2.133,2.052,1.49,1.64,2094.12,1131.81005859375
2017-02-27,2.129,2.054,1.49,1.64,2085.52,1130.449951171875
2017-02-28,2.138,2.057,1.49,1.64,2091.64,1133.93994140625
2017-03-02,2.18,2.1,1.49,1.64,2102.65,1139.5699462890625
2017-03-03,2.182,2.097,1.49,1.64,2078.75,1149.9000244140625
2017-03-06,2.217,2.126,1.49,1.64,2081.36,1151.969970703125
2017-03-07,2.257,2.178,1.49,1.64,2094.05,1154.25
2017-03-08,2.256,2.167,1.49,1.64,2095.41,1149.4100341796875
2017-03-09,2.265,2.182,1.49,1.64,2091.06,1153.6199951171875
2017-03-10,2.258,2.164,1.49,1.64,2097.35,1159.280029296875
2017-03-13,2.248,2.158,1.49,1.64,2117.59,1145.9599609375
2017-03-14,2.244,2.159,1.49,1.64,2133.78,1147.550048828125
2017-03-15,2.247,2.165,1.49,1.64,2133.0,1148.219970703125
2017-03-16,2.196,2.107,1.48,1.64,2150.08,1127.4000244140625
2017-03-17,2.187,2.089,1.48,1.64,2164.58,1127.010009765625
2017-03-20,2.188,2.099,1.48,1.63,2157.01,1126.6500244140625
2017-03-21,2.187,2.103,1.48,1.63,2178.38,1113.75
2017-03-22,2.179,2.092,1.48,1.63,2168.3,1122.780029296875
2017-03-23,2.184,2.101,1.47,1.63,2172.72,1116.4100341796875
2017-03-24,2.199,2.121,1.47,1.63,2168.95,1121.22998046875
2017-03-27,2.174,2.097,1.47,1.63,2155.66,1111.0999755859375
2017-03-28,2.18,2.112,1.47,1.63,2163.31,1115.5
2017-03-29,2.179,2.109,1.45,1.63,2166.98,1109.949951171875
2017-03-30,2.186,2.114,1.45,1.63,2164.64,1117.02001953125
2017-03-31,2.183,2.126,1.45,1.63,2160.23,1117.02001953125
2017-04-03,2.184,2.113,1.45,1.63,2167.51,1116.22998046875
2017-04-04,2.161,2.103,1.45,1.63,2161.1,1124.0999755859375
2017-04-05,2.169,2.104,1.45,1.63,2160.85,1127.0999755859375
2017-04-06,2.192,2.126,1.45,1.63,2152.75,1130.0
2017-04-07,2.198,2.129,1.45,1.63,2151.73,1130.0
2017-04-10,2.234,2.168,1.45,1.63,2133.32,1142.030029296875
2017-04-11,2.205,2.139,1.45,1.63,2123.85,1144.5899658203125
2017-04-12,2.199,2.136,1.43,1.63,2128.91,1133.4300537109375
2017-04-13,2.187,2.12,1.43,1.63,2148.61,1135.0
2017-04-14,2.19,2.12,1.42,1.63,2134.88,1135.0
2017-04-17,2.187,2.117,1.42,1.63,2145.76,1131.800048828125
2017-04-18,2.191,2.118,1.42,1.63,2148.46,1141.6800537109375
2017-04-19,2.185,2.112,1.42,1.63,2138.4,1141.8900146484375
2017-04-20,2.191,2.114,1.42,1.63,2149.15,1137.1099853515625
2017-04-21,2.202,2.123,1.42,1.63,2165.04,1137.1099853515625
2017-04-24,2.22,2.136,1.42,1.63,2173.74,1133.8399658203125
2017-04-25,2.203,2.116,1.42,1.63,2196.85,1125.469970703125
2017-04-26,2.207,2.119,1.41,1.63,2207.84,1131.800048828125
2017-04-27,2.199,2.109,1.41,1.63,2209.46,1129.93994140625
2017-04-28,2.2,2.109,1.41,1.63,2205.44,1129.93994140625
2017-05-02,2.216,2.124,1.41,1.63,2219.67,1127.760009765625
2017-05-04,2.206,2.12,1.41,1.63,2241.24,1134.93994140625
2017-05-08,2.231,2.138,1.41,1.63,2292.76,1132.6500244140625
2017-05-10,2.256,2.17,1.41,1.63,2270.12,1130.0400390625
2017-05-11,2.252,2.165,1.4,1.63,2296.37,1123.1600341796875
2017-05-12,2.237,2.147,1.4,1.63,2286.02,1123.1600341796875
2017-05-15,2.237,2.149,1.4,1.63,2290.65,1117.4300537109375
2017-05-16,2.24,2.157,1.4,1.63,2295.33,1115.0
2017-05-17,2.207,2.127,1.39,1.63,2293.08,1120.949951171875
2017-05-18,2.207,2.125,1.39,1.63,2286.82,1128.4100341796875
2017-05-19,2.195,2.111,1.39,1.63,2288.48,1128.4100341796875
2017-05-22,2.211,2.13,1.39,1.63,2304.03,1114.780029296875
2017-05-23,2.202,2.121,1.38,1.63,2311.74,1124.5699462890625
2017-05-24,2.216,2.138,1.38,1.63,2317.34,1118.3800048828125
2017-05-25,2.207,2.125,1.38,1.62,2342.93,1119.56005859375
2017-05-26,2.204,2.122,1.38,1.61,2355.3,1119.56005859375
2017-05-29,2.202,2.118,1.38,1.61,2352.97,1122.8399658203125
2017-05-30,2.189,2.108,1.38,1.6,2343.68,1123.9000244140625
2017-05-31,2.193,2.119,1.38,1.6,2347.38,1119.02001953125
2017-06-01,2.179,2.093,1.38,1.6,2344.61,1121.0400390625
2017-06-02,2.166,2.079,1.38,1.6,2371.72,1121.0400390625
2017-06-05,2.158,2.072,1.38,1.6,2368.62,1116.949951171875
2017-06-07,2.157,2.076,1.38,1.6,2360.14,1123.1400146484375
2017-06-08,2.173,2.089,1.38,1.6,2363.57,1121.510009765625
2017-06-09,2.17,2.088,1.38,1.6,2381.69,1121.510009765625
2017-06-12,2.225,2.139,1.38,1.6,2357.87,1130.489990234375
2017-06-13,2.194,2.1,1.38,1.6,2374.7,1126.550048828125
2017-06-14,2.213,2.125,1.38,1.6,2372.64,1118.9000244140625
2017-06-15,2.212,2.122,1.38,1.6,2361.65,1129.93994140625
2017-06-16,2.227,2.14,1.38,1.6,2361.83,1129.93994140625
2017-06-19,2.216,2.125,1.38,1.6,2370.9,1135.72998046875
2017-06-20,2.218,2.126,1.38,1.6,2369.23,1140.8499755859375
2017-06-21,2.225,2.134,1.38,1.6,2357.53,1142.5
2017-06-22,2.235,2.148,1.38,1.6,2370.37,1139.050048828125
2017-06-23,2.223,2.131,1.38,1.6,2378.6,1139.050048828125
2017-06-26,2.222,2.13,1.38,1.6,2388.66,1133.0799560546875
2017-06-27,2.218,2.124,1.38,1.6,2391.95,1139.9599609375
2017-06-28,2.246,2.154,1.38,1.6,2382.56,1137.699951171875
2017-06-29,2.241,2.143,1.38,1.6,2395.66,1146.1400146484375
2017-06-30,2.24,2.146,1.38,1.6,2391.79,1146.1400146484375
2017-07-03,2.256,2.159,1.38,1.6,2394.48,1149.5799560546875
2017-07-04,2.28,2.183,1.38,1.6,2380.52,1149.199951171875
2017-07-05,2.285,2.192,1.38,1.6,2388.35,1152.8499755859375
2017-07-06,2.29,2.198,1.39,1.6,2387.81,1156.3699951171875
2017-07-07,2.318,2.223,1.39,1.6,2379.87,1156.3699951171875
2017-07-10,2.295,2.198,1.39,1.6,2382.1,1156.3699951171875
2017-07-11,2.3,2.206,1.39,1.6,2396.0,1147.969970703125
2017-07-12,2.299,2.201,1.39,1.6,2391.77,1137.1199951171875
2017-07-13,2.28,2.185,1.39,1.59,2409.49,1136.6300048828125
2017-07-14,2.285,2.185,1.39,1.59,2414.63,1136.6300048828125
2017-07-17,2.292,2.192,1.39,1.59,2425.1,1127.6600341796875
2017-07-18,2.285,2.187,1.39,1.59,2426.04,1124.27001953125
2017-07-19,2.285,2.186,1.39,1.59,2429.94,1123.5
2017-07-20,2.279,2.177,1.39,1.59,2441.84,1120.56005859375
2017-07-21,2.262,2.163,1.39,1.59,2450.06,1120.56005859375
2017-07-24,2.259,2.161,1.39,1.59,2451.53,1113.9000244140625
2017-07-25,2.248,2.156,1.39,1.59,2439.9,1119.239990234375
2017-07-26,2.264,2.174,1.39,1.59,2434.51,1111.8499755859375
2017-07-27,2.25,2.161,1.39,1.59,2443.24,1115.510009765625
2017-07-28,2.257,2.165,1.39,1.59,2400.99,1115.510009765625
2017-07-31,2.26,2.17,1.39,1.59,2402.71,1118.72998046875
2017-08-01,2.271,2.181,1.39,1.59,2422.96,1120.3699951171875
2017-08-02,2.27,2.181,1.39,1.59,2427.63,1122.0999755859375
2017-08-03,2.276,2.186,1.39,1.59,2386.85,1127.25
2017-08-04,2.279,2.191,1.39,1.59,2395.45,1127.25
2017-08-07,2.307,2.225,1.39,1.59,2398.75,1125.3499755859375
2017-08-08,2.331,2.252,1.39,1.59,2394.73,1126.0699462890625
2017-08-09,2.363,2.28,1.39,1.59,2368.39,1138.22998046875
2017-08-10,2.353,2.262,1.39,1.59,2359.47,1143.52001953125
2017-08-11,2.338,2.252,1.39,1.59,2319.71,1143.52001953125
2017-08-14,2.338,2.257,1.39,1.59,2334.22,1138.9200439453125
2017-08-16,2.359,2.27,1.39,1.59,2348.26,1134.800048828125
2017-08-17,2.34,2.242,1.39,1.59,2361.67,1140.47998046875
2017-08-18,2.323,2.232,1.39,1.59,2358.37,1140.47998046875
2017-08-21,2.325,2.239,1.39,1.59,2355.0,1137.9300537109375
2017-08-22,2.341,2.253,1.39,1.59,2365.33,1131.1600341796875
2017-08-23,2.336,2.247,1.39,1.59,2366.4,1125.449951171875
2017-08-24,2.339,2.256,1.39,1.59,2375.84,1127.280029296875
2017-08-25,2.306,2.213,1.39,1.59,2378.51,1127.280029296875
2017-08-28,2.308,2.221,1.39,1.59,2370.3,1118.010009765625
2017-08-29,2.322,2.231,1.38,1.59,2364.74,1124.1400146484375
2017-08-30,2.307,2.211,1.38,1.59,2372.29,1123.3299560546875
2017-08-31,2.304,2.208,1.38,1.59,2363.19,1123.5400390625
2017-09-01,2.302,2.208,1.38,1.59,2357.69,1123.5400390625
2017-09-04,2.335,2.238,1.38,1.59,2329.65,1132.1300048828125
2017-09-05,2.333,2.238,1.38,1.59,2326.62,1131.6500244140625
2017-09-06,2.324,2.236,1.38,1.59,2319.82,1131.52001953125
2017-09-07,2.326,2.236,1.38,1.59,2346.19,1127.030029296875
2017-09-08,2.301,2.213,1.38,1.59,2343.72,1127.030029296875
2017-09-11,2.303,2.218,1.38,1.59,2359.08,1129.4300537109375
2017-09-12,2.301,2.213,1.38,1.59,2365.47,1127.5999755859375
2017-09-13,2.291,2.202,1.38,1.59,2360.18,1130.1300048828125
2017-09-14,2.291,2.2,1.38,1.59,2377.66,1133.1800537109375
2017-09-15,2.29,2.2,1.38,1.59,2386.07,1133.1800537109375
2017-09-18,2.294,2.205,1.38,1.59,2418.21,1128.8199462890625
2017-09-19,2.326,2.245,1.38,1.59,2416.05,1130.3599853515625
2017-09-20,2.322,2.238,1.38,1.59,2412.2,1131.1800537109375
2017-09-21,2.329,2.249,1.38,1.59,2406.5,1130.3499755859375
2017-09-22,2.322,2.244,1.38,1.59,2388.71,1130.3499755859375
2017-09-25,2.334,2.261,1.38,1.59,2380.4,1133.8199462890625
2017-09-26,2.375,2.304,1.38,1.59,2374.32,1136.719970703125
2017-09-27,2.426,2.361,1.38,1.59,2372.57,1145.280029296875
2017-09-28,2.431,2.363,1.38,1.59,2373.14,1145.93994140625
2017-09-29,2.429,2.359,1.38,1.59,2394.47,1145.93994140625
2017-10-10,2.476,2.414,1.38,1.59,2433.81,1133.8599853515625
2017-10-11,2.469,2.394,1.38,1.59,2458.16,1131.489990234375
2017-10-12,2.443,2.368,1.38,1.59,2474.76,1132.06005859375
2017-10-13,2.46,2.385,1.38,1.59,2473.62,1132.06005859375
2017-10-16,2.473,2.407,1.38,1.59,2480.05,1127.0799560546875
2017-10-17,2.489,2.418,1.38,1.59,2484.37,1129.93994140625
2017-10-18,2.477,2.405,1.38,1.59,2482.91,1131.4000244140625
2017-10-19,2.55,2.483,1.38,1.59,2473.06,1127.8900146484375
2017-10-20,2.63,2.559,1.38,1.59,2489.54,1127.8900146484375
2017-10-23,2.584,2.501,1.38,1.59,2490.05,1129.02001953125
2017-10-24,2.61,2.542,1.38,1.59,2490.49,1129.72998046875
2017-10-25,2.648,2.588,1.38,1.59,2492.5,1126.469970703125
2017-10-26,2.729,2.665,1.38,1.59,2480.63,1128.489990234375
2017-10-27,2.716,2.642,1.4,1.59,2496.63,1128.489990234375
2017-10-30,2.697,2.626,1.4,1.59,2501.93,1125.4599609375
2017-10-31,2.728,2.658,1.4,1.61,2523.43,1123.449951171875
2017-11-01,2.705,2.626,1.4,1.62,2556.47,1117.72998046875
2017-11-02,2.688,2.619,1.4,1.63,2546.36,1109.949951171875
2017-11-03,2.694,2.648,1.4,1.64,2557.97,1111.7099609375
2017-11-06,2.711,2.666,1.4,1.65,2549.41,1114.800048828125
2017-11-07,2.695,2.645,1.4,1.66,2545.44,1113.75
2017-11-08,2.709,2.66,1.4,1.68,2552.4,1112.52001953125
2017-11-09,2.709,2.662,1.4,1.68,2550.57,1113.1099853515625
2017-11-10,2.72,2.673,1.4,1.68,2542.95,1116.8499755859375
2017-11-13,2.742,2.694,1.41,1.69,2530.35,1118.31005859375
2017-11-14,2.771,2.721,1.42,1.7,2526.64,1119.4599609375
2017-11-15,2.739,2.688,1.43,1.7,2518.25,1115.77001953125
2017-11-16,2.735,2.707,1.44,1.7,2534.79,1115.77001953125
2017-11-17,2.732,2.69,1.45,1.7,2533.99,1096.3900146484375
2017-11-20,2.713,2.667,1.46,1.7,2527.67,1092.56005859375
2017-11-21,2.714,2.675,1.47,1.72,2530.7,1096.0
2017-11-22,2.724,2.673,1.48,1.72,2540.51,1091.260009765625
2017-11-23,2.696,2.646,1.49,1.72,2537.15,1085.31005859375
2017-11-24,2.722,2.67,1.5,1.72,2544.33,1082.5899658203125
2017-11-27,2.706,2.648,1.5,1.75,2507.81,1084.949951171875
2017-11-28,2.676,2.625,1.5,1.77,2514.19,1090.06005859375
2017-11-29,2.668,2.595,1.51,1.77,2512.9,1083.449951171875
2017-11-30,2.631,2.56,1.64,1.79,2476.37,1080.6600341796875
2017-12-01,2.637,2.556,1.66,1.8,2475.41,1087.22998046875
2017-12-04,2.635,2.557,1.66,1.8,2501.67,1082.510009765625
2017-12-05,2.663,2.583,1.66,1.8,2510.12,1085.22998046875
2017-12-06,2.637,2.555,1.66,1.8,2474.37,1085.22998046875
2017-12-07,2.645,2.55,1.66,1.8,2461.98,1092.5699462890625
2017-12-08,2.645,2.542,1.66,1.8,2464.0,1092.43994140625
2017-12-11,2.64,2.542,1.66,1.8,2471.49,1091.8199462890625
2017-12-12,2.628,2.52,1.66,1.8,2461.0,1087.8299560546875
2017-12-13,2.628,2.518,1.66,1.8,2480.55,1091.260009765625
2017-12-14,2.628,2.514,1.66,1.8,2469.48,1084.1800537109375
2017-12-15,2.625,2.503,1.66,1.8,2482.07,1087.8199462890625
2017-12-18,2.636,2.516,1.66,1.8,2481.88,1089.030029296875
2017-12-19,2.643,2.516,1.66,1.8,2478.53,1085.3800048828125
2017-12-20,2.638,2.498,1.66,1.8,2472.37,1084.199951171875
2017-12-21,2.643,2.505,1.66,1.8,2429.83,1079.9599609375
2017-12-22,2.678,2.54,1.66,1.8,2440.54,1080.2099609375
2017-12-26,2.678,2.547,1.66,1.8,2427.34,1076.3599853515625
2017-12-27,2.693,2.568,1.66,1.8,2436.67,1075.0400390625
2017-12-28,2.678,2.548,1.66,1.8,2467.49,1073.550048828125
2017-12-29,2.678,2.548,1.66,1.8,2467.49,1069.489990234375
2018-01-02,2.662,2.528,1.66,1.8,2479.65,1065.219970703125
2018-01-03,2.664,2.531,1.66,1.8,2486.35,1062.5400390625
2018-01-04,2.676,2.546,1.66,1.8,2466.46,1063.93994140625
2018-01-05,2.644,2.499,1.66,1.8,2497.52,1061.0799560546875
2018-01-08,2.671,2.535,1.66,1.8,2513.28,1060.5
2018-01-09,2.684,2.558,1.66,1.8,2510.23,1067.68994140625
2018-01-10,2.707,2.575,1.66,1.8,2499.75,1071.739990234375
2018-01-11,2.69,2.548,1.66,1.8,2487.91,1069.6700439453125
2018-01-12,2.707,2.563,1.66,1.8,2496.42,1065.1400146484375
2018-01-15,2.75,2.626,1.66,1.8,2503.73,1055.800048828125
2018-01-16,2.745,2.616,1.66,1.8,2521.74,1061.8199462890625
2018-01-17,2.745,2.606,1.65,1.8,2515.43,1062.4599609375
2018-01-18,2.701,2.566,1.65,1.8,2515.81,1066.56005859375
2018-01-19,2.701,2.574,1.65,1.8,2520.26,1069.68994140625
2018-01-22,2.731,2.607,1.65,1.8,2502.11,1066.3599853515625
2018-01-23,2.725,2.59,1.65,1.8,2536.6,1068.81005859375
2018-01-24,2.731,2.595,1.65,1.8,2538.0,1072.760009765625
2018-01-25,2.748,2.611,1.65,1.8,2562.23,1064.4000244140625
2018-01-26,2.757,2.621,1.65,1.8,2574.76,1064.8900146484375
2018-01-29,2.81,2.69,1.65,1.8,2598.19,1063.1300048828125
2018-01-30,2.833,2.706,1.65,1.8,2567.74,1069.7900390625
2018-01-31,2.809,2.671,1.65,1.8,2566.46,1072.5400390625
2018-02-01,2.789,2.655,1.65,1.8,2568.54,1069.02001953125
2018-02-02,2.786,2.645,1.65,1.8,2525.39,1071.1800537109375
2018-02-05,2.817,2.69,1.65,1.8,2491.75,1090.010009765625
2018-02-06,2.788,2.661,1.65,1.8,2453.31,1093.300048828125
2018-02-07,2.779,2.642,1.65,1.8,2396.56,1079.260009765625
2018-02-08,2.802,2.677,1.65,1.8,2407.62,1089.4200439453125
2018-02-09,2.808,2.69,1.65,1.8,2363.77,1095.8599853515625
2018-02-12,2.835,2.712,1.65,1.8,2385.38,1083.1700439453125
2018-02-13,2.816,2.68,1.65,1.8,2395.19,1082.6099853515625
2018-02-14,2.807,2.672,1.65,1.8,2421.83,1083.77001953125
2018-02-19,2.841,2.713,1.65,1.8,2442.82,1065.6300048828125
2018-02-20,2.852,2.726,1.65,1.8,2415.12,1066.7099609375
2018-02-21,2.845,2.717,1.65,1.8,2429.65,1072.5400390625
2018-02-22,2.842,2.704,1.65,1.8,2414.28,1074.8599853515625
2018-02-23,2.831,2.687,1.65,1.8,2451.52,1080.0799560546875
2018-02-26,2.813,2.667,1.65,1.8,2457.65,1075.0
2018-02-27,2.809,2.67,1.65,1.8,2456.14,1069.699951171875
2018-02-28,2.817,2.678,1.65,1.8,2427.36,1079.3900146484375
2018-03-02,2.84,2.716,1.65,1.8,2402.16,1081.949951171875
2018-03-05,2.853,2.711,1.65,1.8,2375.06,1079.2099609375
2018-03-06,2.858,2.718,1.65,1.8,2411.41,1076.6600341796875
2018-03-07,2.845,2.714,1.65,1.8,2401.82,1063.1600341796875
2018-03-08,2.837,2.704,1.65,1.8,2433.08,1066.1500244140625
2018-03-09,2.846,2.72,1.65,1.8,2459.45,1073.4599609375
2018-03-12,2.857,2.728,1.65,1.8,2484.12,1064.050048828125
2018-03-13,2.853,2.724,1.65,1.8,2494.49,1063.8599853515625
2018-03-14,2.833,2.7,1.65,1.8,2486.08,1066.4000244140625
2018-03-15,2.827,2.698,1.65,1.8,2492.38,1062.550048828125
2018-03-16,2.835,2.704,1.65,1.81,2493.97,1068.75
2018-03-19,2.838,2.713,1.65,1.81,2475.03,1070.2099609375
2018-03-20,2.848,2.727,1.65,1.81,2485.52,1072.1600341796875
2018-03-21,2.85,2.73,1.65,1.81,2484.97,1070.550048828125
2018-03-22,2.823,2.693,1.65,1.82,2496.02,1063.9599609375
2018-03-23,2.797,2.672,1.65,1.82,2416.76,1079.9000244140625
2018-03-26,2.815,2.699,1.65,1.82,2437.08,1074.300048828125
2018-03-27,2.807,2.681,1.65,1.82,2452.06,1074.1199951171875
2018-03-28,2.796,2.679,1.65,1.82,2419.29,1063.4100341796875
2018-03-29,2.799,2.679,1.65,1.82,2436.37,1062.0
2018-03-30,2.795,2.677,1.65,1.82,2445.85,1062.0
2018-04-02,2.802,2.677,1.65,1.82,2444.16,1056.1600341796875
2018-04-03,2.785,2.656,1.65,1.82,2442.43,1053.72998046875
2018-04-04,2.764,2.623,1.65,1.82,2408.06,1057.4300537109375
2018-04-05,2.777,2.632,1.65,1.82,2437.52,1061.6400146484375
2018-04-06,2.763,2.627,1.65,1.82,2429.58,1061.6400146484375
2018-04-09,2.774,2.635,1.65,1.82,2444.08,1068.77001953125
2018-04-10,2.785,2.644,1.65,1.82,2450.74,1063.3800048828125
2018-04-11,2.77,2.618,1.65,1.82,2444.22,1065.75
2018-04-12,2.762,2.61,1.65,1.82,2442.71,1069.97998046875
2018-04-13,2.764,2.614,1.65,1.82,2455.07,1069.97998046875
2018-04-16,2.777,2.627,1.65,1.82,2457.49,1069.52001953125
2018-04-17,2.785,2.631,1.65,1.82,2453.77,1066.0899658203125
2018-04-18,2.795,2.642,1.65,1.82,2479.98,1064.0699462890625
2018-04-19,2.798,2.639,1.65,1.82,2486.1,1066.239990234375
2018-04-20,2.806,2.644,1.65,1.82,2476.33,1066.239990234375
2018-04-23,2.837,2.686,1.65,1.82,2474.11,1080.1800537109375
2018-04-24,2.83,2.676,1.65,1.82,2464.14,1076.75
2018-04-25,2.849,2.703,1.65,1.82,2448.81,1081.1700439453125
2018-04-26,2.835,2.678,1.65,1.82,2475.64,1076.7900390625
2018-04-27,2.806,2.656,1.65,1.82,2492.4,1076.7900390625
2018-04-30,2.819,2.672,1.65,1.82,2515.38,1069.449951171875
2018-05-02,2.839,2.691,1.65,1.82,2505.61,1078.81005859375
2018-05-03,2.847,2.7,1.65,1.82,2487.25,1074.1199951171875
2018-05-04,2.876,2.727,1.65,1.82,2461.38,1074.1199951171875
2018-05-08,2.901,2.748,1.65,1.82,2449.81,1077.56005859375
2018-05-09,2.904,2.747,1.65,1.82,2443.98,1077.97998046875
2018-05-10,2.881,2.724,1.65,1.82,2464.16,1064.3699951171875
2018-05-11,2.891,2.734,1.65,1.82,2477.71,1064.3699951171875
2018-05-14,2.909,2.758,1.65,1.82,2476.11,1069.1600341796875
2018-05-15,2.912,2.763,1.65,1.82,2458.54,1078.8599853515625
2018-05-16,2.892,2.734,1.65,1.82,2459.82,1076.489990234375
2018-05-17,2.872,2.723,1.65,1.82,2448.45,1080.9100341796875
2018-05-18,2.844,2.679,1.65,1.82,2460.65,1080.9100341796875
2018-05-21,2.863,2.711,1.65,1.82,2465.57,1076.510009765625
2018-05-23,2.85,2.689,1.65,1.82,2471.91,1074.7900390625
2018-05-24,2.818,2.658,1.65,1.82,2466.01,1079.22998046875
2018-05-25,2.823,2.669,1.65,1.82,2460.8,1079.22998046875
2018-05-28,2.829,2.669,1.65,1.82,2478.96,1073.1700439453125
2018-05-29,2.813,2.657,1.65,1.82,2457.25,1083.9300537109375
2018-05-30,2.817,2.663,1.65,1.82,2409.03,1075.030029296875
2018-05-31,2.816,2.668,1.65,1.82,2423.01,1079.949951171875
2018-06-01,2.814,2.662,1.65,1.82,2438.96,1079.949951171875
2018-06-04,2.834,2.685,1.65,1.82,2447.76,1070.530029296875
2018-06-05,2.827,2.68,1.65,1.82,2453.76,1070.2900390625
2018-06-07,2.842,2.692,1.65,1.82,2470.58,1071.3299560546875
2018-06-08,2.818,2.663,1.65,1.82,2451.58,1071.3299560546875
2018-06-11,2.833,2.684,1.65,1.82,2470.15,1076.3800048828125
2018-06-12,2.833,2.678,1.65,1.82,2468.83,1079.25
2018-06-14,2.846,2.689,1.65,1.82,2423.48,1090.77001953125
2018-06-15,2.815,2.656,1.65,1.82,2404.04,1090.77001953125
2018-06-18,2.807,2.642,1.65,1.82,2376.24,1104.1600341796875
2018-06-19,2.795,2.623,1.65,1.82,2340.11,1111.1199951171875
2018-06-20,2.797,2.628,1.65,1.82,2363.91,1107.719970703125
2018-06-21,2.786,2.614,1.65,1.82,2337.83,1109.6300048828125
2018-06-22,2.788,2.616,1.65,1.82,2357.22,1109.6300048828125
2018-06-25,2.784,2.606,1.65,1.82,2357.88,1114.030029296875
2018-06-26,2.788,2.609,1.65,1.82,2350.92,1117.5999755859375
2018-06-27,2.767,2.589,1.65,1.82,2342.03,1122.780029296875
2018-06-28,2.762,2.585,1.65,1.82,2314.24,1120.5400390625
2018-06-29,2.766,2.591,1.65,1.82,2326.13,1120.5400390625
2018-07-02,2.766,2.592,1.65,1.82,2271.54,1118.1700439453125
2018-07-03,2.781,2.609,1.65,1.82,2272.76,1113.3399658203125
2018-07-04,2.761,2.58,1.65,1.82,2265.46,1114.31005859375
2018-07-05,2.742,2.559,1.65,1.82,2257.55,1117.760009765625
2018-07-06,2.749,2.563,1.65,1.82,2272.87,1117.760009765625
2018-07-09,2.755,2.569,1.65,1.82,2285.8,1112.47998046875
2018-07-10,2.745,2.555,1.65,1.82,2294.16,1112.56005859375
2018-07-11,2.708,2.516,1.65,1.82,2280.62,1127.1700439453125
2018-07-12,2.744,2.559,1.65,1.82,2285.06,1122.6500244140625
2018-07-13,2.755,2.568,1.65,1.82,2310.9,1122.6500244140625
2018-07-16,2.741,2.554,1.65,1.82,2301.99,1126.9000244140625
2018-07-17,2.746,2.556,1.65,1.82,2297.92,1125.550048828125
2018-07-18,2.74,2.549,1.65,1.82,2290.11,1131.0899658203125
2018-07-19,2.744,2.554,1.65,1.82,2282.29,1134.47998046875
2018-07-20,2.732,2.538,1.65,1.82,2289.19,1134.47998046875
2018-07-23,2.735,2.539,1.65,1.82,2269.31,1132.449951171875
2018-07-24,2.748,2.543,1.65,1.82,2280.2,1127.97998046875
2018-07-25,2.739,2.533,1.65,1.82,2273.03,1115.75
2018-07-26,2.732,2.518,1.65,1.82,2289.06,1123.1500244140625
2018-07-27,2.771,2.555,1.65,1.82,2294.99,1123.1500244140625
2018-07-30,2.786,2.568,1.65,1.82,2293.51,1116.6700439453125
2018-07-31,2.781,2.563,1.65,1.82,2295.26,1112.199951171875
2018-08-01,2.78,2.556,1.65,1.82,2307.07,1118.5999755859375
2018-08-02,2.77,2.547,1.65,1.82,2270.2,1128.1500244140625
2018-08-03,2.765,2.533,1.65,1.82,2287.68,1128.1500244140625
2018-08-06,2.755,2.515,1.65,1.81,2286.5,1125.4000244140625
2018-08-07,2.743,2.495,1.65,1.81,2300.16,1116.25
2018-08-08,2.732,2.471,1.65,1.81,2301.45,1115.949951171875
2018-08-09,2.714,2.45,1.65,1.81,2303.71,1121.8900146484375
2018-08-10,2.703,2.426,1.65,1.81,2282.79,1121.8900146484375
2018-08-13,2.711,2.438,1.65,1.81,2248.45,1135.969970703125
2018-08-14,2.721,2.447,1.65,1.81,2258.91,1126.75
2018-08-16,2.707,2.431,1.65,1.81,2240.8,1126.239990234375
2018-08-17,2.659,2.385,1.65,1.81,2247.05,1126.239990234375
2018-08-20,2.65,2.378,1.65,1.81,2247.88,1116.8800048828125
2018-08-21,2.592,2.33,1.65,1.81,2270.06,1116.0999755859375
2018-08-22,2.626,2.368,1.65,1.81,2273.33,1117.5
2018-08-23,2.625,2.369,1.65,1.81,2282.6,1126.1500244140625
2018-08-24,2.624,2.362,1.65,1.81,2293.21,1126.1500244140625
2018-08-27,2.581,2.364,1.65,1.81,2299.3,1108.22998046875
2018-08-28,2.546,2.37,1.65,1.81,2303.12,1106.8800048828125
2018-08-29,2.507,2.37,1.65,1.81,2309.03,1108.449951171875
2018-08-30,2.5,2.397,1.65,1.81,2307.35,1115.449951171875
2018-08-31,2.416,2.328,1.65,1.81,2322.88,1115.449951171875
2018-09-03,2.404,2.342,1.65,1.81,2307.03,1113.5
2018-09-04,2.386,2.338,1.65,1.81,2315.72,1121.300048828125
2018-09-05,2.358,2.317,1.65,1.81,2291.77,1118.0999755859375
2018-09-06,2.366,2.336,1.65,1.81,2287.61,1124.699951171875
2018-09-07,2.365,2.331,1.65,1.81,2281.58,1124.699951171875
2018-09-10,2.367,2.331,1.65,1.81,2288.66,1136.77001953125
2018-09-11,2.373,2.341,1.65,1.81,2283.2,1125.300048828125
2018-09-12,2.343,2.308,1.65,1.81,2282.92,1125.75
2018-09-13,2.37,2.342,1.65,1.81,2286.23,1120.550048828125
2018-09-14,2.406,2.379,1.65,1.81,2318.25,1120.550048828125
2018-09-17,2.413,2.395,1.65,1.81,2303.01,1125.6199951171875
2018-09-18,2.422,2.4,1.65,1.81,2308.98,1120.800048828125
2018-09-19,2.438,2.425,1.65,1.81,2308.46,1122.25
2018-09-20,2.476,2.464,1.65,1.81,2323.45,1116.4000244140625
2018-09-21,2.463,2.442,1.65,1.81,2339.17,1116.4000244140625
2018-09-27,2.45,2.429,1.65,1.82,2355.43,1112.31005859375
2018-09-28,2.449,2.431,1.65,1.82,2343.07,1112.31005859375
2018-10-01,2.464,2.444,1.65,1.82,2338.88,1112.25
2018-10-02,2.46,2.444,1.65,1.82,2309.57,1117.5
2018-10-04,2.506,2.493,1.65,1.82,2274.49,1132.9000244140625
2018-10-05,2.522,2.507,1.65,1.82,2267.52,1132.9000244140625
2018-10-08,2.528,2.513,1.65,1.82,2253.83,1133.199951171875
2018-10-10,2.497,2.488,1.65,1.82,2228.61,1142.8499755859375
2018-10-11,2.455,2.455,1.65,1.82,2129.67,1134.300048828125
2018-10-12,2.486,2.483,1.66,1.82,2161.85,1134.300048828125
2018-10-15,2.485,2.483,1.67,1.82,2145.12,1135.1700439453125
2018-10-16,2.482,2.476,1.68,1.82,2145.12,1122.1500244140625
2018-10-17,2.463,2.45,1.68,1.82,2167.51,1127.0999755859375
2018-10-18,2.423,2.421,1.69,1.82,2148.31,1136.5999755859375
2018-10-19,2.432,2.424,1.7,1.82,2156.26,1136.5999755859375
2018-10-22,2.451,2.451,1.7,1.82,2161.71,1131.25
2018-10-23,2.432,2.436,1.7,1.82,2106.1,1136.6400146484375
2018-10-24,2.445,2.447,1.7,1.82,2097.58,1137.56005859375
2018-10-25,2.426,2.435,1.7,1.82,2063.3,1135.22998046875
2018-10-26,2.413,2.427,1.7,1.82,2027.15,1135.22998046875
2018-10-29,2.344,2.355,1.7,1.82,1996.05,1139.5
2018-10-30,2.384,2.41,1.7,1.82,2014.69,1142.0799560546875
2018-10-31,2.393,2.42,1.7,1.82,2029.69,1137.699951171875
2018-11-01,2.394,2.419,1.7,1.82,2024.46,1140.969970703125
2018-11-02,2.431,2.46,1.7,1.82,2096.0,1129.050048828125
2018-11-05,2.432,2.458,1.7,1.82,2076.92,1116.0999755859375
2018-11-06,2.436,2.466,1.7,1.82,2089.62,1121.56005859375
2018-11-07,2.419,2.445,1.7,1.82,2078.69,1119.949951171875
2018-11-08,2.42,2.45,1.7,1.83,2092.63,1115.3699951171875
2018-11-09,2.416,2.442,1.7,1.83,2086.09,1119.5699462890625
2018-11-12,2.406,2.435,1.7,1.83,2080.44,1130.949951171875
2018-11-13,2.402,2.422,1.7,1.84,2071.23,1137.4599609375
2018-11-14,2.39,2.411,1.7,1.84,2068.05,1131.1300048828125
2018-11-15,2.409,2.429,1.7,1.84,2088.06,1131.199951171875
2018-11-16,2.411,2.434,1.7,1.84,2092.4,1127.0
2018-11-19,2.405,2.426,1.7,1.84,2100.56,1120.4000244140625
2018-11-20,2.405,2.424,1.7,1.84,2082.58,1126.18994140625
2018-11-21,2.409,2.424,1.7,1.85,2076.55,1128.4000244140625
2018-11-22,2.406,2.408,1.7,1.86,2069.95,1137.31005859375
2018-11-23,2.388,2.38,1.7,1.86,2057.48,1135.5
2018-11-26,2.388,2.382,1.7,1.86,2083.02,1133.5
2018-11-27,2.38,2.373,1.7,1.86,2099.42,1129.030029296875
2018-11-28,2.388,2.382,1.7,1.86,2108.22,1130.3699951171875
2018-11-29,2.36,2.352,1.7,1.86,2114.1,1121.1199951171875
2018-11-30,2.367,2.355,1.9,1.97,2096.86,1117.02001953125
2018-12-03,2.388,2.377,1.9,1.97,2131.93,1117.1500244140625
2018-12-04,2.382,2.367,1.9,1.97,2114.35,1108.300048828125
2018-12-05,2.372,2.336,1.9,1.97,2101.31,1110.6300048828125
2018-12-06,2.319,2.287,1.9,1.97,2068.69,1111.6600341796875
2018-12-07,2.313,2.28,1.9,1.97,2075.76,1119.5999755859375
2018-12-10,2.293,2.268,1.9,1.97,2053.79,1122.699951171875
2018-12-11,2.284,2.259,1.9,1.97,2052.97,1131.5
2018-12-12,2.292,2.26,1.9,1.97,2082.57,1127.6199951171875
2018-12-13,2.288,2.258,1.9,1.97,2095.55,1123.8499755859375
2018-12-14,2.277,2.243,1.9,1.97,2069.38,1127.02001953125
2018-12-17,2.283,2.254,1.9,1.97,2071.09,1131.6500244140625
2018-12-18,2.282,2.243,1.9,1.97,2062.11,1128.1500244140625
2018-12-19,2.272,2.238,1.9,1.97,2078.84,1125.0699462890625
2018-12-20,2.283,2.252,1.9,1.97,2060.12,1128.1300048828125
2018-12-21,2.31,2.293,1.9,1.97,2061.49,1120.030029296875
2018-12-24,2.313,2.298,1.9,1.97,2055.01,1127.5
2018-12-26,2.279,2.261,1.92,1.97,2028.01,1122.6300048828125
2018-12-27,2.282,2.265,1.92,1.97,2028.44,1123.52001953125
2018-12-28,2.287,2.276,1.93,1.97,2041.04,1119.5999755859375
2018-12-31,2.287,2.276,1.93,1.97,2041.04,1116.300048828125
2019-01-02,2.27,2.251,1.93,1.97,2010.0,1113.800048828125
2019-01-03,2.265,2.252,1.92,1.97,1993.7,1122.1800537109375
2019-01-04,2.259,2.24,1.86,1.97,2010.25,1124.1199951171875
2019-01-07,2.268,2.249,1.86,1.97,2037.1,1114.4000244140625
2019-01-08,2.269,2.253,1.86,1.97,2025.27,1116.4000244140625
2019-01-09,2.27,2.249,1.86,1.97,2064.71,1121.050048828125
2019-01-10,2.259,2.233,1.86,1.97,2063.28,1118.6700439453125
2019-01-11,2.262,2.243,1.86,1.97,2075.57,1116.550048828125
2019-01-14,2.257,2.236,1.86,1.97,2064.52,1118.5999755859375
2019-01-15,2.258,2.23,1.86,1.97,2097.18,1122.0
2019-01-16,2.258,2.233,1.86,1.97,2106.1,1122.4000244140625
2019-01-17,2.255,2.234,1.86,1.97,2107.06,1118.77001953125
2019-01-18,2.267,2.245,1.86,1.97,2124.28,1120.550048828125
2019-01-21,2.271,2.245,1.86,1.97,2124.61,1125.7900390625
2019-01-22,2.255,2.22,1.86,1.97,2117.77,1132.3699951171875
2019-01-23,2.256,2.218,1.86,1.97,2127.78,1130.1500244140625
2019-01-24,2.261,2.227,1.86,1.97,2145.03,1125.3299560546875
2019-01-25,2.261,2.223,1.86,1.97,2177.73,1126.75
2019-01-28,2.267,2.229,1.86,1.97,2177.3,1118.010009765625
2019-01-29,2.269,2.225,1.86,1.97,2183.36,1119.699951171875
2019-01-30,2.272,2.231,1.86,1.97,2206.2,1117.8699951171875
2019-01-31,2.256,2.209,1.86,1.97,2204.85,1109.0
2019-02-01,2.251,2.204,1.86,1.97,2203.46,1111.550048828125
2019-02-07,2.249,2.2,1.86,1.97,2203.42,1121.6300048828125
2019-02-08,2.234,2.182,1.86,1.97,2177.05,1123.75
2019-02-11,2.229,2.178,1.86,1.97,2180.73,1122.8800048828125
2019-02-12,2.242,2.189,1.86,1.97,2190.47,1125.02001953125
2019-02-13,2.247,2.194,1.86,1.97,2201.48,1120.300048828125
2019-02-14,2.242,2.179,1.86,1.97,2225.85,1123.719970703125
2019-02-15,2.231,2.168,1.86,1.97,2196.09,1128.300048828125
2019-02-18,2.251,2.184,1.87,1.97,2210.89,1125.31005859375
2019-02-19,2.249,2.177,1.88,1.97,2205.63,1124.280029296875
2019-02-20,2.252,2.176,1.89,1.97,2229.76,1121.4200439453125
2019-02-21,2.258,2.179,1.89,1.97,2228.66,1121.719970703125
2019-02-22,2.26,2.179,1.89,1.97,2230.5,1124.1500244140625
2019-02-25,2.265,2.189,1.89,1.97,2232.56,1122.31005859375
2019-02-26,2.261,2.178,1.89,1.97,2226.6,1117.199951171875
2019-02-27,2.254,2.173,1.89,1.97,2234.79,1114.300048828125
2019-02-28,2.261,2.178,1.89,1.97,2195.44,1115.0999755859375
2019-03-04,2.281,2.198,1.89,1.97,2190.66,1126.81005859375
2019-03-05,2.283,2.198,1.89,1.97,2179.23,1128.1500244140625
2019-03-06,2.278,2.188,1.89,1.97,2175.6,1126.199951171875
2019-03-07,2.269,2.179,1.89,1.97,2165.79,1127.0
2019-03-08,2.255,2.164,1.89,1.97,2137.44,1133.0699462890625
2019-03-11,2.261,2.168,1.89,1.97,2138.1,1134.06005859375
2019-03-12,2.262,2.156,1.89,1.98,2157.18,1130.77001953125
2019-03-13,2.248,2.146,1.89,1.98,2148.41,1127.27001953125
2019-03-14,2.246,2.14,1.89,1.98,2155.68,1129.5899658203125
2019-03-15,2.256,2.149,1.9,1.98,2176.11,1135.4200439453125
2019-03-18,2.264,2.155,1.9,1.98,2179.49,1132.72998046875
2019-03-19,2.262,2.151,1.9,1.98,2177.62,1131.199951171875
2019-03-20,2.265,2.155,1.9,1.98,2177.1,1129.719970703125
2019-03-21,2.247,2.133,1.9,1.98,2184.88,1125.0
2019-03-22,2.254,2.137,1.9,1.98,2186.95,1127.77001953125
2019-03-25,2.225,2.112,1.9,1.98,2144.86,1135.1400146484375
2019-03-26,2.217,2.1,1.9,1.98,2148.8,1133.8499755859375
2019-03-27,2.187,2.056,1.9,1.98,2145.62,1133.9300537109375
2019-03-28,2.151,2.018,1.9,1.98,2128.1,1138.5
2019-03-29,2.163,2.03,1.9,1.98,2140.67,1134.3199462890625
2019-04-01,2.197,2.064,1.9,1.98,2168.28,1132.6700439453125
2019-04-02,2.178,2.04,1.89,1.98,2177.18,1136.3900146484375
2019-04-03,2.193,2.055,1.87,1.98,2203.27,1133.530029296875
2019-04-04,2.194,2.056,1.87,1.98,2206.53,1134.300048828125
2019-04-05,2.207,2.07,1.86,1.98,2209.61,1134.300048828125
2019-04-08,2.196,2.066,1.86,1.98,2210.6,1141.1099853515625
2019-04-09,2.197,2.058,1.86,1.98,2213.56,1140.0999755859375
2019-04-10,2.201,2.062,1.86,1.98,2224.39,1135.9000244140625
2019-04-11,2.202,2.064,1.86,1.98,2224.44,1140.989990234375
2019-04-12,2.204,2.062,1.86,1.98,2233.45,1140.989990234375
2019-04-15,2.23,2.086,1.86,1.98,2242.88,1133.199951171875
2019-04-16,2.234,2.084,1.86,1.98,2248.63,1135.699951171875
2019-04-17,2.249,2.088,1.86,1.98,2245.89,1130.199951171875
2019-04-18,2.215,2.057,1.86,1.98,2213.77,1136.1099853515625
2019-04-19,2.228,2.072,1.86,1.98,2216.15,1136.1099853515625
2019-04-22,2.241,2.081,1.85,1.98,2216.65,1140.0400390625
2019-04-23,2.238,2.073,1.85,1.98,2220.51,1142.0
2019-04-24,2.219,2.053,1.85,1.98,2201.03,1155.260009765625
2019-04-25,2.195,2.033,1.85,1.98,2190.5,1159.0
2019-04-26,2.191,2.03,1.84,1.98,2179.31,1159.0
2019-04-29,2.184,2.022,1.84,1.98,2216.43,1158.7900390625
2019-04-30,2.171,2.002,1.84,1.98,2203.59,1163.260009765625
2019-05-02,2.201,2.038,1.84,1.97,2212.75,1166.1099853515625
2019-05-03,2.204,2.04,1.84,1.96,2196.32,1166.1099853515625
2019-05-07,2.189,2.023,1.84,1.96,2176.99,1171.300048828125
2019-05-08,2.184,2.02,1.84,1.95,2168.01,1172.18994140625
2019-05-09,2.176,2.008,1.84,1.95,2102.01,1179.18994140625
2019-05-10,2.187,2.022,1.84,1.95,2108.04,1179.18994140625
2019-05-13,2.186,2.019,1.84,1.95,2079.01,1187.1800537109375
2019-05-14,2.177,2.006,1.84,1.95,2081.84,1186.9300537109375
2019-05-15,2.175,2.001,1.84,1.94,2092.78,1186.0400390625
2019-05-16,2.146,1.968,1.84,1.94,2067.69,1190.489990234375
2019-05-17,2.145,1.966,1.84,1.94,2055.8,1190.489990234375
2019-05-20,2.157,1.974,1.84,1.94,2055.71,1193.3299560546875
2019-05-21,2.142,1.961,1.84,1.94,2061.25,1193.3299560546875
2019-05-22,2.144,1.958,1.84,1.94,2064.86,1188.800048828125
2019-05-23,2.131,1.938,1.84,1.94,2059.59,1188.800048828125
2019-05-24,2.126,1.936,1.84,1.94,2045.31,1188.800048828125
2019-05-27,2.131,1.94,1.84,1.94,2044.21,1182.31005859375
2019-05-28,2.13,1.938,1.84,1.94,2048.83,1187.5799560546875
2019-05-29,2.103,1.908,1.84,1.94,2023.32,1192.2099609375
2019-05-30,2.11,1.919,1.84,1.94,2038.8,1188.3800048828125
2019-05-31,2.075,1.864,1.84,1.93,2041.74,1188.3800048828125
2019-06-03,2.074,1.865,1.82,1.93,2067.85,1178.3499755859375
2019-06-04,2.07,1.862,1.82,1.93,2066.97,1176.050048828125
2019-06-05,2.05,1.834,1.82,1.93,2069.11,1178.739990234375
2019-06-07,2.047,1.826,1.82,1.93,2072.33,1178.739990234375
2019-06-10,2.048,1.835,1.82,1.93,2099.49,1182.0999755859375
2019-06-11,2.053,1.838,1.82,1.93,2111.81,1177.97998046875
2019-06-12,1.999,1.787,1.81,1.93,2108.75,1183.4300537109375
2019-06-13,2.002,1.807,1.81,1.93,2103.15,1181.0799560546875
2019-06-14,1.989,1.784,1.81,1.93,2095.41,1181.0799560546875
2019-06-17,2.005,1.807,1.8,1.93,2090.73,1185.3499755859375
2019-06-18,2.007,1.816,1.8,1.93,2098.71,1173.5799560546875
2019-06-19,1.995,1.795,1.8,1.93,2124.78,1170.300048828125
2019-06-20,1.939,1.753,1.8,1.93,2131.29,1157.2099609375
2019-06-21,1.949,1.775,1.8,1.92,2125.62,1157.2099609375
2019-06-24,1.949,1.774,1.79,1.92,2126.33,1152.469970703125
2019-06-25,1.971,1.811,1.79,1.92,2121.64,1155.7099609375
2019-06-26,1.982,1.815,1.78,1.92,2121.85,1152.5
2019-06-27,1.984,1.819,1.78,1.92,2134.32,1155.510009765625
2019-06-28,1.967,1.796,1.78,1.92,2130.62,1155.510009765625
2019-07-01,1.974,1.812,1.78,1.92,2129.74,1159.75
2019-07-02,1.958,1.793,1.78,1.92,2122.02,1165.5799560546875
2019-07-03,1.925,1.76,1.78,1.92,2096.02,1168.8699951171875
2019-07-04,1.915,1.752,1.78,1.91,2108.73,1167.1300048828125
2019-07-05,1.923,1.764,1.78,1.91,2110.59,1167.1300048828125
2019-07-08,1.922,1.762,1.78,1.91,2064.17,1179.8499755859375
2019-07-09,1.923,1.767,1.78,1.91,2052.03,1181.47998046875
2019-07-10,1.938,1.781,1.78,1.91,2058.78,1175.530029296875
2019-07-11,1.92,1.76,1.78,1.91,2080.58,1174.0799560546875
2019-07-12,1.927,1.759,1.78,1.91,2086.66,1174.0799560546875
2019-07-15,1.937,1.772,1.78,1.91,2082.48,1178.4300537109375
2019-07-16,1.934,1.767,1.78,1.91,2091.87,1177.8800048828125
2019-07-17,1.903,1.735,1.73,1.91,2072.92,1178.68994140625
2019-07-18,1.85,1.691,1.61,1.84,2066.55,1170.77001953125
2019-07-19,1.832,1.671,1.59,1.84,2094.36,1170.77001953125
2019-07-22,1.837,1.667,1.59,1.84,2093.34,1174.760009765625
2019-07-23,1.843,1.669,1.59,1.82,2101.45,1176.800048828125
2019-07-24,1.83,1.644,1.56,1.8,2082.3,1176.550048828125
2019-07-25,1.809,1.614,1.54,1.79,2074.48,1182.3900146484375
2019-07-26,1.817,1.626,1.53,1.78,2066.26,1182.3900146484375
2019-07-29,1.817,1.625,1.53,1.77,2029.48,1181.8499755859375
2019-07-30,1.812,1.623,1.52,1.76,2038.68,1180.6500244140625
2019-07-31,1.803,1.606,1.5,1.76,2024.55,1186.31005859375
2019-08-01,1.822,1.626,1.5,1.76,2017.34,1194.75
2019-08-02,1.773,1.57,1.5,1.75,1998.13,1194.75
2019-08-05,1.693,1.502,1.5,1.74,1946.98,1216.6500244140625
2019-08-06,1.688,1.5,1.49,1.73,1917.5,1212.530029296875
2019-08-07,1.678,1.485,1.49,1.73,1909.71,1212.22998046875
2019-08-08,1.691,1.504,1.49,1.73,1920.61,1207.030029296875
2019-08-09,1.707,1.511,1.49,1.73,1937.75,1207.030029296875
2019-08-12,1.706,1.518,1.49,1.73,1942.29,1217.6300048828125
2019-08-13,1.678,1.486,1.49,1.73,1925.83,1204.72998046875
2019-08-14,1.678,1.489,1.49,1.72,1938.37,1215.6400146484375
2019-08-16,1.626,1.446,1.49,1.72,1927.17,1215.6400146484375
2019-08-19,1.628,1.446,1.49,1.72,1939.9,1210.530029296875
2019-08-20,1.636,1.46,1.49,1.72,1960.25,1205.280029296875
2019-08-21,1.685,1.524,1.49,1.72,1964.65,1201.3199462890625
2019-08-22,1.658,1.486,1.49,1.72,1951.01,1208.56005859375
2019-08-23,1.691,1.517,1.49,1.72,1948.3,1208.56005859375
2019-08-26,1.648,1.487,1.49,1.72,1916.31,1210.72998046875
2019-08-27,1.695,1.543,1.49,1.72,1924.6,1210.760009765625
2019-08-28,1.701,1.545,1.49,1.72,1941.09,1211.3699951171875
2019-08-29,1.691,1.543,1.49,1.72,1933.41,1207.1600341796875
2019-08-30,1.693,1.581,1.49,1.72,1967.79,1207.1600341796875
2019-09-02,1.74,1.617,1.49,1.72,1969.19,1212.77001953125
2019-09-03,1.734,1.609,1.49,1.72,1965.69,1210.47998046875
2019-09-04,1.741,1.62,1.5,1.72,1988.53,1202.68994140625
2019-09-05,1.76,1.649,1.53,1.72,2004.75,1196.0
2019-09-06,1.769,1.67,1.54,1.72,2009.13,1196.0
2019-09-09,1.742,1.643,1.54,1.72,2019.55,1190.8599853515625
2019-09-10,1.748,1.645,1.54,1.72,2032.08,1189.5
2019-09-11,1.764,1.678,1.54,1.72,2049.2,1189.800048828125
2019-09-16,1.85,1.755,1.54,1.72,2062.22,1183.2900390625
2019-09-17,1.822,1.73,1.54,1.72,2062.33,1185.6500244140625
2019-09-18,1.816,1.723,1.54,1.72,2070.73,1189.550048828125
2019-09-19,1.835,1.747,1.55,1.72,2080.35,1193.8599853515625
2019-09-20,1.836,1.745,1.55,1.72,2091.52,1193.8599853515625
2019-09-23,1.837,1.753,1.55,1.72,2091.7,1193.010009765625
2019-09-24,1.829,1.742,1.55,1.72,2101.04,1193.93994140625
2019-09-25,1.807,1.723,1.55,1.72,2073.39,1197.8900146484375
2019-09-26,1.806,1.723,1.55,1.72,2074.52,1198.6300048828125
2019-09-27,1.806,1.724,1.55,1.72,2049.93,1198.6300048828125
2019-09-30,1.8,1.719,1.55,1.72,2063.05,1198.0
2019-10-01,1.824,1.739,1.55,1.72,2072.42,1201.68994140625
2019-10-02,1.806,1.718,1.55,1.72,2031.91,1203.5699462890625
2019-10-04,1.717,1.629,1.55,1.72,2020.69,1203.5699462890625
2019-10-07,1.738,1.657,1.55,1.72,2021.73,1195.760009765625
2019-10-08,1.766,1.678,1.55,1.72,2046.25,1198.3699951171875
2019-10-10,1.779,1.693,1.55,1.72,2028.15,1188.81005859375
2019-10-11,1.785,1.693,1.55,1.72,2044.61,1188.81005859375
2019-10-14,1.787,1.698,1.55,1.72,2067.4,1182.300048828125
2019-10-15,1.791,1.703,1.55,1.72,2068.17,1183.9300537109375
2019-10-16,1.827,1.736,1.36,1.7,2082.83,1184.8299560546875
2019-10-17,1.879,1.79,1.36,1.69,2077.94,1177.27001953125
2019-10-18,1.88,1.786,1.36,1.68,2060.69,1177.27001953125
2019-10-21,1.912,1.823,1.36,1.67,2064.84,1171.4000244140625
2019-10-22,1.885,1.78,1.36,1.65,2088.86,1171.260009765625
2019-10-23,1.894,1.786,1.36,1.65,2080.62,1169.699951171875
2019-10-24,1.905,1.803,1.37,1.65,2085.66,1174.25
2019-10-25,1.943,1.849,1.37,1.65,2087.89,1174.25
2019-10-28,2.018,1.933,1.44,1.65,2093.6,1170.8199462890625
2019-10-29,1.994,1.89,1.44,1.65,2092.69,1166.760009765625
2019-10-30,1.981,1.87,1.44,1.65,2080.27,1165.75
2019-10-31,1.973,1.866,1.44,1.65,2083.48,1163.699951171875
2019-11-01,1.976,1.881,1.44,1.65,2100.2,1168.550048828125
2019-11-04,2.053,1.96,1.46,1.65,2130.24,1163.800048828125
2019-11-05,2.026,1.926,1.49,1.65,2142.64,1161.81005859375
2019-11-06,2.033,1.925,1.5,1.65,2144.15,1155.199951171875
2019-11-07,2.048,1.955,1.52,1.65,2144.29,1160.0799560546875
2019-11-08,2.023,1.921,1.52,1.65,2137.23,1158.5999755859375
2019-11-11,2.011,1.911,1.53,1.65,2124.09,1158.5999755859375
2019-11-12,2.064,1.959,1.53,1.65,2140.92,1163.9000244140625
2019-11-13,2.015,1.908,1.53,1.65,2122.45,1164.949951171875
2019-11-14,2.016,1.918,1.53,1.65,2139.23,1169.8599853515625
2019-11-15,2.019,1.921,1.53,1.65,2162.18,1167.52001953125
2019-11-18,2.023,1.925,1.53,1.65,2160.69,1162.3299560546875
2019-11-19,1.995,1.888,1.53,1.65,2153.24,1165.68994140625
2019-11-20,1.965,1.852,1.53,1.65,2125.32,1165.8199462890625
2019-11-21,1.978,1.875,1.53,1.65,2096.6,1168.260009765625
2019-11-22,1.972,1.864,1.53,1.65,2101.96,1175.22998046875
2019-11-25,1.988,1.88,1.53,1.65,2123.5,1179.489990234375
2019-11-26,1.989,1.873,1.53,1.65,2121.35,1172.4100341796875
2019-11-27,1.975,1.857,1.53,1.65,2127.85,1172.5999755859375
2019-11-28,1.957,1.833,1.53,1.65,2118.6,1175.3599853515625
2019-11-29,1.922,1.796,1.53,1.65,2087.96,1177.010009765625
2019-12-02,1.957,1.838,1.53,1.66,2091.92,1181.469970703125
2019-12-03,1.986,1.863,1.53,1.66,2084.07,1183.7900390625
2019-12-04,1.939,1.813,1.53,1.66,2068.89,1187.6300048828125
2019-12-05,1.957,1.831,1.53,1.66,2060.74,1189.4599609375
2019-12-06,1.969,1.841,1.53,1.66,2081.85,1187.97998046875
2019-12-09,1.955,1.816,1.53,1.66,2088.65,1186.1099853515625
2019-12-10,1.949,1.825,1.53,1.66,2098.0,1188.6800537109375
2019-12-11,1.942,1.818,1.53,1.66,2105.62,1189.0699462890625
2019-12-12,1.942,1.818,1.53,1.66,2137.35,1187.9300537109375
2019-12-13,1.962,1.837,1.53,1.66,2170.25,1169.5899658203125
2019-12-16,1.935,1.804,1.53,1.67,2168.15,1172.530029296875
2019-12-17,1.93,1.796,1.53,1.67,2195.68,1167.4599609375
2019-12-18,1.927,1.793,1.53,1.67,2194.76,1162.780029296875
2019-12-19,1.949,1.811,1.53,1.67,2196.56,1164.3599853515625
2019-12-20,1.959,1.816,1.53,1.67,2204.18,1161.06005859375
2019-12-23,1.951,1.806,1.53,1.67,2203.71,1159.300048828125
2019-12-24,1.945,1.796,1.53,1.67,2190.08,1161.5699462890625
2019-12-26,1.941,1.792,1.53,1.67,2197.93,1159.75
2019-12-27,1.944,1.793,1.53,1.68,2204.21,1161.199951171875
2019-12-30,1.937,1.78,1.53,1.69,2197.67,1160.6800537109375
2019-12-31,1.937,1.78,1.53,1.69,2197.67,1156.3499755859375
2020-01-02,1.907,1.748,1.53,1.69,2175.17,1153.969970703125
2020-01-03,1.858,1.699,1.53,1.69,2176.46,1157.1500244140625
2020-01-06,1.861,1.705,1.49,1.69,2155.07,1165.8499755859375
2020-01-07,1.911,1.756,1.46,1.69,2175.54,1167.4200439453125
2020-01-08,1.939,1.787,1.46,1.69,2151.31,1166.4599609375
2020-01-09,1.983,1.831,1.46,1.69,2186.45,1161.260009765625
2020-01-10,1.991,1.831,1.46,1.69,2206.39,1157.81005859375
2020-01-13,1.989,1.817,1.46,1.69,2229.26,1156.9300537109375
2020-01-14,1.968,1.795,1.46,1.69,2238.88,1153.93994140625
2020-01-15,1.972,1.796,1.46,1.69,2230.98,1157.050048828125
2020-01-16,2.001,1.829,1.46,1.69,2248.05,1156.780029296875
2020-01-17,2.01,1.825,1.46,1.69,2250.57,1158.77001953125
2020-01-20,2.034,1.855,1.46,1.69,2262.64,1160.3599853515625
2020-01-21,1.986,1.803,1.46,1.69,2239.69,1157.5699462890625
2020-01-22,2.016,1.838,1.46,1.69,2267.25,1168.739990234375
2020-01-23,2.006,1.827,1.46,1.69,2246.13,1163.72998046875
2020-01-28,1.94,1.757,1.46,1.69,2176.72,1176.72998046875
2020-01-29,1.922,1.731,1.46,1.69,2185.28,1174.280029296875
2020-01-30,1.897,1.712,1.43,1.69,2148.0,1178.0799560546875
2020-01-31,1.899,1.721,1.42,1.69,2119.01,1187.1199951171875
2020-02-03,1.884,1.699,1.42,1.69,2118.88,1194.8699951171875
2020-02-04,1.923,1.743,1.42,1.69,2157.9,1189.3599853515625
2020-02-05,1.901,1.721,1.42,1.68,2165.63,1182.47998046875
2020-02-06,1.904,1.711,1.42,1.68,2227.94,1183.4599609375
2020-02-07,1.874,1.687,1.42,1.68,2211.95,1184.25
2020-02-10,1.886,1.704,1.42,1.68,2201.07,1191.0899658203125
2020-02-11,1.888,1.7,1.42,1.68,2223.12,1185.6300048828125
2020-02-12,1.89,1.701,1.42,1.68,2238.38,1180.719970703125
2020-02-13,1.873,1.681,1.42,1.68,2232.96,1177.9599609375
2020-02-14,1.913,1.737,1.42,1.68,2243.59,1183.469970703125
2020-02-17,1.906,1.717,1.42,1.68,2242.17,1182.1800537109375
2020-02-18,1.863,1.678,1.42,1.67,2208.88,1183.81005859375
2020-02-19,1.875,1.688,1.42,1.65,2210.34,1189.9300537109375
2020-02-20,1.833,1.654,1.41,1.63,2195.5,1191.3699951171875
2020-02-21,1.782,1.596,1.41,1.62,2162.84,1204.4000244140625
2020-02-24,1.74,1.554,1.41,1.61,2079.04,1205.77001953125
2020-02-25,1.765,1.587,1.41,1.6,2103.61,1217.6500244140625
2020-02-26,1.734,1.545,1.41,1.59,2076.77,1214.550048828125
2020-02-27,1.79,1.601,1.41,1.58,2054.89,1211.3599853515625
2020-02-28,1.707,1.513,1.41,1.57,1987.01,1211.31005859375
2020-03-02,1.728,1.538,1.41,1.56,2002.51,1200.0999755859375
2020-03-03,1.718,1.531,1.41,1.56,2014.15,1188.280029296875
2020-03-04,1.644,1.455,1.4,1.55,2059.33,1186.3399658203125
2020-03-05,1.666,1.471,1.4,1.55,2085.26,1183.6800537109375
2020-03-06,1.692,1.497,1.4,1.55,2040.22,1187.469970703125
2020-03-09,1.657,1.45,1.4,1.55,1954.77,1187.699951171875
2020-03-10,1.708,1.517,1.4,1.55,1962.93,1199.9599609375
2020-03-11,1.712,1.51,1.4,1.55,1908.27,1184.699951171875
2020-03-12,1.707,1.494,1.39,1.55,1834.33,1189.3900146484375
2020-03-13,1.81,1.6,1.39,1.55,1771.44,1209.969970703125
2020-03-16,1.765,1.525,1.39,1.54,1714.86,1210.800048828125
2020-03-17,1.74,1.489,1.02,1.36,1672.44,1232.0400390625
2020-03-18,1.77,1.545,1.02,1.37,1591.2,1237.989990234375
2020-03-19,1.947,1.699,1.02,1.41,1457.64,1255.3499755859375
2020-03-20,1.945,1.652,1.02,1.47,1566.15,1256.8800048828125
2020-03-23,2.01,1.695,1.02,1.56,1482.46,1253.949951171875
2020-03-24,2.006,1.681,1.07,1.66,1609.97,1262.9300537109375
2020-03-25,2.025,1.664,1.1,1.88,1704.76,1228.5999755859375
2020-03-26,2.035,1.652,1.1,2.05,1686.24,1231.0799560546875
2020-03-27,2.039,1.658,1.1,2.1,1717.73,1212.18994140625
2020-03-30,2.074,1.7,1.1,2.17,1717.12,1222.699951171875
2020-03-31,2.077,1.677,1.1,2.2,1754.64,1216.6600341796875
2020-04-01,2.099,1.703,1.1,2.22,1685.46,1234.72998046875
2020-04-02,2.093,1.682,1.1,2.24,1724.86,1226.8499755859375
2020-04-03,2.1,1.702,1.1,2.2,1725.44,1226.8499755859375
2020-04-06,2.1,1.709,1.1,2.2,1791.88,1223.0999755859375
2020-04-07,2.1,1.72,1.1,2.19,1823.6,1215.31005859375
2020-04-08,2.097,1.714,1.1,2.19,1807.14,1214.75
2020-04-09,2.093,1.697,1.1,2.16,1836.21,1209.510009765625
2020-04-10,2.092,1.709,1.1,2.14,1860.7,1209.510009765625
2020-04-13,2.12,1.736,1.1,2.13,1825.76,1213.9000244140625
2020-04-14,2.126,1.74,1.1,2.13,1857.08,1212.3800048828125
2020-04-16,2.123,1.732,1.1,2.13,1857.07,1226.6400146484375
2020-04-17,2.148,1.751,1.1,2.11,1914.53,1226.6400146484375
2020-04-20,2.153,1.754,1.1,2.09,1898.36,1218.0999755859375
2020-04-21,2.188,1.775,1.1,2.08,1879.38,1230.8499755859375
2020-04-22,2.203,1.787,1.1,2.06,1896.15,1231.3800048828125
2020-04-23,2.203,1.773,1.1,2.01,1914.73,1232.449951171875
2020-04-24,2.201,1.753,1.1,2.01,1889.01,1232.449951171875
2020-04-27,2.215,1.771,1.1,2.01,1922.77,1220.8699951171875
2020-04-28,2.224,1.775,1.1,2.01,1934.09,1220.4000244140625
2020-04-29,2.218,1.754,1.1,2.01,1947.56,1210.7900390625
2020-05-04,2.203,1.717,1.1,2.01,1895.37,1222.449951171875
2020-05-06,2.202,1.702,1.1,2.01,1928.76,1228.530029296875
2020-05-07,2.198,1.683,1.08,2.0,1928.61,1218.6300048828125
2020-05-08,2.182,1.659,1.08,1.99,1945.82,1218.6300048828125
2020-05-11,2.198,1.679,1.05,1.98,1935.4,1222.4000244140625
2020-05-12,2.173,1.635,1.05,1.98,1922.17,1225.6500244140625
2020-05-13,2.155,1.615,1.05,1.98,1940.42,1226.550048828125
2020-05-14,2.17,1.622,1.05,1.97,1924.96,1225.4599609375
2020-05-15,2.176,1.625,1.05,1.96,1927.28,1225.4599609375
2020-05-18,2.188,1.638,1.05,1.95,1937.11,1224.199951171875
2020-05-19,2.185,1.631,1.02,1.94,1980.61,1224.3199462890625
2020-05-20,2.181,1.624,1.02,1.93,1989.64,1226.550048828125
2020-05-21,2.177,1.621,1.02,1.92,1998.31,1233.3900146484375
2020-05-22,2.165,1.6,1.02,1.91,1970.13,1233.3900146484375
2020-05-25,2.152,1.584,1.02,1.9,1994.6,1240.02001953125
2020-05-26,2.176,1.613,1.02,1.89,2029.78,1230.8699951171875
2020-05-27,2.196,1.623,1.02,1.88,2031.2,1238.300048828125
2020-05-28,2.157,1.59,0.81,1.63,2028.54,1237.97998046875
2020-05-29,2.158,1.585,0.81,1.62,2029.6,1237.97998046875
2020-06-01,2.164,1.611,0.81,1.62,2065.08,1222.989990234375
2020-06-02,2.182,1.607,0.81,1.62,2087.19,1219.1400146484375
2020-06-03,2.199,1.64,0.81,1.62,2147.0,1215.8199462890625
2020-06-04,2.217,1.658,0.8,1.61,2151.18,1215.3800048828125
2020-06-05,2.224,1.672,0.79,1.6,2181.87,1215.3800048828125
2020-06-08,2.227,1.668,0.79,1.58,2184.29,1195.72998046875
2020-06-09,2.204,1.623,0.79,1.57,2188.92,1197.300048828125
2020-06-10,2.205,1.611,0.79,1.56,2195.69,1189.739990234375
2020-06-11,2.204,1.608,0.79,1.56,2176.78,1204.760009765625
2020-06-12,2.21,1.612,0.79,1.55,2132.3,1204.760009765625
2020-06-15,2.229,1.624,0.79,1.54,2030.82,1206.9000244140625
2020-06-16,2.225,1.605,0.79,1.54,2138.05,1211.1500244140625
2020-06-17,2.244,1.617,0.79,1.54,2141.05,1214.3499755859375
2020-06-18,2.225,1.574,0.79,1.54,2133.48,1211.3599853515625
2020-06-19,2.23,1.593,0.79,1.54,2141.32,1211.3599853515625
2020-06-22,2.232,1.588,0.79,1.54,2126.73,1208.0
2020-06-23,2.224,1.563,0.79,1.54,2131.24,1207.949951171875
2020-06-24,2.221,1.561,0.79,1.54,2161.51,1205.25
2020-06-25,2.22,1.549,0.79,1.54,2112.37,1201.52001953125
2020-06-26,2.22,1.541,0.79,1.53,2134.65,1201.52001953125
2020-06-29,2.246,1.566,0.79,1.52,2093.48,1198.489990234375
2020-06-30,2.25,1.569,0.79,1.51,2108.33,1198.3900146484375
2020-07-01,2.251,1.564,0.79,1.5,2106.7,1200.699951171875
2020-07-02,2.235,1.547,0.79,1.5,2135.37,1198.1700439453125
2020-07-03,2.239,1.554,0.79,1.5,2152.41,1198.1700439453125
2020-07-06,2.249,1.574,0.79,1.5,2187.93,1190.9300537109375
2020-07-07,2.236,1.559,0.79,1.49,2164.17,1195.699951171875
2020-07-08,2.232,1.552,0.79,1.48,2158.88,1192.02001953125
2020-07-09,2.235,1.553,0.79,1.47,2167.9,1195.77001953125
2020-07-10,2.237,1.557,0.79,1.47,2150.25,1195.77001953125
2020-07-13,2.249,1.569,0.79,1.47,2186.06,1203.780029296875
2020-07-14,2.246,1.56,0.79,1.47,2183.61,1203.97998046875
2020-07-15,2.241,1.554,0.79,1.47,2201.88,1200.469970703125
2020-07-16,2.227,1.525,0.79,1.47,2183.76,1204.22998046875
2020-07-17,2.214,1.507,0.79,1.47,2201.19,1204.22998046875
2020-07-20,2.205,1.493,0.79,1.47,2198.2,1200.030029296875
2020-07-21,2.216,1.501,0.79,1.47,2228.83,1192.739990234375
2020-07-22,2.209,1.485,0.79,1.47,2228.66,1197.22998046875
2020-07-23,2.194,1.481,0.78,1.47,2216.19,1200.93994140625
2020-07-24,2.189,1.479,0.78,1.47,2200.44,1200.93994140625
2020-07-27,2.188,1.478,0.78,1.47,2217.86,1195.9200439453125
2020-07-28,2.194,1.492,0.78,1.47,2256.99,1199.3699951171875
2020-07-29,2.19,1.49,0.78,1.47,2263.16,1190.72998046875
2020-07-30,2.181,1.473,0.78,1.47,2267.01,1189.56005859375
2020-07-31,2.177,1.467,0.78,1.47,2249.37,1189.56005859375
2020-08-03,2.177,1.468,0.78,1.47,2251.04,1191.760009765625
2020-08-04,2.179,1.471,0.76,1.47,2279.97,1192.25
2020-08-05,2.168,1.465,0.76,1.47,2311.86,1185.1800537109375
2020-08-06,2.172,1.47,0.76,1.47,2342.61,1183.1700439453125
2020-08-07,2.174,1.476,0.75,1.47,2351.67,1183.1700439453125
2020-08-10,2.191,1.484,0.74,1.47,2386.38,1185.18994140625
2020-08-11,2.183,1.471,0.73,1.47,2418.67,1184.97998046875
2020-08-12,2.192,1.465,0.7,1.47,2432.35,1182.75
2020-08-13,2.184,1.44,0.67,1.47,2437.53,1184.1199951171875
2020-08-14,2.195,1.447,0.65,1.46,2407.49,1184.1199951171875
2020-08-18,2.182,1.427,0.64,1.45,2348.24,1183.6400146484375
2020-08-19,2.177,1.424,0.63,1.43,2360.54,1181.2099609375
2020-08-20,2.183,1.432,0.63,1.41,2274.22,1184.2900390625
2020-08-21,2.204,1.462,0.63,1.4,2304.59,1184.2900390625
2020-08-24,2.185,1.432,0.63,1.39,2329.83,1188.25
2020-08-25,2.188,1.43,0.63,1.39,2366.73,1186.4599609375
2020-08-26,2.197,1.442,0.63,1.39,2369.32,1183.8499755859375
2020-08-27,2.212,1.462,0.63,1.38,2344.45,1186.5799560546875
2020-08-28,2.24,1.497,0.63,1.37,2353.8,1186.5799560546875
2020-08-31,2.264,1.549,0.63,1.36,2326.17,1187.0400390625
2020-09-01,2.291,1.56,0.63,1.33,2349.55,1184.9200439453125
2020-09-02,2.261,1.515,0.63,1.31,2364.37,1188.6500244140625
2020-09-03,2.261,1.523,0.63,1.3,2395.9,1190.780029296875
2020-09-04,2.268,1.544,0.63,1.29,2368.25,1190.780029296875
2020-09-07,2.287,1.581,0.63,1.28,2384.22,1186.81005859375
2020-09-08,2.269,1.548,0.63,1.27,2401.91,1189.239990234375
2020-09-09,2.244,1.517,0.63,1.26,2375.81,1184.3800048828125
2020-09-10,2.243,1.523,0.63,1.25,2396.48,1187.22998046875
2020-09-11,2.251,1.539,0.63,1.24,2396.69,1187.22998046875
2020-09-14,2.247,1.525,0.63,1.23,2427.91,1180.8399658203125
2020-09-15,2.238,1.514,0.63,1.22,2443.58,1179.25
2020-09-16,2.233,1.522,0.63,1.2,2435.92,1172.0699462890625
2020-09-17,2.236,1.519,0.63,1.18,2406.17,1168.6500244140625
2020-09-18,2.232,1.514,0.63,1.16,2412.4,1168.6500244140625
2020-09-21,2.232,1.506,0.63,1.15,2389.39,1163.8499755859375
2020-09-22,2.228,1.495,0.63,1.14,2332.59,1162.5
2020-09-23,2.217,1.479,0.63,1.13,2333.24,1169.72998046875
2020-09-24,2.2,1.445,0.63,1.12,2272.7,1168.5
2020-09-25,2.2,1.444,0.63,1.11,2278.79,1168.5
2020-09-28,2.192,1.435,0.63,1.11,2308.08,1166.4100341796875
2020-09-29,2.193,1.436,0.63,1.11,2327.89,1167.8599853515625
2020-10-05,2.221,1.47,0.63,1.11,2358.0,1156.0899658203125
2020-10-06,2.242,1.495,0.63,1.11,2365.9,1163.8900146484375
2020-10-07,2.244,1.5,0.63,1.11,2386.94,1156.5
2020-10-08,2.241,1.495,0.63,1.11,2391.96,1150.3599853515625
2020-10-12,2.251,1.516,0.63,1.11,2403.73,1146.4000244140625
2020-10-13,2.248,1.512,0.63,1.11,2403.15,1147.8900146484375
2020-10-14,2.237,1.489,0.63,1.11,2380.48,1146.31005859375
2020-10-15,2.22,1.464,0.63,1.11,2361.21,1144.1300048828125
2020-10-16,2.23,1.484,0.63,1.11,2341.53,1144.1300048828125
2020-10-19,2.229,1.483,0.63,1.11,2346.74,1137.0
2020-10-20,2.241,1.502,0.63,1.11,2358.41,1136.0
2020-10-21,2.259,1.517,0.63,1.11,2370.86,1132.030029296875
2020-10-22,2.246,1.5,0.63,1.11,2355.05,1134.1500244140625
2020-10-23,2.235,1.49,0.63,1.11,2360.81,1134.1500244140625
2020-10-26,2.231,1.489,0.63,1.11,2343.91,1127.760009765625
2020-10-27,2.239,1.497,0.63,1.11,2330.84,1131.6400146484375
2020-10-28,2.232,1.486,0.63,1.11,2345.26,1128.22998046875
2020-10-29,2.24,1.496,0.63,1.11,2326.67,1134.1800537109375
2020-10-30,2.247,1.509,0.63,1.11,2267.15,1129.52001953125
2020-11-02,2.273,1.542,0.63,1.11,2300.16,1135.6099853515625
2020-11-03,2.276,1.55,0.67,1.11,2343.31,1132.1400146484375
2020-11-04,2.257,1.521,0.67,1.11,2357.32,1130.3299560546875
2020-11-05,2.237,1.492,0.66,1.11,2413.79,1129.739990234375
2020-11-06,2.249,1.514,0.66,1.11,2416.5,1122.6300048828125
2020-11-09,2.254,1.519,0.66,1.11,2447.2,1121.1500244140625
2020-11-10,2.269,1.542,0.66,1.11,2452.83,1118.68994140625
2020-11-11,2.274,1.541,0.66,1.11,2485.87,1116.0799560546875
2020-11-12,2.256,1.517,0.66,1.11,2475.62,1111.449951171875
2020-11-13,2.253,1.504,0.66,1.11,2493.87,1114.9100341796875
2020-11-16,2.254,1.506,0.66,1.11,2543.03,1107.760009765625
2020-11-17,2.25,1.491,0.66,1.11,2539.15,1106.0899658203125
2020-11-18,2.239,1.467,0.66,1.1,2545.64,1104.949951171875
2020-11-19,2.237,1.472,0.66,1.09,2547.42,1105.9000244140625
2020-11-20,2.234,1.477,0.66,1.09,2553.5,1114.1400146484375
2020-11-23,2.219,1.457,0.66,1.09,2602.59,1113.8299560546875
2020-11-24,2.224,1.457,0.66,1.09,2617.76,1113.0799560546875
2020-11-25,2.233,1.466,0.66,1.09,2601.54,1109.7099609375
2020-11-26,2.24,1.478,0.66,1.09,2625.91,1104.489990234375
2020-11-27,2.232,1.468,0.66,1.09,2633.45,1105.56005859375
2020-11-30,2.235,1.471,0.66,1.09,2591.34,1104.3299560546875
2020-12-01,2.232,1.461,0.66,1.09,2634.25,1108.510009765625
2020-12-02,2.233,1.465,0.66,1.09,2675.9,1106.280029296875
2020-12-03,2.226,1.443,0.66,1.09,2696.22,1099.3800048828125
2020-12-04,2.22,1.442,0.66,1.09,2731.45,1091.3199462890625
2020-12-07,2.215,1.431,0.66,1.09,2745.44,1083.780029296875
2020-12-08,2.211,1.427,0.66,1.09,2700.93,1083.6800537109375
2020-12-09,2.214,1.422,0.66,1.09,2755.47,1084.8599853515625
2020-12-10,2.212,1.421,0.66,1.09,2746.46,1086.3599853515625
2020-12-11,2.215,1.425,0.66,1.09,2770.06,1086.3699951171875
2020-12-14,2.216,1.431,0.66,1.09,2762.2,1091.5799560546875
2020-12-15,2.215,1.428,0.66,1.09,2756.82,1092.06005859375
2020-12-16,2.221,1.429,0.66,1.09,2771.79,1088.2099609375
2020-12-17,2.229,1.433,0.66,1.09,2770.43,1091.6500244140625
2020-12-18,2.208,1.404,0.66,1.09,2772.18,1092.1600341796875
2020-12-21,2.201,1.395,0.66,1.09,2778.65,1098.97998046875
2020-12-22,2.19,1.374,0.66,1.09,2733.68,1101.8599853515625
2020-12-23,2.179,1.359,0.66,1.09,2759.82,1107.97998046875
2020-12-24,2.196,1.384,0.66,1.09,2806.86,1104.800048828125
2020-12-28,2.196,1.384,0.66,1.09,2808.6,1099.0899658203125
2020-12-29,2.202,1.404,0.66,1.09,2820.51,1095.0
2020-12-30,2.208,1.394,0.66,1.09,2873.47,1092.6199951171875
2020-12-31,2.208,1.394,0.66,1.09,2873.47,1086.4200439453125
2021-01-04,2.192,1.375,0.66,1.09,2944.45,1084.72998046875
2021-01-05,2.173,1.354,0.66,1.07,2990.57,1086.6199951171875
2021-01-06,2.176,1.373,0.66,1.06,2968.21,1086.449951171875
2021-01-07,2.177,1.375,0.66,1.05,3031.68,1086.949951171875
2021-01-08,2.178,1.377,0.66,1.04,3152.18,1093.0699462890625
2021-01-11,2.161,1.361,0.66,1.03,3148.45,1092.8199462890625
2021-01-12,2.161,1.367,0.66,1.02,3125.95,1096.449951171875
2021-01-13,2.158,1.355,0.67,1.02,3148.29,1093.5400390625
2021-01-14,2.155,1.365,0.67,1.02,3149.93,1097.1099853515625
2021-01-15,2.144,1.345,0.67,1.02,3085.9,1094.9000244140625
2021-01-18,2.137,1.341,0.69,1.02,3013.93,1102.9599609375
2021-01-19,2.132,1.342,0.69,1.02,3092.66,1103.0999755859375
2021-01-20,2.129,1.332,0.69,1.02,3114.55,1100.989990234375
2021-01-21,2.122,1.321,0.69,1.02,3160.84,1096.25
2021-01-22,2.124,1.333,0.69,1.02,3140.63,1099.9000244140625
2021-01-25,2.124,1.348,0.69,1.02,3208.99,1104.6400146484375
2021-01-26,2.122,1.341,0.69,1.02,3140.31,1101.72998046875
2021-01-27,2.103,1.322,0.7,1.02,3122.56,1101.0
2021-01-28,2.097,1.308,0.7,1.02,3069.05,1107.5
2021-01-29,2.092,1.299,0.7,1.01,2976.21,1112.2900390625
2021-02-01,2.09,1.313,0.7,1.01,3056.53,1117.4300537109375
2021-02-02,2.069,1.304,0.73,1.01,3096.81,1116.8800048828125
2021-02-03,2.064,1.299,0.73,1.0,3129.68,1113.6099853515625
2021-02-04,2.065,1.302,0.73,1.0,3087.55,1113.1500244140625
2021-02-05,2.061,1.305,0.73,1.0,3120.63,1119.1300048828125
2021-02-08,2.07,1.318,0.73,1.0,3091.24,1116.8499755859375
2021-02-09,2.054,1.311,0.73,1.0,3084.67,1116.3299560546875
2021-02-10,2.055,1.312,0.73,1.0,3100.58,1110.0
2021-02-15,2.056,1.314,0.73,1.0,3147.0,1103.3699951171875
2021-02-16,2.041,1.301,0.74,1.0,3163.25,1102.239990234375
2021-02-17,2.043,1.301,0.74,1.0,3133.73,1106.4599609375
2021-02-18,2.039,1.3,0.74,1.0,3086.66,1104.550048828125
2021-02-19,2.043,1.313,0.74,1.0,3107.62,1106.219970703125
2021-02-22,2.059,1.338,0.74,1.0,3079.75,1103.93994140625
2021-02-23,2.054,1.333,0.74,1.0,3070.09,1110.6700439453125
2021-02-24,2.032,1.317,0.74,1.0,2994.98,1109.31005859375
2021-02-25,2.035,1.316,0.74,1.0,3099.69,1107.2099609375
2021-02-26,2.054,1.341,0.74,1.0,3012.95,1119.1300048828125
2021-03-02,2.054,1.342,0.74,1.0,3043.87,1101.8299560546875
2021-03-03,2.051,1.337,0.74,1.0,3082.99,1124.3299560546875
2021-03-04,2.058,1.354,0.74,1.0,3043.49,1129.5
2021-03-05,2.08,1.385,0.74,1.0,3026.26,1133.3499755859375
2021-03-08,2.117,1.466,0.74,1.0,2996.11,1127.489990234375
2021-03-09,2.159,1.536,0.75,1.0,2976.12,1140.22998046875
2021-03-10,2.134,1.509,0.75,1.0,2958.12,1134.9100341796875
2021-03-11,2.123,1.512,0.75,1.0,3013.7,1136.010009765625
2021-03-12,2.149,1.575,0.75,1.0,3054.39,1129.6400146484375
2021-03-15,2.153,1.567,0.75,1.0,3045.71,1134.5
2021-03-16,2.114,1.537,0.75,1.0,3067.17,1131.3900146484375
2021-03-17,2.115,1.55,0.75,1.0,3047.5,1129.8399658203125
2021-03-18,2.083,1.522,0.75,1.0,3066.01,1121.1300048828125
2021-03-19,2.092,1.532,0.75,1.0,3039.53,1126.1099853515625
2021-03-22,2.079,1.522,0.75,1.0,3035.46,1127.47998046875
2021-03-23,2.076,1.54,0.75,1.0,3004.74,1125.1199951171875
2021-03-24,2.059,1.516,0.75,1.0,2996.35,1133.199951171875
2021-03-25,2.045,1.491,0.75,1.0,3008.33,1134.47998046875
2021-03-26,2.059,1.52,0.75,1.0,3041.01,1134.2099609375
2021-03-29,2.059,1.507,0.75,1.0,3036.04,1131.6500244140625
2021-03-30,2.078,1.539,0.75,1.0,3070.0,1132.3199462890625
2021-03-31,2.06,1.513,0.75,1.0,3061.42,1127.199951171875
2021-04-01,2.063,1.513,0.75,1.0,3087.4,1128.06005859375
2021-04-02,2.067,1.519,0.75,1.0,3112.8,1128.06005859375
2021-04-05,2.095,1.567,0.75,1.0,3120.83,1124.1099853515625
2021-04-06,2.078,1.547,0.75,1.0,3127.08,1117.5
2021-04-07,2.073,1.542,0.75,1.0,3137.41,1117.8599853515625
2021-04-08,2.051,1.525,0.75,1.0,3143.26,1115.8399658203125
2021-04-09,2.056,1.529,0.75,1.0,3131.88,1115.8399658203125
2021-04-12,2.031,1.496,0.75,1.0,3135.59,1124.449951171875
2021-04-13,2.029,1.495,0.73,1.0,3169.08,1120.68994140625
2021-04-14,2.003,1.466,0.73,0.99,3182.38,1116.1099853515625
2021-04-15,2.027,1.505,0.73,0.98,3194.33,1115.6700439453125
2021-04-16,2.029,1.512,0.73,0.97,3198.62,1115.6700439453125
2021-04-19,1.914,1.497,0.73,0.97,3198.84,1114.469970703125
2021-04-20,1.918,1.499,0.73,0.97,3220.7,1116.1099853515625
2021-04-21,1.899,1.481,0.73,0.97,3171.66,1115.6600341796875
2021-04-22,1.896,1.485,0.73,0.97,3177.52,1118.5899658203125
2021-04-23,1.907,1.49,0.73,0.97,3186.1,1118.5899658203125
2021-04-26,1.903,1.489,0.73,0.97,3217.53,1109.22998046875
2021-04-27,1.885,1.474,0.73,0.97,3215.42,1112.1500244140625
2021-04-28,1.89,1.488,0.73,0.97,3181.47,1108.6600341796875
2021-04-29,1.9,1.499,0.73,0.97,3174.07,1106.6300048828125
2021-04-30,1.914,1.513,0.73,0.97,3147.86,1106.6300048828125
2021-05-03,1.917,1.524,0.73,0.97,3127.2,1120.4000244140625
2021-05-04,1.92,1.534,0.73,0.97,3147.37,1124.9100341796875
2021-05-06,1.9,1.516,0.73,0.97,3178.74,1119.3900146484375
2021-05-07,1.9,1.515,0.72,0.97,3197.2,1119.3900146484375
2021-05-10,1.899,1.519,0.71,0.97,3249.3,1115.5400390625
2021-05-11,1.892,1.506,0.69,0.97,3209.43,1118.22998046875
2021-05-12,1.888,1.51,0.69,0.97,3161.66,1131.5999755859375
2021-05-13,1.888,1.513,0.67,0.97,3122.11,1125.699951171875
2021-05-14,1.882,1.507,0.67,0.97,3153.32,1125.699951171875
2021-05-17,1.872,1.498,0.67,0.97,3134.52,1135.510009765625
2021-05-18,1.865,1.492,0.67,0.97,3173.05,1127.1400146484375
2021-05-20,1.869,1.499,0.66,0.97,3162.28,1127.050048828125
2021-05-21,1.861,1.492,0.66,0.97,3156.42,1127.050048828125
2021-05-24,1.876,1.516,0.66,0.97,3144.3,1122.18994140625
2021-05-25,1.89,1.541,0.66,0.97,3171.32,1121.3800048828125
2021-05-26,1.902,1.56,0.66,0.97,3168.43,1115.52001953125
2021-05-27,1.867,1.515,0.66,0.97,3165.51,1117.300048828125
2021-05-28,1.899,1.561,0.66,0.97,3188.73,1117.300048828125
2021-05-31,1.945,1.623,0.66,0.97,3203.92,1106.97998046875
2021-06-01,1.929,1.609,0.66,0.97,3221.87,1107.2099609375
2021-06-02,1.924,1.599,0.66,0.97,3224.23,1109.8800048828125
2021-06-03,1.911,1.595,0.66,0.97,3247.43,1115.43994140625
2021-06-04,1.931,1.621,0.66,0.97,3240.08,1115.43994140625
2021-06-07,1.911,1.607,0.66,0.97,3252.12,1109.3199462890625
2021-06-08,1.891,1.583,0.66,0.97,3247.83,1116.8900146484375
2021-06-09,1.866,1.562,0.66,0.97,3216.18,1116.4100341796875
2021-06-10,1.88,1.604,0.66,0.97,3224.64,1111.260009765625
2021-06-11,1.872,1.582,0.66,0.97,3249.32,1111.260009765625
2021-06-14,1.881,1.621,0.66,0.97,3252.13,1116.3199462890625
2021-06-15,1.896,1.651,0.66,0.97,3258.63,1116.030029296875
2021-06-16,1.879,1.634,0.66,0.97,3278.68,1131.949951171875
2021-06-17,1.9,1.679,0.66,0.97,3264.96,1133.5400390625
2021-06-18,1.888,1.661,0.66,0.97,3267.93,1133.5400390625
2021-06-21,1.906,1.705,0.66,0.97,3240.79,1130.3399658203125
2021-06-22,1.889,1.68,0.66,0.97,3263.88,1132.510009765625
2021-06-23,1.893,1.686,0.66,0.97,3276.19,1132.6099853515625
2021-06-24,1.929,1.737,0.67,0.97,3286.1,1130.800048828125
2021-06-25,1.969,1.798,0.67,0.97,3302.84,1130.800048828125
2021-06-28,1.993,1.831,0.67,0.97,3301.89,1129.0400390625
2021-06-29,1.977,1.817,0.68,0.97,3286.68,1130.510009765625
2021-06-30,1.966,1.811,0.68,0.97,3296.68,1129.5999755859375
2021-07-01,1.975,1.834,0.69,0.97,3282.06,1132.4100341796875
2021-07-02,1.984,1.844,0.69,0.97,3281.78,1132.4100341796875
2021-07-05,1.962,1.821,0.69,0.97,3293.21,1129.43994140625
2021-07-06,1.964,1.824,0.69,0.97,3305.21,1135.47998046875
2021-07-07,1.915,1.78,0.69,0.97,3285.34,1140.52001953125
2021-07-08,1.865,1.727,0.69,0.97,3252.68,1146.280029296875
2021-07-09,1.874,1.743,0.68,0.97,3217.95,1146.280029296875
2021-07-12,1.877,1.762,0.68,0.97,3246.47,1141.0999755859375
2021-07-13,1.896,1.796,0.69,0.97,3271.38,1148.699951171875
2021-07-14,1.869,1.764,0.69,0.97,3264.81,1143.4100341796875
2021-07-15,1.938,1.863,0.69,0.97,3286.22,1140.1199951171875
2021-07-16,1.908,1.85,0.7,0.97,3276.91,1140.1199951171875
2021-07-19,1.908,1.842,0.7,0.97,3244.04,1150.0699462890625
2021-07-20,1.864,1.814,0.7,0.97,3232.7,1147.47998046875
2021-07-21,1.835,1.783,0.7,0.97,3215.91,1148.68994140625
2021-07-22,1.843,1.798,0.7,0.97,3250.21,1149.9100341796875
2021-07-23,1.841,1.797,0.7,0.97,3254.42,1149.9100341796875
2021-07-26,1.821,1.775,0.7,0.97,3224.95,1151.760009765625
2021-07-27,1.83,1.795,0.7,0.97,3232.53,1153.56005859375
2021-07-28,1.853,1.832,0.7,0.97,3236.86,1149.4100341796875
2021-07-29,1.862,1.851,0.7,0.97,3242.65,1142.1199951171875
2021-07-30,1.847,1.831,0.7,0.97,3202.32,1142.1199951171875
2021-08-02,1.858,1.855,0.7,0.97,3223.04,1149.56005859375
2021-08-03,1.863,1.861,0.7,0.97,3237.14,1148.5799560546875
2021-08-04,1.841,1.831,0.7,0.97,3280.38,1144.06005859375
2021-08-05,1.836,1.828,0.7,0.97,3276.13,1143.1199951171875
2021-08-06,1.855,1.857,0.7,0.97,3270.36,1143.1199951171875
2021-08-09,1.859,1.852,0.7,0.97,3260.42,1145.8900146484375
2021-08-10,1.855,1.849,0.71,0.97,3243.19,1152.47998046875
2021-08-11,1.845,1.838,0.71,0.97,3220.62,1152.8499755859375
2021-08-12,1.84,1.833,0.72,0.97,3208.38,1162.06005859375
2021-08-13,1.834,1.827,0.73,0.97,3171.29,1162.06005859375
2021-08-17,1.83,1.823,0.74,0.97,3143.09,1176.449951171875
2021-08-18,1.817,1.818,0.75,0.97,3158.93,1169.6800537109375
2021-08-19,1.79,1.79,0.76,0.97,3097.83,1175.3900146484375
2021-08-20,1.794,1.79,0.76,0.97,3060.51,1175.3900146484375
2021-08-23,1.82,1.827,0.77,0.97,3090.21,1167.6099853515625
2021-08-24,1.862,1.867,0.77,0.97,3138.3,1163.469970703125
2021-08-25,1.863,1.854,0.77,0.97,3146.81,1163.3299560546875
2021-08-26,1.836,1.825,0.92,1.12,3128.53,1170.0
2021-08-27,1.842,1.834,0.92,1.12,3133.9,1170.0
2021-08-30,1.832,1.825,0.92,1.12,3144.19,1165.510009765625
2021-08-31,1.829,1.823,0.92,1.12,3199.27,1158.4100341796875
2021-09-01,1.848,1.839,0.92,1.12,3207.02,1155.280029296875
2021-09-02,1.855,1.846,0.92,1.12,3175.85,1157.1300048828125
2021-09-03,1.865,1.861,0.92,1.12,3201.06,1157.1300048828125
2021-09-06,1.881,1.881,0.92,1.12,3203.33,1155.5400390625
2021-09-07,1.888,1.891,0.92,1.12,3187.42,1161.0
2021-09-08,1.908,1.91,0.92,1.12,3162.99,1166.489990234375
2021-09-09,1.921,1.934,0.93,1.12,3114.7,1169.1300048828125
2021-09-10,1.936,1.934,0.96,1.12,3125.76,1169.1300048828125
2021-09-13,1.962,1.969,1.0,1.13,3127.86,1171.1099853515625
2021-09-14,1.975,1.979,1.0,1.14,3148.83,1170.800048828125
2021-09-15,1.942,1.938,1.01,1.15,3153.4,1165.219970703125
2021-09-16,1.958,1.954,1.01,1.16,3130.09,1174.4200439453125
2021-09-17,1.978,1.975,1.01,1.17,3140.51,1174.4200439453125
2021-09-23,1.996,2.013,1.02,1.18,3127.58,1174.699951171875
2021-09-24,2.017,2.026,1.02,1.18,3125.24,1174.699951171875
2021-09-27,2.015,2.011,1.03,1.18,3133.64,1176.9599609375
2021-09-28,2.061,2.071,1.04,1.18,3097.92,1186.8900146484375
2021-09-29,2.057,2.041,1.04,1.18,3060.27,1187.4300537109375
2021-09-30,2.049,2.042,1.04,1.18,3068.82,1183.719970703125
2021-10-01,2.087,2.082,1.04,1.18,3019.18,1183.719970703125
2021-10-05,2.101,2.097,1.04,1.18,2962.17,1187.1700439453125
2021-10-06,2.171,2.172,1.05,1.18,2908.31,1191.3800048828125
2021-10-07,2.158,2.144,1.05,1.18,2959.46,1191.1500244140625
2021-10-08,2.156,2.146,1.05,1.18,2956.3,1191.1500244140625
2021-10-12,2.262,2.253,1.06,1.18,2916.38,1196.8900146484375
2021-10-13,2.27,2.273,1.07,1.18,2944.41,1186.7099609375
2021-10-14,2.261,2.265,1.07,1.18,2988.64,1182.1300048828125
2021-10-15,2.249,2.253,1.07,1.19,3015.06,1182.1300048828125
2021-10-18,2.333,2.341,1.08,1.19,3006.68,1185.6800537109375
2021-10-19,2.325,2.318,1.09,1.19,3029.04,1175.6500244140625
2021-10-20,2.318,2.316,1.09,1.2,3013.13,1174.5899658203125
2021-10-21,2.31,2.319,1.09,1.21,3007.33,1176.550048828125
2021-10-22,2.362,2.377,1.09,1.22,3006.16,1176.550048828125
2021-10-25,2.387,2.409,1.09,1.23,3020.54,1167.06005859375
2021-10-26,2.423,2.422,1.09,1.23,3049.08,1167.3299560546875
2021-10-27,2.506,2.547,1.1,1.24,3025.49,1172.1700439453125
2021-10-28,2.487,2.517,1.1,1.24,3009.55,1167.3699951171875
2021-10-29,2.573,2.589,1.12,1.24,2970.68,1167.3699951171875
2021-11-01,2.58,2.601,1.12,1.24,2978.94,1174.3800048828125
2021-11-02,2.542,2.533,1.12,1.25,3013.49,1176.5699462890625
2021-11-03,2.539,2.547,1.12,1.25,2975.71,1178.0400390625
2021-11-04,2.544,2.538,1.13,1.26,2983.22,1179.3399658203125
2021-11-05,2.468,2.493,1.13,1.27,2969.27,1185.8299560546875
2021-11-08,2.438,2.442,1.14,1.28,2960.2,1180.5
2021-11-09,2.403,2.405,1.14,1.3,2962.46,1199.8599853515625
2021-11-10,2.417,2.427,1.15,1.31,2930.17,1177.5
2021-11-11,2.453,2.458,1.15,1.32,2924.92,1184.1400146484375
2021-11-12,2.499,2.502,1.15,1.33,2968.8,1183.1099853515625
2021-11-15,2.457,2.459,1.15,1.33,2999.52,1179.1099853515625
2021-11-16,2.505,2.504,1.15,1.33,2997.21,1183.510009765625
2021-11-17,2.517,2.515,1.15,1.33,2962.42,1184.050048828125
2021-11-18,2.501,2.497,1.15,1.33,2947.38,1181.22998046875
2021-11-19,2.513,2.524,1.17,1.33,2971.02,1182.9000244140625
2021-11-22,2.563,2.577,1.18,1.33,3013.25,1191.6300048828125
2021-11-23,2.582,2.573,1.19,1.33,2997.33,1189.5
2021-11-24,2.569,2.557,1.2,1.33,2994.29,1189.949951171875
2021-11-25,2.499,2.497,1.25,1.48,2980.27,1187.8800048828125
2021-11-26,2.433,2.441,1.25,1.49,2936.44,1190.219970703125
2021-11-29,2.418,2.416,1.25,1.49,2909.32,1194.6099853515625
2021-11-30,2.373,2.36,1.26,1.49,2839.01,1190.739990234375
2021-12-01,2.385,2.386,1.26,1.49,2899.72,1182.8599853515625
2021-12-02,2.406,2.417,1.26,1.49,2945.27,1177.1099853515625
2021-12-03,2.464,2.469,1.27,1.5,2968.33,1176.77001953125
2021-12-06,2.436,2.443,1.27,1.5,2973.25,1183.1400146484375
2021-12-07,2.446,2.446,1.27,1.5,2991.72,1180.56005859375
2021-12-08,2.409,2.406,1.27,1.5,3001.8,1176.8399658203125
2021-12-09,2.385,2.384,1.27,1.51,3029.57,1172.56005859375
2021-12-10,2.399,2.418,1.27,1.52,3010.23,1177.3299560546875
2021-12-13,2.402,2.402,1.27,1.53,3001.66,1178.969970703125
2021-12-14,2.402,2.413,1.27,1.54,2987.95,1185.0999755859375
2021-12-15,2.43,2.429,1.27,1.55,2989.39,1184.22998046875
2021-12-16,2.398,2.389,1.27,1.55,3006.41,1184.4000244140625
2021-12-17,2.398,2.388,1.27,1.55,3017.73,1186.1500244140625
2021-12-20,2.372,2.362,1.27,1.55,2963.0,1186.3900146484375
2021-12-21,2.355,2.354,1.27,1.55,2975.03,1190.1199951171875
2021-12-22,2.392,2.386,1.27,1.56,2984.48,1191.27001953125
2021-12-23,2.441,2.435,1.27,1.56,2998.17,1187.77001953125
2021-12-24,2.438,2.422,1.27,1.56,3012.43,1185.5
2021-12-27,2.411,2.404,1.28,1.56,2999.55,1185.9200439453125
2021-12-28,2.417,2.411,1.28,1.56,3020.24,1185.6500244140625
2021-12-29,2.409,2.396,1.28,1.56,2993.29,1187.8499755859375
2021-12-30,2.417,2.41,1.29,1.56,2977.65,1183.6700439453125
2021-12-31,2.415,2.41,1.29,1.56,2977.65,1189.8900146484375
2022-01-03,2.46,2.46,1.3,1.56,2988.77,1187.780029296875
2022-01-04,2.474,2.479,1.3,1.56,2989.24,1194.6800537109375
2022-01-05,2.506,2.497,1.3,1.56,2953.97,1196.5
2022-01-06,2.59,2.595,1.3,1.56,2920.53,1199.25
2022-01-07,2.593,2.595,1.3,1.56,2954.89,1205.780029296875
2022-01-10,2.624,2.614,1.3,1.56,2926.72,1196.8800048828125
2022-01-11,2.611,2.592,1.3,1.56,2927.38,1198.0899658203125
2022-01-12,2.576,2.549,1.31,1.56,2972.48,1189.4300537109375
2022-01-13,2.537,2.52,1.35,1.56,2962.09,1185.8800048828125
2022-01-14,2.6,2.605,1.43,1.63,2921.92,1186.6099853515625
2022-01-17,2.699,2.7,1.44,1.64,2890.1,1188.9599609375
2022-01-18,2.685,2.665,1.45,1.64,2864.24,1190.06005859375
2022-01-19,2.645,2.626,1.46,1.64,2842.28,1192.97998046875
2022-01-20,2.684,2.672,1.46,1.64,2862.68,1188.1600341796875
2022-01-21,2.693,2.694,1.46,1.64,2834.29,1192.4300537109375
2022-01-24,2.675,2.68,1.46,1.64,2792.0,1191.5
2022-01-25,2.725,2.736,1.48,1.64,2720.39,1195.6600341796875
2022-01-26,2.713,2.724,1.49,1.64,2709.24,1196.0999755859375
2022-01-27,2.781,2.78,1.5,1.64,2614.49,1200.6300048828125
2022-01-28,2.765,2.762,1.5,1.64,2663.34,1203.4599609375
2022-02-03,2.733,2.73,1.5,1.64,2707.82,1199.9599609375
2022-02-04,2.771,2.76,1.5,1.64,2750.26,1200.3299560546875
2022-02-07,2.815,2.818,1.5,1.64,2745.06,1197.0899658203125
2022-02-08,2.867,2.881,1.5,1.64,2746.47,1196.8499755859375
2022-02-09,2.857,2.857,1.5,1.64,2768.85,1196.3599853515625
2022-02-10,2.85,2.85,1.5,1.64,2771.93,1194.030029296875
2022-02-11,2.921,2.933,1.5,1.64,2747.71,1199.3499755859375
2022-02-14,2.926,2.946,1.5,1.64,2704.48,1199.239990234375
2022-02-15,2.928,2.939,1.5,1.64,2676.54,1197.3599853515625
2022-02-16,2.913,2.911,1.5,1.64,2729.68,1196.8299560546875
2022-02-17,2.895,2.885,1.5,1.64,2744.09,1196.75
2022-02-18,2.916,2.912,1.5,1.64,2744.52,1198.6600341796875
2022-02-21,2.949,2.952,1.5,1.64,2743.8,1195.0699462890625
2022-02-22,2.916,2.921,1.5,1.64,2706.79,1194.6800537109375
2022-02-23,2.913,2.914,1.5,1.64,2719.53,1192.6800537109375
2022-02-24,2.83,2.842,1.5,1.64,2648.8,1192.4000244140625
2022-02-25,2.854,2.871,1.5,1.64,2676.76,1206.0
2022-02-28,2.855,2.877,1.5,1.64,2699.18,1197.5899658203125
2022-03-02,2.813,2.816,1.5,1.64,2703.52,1205.3699951171875
2022-03-03,2.835,2.858,1.5,1.64,2747.08,1203.1500244140625
2022-03-04,2.848,2.848,1.5,1.64,2713.43,1205.989990234375
2022-03-07,2.922,2.928,1.5,1.64,2651.31,1216.7099609375
2022-03-08,2.931,2.933,1.5,1.64,2622.4,1232.300048828125
2022-03-10,2.933,2.928,1.5,1.64,2680.32,1223.22998046875
2022-03-11,2.92,2.91,1.5,1.64,2661.28,1228.5999755859375
2022-03-14,2.947,2.945,1.5,1.64,2645.65,1236.8900146484375
2022-03-15,2.965,2.946,1.5,1.64,2621.53,1242.050048828125
2022-03-16,2.948,2.932,1.5,1.64,2659.23,1241.6800537109375
2022-03-17,2.902,2.886,1.5,1.64,2694.51,1223.0
2022-03-18,2.911,2.897,1.5,1.64,2707.02,1210.3299560546875
2022-03-21,2.944,2.94,1.5,1.64,2686.05,1210.3699951171875
2022-03-22,3.045,3.063,1.5,1.64,2710.0,1219.780029296875
2022-03-23,3.073,3.088,1.5,1.64,2735.05,1214.949951171875
2022-03-24,3.104,3.132,1.51,1.64,2729.66,1218.010009765625
2022-03-25,3.163,3.183,1.51,1.64,2729.98,1217.550048828125
2022-03-28,3.394,3.441,1.51,1.65,2729.56,1223.6600341796875
2022-03-29,3.361,3.361,1.51,1.65,2741.07,1209.1300048828125
2022-03-30,3.291,3.292,1.51,1.66,2746.74,1210.43994140625
2022-03-31,3.34,3.334,1.51,1.66,2757.65,1214.5
2022-04-01,3.458,3.442,1.51,1.67,2739.85,1214.5
2022-04-04,3.499,3.471,1.51,1.67,2757.9,1213.9000244140625
2022-04-05,3.542,3.537,1.51,1.67,2759.2,1218.75
2022-04-06,3.592,3.567,1.51,1.67,2735.03,1217.5999755859375
2022-04-07,3.562,3.537,1.51,1.67,2695.86,1222.6600341796875
2022-04-08,3.636,3.64,1.51,1.67,2700.39,1222.6600341796875
2022-04-11,3.813,3.859,1.51,1.67,2693.1,1235.050048828125
2022-04-12,3.774,3.758,1.51,1.67,2666.76,1228.5999755859375
2022-04-13,3.688,3.683,1.51,1.67,2716.49,1223.1199951171875
2022-04-14,3.583,3.573,1.72,1.84,2716.71,1230.0999755859375
2022-04-15,3.64,3.646,1.72,1.85,2696.06,1230.0999755859375
2022-04-18,3.689,3.694,1.72,1.86,2693.21,1235.3499755859375
2022-04-19,3.671,3.652,1.72,1.87,2718.89,1239.5999755859375
2022-04-20,3.662,3.651,1.72,1.88,2718.69,1234.0899658203125
2022-04-21,3.647,3.65,1.72,1.89,2728.21,1242.489990234375
2022-04-22,3.688,3.665,1.72,1.89,2704.71,1242.489990234375
2022-04-25,3.602,3.57,1.72,1.89,2657.13,1249.2099609375
2022-04-26,3.584,3.545,1.72,1.89,2668.31,1260.7099609375
2022-04-27,3.595,3.619,1.72,1.89,2639.06,1266.280029296875
2022-04-28,3.636,3.647,1.72,1.89,2667.49,1272.2900390625
2022-04-29,3.68,3.69,1.72,1.89,2695.05,1272.2900390625
2022-05-02,3.794,3.829,1.72,1.89,2687.45,1266.75
2022-05-03,3.855,3.87,1.72,1.89,2680.46,1261.06005859375
2022-05-04,3.887,3.903,1.72,1.89,2677.57,1251.5
2022-05-06,3.873,3.875,1.72,1.89,2644.51,1251.5
2022-05-09,3.8,3.806,1.72,1.89,2610.81,1274.8599853515625
2022-05-10,3.783,3.79,1.72,1.89,2596.56,1276.550048828125
2022-05-11,3.691,3.666,1.72,1.89,2592.27,1278.1500244140625
2022-05-12,3.657,3.662,1.72,1.9,2550.08,1290.75
2022-05-13,3.673,3.682,1.72,1.9,2604.24,1290.75
2022-05-16,3.781,3.794,1.72,1.91,2596.58,1279.8499755859375
2022-05-17,3.784,3.791,1.72,1.92,2620.44,1266.6600341796875
2022-05-18,3.832,3.817,1.72,1.92,2625.98,1275.5799560546875
2022-05-19,3.821,3.814,1.72,1.92,2592.34,1263.550048828125
2022-05-20,3.784,3.775,1.72,1.93,2639.29,1263.550048828125
2022-05-23,3.796,3.791,1.75,1.94,2647.38,1258.8199462890625
2022-05-24,3.742,3.728,1.75,1.94,2605.87,1260.989990234375
2022-05-25,3.72,3.717,1.75,1.94,2617.22,1266.5999755859375
2022-05-26,3.733,3.727,1.96,2.1,2612.45,1258.8900146484375
2022-05-27,3.728,3.724,1.96,2.12,2638.05,1258.8900146484375
2022-05-30,3.724,3.726,1.96,2.14,2669.66,1236.1700439453125
2022-05-31,3.807,3.805,1.96,2.15,2685.9,1241.739990234375
2022-06-02,3.897,3.894,1.96,2.17,2658.99,1240.8399658203125
2022-06-03,3.896,3.894,1.96,2.18,2670.65,1240.8399658203125
2022-06-07,4.001,4.004,1.96,2.19,2626.34,1254.5799560546875
2022-06-08,3.982,3.968,1.96,2.19,2626.15,1256.739990234375
2022-06-09,3.958,3.942,1.96,2.19,2625.44,1264.02001953125
2022-06-10,3.996,3.991,1.96,2.19,2595.87,1264.02001953125
2022-06-13,4.222,4.244,1.96,2.19,2504.51,1291.800048828125
2022-06-14,4.27,4.274,1.97,2.19,2492.97,1289.47998046875
2022-06-15,4.371,4.374,1.97,2.19,2447.38,1278.1600341796875
2022-06-16,4.437,4.448,1.99,2.19,2451.41,1288.1800537109375
2022-06-17,4.468,4.475,1.99,2.2,2440.93,1288.1800537109375
2022-06-20,4.414,4.405,1.99,2.23,2391.03,1292.3800048828125
2022-06-21,4.402,4.407,1.99,2.26,2408.93,1291.5999755859375
2022-06-22,4.275,4.288,2.0,2.28,2342.81,1297.6800537109375
2022-06-23,4.363,4.38,2.0,2.3,2314.32,1299.81005859375
2022-06-24,4.297,4.296,2.0,2.31,2366.6,1299.81005859375
2022-06-27,4.344,4.355,2.0,2.32,2401.92,1286.199951171875
2022-06-28,4.339,4.361,2.02,2.33,2422.09,1292.030029296875
2022-06-29,4.359,4.361,2.04,2.34,2377.99,1301.72998046875
2022-06-30,4.361,4.362,2.04,2.34,2332.64,1287.7099609375
2022-07-01,4.257,4.259,2.05,2.34,2305.42,1287.7099609375
2022-07-04,4.247,4.26,2.05,2.34,2300.34,1295.6800537109375
2022-07-05,4.128,4.161,2.05,2.35,2341.78,1308.6600341796875
2022-07-06,4.086,4.122,2.05,2.36,2292.01,1304.8499755859375
2022-07-07,4.113,4.148,2.05,2.36,2334.27,1297.6500244140625
2022-07-08,4.186,4.19,2.05,2.36,2350.61,1297.6500244140625
2022-07-11,4.198,4.197,2.12,2.37,2340.27,1310.8599853515625
2022-07-12,4.158,4.156,2.14,2.39,2317.76,1305.8299560546875
2022-07-13,4.094,4.098,2.57,2.78,2328.61,1304.8499755859375
2022-07-14,4.139,4.14,2.58,2.79,2322.32,1316.1800537109375
2022-07-15,4.091,4.091,2.58,2.8,2330.98,1316.1800537109375
2022-07-18,4.104,4.121,2.58,2.8,2375.25,1318.9100341796875
2022-07-19,4.092,4.091,2.58,2.8,2370.97,1305.5
2022-07-20,4.197,4.201,2.58,2.8,2386.85,1312.8699951171875
2022-07-21,4.202,4.212,2.58,2.8,2409.16,1306.8499755859375
2022-07-22,4.135,4.139,2.58,2.8,2393.14,1306.8499755859375
2022-07-25,4.082,4.089,2.59,2.8,2403.69,1310.4000244140625
2022-07-26,4.063,4.07,2.61,2.81,2412.96,1310.9000244140625
2022-07-27,4.033,4.042,2.68,2.83,2415.53,1305.949951171875
2022-07-28,4.082,4.086,2.74,2.85,2435.27,1295.1500244140625
2022-07-29,3.969,3.984,2.73,2.86,2451.5,1295.1500244140625
2022-08-01,4.043,4.063,2.73,2.86,2452.25,1306.75
2022-08-02,3.983,3.995,2.73,2.86,2439.62,1314.6300048828125
2022-08-03,4.045,4.054,2.73,2.86,2461.45,1307.3800048828125
2022-08-04,4.091,4.102,2.74,2.86,2473.11,1302.0799560546875
2022-08-05,4.056,4.059,2.74,2.86,2490.8,1302.0799560546875
2022-08-08,4.113,4.11,2.75,2.86,2493.1,1299.030029296875
2022-08-09,4.119,4.113,2.75,2.86,2503.46,1307.56005859375
2022-08-10,4.133,4.137,2.76,2.86,2480.88,1296.699951171875
2022-08-11,4.111,4.109,2.76,2.86,2523.78,1306.8299560546875
2022-08-12,4.159,4.164,2.76,2.86,2527.94,1306.8299560546875
2022-08-16,4.057,4.061,2.76,2.86,2533.52,1311.0
2022-08-17,4.076,4.081,2.76,2.86,2516.47,1314.8299560546875
2022-08-18,4.114,4.125,2.76,2.86,2508.05,1326.9100341796875
2022-08-19,4.186,4.187,2.76,2.86,2492.69,1326.9100341796875
2022-08-22,4.235,4.224,2.76,2.86,2462.5,1343.3599853515625
2022-08-23,4.27,4.258,2.76,2.86,2435.34,1339.0799560546875
2022-08-24,4.298,4.297,2.76,2.86,2447.45,1340.0
2022-08-25,4.507,4.505,2.92,3.03,2477.26,1334.43994140625
2022-08-26,4.499,4.505,2.92,3.04,2481.03,1334.43994140625
2022-08-29,4.621,4.637,2.92,3.07,2426.89,1345.72998046875
2022-08-30,4.618,4.624,2.92,3.08,2450.93,1350.18994140625
2022-08-31,4.658,4.656,2.92,3.09,2472.05,1342.260009765625
2022-09-01,4.747,4.766,2.92,3.1,2415.61,1355.0999755859375
2022-09-02,4.655,4.665,2.93,3.1,2409.41,1355.0999755859375
2022-09-05,4.596,4.6,2.93,3.1,2403.68,1361.81005859375
2022-09-06,4.662,4.665,2.93,3.1,2410.02,1378.1099853515625
2022-09-07,4.668,4.673,2.93,3.1,2376.46,1374.31005859375
2022-09-08,4.541,4.537,2.93,3.1,2384.28,1383.0
2022-09-13,4.525,4.513,2.93,3.11,2449.54,1393.469970703125
2022-09-14,4.579,4.572,2.94,3.12,2411.42,1391.1800537109375
2022-09-15,4.759,4.755,2.96,3.13,2401.83,1398.6300048828125
2022-09-16,4.758,4.762,2.97,3.14,2382.78,1398.6300048828125
2022-09-19,4.751,4.757,2.99,3.15,2355.66,1390.1099853515625
2022-09-20,4.806,4.827,3.0,3.15,2367.85,1392.510009765625
2022-09-21,4.843,4.852,3.02,3.15,2347.21,1397.56005859375
2022-09-22,5.092,5.109,3.04,3.17,2332.31,1403.6600341796875
2022-09-23,5.189,5.204,3.07,3.22,2290.0,1403.6600341796875
2022-09-26,5.528,5.551,3.09,3.25,2220.94,1429.77001953125
2022-09-27,5.308,5.361,3.12,3.27,2223.86,1426.260009765625
2022-09-28,5.342,5.42,3.14,3.28,2169.29,1421.949951171875
2022-09-29,5.378,5.393,3.2,3.29,2170.93,1430.1700439453125
2022-09-30,5.28,5.28,3.24,3.3,2155.49,1430.1700439453125
2022-10-04,5.175,5.158,3.28,3.34,2209.38,1416.530029296875
2022-10-05,5.242,5.267,3.32,3.39,2215.22,1416.760009765625
2022-10-06,5.231,5.25,3.32,3.43,2237.86,1408.449951171875
2022-10-07,5.358,5.378,3.32,3.47,2232.84,1408.449951171875
2022-10-11,5.436,5.457,3.32,3.51,2192.07,1430.800048828125
2022-10-12,5.21,5.232,3.63,3.77,2202.47,1423.9000244140625
2022-10-13,5.31,5.346,3.66,3.8,2162.87,1430.300048828125
2022-10-14,5.32,5.352,3.66,3.82,2212.55,1430.300048828125
2022-10-17,5.373,5.413,3.7,3.9,2219.71,1430.1500244140625
2022-10-18,5.408,5.451,3.76,3.98,2249.95,1425.02001953125
2022-10-19,5.533,5.577,3.81,4.06,2237.44,1435.010009765625
2022-10-20,5.588,5.623,3.85,4.14,2218.09,1430.31005859375
2022-10-21,5.736,5.76,3.9,4.3,2213.12,1430.31005859375
2022-10-24,5.592,5.641,3.92,4.42,2236.16,1443.9599609375
2022-10-25,5.528,5.564,3.93,4.5,2235.07,1426.9300537109375
2022-10-26,5.553,5.59,3.94,4.56,2249.56,1412.68994140625
2022-10-27,5.62,5.651,3.94,4.6,2288.78,1420.6500244140625
2022-10-28,5.487,5.538,3.95,4.64,2268.4,1420.6500244140625
2022-10-31,5.58,5.605,3.96,4.68,2293.61,1421.6500244140625
2022-11-01,5.486,5.516,3.97,4.73,2335.22,1424.6700439453125
2022-11-02,5.533,5.552,3.97,4.8,2336.87,1416.5999755859375
2022-11-03,5.616,5.637,3.97,4.87,2329.17,1423.0999755859375
2022-11-04,5.591,5.621,3.97,4.94,2348.43,1423.6500244140625
2022-11-07,5.662,5.69,3.97,5.0,2371.79,1402.1099853515625
2022-11-08,5.642,5.672,3.97,5.04,2399.04,1392.699951171875
2022-11-09,5.594,5.621,3.97,5.08,2424.41,1374.1500244140625
2022-11-10,5.551,5.578,3.97,5.16,2402.23,1370.550048828125
2022-11-11,5.361,5.409,3.97,5.22,2483.16,1349.3699951171875
2022-11-14,5.42,5.446,3.97,5.25,2474.65,1313.030029296875
2022-11-15,5.346,5.365,3.97,5.29,2480.33,1324.0799560546875
2022-11-16,5.416,5.439,3.97,5.33,2477.45,1316.260009765625
2022-11-17,5.427,5.457,3.99,5.37,2442.9,1336.4300537109375
2022-11-18,5.429,5.455,3.99,5.4,2444.48,1342.75
2022-11-21,5.492,5.53,4.01,5.43,2419.5,1339.030029296875
2022-11-22,5.516,5.558,4.02,5.45,2405.27,1359.75
2022-11-23,5.536,5.551,4.02,5.47,2418.01,1352.68994140625
2022-11-24,5.402,5.432,4.03,5.56,2441.33,1336.81005859375
2022-11-25,5.376,5.393,4.03,5.58,2437.86,1317.8900146484375
2022-11-28,5.405,5.425,4.03,5.59,2408.27,1334.56005859375
2022-11-29,5.468,5.475,4.03,5.6,2433.39,1340.1199951171875
2022-11-30,5.445,5.48,4.03,5.61,2472.53,1325.3699951171875
2022-12-01,5.422,5.411,4.03,5.62,2479.84,1279.800048828125
2022-12-02,5.386,5.373,4.03,5.62,2434.33,1303.25
2022-12-05,5.37,5.355,4.03,5.62,2419.32,1299.1700439453125
2022-12-06,5.387,5.369,4.03,5.62,2393.16,1304.3699951171875
2022-12-07,5.411,5.41,4.03,5.62,2382.81,1319.7099609375
2022-12-08,5.412,5.411,4.03,5.62,2371.08,1314.0999755859375
2022-12-09,5.391,5.364,4.03,5.62,2389.04,1316.6300048828125
2022-12-12,5.383,5.36,4.03,5.61,2373.02,1303.1700439453125
2022-12-13,5.374,5.353,4.03,5.6,2372.4,1305.9200439453125
2022-12-14,5.272,5.236,4.03,5.58,2399.25,1288.97998046875
2022-12-15,5.263,5.206,4.03,5.56,2360.97,1295.6800537109375
2022-12-16,5.227,5.186,4.03,5.54,2360.02,1317.0999755859375
2022-12-19,5.217,5.18,4.03,5.53,2352.17,1308.8599853515625
2022-12-20,5.333,5.303,4.03,5.49,2333.29,1301.3299560546875
2022-12-21,5.272,5.236,4.03,5.47,2328.95,1283.6400146484375
2022-12-22,5.192,5.149,4.03,5.46,2356.73,1280.77001953125
2022-12-23,5.215,5.181,4.03,5.45,2313.69,1290.199951171875
2022-12-26,5.235,5.217,4.03,5.42,2317.14,1279.239990234375
2022-12-27,5.219,5.188,3.98,5.38,2332.79,1275.1300048828125
2022-12-28,5.203,5.176,3.98,5.34,2280.45,1272.280029296875
2022-12-29,5.238,5.197,3.98,5.3,2236.4,1274.3199462890625
2022-12-30,5.231,5.197,3.98,5.28,2236.4,1260.260009765625
2023-01-02,5.262,5.21,3.98,5.25,2225.67,1260.9100341796875
2023-01-03,5.131,5.094,3.96,5.22,2218.68,1270.0999755859375
2023-01-04,5.078,5.023,3.96,5.18,2255.98,1279.0799560546875
2023-01-05,5.06,5.019,3.96,5.12,2264.65,1271.0799560546875
2023-01-06,5.062,5.014,3.92,5.07,2289.97,1274.1800537109375
2023-01-09,4.93,4.861,3.92,5.03,2350.19,1252.8800048828125
2023-01-10,4.887,4.826,3.9,5.0,2351.31,1239.280029296875
2023-01-11,4.784,4.691,3.88,4.96,2359.53,1240.1600341796875
2023-01-12,4.73,4.684,3.87,4.93,2365.1,1241.5999755859375
2023-01-13,4.62,4.554,3.88,4.96,2386.09,1239.1300048828125
2023-01-16,4.661,4.606,3.79,4.92,2399.86,1236.5899658203125
2023-01-17,4.677,4.617,3.74,4.89,2379.39,1240.7099609375
2023-01-18,4.56,4.488,3.7,4.86,2368.32,1237.0
2023-01-19,4.403,4.374,3.68,4.82,2380.34,1237.8800048828125
2023-01-20,4.453,4.404,3.67,4.78,2395.26,1232.1800537109375
2023-01-25,4.4,4.35,3.66,4.74,2428.57,1232.6600341796875
2023-01-26,4.361,4.317,3.65,4.7,2468.65,1232.5899658203125
2023-01-27,4.364,4.336,3.64,4.67,2484.02,1231.8499755859375
2023-01-30,4.31,4.281,3.63,4.62,2450.47,1228.949951171875
2023-01-31,4.344,4.306,3.63,4.57,2425.08,1231.5
2023-02-01,4.268,4.237,3.59,4.53,2449.8,1232.1500244140625
2023-02-02,4.177,4.15,3.52,4.48,2468.88,1221.949951171875
2023-02-03,4.081,4.061,3.49,4.42,2480.4,1224.9000244140625
2023-02-06,4.237,4.209,3.47,4.37,2438.19,1246.75
2023-02-07,4.244,4.18,3.46,4.33,2451.71,1261.22998046875
2023-02-08,4.244,4.178,3.46,4.28,2483.64,1255.3499755859375
2023-02-09,4.254,4.224,3.46,4.26,2481.52,1260.469970703125
2023-02-10,4.231,4.189,3.47,4.25,2469.73,1264.550048828125
2023-02-13,4.252,4.212,3.48,4.24,2452.7,1266.8699951171875
2023-02-14,4.207,4.165,3.48,4.22,2465.64,1272.93994140625
2023-02-15,4.255,4.229,3.49,4.2,2427.9,1272.25
2023-02-16,4.239,4.21,3.5,4.18,2475.48,1283.719970703125
2023-02-17,4.345,4.328,3.52,4.17,2451.21,1288.9599609375
2023-02-20,4.369,4.367,3.53,4.14,2455.12,1293.9200439453125
2023-02-21,4.324,4.297,3.54,4.12,2458.96,1296.1099853515625
2023-02-22,4.342,4.313,3.56,4.1,2417.68,1305.8299560546875
2023-02-23,4.311,4.29,3.59,4.09,2439.09,1302.8299560546875
2023-02-24,4.255,4.247,3.59,4.08,2423.61,1298.0799560546875
2023-02-27,4.366,4.389,3.59,4.07,2402.64,1313.699951171875
2023-02-28,4.484,4.486,3.59,4.06,2412.85,1318.3499755859375
2023-03-02,4.558,4.54,3.61,4.06,2427.85,1305.72998046875
2023-03-03,4.471,4.469,3.61,4.06,2432.07,1311.06005859375
2023-03-06,4.458,4.45,3.61,4.06,2462.62,1294.780029296875
2023-03-07,4.41,4.408,3.61,4.06,2463.35,1299.0
2023-03-08,4.534,4.534,3.61,4.06,2431.91,1317.9000244140625
2023-03-09,4.54,4.518,3.61,4.06,2419.09,1316.449951171875
2023-03-10,4.396,4.39,3.61,4.06,2394.59,1325.550048828125
2023-03-13,4.149,4.139,3.61,4.06,2410.6,1319.5400390625
2023-03-14,4.085,4.106,3.61,4.06,2348.97,1296.3800048828125
2023-03-15,4.169,4.16,3.61,4.06,2379.72,1304.5799560546875
2023-03-16,4.098,4.111,3.62,4.06,2377.91,1311.739990234375
2023-03-17,4.11,4.112,3.62,4.06,2395.69,1301.6199951171875
2023-03-20,3.986,3.974,3.62,4.06,2379.2,1307.6500244140625
2023-03-21,4.016,4.038,3.62,4.06,2388.35,1304.93994140625
2023-03-22,4.014,4.005,3.62,4.06,2416.96,1303.43994140625
2023-03-23,3.97,3.987,3.62,4.05,2424.48,1298.25
2023-03-24,3.928,3.959,3.59,4.04,2414.96,1286.2900390625
2023-03-27,3.989,4.016,3.59,4.03,2409.22,1297.800048828125
2023-03-28,4.029,4.059,3.59,4.02,2434.94,1296.97998046875
2023-03-29,4.027,4.03,3.59,4.01,2443.92,1307.1300048828125
2023-03-30,4.035,4.037,3.59,4.01,2453.16,1296.5
2023-03-31,4.074,4.096,3.59,4.01,2476.86,1296.5
2023-04-03,4.139,4.137,3.59,4.01,2472.34,1308.050048828125
2023-04-04,4.081,4.078,3.59,4.01,2480.51,1312.4100341796875
2023-04-05,4.072,4.073,3.59,4.01,2495.21,1316.2099609375
2023-04-06,4.022,4.028,3.58,4.01,2459.23,1317.93994140625
2023-04-07,4.049,4.047,3.53,4.01,2490.41,1317.93994140625
2023-04-10,4.004,3.992,3.51,4.01,2512.08,1320.8800048828125
2023-04-11,4.041,4.02,3.48,4.01,2547.86,1322.0899658203125
2023-04-12,4.042,4.055,3.43,4.01,2550.64,1322.8299560546875
2023-04-13,4.009,4.02,3.43,4.01,2561.66,1301.4300537109375
2023-04-14,4.022,4.02,3.43,4.01,2571.49,1301.4300537109375
2023-04-17,4.092,4.106,3.43,4.01,2575.91,1316.0699462890625
2023-04-18,4.101,4.107,3.44,4.01,2571.09,1315.9000244140625
2023-04-19,4.146,4.158,3.45,4.01,2575.08,1326.760009765625
2023-04-20,4.146,4.138,3.47,4.01,2563.11,1323.5999755859375
2023-04-21,4.083,4.061,3.49,4.01,2544.4,1323.5999755859375
2023-04-24,4.051,4.041,3.49,4.01,2523.5,1332.800048828125
2023-04-25,4.076,4.087,3.49,4.01,2489.02,1341.0
2023-04-26,4.069,4.067,3.5,4.01,2484.83,1337.8299560546875
2023-04-27,4.094,4.095,3.52,4.01,2495.81,1339.3900146484375
2023-04-28,4.105,4.108,3.52,4.01,2501.53,1339.3900146484375
2023-05-02,4.14,4.136,3.53,4.01,2524.39,1342.300048828125
2023-05-03,4.094,4.085,3.55,4.01,2501.4,1335.22998046875
2023-05-04,4.03,4.031,3.55,4.01,2500.94,1320.1500244140625
2023-05-08,4.079,4.071,3.55,4.01,2513.21,1322.4100341796875
2023-05-09,4.069,4.071,3.55,4.01,2510.06,1326.050048828125
2023-05-10,4.086,4.081,3.59,4.01,2496.51,1318.050048828125
2023-05-11,4.032,4.033,3.6,4.01,2491.0,1329.8800048828125
2023-05-12,4.035,4.042,3.61,4.01,2475.42,1329.8800048828125
2023-05-15,4.089,4.085,3.62,4.01,2479.35,1335.4000244140625
2023-05-16,4.056,4.053,3.62,4.01,2480.24,1342.4300537109375
2023-05-17,4.084,4.085,3.65,4.01,2494.66,1334.1500244140625
2023-05-18,4.123,4.114,3.66,4.01,2515.4,1334.739990234375
2023-05-19,4.148,4.145,3.67,4.01,2537.79,1334.739990234375
2023-05-22,4.127,4.119,3.68,4.01,2557.08,1313.8299560546875
2023-05-23,4.181,4.182,3.7,4.01,2567.55,1319.8399658203125
2023-05-24,4.183,4.191,3.73,4.01,2567.45,1318.52001953125
2023-05-25,4.28,4.276,3.75,4.01,2554.69,1330.8900146484375
2023-05-26,4.328,4.329,3.75,4.01,2558.81,1330.8900146484375
2023-05-30,4.359,4.357,3.76,4.01,2585.52,1319.7900390625
2023-05-31,4.262,4.249,3.76,4.01,2577.12,1321.739990234375
2023-06-01,4.285,4.288,3.76,4.01,2569.17,1312.8499755859375
2023-06-02,4.244,4.242,3.76,4.01,2601.36,1312.8499755859375
2023-06-05,4.307,4.305,3.76,4.01,2615.41,1299.7900390625
2023-06-07,4.273,4.282,3.75,4.01,2615.6,1308.3399658203125
2023-06-08,4.344,4.347,3.75,4.01,2610.85,1296.3299560546875
2023-06-09,4.309,4.312,3.75,4.01,2641.16,1296.3299560546875
2023-06-12,4.302,4.307,3.75,4.01,2629.35,1284.5799560546875
2023-06-13,4.297,4.298,3.75,4.01,2637.95,1267.6199951171875
2023-06-14,4.356,4.35,3.75,4.01,2619.08,1273.989990234375
2023-06-15,4.437,4.428,3.75,4.01,2608.54,1270.050048828125
2023-06-16,4.395,4.396,3.75,4.01,2625.79,1270.050048828125
2023-06-19,4.39,4.388,3.75,4.01,2609.5,1283.239990234375
2023-06-20,4.38,4.388,3.75,4.01,2604.91,1287.5400390625
2023-06-21,4.378,4.38,3.75,4.01,2582.63,1288.3800048828125
2023-06-22,4.4,4.406,3.75,4.01,2593.7,1298.2099609375
2023-06-23,4.419,4.42,3.75,4.01,2570.1,1298.2099609375
2023-06-26,4.375,4.378,3.75,4.01,2582.2,1302.6600341796875
2023-06-27,4.348,4.358,3.75,4.01,2581.39,1296.5999755859375
2023-06-28,4.365,4.37,3.75,4.01,2564.19,1309.010009765625
2023-06-29,4.391,4.403,3.75,4.02,2550.02,1323.0699462890625
2023-06-30,4.473,4.462,3.75,4.02,2564.28,1323.0699462890625
2023-07-03,4.421,4.412,3.75,4.02,2602.47,1306.0999755859375
2023-07-04,4.429,4.42,3.74,4.02,2593.31,1295.5
2023-07-05,4.425,4.416,3.74,4.02,2579.0,1302.969970703125
2023-07-06,4.475,4.473,3.74,4.03,2556.29,1309.219970703125
2023-07-07,4.534,4.535,3.75,4.03,2526.71,1309.219970703125
2023-07-10,4.594,4.594,3.75,4.03,2520.7,1299.5400390625
2023-07-11,4.502,4.505,3.75,4.03,2562.49,1291.510009765625
2023-07-12,4.512,4.508,3.75,4.03,2574.72,1274.699951171875
2023-07-13,4.408,4.406,3.75,4.03,2591.23,1266.8299560546875
2023-07-14,4.42,4.417,3.75,4.03,2628.3,1266.8299560546875
2023-07-17,4.414,4.404,3.75,4.03,2619.0,1265.449951171875
2023-07-18,4.398,4.394,3.75,4.03,2607.62,1264.93994140625
2023-07-19,4.341,4.337,3.75,4.03,2608.24,1265.0899658203125
2023-07-20,4.379,4.377,3.75,4.03,2600.23,1278.4000244140625
2023-07-21,4.399,4.393,3.75,4.03,2609.76,1278.4000244140625
2023-07-24,4.41,4.409,3.75,4.03,2628.53,1280.530029296875
2023-07-25,4.435,4.425,3.75,4.03,2636.46,1274.1199951171875
2023-07-26,4.413,4.407,3.75,4.03,2592.36,1275.1700439453125
2023-07-27,4.374,4.371,3.74,4.03,2603.81,1283.8800048828125
2023-07-28,4.423,4.421,3.74,4.03,2608.32,1283.8800048828125
2023-07-31,4.467,4.469,3.74,4.03,2632.58,1277.9300537109375
2023-08-01,4.435,4.437,3.74,4.03,2667.07,1289.050048828125
2023-08-02,4.466,4.457,3.74,4.03,2616.47,1295.3699951171875
2023-08-03,4.496,4.497,3.73,4.03,2605.39,1296.4000244140625
2023-08-04,4.519,4.517,3.72,4.03,2602.8,1296.4000244140625
2023-08-07,4.468,4.467,3.72,4.03,2580.71,1307.75
2023-08-08,4.424,4.423,3.7,4.03,2573.98,1316.6700439453125
2023-08-09,4.448,4.447,3.7,4.03,2605.12,1313.6400146484375
2023-08-10,4.464,4.454,3.68,4.03,2601.56,1318.3299560546875
2023-08-11,4.475,4.47,3.69,4.03,2591.26,1318.3299560546875
2023-08-14,4.52,4.523,3.69,4.03,2570.87,1334.739990234375
2023-08-16,4.488,4.475,3.7,4.03,2525.64,1343.3299560546875
2023-08-17,4.561,4.549,3.7,4.03,2519.85,1339.0799560546875
2023-08-18,4.501,4.491,3.7,4.03,2504.5,1339.0799560546875
2023-08-21,4.563,4.554,3.7,4.03,2508.8,1339.739990234375
2023-08-22,4.569,4.561,3.7,4.03,2515.74,1339.68994140625
2023-08-23,4.536,4.533,3.69,4.03,2505.5,1327.780029296875
2023-08-24,4.524,4.518,3.69,4.03,2537.68,1326.6199951171875
2023-08-25,4.554,4.553,3.69,4.03,2519.14,1326.6199951171875
2023-08-28,4.524,4.523,3.69,4.03,2543.41,1322.8199462890625
2023-08-29,4.503,4.502,3.69,4.03,2552.16,1321.0699462890625
2023-08-30,4.496,4.504,3.69,4.03,2561.22,1323.030029296875
2023-08-31,4.473,4.478,3.69,4.03,2556.27,1324.6400146484375
2023-09-01,4.447,4.447,3.68,4.03,2563.71,1324.6400146484375
2023-09-04,4.498,4.493,3.69,4.03,2584.55,1317.949951171875
2023-09-05,4.527,4.525,3.7,4.03,2582.18,1331.72998046875
2023-09-06,4.521,4.535,3.71,4.03,2563.34,1333.4599609375
2023-09-07,4.599,4.597,3.72,4.03,2548.26,1334.02001953125
2023-09-08,4.552,4.55,3.72,4.03,2547.68,1334.02001953125
2023-09-11,4.622,4.619,3.72,4.04,2556.88,1320.43994140625
2023-09-12,4.621,4.62,3.73,4.04,2536.58,1324.0999755859375
2023-09-13,4.617,4.608,3.75,4.05,2534.7,1329.77001953125
2023-09-14,4.596,4.593,3.76,4.05,2572.89,1327.06005859375
2023-09-15,4.608,4.604,3.78,4.05,2601.28,1327.06005859375
2023-09-18,4.648,4.651,3.79,4.06,2574.72,1329.6600341796875
2023-09-19,4.641,4.642,3.8,4.06,2559.21,1328.530029296875
2023-09-20,4.645,4.637,3.81,4.06,2559.74,1332.3399658203125
2023-09-21,4.689,4.682,3.82,4.07,2514.97,1341.1700439453125
2023-09-22,4.65,4.629,3.83,4.08,2508.13,1341.1700439453125
2023-09-25,4.64,4.648,3.83,4.08,2495.76,1338.449951171875
2023-09-26,4.654,4.667,3.83,4.08,2462.97,1353.75
2023-09-27,4.658,4.648,3.83,4.08,2465.07,1352.8199462890625
2023-10-04,4.871,4.918,3.84,4.09,2405.69,1351.1600341796875
2023-10-05,4.855,4.865,3.83,4.09,2403.6,1346.06005859375
2023-10-06,4.796,4.793,3.82,4.1,2408.73,1346.06005859375
2023-10-10,4.777,4.782,3.82,4.11,2402.58,1341.8900146484375
2023-10-11,4.735,4.732,3.82,4.12,2450.08,1338.260009765625
2023-10-12,4.719,4.72,3.82,4.13,2479.82,1348.3399658203125
2023-10-13,4.748,4.749,3.82,4.14,2456.15,1348.3399658203125
2023-10-16,4.769,4.772,3.82,4.16,2436.24,1347.760009765625
2023-10-17,4.787,4.793,3.82,4.18,2460.17,1352.989990234375
2023-10-18,4.83,4.827,3.82,4.2,2462.6,1354.56005859375
2023-10-19,4.872,4.865,3.82,4.22,2415.8,1356.22998046875
2023-10-20,4.838,4.828,3.82,4.24,2375.0,1356.22998046875
2023-10-23,4.861,4.864,3.82,4.26,2357.02,1334.43994140625
2023-10-24,4.81,4.809,3.82,4.29,2383.51,1343.6400146484375
2023-10-25,4.844,4.86,3.82,4.31,2363.17,1352.6800537109375
2023-10-26,4.906,4.928,3.82,4.33,2299.08,1350.3399658203125
2023-10-27,4.884,4.897,3.82,4.34,2302.81,1350.3399658203125
2023-10-30,4.905,4.911,3.82,4.35,2310.55,1355.219970703125
2023-10-31,4.908,4.913,3.82,4.36,2277.99,1348.0699462890625
2023-11-01,4.9,4.9,3.83,4.36,2301.56,1350.1600341796875
2023-11-02,4.811,4.82,3.83,4.36,2343.12,1347.8399658203125
2023-11-03,4.789,4.786,3.83,4.36,2368.34,1333.6800537109375
2023-11-06,4.721,4.726,3.83,4.36,2502.37,1307.8399658203125
2023-11-07,4.731,4.728,3.83,4.36,2443.96,1297.1099853515625
2023-11-08,4.715,4.721,3.83,4.36,2421.62,1304.550048828125
2023-11-09,4.695,4.688,3.83,4.36,2427.08,1308.1199951171875
2023-11-10,4.711,4.703,3.83,4.36,2409.66,1315.199951171875
2023-11-13,4.727,4.716,3.83,4.36,2403.76,1319.6199951171875
2023-11-14,4.704,4.698,3.83,4.36,2433.25,1319.0699462890625
2023-11-15,4.591,4.572,3.83,4.36,2486.67,1304.239990234375
2023-11-16,4.541,4.509,3.83,4.36,2488.18,1301.8599853515625
2023-11-17,4.504,4.479,3.83,4.36,2469.85,1292.449951171875
2023-11-20,4.469,4.447,3.83,4.36,2491.2,1294.5
2023-11-21,4.436,4.422,3.83,4.36,2510.42,1288.1500244140625
2023-11-22,4.45,4.438,3.83,4.36,2511.7,1295.18994140625
2023-11-23,4.418,4.409,3.84,4.36,2514.96,1298.7900390625
2023-11-24,4.443,4.433,3.84,4.36,2496.63,1300.1800537109375
2023-11-27,4.448,4.436,3.84,4.36,2495.66,1289.7900390625
2023-11-28,4.397,4.388,3.84,4.36,2521.76,1302.530029296875
2023-11-29,4.297,4.285,3.84,4.36,2519.81,1287.530029296875
2023-11-30,4.319,4.303,3.84,4.36,2535.29,1288.3599853515625
2023-12-01,4.309,4.298,3.84,4.36,2505.01,1296.6600341796875
2023-12-04,4.252,4.24,3.84,4.36,2514.95,1299.18994140625
2023-12-05,4.197,4.189,3.84,4.36,2494.28,1307.800048828125
2023-12-06,4.17,4.172,3.84,4.36,2495.38,1313.3699951171875
2023-12-07,4.211,4.208,3.84,4.36,2492.07,1313.719970703125
2023-12-08,4.167,4.164,3.84,4.36,2517.85,1312.760009765625
2023-12-11,4.196,4.199,3.84,4.36,2525.36,1316.510009765625
2023-12-12,4.171,4.172,3.84,4.36,2535.27,1313.6199951171875
2023-12-13,4.186,4.183,3.84,4.36,2510.66,1310.1400146484375
2023-12-14,3.98,3.962,3.83,4.35,2544.18,1292.010009765625
2023-12-15,4.01,4.0,3.83,4.34,2563.56,1291.9200439453125
2023-12-18,4.005,4.004,3.83,4.33,2566.86,1276.469970703125
2023-12-19,4.022,4.006,3.83,4.32,2568.55,1302.9300537109375
2023-12-20,3.975,3.961,3.83,4.32,2614.3,1297.760009765625
2023-12-21,3.975,3.971,3.83,4.32,2600.02,1296.97998046875
2023-12-22,3.972,3.964,3.83,4.32,2599.51,1291.7099609375
2023-12-26,3.962,3.954,3.83,4.32,2602.59,1294.5799560546875
2023-12-27,3.958,3.954,3.83,4.32,2613.5,1293.9200439453125
2023-12-28,3.898,3.887,3.83,4.32,2655.28,1294.760009765625
2023-12-29,3.898,3.887,3.83,4.32,2655.28,1277.8399658203125
2024-01-02,3.98,3.987,3.83,4.31,2669.81,1293.5400390625
2024-01-03,4.017,4.017,3.83,4.3,2607.31,1307.6199951171875
2024-01-04,3.977,3.969,3.82,4.29,2587.02,1309.530029296875
2024-01-05,4.032,4.022,3.81,4.29,2578.08,1311.25
2024-01-08,4.045,4.032,3.81,4.29,2567.82,1313.1300048828125
2024-01-09,4.004,3.992,3.8,4.29,2561.24,1311.800048828125
2024-01-10,4.017,4.011,3.79,4.28,2541.98,1319.7900390625
2024-01-11,3.976,3.967,3.78,4.28,2540.27,1317.5
2024-01-12,3.953,3.942,3.77,4.28,2525.05,1311.989990234375
2024-01-15,3.939,3.939,3.74,4.28,2525.99,1312.8499755859375
2024-01-16,3.982,3.979,3.72,4.28,2497.59,1319.7099609375
2024-01-17,4.025,4.02,3.71,4.28,2435.9,1337.7900390625
2024-01-18,4.034,4.02,3.69,4.28,2440.04,1344.050048828125
2024-01-19,4.058,4.055,3.68,4.28,2472.74,1337.6600341796875
2024-01-22,4.03,4.025,3.68,4.28,2464.35,1333.2099609375
2024-01-23,4.041,4.033,3.68,4.28,2478.61,1338.739990234375
2024-01-24,4.051,4.034,3.68,4.28,2469.69,1336.780029296875
2024-01-25,4.061,4.045,3.68,4.28,2470.34,1329.8900146484375
2024-01-26,4.01,4.003,3.68,4.28,2478.56,1336.030029296875
2024-01-29,4.051,4.043,3.68,4.28,2500.65,1336.760009765625
2024-01-30,4.009,4.008,3.68,4.28,2498.81,1333.2099609375
2024-01-31,4.002,3.993,3.68,4.28,2497.09,1326.6199951171875
2024-02-01,4.001,4.004,3.68,4.28,2542.46,1333.9100341796875
2024-02-02,3.982,3.979,3.68,4.28,2615.31,1328.949951171875
2024-02-05,4.047,4.03,3.67,4.28,2591.31,1337.72998046875
2024-02-06,4.028,4.008,3.67,4.28,2576.2,1333.3900146484375
2024-02-07,4.019,4.004,3.67,4.28,2609.58,1326.7900390625
2024-02-08,4.034,4.016,3.67,4.28,2620.32,1327.6199951171875
2024-02-13,4.074,4.052,3.67,4.28,2649.64,1328.5
2024-02-14,4.141,4.113,3.68,4.28,2620.42,1340.7900390625
2024-02-15,4.117,4.102,3.68,4.28,2613.8,1326.0
2024-02-16,4.115,4.096,3.68,4.28,2648.76,1327.6600341796875
2024-02-19,4.102,4.079,3.69,4.28,2680.26,1331.5799560546875
2024-02-20,4.105,4.079,3.69,4.28,2657.79,1333.3399658203125
2024-02-21,4.09,4.066,3.7,4.28,2653.31,1333.75
2024-02-22,4.023,4.004,3.7,4.28,2664.27,1332.8699951171875
2024-02-23,4.045,4.03,3.7,4.28,2667.7,1327.1700439453125
2024-02-26,4.005,3.992,3.7,4.28,2647.08,1330.0
2024-02-27,4.025,4.01,3.7,4.28,2625.05,1331.719970703125
2024-02-28,4.015,4.005,3.7,4.28,2652.29,1331.7900390625
2024-02-29,4.037,4.024,3.69,4.28,2642.36,1333.3800048828125
2024-03-04,4.008,3.997,3.68,4.28,2674.27,1330.9000244140625
2024-03-05,3.992,3.99,3.68,4.28,2649.4,1328.93994140625
2024-03-06,3.962,3.957,3.68,4.28,2641.49,1333.4300537109375
2024-03-07,3.959,3.954,3.68,4.28,2647.62,1327.0899658203125
2024-03-08,3.91,3.907,3.68,4.28,2680.35,1321.1800537109375
2024-03-11,3.914,3.922,3.67,4.28,2659.84,1315.97998046875
2024-03-12,3.917,3.921,3.66,4.28,2681.81,1310.5400390625
2024-03-13,3.899,3.902,3.65,4.28,2693.57,1311.1500244140625
2024-03-14,3.922,3.92,3.64,4.28,2718.76,1313.6500244140625
2024-03-15,3.953,3.955,3.64,4.28,2666.84,1321.9200439453125
2024-03-18,3.993,3.995,3.64,4.28,2685.84,1329.3399658203125
2024-03-19,4.022,4.028,3.64,4.28,2656.17,1336.0899658203125
2024-03-20,4.006,3.998,3.64,4.28,2690.14,1337.02001953125
2024-03-21,3.942,3.938,3.65,4.26,2754.86,1330.1099853515625
2024-03-22,3.918,3.911,3.65,4.26,2748.56,1334.6800537109375
2024-03-25,3.915,3.914,3.65,4.26,2737.57,1343.5999755859375
2024-03-26,3.923,3.919,3.64,4.25,2757.09,1339.1300048828125
2024-03-27,3.903,3.894,3.63,4.25,2755.11,1343.06005859375
2024-03-28,3.903,3.902,3.64,4.24,2745.82,1349.800048828125
2024-03-29,3.926,3.913,3.64,4.24,2746.63,1349.800048828125
2024-04-01,3.896,3.881,3.63,4.24,2747.86,1355.530029296875
2024-04-02,3.926,3.903,3.63,4.24,2753.16,1350.72998046875
2024-04-03,3.927,3.901,3.62,4.24,2706.97,1344.8399658203125
2024-04-04,3.919,3.906,3.62,4.23,2742.0,1351.3599853515625
2024-04-05,3.902,3.891,3.58,4.23,2714.21,1351.3599853515625
2024-04-08,3.945,3.925,3.56,4.23,2717.65,1354.219970703125
2024-04-09,3.953,3.928,3.57,4.23,2705.16,1348.5400390625
2024-04-11,4.016,3.99,3.57,4.23,2706.96,1367.8399658203125
2024-04-12,3.961,3.929,3.56,4.22,2681.82,1367.8399658203125
2024-04-15,3.983,3.966,3.56,4.22,2670.43,1387.6700439453125
2024-04-16,4.01,3.992,3.56,4.22,2609.63,1387.3399658203125
2024-04-17,4.007,3.977,3.55,4.22,2584.18,1379.5400390625
2024-04-18,3.96,3.937,3.55,4.22,2634.7,1379.4000244140625
2024-04-19,3.982,3.969,3.55,4.22,2591.86,1379.4000244140625
2024-04-22,4.019,3.996,3.56,4.22,2629.44,1378.8399658203125
2024-04-23,3.992,3.964,3.56,4.22,2623.02,1370.47998046875
2024-04-24,4.004,3.982,3.56,4.22,2675.75,1376.969970703125
2024-04-25,4.029,4.009,3.57,4.22,2628.62,1371.699951171875
2024-04-26,4.012,3.979,3.57,4.22,2656.33,1371.699951171875
2024-04-29,4.024,3.998,3.57,4.22,2687.44,1374.6400146484375
2024-04-30,3.995,3.985,3.57,4.22,2692.06,1385.4599609375
2024-05-02,3.972,3.966,3.57,4.22,2683.65,1364.6400146484375
2024-05-03,3.958,3.962,3.58,4.22,2676.63,1364.6400146484375
2024-05-07,3.912,3.896,3.58,4.22,2734.36,1357.72998046875
2024-05-08,3.901,3.889,3.58,4.22,2745.05,1361.93994140625
2024-05-09,3.913,3.9,3.58,4.22,2712.14,1365.4000244140625
2024-05-10,3.894,3.878,3.58,4.22,2727.63,1365.4000244140625
2024-05-13,3.904,3.896,3.59,4.22,2727.21,1363.7900390625
2024-05-14,3.9,3.896,3.6,4.22,2730.34,1362.550048828125
2024-05-16,3.82,3.827,3.6,4.22,2753.0,1346.0400390625
2024-05-17,3.825,3.82,3.6,4.22,2724.62,1346.0400390625
2024-05-20,3.853,3.849,3.6,4.22,2742.14,1360.1600341796875
2024-05-21,3.853,3.851,3.6,4.22,2724.18,1363.4200439453125
2024-05-22,3.848,3.855,3.6,4.22,2723.46,1365.81005859375
2024-05-23,3.84,3.84,3.6,4.22,2721.81,1367.6199951171875
2024-05-24,3.861,3.856,3.6,4.22,2687.6,1367.6199951171875
2024-05-27,3.851,3.846,3.61,4.22,2722.99,1360.9300537109375
2024-05-28,3.828,3.821,3.62,4.22,2722.85,1362.760009765625
2024-05-29,3.855,3.848,3.61,4.22,2677.3,1370.550048828125
2024-05-30,3.867,3.864,3.6,4.22,2635.44,1375.6199951171875
2024-05-31,3.871,3.876,3.61,4.22,2636.52,1375.6199951171875
2024-06-03,3.853,3.858,3.61,4.22,2682.52,1370.7900390625
2024-06-04,3.81,3.817,3.6,4.22,2662.1,1373.719970703125
2024-06-05,3.771,3.774,3.6,4.22,2689.5,1368.739990234375
2024-06-07,3.736,3.74,3.6,4.22,2722.67,1368.739990234375
2024-06-10,3.782,3.795,3.6,4.22,2701.17,1373.9599609375
2024-06-11,3.775,3.777,3.6,4.22,2705.32,1377.3599853515625
2024-06-12,3.745,3.742,3.6,4.22,2728.17,1370.4100341796875
2024-06-13,3.718,3.728,3.6,4.22,2754.89,1373.739990234375
2024-06-14,3.694,3.698,3.6,4.22,2758.42,1373.739990234375
2024-06-17,3.662,3.667,3.6,4.22,2744.1,1379.06005859375
2024-06-18,3.666,3.664,3.6,4.22,2763.92,1378.6099853515625
2024-06-19,3.62,3.618,3.6,4.22,2797.33,1381.1500244140625
2024-06-20,3.648,3.665,3.6,4.22,2807.63,1391.8199462890625
2024-06-21,3.637,3.629,3.6,4.22,2784.26,1391.8199462890625
2024-06-24,3.656,3.658,3.6,4.22,2764.73,1386.1099853515625
2024-06-25,3.662,3.666,3.6,4.22,2774.39,1390.8900146484375
2024-06-26,3.676,3.67,3.6,4.22,2792.05,1393.3800048828125
2024-06-27,3.684,3.673,3.6,4.2,2784.06,1386.949951171875
2024-06-28,3.658,3.639,3.6,4.17,2797.82,1386.949951171875
2024-07-01,3.681,3.67,3.6,4.17,2804.31,1383.4200439453125
2024-07-02,3.634,3.628,3.6,4.16,2780.86,1383.4200439453125
2024-07-03,3.624,3.622,3.58,4.16,2794.01,1385.77001953125
2024-07-04,3.591,3.581,3.58,4.15,2824.94,1380.25
2024-07-05,3.582,3.576,3.57,4.14,2862.23,1380.25
2024-07-08,3.58,3.577,3.57,4.13,2857.76,1382.75
2024-07-09,3.572,3.573,3.56,4.12,2867.38,1382.4200439453125
2024-07-10,3.576,3.57,3.55,4.11,2867.99,1382.989990234375
2024-07-11,3.614,3.61,3.55,4.1,2891.35,1371.27001953125
2024-07-12,3.552,3.547,3.55,4.09,2857.0,1371.27001953125
2024-07-15,3.538,3.525,3.54,4.08,2860.92,1383.68994140625
2024-07-16,3.496,3.49,3.55,4.07,2866.09,1382.6400146484375
2024-07-17,3.509,3.508,3.54,4.07,2843.29,1378.6500244140625
2024-07-18,3.513,3.514,3.52,4.07,2824.35,1385.239990234375
2024-07-19,3.525,3.526,3.52,4.07,2795.46,1385.239990234375
2024-07-22,3.522,3.525,3.52,4.06,2763.51,1387.0999755859375
2024-07-23,3.533,3.542,3.52,4.05,2774.29,1384.5699462890625
2024-07-24,3.509,3.495,3.51,4.04,2758.71,1382.6500244140625
2024-07-25,3.484,3.472,3.51,4.02,2710.65,1381.4300537109375
2024-07-26,3.482,3.473,3.5,4.0,2731.9,1381.4300537109375
2024-07-29,3.434,3.43,3.5,3.97,2765.53,1381.3599853515625
2024-07-30,3.451,3.453,3.5,3.95,2738.19,1383.5
2024-07-31,3.459,3.459,3.5,3.92,2770.69,1367.9200439453125
2024-08-01,3.431,3.437,3.49,3.88,2777.68,1368.969970703125
2024-08-02,3.394,3.397,3.48,3.85,2676.19,1368.969970703125
2024-08-05,3.271,3.286,3.48,3.81,2441.55,1367.4000244140625
2024-08-06,3.398,3.408,3.47,3.78,2522.15,1370.31005859375
2024-08-07,3.397,3.401,3.48,3.75,2568.41,1375.3299560546875
2024-08-08,3.38,3.392,3.47,3.73,2556.73,1373.760009765625
2024-08-09,3.409,3.416,3.47,3.7,2588.43,1373.760009765625
2024-08-12,3.421,3.425,3.46,3.69,2618.3,1369.5400390625
2024-08-13,3.395,3.402,3.49,3.67,2621.5,1362.1700439453125
2024-08-14,3.37,3.386,3.49,3.65,2644.5,1355.7099609375
2024-08-16,3.415,3.427,3.51,3.64,2697.23,1355.7099609375
2024-08-19,3.424,3.434,3.51,3.63,2674.36,1330.8800048828125
2024-08-20,3.442,3.461,3.51,3.62,2696.63,1327.5799560546875
2024-08-21,3.439,3.457,3.52,3.62,2701.13,1333.6600341796875
2024-08-22,3.422,3.423,3.51,3.62,2707.67,1339.5400390625
2024-08-23,3.439,3.443,3.51,3.62,2701.69,1339.5400390625
2024-08-26,3.414,3.421,3.51,3.62,2698.01,1326.6400146484375
2024-08-27,3.465,3.471,3.52,3.62,2689.25,1326.3599853515625
2024-08-28,3.456,3.459,3.52,3.62,2689.83,1336.68994140625
2024-08-29,3.484,3.491,3.52,3.62,2662.28,1332.8800048828125
2024-08-30,3.503,3.511,3.52,3.62,2674.31,1332.8800048828125
2024-09-02,3.542,3.55,3.52,3.62,2681.0,1337.550048828125
2024-09-03,3.545,3.543,3.51,3.62,2664.63,1340.4100341796875
2024-09-04,3.497,3.5,3.51,3.62,2580.8,1331.010009765625
2024-09-05,3.48,3.48,3.51,3.62,2575.5,1332.7900390625
2024-09-06,3.46,3.45,3.51,3.62,2544.28,1332.7900390625
2024-09-09,3.471,3.465,3.51,3.62,2535.93,1341.27001953125
2024-09-10,3.451,3.447,3.51,3.62,2523.43,1343.3399658203125
2024-09-11,3.406,3.398,3.51,3.62,2513.37,1339.1800537109375
2024-09-12,3.449,3.448,3.51,3.62,2572.09,1335.68994140625
2024-09-13,3.41,3.403,3.53,3.62,2575.41,1335.68994140625
2024-09-19,3.432,3.418,3.53,3.62,2580.8,1327.6099853515625
2024-09-20,3.426,3.421,3.53,3.62,2593.37,1327.6099853515625
2024-09-23,3.449,3.444,3.53,3.62,2602.01,1333.6199951171875
2024-09-24,3.439,3.439,3.53,3.62,2631.68,1324.8900146484375
2024-09-25,3.401,3.395,3.53,3.62,2596.32,1335.050048828125
2024-09-26,3.395,3.395,3.53,3.62,2671.57,1313.300048828125
2024-09-27,3.409,3.407,3.53,3.62,2649.78,1313.300048828125
2024-09-30,3.397,3.395,3.53,3.62,2593.27,1315.3299560546875
2024-10-02,3.37,3.376,3.52,3.62,2561.69,1324.030029296875
2024-10-04,3.415,3.416,3.52,3.62,2569.71,1324.030029296875
2024-10-07,3.546,3.541,3.51,3.62,2610.38,1342.3699951171875
2024-10-08,3.517,3.512,3.51,3.62,2594.36,1341.31005859375
2024-10-10,3.542,3.541,3.5,3.62,2599.16,1349.739990234375
2024-10-11,3.523,3.522,3.4,3.53,2596.91,1349.739990234375
2024-10-14,3.509,3.506,3.4,3.53,2623.29,1357.27001953125
2024-10-15,3.475,3.479,3.4,3.53,2633.45,1363.1800537109375
2024-10-16,3.452,3.448,3.4,3.53,2610.36,1364.199951171875
2024-10-17,3.467,3.47,3.39,3.53,2609.3,1370.050048828125
2024-10-18,3.48,3.487,3.39,3.53,2593.82,1370.050048828125
2024-10-21,3.471,3.477,3.39,3.53,2604.92,1376.5
2024-10-22,3.512,3.514,3.4,3.54,2570.7,1376.6300048828125
2024-10-23,3.508,3.502,3.4,3.54,2599.62,1377.3399658203125
2024-10-24,3.46,3.46,3.4,3.54,2581.03,1376.3199462890625
2024-10-25,3.451,3.451,3.4,3.54,2583.27,1376.3199462890625
2024-10-28,3.503,3.504,3.41,3.54,2612.43,1387.6600341796875
2024-10-29,3.504,3.504,3.41,3.54,2617.8,1381.969970703125
2024-10-30,3.502,3.51,3.43,3.54,2593.79,1383.1800537109375
2024-10-31,3.503,3.504,3.43,3.54,2556.15,1378.5699462890625
2024-11-01,3.507,3.514,3.43,3.54,2542.36,1372.9300537109375
2024-11-04,3.507,3.503,3.43,3.54,2588.97,1379.3399658203125
2024-11-05,3.491,3.486,3.44,3.54,2576.88,1372.8599853515625
2024-11-06,3.529,3.521,3.44,3.54,2563.51,1378.0
2024-11-07,3.492,3.488,3.43,3.54,2564.63,1399.800048828125
2024-11-08,3.461,3.452,3.43,3.54,2561.15,1372.0799560546875
2024-11-11,3.471,3.469,3.43,3.54,2531.66,1397.199951171875
2024-11-12,3.467,3.467,3.44,3.54,2482.57,1400.550048828125
2024-11-13,3.501,3.509,3.44,3.55,2417.08,1406.6500244140625
2024-11-14,3.492,3.495,3.44,3.56,2418.86,1399.0
2024-11-15,3.506,3.503,3.44,3.56,2416.86,1400.8299560546875
2024-11-18,3.482,3.478,3.44,3.56,2469.07,1394.3499755859375
2024-11-19,3.457,3.452,3.44,3.56,2471.95,1389.5
2024-11-20,3.438,3.44,3.44,3.56,2482.29,1392.1600341796875
2024-11-21,3.396,3.399,3.44,3.56,2480.63,1397.6199951171875
2024-11-22,3.385,3.388,3.44,3.56,2501.24,1399.5999755859375
2024-11-25,3.342,3.347,3.44,3.56,2534.34,1403.510009765625
2024-11-26,3.343,3.348,3.44,3.56,2520.36,1395.56005859375
2024-11-27,3.316,3.317,3.44,3.56,2503.06,1395.27001953125
2024-11-28,3.22,3.227,3.29,3.38,2504.67,1388.469970703125
2024-11-29,3.194,3.2,3.29,3.39,2455.91,1393.300048828125
2024-12-02,3.156,3.157,3.28,3.4,2454.48,1399.8599853515625
2024-12-03,3.169,3.177,3.28,3.41,2500.1,1401.06005859375
2024-12-04,3.21,3.217,3.28,3.42,2464.0,1411.6700439453125
2024-12-05,3.194,3.192,3.28,3.42,2441.85,1410.800048828125
2024-12-06,3.212,3.213,3.28,3.42,2428.16,1399.989990234375
2024-12-09,3.173,3.167,3.28,3.42,2360.58,1424.219970703125
2024-12-10,3.175,3.173,3.3,3.42,2417.84,1426.5999755859375
2024-12-11,3.188,3.196,3.33,3.43,2442.51,1433.949951171875
2024-12-12,3.2,3.208,3.31,3.45,2482.12,1429.1500244140625
2024-12-13,3.197,3.195,3.32,3.47,2494.46,1427.8599853515625
2024-12-16,3.212,3.212,3.38,3.49,2488.97,1434.449951171875
2024-12-17,3.279,3.282,3.38,3.5,2456.81,1431.3499755859375
2024-12-18,3.203,3.213,3.38,3.52,2484.43,1436.4200439453125
2024-12-19,3.275,3.267,3.39,3.54,2435.93,1451.5
2024-12-20,3.3,3.281,3.39,3.55,2404.15,1437.449951171875
2024-12-23,3.292,3.284,3.39,3.56,2442.01,1445.4200439453125
2024-12-24,3.308,3.305,3.4,3.57,2440.52,1442.699951171875
2024-12-26,3.33,3.349,3.4,3.58,2429.67,1457.6099853515625
2024-12-27,3.321,3.309,3.44,3.58,2404.77,1466.989990234375
2024-12-30,3.285,3.28,3.44,3.58,2399.49,1472.800048828125
2024-12-31,3.284,3.28,3.39,3.58,2399.49,1467.3900146484375
2025-01-02,3.197,3.185,3.26,3.54,2398.94,1473.52001953125
2025-01-03,3.17,3.151,3.15,3.46,2441.92,1471.6500244140625
2025-01-06,3.202,3.204,3.1,3.45,2488.64,1465.530029296875
2025-01-07,3.187,3.189,3.05,3.44,2492.1,1459.449951171875
2025-01-08,3.182,3.171,3.04,3.43,2521.05,1451.8800048828125
2025-01-09,3.174,3.162,3.0,3.42,2521.9,1457.969970703125
2025-01-10,3.22,3.226,3.0,3.4,2515.78,1455.22998046875
2025-01-13,3.306,3.309,3.0,3.39,2489.56,1472.25
2025-01-14,3.292,3.293,3.0,3.35,2497.4,1458.8900146484375
2025-01-15,3.315,3.324,2.99,3.34,2496.81,1460.43994140625
2025-01-16,3.276,3.265,2.99,3.32,2527.49,1437.219970703125
2025-01-17,3.241,3.223,2.99,3.31,2523.55,1453.3199462890625
2025-01-20,3.268,3.246,2.99,3.28,2520.05,1457.3800048828125
2025-01-21,3.227,3.187,2.98,3.27,2518.03,1435.530029296875
2025-01-22,3.227,3.187,3.03,3.27,2547.06,1425.7900390625
2025-01-23,3.218,3.173,3.03,3.26,2515.49,1434.3399658203125
2025-01-24,3.21,3.16,3.03,3.25,2536.8,1433.9300537109375
2025-01-31,3.204,3.169,3.03,3.25,2517.37,1441.6600341796875
2025-02-03,3.196,3.163,3.02,3.25,2453.95,1456.780029296875
2025-02-04,3.208,3.176,3.0,3.25,2481.69,1459.050048828125
2025-02-05,3.198,3.165,3.01,3.25,2509.27,1450.1600341796875
2025-02-06,3.196,3.179,2.99,3.25,2536.75,1443.8900146484375
2025-02-07,3.242,3.23,2.99,3.25,2521.92,1442.1500244140625
2025-02-10,3.239,3.216,2.99,3.25,2521.27,1450.6199951171875
2025-02-11,3.228,3.219,2.99,3.25,2539.05,1453.2099609375
2025-02-12,3.238,3.226,2.98,3.25,2548.39,1450.75
2025-02-13,3.227,3.204,2.98,3.25,2583.17,1452.1199951171875
2025-02-14,3.208,3.186,2.98,3.25,2591.05,1438.739990234375
2025-02-17,3.215,3.197,2.97,3.25,2610.42,1432.5999755859375
2025-02-18,3.224,3.216,2.96,3.25,2626.81,1441.2900390625
2025-02-19,3.214,3.208,2.95,3.25,2671.52,1440.0799560546875
2025-02-20,3.212,3.207,2.94,3.25,2654.06,1439.97998046875
2025-02-21,3.2,3.196,2.88,3.21,2654.58,1431.699951171875
2025-02-24,3.191,3.19,2.88,3.19,2645.27,1434.2900390625
2025-02-25,3.178,3.18,2.85,3.12,2630.29,1428.6500244140625
2025-02-26,3.168,3.174,2.84,3.09,2641.09,1429.5
2025-02-27,3.172,3.173,2.85,3.07,2621.75,1434.4200439453125
2025-02-28,3.157,3.139,2.89,3.05,2532.78,1449.8599853515625
2025-03-04,3.132,3.122,2.85,3.03,2528.92,1457.9300537109375
2025-03-05,3.151,3.151,2.84,3.02,2558.13,1452.8499755859375
2025-03-06,3.174,3.17,2.84,3.02,2576.16,1443.030029296875
2025-03-07,3.144,3.14,2.84,3.01,2563.48,1446.5
2025-03-10,3.166,3.167,2.84,3.01,2570.39,1446.260009765625
2025-03-11,3.131,3.126,2.84,3.0,2537.6,1457.030029296875
2025-03-12,3.127,3.121,2.84,3.0,2574.82,1451.02001953125
2025-03-13,3.138,3.141,2.84,3.0,2573.64,1448.75
2025-03-14,3.161,3.157,2.84,3.0,2566.36,1453.22998046875
2025-03-17,3.171,3.163,2.84,3.0,2610.69,1449.050048828125
2025-03-18,3.168,3.166,2.84,3.0,2612.34,1442.489990234375
2025-03-19,3.184,3.181,2.84,3.0,2628.62,1448.93994140625
2025-03-20,3.168,3.161,2.84,3.0,2637.1,1443.3900146484375
2025-03-21,3.165,3.153,2.84,3.0,2643.13,1465.8199462890625
2025-03-24,3.171,3.159,2.84,3.0,2632.07,1464.780029296875
2025-03-25,3.179,3.168,2.85,3.0,2615.81,1466.27001953125
2025-03-26,3.187,3.18,2.85,3.0,2643.94,1462.0899658203125
2025-03-27,3.182,3.19,2.85,3.0,2607.15,1465.6800537109375
2025-03-28,3.184,3.183,2.84,3.0,2557.98,1461.8900146484375
2025-03-31,3.14,3.122,2.84,3.0,2481.12,1471.9599609375
2025-04-01,3.153,3.145,2.84,2.99,2521.39,1469.969970703125
2025-04-02,3.151,3.143,2.82,2.98,2505.86,1466.0400390625
2025-04-03,3.101,3.103,2.81,2.96,2486.7,1450.6800537109375
2025-04-04,3.035,3.025,2.78,2.95,2465.42,1450.6800537109375
2025-04-07,2.986,2.969,2.76,2.94,2328.2,1469.949951171875
2025-04-08,2.995,2.975,2.74,2.94,2334.23,1486.1300048828125
2025-04-09,3.01,2.994,2.74,2.94,2293.7,1443.949951171875
2025-04-10,3.017,3.005,2.72,2.94,2445.06,1452.0400390625
2025-04-11,2.996,2.967,2.72,2.94,2432.72,1452.0400390625
2025-04-14,2.998,2.981,2.72,2.94,2455.89,1419.4200439453125
2025-04-15,2.984,2.967,2.72,2.94,2477.41,1427.02001953125
2025-04-16,2.941,2.911,2.72,2.93,2447.43,1414.22998046875
2025-04-17,2.968,2.957,2.71,2.93,2470.41,1414.22998046875
2025-04-18,2.942,2.929,2.71,2.93,2483.42,1414.22998046875
2025-04-21,2.918,2.898,2.71,2.93,2488.42,1421.6400146484375
2025-04-22,2.923,2.899,2.71,2.93,2486.64,1429.219970703125
2025-04-23,2.927,2.909,2.74,2.93,2525.56,1426.449951171875
2025-04-24,2.93,2.922,2.73,2.93,2522.33,1430.06005859375
2025-04-25,2.901,2.89,2.72,2.93,2546.3,1430.06005859375
2025-04-28,2.909,2.893,2.71,2.93,2548.86,1435.8800048828125
2025-04-29,2.903,2.895,2.71,2.93,2565.42,1431.1600341796875
2025-04-30,2.868,2.854,2.71,2.93,2556.61,1423.75
2025-05-02,2.872,2.866,2.71,2.93,2559.79,1423.75
2025-05-07,2.846,2.834,2.71,2.93,2573.8,1397.2900390625
2025-05-08,2.867,2.859,2.7,2.93,2579.48,1403.8499755859375
2025-05-09,2.91,2.908,2.68,2.93,2577.27,1403.8499755859375
2025-05-12,2.91,2.901,2.66,2.93,2607.33,1416.030029296875
2025-05-13,2.939,2.942,2.68,2.93,2608.42,1416.0
2025-05-14,2.924,2.923,2.67,2.93,2640.57,1407.3299560546875
2025-05-15,2.931,2.922,2.69,2.93,2621.36,1397.02001953125
2025-05-16,2.896,2.887,2.7,2.93,2626.87,1397.02001953125
2025-05-19,2.935,2.932,2.71,2.93,2603.42,1388.550048828125
2025-05-20,2.907,2.9,2.68,2.93,2601.8,1392.72998046875
2025-05-21,2.921,2.913,2.67,2.93,2625.58,1373.8599853515625
2025-05-22,2.917,2.897,2.67,2.93,2593.67,1381.3399658203125
2025-05-23,2.921,2.9,2.67,2.93,2592.09,1381.3399658203125
2025-05-26,2.926,2.911,2.67,2.93,2644.4,1368.0999755859375
2025-05-27,2.913,2.89,2.66,2.93,2637.22,1374.800048828125
2025-05-28,2.893,2.862,2.63,2.93,2670.15,1373.5999755859375
2025-05-29,2.914,2.888,2.6,2.92,2720.64,1370.4100341796875
2025-05-30,2.917,2.882,2.59,2.79,2697.67,1370.4100341796875
2025-06-02,2.916,2.881,2.59,2.78,2698.97,1376.0699462890625
2025-06-04,2.982,2.948,2.58,2.77,2770.84,1361.0899658203125
2025-06-05,2.973,2.945,2.58,2.76,2812.05,1354.550048828125
2025-06-09,2.96,2.924,2.57,2.75,2855.77,1353.8499755859375
2025-06-10,2.955,2.925,2.56,2.75,2871.85,1363.8800048828125
2025-06-11,2.974,2.952,2.57,2.75,2907.04,1365.68994140625
2025-06-12,2.972,2.953,2.56,2.75,2920.03,1349.7900390625
2025-06-13,2.997,2.992,2.56,2.75,2894.62,1349.7900390625
2025-06-16,3.016,3.008,2.56,2.75,2946.66,1357.780029296875
2025-06-17,2.986,2.964,2.56,2.74,2950.3,1380.5
2025-06-18,3.0,2.988,2.56,2.74,2972.19,1370.75
2025-06-19,3.005,2.993,2.56,2.74,2977.74,1374.8900146484375
2025-06-20,2.996,2.976,2.56,2.74,3021.84,1374.8900146484375
2025-06-23,3.019,3.009,2.57,2.74,3014.47,1361.93994140625
2025-06-24,2.983,2.974,2.57,2.73,3103.64,1353.780029296875
2025-06-25,2.981,2.972,2.57,2.73,3108.25,1357.030029296875
2025-06-26,2.969,2.957,2.57,2.73,3079.56,1352.760009765625
2025-06-27,2.967,2.958,2.57,2.73,3055.94,1352.760009765625
2025-06-30,2.963,2.952,2.56,2.73,3071.7,1348.5
2025-07-01,2.959,2.949,2.54,2.73,3089.65,1355.5899658203125
2025-07-02,2.981,2.984,2.51,2.73,3075.06,1354.75
2025-07-03,2.952,2.939,2.51,2.73,3116.27,1357.0999755859375
2025-07-04,2.965,2.965,2.51,2.73,3054.28,1357.0999755859375
2025-07-07,2.973,2.974,2.51,2.73,3059.47,1374.6400146484375
2025-07-08,2.968,2.971,2.5,2.73,3114.95,1370.300048828125
2025-07-09,2.967,2.968,2.51,2.73,3133.74,1373.0
2025-07-10,2.928,2.92,2.52,2.73,3183.23,1372.6400146484375
2025-07-11,2.938,2.935,2.52,2.73,3175.77,1372.6400146484375
2025-07-14,2.959,2.962,2.51,2.73,3202.03,1382.010009765625
2025-07-15,2.953,2.948,2.51,2.73,3215.28,1386.449951171875
2025-07-16,2.95,2.945,2.51,2.73,3186.38,1384.9200439453125
2025-07-17,2.968,2.972,2.51,2.73,3192.29,1391.5799560546875
2025-07-18,2.961,2.962,2.52,2.73,3188.07,1391.5799560546875
2025-07-21,2.948,2.945,2.51,2.73,3210.81,1381.8199462890625
2025-07-22,2.952,2.948,2.52,2.73,3169.94,1379.780029296875
2025-07-23,2.95,2.939,2.51,2.73,3183.77,1373.719970703125
2025-07-24,2.96,2.957,2.51,2.73,3190.45,1372.0
2025-07-25,2.974,2.968,2.51,2.73,3196.05,1372.0
2025-07-28,2.958,2.947,2.51,2.73,3209.52,1388.2900390625
2025-07-29,2.952,2.944,2.51,2.73,3230.57,1388.8599853515625
2025-07-30,2.946,2.941,2.51,2.73,3254.47,1392.52001953125
2025-07-31,2.952,2.936,2.51,2.73,3245.44,1391.510009765625
2025-08-01,2.97,2.95,2.51,2.73,3119.41,1391.510009765625
2025-08-04,2.917,2.898,2.5,2.73,3147.75,1383.5899658203125
2025-08-05,2.917,2.905,2.5,2.73,3198.0,1386.5799560546875
2025-08-06,2.918,2.903,2.5,2.73,3198.14,1384.3900146484375
2025-08-07,2.901,2.878,2.5,2.73,3227.68,1384.969970703125
2025-08-08,2.902,2.885,2.5,2.73,3210.01,1384.969970703125
2025-08-11,2.909,2.898,2.5,2.73,3206.77,1389.7900390625
2025-08-12,2.917,2.908,2.5,2.73,3189.91,1383.0899658203125
2025-08-13,2.907,2.89,2.51,2.73,3224.37,1378.780029296875
2025-08-14,2.896,2.87,2.5,2.73,3225.66,1387.8699951171875
2025-08-18,2.912,2.9,2.51,2.73,3177.28,1386.9100341796875
2025-08-19,2.924,2.919,2.52,2.73,3151.56,1391.3399658203125
2025-08-20,2.923,2.912,2.52,2.73,3130.09,1396.9100341796875
2025-08-21,2.921,2.91,2.52,2.73,3141.74,1399.6099853515625
2025-08-22,2.932,2.926,2.53,2.73,3168.73,1399.6099853515625
2025-08-25,2.915,2.906,2.53,2.73,3209.86,1389.050048828125
2025-08-26,2.902,2.888,2.53,2.73,3179.36,1393.949951171875
2025-08-27,2.887,2.868,2.53,2.73,3187.16,1392.75
2025-08-28,2.898,2.882,2.53,2.73,3196.32,1384.4100341796875
2025-08-29,2.906,2.893,2.53,2.73,3186.01,1384.4100341796875
2025-09-01,2.913,2.898,2.53,2.73,3142.93,1392.93994140625
2025-09-02,2.924,2.912,2.53,2.73,3172.35,1394.5699462890625
2025-09-03,2.946,2.933,2.53,2.73,3184.42,1389.6300048828125
2025-09-04,2.943,2.93,2.56,2.73,3200.83,1392.06005859375
2025-09-05,2.931,2.924,2.57,2.73,3205.12,1392.06005859375
2025-09-08,2.918,2.911,2.56,2.73,3219.59,1385.719970703125
2025-09-09,2.898,2.877,2.54,2.73,3260.05,1387.25
2025-09-10,2.902,2.875,2.55,2.73,3314.53,1387.199951171875
2025-09-11,2.892,2.867,2.54,2.73,3344.2,1389.5
2025-09-12,2.901,2.883,2.54,2.73,3395.54,1389.5
2025-09-15,2.909,2.894,2.54,2.73,3407.31,1385.010009765625
2025-09-16,2.885,2.865,2.56,2.73,3449.62,1377.6400146484375
2025-09-17,2.881,2.862,2.57,2.73,3413.4,1378.68994140625
2025-09-18,2.868,2.85,2.56,2.73,3461.3,1386.75
2025-09-19,2.898,2.885,2.57,2.73,3445.24,1386.75
2025-09-22,2.912,2.904,2.56,2.73,3468.65,1389.3900146484375
2025-09-23,2.912,2.904,2.58,2.73,3486.19,1391.8499755859375
2025-09-24,2.935,2.927,2.58,2.73,3472.14,1403.6500244140625
2025-09-25,2.969,2.97,2.59,2.73,3471.11,1408.9200439453125
2025-09-26,3.001,2.997,2.58,2.73,3386.05,1408.9200439453125
2025-09-29,3.004,3.0,2.57,2.73,3431.21,1399.3299560546875
2025-09-30,3.022,3.018,2.57,2.73,3424.6,1403.1500244140625
2025-10-01,3.033,3.036,2.56,2.73,3455.83,1401.8199462890625
2025-10-02,3.019,3.013,2.55,2.73,3549.21,1405.6300048828125
2025-10-10,3.026,3.021,2.55,2.73,3610.6,1405.6300048828125
2025-10-13,2.995,2.988,2.54,2.73,3584.55,1426.0699462890625
2025-10-14,2.975,2.968,2.54,2.73,3561.81,1429.4300537109375
2025-10-15,2.966,2.957,2.54,2.73,3657.28,1420.0899658203125
2025-10-16,3.004,3.006,2.54,2.73,3748.37,1415.719970703125
2025-10-17,2.99,2.964,2.54,2.73,3748.89,1415.719970703125
2025-10-20,3.004,2.997,2.54,2.73,3814.69,1419.739990234375
2025-10-21,3.024,3.026,2.54,2.73,3823.84,1430.739990234375
2025-10-22,2.999,2.976,2.54,2.73,3883.68,1430.4000244140625
2025-10-23,3.027,3.021,2.54,2.73,3845.56,1435.8399658203125
2025-10-24,3.013,2.999,2.54,2.73,3941.59,1435.8399658203125
2025-10-27,3.036,3.036,2.54,2.73,4042.83,1436.969970703125
2025-10-28,3.047,3.049,2.55,2.73,4010.41,1430.969970703125
2025-10-29,3.085,3.081,2.55,2.73,4081.15,1425.969970703125
2025-10-30,3.135,3.141,2.56,2.75,4086.89,1424.010009765625
2025-10-31,3.122,3.115,2.55,2.76,4107.5,1424.02001953125
2025-11-03,3.147,3.137,2.56,2.76,4221.87,1427.1700439453125
2025-11-04,3.136,3.123,2.57,2.76,4121.74,1428.969970703125
2025-11-05,3.169,3.16,2.57,2.77,4004.42,1439.81005859375
2025-11-06,3.232,3.236,2.58,2.78,4026.45,1439.739990234375
2025-11-07,3.286,3.29,2.6,2.79,3953.76,1447.9000244140625
2025-11-10,3.261,3.267,2.6,2.8,4073.24,1454.0
2025-11-11,3.236,3.236,2.6,2.81,4106.39,1456.0899658203125
2025-11-12,3.331,3.325,2.61,2.84,4150.39,1459.8399658203125
2025-11-13,3.345,3.345,2.7,2.86,4170.63,1468.02001953125
2025-11-14,3.365,3.378,2.72,2.89,4011.57,1468.7099609375
2025-11-17,3.342,3.344,2.74,2.92,4089.25,1446.530029296875
2025-11-18,3.309,3.315,2.74,2.94,3953.62,1461.68994140625
2025-11-19,3.308,3.323,2.75,2.95,3929.51,1456.550048828125
2025-11-20,3.34,3.373,2.76,2.96,4004.85,1466.1300048828125
2025-11-21,3.308,3.334,2.76,2.97,3853.26,1473.25
2025-11-24,3.338,3.366,2.76,2.98,3846.06,1467.72998046875
2025-11-25,3.334,3.366,2.76,2.99,3857.78,1474.8599853515625
2025-11-26,3.328,3.359,2.76,2.99,3960.87,1464.9200439453125
2025-11-27,3.446,3.482,2.8,3.04,3986.91,1470.5899658203125
2025-11-28,3.428,3.455,2.8,3.07,3926.59,1461.4000244140625
2025-12-01,3.481,3.508,2.8,3.11,3920.37,1465.6199951171875
2025-12-02,3.463,3.485,2.8,3.14,3994.93,1470.1700439453125
2025-12-03,3.484,3.502,2.81,3.17,4036.3,1467.3599853515625
2025-12-04,3.474,3.491,2.81,3.2,4028.51,1465.030029296875
2025-12-05,3.453,3.457,2.83,3.22,4100.05,1472.3800048828125
2025-12-08,3.492,3.501,2.83,3.23,4154.85,1471.81005859375
2025-12-09,3.545,3.553,2.83,3.25,4143.55,1468.510009765625
2025-12-10,3.574,3.584,2.83,3.26,4135.0,1467.9300537109375
2025-12-11,3.585,3.6,2.83,3.27,4110.62,1469.0400390625
2025-12-12,3.582,3.582,2.83,3.28,4167.16,1470.8499755859375
2025-12-15,3.499,3.503,2.83,3.29,4090.59,1472.9100341796875
2025-12-16,3.507,3.514,2.84,3.3,3999.13,1467.47998046875
2025-12-17,3.507,3.508,2.84,3.3,4056.41,1471.739990234375
2025-12-18,3.484,3.476,2.84,3.3,3994.51,1474.0
2025-12-19,3.523,3.521,2.85,3.3,4020.55,1474.3599853515625
2025-12-22,3.513,3.504,2.85,3.3,4105.93,1473.719970703125
2025-12-23,3.5,3.47,2.85,3.3,4117.32,1476.8399658203125
2025-12-24,3.475,3.455,2.86,3.3,4108.62,1478.6700439453125
2025-12-26,3.489,3.472,2.87,3.3,4129.68,1446.52001953125
2025-12-29,3.47,3.451,2.87,3.3,4220.56,1441.3299560546875
2025-12-30,3.476,3.458,2.87,3.3,4214.17,1434.7099609375
2025-12-31,3.476,3.458,2.81,3.3,4214.17,1437.9100341796875
2026-01-02,3.459,3.429,2.77,3.3,4309.63,1443.6400146484375
2026-01-05,3.457,3.428,2.76,3.3,4457.52,1440.47998046875
2026-01-06,3.46,3.445,2.75,3.29,4525.48,1445.56005859375
2026-01-07,3.423,3.403,2.72,3.28,4551.06,1444.9599609375
2026-01-08,3.418,3.403,2.7,3.28,4552.37,1446.1400146484375
2026-01-09,3.445,3.431,2.7,3.23,4586.32,1450.0799560546875
2026-01-12,3.469,3.469,2.69,3.19,4624.79,1455.239990234375
2026-01-13,3.486,3.482,2.69,3.15,4692.64,1464.9300537109375
2026-01-14,3.481,3.476,2.69,3.14,4723.1,1473.010009765625
2026-01-15,3.565,3.563,2.68,3.14,4797.55,1462.9000244140625
2026-01-16,3.56,3.56,2.68,3.14,4840.74,1468.8399658203125
2026-01-19,3.599,3.608,2.68,3.13,4904.66,1471.5799560546875
2026-01-20,3.653,3.66,2.68,3.13,4885.75,1471.52001953125
2026-01-21,3.624,3.616,2.68,3.13,4909.93,1477.780029296875
2026-01-22,3.615,3.584,2.68,3.13,4952.53,1464.8299560546875
2026-01-23,3.644,3.618,2.69,3.13,4990.07,1463.260009765625
2026-01-26,3.611,3.581,2.7,3.13,4949.59,1444.81005859375
2026-01-27,3.607,3.579,2.71,3.13,5084.85,1440.97998046875
2026-01-28,3.589,3.561,2.7,3.13,5170.81,1432.510009765625
2026-01-29,3.626,3.608,2.72,3.13,5221.25,1429.27001953125
2026-01-30,3.658,3.647,2.73,3.13,5224.36,1428.760009765625
2026-02-02,3.668,3.666,2.74,3.13,4949.67,1448.800048828125
2026-02-03,3.708,3.702,2.74,3.13,5288.08,1452.5400390625
2026-02-04,3.731,3.742,2.75,3.13,5371.1,1446.6800537109375
2026-02-05,3.724,3.739,2.75,3.13,5163.57,1460.1099853515625
2026-02-06,3.755,3.778,2.78,3.13,5089.14,1470.6800537109375
2026-02-09,3.787,3.804,2.78,3.13,5298.04,1462.4000244140625
2026-02-10,3.759,3.775,2.78,3.13,5301.69,1458.5400390625
2026-02-11,3.746,3.759,2.78,3.13,5354.49,1455.3299560546875
2026-02-12,3.716,3.723,2.78,3.13,5522.27,1444.18994140625
2026-02-13,3.705,3.716,2.78,3.13,5507.01,1440.9000244140625
2026-02-19,3.735,3.752,2.78,3.13,5677.25,1440.1600341796875
2026-02-20,3.718,3.72,2.79,3.13,5808.53,1447.75
2026-02-23,3.725,3.736,2.8,3.13,5846.09,1443.43994140625
2026-02-24,3.73,3.736,2.8,3.13,5969.64,1442.199951171875
2026-02-25,3.705,3.708,2.8,3.13,6083.86,1439.989990234375
2026-02-26,3.653,3.657,2.81,3.13,6307.27,1426.9300537109375
2026-02-27,3.637,3.634,2.81,3.13,6244.13,1432.3199462890625
2026-03-03,3.769,3.778,2.81,3.13,5791.91,1452.27001953125
2026-03-04,3.8,3.816,2.81,3.13,5093.54,1483.0699462890625
2026-03-05,3.777,3.772,2.81,3.13,5583.9,1460.75
2026-03-06,3.815,3.814,2.81,3.13,5584.87,1479.510009765625
2026-03-09,3.997,3.989,2.84,3.13,5251.87,1483.8900146484375
2026-03-10,3.874,3.874,2.83,3.13,5532.59,1464.469970703125
2026-03-11,3.845,3.844,2.83,3.13,5609.95,1472.780029296875
2026-03-12,3.866,3.86,2.83,3.13,5583.25,1475.3399658203125
2026-03-13,3.919,3.925,2.83,3.13,5487.24,1470.5799560546875
2026-03-16,3.887,3.899,2.82,3.13,5549.85,1501.75
2026-03-17,3.906,3.92,2.83,3.13,5640.48,1488.9100341796875
2026-03-18,3.855,3.862,2.83,3.13,5925.03,1484.8699951171875
2026-03-19,3.915,3.927,2.83,3.13,5763.22,1505.25
2026-03-20,3.991,4.01,2.81,3.13,5781.2,1489.8399658203125
2026-03-23,4.197,4.228,2.81,3.13,5405.75,1504.2099609375
2026-03-24,4.121,4.138,2.81,3.13,5553.92,1485.3599853515625
2026-03-25,4.158,4.165,2.82,3.13,5642.21,1497.31005859375
2026-03-26,4.156,4.159,2.82,3.13,5460.46,1500.969970703125
2026-03-27,4.182,4.214,2.82,3.13,5438.87,1508.3599853515625
2026-03-30,4.157,4.168,2.82,3.13,5277.3,1516.1300048828125
2026-03-31,4.166,4.183,2.82,3.13,5052.46,1503.3299560546875
2026-04-01,4.011,4.011,2.82,3.13,5478.7,1512.0899658203125
2026-04-02,4.114,4.116,2.82,3.13,5234.05,1509.219970703125
2026-04-03,4.093,4.09,2.82,3.13,5377.3,1509.219970703125
2026-04-06,4.081,4.077,2.82,3.13,5450.33,1507.8499755859375
2026-04-07,4.107,4.097,2.82,3.12,5494.78,1499.1300048828125
2026-04-08,3.973,3.978,2.81,3.11,5872.34,1477.5999755859375
2026-04-09,3.999,3.992,2.82,3.11,5778.01,1473.280029296875
2026-04-10,4.018,4.02,2.82,3.11,5858.87,1473.280029296875
2026-04-13,4.043,4.043,2.82,3.11,5808.62,1476.8399658203125
2026-04-14,4.005,4.002,2.82,3.1,5967.75,1469.4200439453125
2026-04-15,3.995,3.999,2.81,3.1,6091.39,1474.06005859375
2026-04-16,4.005,4.004,2.82,3.1,6226.05,1477.9200439453125
2026-04-17,4.037,4.035,2.82,3.09,6191.92,1477.9200439453125
2026-04-20,4.016,4.012,2.81,3.08,6219.09,1469.260009765625
2026-04-21,3.994,4.0,2.82,3.08,6388.47,1485.800048828125
2026-04-22,4.028,4.029,2.83,3.08,6417.93,1477.9599609375
2026-04-23,4.107,4.115,2.83,3.08,6475.81,1479.949951171875
2026-04-24,4.145,4.154,2.82,3.08,6475.63,1479.949951171875
2026-04-27,4.147,4.155,2.82,3.08,6615.03,1473.0
2026-04-28,4.182,4.184,2.82,3.08,6641.02,1471.989990234375
2026-04-29,4.185,4.18,2.82,3.08,6690.9,1487.3800048828125
2026-04-30,4.248,4.249,2.81,3.08,6598.87,1474.010009765625
2026-05-04,4.268,4.266,2.81,3.08,6936.99,1476.050048828125
2026-05-06,4.249,4.245,2.82,3.08,7384.56,1444.449951171875
2026-05-07,4.199,4.183,2.82,3.08,7490.05,1454.7900390625
2026-05-08,4.218,4.206,2.81,3.07,7498.0,1454.7900390625
2026-05-11,4.245,4.232,2.81,3.07,7822.24,1474.449951171875
2026-05-12,4.311,4.313,2.81,3.07,7643.15,1492.989990234375
2026-05-13,4.273,4.271,2.81,3.07,7844.01,1489.8399658203125
2026-05-14,4.284,4.282,2.81,3.07,7981.41,1493.3399658203125
2026-05-15,4.391,4.383,2.81,3.07,7493.18,1493.3399658203125
2026-05-18,4.381,4.373,2.81,3.07,7516.04,1492.3199462890625
2026-05-19,4.377,4.366,2.81,3.07,7271.66,1507.8499755859375
2026-05-20,4.386,4.373,2.82,3.07,7208.95,1499.77001953125
2026-05-21,4.381,4.371,2.81,3.07,7815.59,1504.4000244140625
2026-05-22,4.361,4.341,2.81,3.07,7847.71,1504.4000244140625
2026-05-26,4.295,4.281,2.84,3.07,8047.51,1505.43994140625
2026-05-27,4.336,4.333,2.85,3.07,8228.7,1503.1099853515625
2026-05-28,4.384,4.383,2.85,3.07,8185.29,1495.2900390625
2026-05-29,4.353,4.34,2.86,3.07,8476.15,1495.2900390625
2026-06-01,4.41,4.406,2.86,3.07,8788.38,1511.27001953125
2026-06-02,4.397,4.386,2.87,3.08,8801.49,1516.5999755859375
2026-06-04,4.48,4.476,2.87,3.08,8639.41,1533.0699462890625
2026-06-05,4.501,4.496,2.88,3.08,8160.59,1533.0699462890625
2026-06-08,4.565,4.547,2.92,3.09,7484.41,1528.8800048828125
2026-06-09,4.492,4.489,2.91,3.1,8096.93,1525.81005859375
2026-06-10,4.499,4.474,2.94,3.11,7730.82,1525.050048828125
2026-06-11,4.515,4.505,2.95,3.13,7763.95,1517.3800048828125
2026-06-12,4.433,4.403,2.92,3.14,8123.62,1517.3800048828125
2026-06-15,4.373,4.361,2.92,3.14,8545.98,1513.31005859375
2026-06-16,4.348,4.341,2.92,3.14,8726.6,1510.9599609375
2026-06-17,4.345,4.333,2.93,3.14,8864.24,1525.4200439453125
2026-06-18,4.381,4.386,2.92,3.14,9063.84,1537.56005859375
2026-06-19,4.419,4.418,2.92,3.14,9052.42,1537.56005859375
2026-06-22,4.442,4.446,2.92,3.14,9114.55,1539.050048828125
2026-06-23,4.417,4.411,2.92,3.15,8203.84,1535.25
2026-06-24,4.428,4.427,2.92,3.16,8471.02,1542.760009765625
2026-06-25,4.403,4.425,2.92,3.16,8930.3,1546.47998046875
2026-06-26,4.38,4.389,2.92,3.16,8411.21,1546.47998046875
2026-06-29,4.396,4.412,2.92,3.16,8394.65,1541.72998046875
2026-06-30,4.375,4.38,2.92,3.16,8476.48,1548.6099853515625
2026-07-01,4.466,4.472,2.92,3.16,8303.41,1551.81005859375
2026-07-02,4.431,4.434,2.92,3.16,7648.09,1542.1300048828125
2026-07-03,4.433,4.437,2.92,3.16,8088.34,1542.1300048828125
2026-07-06,4.459,4.461,2.92,3.16,8051.33,1528.760009765625
2026-07-07,4.472,4.469,2.91,3.16,7656.31,1519.8599853515625
2026-07-08,4.473,4.472,2.91,3.16,7246.79,1503.3499755859375
2026-07-09,4.478,4.478,2.91,3.16,7291.91,1505.9100341796875
2026-07-10,4.466,4.47,2.9,3.16,7475.94,1505.9100341796875
2026-07-13,4.506,4.513,2.9,3.16,6806.93,1497.699951171875
2026-07-14,4.582,4.594,2.9,3.16,6856.83,1487.8800048828125
2026-07-15,4.563,4.572,2.9,3.16,7284.41,1486.199951171875
2026-07-16,4.544,4.554,2.91,3.17,6820.6,1478.8499755859375
2026-07-20,4.59,4.599,2.91,3.17,6516.27,1475.010009765625
2026-07-21,4.571,4.57,2.91,3.17,6747.95,1479.719970703125
2026-07-22,4.604,4.617,2.91,3.17,6797.7,1475.6300048828125
2026-07-23,4.609,4.617,2.91,3.17,7096.89,1474.0400390625
2026-07-24,4.653,4.653,2.91,3.17,6690.62,1474.0400390625
2026-07-27,4.576,4.57,2.92,3.17,6755.75,1464.43994140625
2026-07-28,4.545,4.532,2.92,3.17,6023.66,1453.1600341796875
2026-07-29,4.512,4.505,2.92,3.17,5663.24,1442.280029296875
2026-07-30,4.541,4.528,2.93,3.17,5593.56,1420.5999755859375
2026-07-31,4.478,4.461,2.95,3.17,6595.45,1420.5999755859375
2026-08-03,4.462,4.443,2.93,3.17,6257.45,1428.5
2026-08-04,4.458,4.441,2.93,3.17,6358.95,1428.4300537109375
2026-08-05,4.392,4.38,2.93,3.17,6598.26,1421.1600341796875
2026-08-06,4.445,4.441,2.93,3.17,6296.38,1422.300048828125
2026-08-07,4.448,4.441,2.93,3.17,6258.77,1422.300048828125
2026-08-10,4.476,4.465,2.93,3.17,6299.66,1417.31005859375
2026-08-11,4.504,4.486,2.93,3.17,6345.53,1412.1800537109375
2026-08-12,4.496,4.471,2.94,3.17,6579.04,1416.4599609375
2026-08-13,4.488,4.464,2.93,3.17,6813.34,1416.8499755859375
2026-08-14,4.492,4.477,2.94,3.17,6977.94,1416.8499755859375
2026-08-18,4.542,4.522,2.93,3.19,6869.83,1413.5799560546875
2026-08-19,4.497,4.471,2.94,3.19,6471.17,1389.4000244140625
2026-08-20,4.504,4.503,2.94,3.19,6852.58,1390.7900390625
2026-08-21,4.542,4.535,2.95,3.19,6912.95,1390.7900390625
2026-08-24,4.52,4.516,2.96,3.19,6696.96,1380.760009765625
2026-08-25,4.516,4.508,2.95,3.19,6742.74,1381.489990234375
2026-08-26,4.5,4.498,2.97,3.2,6808.21,1383.489990234375
2026-08-27,4.448,4.433,3.12,3.24,6912.37,1380.449951171875
2026-08-28,4.476,4.476,3.13,3.25,6788.88,1380.449951171875
2026-08-31,4.516,4.519,3.12,3.25,6820.02,1366.6199951171875
2026-09-01,4.549,4.557,3.12,3.25,6835.8,1372.8599853515625
2026-09-02,4.6,4.612,3.12,3.25,6562.72,1358.3900146484375
2026-09-03,4.567,4.558,3.12,3.25,6579.48,1355.4100341796875
2026-09-04,4.567,4.558,3.12,3.25,6687.21,1355.4100341796875
2026-09-07,4.575,4.57,3.12,3.25,6995.39,1343.5699462890625
2026-09-08,4.575,4.568,3.12,3.25,6954.52,1339.2099609375
2026-09-09,4.581,4.58,3.12,3.26,7051.64,1339.1700439453125
2026-09-10,4.6,4.595,3.13,3.27,7033.92,1348.1700439453125
2026-09-11,4.688,4.685,3.14,3.29,6909.91,1348.1700439453125
2026-09-14,4.69,4.686,3.16,3.29,6684.37,1345.6099853515625
2026-09-15,4.75,4.757,3.17,3.29,6627.26,1363.5699462890625
2026-09-16,4.716,4.7,3.21,3.29,6717.97,1376.5999755859375
2026-09-17,4.726,4.709,3.2,3.29,6724.34,1379.530029296875
2026-09-18,4.706,4.691,3.2,3.29,6724.34,1379.530029296875
2026-09-21,4.724,4.714,3.2,3.33,6724.34,1373.6800537109375
2026-09-22,4.713,4.695,3.21,3.37,6724.34,1350.3599853515625
2026-09-23,4.689,4.66,3.21,3.39,6724.34,1362.5
2026-09-28,4.788,4.777,3.22,3.4,6724.34,1359.56005859375
2026-09-29,4.755,4.738,3.22,3.41,6724.34,1359.56005859375
