date,Level,Slope,Curvature,Level_cum,Slope_cum,Curvature_cum
2017-01-03,-0.07384228813432493,0.372226248400997,-0.927320062178544,-0.07384228813432493,0.372226248400997,-0.927320062178544
2017-01-04,0.4142870775025602,0.00286856089397481,-0.06833047029509118,0.3404447893682353,0.3750948092949718,-0.9956505324736352
2017-01-05,-0.7800221165394338,0.019518056080068697,0.3112810993472974,-0.43957732717119846,0.3946128653750405,-0.6843694331263378
2017-01-06,0.37092719032110494,0.012006375669188045,-0.014809102528543155,-0.06865013685009352,0.40661924104422853,-0.699178535654881
2017-01-09,1.0303205173009917,0.009835398900678005,0.43244345884443913,0.9616703804508981,0.41645463994490656,-0.26673507681044184
2017-01-10,-0.7763765360372988,-0.16252349380348813,0.9468414772191609,0.1852938444135993,0.25393114614141843,0.6801064004087191
2017-01-11,0.41815923155132023,0.18414142749402404,-0.6216893230943933,0.6034530759649195,0.4380725736354425,0.05841707731432577
2017-01-12,-1.2384513100450592,0.2003773296025502,0.5437582343341866,-0.6349982340801397,0.6384499032379927,0.6021753116485123
2017-01-13,0.4492306793698339,-0.1730629138907351,0.020148235210955986,-0.18576755471030576,0.46538698934725753,0.6223235468594683
2017-01-16,0.31064991031335193,0.012035733152320345,-0.6307576925261829,0.12488235560304617,0.4774227224995779,-0.008434145666714521
2017-01-17,-0.18990501878990468,0.19633458124251663,-0.12690678062560734,-0.06502266318685851,0.6737573037420945,-0.13534092629232186
2017-01-18,0.6021544167534996,0.002518398546645892,-0.53407058784341,0.5371317535666411,0.6762757022887405,-0.6694115141357319
2017-01-19,1.0526030482767146,-0.16724235120199465,-0.17928499181207244,1.5897348018433557,0.5090333510867457,-0.8486965059478043
2017-01-20,-0.6504146773335688,0.01847217556099214,-0.17418227721697313,0.9393201245097869,0.5275055266477379,-1.0228787831647774
2017-01-23,-0.49751564074482435,0.02340706686954704,0.44942811063253507,0.4418044837649625,0.5509125935172849,-0.5734506725322424
2017-01-24,-0.6944073366663629,-0.1551464759014613,0.5958492159889878,-0.2526028529014004,0.39576611761582364,0.022398543456745412
2017-01-25,0.6779452019128916,0.01565397989658826,-0.4351374520551854,0.42534234901149126,0.41142009751241193,-0.41273890859844
2017-01-26,1.2948873148475233,-0.181422493822627,-0.4451773970085091,1.7202296638590147,0.22999760368978492,-0.8579163056069491
2017-01-31,-0.6450136913065737,0.18972465200301347,0.19191283279638008,1.0752159725524408,0.4197222556927984,-0.666003472810569
2017-02-01,0.3509332329872036,0.3591577553874799,0.011724667629482035,1.4261492055396445,0.7788800110802783,-0.654278805181087
2017-02-02,-0.33171289847457736,0.010802828422208423,0.24815062611822902,1.0944363070650671,0.7896828395024867,-0.40612817906285803
2017-02-03,0.6181410747068908,0.0040156627823377325,-0.651013850125735,1.712577381771958,0.7936985022848245,-1.0571420291885931
2017-02-06,-0.5906570499098397,0.19169403297695828,-0.09309900009450119,1.1219203318621185,0.9853925352617828,-1.1502410292830942
2017-02-07,-0.7496214636210452,0.19662951321717448,0.20741268403021873,0.3722988682410733,1.1820220484789572,-0.9428283452528755
2017-02-08,0.016699267356503615,-0.1599223354988482,0.4929083598362732,0.3889981355975769,1.022099712980109,-0.44991998541660233
2017-02-09,-0.18078436457167538,-0.15832814717584337,0.0329595476706806,0.20821377102590152,0.8637715658042657,-0.41696043774592173
2017-02-10,0.48107273812561213,0.014016787433917651,0.38490324684588706,0.6892865091515137,0.8777883532381834,-0.03205719090003467
2017-02-13,-0.10025674840855715,0.009055696754439648,0.053469564235423546,0.5890297607429565,0.886844049992623,0.021412373335388875
2017-02-14,-0.2961935853227071,0.016555900976738466,-0.007975131936813675,0.2928361754202494,0.9033999509693614,0.0134372413985752
2017-02-15,0.3342722499963756,0.005984923107639969,-0.022875890152723777,0.627108425416625,0.9093848740770014,-0.009438648754148578
2017-02-16,-0.1526610238588363,0.19504699697107694,-0.06478115999623742,0.47444740155778875,1.1044318710480783,-0.074219808750386
2017-02-17,-0.10137034953292226,-0.16451004439169584,-0.0050473630887410935,0.3730770520248665,0.9399218266563825,-0.0792671718391271
2017-02-20,0.8001709568838764,0.007666571294633443,-0.48472754456572803,1.173248008908743,0.9475883979510159,-0.5639947164048551
2017-02-21,0.4675087859790613,0.008760728653116622,-1.3189685154558224,1.6407567948878041,0.9563491266041325,-1.8829632318606775
2017-02-22,0.8756335667280655,-0.17416181615275395,-0.3714761294268214,2.5163903616158696,0.7821873104513786,-2.254439361287499
2017-02-23,-0.8099002080136918,0.024810415598875285,0.4432126766394834,1.7064901536021777,0.8069977260502539,-1.8112266846480156
2017-02-24,-0.6372285562756823,0.01814498569070325,0.39153467619302035,1.0692615973264954,0.8251427117409571,-1.4196920084549953
2017-02-27,-0.015720374396591585,0.02513331348398755,-0.49916965781474104,1.0535412229299037,0.8502760252249446,-1.9188616662697364
2017-02-28,-0.1680006860302708,-0.3439155889795084,0.5490265726751133,0.885540536899633,0.5063604362454361,-1.369835093594623
2017-03-02,1.3584836416706019,0.36417734308404215,-0.4172693466217328,2.2440241785702346,0.8705377793294783,-1.7871044402163558
2017-03-03,-0.03532519078814075,0.18239527351802745,0.032847462775477246,2.208698987782094,1.0529330528475058,-1.7542569774408785
2017-03-06,0.8769548467997358,0.585701848184554,-0.12348785579011652,3.0856538345818296,1.6386349010320598,-1.877744833230995
2017-03-07,1.3477422892099744,0.3942422222499052,-1.3092839984751925,4.433396123791804,2.032877123281965,-3.1870288317061872
2017-03-08,-0.3369633031011157,-0.9626784019787442,0.7787311773343917,4.096432820690688,1.070198721303221,-2.4082976543717955
2017-03-09,0.22514827751224514,-0.14996209662642432,0.2098621477049688,4.321581098202933,0.9202366246767966,-2.1984355066668266
2017-03-10,-0.194877343305682,0.014943310281648659,-0.21017115805805986,4.126703754897251,0.9351799349584452,-2.4086066647248865
2017-03-13,-0.38959124864487654,0.1917433782610762,0.5644433943648427,3.737112506252375,1.1269233132195213,-1.8441632703600437
2017-03-14,-0.19135807684010842,0.010380081415055187,0.13634514938354408,3.5457544294122663,1.1373033946345765,-1.7078181209764995
2017-03-15,-0.4463680631810609,0.013327154991237891,0.7882698720004951,3.0993863662312053,1.1506305496258145,-0.9195482489760044
2017-03-16,-2.245771759348594,0.21748311300462886,0.5567930227212133,0.8536146068826111,1.3681136626304433,-0.36275522625479106
2017-03-17,-0.09399490290992595,0.3822853769173812,-0.8090201419973125,0.7596197039726852,1.7503990395478244,-1.1717753682521037
2017-03-20,0.07980723762067271,-0.35523332014701836,-0.6494748085453567,0.839426941593358,1.395165719400806,-1.8212501767974603
2017-03-21,0.02260804932227995,0.025478770648252796,-0.2526087584787628,0.862034990915638,1.420644490049059,-2.073858935276223
2017-03-22,-0.28067667148771536,0.01712904191990179,-0.19952771214291506,0.5813583194279226,1.4377735319689606,-2.273386647419138
2017-03-23,-0.13527260855881418,-0.1654964528874148,0.48389176707543874,0.4460857108691084,1.2722770790815459,-1.7894948803436994
2017-03-24,0.679822032652604,0.1905836784944459,-0.8790772577084426,1.1259077435217124,1.4628607575759918,-2.668572138052142
2017-03-27,-0.24832148636345855,-0.17613559682157215,-1.9463614310599513,0.8775862571582539,1.2867251607544197,-4.614933569112093
2017-03-28,0.10806721479864705,0.20697268279737224,0.16329504010460205,0.9856534719569009,1.493697843551792,-4.451638529007491
2017-03-29,-0.13908858055725745,-0.3416583624700959,-0.15854167250510603,0.8465648913996434,1.152039481081696,-4.610180201512597
2017-03-30,0.7178016860729579,-0.1573278024664722,-1.256121461290712,1.5643665774726014,0.9947116786152239,-5.866301662803309
2017-03-31,-0.19390141760712626,-0.34539765022666946,-0.16816135671273366,1.3704651598654751,0.6493140283885545,-6.034463019516043
2017-04-03,-0.3427837649407955,0.37337135699185037,0.47177326512355344,1.0276813949246797,1.0226853853804048,-5.56268975439249
2017-04-04,-0.8866868903788815,0.3682275562086182,1.0446150382648862,0.1409945045457982,1.390912941589023,-4.518074716127604
2017-04-05,0.0521658618135476,0.00571721828803117,0.49358984135884176,0.1931603663593458,1.396630159877054,-4.024484874768762
2017-04-06,0.8317859525473171,0.004636944764257983,-0.15930484602168082,1.024946318906663,1.401267104641312,-4.183789720790442
2017-04-07,0.01823646333614112,0.014767127084021796,0.5287363767312216,1.0431827822428041,1.4160342317253338,-3.6550533440592208
2017-04-10,1.4092770695182701,0.00034477791597149835,-0.7044117128505307,2.4524598517610743,1.4163790096413054,-4.359465056909752
2017-04-11,-0.8486912767881702,0.021877320675040637,-0.34179220038467384,1.603768574972904,1.438256330316346,-4.701257257294426
2017-04-12,-0.19389326050885436,0.016531499597684844,0.24606661695518234,1.4098753144640497,1.4547878299140309,-4.455190640339244
2017-04-13,-0.6682027157574003,0.01848281937522806,0.2702956577771955,0.7416725987066494,1.4732706492892589,-4.1848949825620485
2017-04-14,0.10606835951718262,0.00657227188268982,-0.02479145407498578,0.847740958223832,1.4798429211719486,-4.209686436637035
2017-04-17,-0.25022022567886987,0.01668853418987972,0.21836432107142156,0.5975207325449621,1.4965314553618283,-3.991322115565613
2017-04-18,0.0521944061397782,0.010162369144032186,-0.15469136834801392,0.6497151386847403,1.5066938245058605,-4.1460134839136265
2017-04-19,-0.5380060428814369,0.020486201462506654,0.560508528793269,0.11170909580330335,1.5271800259683672,-3.5855049551203573
2017-04-20,0.28068344747353263,-0.1652320723453686,-0.6109746287298151,0.392392543276836,1.3619479536229986,-4.196479583850173
2017-04-21,0.3044426993645488,0.013134446377716037,-0.005614035898651024,0.6968352426413849,1.3750824000007147,-4.2020936197488234
2017-04-24,0.8570176344192828,-0.003427748094818195,-0.84532617312259,1.5538528770606677,1.3716546519058965,-5.0474197928714135
2017-04-25,-0.39945419717316694,0.1883602459146912,-0.28558886653404664,1.1543986798875008,1.5600148978205877,-5.33300865940546
2017-04-26,0.16861126326732928,0.17450246843141323,-0.037946278354886204,1.3230099431548301,1.7345173662520008,-5.370954937760347
2017-04-27,-0.24394673946919698,0.9706814025187566,-0.13033600882781518,1.0790632036856331,2.7051987687707575,-5.5012909465881625
2017-04-28,0.006613017616589232,-0.7351929662495019,0.1212052703423436,1.0856762213022224,1.9700058025212557,-5.380085676245819
2017-05-02,0.7637622482780533,-0.1583460281662516,-0.7212275194559404,1.8494384695802757,1.811659774355004,-6.101313195701759
2017-05-04,-0.4298786695942922,0.024189981897221016,0.4542610500492027,1.4195597999859835,1.8358497562522251,-5.647052145652556
2017-05-08,0.5756061934760449,-0.17235177865657372,0.09912255513378648,1.9951659934620283,1.6634979775956513,-5.54792959051877
2017-05-10,1.1602089565688716,-0.0039577663672688305,-0.9376686257939709,3.1553749500309,1.6595402112283826,-6.485598216312741
2017-05-11,-0.08446725934991137,0.01995773543051655,0.03509090379847885,3.0709076906809885,1.679497946658899,-6.450507312514262
2017-05-12,-0.3642350803177889,0.01116332394205896,-0.2922103493615281,2.7066726103631997,1.690661270600958,-6.74271766187579
2017-05-15,0.22856480925630326,0.012284726476391799,-0.5930101545931852,2.935237419619503,1.70294599707735,-7.3357278164689745
2017-05-16,0.012438372534269429,0.014412752098773482,0.21841262904174802,2.9476757921537726,1.7173587491761235,-7.117315187427226
2017-05-17,-1.1007452696345759,0.022557731276622372,0.43893405606035457,1.8469305225191968,1.7399164804527458,-6.678381131366872
2017-05-18,-0.08358398261421193,0.01160404184572047,0.05552553709645473,1.7633465399049848,1.7515205222984662,-6.622855594270417
2017-05-19,-0.4097714403333236,0.015920355576470778,-0.23343705798642558,1.3535750995716613,1.767440877874937,-6.856292652256843
2017-05-22,0.7723049745668101,0.004183369169661348,-0.858839615188581,2.1258800741384714,1.7716242470445984,-7.715132267445424
2017-05-23,-0.33499616548931294,0.016709531316477136,0.14983615493696512,1.7908839086491584,1.7883337783610755,-7.565296112508459
2017-05-24,0.3896300277739517,0.00030305872685429175,0.13778184397055102,2.18051393642311,1.7886368370879298,-7.427514268537908
2017-05-25,-0.5284881478365416,0.19928176011547022,0.6430033537625409,1.6520257885865686,1.9879185972034,-6.784510914775367
2017-05-26,-0.29843446126306183,-0.16850944784974953,0.3938804764614073,1.3535913273235067,1.8194091493536504,-6.390630438313959
2017-05-29,0.05402454158353627,0.01940346061853226,-0.3097828330019766,1.407615868907043,1.8388126099721827,-6.700413271315936
2017-05-30,-0.5564065643229228,-0.14932604812129568,0.30809014234087506,0.8512093045841203,1.689486561850887,-6.392323128975061
2017-05-31,0.11189497941739682,-0.33727949783826355,-0.05414171470356335,0.963104284001517,1.3522070640126234,-6.4464648436786245
2017-06-01,-0.45904219061359497,0.18939887839096264,0.07553639926610282,0.5040620933879221,1.541605942403586,-6.370928444412522
2017-06-02,-0.10723915030519032,0.5462720274676881,-0.4759494874614578,0.39682294308273175,2.087877969871274,-6.84687793187398
2017-06-05,-0.5295895231168504,-0.356778671495101,0.37504103149245616,-0.13276658003411862,1.731099298376173,-6.471836900381524
2017-06-07,-0.4096348193685377,0.20950767672487797,1.0445524011090173,-0.5424013994026563,1.940606975101051,-5.427284499272506
2017-06-08,0.1984187069779534,-0.171397450233925,0.6004080110834824,-0.3439826924247029,1.769209524867126,-4.826876488189024
2017-06-09,-0.08430897244374963,0.19437796580421127,0.12491038589811519,-0.42829166486845255,1.9635874906713373,-4.701966102290909
2017-06-12,1.3525566505368496,-0.005282944370549808,0.502085728335722,0.9242649856683971,1.9583045463007875,-4.199880373955187
2017-06-13,-1.2492791908815688,0.02644003595995135,0.5831950574897025,-0.3250142052131717,1.9847445822607388,-3.6166853164654844
2017-06-14,0.03287199488266604,0.011562736395303747,0.7287282637831567,-0.2921422103305057,1.9963073186560425,-2.887957052682328
2017-06-15,-0.9074438785292692,0.028347414074577613,1.8971990532675096,-1.199586088859775,2.02465473273062,-0.9907579994148183
2017-06-16,0.546517303094561,0.006099874417775993,-0.6916169569408878,-0.6530687857652139,2.030754607148396,-1.682374956355706
2017-06-19,-0.0876430207311281,0.012405243290975792,-0.5947163181414791,-0.7407118064963419,2.0431598504393715,-2.277091274497185
2017-06-20,-0.2538607025049864,0.012770041813658184,0.43309168994536096,-0.9945725090013283,2.0559298922530296,-1.843999584551824
2017-06-21,-0.14360430391054646,0.014923634955014494,0.7874899817360613,-1.1381768129118748,2.070853527208044,-1.0565096028157628
2017-06-22,0.1352972163081263,0.018513487282089167,0.37472383666407316,-1.0028795966037485,2.0893670144901333,-0.6817857661516896
2017-06-23,-0.4681324857414793,-0.1558035157463503,0.4949508501329489,-1.4710120823452277,1.933563498743783,-0.1868349160187407
2017-06-26,-0.1311987188029343,-0.1592498384974681,0.14418302100771246,-1.602210801148162,1.774313660246315,-0.04265189501102823
2017-06-27,0.007560028682918697,0.016332269095140114,-0.3234750765415819,-1.5946507724652432,1.7906459293414552,-0.36612697155261015
2017-06-28,1.11816462398118,0.007846405728500618,-0.26779912809251494,-0.47648614848406323,1.7984923350699558,-0.633926099645125
2017-06-29,0.04245696858335716,-0.3498188199249238,-0.843735579399839,-0.43402917990070605,1.4486735151450318,-1.4776616790449641
2017-06-30,0.6053691354098584,-0.38526250732256423,-1.8043047674702661,0.17133995550915232,1.0634110078224677,-3.2819664465152303
2017-07-03,0.3864718025094584,0.5822517622088647,-0.18498199819311556,0.5578117580186107,1.6456627700313322,-3.466948444708346
2017-07-04,0.8702104789487448,0.5618452261626948,-0.8916032215373771,1.4280222369673554,2.207507996194027,-4.358551666245723
2017-07-05,0.02725315866195531,0.18893996110995925,0.4208772843644903,1.4552753956293107,2.396447957303986,-3.9376743818812328
2017-07-06,0.05926435440355081,-0.1649646203641464,0.34132737020731063,1.5145397500328615,2.2314833369398395,-3.596347011673922
2017-07-07,0.5699547451504254,-0.1609088117334938,0.5121204413638533,2.0844944951832867,2.0705745252063457,-3.0842265703100686
2017-07-10,-0.7927663573643654,0.02537719350868644,0.285995271722279,1.2917281378189212,2.0959517187150323,-2.7982312985877895
2017-07-11,-0.22892827095099036,0.015495625940258696,0.46101455216339154,1.0627998668679308,2.111447344655291,-2.337216746424398
2017-07-12,-0.22141898608917485,0.014918023732719134,0.45332845316954445,0.841380880778756,2.12636536838801,-1.8838882932548535
2017-07-13,-0.6255844424633071,0.021904821952874402,0.40499472120402724,0.2157964383154488,2.1482701903408845,-1.4788935720508263
2017-07-14,0.1367538913195948,0.005468157335106401,-0.019521164347392973,0.3525503296350436,2.153738347675991,-1.4984147363982192
2017-07-17,0.3807842511034514,0.18493286309833995,-0.24968521457193407,0.733334580738495,2.3386712107743306,-1.7480999509701534
2017-07-18,-0.4299575522154131,0.013095276362101097,0.20808855131219461,0.3033770285230819,2.3517664871364317,-1.5400113996579587
2017-07-19,-0.01619129747220367,0.013896601482445958,0.08734486560117623,0.28718573105087825,2.3656630886188776,-1.4526665340567826
2017-07-20,-0.16846279575539566,0.017234718200976475,-0.352516166042134,0.11872293529548258,2.3828978068198543,-1.8051827000989165
2017-07-21,-0.43977876172364244,-0.16085843170748074,-0.05004058207405011,-0.3210558264281599,2.2220393751123737,-1.8552232821729666
2017-07-24,0.008183536953492058,0.015686264925970802,-0.32168750345445984,-0.31287228947466783,2.2377256400383443,-2.1769107856274266
2017-07-25,-0.4152361236046664,0.018250214489198124,0.43444680102808353,-0.7281084130793343,2.2559758545275423,-1.742463984599343
2017-07-26,0.5942250061779238,0.009596058118370944,-0.047897177171443504,-0.13388340690141043,2.2655719126459135,-1.7903611617707866
2017-07-27,-0.4168453799452842,0.013460157211638209,-0.490781219763225,-0.5507287868466946,2.2790320698575517,-2.2811423815340115
2017-07-28,0.2677873712973202,0.18932184219602435,-0.000314090810303096,-0.28294141554937435,2.4683539120535762,-2.2814564723443147
2017-07-31,0.01251511463283081,-0.16351556373946521,0.09834582003591293,-0.2704263009165435,2.304838348314111,-2.1831106523084016
2017-08-01,0.6817239951167564,0.17670331410875584,-0.9221648632822131,0.4112976942002129,2.481541662422867,-3.105275515590615
2017-08-02,-0.16673468299581587,0.3638206739335232,0.21168066291497567,0.24456301120439702,2.84536233635639,-2.893594852675639
2017-08-03,0.11038013337158574,-0.17300203371195735,-0.026324510199889007,0.35494314457598275,2.6723603026444325,-2.919919362875528
2017-08-04,0.07540229236806073,0.01443562104906631,-0.4919508171897727,0.4303454369440435,2.6867959236934986,-3.411870180065301
2017-08-07,0.6690387758665691,0.3540451439726553,0.08316033896749034,1.0993842128106126,3.040841067666154,-3.3287098410978104
2017-08-08,0.5454473742369317,0.37995757310977496,0.4888029500675493,1.6448315870475443,3.4207986407759288,-2.839906891030261
2017-08-09,0.6411889693293668,-0.9194392616227407,0.34859126675299884,2.286020556376911,2.501359379153188,-2.4913156242772625
2017-08-10,-0.3768207147765643,0.041427683811407594,0.15165371136507833,1.9091998416003466,2.5427870629645954,-2.339661912912184
2017-08-11,-0.5996179619218699,0.009071523351127972,0.4268069011952373,1.3095818796784768,2.5518585863157233,-1.9128550117169467
2017-08-14,-0.15863302509879673,0.37557777326581254,0.2823695900512906,1.15094885457968,2.927436359581536,-1.6304854216656561
2017-08-16,0.6520492038646764,0.00046619919962311756,-0.3116405807135199,1.8029980584443563,2.927902558781159,-1.942126002379176
2017-08-17,-0.3090960585002861,-0.15808781555323073,-0.41126380276703134,1.4939019999440704,2.7698147432279283,-2.3533898051462074
2017-08-18,-0.17148434653613182,-0.16319728818459542,-0.7700565232326129,1.3224176534079386,2.6066174550433328,-3.1234463283788205
2017-08-21,-0.1403473724835273,0.02082840677496613,0.31418690956048784,1.1820702809244112,2.6274458618182988,-2.809259418818333
2017-08-22,0.12980971318415507,0.01379163305230798,0.6274701274943276,1.3118799941085664,2.6412374948706066,-2.181789291324005
2017-08-23,-0.09004274700213258,0.01584983442738935,-0.33751775540024886,1.2218372471064338,2.6570873292979957,-2.519307046724254
2017-08-24,0.06203658680802407,-0.16348681759863776,-0.38399673588477057,1.283873833914458,2.493600511699358,-2.903303782609025
2017-08-25,-0.9045679042720682,0.02541696045341968,-0.4513058898686752,0.37930592964238974,2.5190174721527776,-3.3546096724777
2017-08-28,-0.05384119212905096,-0.16156633861326003,0.38786569440507807,0.32546473751333876,2.3574511335395174,-2.966743978072622
2017-08-29,0.10789510054687379,0.020925513737240865,0.5784349726498897,0.43335983806021255,2.3783766472767582,-2.3883090054227325
2017-08-30,-0.4362051000645038,0.023376348366040616,-0.0949255163444739,-0.002845262004291249,2.401752995642799,-2.4832345217672063
2017-08-31,0.11772042872494466,-0.34537853273112007,-0.06555387712277287,0.11487516672065341,2.0563744629116787,-2.5487883988899793
2017-09-01,-0.02428412597672015,0.19605826443430638,-0.03904559176556512,0.09059104074393326,2.252432727345985,-2.5878339906555445
2017-09-04,0.8990857207161066,0.17307510540705004,-0.28406582047507856,0.9896767614600399,2.425507832753035,-2.871899811130623
2017-09-05,-0.18560643999235052,0.19007096904432266,0.25987013564105105,0.8040703214676894,2.6155788017973576,-2.612029675489572
2017-09-06,-0.6063699155795992,0.021085298173115923,1.042253228810854,0.19770040588809024,2.6366640999704734,-1.569776446678718
2017-09-07,-0.18551327046746666,-0.15943797556845796,0.5502135121386917,0.01218713542062358,2.4772261244020153,-1.0195629345400263
2017-09-08,-0.7138389038118873,0.01793291057099483,-0.011530201480771258,-0.7016517683912638,2.49515903497301,-1.0310931360207976
2017-09-11,-0.027131429587002553,0.017407375316321267,0.30846553306955665,-0.7287831979782663,2.512566410289331,-0.7226276029512408
2017-09-12,-0.06500186609069217,-0.16510632320171775,-0.018252110813922497,-0.7937850640689584,2.3474600870876134,-0.7408797137651634
2017-09-13,-0.1489169888064973,0.017406237682412878,-0.24755696021767337,-0.9427020528754557,2.364866324770026,-0.9884366739828367
2017-09-14,-0.14672718606626856,0.01065245393757743,0.2634444525873444,-1.0894292389417242,2.3755187787076038,-0.7249922213954924
2017-09-15,-4.581078420447104e-05,0.18540873514812167,0.06420189326471568,-1.0894750497259287,2.5609275138557255,-0.6607903281307766
2017-09-18,0.35851314722763855,-0.0007587651539025575,-0.6093973417522904,-0.7309619024982901,2.5601687487018228,-1.2701876698830672
2017-09-19,0.6640502821471254,0.18361179049203696,0.30583761058630066,-0.06691162035116471,2.74378053919386,-0.9643500592967665
2017-09-20,-0.30111977385229727,-0.1638735787533764,0.3643866678852023,-0.368031394203462,2.5799069604404834,-0.5999633914115643
2017-09-21,0.021998679159509687,0.016955534899413854,-0.11845884291981643,-0.3460327150439523,2.5968624953398973,-0.7184222343313807
2017-09-22,-0.2851888533471561,0.02158792868873737,0.22321672390514796,-0.6312215683911084,2.6184504240286346,-0.4952055104262328
2017-09-25,0.13616049221760296,-0.1647104580362884,0.20024425220111175,-0.4950610761735055,2.4537399659923462,-0.29496125822512104
2017-09-26,0.8771377188061146,0.19264624903556182,0.27872052938051456,0.3820766426326091,2.646386215027908,-0.016240728844606478
2017-09-27,1.1887539473894213,-0.17788308743509174,1.02257764905764,1.5708305900220303,2.4685031275928164,1.0063369202130334
2017-09-28,0.4722010724766953,0.013347110480505374,-1.3500819145589298,2.0430316624987257,2.4818502380733216,-0.34374499434589634
2017-09-29,-0.30650633715222936,-0.1628341145165338,0.8166569203000394,1.7365253253464963,2.319016123556788,0.4729119259541431
2017-10-10,0.9293303554953437,0.17387797448506173,1.0011683373297209,2.66585568084184,2.4928940980418495,1.4740802632838639
2017-10-11,-0.21054424926610738,0.3635193179354773,0.052097684717630176,2.4553114315757325,2.8564134159773267,1.526177948001494
2017-10-12,-0.515732437892262,-0.17263975999555684,-0.3455134446297556,1.9395789936834706,2.6837736559817698,1.1806645033717384
2017-10-13,0.10498142960772876,0.014461299744025036,0.3902343587273236,2.0445604232911996,2.6982349557257947,1.570898862099062
2017-10-16,0.2502219083071085,0.005888073544249649,0.07116294731517936,2.294782331598308,2.704123029270044,1.6420618094142414
2017-10-17,0.2282153642300871,0.18927989336190357,0.39044866691118124,2.522997695828395,2.8934029226319478,2.0325104763254225
2017-10-18,-0.18370326627729866,0.008686781986738397,-0.17205222615185253,2.3392944295510962,2.902089704618686,1.86045825017357
2017-10-19,1.126076501277608,0.008313470386278474,2.773382257282572,3.465370930828704,2.910403175004965,4.633840507456142
2017-10-20,1.090872370299007,0.017464696012236044,4.696963397882233,4.5562433011277115,2.927867871017201,9.330803905338374
2017-10-23,-0.5831367251503321,0.014272447393271142,-1.7682812727103179,3.973106575977379,2.942140318410472,7.562522632628056
2017-10-24,0.3922311745011044,0.01373087085432787,0.7829843830094283,4.365337750478483,2.9558711892648,8.345507015637484
2017-10-25,1.095378505188507,0.003919562890337284,-0.36262177923700917,5.46071625566699,2.959790752155137,7.982885236400475
2017-10-26,1.0632676327182555,-0.1839704788683414,3.623579715173199,6.523983888385246,2.775820273286796,11.606464951573674
2017-10-27,-0.20802208140100895,0.21462279268772672,-0.30215667328938406,6.3159618069842365,2.9904430659745227,11.30430827828429
2017-10-30,-0.12128386431128257,0.2100351817797345,-1.8182786936529922,6.1946779426729535,3.200478247754257,9.486029584631298
2017-10-31,1.3422939310234776,-0.6155149802378144,-3.933927683922992,7.536971873696431,2.584963267516443,5.552101900708307
2017-11-01,-0.5015509170659083,0.3976445950301598,-0.5486906432020245,7.035420956630523,2.982607862546603,5.003411257506282
2017-11-02,-0.7384252149650463,0.0077210965135380135,0.9196763555995161,6.2969957416654765,2.990328959060141,5.923087613105798
2017-11-03,0.1516730396285744,0.010526275180713997,0.22883493360293214,6.448668781294051,3.0008552342408548,6.15192254670873
2017-11-06,0.4723594976613549,0.1916519804612701,-0.2836918427334422,6.921028278955406,3.192507214702125,5.8682307039752875
2017-11-07,-0.5700570989069355,-0.348177586473574,-0.1854403549403388,6.350971180048471,2.844329628228551,5.682790349034948
2017-11-08,0.11602540109921078,0.3772631119079685,0.3591688248656535,6.466996581147681,3.2215927401365194,6.041959173900602
2017-11-09,-0.11391351429952781,-0.17633044150159463,-0.3371546805360916,6.3530830668481535,3.045262298634925,5.70480449336451
2017-11-10,0.06104646209168505,0.022260089996237076,0.2531589191413494,6.414129528939839,3.0675223886311622,5.95796341250586
2017-11-13,0.6581788564957094,-0.17413078886052627,0.170435505130327,7.072308385435548,2.893391599770636,6.128398917636187
2017-11-14,0.91585293457296,0.1846073503007151,-0.5327767093104261,7.988161320008508,3.0779989500713514,5.595622208325761
2017-11-15,-0.6900696447666405,0.012797148053842789,-0.6528367043825078,7.298091675241868,3.0907960981251943,4.942785503943253
2017-11-16,-0.15334054699890007,0.01640819707409455,0.07671105728160242,7.144751128242968,3.107204295199289,5.019496561224855
2017-11-17,0.08254411502002637,0.015393271864151112,-0.17518143821062196,7.227295243262994,3.12259756706344,4.844315123014233
2017-11-20,-0.3538138185336193,-0.15863157789241591,-0.4423469604594102,6.873481424729375,2.963965989171024,4.401968162554823
2017-11-21,-0.1388248774839863,0.01595858502140933,0.33860356397542685,6.734656547245389,2.9799245741924336,4.74057172653025
2017-11-22,0.04985479435792809,0.18980542436610603,0.469138353423582,6.7845113416033165,3.1697299985585397,5.209710079953832
2017-11-23,-0.6129249410363322,-0.1683418708125601,-0.8874216022612048,6.1715864005669845,3.0013881277459795,4.322288477692627
2017-11-24,0.42284105268183647,0.021564038335424168,1.030855207809344,6.594427453248821,3.022952166081404,5.353143685501971
2017-11-27,-0.07734636963386378,-0.17119874661844395,-0.46357322648263866,6.517081083614958,2.85175341946296,4.889570459019332
2017-11-28,-1.4794223438761975,0.03782260013366622,2.6197298102026867,5.03765873973876,2.889576019596626,7.5093002692220185
2017-11-29,-0.41464650073278897,0.017397562345219875,0.7572533359735736,4.623012239005972,2.906973581941846,8.266553605195591
2017-11-30,-0.4823100070377605,-5.438648609105857,-1.7980292152810515,4.140702231968211,-2.531675027164011,6.46852438991454
2017-12-01,0.19945253108841116,1.045496928327113,0.18343257954266587,4.340154763056622,-1.486178098836898,6.651956969457206
2017-12-04,-0.14414400841397013,-0.013747845385320407,0.3360765026892246,4.196010754642653,-1.4999259442222184,6.988033472146431
2017-12-05,0.516682752441996,0.18602083970773456,0.36402312889582533,4.712693507084649,-1.3139051045144838,7.352056601042256
2017-12-06,-0.7625071647913856,-0.1582354859666783,0.2965101659938904,3.950186342293263,-1.4721405904811622,7.648566767036146
2017-12-07,0.3539353872828733,-0.14322931525581367,-0.2974816077145431,4.304121729576137,-1.615369905736976,7.351085159321603
2017-12-08,0.1839176547210281,-0.5146798319311042,-0.3383005043537277,4.488039384297164,-2.13004973766808,7.012784654967875
2017-12-11,0.17599424409091252,0.0187019219377788,-0.4004275926215972,4.664033628388077,-2.1113478157303014,6.612357062346279
2017-12-12,-0.5020745779753989,0.18867786055751126,0.3729729639635125,4.161959050412678,-1.9226699551727902,6.985330026309791
2017-12-13,-0.08594441441505524,0.18571092086169358,-0.34177980380028794,4.076014635997622,-1.7369590343110966,6.6435502225095036
2017-12-14,-0.006971144311564062,0.008206824569369957,-0.05165920176715003,4.069043491686059,-1.7287522097417265,6.591891020742353
2017-12-15,-0.20848025991196714,-0.16273297012874685,0.21040291161099497,3.8605632317740914,-1.8914851798704733,6.802293932353348
2017-12-18,-0.054499307290107366,0.19030960139371064,1.0486930067153446,3.806063924483984,-1.7011755784767626,7.850986939068693
2017-12-19,0.24879320631934906,0.011203246065459542,0.46127390405043883,4.054857130803333,-1.689972332411303,8.312260843119132
2017-12-20,0.40213231866699595,-0.16103590382082028,-1.3851010176854612,4.456989449470329,-1.8510082362321232,6.927159825433671
2017-12-21,0.14511531139699102,-0.34553432312374355,0.31505215818687093,4.60210476086732,-2.1965425593558665,7.2422119836205425
2017-12-22,0.3990484483962378,0.38758991400437476,1.259411985476101,5.001153209263558,-1.8089526453514917,8.501623969096643
2017-12-26,-0.12484893488223585,-0.17885065014462012,-0.07127618539820912,4.876304274381322,-1.9878032954961118,8.430347783698434
2017-12-27,0.44235373011964196,0.2042327935264883,0.3925729922868983,5.318658004500964,-1.7835705019696235,8.822920775985331
2017-12-28,-0.40972692862479776,-0.7531222256916112,-0.30426731834112997,4.908931075876167,-2.5366927276612348,8.5186534576442
2017-12-29,-0.01649256439450251,-0.5802206209671494,0.033737001622172115,4.892438511481664,-3.116913348628384,8.552390459266373
2018-01-02,0.1330143648424877,1.2047032285107644,-1.4716285608151565,5.025452876324152,-1.9122101201176198,7.080761898451216
2018-01-03,0.3307380348614937,0.3862404832994784,-0.716985128047906,5.356190911185646,-1.5259696368181415,6.363776770403311
2018-01-04,0.35252967543254105,0.3765258552642301,-0.07667376284074127,5.7087205866181865,-1.1494437815539114,6.287103007562569
2018-01-05,-0.36881183744880597,0.19348794972183198,-1.094359532578726,5.33990874916938,-0.9559558318320793,5.1927434749838435
2018-01-08,0.6478492115737439,0.1916484204355154,-0.2987456629756212,5.987757960743124,-0.764307411396564,4.893997812008222
2018-01-09,0.16744855751546858,-0.5298045831286515,0.9832691502685705,6.155206518258593,-1.2941119945252155,5.877266962276793
2018-01-10,1.0901010529017878,-0.34997234831610313,0.4160578560561131,7.245307571160381,-1.6440843428413188,6.2933248183329065
2018-01-11,-0.6951335145609375,0.20425841606569012,-0.3988561546964588,6.5501740565994435,-1.4398259267756286,5.894468663636448
2018-01-12,0.43714497611790837,0.008580376815411694,0.3502255947371181,6.987319032717352,-1.4312455499602168,6.244694258373566
2018-01-15,0.8490394441734623,0.008189633226815247,1.1975873038297171,7.836358476890814,-1.4230559167334016,7.442281562203283
2018-01-16,-0.2476196890673833,0.01245157404332383,-0.12037928627556232,7.588738787823431,-1.4106043426900778,7.321902275927721
2018-01-17,-0.12349537301757356,0.18612309750395337,0.47174762087184524,7.465243414805857,-1.2244812451861244,7.793649896799566
2018-01-18,-0.5715114600755599,0.009994768871321166,-1.684538088052611,6.893731954730297,-1.2144864763148033,6.109111808746955
2018-01-19,0.4151811273050312,0.008083556861144965,-0.9759820723121415,7.308913082035328,-1.2064029194536583,5.133129736434814
2018-01-22,0.3541807326123691,0.010642720887476451,0.5309556872973062,7.663093814647698,-1.1957601985661819,5.66408542373212
2018-01-23,-0.42502376110373874,0.02254741585060042,1.0550405541585304,7.238070053543959,-1.1732127827155814,6.71912597789065
2018-01-24,-0.24539427782554377,0.010373905016499109,0.8134790511597365,6.992675775718415,-1.1628388776990823,7.532605029050387
2018-01-25,0.31980987442417663,0.01103181878160424,0.4108814549744376,7.312485650142592,-1.151807058917478,7.943486484024825
2018-01-26,0.435059584995538,0.006845186699288947,-0.6439750960451459,7.74754523513813,-1.1449618722181891,7.2995113879796785
2018-01-29,1.5865724142571627,-0.0024418737428721924,-0.10002725317833731,9.334117649395292,-1.1474037459610613,7.199484134801341
2018-01-30,1.2416577742197583,-0.0029461337341594547,-2.466925799590475,10.57577542361505,-1.1503498796952207,4.732558335210866
2018-01-31,-0.5223074994763605,-0.9752308699111761,-0.5304836574710367,10.05346792413869,-2.1255807496063968,4.202074677739829
2018-02-01,-0.6670132183492573,0.8147858347262854,-0.011917332977389629,9.386454705789433,-1.3107949148801112,4.190157344762439
2018-02-02,0.12470565351631731,0.8079109549342908,-0.9168515612205104,9.51116035930575,-0.5028839599458205,3.273305783541929
2018-02-05,0.904649007262411,-0.377839150726602,-0.6414190619972782,10.41580936656816,-0.8807231106724225,2.6318867215446504
2018-02-06,-1.219530584816754,0.2234443638443579,0.009022483399100029,9.196278781751406,-0.6572787468280645,2.6409092049437506
2018-02-07,-0.4318827393870346,-0.34475766678429426,0.44930440965568264,8.764396042364371,-1.0020364136123587,3.090213614599433
2018-02-08,0.5784528100524059,0.3956890840993884,0.10492044904927017,9.342848852416777,-0.6063473295129703,3.195134063648703
2018-02-09,0.2869080882351841,-0.5293185636955315,-0.5832179311603356,9.629756940651962,-1.1356658932085018,2.6119161324883677
2018-02-12,0.7211447641722653,-0.1482228207642643,0.309995947474113,10.350901704824228,-1.283888713972766,2.921912079962481
2018-02-13,-0.5455843725151125,0.019308092178496133,-0.1763886797594998,9.805317332309116,-1.2645806217942699,2.7455234002029814
2018-02-14,-0.28652549637199864,0.009775055565954868,0.07286301334050563,9.518791835937117,-1.254805566228315,2.818386413543487
2018-02-19,0.799823275416223,0.16941830464654206,0.06603715480640181,10.31861511135334,-1.085387261581773,2.8844235683498884
2018-02-20,0.29039133028115033,0.3579344583276685,-0.26667977925478387,10.60900644163449,-0.7274528032541046,2.6177437890951047
2018-02-21,-0.23895368584004456,0.016026823465133715,-0.010957667387363269,10.370052755794445,-0.7114259797889708,2.6067861217077413
2018-02-22,0.12113096619598913,-0.1777607096279157,-0.726482687545395,10.491183721990435,-0.8891866894168865,1.8803034341623461
2018-02-23,-0.10950390880235232,0.3745471299090906,-1.2011955601412363,10.381679813188082,-0.5146395595077959,0.6791078740211098
2018-02-26,-0.7142560432911524,-0.16465148438946428,0.6336550861185662,9.66742376989693,-0.6792910438972602,1.312762960139676
2018-02-27,-0.5022210927080402,-0.327501100986471,0.6478863535895867,9.165202677188889,-1.0067921448837311,1.9606493137292627
2018-02-28,0.21080051993075832,-0.16075283249062958,-0.13648037533630208,9.376003197119648,-1.1675449773743607,1.8241689383929605
2018-03-02,0.2299567945468722,0.19940507060115287,1.0509915956630902,9.60595999166652,-0.9681399067732078,2.8751605340560507
2018-03-05,0.15331526429741457,0.7959418713287129,0.10213949418254485,9.759275255963935,-0.17219803544449497,2.9773000282385955
2018-03-06,0.30224869512156416,0.6050085475556733,-0.7947767482384726,10.0615239510855,0.4328105121111784,2.182523280000123
2018-03-07,-0.5834961900380721,-0.9619115369329283,0.1513927217131975,9.478027761047427,-0.5291010248217499,2.3339160017133205
2018-03-08,-0.15503527500490352,-0.3380766262364336,-0.19229978895111452,9.322992486042523,-0.8671776510581835,2.141616212762206
2018-03-09,0.32582513612350433,0.19389629176468756,-0.24789811474398268,9.648817622166026,-0.6732813592934959,1.8937180980182233
2018-03-12,0.41920199758881,-0.17615202660050044,0.1718416472512905,10.068019619754837,-0.8494333858939963,2.065559745269514
2018-03-13,-0.24434050115665046,0.01670929481421432,0.21004010343532425,9.823679118598188,-0.832724091079782,2.275599848704838
2018-03-14,-0.9833907323015072,0.014549863336209234,0.3511209099957455,8.840288386296681,-0.8181742277435727,2.626720758700584
2018-03-15,-0.6411178336103183,0.2026879496272747,1.176808846370263,8.199170552686363,-0.615486278116298,3.803529605070847
2018-03-16,0.09852099227373283,-0.1680734355900174,0.17477687239986928,8.297691544960095,-0.7835597137063154,3.978306477470716
2018-03-19,0.25437154970808995,0.005073018603235193,-0.8727218578180622,8.552063094668185,-0.7784866951030802,3.105584619652654
2018-03-20,0.1240655806359719,0.19271188387957466,0.4029100431968203,8.676128675304156,-0.5857748112235055,3.508494662849474
2018-03-21,-0.18579887045631804,0.013296215316359637,0.566181512830384,8.490329804847837,-0.5724785959071459,4.074676175679858
2018-03-22,-0.5591385509926291,-0.15600832462066624,-0.6968737028553272,7.931191253855208,-0.7284869205278122,3.377802472824531
2018-03-23,-0.9574405715419566,-0.15811604885287397,-0.22072476114521586,6.973750682313251,-0.8866029693806862,3.157077711679315
2018-03-26,0.7775819626775436,0.18942111431725667,-0.6815924869901918,7.751332644990795,-0.6971818550634294,2.4754852246891232
2018-03-27,-0.29419439038884526,0.36267953996520597,0.31581578262927495,7.45713825460195,-0.3345023150982235,2.791301007318398
2018-03-28,-0.7043650453692011,0.009287305509154117,0.6923660157616831,6.752773209232749,-0.32521500958906935,3.4836670230800815
2018-03-29,0.06564520502727979,0.026378687340620637,0.15324907595672918,6.818418414260028,-0.2988363222484487,3.6369160990368106
2018-03-30,-0.26575548931215387,-1.1834550868122278,-0.5192780962163637,6.5526629249478745,-1.4822914090606765,3.117638002820447
2018-04-02,0.4959298635603515,1.002570524929155,-0.7878960482851728,7.048592788508226,-0.4797208841315215,2.329741954535274
2018-04-03,-0.14373942324579742,1.0072269594196879,-1.891780851040604,6.904853365262428,0.5275060752881664,0.4379611034946702
2018-04-04,-0.6036464328236544,-0.36203846911393806,-0.21960837686056342,6.301206932438774,0.16546760617422834,0.2183527266341068
2018-04-05,0.14490556487118872,0.01835519754030784,0.4773725089212875,6.446112497309962,0.1838228037145362,0.6957252355553943
2018-04-06,-0.6260920823594448,0.3843987380065985,0.20788621925464681,5.820020414950518,0.5682215417211347,0.9036114548100411
2018-04-09,0.0604413765548471,-0.7025243274484492,0.8024560731379661,5.880461791505365,-0.13430278572731447,1.706067527948007
2018-04-10,0.24154581325848887,-0.15645738758240088,0.4332793724264253,6.122007604763853,-0.2907601733097154,2.1393469003744325
2018-04-11,-0.4887480726031513,0.19460031922730928,-0.3392343590105839,5.633259532160702,-0.0961598540824061,1.8001125413638486
2018-04-12,-0.43566726351333424,0.018371820004948632,0.5346833717963523,5.197592268647368,-0.07778803407745746,2.334795913160201
2018-04-13,0.16670035087349652,-0.1782191753944885,-0.24821103879199985,5.364292619520864,-0.256007209471946,2.086584874368201
2018-04-16,0.5972179334810489,0.5431202917898994,-0.5393540074391981,5.961510553001912,0.2871130823179534,1.5472308669290031
2018-04-17,0.18580291815916639,-0.17711738329548274,0.20396841899386037,6.147313471161079,0.10999569902247067,1.7511992859228636
2018-04-18,0.46702896896872326,0.015638375108234005,-0.02492997768050683,6.614342440129802,0.12563407413070468,1.7262693082423568
2018-04-19,0.006805962566395783,0.006657616473242406,-0.4816217900475391,6.621148402696197,0.13229169060394708,1.2446475181948178
2018-04-20,0.5013645595893813,0.0060493939482990505,-0.6515232782246789,7.122512962285579,0.13834108455224614,0.5931242399701389
2018-04-23,1.0494332155315569,0.010447843428635863,-0.3280391373911143,8.171946177817135,0.148788927980882,0.26508510257902457
2018-04-24,-0.18060394456345175,-0.16326748350872644,0.16821101498861346,7.991342233253683,-0.014478555527844439,0.43329611756763803
2018-04-25,0.5450418134187456,0.01623057701711298,0.23468356661907472,8.53638404667243,0.0017520214892685418,0.6679796841867127
2018-04-26,-0.2845501859170925,0.009752822992480537,-0.23930745962765906,8.251833860755337,0.011504844481749078,0.4286722245590536
2018-04-27,-1.029327243688343,0.3954493373420359,0.454228351421652,7.222506617066994,0.406954181823785,0.8829005759807056
2018-04-30,0.29696933639615547,-0.9243581248457062,-0.01085064993674694,7.519475953463149,-0.5174039430219213,0.8720499260439587
2018-05-02,0.9209280825877421,0.1958930994960151,-1.001272712365652,8.440404036050891,-0.3215108435259062,-0.12922278632169326
2018-05-03,0.024121490009138147,0.1866289530353875,0.44235129256002076,8.46452552606003,-0.13488189049051869,0.3131285062383275
2018-05-04,0.39190452412077187,0.00830022001725195,1.0844834857160723,8.856430050180801,-0.12658167047326674,1.3976119919544
2018-05-08,0.49177500131305973,0.19109966274436088,0.733626165076009,9.348205051493862,0.06451799227109414,2.131238157030409
2018-05-09,0.13889263387938472,0.010545203918231272,-0.4236353418006189,9.487097685373246,0.07506319618932542,1.70760281522979
2018-05-10,-0.767754786718933,-0.15674668539277684,-0.13823058907361427,8.719342898654313,-0.08168348920345142,1.5693722261561758
2018-05-11,0.19874087124045395,0.01657583330546986,0.30441670282321176,8.918083769894768,-0.06510765589798156,1.8737889289793874
2018-05-14,0.3963567532128785,0.008411082871561434,0.4020576880060337,9.314440523107645,-0.05669657302642013,2.275846616985421
2018-05-15,0.1847469743323333,0.010407266441856742,-0.2353539904621918,9.499187497439978,-0.046289306584563386,2.0404926265232293
2018-05-16,-0.5540200114596006,0.013299934569060189,-0.4868252122570633,8.945167485980377,-0.0329893720155032,1.553667414266166
2018-05-17,-0.15487827133210563,0.19371971573300806,-0.8746574512135832,8.790289214648272,0.16073034371750486,0.6790099630525828
2018-05-18,-0.7154732246986737,-0.16072503951305134,-0.7746490095312061,8.074815989949599,5.3042044535212e-06,-0.09563904647862331
2018-05-21,0.3056647672462183,0.016730660544253647,0.4813233467314721,8.380480757195818,0.016735964748707168,0.3856843002528488
2018-05-23,-0.44751581842067484,-0.15937284342046826,-0.19651227935088159,7.932964938775143,-0.14263687867176109,0.1891720209019672
2018-05-24,-0.8228081033428971,0.026784541589029147,-0.21276703105411018,7.110156835432246,-0.11585233708273193,-0.023595010152142992
2018-05-25,-0.15188350921862126,-0.15941635103246024,0.6055079468952341,6.958273326213625,-0.2752686881151922,0.5819129367430911
2018-05-28,0.23437071179287172,0.01233642231097829,0.09242760089335877,7.192644038006497,-0.26293226580421386,0.6743405376364499
2018-05-29,-0.4413527854215711,0.19758220367262702,-0.14828648153167645,6.751291252584926,-0.06535006213158684,0.5260540561047734
2018-05-30,-0.04299112456597758,-0.33993854754959396,0.488826137787111,6.708300128018948,-0.4052886096811808,1.0148801938918843
2018-05-31,-0.18061835929521358,-0.5395123300207207,0.2112265226183866,6.527681768723734,-0.9448009397019015,1.2261067165102708
2018-06-01,-0.08502801361974356,1.0014251683450197,0.2245668300433728,6.44265375510399,0.056624228643118224,1.4506735465536436
2018-06-04,0.6633934597531133,1.2037073166243395,-0.38349955112543926,7.106047214857103,1.2603315452674577,1.0671739954282042
2018-06-05,-0.2429227103735328,-0.7561360192483735,-0.10790061542503215,6.8631245044835705,0.5041955260190842,0.9592733800031721
2018-06-07,0.46312583773220684,0.39703786010419734,0.17848010452845658,7.326250342215777,0.9012333861232815,1.1377534845316286
2018-06-08,-0.8277946750073181,-0.535781737834328,-0.03568792539351951,6.498455667208459,0.3654516482889535,1.102065559138109
2018-06-11,0.4601669280918062,0.37980866853217116,0.1726048352943288,6.958622595300265,0.7452603168211247,1.2746703944324378
2018-06-12,-0.1934918014209853,0.008642972812204336,0.38873419171685314,6.76513079387928,0.7539032896333291,1.663404586149291
2018-06-14,-0.07028396063762636,-0.33904543035149587,0.5471907636037631,6.6948468332416535,0.4148578592818332,2.210595349753054
2018-06-15,-0.8591706685194943,0.033808767903757676,-0.27556034726663664,5.835676164722159,0.4486666271855909,1.9350350024864176
2018-06-18,-0.6021357301709843,0.014623307066663404,0.8348071413909263,5.233540434551174,0.46328993425225434,2.769842143877344
2018-06-19,-0.6803015184849367,0.38101485866314916,0.11986069564102232,4.553238916066237,0.8443047929154035,2.889702839518366
2018-06-20,-0.11329855494480501,-0.34214596340385267,0.04148307153328111,4.439940361121432,0.5021588295115509,2.931185911051647
2018-06-21,-0.42779788602984375,0.02598980304877198,-0.18646767111257392,4.012142475091588,0.5281486325603229,2.7447182399390733
2018-06-22,0.09468363868859174,-0.15922047992282037,-0.011885553815617636,4.10682611378018,0.36892815263750245,2.7328326861234555
2018-06-25,-0.019120586101677668,0.005746446781183554,-0.20390275045173867,4.087705527678502,0.374674599418686,2.5289299356717168
2018-06-26,0.1292133080022682,0.7804358836037388,0.0014702667431593611,4.2169188356807705,1.1551104830224248,2.530400202414876
2018-06-27,-0.8633030140132266,-0.5620222940424477,-0.05851243507243302,3.353615821667544,0.5930881889799771,2.471887767342443
2018-06-28,-0.3430745760635513,-0.768186027005989,0.23433280064078224,3.0105412456039926,-0.17509783802601198,2.7062205679832254
2018-06-29,-0.017503849236654316,-0.7724739316749464,0.048464945030298245,2.9930373963673382,-0.9475717697009584,2.7546855130135235
2018-07-02,-0.32032765601478114,0.8093722109893001,0.34698013668251027,2.6727097403525573,-0.13819955871165823,3.1016656496960335
2018-07-03,0.8051355608030843,1.20807154772519,-0.33589063181376666,3.4778453011556416,1.0698719890135318,2.765775017882267
2018-07-04,-0.6552691569669656,0.20561604289301105,-0.1747858130921626,2.822576144188676,1.275488031906543,2.5909892047901044
2018-07-05,-0.2663257095664549,0.010245990610113677,-0.5641147323700474,2.556250434622221,1.2857340225166567,2.026874472420057
2018-07-06,0.21833367398367193,0.6033857342533091,0.35041077327640574,2.7745841086058927,1.8891197567699658,2.377285245696463
2018-07-09,-0.006157664450576535,-1.1653318971332929,0.25453485121140745,2.768426444155316,0.7237878596366729,2.6318200969078704
2018-07-10,-0.22195935698560515,0.032057383402085526,-0.034028505465330414,2.546467087169711,0.7558452430387584,2.5977915914425402
2018-07-11,-1.0544069179469728,0.21110697521175723,-0.02162542556659136,1.492060169222738,0.9669522182505157,2.5761661658759487
2018-07-12,0.6593915269069796,-0.5464670477871686,0.5305454622088235,2.1514516961297177,0.4204851704633471,3.1067116280847724
2018-07-13,0.2582437745942006,0.5608657231451291,0.03491640608461263,2.409695470723918,0.9813508936084762,3.141628034169385
2018-07-16,-0.25280474035490325,-0.18993375586952901,-0.3947370305533134,2.156890730369015,0.7914171377389472,2.7468910036160716
2018-07-17,0.11545120579067271,0.37485323041846513,-0.0714741669842587,2.2723419361596875,1.1662703681574123,2.675416836631813
2018-07-18,-0.41044863955329347,-0.16717258545434038,0.2655445699165207,1.861893296606394,0.9990977827030718,2.940961406548334
2018-07-19,0.18455105558897686,0.01592162114906515,-0.15785305499421226,2.046444352195371,1.015019403852137,2.7831083515541217
2018-07-20,-0.3502755103643088,0.016833677198949078,-0.08097940505558016,1.6961688418310619,1.031853081051086,2.7021289464985414
2018-07-23,0.19451463216962728,0.01746029044624856,-0.39241700547112285,1.890683474000689,1.0493133714973346,2.3097119410274187
2018-07-24,0.5947441692486934,-0.33996187551699675,-0.2723866688994709,2.4854276432493823,0.7093514959803379,2.037325272127948
2018-07-25,-0.6023412347338949,0.025340809075586213,0.5906428983530099,1.8830864085154873,0.7346923050559241,2.6279681704809574
2018-07-26,0.015079555540009514,0.012165207398025426,-0.2763091226431708,1.8981659640554969,0.7468575124539495,2.351659047837787
2018-07-27,0.5979743225489814,0.18019361293325686,1.0458828652983285,2.4961402866044784,0.9270511253872064,3.3975419131361155
2018-07-30,0.12074027560689875,0.018385882139213335,0.5240128809405438,2.616880562211377,0.9454370075264197,3.921554794076659
2018-07-31,-0.162910823009458,-0.5219497884054289,-0.0500940847519925,2.453969739201919,0.42348721912099074,3.8714607093246665
2018-08-01,0.30818460396516373,0.37159507957888394,-0.264567719710727,2.762154343167083,0.7950822986998747,3.6068929896139394
2018-08-02,-0.22948310143034992,0.17688340765826527,-0.2588236559153604,2.532671241736733,0.97196570635814,3.348069333698579
2018-08-03,0.01601257205651839,0.014027348631053059,-0.36026292394809317,2.5486838137932515,0.985993054989193,2.987806409750486
2018-08-06,-0.4494301551376365,0.002388589055131167,0.036568000924079566,2.099253658655615,0.9883816440443242,3.0243744106745654
2018-08-07,-0.24399687694959257,0.9770075708233745,-0.21079621478770214,1.8552567817060224,1.9653892148676988,2.8135781958868633
2018-08-08,-0.1811157648182239,-0.7391207045543872,0.01464510579671762,1.6741410168877984,1.2262685103133117,2.8282233016835807
2018-08-09,-0.9046943822814919,-0.15099453587249312,0.951923737234785,0.7694466346063065,1.0752739744408186,3.780147038918366
2018-08-10,-0.6303171169397743,0.20209444667038637,0.34871380000661545,0.13912951766653214,1.277368421111205,4.1288608389249815
2018-08-13,0.27594520217935997,-0.16614480556560185,0.3417969877952939,0.4150747198458921,1.1112236155456032,4.4706578267202755
2018-08-14,-0.03929210736393757,0.0227582061424818,0.6758795614842215,0.37578261248195455,1.133981821688085,5.1465373882044965
2018-08-16,-0.5853109033495528,0.016872162632647385,0.4981529828334614,-0.20952829086759828,1.1508539843207324,5.6446903710379575
2018-08-17,-1.0634477103650357,0.02639313824250049,-1.0676198384397695,-1.2729760012326339,1.1772471225632328,4.577070532598188
2018-08-20,-0.5084059738445409,-0.1647402576925854,-0.013379034548001094,-1.7813819750771747,1.0125068648706474,4.563691498050186
2018-08-21,-1.07773246855885,0.20452636090922885,-1.0656015456767363,-2.8591144436360247,1.2170332257798764,3.49808995237345
2018-08-22,0.4700885816153886,0.00986083869886874,1.240731878706806,-2.3890258620206364,1.2268940644787452,4.738821831080256
2018-08-23,-0.21294341073683282,-0.16994538525087685,0.8155145406861397,-2.601969272757469,1.0569486792278684,5.554336371766396
2018-08-24,-0.10519683035410435,0.3710810033067795,0.04734893247867082,-2.7071661031115735,1.428029682534648,5.601685304245066
2018-08-27,-0.0679966899022956,-0.17296662361479057,0.36832957435669067,-2.775162793013869,1.2550630589198573,5.970014878601757
2018-08-28,-0.2844868363495851,0.02012106415278821,0.276753506140976,-3.059649629363454,1.2751841230726455,6.246768384742732
2018-08-29,-0.17960088159842935,0.017284457181225666,-0.48255558423808964,-3.2392505109618837,1.2924685802538711,5.764212800504643
2018-08-30,0.21186793648946722,-0.3539580753510164,0.5386711019944327,-3.0273825744724165,0.9385105049028547,6.302883902499075
2018-08-31,-1.5522532642830946,-0.7675116087814339,-0.8180210174737849,-4.579635838755511,0.17099889612142083,5.48486288502529
2018-09-03,-0.32141116487950305,0.2101621038928347,0.5733069647407681,-4.901047003635014,0.38116100001425557,6.058169849766058
2018-09-04,-0.18054376755054627,1.8137741174931328,0.1553892260393836,-5.08159077118556,2.1949351175073883,6.213559075805441
2018-09-05,-0.7893371660663996,-0.7785711460167696,0.9652941382219483,-5.87092793725196,1.4163639714906187,7.17885321402739
2018-09-06,-0.03261545700295045,-0.36669380823320136,0.747759664953564,-5.9035433942549105,1.0496701632574172,7.926612878980954
2018-09-07,-0.0425949911405941,-2.5931598304948666,-0.1966558049274857,-5.946138385395504,-1.5434896672374494,7.729957074053469
2018-09-10,-0.15799261231445139,1.8148945804861265,0.6576739380615388,-6.104130997709956,0.2714049132486771,8.387631012115008
2018-09-11,0.232832195226975,0.5898632173531582,-0.2623588273137561,-5.871298802482981,0.8612681306018353,8.125272184801252
2018-09-12,-0.6193313674750582,0.2003064555363264,-0.4276168930032478,-6.490630169958039,1.0615745861381616,7.697655291798005
2018-09-13,0.35655818003053985,-0.17549902845826185,0.6578243921506133,-6.1340719899275,0.8860755576798998,8.355479683948618
2018-09-14,1.0747891031689714,0.18643261393933536,-0.3345843344674417,-5.059282886758528,1.072508171619235,8.020895349481176
2018-09-17,0.4551619913019631,-0.003354890287450002,-0.8862430800417085,-4.604120895456566,1.069153281331785,7.134652269439467
2018-09-18,0.24262156594571305,0.015263795587227963,0.32810473212517527,-4.361499329510853,1.084417076919013,7.4627570015646425
2018-09-19,0.7422265977952958,0.007211870473218698,-0.6269844221918532,-3.619272731715557,1.0916289473922316,6.835772579372789
2018-09-20,1.5899541789673144,-0.7969596157383588,-1.772360322332126,-2.0293185527482427,0.29466933165387277,5.063412257040663
2018-09-21,-0.387174684580444,-0.9753534803194777,0.21069009594651605,-2.4164932373286865,-0.6806841486656049,5.274102352987179
2018-09-27,-0.7606318877784723,0.2240175174855113,0.8127421624004446,-3.1771251251071586,-0.4566666311800936,6.086844515387623
2018-09-28,-0.3452634125596792,-1.1855159401025694,0.1006068581944968,-3.5223885376668376,-1.642182571282663,6.18745137358212
2018-10-01,0.5443655658587587,2.002741303762011,-0.4050817174287156,-2.9780229718080786,0.360558732479348,5.782369656153405
2018-10-02,-0.2099677130855508,0.8040793315719462,-0.3535248033790233,-3.1879906848936295,1.164638064051294,5.428844852774382
2018-10-04,1.4638267459662166,0.19995640661016614,-0.2868541319626502,-1.7241639389274128,1.3645944706614603,5.141990720811731
2018-10-05,0.2511283604884982,0.011485413067207883,0.9506530492223954,-1.4730355784389146,1.3760798837286683,6.092643770034126
2018-10-08,-0.009476157547629711,0.5956814849068497,1.1795154120750277,-1.4825117359865443,1.971761368635518,7.272159182109154
2018-10-10,-1.1010426304347825,-0.16317323821587587,0.5551565910322168,-2.5835543664213265,1.808588130419642,7.827315773141371
2018-10-11,-1.3745060867905141,-0.3345953908056793,0.17561449061069806,-3.9580604532118406,1.4739927396139627,8.002930263752068
2018-10-12,0.8298323159127743,-0.33407529252114276,0.3851898572892694,-3.1282281372990663,1.13991744709282,8.388120121041338
2018-10-15,-0.19184666561357724,0.3661438254817368,0.13422595744587335,-3.3200748029126435,1.5060612725745568,8.52234607848721
2018-10-16,-0.14475635588641242,0.19388444512484176,0.09232638158970992,-3.464831158799056,1.6999457176993986,8.61467246007692
2018-10-17,-0.9070059009158336,-0.3388991875428102,0.6249088312827698,-4.371837059714889,1.3610465301565884,9.23958129135969
2018-10-18,-1.3274332053378544,0.20464729909035517,0.20829171456954093,-5.699270265052744,1.5656938292469436,9.44787300592923
2018-10-19,0.582053801630295,0.017332006421695138,-1.113011405544559,-5.117216463422449,1.5830258356686386,8.33486160038467
2018-10-22,0.6538102914112169,-0.529108324399139,-0.46325130236619944,-4.463406172011232,1.0539175112694996,7.871610298018471
2018-10-23,-0.7930318587512706,-0.1392660555753716,0.3604836321949922,-5.256438030762503,0.914651455694128,8.232093930213463
2018-10-24,0.11450261183835375,-0.3388864413888367,0.44623313156910527,-5.141935418924149,0.5757650143052913,8.678327061782568
2018-10-25,-0.983857834972809,0.3900732446441865,0.4535538860205863,-6.1257932538969575,0.9658382589494778,9.131880947803154
2018-10-26,-0.48676165341195077,0.20402279687920732,0.0033124833021113548,-6.612554907308908,1.1698610558286853,9.135193431105264
2018-10-29,-1.9224116455719398,0.8383445349560495,-0.48338127008548865,-8.534966552880848,2.0082055907847347,8.651812161019777
2018-10-30,1.0003817821109546,0.013561459659775867,0.058055332055153175,-7.534584770769893,2.0217670504445104,8.70986749307493
2018-10-31,0.37261750410736366,-1.5864172172885918,0.0709868777308173,-7.161967266662529,0.4353498331559187,8.780854370805747
2018-11-01,0.14887950807193162,1.2067416539718416,0.29710439202256683,-7.013087758590597,1.6420914871277603,9.077958762828313
2018-11-02,0.8783483786307905,1.2012082203513363,0.31118076065496597,-6.1347393799598064,2.8432997074790967,9.38913952348328
2018-11-05,-0.1762113049502379,-0.3969895193885417,0.11170928634773329,-6.310950684910044,2.446310188090555,9.500848809831012
2018-11-06,0.29513021115712307,0.591539220938229,-0.5520556459537003,-6.015820473752921,3.037849409028784,8.948793163877312
2018-11-07,-0.8472660289766177,-0.7288936013061205,0.6301076352505799,-6.863086502729539,2.308955807722664,9.578900799127892
2018-11-08,-0.20569249953947677,0.03997477866467811,0.6788454852479301,-7.068779002269015,2.348930586387342,10.257746284375822
2018-11-09,-0.4480005016643957,-0.15900604757096423,0.2434087764487508,-7.516779503933411,2.1899245388163777,10.501155060824573
2018-11-12,-0.45358842272337235,-0.15116517025017168,-0.2351883815158831,-7.970367926656784,2.038759368566206,10.26596667930869
2018-11-13,-0.017666226540543697,-0.1635077301799586,0.1535020678516657,-7.988034153197328,1.8752516383862476,10.419468747160355
2018-11-14,-0.38443716806000156,0.19855357472784113,-0.10561799260355964,-8.37247132125733,2.0738052131140887,10.313850754556796
2018-11-15,0.8087325627702775,-0.1679832226573604,-0.46077918563577963,-7.563738758487052,1.9058219904567284,9.853071568921017
2018-11-16,-0.14280048155458816,-0.1674418402307875,-0.250300082189911,-7.70653924004164,1.7383801502259408,9.602771486731106
2018-11-19,-0.18657388488476528,0.19872229248882647,-0.2403263765422583,-7.893113124926406,1.9371024427147674,9.362445110188848
2018-11-20,-0.049685964731666546,-0.17641856110908402,0.224109938211842,-7.942799089658072,1.7606838816056833,9.58655504840069
2018-11-21,-0.005459404389872861,0.3857022778195398,0.2117916145839162,-7.948258494047945,2.146386159425223,9.798346662984606
2018-11-22,-0.06439291894716012,-0.5303421554162434,-0.17199130870303828,-8.012651412995105,1.6160440040089794,9.626355354281568
2018-11-23,-1.0193597054426813,0.20921827110205823,0.802117387922469,-9.032011118437786,1.8252622751110377,10.428472742204036
2018-11-26,-0.033896641215703904,7.629082604117595e-05,0.029739609566222718,-9.06590775965349,1.8253385659370789,10.458212351770259
2018-11-27,-0.33289638504361674,0.5418073063844573,0.10186988377151315,-9.398804144697106,2.367145872321536,10.560082235541772
2018-11-28,0.2893602045326851,0.17786368992429993,-0.04032235528536731,-9.109443940164422,2.545009562245836,10.519759880256405
2018-11-29,-0.9585046373035389,-0.16711825359466745,0.4250627758743861,-10.067948577467961,2.3778913086511686,10.94482265613079
2018-11-30,-0.3145758247424912,-5.430710172785913,1.582061861307451,-10.382524402210452,-3.0528188641347445,12.526884517438242
2018-12-03,0.6331645819678521,0.43627319103372214,0.031345946515815674,-9.7493598202426,-2.6165456731010224,12.558230463954057
2018-12-04,-0.47249889570149173,1.2048741265838132,0.05088452080299097,-10.22185871594409,-1.4116715465172092,12.60911498475705
2018-12-05,-0.6718548349510519,-0.9725577383101534,-0.18580104651005355,-10.893713550895143,-2.3842292848273625,12.423313938246995
2018-12-06,-1.8726983013801553,0.44369498340694347,1.5257026621631604,-12.766411852275297,-1.940534301420419,13.949016600410156
2018-12-07,0.1539821002037894,-0.7509205277151912,-0.6329941078691773,-12.612429752071508,-2.69145482913561,13.316022492540979
2018-12-10,-0.3514865483792078,-0.1553430895961772,-0.5996596845603137,-12.963916300450716,-2.8467979187317876,12.716362807980666
2018-12-11,-0.045903416358915816,0.027314711780584866,-0.22459383764883442,-13.009819716809632,-2.819483206951203,12.491768970331831
2018-12-12,0.5320265047289229,-0.17666658191134996,-0.23473641025479236,-12.477793212080709,-2.9961497888625526,12.25703256007704
2018-12-13,0.029527998388269763,0.36672705487702234,-0.2114079742699254,-12.448265213692439,-2.62942273398553,12.045624585807115
2018-12-14,-0.25188447417461374,-0.17192598137898196,-0.353097913494542,-12.700149687867052,-2.801348715364512,11.692526672312573
2018-12-17,-0.08829215354723058,0.019416429593489777,0.2299338494385814,-12.788441841414283,-2.7819322857710223,11.922460521751153
2018-12-18,-0.3831043471729913,0.18943423403336715,-0.05577519153804131,-13.171546188587275,-2.592498051737655,11.866685330213112
2018-12-19,-0.8415621338744059,0.027424409996795927,0.6152903226879328,-14.013108322461681,-2.565073641740859,12.481975652901045
2018-12-20,0.17332776794819088,-0.33822458568479763,0.28567437009099034,-13.83978055451349,-2.9032982274256565,12.767650022992036
2018-12-21,0.9557585270360731,-0.16338271908969723,0.24828076417374412,-12.884022027477418,-3.0666809465153535,13.01593078716578
2018-12-24,0.45369706606945925,0.19346988179811828,-0.9071226256938832,-12.430324961407958,-2.873211064717235,12.108808161471897
2018-12-26,-0.8346809705492865,-0.15440817362069703,-0.20604196681625364,-13.265005931957244,-3.027619238337932,11.902766194655644
2018-12-27,-0.018650560015447175,-0.7170267456863892,0.22522082688564798,-13.28365649197269,-3.7446459840243214,12.127987021541292
2018-12-28,0.10201100991528674,0.028307558084134175,0.2713571761253937,-13.181645482057403,-3.716338425940187,12.399344197666686
2018-12-31,-0.03825268216271226,-1.3808167808568779,-0.03907012856525505,-13.219898164220115,-5.097155206797065,12.36027406910143
2019-01-02,-0.0197378010495033,1.2073712183336518,-1.2920714231305408,-13.239635965269619,-3.889783988463413,11.06820264597089
2019-01-03,0.072088561990592,1.2030752550005497,-0.6554606007419679,-13.167547403279027,-2.686708733462863,10.412742045228923
2019-01-04,-0.08541302359858668,0.37885191540042823,0.06799924033932185,-13.252960426877614,-2.307856818062435,10.480741285568245
2019-01-07,0.09946379864127898,0.17173741870118056,0.51674223083997,-13.153496628236335,-2.136119399361254,10.997483516408215
2019-01-08,0.3332301886216444,-0.0023379837916048937,-0.2699494909118553,-12.82026643961469,-2.138457383152859,10.72753402549636
2019-01-09,-0.0207133594736662,0.2007374718785315,-0.03369135638130653,-12.840979799088355,-1.9377199112743275,10.693842669115053
2019-01-10,-0.45179613871182983,-0.35090987408154584,-0.643153160601866,-13.292775937800185,-2.2886297853558735,10.050689508513187
2019-01-11,0.3817327054939983,0.010506915707621928,-0.11584638575662343,-12.911043232306186,-2.2781228696482514,9.934843122756565
2019-01-14,-0.23696246023392226,0.3676492838844348,-0.524251317099468,-13.148005692540108,-1.9104735857638167,9.410591805657097
2019-01-15,-0.059851146631554476,-0.16428771458613523,0.18033499204362116,-13.207856839171663,-2.0747613003499517,9.590926797700718
2019-01-16,0.16541160690180054,-0.16770105718754383,0.16602853935101042,-13.042445232269863,-2.2424623575374953,9.756955337051728
2019-01-17,-0.06007388400719295,0.015142130819817572,-0.16470479549644734,-13.102519116277056,-2.2273202267176777,9.59225054155528
2019-01-18,0.6308398970257739,0.012625102002804055,-0.37100960441493414,-12.471679219251282,-2.214695124714874,9.221240937140346
2019-01-21,0.4185680495247899,-0.1701602539620121,-0.9892125524568728,-12.053111169726492,-2.384855378676886,8.232028384683472
2019-01-22,-0.5811518807383,-0.15100559206644407,0.018319560528222503,-12.634263050464792,-2.5358609707433297,8.250347945211695
2019-01-23,-0.1883687665732938,-0.1706944418646398,0.22756217080475621,-12.822631817038086,-2.7065554126079694,8.477910116016451
2019-01-24,0.14226816612203305,0.5479856231287986,0.2900138681440223,-12.680363650916053,-2.158569789479171,8.767923984160474
2019-01-25,0.28062646404990327,-0.18201651296165483,-0.5932707760831183,-12.39973718686615,-2.3405863024408258,8.174653208077356
2019-01-28,0.43877864891004204,-0.003581527671459019,-0.8772304748175748,-11.960958537956108,-2.344167830112285,7.297422733259781
2019-01-29,0.18237429472287087,0.36774606600522897,-0.06582252852067873,-11.778584243233237,-1.9764217641070558,7.231600204739102
2019-01-30,0.2597053955985958,0.006141651587493352,0.07524442555106892,-11.51887884763464,-1.9702801125195626,7.306844630290171
2019-01-31,-1.0134954529773987,-1.3741779848834381,1.1241201507013487,-12.53237430061204,-3.3444580974030007,8.43096478099152
2019-02-01,-0.22795902488815864,1.4152557612115355,0.19945677057630376,-12.760333325500198,-1.9292023361914652,8.630421551567824
2019-02-07,0.2010002296972758,-0.198611980047375,-0.7969771784623004,-12.559333095802923,-2.1278143162388403,7.833444373105524
2019-02-08,-0.585861434222358,0.016611735176235206,0.15102068836459906,-13.145194530025282,-2.111202581062605,7.984465061470123
2019-02-11,-0.5746152068187935,0.20551500990173321,0.912092647109775,-13.719809736844075,-1.9056875711608718,8.896557708579898
2019-02-12,0.5377502607146804,-0.17796805681500016,-0.32447349826718624,-13.182059476129394,-2.083655627975872,8.572084210312712
2019-02-13,0.1146042618556056,0.1990538877783587,0.42885780425889547,-13.067455214273789,-1.8846017401975133,9.000942014571606
2019-02-14,0.012039483378891208,-0.3420586189228494,-0.5657600494790042,-13.055415730894898,-2.2266603591203626,8.435181965092601
2019-02-15,-0.6416557176176995,-0.14959940579644984,0.4996552639578762,-13.697071448512597,-2.3762597649168127,8.934837229050478
2019-02-18,0.6922243453580343,-0.16844246766810309,-0.10969405891233762,-13.004847103154562,-2.544702232584916,8.82514317013814
2019-02-19,0.016625872963180157,0.3615735304626653,-0.33988558793269286,-12.988221230191382,-2.1831287021222505,8.485257582205447
2019-02-20,0.04226791076568996,0.18701680471038135,0.043142010657358926,-12.945953319425692,-1.9961118974118692,8.528399592862806
2019-02-21,0.3357711010219359,-0.17385620973700414,-0.30574196477184884,-12.610182218403757,-2.1699681071488732,8.222657628090957
2019-02-22,0.15650434902816696,0.01984841828855052,-0.32974586285265434,-12.453677869375591,-2.1501196888603227,7.892911765238303
2019-02-25,-0.026857431167900098,-0.16813692694317967,0.4166165585339364,-12.48053530054349,-2.3182566158035023,8.30952832377224
2019-02-26,-0.18492128044147005,0.1994300465258751,0.06014220136088105,-12.66545658098496,-2.118826569277627,8.36967052513312
2019-02-27,-0.194508762738206,-0.1526335667057519,-0.212554523735413,-12.859965343723166,-2.271460135983379,8.157116001397707
2019-02-28,0.08345401905541273,-0.5330896933290578,-0.06971658807227184,-12.776511324667753,-2.8045498293124367,8.087399413325436
2019-03-04,0.7681941190475656,0.7430598774572907,-0.3404439577624891,-12.008317205620187,-2.0614899518551457,7.746955455562946
2019-03-05,-0.20659929859556442,-0.1876328755676335,0.8649385359409192,-12.214916504215752,-2.249122827422779,8.611893991503866
2019-03-06,-0.21881681738495493,0.3772690852050091,-0.12916608649161768,-12.433733321600707,-1.87185374221777,8.482727905012249
2019-03-07,-0.3674872369459428,-0.15940658353630446,0.00710404233891526,-12.80122055854665,-2.0312603257540744,8.489831947351163
2019-03-08,-0.7423567971519316,-0.32959259361829985,0.7901409818206147,-13.54357735569858,-2.360852919372374,9.279972929171779
2019-03-11,0.21373586444577786,0.19531479041429284,-0.2597833287765058,-13.329841491252804,-2.1655381289580813,9.020189600395273
2019-03-12,0.19507060178489505,0.1899171495170339,-0.613683864185225,-13.134770889467909,-1.9756209794410473,8.406505736210049
2019-03-13,-0.5600690234332709,-0.3555884374688033,0.5606834944473524,-13.69483991290118,-2.3312094169098505,8.9671892306574
2019-03-14,0.03378123048510137,0.5442387107904002,-0.27983216856636134,-13.66105868241608,-1.7869707061194502,8.687357062091039
2019-03-15,0.17944996062028873,0.3632998935555407,0.405731694439167,-13.48160872179579,-1.4236708125639095,9.093088756530205
2019-03-18,0.15954744108299918,-0.5389754221525226,-0.07937463732856062,-13.322061280712791,-1.962646234716432,9.013714119201644
2019-03-19,-0.24458375980476163,0.381137767088373,0.25458074046457335,-13.566645040517553,-1.5815084676280589,9.268294859666218
2019-03-20,-0.20833859895551213,0.0085205908392056,0.938555901715204,-13.774983639473065,-1.5729878767888532,10.206850761381423
2019-03-21,-1.135150550226375,0.029241668166114954,1.1612018284141823,-14.910134189699441,-1.5437462086227383,11.368052589795605
2019-03-22,-0.2168495407048891,-0.16455355549326672,0.9638221123971731,-15.12698373040433,-1.708299764116005,12.331874702192778
2019-03-25,-0.9001886256344293,0.026633268821165335,-0.20004932334067074,-16.027172356038758,-1.6816664952948397,12.131825378852106
2019-03-26,0.32553447878709496,-0.37212620547469083,-1.4872024631937275,-15.701637877251663,-2.0537927007695305,10.64462291565838
2019-03-27,-1.2737932569079855,0.6199518682118397,0.5871942230546988,-16.97543113415965,-1.4338408325576908,11.231817138713078
2019-03-28,-0.9818124636624697,-0.3670297690840138,-0.09963973998227382,-17.957243597822117,-1.8008706016417046,11.132177398730803
2019-03-29,0.3084507433723797,-0.9822354816311305,-0.5526406459729701,-17.648792854449738,-2.783106083272835,10.579536752757834
2019-04-01,0.8594283130652226,1.2004292581614955,-0.0025246366295643076,-16.789364541384515,-1.5826768251113394,10.57701211612827
2019-04-02,-0.2185683480545299,-0.0015827166172246508,-0.7088903688398234,-17.007932889439044,-1.584259541728564,9.868121747288447
2019-04-03,0.4958625566689142,0.9953927848872678,0.16924981321392715,-16.51207033277013,-0.5888667568412963,10.037371560502374
2019-04-04,-0.07890167593532596,-0.366189516204874,0.07841577085250304,-16.590972008705457,-0.9550562730461702,10.115787331354877
2019-04-05,0.2949307731204235,-0.5215694542739494,0.5338197716943645,-16.296041235585033,-1.4766257273201195,10.649607103049242
2019-04-08,-0.5587374150385502,-0.14392910842415674,0.532906285617133,-16.854778650623583,-1.6205548357442763,11.182513388666374
2019-04-09,-0.044310578856674,-0.1690285182793116,-0.010144381078144329,-16.899089229480257,-1.789583354023588,11.17236900758823
2019-04-10,0.10342807112369613,0.3803611578041377,-0.0772875099973459,-16.795661158356562,-1.4092221962194502,11.095081497590884
2019-04-11,-0.08168339384248441,-0.5332719982714821,0.18790743300775853,-16.877344552199048,-1.9424941944909322,11.282988930598643
2019-04-12,0.143571287122166,0.3804888605887299,-0.06108058062651869,-16.73377326507688,-1.5620053339022024,11.221908349972125
2019-04-15,0.8350099864049271,-0.18520232383933066,-0.02847180988567084,-15.898763278671954,-1.7472076577415332,11.193436540086454
2019-04-16,0.22809186026677597,0.17788939982287194,-0.5664242850496894,-15.670671418405178,-1.5693182579186613,10.627012255036764
2019-04-17,0.3595298142223218,0.5307250584676645,-0.04729315098601645,-15.311141604182856,-1.0385931994509967,10.579719104050747
2019-04-18,-1.1998143208966963,0.20436904928188004,0.4515763732800152,-16.510955925079553,-0.8342241501691167,11.031295477330763
2019-04-19,0.12968316381212364,-0.5205679658264556,0.4284548316603184,-16.38127276126743,-1.3547921159955723,11.459750308991081
2019-04-22,0.673301292776249,0.19913714964162518,-0.5510834295973696,-15.70797146849118,-1.155654966353947,10.908666879393712
2019-04-23,-0.20466506345205568,-0.1765995004819065,0.15067552038325882,-15.912636531943237,-1.3322544668358536,11.05934239977697
2019-04-24,-0.31926673774397596,0.3702478825521716,-0.2860233540221474,-16.231903269687212,-0.962006584283682,10.773319045754823
2019-04-25,-0.7281837429075949,0.011679250404239736,-0.20073112586767672,-16.96008701259481,-0.9503273338794422,10.572587919887146
2019-04-26,-0.15088760775438623,0.015654232669533055,-0.09721679081206588,-17.110974620349193,-0.9346731012099092,10.47537112907508
2019-04-29,-0.31268102764436817,0.02321090397920426,0.2696343906939459,-17.423655647993563,-0.911462197230705,10.745005519769027
2019-04-30,-0.43942101337521716,-1.1782572557391282,0.1548232501383967,-17.86307666136878,-2.0897194529698333,10.899828769907424
2019-05-02,0.9566341930724703,0.7778608318075498,-0.22154793969748673,-16.90644246829631,-1.3118586211622834,10.678280830209937
2019-05-03,0.28588352416302426,0.16904484463374972,-0.3627265523656165,-16.620558944133283,-1.1428137765285336,10.31555427784432
2019-05-07,-0.4165644133912554,0.19431669191951662,0.024570883038523124,-17.03712335752454,-0.9484970846090169,10.340125160882844
2019-05-08,-0.1336762990467965,0.012320676190560558,-0.07242487714346663,-17.170799656571337,-0.9361764084184564,10.267700283739376
2019-05-09,-0.36117878473095744,0.024018627185793864,0.1906347141295136,-17.531978441302293,-0.9121577812326626,10.45833499786889
2019-05-10,0.2910457293867871,-0.14863945064719786,0.1531771893816895,-17.240932711915505,-1.0607972318798604,10.61151218725058
2019-05-13,0.03410073894473348,-0.1693471182652772,-0.03581164449039251,-17.20683197297077,-1.2301443501451377,10.575700542760188
2019-05-14,-0.20570950986160877,0.3884527764674179,-0.030964994018571175,-17.41254148283238,-0.8416915736777197,10.544735548741617
2019-05-15,-0.12454224110085384,-0.5282985558016857,0.12674577853774627,-17.537083723933236,-1.3699901294794055,10.671481327279363
2019-05-16,-1.0930635160816666,0.2077240701251056,0.21168573328986087,-18.630147240014903,-1.1622660593543,10.883167060569223
2019-05-17,-0.08153225359973766,0.19836828502417878,-0.153364869481332,-18.71167949361464,-0.9638977743301211,10.729802191087892
2019-05-20,0.4520329788713835,-0.3580102382628587,-0.29211006942773404,-18.259646514743256,-1.3219080125929799,10.437692121660158
2019-05-21,-0.41425350460288324,0.5533599439673004,-0.11997934055498216,-18.67390001934614,-0.7685480686256795,10.317712781105175
2019-05-22,0.07545715334708136,0.0025104488245673816,-0.18967963856411632,-18.598442865999058,-0.7660376198011121,10.128033142541058
2019-05-23,-0.48531141253390203,-0.1623530900495636,-0.012393697181367761,-19.08375427853296,-0.9283907098506756,10.11563944535969
2019-05-24,-0.3423806578460703,0.20682900531870277,0.3629925590748287,-19.426134936379032,-0.7215617045319729,10.47863200443452
2019-05-27,0.1530765633564796,-0.34172634076950864,0.01081644292620375,-19.273058373022554,-1.0632880453014815,10.489448447360724
2019-05-28,-0.1314009850348678,0.023589877876495028,0.2135294756725982,-19.404459358057423,-1.0396981674249863,10.702977923033322
2019-05-29,-1.1752887256764109,0.027432367618233904,0.5725482119849297,-20.579748083733833,-1.0122657998067524,11.275526135018252
2019-05-30,-0.012646515508648565,-0.14735869240545604,0.5633762157202243,-20.592394599242482,-1.1596244922122083,11.838902350738476
2019-05-31,-1.3594536505325667,-0.5171207137696084,0.5750082984435317,-21.951848249775047,-1.6767452059818169,12.413910649182007
2019-06-03,0.116212779038665,0.3713593889465327,-0.757013462285773,-21.83563547073638,-1.3053858170352841,11.656897186896234
2019-06-04,-0.20142241888909143,0.34917351437369404,0.03693671414520625,-22.037057889625473,-0.9562123026615901,11.69383390104144
2019-06-05,-0.7471647099039428,0.3866711687556387,0.059211146180782194,-22.784222599529414,-0.5695411339059514,11.753045047222223
2019-06-07,-0.014759588859806896,-0.7167046800976156,-0.17435808745265663,-22.79898218838922,-1.2862458140035669,11.578686959769566
2019-06-10,0.23176762296474993,0.38092671659584043,-0.45669937737756855,-22.56721456542447,-0.9053190974077264,11.121987582391998
2019-06-11,0.309436152483297,-0.004736900761243429,-0.3081025843884852,-22.257778412941175,-0.9100559981689699,10.813884998003513
2019-06-12,-2.014972178532838,0.03505923311803683,0.23584227637775948,-24.27275059147401,-0.874996765050933,11.049727274381272
2019-06-13,0.2803682512130895,0.005580676053770969,-0.09989037656246742,-23.99238234026092,-0.869416088997162,10.949836897818805
2019-06-14,-0.6040059836445001,0.2053992340595553,0.25585743107353826,-24.596388323905423,-0.6640168549376068,11.205694328892344
2019-06-17,0.6336784433440098,-0.3543068839596085,-0.011146115505148886,-23.962709880561412,-1.0183237388972153,11.194548213387195
2019-06-18,-0.11021266556319889,0.20201285006318678,0.22723674634786245,-24.072922546124612,-0.8163108888340285,11.421784959735058
2019-06-19,-0.44260816037509676,-0.1655933011430179,0.42131129938796985,-24.51553070649971,-0.9819041899770464,11.843096259123028
2019-06-20,-1.5039722277058063,0.1998867173814875,-0.22222794903672413,-26.019502934205516,-0.7820174725955589,11.620868310086303
2019-06-21,0.5781234166058502,0.18477380208370972,-0.1929499502375497,-25.441379517599664,-0.5972436705118491,11.427918359848753
2019-06-24,-0.12191934807696826,-0.1640939113409211,0.028108105214775653,-25.563298865676632,-0.7613375818527702,11.456026465063529
2019-06-25,0.651186306569015,0.016135792237701643,0.7803246283737562,-24.912112559107616,-0.7452017896150686,12.236351093437285
2019-06-26,0.4036762294587707,-0.16508279839121032,0.037240302138695225,-24.508436329648845,-0.9102845880062789,12.27359139557598
2019-06-27,0.15153408229953888,-0.1644391939474906,-0.30840212313798,-24.356902247349307,-1.0747237819537694,11.965189272438
2019-06-28,-0.5740910165891672,-1.1790006488531406,-0.2826124265457395,-24.930993263938475,-2.25372443080691,11.68257684589226
2019-07-01,0.3018784226442436,1.6046276887502007,0.12443391044629444,-24.629114841294232,-0.6490967420567095,11.807010756338554
2019-07-02,-0.6080398375693129,0.4012220233391071,0.3268615106526354,-25.237154678863543,-0.24787471871760242,12.13387226699119
2019-07-03,-1.1525541302846574,0.01951930422186066,0.3046929762526699,-26.3897088091482,-0.22835541449574176,12.43856524324386
2019-07-04,-0.3367127481004352,0.02133448164386234,-0.10315181167949782,-26.726421557248635,-0.20702093285187942,12.335413431564362
2019-07-05,0.15305422711958283,0.011291663725506345,-0.036456345241192456,-26.573367330129052,-0.19572926912637306,12.298957086323169
2019-07-08,-0.10755722393652185,0.0023508500270071598,0.09448001682992646,-26.680924554065573,-0.1933784190993659,12.393437103153095
2019-07-09,0.03723659575475889,0.7738600826431311,0.05845281760112472,-26.643687958310814,0.5804816635437652,12.45188992075422
2019-07-10,0.45770111977628286,-0.9202954942327883,-0.09386453787512616,-26.185986838534532,-0.33981383068902316,12.358025382879095
2019-07-11,-0.46005388136836234,-0.14387064070358535,0.03316960736551544,-26.646040719902896,-0.4836844713926085,12.39119499024461
2019-07-12,0.3921475963354069,0.18082399060826027,-0.39576783907044744,-26.25389312356749,-0.30286048078434824,11.995427151174162
2019-07-15,0.315390510340556,0.17671851037306655,-0.12384494680184518,-25.938502613226934,-0.1261419704112817,11.871582204372316
2019-07-16,-0.18410969113654652,0.1887288548116392,0.1576603056856882,-26.12261230436348,0.0625868844003575,12.029242510058005
2019-07-17,-0.7604438101195755,0.01583995880838582,-0.07632865057501625,-26.883056114483054,0.07842684320874332,11.952913859482988
2019-07-18,-1.7913359278592962,4.477140600295873,0.5280785436183612,-28.67439204234235,4.555567443504616,12.48099240310135
2019-07-19,-0.5301932614271541,0.19817136835283491,-0.01407107896583537,-29.204585303769505,4.753738811857451,12.466921324135514
2019-07-22,0.176482229318858,0.1798713878572779,0.18132397207140571,-29.028103074450648,4.933610199714729,12.64824529620692
2019-07-23,0.10136176586163634,0.007037494903528994,0.2073213702039028,-28.926741308589012,4.940647694618258,12.855566666410823
2019-07-24,-0.39730518655099345,0.02590545670322925,0.08653078002263603,-29.324046495140006,4.966553151321487,12.94209744643346
2019-07-25,-0.7321793745739756,-0.32782393030115536,0.456192814904489,-30.05622586971398,4.6387292210203315,13.398290261337948
2019-07-26,-0.2544041447335454,-0.15931636606729283,1.1970914417422012,-30.310630014447526,4.479412854953039,14.595381703080148
2019-07-29,-0.39738166541231923,0.21089251250789556,0.8328491635464667,-30.708011679859844,4.690305367460935,15.428230866626615
2019-07-30,0.0917769226888863,-0.3489422176245788,-0.7843008580911424,-30.616234757170957,4.341363149836356,14.643930008535472
2019-07-31,-0.39516644625626735,-0.7716029612002049,0.12833863860716552,-31.011401203427226,3.569760188636151,14.772268647142637
2019-08-01,0.37965460499903564,1.0055446187153791,0.571509423526695,-30.63174659842819,4.575304807351531,15.343778070669332
2019-08-02,-1.3810275379119916,0.6260138526916047,-0.20723603496519413,-32.012774136340184,5.201318660043135,15.136542035704139
2019-08-05,-2.319200124975109,-0.15316482428888173,-0.2601889026151931,-34.331974261315295,5.0481538357542535,14.876353133088946
2019-08-06,-0.2711365535470122,0.03039621362115962,-0.2834926353677233,-34.603110814862305,5.078550049375413,14.592860497721222
2019-08-07,-0.27717896542314885,0.026088461184309793,-0.0060092791829985705,-34.88028978028545,5.104638510559723,14.586851218538223
2019-08-08,0.338828241266284,0.01747008743093918,0.06781810389800434,-34.54146153901917,5.122108597990662,14.654669322436227
2019-08-09,0.4135246749645958,-0.15643315701882798,0.017251854912118173,-34.12793686405457,4.965675440971834,14.671921177348345
2019-08-12,-0.06577136557567358,-0.3372187505413148,-0.05533443276120249,-34.19370822963024,4.62845669043052,14.616586744587142
2019-08-13,-1.13154626023664,0.031066974004251496,0.11667345280464432,-35.32525448986688,4.659523664434771,14.733260197391786
2019-08-14,-0.13725408637125594,0.022049862529408618,0.6305905106019571,-35.462508576238136,4.68157352696418,15.363850707993743
2019-08-16,-1.5588921002823888,0.023149623822358956,0.3900530459585242,-37.02140067652053,4.704723150786539,15.753903753952267
2019-08-19,0.3172597853159479,0.18813147329458377,-1.0848266791278964,-36.70414089120458,4.892854624081123,14.66907707482437
2019-08-20,0.24290533678296763,0.005410879052704883,-0.07256947045988636,-36.46123555442161,4.898265503133827,14.596507604364485
2019-08-21,1.8392340812506986,-0.0032700207654857393,-0.556547697256887,-34.62200147317091,4.8949954823683415,14.039959907107598
2019-08-22,-0.8613699473661652,-0.15099462273212522,-0.4551831123961701,-35.483371420537075,4.744000859636216,13.584776794711427
2019-08-23,0.8176826213290685,-0.16532143552879178,0.19529917418022896,-34.665688799208006,4.578679424107424,13.780075968891657
2019-08-26,-1.600183881915562,0.031321446479160964,0.10657893806669445,-36.26587268112357,4.610000870586585,13.886654906958352
2019-08-27,1.2442278831607236,0.0014721066211914678,-0.25938679246791485,-35.02164479796284,4.611472977207777,13.627268114490438
2019-08-28,0.0009505825842969087,0.36731749370778827,0.6255041643119665,-35.02069421537855,4.978790470915565,14.252772278802404
2019-08-29,0.025397018716477118,0.01068839649411607,-0.1478345407789171,-34.99529719666207,4.989478867409681,14.104937738023487
2019-08-30,0.2988665322265334,-0.5425038888724041,-0.19993882523447182,-34.69643066443554,4.446974978537277,13.904998912789015
2019-09-02,1.607465825576569,0.7503114964725803,-0.5039334310932055,-33.08896483885897,5.197286475009857,13.40106548169581
2019-09-03,-0.31255922907243355,-0.0055349589049190195,0.6100056146972447,-33.401524067931405,5.191751516104938,14.011071096393055
2019-09-04,0.16957977666474375,0.19645535252325513,0.34951663619878404,-33.231944291266664,5.388206868628194,14.360587732591839
2019-09-05,0.5409337708643738,-0.17190195979671813,-0.07350899441475932,-32.691010520402294,5.216304908831476,14.28707873817708
2019-09-06,0.1731669036175518,-0.5438436340354864,-0.2129865334532047,-32.517843616784745,4.67246127479599,14.074092204723875
2019-09-09,-0.8472021459561827,-0.5639084197851562,0.3485624534129762,-33.36504576274093,4.108552855010833,14.422654658136851
2019-09-10,-0.2770877791524503,1.011518052607458,1.1259875525875338,-33.64213354189338,5.120070907618292,15.548642210724385
2019-09-11,0.4484126321342992,0.4026548307541241,0.24691212848002347,-33.19372090975908,5.522725738372416,15.795554339204408
2019-09-16,3.366946082028696,-0.6321215699321281,-2.6994349132766557,-29.826774827730382,4.890604168440288,13.096119425927752
2019-09-17,-0.6841799648172189,0.019859226512880412,-0.3748759168312719,-30.5109547925476,4.910463394953169,12.72124350909648
2019-09-18,-0.5287818363505746,0.38365235489120053,0.5596072243483202,-31.039736628898176,5.294115749844369,13.280850733444801
2019-09-19,-0.04729113163152577,0.007280493130361062,0.7225886455933266,-31.0870277605297,5.3013962429747306,14.003439379038127
2019-09-20,0.04220828253141223,-0.16436572607984307,-0.0452982332596023,-31.04481947799829,5.137030516894887,13.958141145778525
2019-09-23,0.31822920003604577,0.010189164838636864,-0.7820483532862224,-30.72659027796224,5.147219681733524,13.176092792492302
2019-09-24,-0.2988725492461811,0.02526881080969692,0.22986678459554125,-31.025462827208422,5.172488492543221,13.405959577087843
2019-09-25,-0.627568840511306,-0.33740960609191106,-0.06262345148552292,-31.653031667719727,4.83507888645131,13.34333612560232
2019-09-26,0.06661884337765547,0.02873529292250691,-0.29217559908728585,-31.586412824342073,4.863814179373817,13.051160526515034
2019-09-27,-0.11957420314516298,-0.16149785442509088,0.14808648163884083,-31.705987027487236,4.702316324948726,13.199247008153874
2019-09-30,0.10855195671244003,-0.770626733345866,-1.0378901074453164,-31.597435070774797,3.9316895916028605,12.161356900708558
2019-10-01,0.920104483716706,0.5940197176393323,-0.8826870360451194,-30.67733058705809,4.525709309242193,11.278669864663438
2019-10-02,-0.24466011207213842,0.8062657297667334,-0.4727589520173087,-30.92199069913023,5.331975039008926,10.80591091264613
2019-10-04,-2.794318371797634,-0.15229892237847656,0.11468591544245008,-33.71630907092786,5.179676116630449,10.92059682808858
2019-10-07,0.501822177498396,1.2090036987607258,0.3931788357452,-33.214486893429466,6.388679815391175,11.31377566383378
2019-10-08,0.8810718309434641,-0.3904262969974553,-0.335351987282494,-32.333415062486004,5.998253518393719,10.978423676551287
2019-10-10,0.6026446226959492,-0.5884484305166348,-0.37675031993385477,-31.730770439790057,5.409805087877085,10.601673356617432
2019-10-11,0.45189299102442976,-0.777553414931957,-0.8348649799934059,-31.278877448765627,4.632251672945127,9.766808376624027
2019-10-14,-0.01539328137028836,0.406299860327175,0.4874769742965842,-31.294270730135914,5.038551533272303,10.254285350920611
2019-10-15,0.22853524535664027,0.20030289378633168,-0.7548013229019896,-31.065735484779275,5.238854427058635,9.499484028018621
2019-10-16,0.7512878554467478,4.857804515583638,0.6909433102564737,-30.314447629332527,10.096658942642271,10.190427338275095
2019-10-17,1.2326261028954781,0.5638194842871178,0.3837517909955126,-29.08182152643705,10.660478426929389,10.574179129270608
2019-10-18,0.17295916166110123,0.01354753409016308,-0.4019945754640618,-28.90886236477595,10.674025961019552,10.172184553806545
2019-10-21,1.5835879924889613,-0.0011792628671128058,-1.6220108769174912,-27.325274372286987,10.672846698152439,8.550173676889054
2019-10-22,-0.27145261133794213,0.2051441147327302,-1.4335778195555535,-27.59672698362493,10.87799081288517,7.1165958573335
2019-10-23,0.11997372665373786,0.0013749487353975625,0.10419632287029021,-27.476753256971193,10.879365761620567,7.220792180203791
2019-10-24,-0.07586818301671995,0.19982673578366072,0.6071244526411217,-27.552621439987913,11.079192497404229,7.827916632844913
2019-10-25,0.8563987255210638,-0.17946810665932567,0.2565745278813446,-26.69622271446685,10.899724390744904,8.084491160726257
2019-10-28,2.102558165625515,-0.002965649588782085,0.25902829137651556,-24.593664548841335,10.896758741156122,8.343519452102772
2019-10-29,-0.0750566959375921,0.025399544223464722,-1.0343350513982494,-24.66872124477893,10.922158285379586,7.309184400704522
2019-10-30,-0.5918459486032728,-0.3566884498980867,0.6362591594318835,-25.2605671933822,10.5654698354815,7.945443560136406
2019-10-31,-0.7000510328842889,-0.559912107858174,1.0849669800338546,-25.96061822626649,10.005557727623325,9.03041054017026
2019-11-01,0.12155089112530208,0.796484249713217,-0.05720095373917599,-25.839067335141188,10.802041977336541,8.973209586431084
2019-11-04,2.0081594916202814,-0.011727932437459761,0.012711767967988646,-23.830907843520905,10.790314044899082,8.985921354399073
2019-11-05,-0.33977282135746156,0.008646721073315962,-0.7550805267115732,-24.170680664878365,10.798960765972398,8.2308408276875
2019-11-06,0.1326396801593997,0.19862818140347796,0.10991935639552132,-24.038040984718965,10.997588947375876,8.34076018408302
2019-11-07,0.05072069864685303,-0.3341336138402857,0.35570732390105186,-23.987320286072112,10.663455333535591,8.696467507984073
2019-11-08,-0.5931438317432968,-0.3156428782823838,-0.16751784976594322,-24.58046411781541,10.347812455253207,8.52894965821813
2019-11-11,-0.3783425119178437,-0.3217559725079544,-0.17935127550007327,-24.958806629733253,10.026056482745252,8.349598382718057
2019-11-12,1.1767691797266109,-0.3384907614317508,0.45412204166115766,-23.78203745000664,9.6875657213135,8.803720424379215
2019-11-13,-1.3828661888142952,0.017177062322184303,0.15820286168365752,-25.164903638820935,9.704742783635686,8.961923286062872
2019-11-14,-0.06665418607930877,0.3699161464707982,0.05647617730800297,-25.231557824900243,10.074658930106484,9.018399463370875
2019-11-15,-0.026605333990541106,-0.001160719990308945,-0.3701798177454452,-25.258163158890785,10.073498210116174,8.64821964562543
2019-11-18,-0.154722490376896,0.006375028513332771,0.14562925475508537,-25.41288564926768,10.079873238629506,8.793848900380516
2019-11-19,-0.8712970385814981,0.20245691322653664,0.23203324076675003,-26.284182687849178,10.282330151856042,9.025882141147266
2019-11-20,-1.3517714282213156,-0.16023514557054291,1.0114474717556607,-27.635954116070494,10.1220950062855,10.037329612902926
2019-11-21,-0.1313082336370851,0.20663942891421005,1.4858652827703682,-27.76726234970758,10.32873443519971,11.523194895673294
2019-11-22,0.15595640664211352,0.004227344515519553,-0.4147285194061071,-27.611305943065467,10.33296177971523,11.108466376267186
2019-11-25,0.9143389389924138,0.3599530027680365,-0.6750557927577653,-26.696967004073052,10.692914782483268,10.43341058350942
2019-11-26,-0.3692934526742036,0.0017778853527525363,0.45897436499717914,-27.066260456747255,10.69469266783602,10.8923849485066
2019-11-27,-1.0219587800687955,0.21143954852015007,1.1823744338029851,-28.08821923681605,10.90613221635617,12.074759382309585
2019-11-28,0.0018068420418480902,0.20287237006978948,-1.5357793161256037,-28.086412394774204,11.109004586425959,10.538980066183981
2019-11-29,-1.013748189063099,-0.5545962314075967,-0.3236454689930685,-29.1001605838373,10.554408355018362,10.215334597190912
2019-12-02,1.2148144019511566,0.585200771049656,-0.525548353357154,-27.885346181886145,11.139609126068018,9.689786243833758
2019-12-03,0.9694534627297045,0.18174325778486025,-0.7443802040456647,-26.915892719156442,11.32135238385288,8.945406039788093
2019-12-04,-1.7016498751127247,0.03104840427267467,0.235363100338431,-28.617542594269167,11.352400788125554,9.180769140126523
2019-12-05,0.10415392069914793,-0.1671508759615316,0.7102316276790613,-28.51338867357002,11.185249912164021,9.891000767805584
2019-12-06,0.2264076580416874,0.20261444274959697,0.28529991123495874,-28.286981015528333,11.387864354913619,10.176300679040542
2019-12-09,-0.4860741632682157,-0.33918494346725775,-0.13214596840559456,-28.77305517879655,11.048679411446361,10.044154710634947
2019-12-10,-0.7928399696139247,-0.3385895059568839,1.259325784478668,-29.565895148410476,10.710089905489477,11.303480495113615
2019-12-11,-0.0847769418627736,0.3938509411233776,-0.4313169595071917,-29.65067209027325,11.103940846612854,10.872163535606424
2019-12-12,0.1960172293488086,-0.718827828920429,-0.9338688897793025,-29.454654860924443,10.385113017692426,9.93829464582712
2019-12-13,0.43292947660689424,0.01571023476377144,0.44581087076157466,-29.02172538431755,10.400823252456197,10.384105516588695
2019-12-16,-0.8779980527917729,0.18920999289904566,0.015170962509249293,-29.899723437109323,10.590033245355244,10.399276479097944
2019-12-17,-0.03782923371701142,0.182805391803788,-0.6108504970808951,-29.937552670826335,10.772838637159031,9.78842598201705
2019-12-18,-0.01776793839541688,0.008124395043088881,-0.4192999565020625,-29.95532060922175,10.78096303220212,9.369126025514987
2019-12-19,0.9603460840156932,-0.1764940270735365,-1.1713770081434094,-28.994974525206057,10.604469005128584,8.197749017371578
2019-12-20,0.3722966959269885,0.19195241945799305,-0.609033207722535,-28.62267782927907,10.796421424586576,7.588715809649043
2019-12-23,-0.4288009367583805,-0.15999827344918277,0.285315586371998,-29.05147876603745,10.636423151137393,7.87403139602104
2019-12-24,-0.2846029828137096,-0.1523264994212483,0.054368975668017225,-29.33608174885116,10.484096651716145,7.928400371689057
2019-12-26,0.17305112381496668,-0.16009174713977029,-0.03591555580235938,-29.163030625036193,10.324004904576375,7.892484815886698
2019-12-27,0.8431330671827058,0.0017550993970703004,-2.076237729575407,-28.319897557853487,10.325760003973445,5.816247086311291
2019-12-30,-0.13519512291584412,0.01740227975247003,-0.16040548106099203,-28.455092680769333,10.343162283725915,5.655841605250299
2019-12-31,-0.010939860329153546,-1.5813190446604612,-0.03547230762744179,-28.466032541098485,8.761843239065454,5.620369297622857
2020-01-02,-0.9055589737498085,1.8189680786633187,-0.17613710006926706,-29.371591514848294,10.580811317728774,5.44423219755359
2020-01-03,-1.760440057193451,0.6309800534425735,-0.1162156044802033,-31.132031572041747,11.211791371171348,5.328016593073387
2020-01-06,-0.32764749438529306,-0.37832795185096385,0.42389097369683776,-31.45967906642704,10.833463419320385,5.751907566770225
2020-01-07,1.5589631477126848,0.39200399007026676,0.1673531734578389,-29.900715918714354,11.225467409390651,5.919260740228063
2020-01-08,0.4624486115157665,0.40183427718828285,1.5118360363413363,-29.438267307198586,11.627301686578933,7.431096776569399
2020-01-09,1.0624293873936477,-0.5682791709704231,0.968916728915542,-28.375837919804937,11.059022515608511,8.40001350548494
2020-01-10,0.5501213191219094,0.01629012110421809,-0.18270326745934182,-27.825716600683027,11.075312636712729,8.217310238025599
2020-01-13,0.23663457144127426,-0.17973889075748326,-0.6392463464048597,-27.58908202924175,10.895573745955247,7.578063891620739
2020-01-14,-0.48466625040638733,0.37478397035966815,-1.089799221151763,-28.07374827964814,11.270357716314916,6.488264670468976
2020-01-15,-0.2553682757079845,0.008274503446149925,0.28437705932384144,-28.329116555356123,11.278632219761066,6.772641729792817
2020-01-16,0.2173973991376386,0.020872495172573818,2.034151433636925,-28.111719156218484,11.29950471493364,8.806793163429742
2020-01-17,0.6368845831940557,-0.1802164856597839,-1.0344171534115734,-27.474834573024427,11.119288229273856,7.772376010018168
2020-01-20,0.7796740038721224,0.010172903395269368,-0.4354229930608823,-26.695160569152304,11.129461132669125,7.336953016957286
2020-01-21,-1.5323983449615013,-0.1611825028790932,-0.5173588232820997,-28.227558914113803,10.968278629790031,6.819594193675186
2020-01-22,0.7560127273535151,0.19766023080211456,0.5411372438284898,-27.47154618676029,11.165938860592146,7.360731437503675
2020-01-23,-0.3169071115579702,-0.0009215627931567405,-0.25281647855376155,-27.78845329831826,11.16501729779899,7.107914958949914
2020-01-28,-2.190128682549059,0.4177457722178512,0.31846147037859035,-29.978581980867318,11.58276307001684,7.426376429328505
2020-01-29,-0.5724150007061244,0.19895179595416826,0.003951475603478724,-30.55099698157344,11.781714865971008,7.430327904931984
2020-01-30,-0.8359341148021731,0.19764275633018447,-0.01159270951766179,-31.386931096375612,11.979357622301192,7.418735195414322
2020-01-31,0.051549630311650795,-0.17772592635341655,-0.4325912039357893,-31.33538146606396,11.801631695947776,6.986143991478532
2020-02-03,-0.3543614414690991,0.560611539681541,-0.06707968752779525,-31.68974290753306,12.362243235629318,6.919064303950737
2020-02-04,1.669144578451177,-0.012549758307398852,-0.8371010230715938,-30.02059832908188,12.34969347732192,6.081963280879143
2020-02-05,-0.7379760765664124,-0.16226169837884769,0.10661156331133886,-30.758574405648293,12.187431778943072,6.188574844190482
2020-02-06,0.34225781584164605,0.011582776229806933,-0.1968861524697538,-30.416316589806648,12.199014555172878,5.991688691720729
2020-02-07,-0.5853655949866746,0.18801907870143655,-0.5385242797023264,-31.001682184793324,12.387033633874315,5.453164412018403
2020-02-10,0.04521119229656273,-0.3303912119416261,0.6915295150632822,-30.95647099249676,12.05664242193269,6.1446939270816845
2020-02-11,-0.14299369053725183,-0.32782830044984823,0.31055584600516234,-31.099464683034014,11.728814121482841,6.455249773086847
2020-02-12,0.16006000889712166,0.016457011887695456,0.08155296987831226,-30.93940467413689,11.745271133370537,6.536802742965159
2020-02-13,-0.16822175766248523,0.0024987495500538794,-0.9841000526604387,-31.10762643179938,11.74776988292059,5.552702690304721
2020-02-14,1.0407072416391145,0.3610447382860346,0.7857975450362205,-30.066919190160263,12.108814621206625,6.338500235340941
2020-02-17,-0.42379499715082564,-0.0006506605944852773,-0.20424812132056955,-30.490714187311088,12.108163960612139,6.134252114020372
2020-02-18,-1.4426574538140398,0.20949788253285262,0.49151795813936977,-31.933371641125127,12.317661843144991,6.6257700721597415
2020-02-19,-0.11803998935704511,-0.16152424881695682,0.5815097393379713,-32.05141163048217,12.156137594328035,7.207279811497713
2020-02-20,-1.0417149783988433,0.20521417671148848,-0.7389855107613462,-33.093126608881015,12.361351771039523,6.468294300736367
2020-02-21,-1.6625941069854842,0.036507474231434585,0.2811567529112476,-34.7557207158665,12.397859245270958,6.749451053647614
2020-02-24,-0.9195354651431863,-0.14535216441054777,-0.0644951724808562,-35.675256181009686,12.25250708086041,6.684955881166758
2020-02-25,0.3793056549289599,-0.14516449439371168,0.9195360101037043,-35.29595052608072,12.107342586466698,7.604491891270462
2020-02-26,-0.7555252802008483,0.014196852685843104,-0.505374836768891,-36.05147580628157,12.121539439152542,7.099117054501571
2020-02-27,1.4350070921626372,0.39688247147679695,0.11343015969184571,-34.61646871411894,12.518421910629339,7.212547214193417
2020-02-28,-2.5493941866759746,-0.5489953205058284,-0.20061570860260933,-37.16586290079491,11.969426590123511,7.011931505590807
2020-03-02,0.7454723315593159,0.0303131219641891,-0.1873913027899911,-36.4203905692356,11.9997397120877,6.824540202800816
2020-03-03,-0.04324238862015727,0.01115476583422566,-1.2860724876999807,-36.46363295785576,12.010894477921926,5.538467715100835
2020-03-04,-1.7181700572025234,0.23491664658425676,-1.8292937685770974,-38.18180301505828,12.245811124506183,3.709173946523738
2020-03-05,0.6004872954525942,-0.003797348975350747,0.08855084232662673,-37.58131571960568,12.242013775530832,3.7977247888503647
2020-03-06,0.7483094829990653,0.19866042956239757,0.2700064250086498,-36.83300623660662,12.44067420509323,4.067731213859014
2020-03-09,-1.92575190213764,-0.3469491779092325,2.357298059232452,-38.75875813874426,12.093725027183998,6.425029273091466
2020-03-10,1.3591998867064534,0.21980894234385978,-0.1515509919665127,-37.39955825203781,12.313533969527859,6.273478281124953
2020-03-11,0.3058477537647053,0.20543307903134514,-0.8280869319162469,-37.093710498273104,12.518967048559203,5.445391349208706
2020-03-12,0.1520574946018254,-0.17306659315035278,-1.7016349075068087,-36.94165300367128,12.34590045540885,3.7437564417018976
2020-03-13,3.3076714778062057,-0.0028782142836691503,-1.5880016015875893,-33.633981525865075,12.343022241125182,2.1557548401143083
2020-03-16,-1.247788097186116,-0.35178918763974926,-0.48038808285788,-34.88176962305119,11.991233053485432,1.6753667572564284
2020-03-17,-1.6956947485946734,10.364832267828806,-0.16295947972164496,-36.57746437164587,22.35606532131424,1.5124072775347834
2020-03-18,1.2420870079530286,0.5920503282554275,-0.8979796682862043,-35.335377363692835,22.94811564956967,0.6144276092485791
2020-03-19,3.7673325483272158,0.20669714289379984,1.0929660951863827,-31.56804481536562,23.154812792463467,1.7073937044349616
2020-03-20,-1.0334699079600882,-0.14318672630763252,-2.4899753385924357,-32.60151472332571,23.011626066155834,-0.7825816341574741
2020-03-23,2.4321990520759,-0.054774631343576796,-3.248439981985619,-30.169315671249805,22.956851434812258,-4.031021616143093
2020-03-24,-0.553183095554954,0.23547091652847216,-0.6381695995962198,-30.722498766804758,23.19232235134073,-4.669191215739312
2020-03-25,-0.6744745679626998,-0.221680591842493,1.0337072545440522,-31.39697333476746,22.97064175949824,-3.63548396119526
2020-03-26,-3.0200649491263816,0.0013772434057201838,2.7101480514462692,-34.41703828389384,22.97201900290396,-0.9253359097489908
2020-03-27,0.16917062280961756,-0.3983577960787684,-1.9977474491393967,-34.24786766108422,22.57366120682519,-2.9230833588883876
2020-03-30,1.0331883357632003,-0.19787411657958007,0.1154996038484042,-33.21467932532102,22.37578709024561,-2.807583755039983
2020-03-31,-0.312259919669682,-0.7943644666270333,-1.3398154211353552,-33.52693924499071,21.581422623618575,-4.147399176175338
2020-04-01,0.2441503566325458,0.7965273648766982,1.444248033592055,-33.28278888835816,22.377949988495274,-2.7031511425832835
2020-04-02,-0.6927539581194428,0.40593650920686325,-0.32530308530999863,-33.9755428464776,22.783886497702138,-3.028454227893282
2020-04-03,0.4370574329224217,0.18535618981972304,-0.0003173648932616383,-33.53848541355518,22.96924268752186,-3.0287715927865437
2020-04-06,-0.6305945054891903,-0.3368315881699405,0.11354540306515261,-34.16907991904437,22.63241109935192,-2.915226189721391
2020-04-07,0.4439765412374133,0.18253326086414848,-1.0686842779768289,-33.72510337780696,22.814944360216067,-3.98391046769822
2020-04-08,-1.4028425765108155,0.20517557090280605,0.9056757424120296,-35.127945954317774,23.020119931118874,-3.0782347252861904
2020-04-09,-1.5396312868300424,0.03175643583189173,0.5475462708766985,-36.66757724114782,23.051876366950765,-2.530688454409492
2020-04-10,-0.178800444636682,0.02372930375289454,-0.21209369140933887,-36.8463776857845,23.07560567070366,-2.742782145818831
2020-04-13,0.6092163176348601,-0.34917378141101574,0.010046449129590533,-36.23716136814964,22.726431889292645,-2.7327356966892404
2020-04-14,0.053038234409330004,0.20096190262962843,-0.33444987744538884,-36.184123133740314,22.927393791922274,-3.0671855741346294
2020-04-16,-0.8519380101062205,0.1890001473790428,0.1750509643637554,-37.03606114384654,23.116393939301318,-2.892134609770874
2020-04-17,0.7205424611196263,-0.17145591077297415,-0.08420427193651835,-36.31551868272691,22.944938028528345,-2.9763388817073926
2020-04-20,-0.015353024151867997,-0.1683567924290722,0.16940470188178003,-36.33087170687878,22.776581236099272,-2.8069341798256127
2020-04-21,0.38797785534015433,0.01627251413331943,0.03161245452640098,-35.94289385153863,22.79285375023259,-2.7753217252992117
2020-04-22,1.0574059842083419,0.18229085052451996,-0.9888770418619893,-34.88548786733028,22.975144600757112,-3.764198767161201
2020-04-23,0.17883476150502697,0.007672309634931802,0.03561554748178523,-34.706653105825254,22.982816910392042,-3.728583219679416
2020-04-24,-0.18826416385381764,0.011746010598091371,-0.5292112805542485,-34.89491726967907,22.994562920990134,-4.257794500233665
2020-04-27,0.5762963525040449,0.19005739649399747,-0.9340657141080217,-34.318620917175025,23.184620317484132,-5.191860214341687
2020-04-28,0.022595321937979158,0.012215406246407887,-0.10820937904722061,-34.29602559523705,23.19683572373054,-5.3000695933889075
2020-04-29,-1.01659666166863,-0.5494364348933759,0.43461580372042025,-35.31262225690568,22.647399288837164,-4.8654537896684875
2020-05-04,-0.5580861611794025,0.9762633524023826,-0.6529208480110543,-35.87070841808508,23.623662641239548,-5.518374637679542
2020-05-06,0.13110611563481891,-0.18143591505055534,-0.5044628677910619,-35.73960230245026,23.44222672618899,-6.022837505470603
2020-05-07,-0.6610420950853932,0.20093910184065805,0.9438573632417766,-36.40064439753565,23.643165828029648,-5.0789801422288265
2020-05-08,-1.2211918502024512,-0.15106512685246315,0.945553743224032,-37.6218362477381,23.492100701177186,-4.133426399004795
2020-05-11,0.47674673692042174,-0.1648969474069954,-0.13316433282459442,-37.145089510817684,23.327203753770192,-4.266590731829389
2020-05-12,-0.9472622049248222,0.021486553497712814,-0.4914802107380761,-38.0923517157425,23.348690307267905,-4.758070942567465
2020-05-13,-0.840538937033164,0.20071410221923966,0.3223244096915237,-38.93289065277567,23.549404409487146,-4.435746532875942
2020-05-14,-0.02873814812329077,0.002460245988162219,0.805951176937114,-38.96162880089896,23.551864655475306,-3.6297953559388274
2020-05-15,0.027663658618419552,0.19320061581332051,-0.13385622322221677,-38.933965142280535,23.745065271288627,-3.7636515791610443
2020-05-18,0.30303025219252017,0.015042882970499796,-0.1932615702611816,-38.630934890088014,23.76010815425913,-3.956913149422226
2020-05-19,-0.04619111430038801,-0.3437121309556887,-0.13171356551767222,-38.6771260043884,23.41639602330344,-4.088626714939898
2020-05-20,-0.5339898931611792,0.19526334468934464,0.27819557630270003,-39.211115897549575,23.611659367992786,-3.810431138637198
2020-05-21,-0.41184265692092764,-0.16882442231019312,0.22493151235556422,-39.6229585544705,23.44283494568259,-3.5854996262816337
2020-05-22,-0.2037815986032674,0.19335983375050583,-0.726671884902735,-39.826740153073764,23.636194779433097,-4.312171511184369
2020-05-25,-0.5931959541901657,0.0207925486521621,-0.3898298324366099,-40.41993610726393,23.65698732808526,-4.702001343620979
2020-05-26,0.32163814662849854,0.013593686047492686,0.9208254535321745,-40.09829796063543,23.670581014132754,-3.7811758900888046
2020-05-27,0.2417884594636498,-0.36449073165248735,0.6692285116329523,-39.85650950117178,23.306090282480266,-3.1119473784558522
2020-05-28,-0.38444810287396236,5.070262244389526,-1.6233217666727713,-40.24095760404574,28.37635252686979,-4.7352691451286235
2020-05-29,0.6069791358554759,0.0013827397838937195,-1.1343299894216952,-39.633978468190264,28.377735266653684,-5.8695991345503185
2020-06-01,0.5170630244175971,0.0009804186557651844,-0.5697430097994011,-39.11691544377267,28.378715685309448,-6.43934214434972
2020-06-02,0.16064750799623048,0.36493356698343765,-0.03180700601985037,-38.95626793577644,28.743649252292887,-6.47114915036957
2020-06-03,0.5274400804226508,-0.009982927932504082,0.3465841913843479,-38.42882785535379,28.73366632436038,-6.124564958985222
2020-06-04,0.21589551307219595,0.18334591093903096,1.0332838407061438,-38.21293234228159,28.917012235299413,-5.0912811182790785
2020-06-05,0.3140871939440085,-0.1761265518672907,-0.25180994659661565,-37.89884514833758,28.740885683432122,-5.343091064875694
2020-06-08,0.03672646290162196,0.20297005188359113,0.07960101642606407,-37.86211868543596,28.94385573531571,-5.26349004844963
2020-06-09,-1.1778114241636455,-0.6966859675331554,-0.1014742560714151,-39.0399301095996,28.247169767782555,-5.364964304521045
2020-06-10,-0.12802801310254247,0.20657050945683292,-0.6038944594847266,-39.167958122702146,28.453740277239387,-5.9688587640057715
2020-06-11,-0.23372123664483502,0.0010329850317636433,0.17589373616033607,-39.40167935934698,28.45477326227115,-5.792965027845436
2020-06-12,0.24410792466456657,0.5399398529767059,-0.28186652086269,-39.15757143468241,28.994713115247855,-6.074831548708126
2020-06-15,0.7150620038165609,0.0027933054365167943,-0.2933435897893216,-38.44250943086585,28.99750642068437,-6.368175138497447
2020-06-16,-0.3550154754089435,0.04267665203881068,0.016685567882358875,-38.79752490627479,29.04018307272318,-6.3514895706150885
2020-06-17,0.2362920625509566,-0.19483034583569725,0.5417094868174327,-38.56123284372383,28.845352726887484,-5.809780083797656
2020-06-18,-0.9224269140851437,0.20011074608240695,-0.14300035863960775,-39.48365975780897,29.04546347296989,-5.9527804424372635
2020-06-19,0.44998738441236247,0.010800779954263316,-0.4440469882449007,-39.03367237339661,29.05626425292415,-6.396827430682164
2020-06-22,0.24387681767929392,-0.16736474455272446,-0.9748422100192314,-38.78979555571732,28.888899508371427,-7.371669640701395
2020-06-23,-0.28934986779200483,0.027828604405403856,-0.3715745572863683,-39.079145423509324,28.91672811277683,-7.743244197987763
2020-06-24,-0.37472757449786054,-0.16522385584718507,0.09224463462128465,-39.453872998007185,28.751504256929646,-7.6509995633664785
2020-06-25,-0.2394586002150484,0.20234482918207727,0.18683352060758945,-39.69333159822224,28.953849086111724,-7.464166042758889
2020-06-26,-0.3356005883439606,-0.5174119289780437,0.32256529438058523,-40.028932186566195,28.436437157133682,-7.141600748378304
2020-06-29,0.7589146799715163,0.19982222300204372,-0.25055327937505256,-39.27001750659468,28.636259380135726,-7.392154027753357
2020-06-30,0.30371036083642444,-1.5747189178151997,-0.4474626432985386,-38.96630714575825,27.061540462320526,-7.839616671051895
2020-07-01,0.3049796142793776,1.802886426850613,0.2816831992637892,-38.661327531478875,28.86442688917114,-7.557933471788106
2020-07-02,-0.45672615711106246,0.20320322743500516,-0.03462496703831103,-39.11805368858994,29.067630116606143,-7.5925584388264165
2020-07-03,0.08535546372201934,-0.5571542055575058,-0.020534740022673116,-39.03269822486792,28.510475911048637,-7.613093178849089
2020-07-06,0.3968449389186204,0.18796275463495618,0.17469592639824882,-38.6358532859493,28.698438665683593,-7.438397252450841
2020-07-07,-0.5550320063189718,0.7610788087209417,0.3695474037971922,-39.19088529226828,29.459517474404535,-7.068849848653649
2020-07-08,-0.31537398284380935,-0.5304976284691499,0.28147595164105726,-39.506259275112086,28.929019845935386,-6.787373897012592
2020-07-09,0.2508239024336223,0.030513738492008873,-0.25153788709316477,-39.25543537267846,28.959533584427394,-7.038911784105757
2020-07-10,0.13890937633569067,-0.160508428089667,0.14765247070090093,-39.11652599634277,28.799025156337727,-6.891259313404856
2020-07-13,0.4599643676022632,-0.16873647063900918,-0.19313107377121871,-38.65656162874051,28.63028868569872,-7.084390387176074
2020-07-14,-0.021361510893599233,0.3562451875009801,-0.14839297427668263,-38.67792313963411,28.9865338731997,-7.232783361452757
2020-07-15,-0.040027813019855064,0.19027769367322525,-0.19565630482830665,-38.717950952653965,29.176811566872924,-7.428439666281063
2020-07-16,-0.6395804922508131,-0.35402569655017885,-0.3481570070387765,-39.35753144490478,28.822785870322747,-7.7765966733198395
2020-07-17,-0.5750401859416706,0.5504945827062059,-0.1897594418363862,-39.932571630846454,29.373280453028954,-7.966356115156226
2020-07-20,-0.4874750424098022,0.3643458416476989,0.526611836255485,-40.42004667325626,29.73762629467665,-7.439744278900741
2020-07-21,0.4702397661846339,-0.35527226536325357,-0.10641093784181505,-39.949806907071626,29.382354029313397,-7.546155216742556
2020-07-22,-0.25699423021339424,0.19887160921524047,-0.02589105100231341,-40.20680113728502,29.581225638528636,-7.572046267744869
2020-07-23,-0.6749639696225176,-0.1528939823069688,0.6611943527474528,-40.88176510690754,29.42833165622167,-6.910851914997417
2020-07-24,-0.2654201009824384,-0.3262758439847493,0.6541012572367284,-41.147185207889976,29.10205581223692,-6.256750657760688
2020-07-27,-0.05931891993833489,-0.15922252296200706,0.38832163377635204,-41.20650412782831,28.942833289274912,-5.868429023984336
2020-07-28,0.397315642832142,0.36685200227498166,0.06646919930847457,-40.80918848499617,29.309685291549894,-5.801959824675862
2020-07-29,-0.29336603943469747,-0.17312823576463024,0.09193324033439923,-41.102554524430865,29.136557055785264,-5.710026584341462
2020-07-30,-0.4152497874370172,-0.14628829185883724,-0.451762012835499,-41.517804311867884,28.990268763926426,-6.161788597176962
2020-07-31,0.03694493102582755,-0.33690258864532635,-0.4021005883464139,-41.480859380842055,28.6533661752811,-6.563889185523376
2020-08-03,0.3099558470591786,0.01736735994761393,-0.5972602379643043,-41.17090353378288,28.670733535228713,-7.1611494234876805
2020-08-04,0.21485068355153003,0.17717136847573248,-0.0955247321838775,-40.956052850231345,28.847904903704446,-7.256674155671558
2020-08-05,-0.3140551384476194,0.36010937768462753,0.17830163464743307,-41.270107988678966,29.208014281389072,-7.078372521024125
2020-08-06,0.130867759556154,-0.17198544603802646,0.28821310670495,-41.13924022912281,29.036028835351047,-6.7901594143191755
2020-08-07,0.0958728638275116,-0.1782341936357886,0.03962889179436362,-41.0433673652953,28.85779464171526,-6.750530522524812
2020-08-10,0.8322879434188739,0.5356046201665058,-0.3026472925222474,-40.21107942187643,29.393399261881765,-7.05317781504706
2020-08-11,-0.3836931456952434,0.0033220060344030084,0.02879293141001396,-40.59477256757167,29.396721267916167,-7.024384883637046
2020-08-12,0.3530773556886553,-0.3503155712426743,-0.2584443469711376,-40.24169521188301,29.046405696673492,-7.282829230608184
2020-08-13,-0.2870389121022292,0.030703848750158063,0.08984196577149299,-40.528734123985245,29.07710954542365,-7.192987264836691
2020-08-14,0.590050236880219,-0.5280956065131855,-0.334281797194115,-39.93868388710503,28.549013938910463,-7.527269062030806
2020-08-18,-0.6607932945728644,0.03140077502045497,0.18139308679833346,-40.59947718167789,28.580414713930917,-7.345875975232472
2020-08-19,-0.18963356903794476,0.19683485132478465,-0.010755856048738549,-40.789110750715835,28.7772495652557,-7.35663183128121
2020-08-20,0.47869032498535374,0.19064020461884248,-0.4107652434643086,-40.310420425730484,28.967889769874542,-7.767397074745519
2020-08-21,0.8010946489530989,-0.508488309817824,0.6957039897742914,-39.50932577677739,28.459401460056718,-7.071693084971228
2020-08-24,-0.6390987074443505,0.01963365749705998,-0.6063071875944995,-40.148424484221735,28.479035117553778,-7.678000272565727
2020-08-25,0.17498355000855825,0.18757883566975214,-0.1953154241123706,-39.97344093421318,28.66661395322353,-7.873315696678098
2020-08-26,0.2866215709988119,-0.18697393726476472,0.07848249719530374,-39.68681936321437,28.479640015958765,-7.794833199482794
2020-08-27,0.277544544250503,0.5662191114602805,0.4593455733744182,-39.409274818963866,29.045859127419046,-7.335487626108376
2020-08-28,1.136648018904588,0.1963820180466634,-0.2779415689082215,-38.27262680005928,29.24224114546571,-7.6134291950165975
2020-08-31,0.7695273399255295,-1.1885394197427828,0.7353230916125373,-37.50309946013375,28.053701725722927,-6.87810610340406
2020-09-01,1.4178759237452627,0.6010551967117702,-0.6700823193627494,-36.08522353638848,28.654756922434697,-7.54818842276681
2020-09-02,-1.0389456100911172,0.6081878589414393,-0.5107230606763553,-37.1241691464796,29.262944781376135,-8.058911483443165
2020-09-03,-0.20551308296698945,0.19779169272041688,0.002827286407656322,-37.32968222944659,29.460736474096553,-8.056084197035508
2020-09-04,0.06889101183370225,0.008392992386322405,0.28733007144837325,-37.26079121761289,29.469129466482876,-7.768754125587135
2020-09-07,0.630492488674627,-0.1782469178123087,1.2853421112335184,-36.630298728938264,29.290882548670567,-6.4834120143536165
2020-09-08,-0.6994893803100779,1.2170834258549628,0.0018133443115175214,-37.32978810924834,30.50796597452553,-6.481598670042099
2020-09-09,-0.8754330909945174,-0.973615701070903,-0.5039261115004443,-38.20522120024286,29.534350273454628,-6.985524781542543
2020-09-10,-0.06786859349196435,0.23519690528699044,1.5349554091209432,-38.273089793734826,29.769547178741618,-5.4505693724216
2020-09-11,0.37776396482751834,-0.36974450541757303,-0.5845278364815889,-37.89532582890731,29.399802673324047,-6.0350972089031885
2020-09-14,-0.048006892248348254,0.37514914434359725,-0.856147300169041,-37.943332721155656,29.774951817667645,-6.891244509072229
2020-09-15,-0.38510566434642457,0.18222204468984057,-0.002666516881397499,-38.32843838550208,29.957173862357486,-6.893911025953627
2020-09-16,-0.5735398300144858,0.01562577430859489,1.4244189700578995,-38.901978215516564,29.972799636666082,-5.469492055895728
2020-09-17,0.3375008365581375,0.01803308916752753,-0.588273194423875,-38.56447737895843,29.99083272583361,-6.057765250319603
2020-09-18,-0.060475113521261246,-0.1588214073863792,-0.052066142022310295,-38.62495249247969,29.83201131844723,-6.109831392341913
2020-09-21,0.023851146466278044,0.20665519424551443,-0.39754500136166987,-38.601101346013415,30.038666512692743,-6.507376393703583
2020-09-22,-0.4932096000919709,-0.5178684924598119,0.4263750845040744,-39.09431094610539,29.52079802023293,-6.081001309199509
2020-09-23,-0.4829668670063319,0.4028017929432911,-0.24449459702913184,-39.57727781311172,29.92359981317622,-6.325495906228641
2020-09-24,-0.36418433432626207,-0.3517675270834121,-0.6440781205866105,-39.94146214743798,29.57183228609281,-6.969574026815251
2020-09-25,-0.2465680649113032,0.21442437270876982,0.5592563688771073,-40.18803021234928,29.78625665880158,-6.410317657938144
2020-09-28,-0.2570399022598667,0.016231958075441085,0.07992197160911568,-40.44507011460915,29.80248861687702,-6.3303956863290285
2020-09-29,-0.06536323222348044,-1.3874287521283137,-0.24850245218376438,-40.510433346832635,28.415059864748706,-6.578898138512793
2020-10-05,1.0986456751743714,1.5924391894653247,-0.6247124662306419,-39.41178767165826,30.00749905421403,-7.203610604743435
2020-10-06,1.1697120040919242,0.19205340622764325,-0.7192231936142044,-38.24207566756633,30.199552460441673,-7.922833798357639
2020-10-07,-0.06286437350927566,-0.37785337873430713,0.29368899048999947,-38.30494004107561,29.821699081707365,-7.62914480786764
2020-10-08,0.008867045443325955,-0.9762107665896593,0.20936008186259147,-38.29607299563229,28.845488315117706,-7.419784726005048
2020-10-12,0.22739295100817977,-0.17497319790538401,0.7848382283069597,-38.06868004462411,28.67051511721232,-6.634946497698088
2020-10-13,-0.5763082690257845,0.01840131292585566,1.101204433459319,-38.6449883136499,28.68891643013818,-5.533742064238769
2020-10-14,-0.3611705841592378,0.7987860164976458,-0.5148260246010687,-39.00615889780914,29.487702446635826,-6.048568088839838
2020-10-15,-0.5770219283921827,0.6032993088238842,-0.5277103435717236,-39.58318082620132,30.09100175545971,-6.576278432411562
2020-10-16,0.5144868772025459,0.0056897721437003945,-0.7356292055762176,-39.06869394899878,30.09669152760341,-7.31190763798778
2020-10-19,-0.8549057629942483,-0.1511283301472561,1.1362073276488125,-39.92359971199303,29.945563197456156,-6.175700310338967
2020-10-20,0.38324672161353823,-0.1548341925823532,0.27899205235656543,-39.54035299037949,29.790729004873803,-5.896708257982402
2020-10-21,1.0777664022352174,-0.5308486414587096,-0.141947479342799,-38.46258658814427,29.259880363415093,-6.038655737325201
2020-10-22,-0.3228417942348112,-0.1425242124346289,0.009922273370378449,-38.78542838237908,29.117356150980463,-6.028733463954823
2020-10-23,-0.2690189606223612,-0.33006652322313434,-0.5008339520462145,-39.05444734300144,28.78728962775733,-6.529567416001037
2020-10-26,-0.10216406827089236,-0.1551907197653645,0.08521350327719739,-39.15661141127234,28.632098907991963,-6.44435391272384
2020-10-27,0.25642621843395313,0.014971444250873506,0.11500595424914058,-38.900185192838386,28.64707035224284,-6.3293479584747
2020-10-28,-0.1683643696366564,1.409647041477329,0.19836028530290717,-39.06854956247504,30.056717393720167,-6.130987673171793
2020-10-29,0.39153649289654757,0.20252053918775553,0.03948942349689319,-38.67701306957849,30.259237932907922,-6.0914982496749
2020-10-30,0.22585203796841213,-0.7765567171135098,0.32656020140576,-38.451161031610084,29.48268121579441,-5.76493804826914
2020-11-02,1.177354984595669,0.7992170297470526,-0.16643309824720076,-37.27380604701442,30.281898245541463,-5.931371146516341
2020-11-03,0.21966899394901437,0.17245231755064616,-0.24616503688991187,-37.0541370530654,30.45435056309211,-6.177536183406253
2020-11-04,-0.6896923276655297,0.19712743983490869,-0.18106794957013675,-37.743829380730936,30.651478002927018,-6.35860413297639
2020-11-05,-0.7458824963761838,0.02542829822051624,-0.6388644931529021,-38.48971187710712,30.676906301147532,-6.997468626129292
2020-11-06,0.5769784619150005,-0.9507479500276825,0.18385367696042446,-37.91273341519212,29.72615835111985,-6.813614949168867
2020-11-09,0.23486573257127855,0.20907245686500944,0.41432246194235806,-37.67786768262084,29.93523080798486,-6.399292487226509
2020-11-10,0.8767698997010722,0.16577202162946847,-0.5441246555580552,-36.80109778291977,30.101002829614327,-6.943417142784564
2020-11-11,0.5619620476570949,0.18093579046196112,0.1404106487487127,-36.23913573526267,30.28193862007629,-6.803006494035851
2020-11-12,-0.37538295186081255,0.005245416693288634,-0.3532259306076275,-36.614518687123486,30.287184036769577,-7.156232424643479
2020-11-13,-0.2587895083069314,0.017490057778874905,-0.3708322689151528,-36.87330819543042,30.304674094548453,-7.527064693558631
2020-11-16,0.004975850639794974,0.013554657530005555,0.28482869120000304,-36.86833234479062,30.318228752078458,-7.242236002358628
2020-11-17,-0.14798804923443404,-0.17416588864664387,-0.0822415432758697,-37.01632039402506,30.144062863431813,-7.3244775456344975
2020-11-18,-0.4664768194894727,0.20371723466337013,0.39842840056233886,-37.48279721351453,30.347780098095182,-6.926049145072159
2020-11-19,0.14545871949313324,-0.16874772190651782,0.3210053395702029,-37.337338494021395,30.179032376188665,-6.605043805501956
2020-11-20,0.023513813616110758,0.026411244519427376,0.33879247787137645,-37.31382468040528,30.205443620708092,-6.266251327630579
2020-11-23,-0.41456573968374455,-0.3343665199753852,-0.014067963335995968,-37.72839042008903,29.871077100732705,-6.280319290966575
2020-11-24,0.18291113149365162,-0.17028201098960966,0.10050912724767536,-37.545479288595374,29.700795089743096,-6.1798101637189
2020-11-25,0.48551981034204916,0.19352460190635049,-0.30886147797010377,-37.059959478253326,29.894319691649446,-6.488671641689003
2020-11-26,0.3816462699185704,-0.3484663281463861,0.25188992545329114,-36.67831320833476,29.54585336350306,-6.236781716235712
2020-11-27,-0.310958646451262,0.20707171324970883,0.3982718789139713,-36.98927185478602,29.752925076752767,-5.838509837321741
2020-11-30,0.2904377012164893,-1.5885425537556652,-0.24483297633230836,-36.69883415356953,28.1643825229971,-6.083342813654049
2020-12-01,-0.13057628960087114,1.8180577349680893,0.2335575005540691,-36.8294104431704,29.98244025796519,-5.84978531309998
2020-12-02,0.4525672597647791,0.585060405334899,-0.8093627401455474,-36.376843183405626,30.56750066330009,-6.659148053245528
2020-12-03,-0.279094225261089,-0.0027146479040198335,0.021301628159623182,-36.655937408666716,30.56478601539607,-6.637846425085905
2020-12-04,-0.13554045363041411,0.0025080350381053943,-0.45563220647282265,-36.79147786229713,30.567294050434175,-7.093478631558727
2020-12-07,-0.0018367762613089185,0.3568468813493884,-0.5158270164869591,-36.793314638558435,30.924140931783562,-7.609305648045686
2020-12-08,-0.09639810013488821,0.19261675624952193,-0.0966643760201799,-36.889712738693326,31.116757688033083,-7.705970024065866
2020-12-09,0.15877076562777048,-0.5097815979758886,0.002390217936291711,-36.730941973065555,30.606976090057195,-7.703579806129575
2020-12-10,-0.11390528593325086,-0.1554317313950002,-0.13733560763820005,-36.844847258998804,30.451544358662193,-7.8409154137677755
2020-12-11,0.09224455376599036,-0.15919229142408803,0.13306487167090736,-36.75260270523282,30.292352067238106,-7.707850542096868
2020-12-14,0.11587502233830206,0.006812162269847647,-0.28191078692955074,-36.63672768289452,30.299164229507955,-7.989761329026419
2020-12-15,0.04936139139357446,0.18875061020671177,0.08947586554336681,-36.58736629150094,30.487914839714666,-7.900285463483052
2020-12-16,0.3874622597283868,0.0016960379188586984,-0.08672748856497027,-36.199904031772554,30.489610877633524,-7.987012952048023
2020-12-17,0.702698779991877,0.17976225159014067,-0.5297727479084121,-35.49720525178068,30.669373129223665,-8.516785699956435
2020-12-18,-0.6306263241015447,0.024794687389881612,-0.11623400295617073,-36.12783157588222,30.694167816613547,-8.633019702912605
2020-12-21,-0.24344595525090656,-0.5116901183120852,-0.5778692066616853,-36.371277531133124,30.18247769830146,-9.21088890957429
2020-12-22,-0.45676675286420254,-0.13427888851805805,-0.07171704333431182,-36.82804428399733,30.048198809783404,-9.282605952908602
2020-12-23,-0.4353821054322594,-0.6894589196259259,-0.09321921821636349,-37.26342638942959,29.358739890157477,-9.375825171124966
2020-12-24,0.6818858766966814,0.1943289293048383,0.11045778074168718,-36.58154051273291,29.553068819462315,-9.265367390383279
2020-12-28,0.03256816037656474,-0.0023076573715075173,0.08653409565713435,-36.548972352356344,29.550761162090808,-9.178833294726145
2020-12-29,0.25565600293787527,0.19720161350184137,0.22685316361175326,-36.29331634941847,29.74796277559265,-8.951980131114391
2020-12-30,0.23769853163392743,-0.5498879924513811,-0.402419878928634,-36.055617817784544,29.19807478314127,-9.354400010043026
2020-12-31,-0.01111269502522868,-0.7870599437803467,0.07901773726873505,-36.06673051280977,28.411014839360924,-9.27538227277429
2021-01-04,-0.2217095070442148,1.6101491965461843,-0.6646207462656523,-36.28844001985399,30.02116403590711,-9.940003019039944
2021-01-05,-0.6745437645677241,0.9974224118342393,-0.264576338884897,-36.96298378442171,31.01858644774135,-10.20457935792484
2021-01-06,0.5905127470073314,-0.008173398053779575,0.22483487325546594,-36.37247103741438,31.010413049687568,-9.979744484669375
2021-01-07,-0.13573631376124287,-0.1606932548434152,0.4325281878512975,-36.50820735117562,30.84971979484415,-9.547216296818078
2021-01-08,0.1334300308815174,0.19921871869933344,0.12640894637328937,-36.3747773202941,31.048938513543487,-9.42080735044479
2021-01-11,-0.6186036432579874,-0.5458177247882172,0.2827464135972778,-36.993380963552084,30.503120788755268,-9.138060936847511
2021-01-12,0.32694800810154107,0.5601417423504425,-0.17218292170824454,-36.666432955450546,31.06326253110571,-9.310243858555756
2021-01-13,-0.09762348767251423,-0.17080968348793438,0.03753834878486564,-36.76405644312306,30.892452847617776,-9.27270550977089
2021-01-14,0.3106094211646795,0.017540632867254203,-0.013175082173433954,-36.45344702195838,30.90999348048503,-9.285880591944325
2021-01-15,-0.11559927851013271,-0.15960339661511566,-0.7546821019651332,-36.569046300468514,30.750390083869917,-10.04056269390946
2021-01-18,-0.22719807696225847,-0.15972995777254245,-0.03925011713445452,-36.796244377430774,30.590660126097376,-10.079812811043913
2021-01-19,-0.009862644102584688,0.5573922821062132,-0.2621024254714469,-36.80610702153336,31.14805240820359,-10.34191523651536
2021-01-20,-0.1386426659735619,-0.012270726024004738,-0.3500325510680147,-36.94474968750692,31.135781682179584,-10.691947787583375
2021-01-21,-0.003019997468651825,0.014456370816737552,-0.03346552409099273,-36.947769684975576,31.150238052996322,-10.725413311674368
2021-01-22,0.9568734771297732,-0.1819820484069802,-0.32361915612888464,-35.9908962078458,30.968256004589342,-11.049032467803253
2021-01-25,0.5079430929692017,0.19953272741924857,-0.16430387788149595,-35.4829531148766,31.167788732008592,-11.213336345684748
2021-01-26,0.006729531937657083,-0.5709038458940285,-0.6230350238931915,-35.47622358293894,30.596884886114562,-11.83637136957794
2021-01-27,-0.34510806282094236,1.2210899026808963,-0.34327560724202155,-35.821331645759884,31.81797478879546,-12.179646976819962
2021-01-28,-0.02655892371795268,-0.1796287081339132,-0.5044130560271037,-35.84789056947783,31.63834608066155,-12.684060032847066
2021-01-29,-0.09574281246249983,-1.1731252162461807,-0.40647804793056547,-35.94363338194033,30.465220864415368,-13.090538080777632
2021-02-01,0.9114388192573926,0.6083129536210585,-1.2331117905365756,-35.03219456268294,31.073533818036427,-14.323649871314208
2021-02-02,-0.8288413781434107,0.3700392632752304,0.45656050803512743,-35.86103594082635,31.44357308131166,-13.86708936327908
2021-02-03,-0.014026485237640293,0.3745140594797295,-0.04009886972221334,-35.87506242606399,31.818087140791388,-13.907188233001293
2021-02-04,0.19389935639616096,-0.35857648009336973,0.027268261477145443,-35.68116306966783,31.45951066069802,-13.879919971524147
2021-02-05,-0.02059268438002276,0.2113089873869238,-0.67388710814683,-35.70175575404785,31.670819648084944,-14.553807079670978
2021-02-08,0.7037631630948818,-0.35466628044857806,-1.070927448295234,-34.99799259095297,31.316153367636367,-15.624734527966211
2021-02-09,-0.2790229913773798,-0.14763177636953534,0.06717453024237376,-35.27701558233035,31.16852159126683,-15.557559997723837
2021-02-10,0.1343961821763374,0.017813208736107467,0.47913197074535363,-35.14261940015401,31.18633480000294,-15.078428026978484
2021-02-15,0.6937798586868542,0.008983445697314957,-0.9199207440239449,-34.44883954146716,31.195318245700253,-15.998348771002428
2021-02-16,-0.5135845165349278,-0.1766086667176794,-0.014654892368882688,-34.962424058002085,31.018709578982573,-16.01300366337131
2021-02-17,0.15246234829592006,0.5518291182665273,-0.1536752994462603,-34.809961709706165,31.570538697249102,-16.16667896281757
2021-02-18,-0.27632101080295296,-0.33791075274862326,0.15519537610055975,-35.08628272050912,31.23262794450048,-16.01148358671701
2021-02-19,0.3226289765839468,-0.33034002186384837,-0.11511095970829839,-34.76365374392517,30.90228792263663,-16.12659454642531
2021-02-22,0.8281533609501374,0.1832971186426886,0.08638957382903122,-33.93550038297503,31.08558504127932,-16.04020497259628
2021-02-23,-0.14544803742032514,0.19598309215474327,0.06504756523282586,-34.08094842039535,31.281568133434064,-15.975157407363453
2021-02-24,-0.941875109954965,-0.15874014509237794,0.968344409119388,-35.022823530350315,31.122827988341687,-15.006812998244065
2021-02-25,0.394388537599266,-0.35291329681582434,-0.8794153577005448,-34.628434992751046,30.769914691525862,-15.88622835594461
2021-02-26,1.3043889488967877,-1.4099298090829309,0.2130735081932267,-33.32404604385426,29.35998488244293,-15.673154847751382
2021-03-02,0.2726788158947444,2.4165674949728166,-1.2227016665674706,-33.05136722795952,31.776552377415747,-16.895856514318854
2021-03-03,-0.3173614379371826,-0.003694972669533286,-0.38369395106252224,-33.3687286658967,31.772857404746215,-17.279550465381377
2021-03-04,0.21940378864896065,0.3896354025581536,-0.498158838031776,-33.149324877247736,32.16249280730437,-17.777709303413154
2021-03-05,0.5872083407197194,-0.375804955071102,-0.32325272680261724,-32.562116536528016,31.786687852233264,-18.100962030215772
2021-03-08,0.8934553906080548,-0.18082544971736153,2.3831774625346824,-31.668661145919963,31.605862402515903,-15.71778456768109
2021-03-09,0.9570974384645697,-0.7802143044812543,3.298420420030144,-30.711563707455394,30.825648098034648,-12.419364147650946
2021-03-10,-0.3615683466004602,0.6135285969470051,-1.2488772027649486,-31.073132054055854,31.439176694981654,-13.668241350415894
2021-03-11,-0.4951485077635577,-0.17445055289471084,-0.39823664141096765,-31.56828056181941,31.264726142086943,-14.066477991826861
2021-03-12,1.4346578668721595,-0.599114451681684,-0.18206325716234373,-30.13362269494725,30.66561169040526,-14.248541248989206
2021-03-15,0.5967285069629205,0.3940948868091734,-0.4258046277804474,-29.536894187984327,31.059706577214435,-14.674345876769653
2021-03-16,-0.9018844447887095,0.8001886970673495,0.036247489061849075,-30.438778632773037,31.859895274281783,-14.638098387707805
2021-03-17,0.5242780104427615,0.19440841036046796,-0.09946922541617821,-29.914500622330277,32.05430368464225,-14.737567613123984
2021-03-18,-0.5833807629789826,-0.3554542902799531,0.26155011243027176,-30.49788138530926,31.698849394362295,-14.476017500693713
2021-03-19,-0.9863065319917793,0.2175493281367975,1.098800811397229,-31.48418791730104,31.916398722499093,-13.377216689296484
2021-03-22,-0.19606639147650765,0.024776400121663815,1.4946726906232475,-31.680254308777545,31.941175122620756,-11.882543998673237
2021-03-23,-0.38793685769949693,-0.3622899787206851,-0.27878775665377636,-32.06819116647704,31.57888514390007,-12.161331755327012
2021-03-24,-0.9157669625496682,0.4177838693064401,-0.1711155018693057,-32.98395812902671,31.99666901320651,-12.332447257196318
2021-03-25,-0.251864047781704,-0.7819654785235873,-1.7589548262835284,-33.23582217680841,31.214703534682922,-14.091402083479846
2021-03-26,0.5725038493982519,0.5977131692729557,0.2557287381654965,-32.66331832741016,31.81241670395588,-13.83567334531435
2021-03-29,-0.029105721065251385,0.1999680826712749,-0.429684334192351,-32.69242404847541,32.01238478662715,-14.2653576795067
2021-03-30,1.606414999943698,-0.3923699777375701,-0.2967451605109462,-31.08600904853171,31.620014808889582,-14.562102840017646
2021-03-31,0.010727707850295264,-2.004115504967359,-1.6143100634924719,-31.075281340681414,29.615899303922223,-16.17641290351012
2021-04-01,-0.32147279662507133,2.8296036384440733,0.1312267438930636,-31.396754137306484,32.445502942366296,-16.045186159617057
2021-04-02,0.3706137142275072,0.1948095362357993,-1.1614695479097397,-31.026140423078978,32.6403124786021,-17.206655707526796
2021-04-05,1.4099780831447248,-0.19810472336526658,-0.42114410259025337,-29.616162339934252,32.44220775523683,-17.62779981011705
2021-04-06,-0.6073817669028063,-0.17149683154192225,-0.47309419677409253,-30.22354410683706,32.27071092369491,-18.100894006891142
2021-04-07,-0.20613022490451582,-0.37318425917554704,-0.4503119931582702,-30.429674331741577,31.897526664519358,-18.55120600004941
2021-04-08,-1.4092955414673298,0.4312865570540222,1.9827677138816844,-31.838969873208907,32.32881322157338,-16.568438286167726
2021-04-09,0.07675086441041443,-0.5736436633911046,2.119333242139057,-31.762219008798493,31.75516955818227,-14.44910504402867
2021-04-12,-0.5580886596854654,-0.7744569257867658,-0.6230880520875404,-32.320307668483956,30.980712632395505,-15.07219309611621
2021-04-13,0.31503403966759497,0.20527207647592247,-0.5482991105080275,-32.00527362881636,31.185984708871427,-15.620492206624238
2021-04-14,-0.8823202800935838,0.8018581259635625,-0.15862603203557826,-32.88759390890994,31.98784283483499,-15.779118238659816
2021-04-15,0.604278627636013,0.009619569157747308,1.8220000474281333,-32.28331528127393,31.997462403992735,-13.957118191231682
2021-04-16,-0.007074730065000636,0.017746628550228936,0.6201976628770685,-32.29039001133893,32.01520903254296,-13.336920528354614
2021-04-19,-0.7431142594995023,-0.16674217559809276,-0.19777614811842578,-33.03350427083843,31.84846685694487,-13.53469667647304
2021-04-20,0.3119028483083534,0.3668579069371368,-0.7811190697036348,-32.72160142253007,32.21532476388201,-14.315815746176675
2021-04-21,-0.19649186449142492,-0.1708592878019647,-0.7298818247867666,-32.9180932870215,32.04446547608004,-15.04569757096344
2021-04-22,-0.1960539099808109,-0.14510269734688688,-0.16586742547390074,-33.11414719700231,31.899362778733156,-15.21156499643734
2021-04-23,0.7625521373659747,-0.1799418932028917,-0.641577968201849,-32.35159505963634,31.719420885530266,-15.85314296463919
2021-04-26,0.7240379468471022,0.541023602610776,-0.8858654320510327,-31.627557112789237,32.26044448814104,-16.739008396690224
2021-04-27,-0.3147395555426629,0.0031259046867895134,-0.6199383784548578,-31.9422966683319,32.26357039282783,-17.358946775145082
2021-04-28,0.2838580188496478,-0.16520923253731964,0.05604327699590704,-31.65843864948225,32.09836116029051,-17.302903498149174
2021-04-29,0.2663639914325017,0.021356141701630967,-0.6237118934366759,-31.392074658049747,32.11971730199214,-17.926615391585848
2021-04-30,0.9398990487197277,-0.19372820404627386,-1.4284076465949778,-30.45217560933002,31.925989097945866,-19.355023038180825
2021-05-03,0.1524917327395466,1.4146630163709697,-0.1028633798838004,-30.299683876590475,33.34065211431684,-19.457886418064625
2021-05-04,-0.18122180591066106,-1.3793195796890363,1.208772915734284,-30.480905682501135,31.961332534627804,-18.249113502330342
2021-05-06,-0.4310244355091919,0.40123256984180183,-0.1611683893699938,-30.911930118010325,32.3625651044696,-18.410281891700336
2021-05-07,0.2518749707353003,-0.00216002655398881,-0.254675622882178,-30.660055147275024,32.360405077915615,-18.664957514582515
2021-05-10,0.04508435922058478,0.008411389310821225,-0.5615151864582135,-30.61497078805444,32.36881646722644,-19.226472701040727
2021-05-11,-0.10560831134071827,0.005996846505728501,-0.3376109017649415,-30.720579099395156,32.37481331373217,-19.564083602805667
2021-05-12,-0.3679814373247973,0.014902599261031673,0.8180348083620073,-31.088560536719953,32.3897159129932,-18.74604879444366
2021-05-13,0.4198462679991959,0.2029560256616405,-0.23641264645162402,-30.668714268720755,32.592671938654846,-18.982461440895282
2021-05-14,0.045511374514845826,-0.5213308205624642,-0.4689619931827849,-30.62320289420591,32.071341118092384,-19.451423434078066
2021-05-17,-0.6342650219878491,0.20368633074248269,0.25549650893195724,-31.25746791619376,32.27502744883487,-19.195926925146107
2021-05-18,0.06421764596530556,0.011523882221805629,-0.5575503583246522,-31.193250270228454,32.28655133105668,-19.753477283470758
2021-05-20,0.23859751857931,-0.16332414773640744,0.1105304078751231,-30.954652751649142,32.12322718332027,-19.642946875595634
2021-05-21,-0.17622325280350357,-0.1658397024850079,-0.4682029485641328,-31.130876004452645,31.95738748083526,-20.111149824159767
2021-05-24,0.28834527946791366,0.3662612938833397,0.44507558674162223,-30.84253072498473,32.3236487747186,-19.666074237418144
2021-05-25,0.1757211547028927,0.19122053944633033,0.20972139065377518,-30.66680957028184,32.514869314164926,-19.456352846764368
2021-05-26,0.09412234952274988,-0.36725650562419004,0.9485206019072223,-30.57268722075909,32.147612808540735,-18.507832244857145
2021-05-27,-0.49564538114803136,1.2140504993816033,-1.473290127829368,-31.06833260190712,33.36166330792234,-19.981122372686514
2021-05-28,0.6409585994249155,-0.9850767835577565,0.9603443728518158,-30.427374002482203,32.37658652436458,-19.0207779998347
2021-05-31,1.1654479620971856,-0.591804443732271,1.4451035499255658,-29.261926040385017,31.78478208063231,-17.575674449909133
2021-06-01,-0.288869531408475,0.3882020918955434,-0.10646647295330576,-29.550795571793493,32.172984172527855,-17.682140922862438
2021-06-02,0.10633791021836136,0.36275676630613646,-0.3016202378198357,-29.444457661575132,32.53574093883399,-17.983761160682274
2021-06-03,-0.2112027755938304,0.1944216222181962,-0.5620362396657442,-29.65566043716896,32.73016256105218,-18.545797400348018
2021-06-04,-0.14746673245417577,-0.36127984555576564,1.4928826491434817,-29.80312716962314,32.36888271549642,-17.052914751204536
2021-06-07,-0.4934209030013097,0.3873496301332739,-0.18167848132192385,-30.296548072624446,32.75623234562969,-17.23459323252646
2021-06-08,-0.8648717369987328,0.20515477957532355,-0.13191071598825344,-31.16141980962318,32.961387125205015,-17.366503948514715
2021-06-09,-0.692605227614067,-0.5633299468850237,-0.4082724257605627,-31.854025037237246,32.39805717831999,-17.774776374275277
2021-06-10,0.568351494871394,-0.17062798415485148,4.0803548584638145,-31.285673542365853,32.22742919416514,-13.694421515811463
2021-06-11,0.3056131635932214,-0.2035090631838509,0.19045822576329016,-30.98006037877263,32.02392013098129,-13.503963290048173
2021-06-14,0.2328208432831419,0.596048626223941,0.6170170604531137,-30.747239535489488,32.61996875720523,-12.88694622959506
2021-06-15,-0.13581977301655757,0.016448845119872664,1.9551938093739205,-30.883059308506045,32.6364176023251,-10.93175242022114
2021-06-16,-0.3369016711315275,0.016720397424663795,0.2570450683323706,-31.219960979637573,32.65313799974977,-10.674707351888769
2021-06-17,0.28853775939369924,-0.18385648629388032,1.5851766097846167,-30.931423220243875,32.46928151345588,-9.089530742104152
2021-06-18,-0.6441139011682873,-0.5688651662255482,-0.38398506162192886,-31.57553712141216,31.900416347230333,-9.47351580372608
2021-06-21,-0.34339426343450996,-0.9710054112025304,2.237887553802693,-31.918931384846672,30.929410936027804,-7.235628249923387
2021-06-22,0.599079396263653,0.007504471559418265,-2.798542804558071,-31.319851988583018,30.93691540758722,-10.034171054481458
2021-06-23,0.028836172785759406,0.6048839639606352,-0.4297665857376195,-31.29101581579726,31.541799371547857,-10.463937640219077
2021-06-24,0.4959589604055811,0.011400618239486423,1.4255137859264297,-30.795056855391678,31.553199989787345,-9.038423854292647
2021-06-25,1.1757551328777807,-0.7877761855118001,0.5514296621806313,-29.619301722513896,30.765423804275546,-8.486994192112016
2021-06-28,0.7021959369837096,-0.3911341677693064,0.11003669720296264,-28.917105785530186,30.37428963650624,-8.376957494909053
2021-06-29,-0.4570544834549643,0.21674245515898294,-0.3204872039407848,-29.37416026898515,30.591032091665223,-8.697444698849838
2021-06-30,-0.43150023560220235,-0.9807598371201134,-0.34028414349775654,-29.80566050458735,29.61027225454511,-9.037728842347594
2021-07-01,-0.03338726209023482,2.0127847369654708,1.7699761313110656,-29.839047766677584,31.62305699151058,-7.267752711036528
2021-07-02,0.21758136138015222,0.4062644621011132,0.8503632184848169,-29.621466405297433,32.02932145361169,-6.417389492551711
2021-07-05,-0.5549656562728129,0.8087817678411273,-0.4008772299281566,-30.176432061570246,32.83810322145282,-6.818266722479868
2021-07-06,0.44694915683038455,1.404011121043808,-0.63646595275177,-29.72948290473986,34.24211434249663,-7.4547326752316385
2021-07-07,-1.7291168721893566,-1.5639502009074784,0.20708301254452735,-31.45859977692922,32.67816414158915,-7.247649662687111
2021-07-08,-1.1757834905823588,-0.5575229572877661,-0.24935893989419122,-32.63438326751158,32.120641184301384,-7.497008602581302
2021-07-09,0.5283878023577716,-0.17196511825210511,0.016809957262648015,-32.10599546515381,31.94867606604928,-7.480198645318654
2021-07-12,-0.036528765464615,0.025689323437600012,0.31812230898183724,-32.14252423061843,31.97436538948688,-7.162076336336817
2021-07-13,0.25753681762100433,-1.17732408636055,1.951668767561667,-31.884987412997422,30.79704130312633,-5.21040756877515
2021-07-14,-0.6838105236798886,-0.18025190152405168,-0.6107932121587455,-32.56879793667731,30.61678940160228,-5.8212007809338955
2021-07-15,1.2496974337152793,0.010640026157013465,2.779492525559358,-31.319100502962034,30.627429427759292,-3.0417082553745374
2021-07-16,-0.6332618229697236,0.6038349985947347,-1.2584760525291923,-31.95236232593176,31.231264426354027,-4.30018430790373
2021-07-19,-0.4293523918091243,0.4185625924160363,0.553642351268432,-32.381714717740884,31.649827018770065,-3.7465419566352978
2021-07-20,-1.680370552850863,0.627841662108744,1.3228712109558112,-34.062085270591744,32.27766868087881,-2.4236707456794866
2021-07-21,-0.5114271955357064,0.21380896359021861,-0.3908649324562778,-34.573512466127454,32.49147764446903,-2.814535678135764
2021-07-22,0.7622425659266295,-0.37214111564951624,-0.44001154896752703,-33.81126990020083,32.11933652881951,-3.2545472271032914
2021-07-23,-0.5763146105156447,-0.5547552132181919,0.5035751764651062,-34.38758451071647,31.564581315601316,-2.750972050638185
2021-07-26,-0.532556975647245,-0.3598916878675356,-0.6310108045568346,-34.92014148636372,31.20468962773378,-3.3819828551950195
2021-07-27,0.0842603558032825,0.01889202301038873,0.42427866015983373,-34.83588113056044,31.22358165074417,-2.957704195035186
2021-07-28,0.24137287673083582,1.208467018358263,1.5013384717322407,-34.5945082538296,32.43204866910243,-1.4563657233029452
2021-07-29,0.5885378414505461,0.006011971131606845,-0.9772546351807894,-34.00597041237906,32.438060640234035,-2.4336203584837346
2021-07-30,-0.589374692726579,-1.3779078268672502,0.4762274265222744,-34.595345105105636,31.060152813366784,-1.9573929319614602
2021-08-02,0.4546011616611749,2.8221814813275934,0.05680176185515477,-34.14074394344446,33.882334294694374,-1.9005911701063054
2021-08-03,-0.1683567862899308,-0.9725247026160992,1.0343660358799627,-34.309100729734396,32.909809592078275,-0.8662251342263427
2021-08-04,-0.5267719154364995,-0.35109474424704956,-0.48598853507468776,-34.835872645170895,32.558714847831226,-1.3522136693010305
2021-08-05,0.16520412234530643,0.18711387604575797,-0.10170768199186654,-34.670668522825586,32.74582872387698,-1.453921351292897
2021-08-06,0.2931782833460988,0.37829253688274195,1.113732096266083,-34.377490239479485,33.12412126075972,-0.34018925502681396
2021-08-09,0.19128009018316378,-0.3524167006301766,-0.7871829304707205,-34.18621014929632,32.77170456012954,-1.1273721854975345
2021-08-10,-0.12530179314089962,-0.16364580768778345,-0.043692747171162796,-34.31151194243722,32.60805875244176,-1.1710649326686973
2021-08-11,0.08911491474909652,0.3916949517493023,-0.5766651327610597,-34.222397027688125,32.99975370419106,-1.747730065429757
2021-08-12,-0.14468658805118773,-1.373419667081703,0.14048189819289308,-34.36708361573931,31.626334037109356,-1.607248167236864
2021-08-13,0.027016992974168517,0.39702108697105426,-0.2550911550597037,-34.34006662276514,32.02335512408041,-1.8623393222965676
2021-08-17,-0.5432370810048995,0.569736235490591,0.48545889807138776,-34.88330370377004,32.593091359571,-1.3768804242251798
2021-08-18,-0.2614981574457974,0.18876139154543886,-0.2896070972900556,-35.14480186121584,32.78185275111644,-1.6664875215152355
2021-08-19,-0.42336397032831374,-0.17148373277623122,-0.9357263926597175,-35.56816583154415,32.61036901834021,-2.602213914174953
2021-08-20,-0.19803325132717442,0.20985067867271215,0.3511424689255278,-35.766199082871324,32.820219697012924,-2.2510714452494254
2021-08-23,0.8123511528458064,-0.1716429615567656,0.0182302314812774,-34.95384793002552,32.64857673545616,-2.232841213768148
2021-08-24,1.1492036120068672,-0.7824037286858828,0.30197907364812066,-33.80464431801865,31.86617300677028,-1.9308621401200274
2021-08-25,-0.11754889643964468,-0.38317669618313743,0.3002309954200624,-33.9221932144583,31.48299631058714,-1.630631144699965
2021-08-26,-0.4319317903563874,-5.446191698907071,-1.1438346441442495,-34.354125004814684,26.03680461168007,-2.7744657888442146
2021-08-27,0.23391701563909761,-0.3700612396935918,-0.09527655607052177,-34.12020798917558,25.666743371986477,-2.8697423449147363
2021-08-30,-0.5083200729158206,0.024879259122870086,0.518571590706683,-34.628528062091405,25.691622631109347,-2.351170754208053
2021-08-31,-0.09990212263118171,-0.7821807258178661,0.12527769583791437,-34.72843018472258,24.90944190529148,-2.2258930583701386
2021-09-01,0.47657720714162405,1.3955844745014208,0.4117694599268307,-34.25185297758096,26.3050263797929,-1.814123598443308
2021-09-02,0.039216528795225886,1.3970938243073099,0.33044557957340154,-34.21263644878574,27.702120204100208,-1.4836780188699064
2021-09-03,0.07958681193540613,0.18788856660604533,0.651378997230733,-34.13304963685033,27.890008770706253,-0.8322990216391734
2021-09-06,0.567269836549951,0.0019487836834693809,-0.21352052401801982,-33.565779800300376,27.891957554389723,-1.0458195456571933
2021-09-07,0.04050351674958207,0.00897372044772433,-0.22113331277483994,-33.525276283550795,27.900931274837447,-1.2669528584320333
2021-09-08,0.7638093747633383,0.19407584383225077,-0.4110922684037493,-32.761466908787455,28.0950071186697,-1.6780451268357826
2021-09-09,-0.20211627354134665,-0.3567902520369791,1.239282828819219,-32.963583182328804,27.73821686663272,-0.4387622980165635
2021-09-10,-0.14461984565272093,-2.3697514435594518,0.4664180882118876,-33.108203027981524,25.368465423073268,0.027655790195324104
2021-09-13,0.5899693969352714,0.4118518945669481,-0.601892253858964,-32.51823363104625,25.780317317640215,-0.5742364636636399
2021-09-14,0.37510790116217974,1.6036298081728386,-0.32595653991133405,-32.14312572988407,27.38394712581305,-0.9001930035749739
2021-09-15,-0.7575342205521803,0.40134113091763673,-0.9611758289606178,-32.90065995043625,27.785288256730688,-1.8613688325355917
2021-09-16,0.39811587045843794,0.20268987061851967,0.4483351235357083,-32.50254407997781,27.98797812734921,-1.4130337089998835
2021-09-17,0.6048394917176163,-0.372662684418984,0.0020419447093019305,-31.897704588260194,27.615315442930225,-1.4109917642905816
2021-09-23,0.43124885560380033,0.3906815156159416,0.5510789699844509,-31.466455732656392,28.005996958546167,-0.8599127943061307
2021-09-24,1.0853898501625947,-0.00019959439367495642,-1.3727882918998413,-30.381065882493797,28.005797364152492,-2.2327010862059717
2021-09-27,0.35896351529927295,0.6045357347175913,-0.12347176850227967,-30.022102367194524,28.610333098870083,-2.356172854708251
2021-09-28,1.57520294343728,-0.798947216444474,-0.5388280703520404,-28.446899423757245,27.811385882425608,-2.8950009250602915
2021-09-29,-0.5135907275758335,0.6268562603166306,0.27355778508542217,-28.96049015133308,28.43824214274224,-2.621443139974869
2021-09-30,0.21968011339780805,-3.82578723632712,-1.4371837251041042,-28.740810037935272,24.61245490641512,-4.058626865078973
2021-10-01,0.3763977274063793,4.25945327343073,1.9870005175072574,-28.364412310528895,28.87190817984585,-2.0716263475717156
2021-10-05,0.5449147052837297,0.40941965075156583,0.10891859137231004,-27.819497605245164,29.281327830597416,-1.9627077561994055
2021-10-06,1.9561509683641534,-0.7933108135088133,0.6831797391559981,-25.863346636881012,28.488017017088602,-1.2795280170434076
2021-10-07,-0.4547151042191624,1.2273129277267432,0.1131139916013508,-26.318061741100173,29.715329944815345,-1.1664140254420567
2021-10-08,0.018267227231714464,-0.3966521210617018,-1.22723687404551,-26.29979451386846,29.318677823753642,-2.3936508994875667
2021-10-12,1.9224971633356436,-2.2089443810200557,1.674822775222035,-24.377297350532814,27.109733442733585,-0.7188281242655317
2021-10-13,-0.4327396575714124,0.033554069311043676,1.244494936881429,-24.810037008104228,27.14328751204463,0.5256668126158974
2021-10-14,-0.9580102440450466,1.0208312682656715,1.2574195275102789,-25.768047252149273,28.1641187803103,1.7830863401261763
2021-10-15,0.04693512676612753,0.19817212348458235,-1.169079859420972,-25.721112125383147,28.362290903794882,0.6140064807052044
2021-10-18,1.3321230244299167,0.4007492767125008,1.8030969045621827,-24.388989100953232,28.76304018050738,2.417103385267387
2021-10-19,-0.7405976293440394,-0.16850133816434093,0.35349619734487525,-25.129586730297273,28.59453884234304,2.7705995826122622
2021-10-20,0.07516169655498539,0.022995512750413047,-0.10322974319787179,-25.054425033742287,28.617534355093454,2.6673698394143903
2021-10-21,0.11045064994473248,-0.545839416665235,-0.6972374447946126,-24.943974383797556,28.07169493842822,1.9701323946197777
2021-10-22,1.161690049354742,0.20203821186072404,-0.11634970120466703,-23.782284334442814,28.273733150288944,1.8537826934151107
2021-10-25,0.991469047611142,-0.1929725699669495,-1.0870713649411958,-22.790815286831673,28.080760580321993,0.7667113284739149
2021-10-26,0.928326825338458,-0.198403213448988,-1.5753013546341448,-21.862488461493214,27.882357366873006,-0.8085900261602299
2021-10-27,1.2936976810523924,0.4096569875609801,4.168941147106928,-20.56879078044082,28.292014354433984,3.3603511209466976
2021-10-28,-1.758885208859688,-0.5720224062797661,1.7931246088724517,-22.32767598930051,27.719991948154217,5.153475729819149
2021-10-29,3.212142494794793,0.3876034156902919,-0.6984761296109254,-19.115533494505716,28.10759536384451,4.4549996002082235
2021-11-01,-0.9691711358413291,0.43636213142747926,2.747771342809126,-20.084704630347044,28.54395749527199,7.20277094301735
2021-11-02,-1.1832887923854678,0.412094366529851,-2.325227907966953,-21.267993422732513,28.95605186180184,4.8775430350503965
2021-11-03,-0.025498931765590614,0.8050699850915325,-0.7224522227341034,-21.293492354498103,29.76112184689337,4.155090812316293
2021-11-04,-0.7105246486991043,-0.3654293350879998,0.24691490313598988,-22.004017003197205,29.395692511805372,4.402005715452283
2021-11-05,-2.1339355619021316,-1.1598831165574646,-0.26800575554159456,-24.137952565099337,28.23580939524791,4.133999959910689
2021-11-08,-0.8865171171603902,-0.36314513852788094,0.21383507163005738,-25.024469682259728,27.87266425672003,4.347835031540746
2021-11-09,-0.6918185663611698,-0.3744278703335762,-0.7022936706027825,-25.7162882486209,27.498236386386452,3.6455413609379637
2021-11-10,0.18741209843113488,0.8063253327565925,-0.6924368672282233,-25.528876150189763,28.304561719143045,2.9531044937097404
2021-11-11,0.4955827741478319,-1.571097300613166,0.30867540834156615,-25.033293376041932,26.73346441852988,3.2617799020513063
2021-11-12,0.42839311350762893,0.21861550211283995,2.06139398410422,-24.604900262534304,26.95207992064272,5.3231738861555264
2021-11-15,-1.0903433729811285,0.19804036888809326,-0.6210329100834128,-25.695243635515432,27.150120289530815,4.702140976072114
2021-11-16,0.6965321106052988,0.3715042138056845,0.30247368248105133,-24.99871152491013,27.5216245033365,5.004614658553165
2021-11-17,0.38485398973055623,0.5590445056020947,-0.04976998518324253,-24.613857535179577,28.080669008938596,4.954844673369922
2021-11-18,-0.2481413611932544,0.188762248929084,-0.231061153392525,-24.861998896372832,28.26943125786768,4.723783519977397
2021-11-19,0.7256615192271486,0.19129381260481568,-0.505905496000356,-24.136337377145683,28.460725070472495,4.2178780239770415
2021-11-22,0.7242515085992015,-0.18237341239242236,1.3197238231154076,-23.41208586854648,28.278351658080073,5.537601847092449
2021-11-23,0.5450567277427085,0.3704805936190686,-0.8114462422219304,-22.867029140803773,28.64883225169914,4.7261556048705184
2021-11-24,-0.1853898928751237,0.011340935100044776,-0.48697895667542485,-23.052419033678895,28.660173186799184,4.239176648195094
2021-11-25,-1.3928594638205027,-5.534138096183036,-1.901574495209362,-24.445278497499398,23.12603509061615,2.3376021529857316
2021-11-26,-2.322581229717293,0.022590729157608833,-0.4535508950987812,-26.767859727216692,23.14862581977376,1.8840512578869504
2021-11-29,0.29568731718914004,-0.06585219505117892,-2.0695064328207584,-26.47217241002755,23.08277362472258,-0.18545517493380803
2021-11-30,-1.4202936496274172,-0.9275883554131461,1.535992257816544,-27.892466059654968,22.155185269309435,1.3505370828827359
2021-12-01,-0.9792556621959584,1.6633383188283288,2.5857819888106564,-28.871721721850925,23.818523588137765,3.9363190716933922
2021-12-02,0.3653197763085412,0.21507716591560508,0.5593017945656575,-28.506401945542382,24.03360075405337,4.49562086625905
2021-12-03,1.126619610888092,0.39244316247049665,-0.20429567787688896,-27.37978233465429,24.426043916523867,4.291325188382161
2021-12-06,-0.4047454039786174,-0.19987006822663647,-0.7249136094344398,-27.784527738632907,24.22617384829723,3.5664115789477213
2021-12-07,0.4706075159506676,-0.944755058370448,-0.022366302762716582,-27.31392022268224,23.281418789926782,3.5440452761850048
2021-12-08,-1.088924479415167,0.6076312843012909,0.17718082679167863,-28.402844702097404,23.889050074228074,3.7212261029766833
2021-12-09,-0.3517477881374882,-1.8473237867965557,-1.5910008748006996,-28.75459249023489,22.04172628743152,2.1302252281759837
2021-12-10,0.42267534291186803,0.8217665126177239,0.20019913787493157,-28.331917147323022,22.863492800049244,2.330424366050915
2021-12-13,-0.3153523407205932,0.35129441311433063,-0.8656720840004287,-28.647269488043616,23.214787213163575,1.4647522820504864
2021-12-14,-0.12498260723311964,0.20123741173441945,0.05334638756478451,-28.772252095276734,23.416024624897993,1.518098669615271
2021-12-15,0.021028386151045644,0.09813728989774073,0.5863784521865889,-28.75122370912569,23.514161914795732,2.10447712180186
2021-12-16,-0.8444207576737892,0.04526398647262999,-0.6140117363727355,-29.595644466799477,23.559425901268362,1.4904653854291243
2021-12-17,0.09491104349043873,0.23766119311368059,-0.25417058243950735,-29.50073342330904,23.797087094382043,1.236294802989617
2021-12-20,-0.7892882598795661,0.035992676130058944,0.1347175503675489,-30.290021683188606,23.833079770512104,1.3710123533571659
2021-12-21,-0.29435235104571505,-0.26644244152292357,-0.4755202014801568,-30.58437403423432,23.56663732898918,0.8954921518770091
2021-12-22,0.8037990130995477,0.2440616992039461,0.6795244171759686,-29.780575021134773,23.810699028193127,1.5750165690529778
2021-12-23,1.4649455600269055,-0.05196073251568033,0.3377814282168407,-28.315629461107868,23.758738295677446,1.9127979972698186
2021-12-24,-0.15756314750586764,-0.3708961077705673,-0.5258065276574355,-28.473192608613736,23.38784218790688,1.386991469612383
2021-12-27,0.0840448425941726,-0.23196607169327682,-1.28687239064556,-28.389147766019565,23.155876116213605,0.10011907896682315
2021-12-28,0.02040522627973075,-0.029291316472381746,0.09795039607983978,-28.368742539739834,23.126584799741224,0.19806947504666295
2021-12-29,-0.17568423896692986,-0.1302342713501271,-0.4967417812092168,-28.544426778706764,22.996350528391098,-0.29867230616255386
2021-12-30,0.9325638412956582,-1.5281010218692361,-0.4173595658647007,-27.611862937411107,21.46824950652186,-0.7160318720272545
2021-12-31,-0.04267628299832389,-6.4887515337679735,-0.3488058900121978,-27.654539220409433,14.979497972753887,-1.0648377620394522
2022-01-03,1.4355262160274085,8.77295938650595,0.925149884129887,-26.219013004382024,23.752457359259836,-0.13968787790956527
2022-01-04,0.009425761938466552,0.05924028602324218,0.9519567610873746,-26.209587242443558,23.81169764528308,0.8122688831778093
2022-01-05,0.9806113932512178,0.27149197073849124,0.9607862500176018,-25.22897584919234,24.08318961602157,1.773055133195411
2022-01-06,2.442404945573804,-0.2560635583912907,3.002461868735336,-22.78657090361854,23.82712605763028,4.775517001930747
2022-01-07,-0.41492491022098293,-0.05349453513522818,-0.7527832966321897,-23.20149581383952,23.77363152249505,4.022733705298557
2022-01-10,0.46415799871717184,-1.301973813593615,0.6638609566583786,-22.73733781512235,22.471657708901436,4.686594661956936
2022-01-11,-0.15723585433504392,1.356401958613079,-0.3873183821917488,-22.894573669457394,23.828059667514516,4.299276279765187
2022-01-12,-1.236591370392586,-0.2955586494414153,-0.46226677839725966,-24.13116503984998,23.532501018073102,3.8370095013679273
2022-01-13,-0.7377473990319896,-0.3182734164770616,-0.34327893075721394,-24.868912438881967,23.21422760159604,3.4937305706107136
2022-01-14,1.5628623701800284,-4.812770606377303,1.733397591232422,-23.30605006870194,18.401456995218737,5.227128161843136
2022-01-17,2.4972434239826407,0.45389471360489253,0.6124464719013774,-20.808806644719297,18.85535170882363,5.839574633744514
2022-01-18,-0.3436354132787027,-0.49563860810760474,-0.5802794191288873,-21.152442057997998,18.359713100716025,5.259295214615626
2022-01-19,-0.6975635554947832,0.0492987708150136,-0.8937487322399074,-21.850005613492783,18.40901187153104,4.365546482375719
2022-01-20,0.8675742633649586,-1.0603003424820623,0.5825670205524286,-20.982431350127825,17.348711529048977,4.948113502928147
2022-01-21,0.05949428918600864,-4.938448349037332,-0.042067905902902505,-20.922937060941816,12.410263180011645,4.906045597025245
2022-01-24,-0.18465055314378268,4.523286726131809,-1.1421315181370297,-21.1075876140856,16.933549906143455,3.7639140788882153
2022-01-25,1.190503432513978,0.7634117680740914,0.8115958274671858,-19.91708418157162,17.696961674217548,4.575509906355401
2022-01-26,-0.5057252355539589,1.084037261170156,-0.09114808742219105,-20.42280941712558,18.780998935387704,4.48436181893321
2022-01-27,1.0639011700252754,1.2134783482327103,1.75703014815421,-19.358908247100306,19.994477283620412,6.24139196708742
2022-01-28,-0.34541431115519977,-1.4893586613444831,-2.0522013275558093,-19.704322558255505,18.50511862227593,4.189190639531611
2022-02-03,-0.5600041583503595,1.087454106122773,-0.4021853301272516,-20.264326716605865,19.592572728398704,3.787005309404359
2022-02-04,1.2097761914918423,0.9230238313766295,-0.7397753105598148,-19.054550525114024,20.515596559775332,3.0472299988445446
2022-02-07,1.038819624085999,1.1980116336161102,-0.10392896559192319,-18.015730901028025,21.713608193391444,2.9433010332526215
2022-02-08,1.5293903060370606,-2.009226857171037,2.0100172888191454,-16.486340594990963,19.704381336220408,4.953318322071767
2022-02-09,-0.9433526156674532,-0.15431831017353279,-0.6957779155943202,-17.429693210658417,19.550063026046875,4.257540406477447
2022-02-10,-0.16913882267393107,0.9266309887008588,-1.0742782451785822,-17.59883203333235,20.476694014747732,3.183262161298865
2022-02-11,1.4725763481531355,-0.24927492772870224,1.5964023044893547,-16.126255685179213,20.22741908701903,4.77966446578822
2022-02-14,-0.6732506936624516,-1.1881951004203481,1.0886864524013293,-16.799506378841667,19.03922398659868,5.868350918189549
2022-02-15,-0.15673995871920526,1.1373883520042893,-0.46229164577834625,-16.95624633756087,20.176612338602972,5.406059272411203
2022-02-16,-0.20249306385376706,0.01653423499777624,-1.2698642570375887,-17.158739401414635,20.19314657360075,4.136195015373614
2022-02-17,-0.24362910049603223,-0.5874669025380345,-0.7784320085107506,-17.40236850191067,19.605679671062717,3.3577630068628634
2022-02-18,0.5633352895972835,-0.16964944344788557,0.3116857631137568,-16.839033212313385,19.436030227614832,3.6694487699766203
2022-02-21,1.122326262733858,-0.06498412093469078,0.05160371741841979,-15.716706949579528,19.37104610668014,3.72105248739504
2022-02-22,-1.2330545111112987,-0.23704300151223845,0.7519916604177357,-16.949761460690826,19.134003105167903,4.473044147812776
2022-02-23,-0.08535168289671703,0.2898479454492134,-0.1123288949936988,-17.035113143587544,19.423851050617117,4.360715252819078
2022-02-24,-2.3441025202965102,-0.2643274621629719,-0.07197184613531726,-19.379215663884054,19.159523588454146,4.288743406683761
2022-02-25,1.2204608516038469,-0.49693945743804374,-1.8031732714912034,-18.158754812280208,18.662584131016104,2.485570135192557
2022-02-28,-0.010060818649645916,-2.113306250014951,-0.30712459555059124,-18.168815630929853,16.549277881001153,2.1784455396419657
2022-03-02,-1.3966476384688855,2.04150781924562,-0.35672877553570237,-19.565463269398737,18.590785700246773,1.8217167641062635
2022-03-03,0.7921974370896734,0.7887546356857025,-0.5018684201315422,-18.773265832309065,19.379540335932475,1.3198483439747213
2022-03-04,0.35808986944367727,1.1631363630397424,-0.009661472071729217,-18.415175962865387,20.54267669897222,1.310186871902992
2022-03-07,0.9213396348425856,-0.7204500172214008,3.117888431679173,-17.4938363280228,19.82222668175082,4.428075303582165
2022-03-08,0.02822422511898675,-0.20510252130660378,-0.46031009911846976,-17.465612102903815,19.617124160444217,3.9677652044636957
2022-03-10,-0.19734164911200405,-1.4525267947874139,-0.4611681728392494,-17.66295375201582,18.164597365656803,3.5065970316244464
2022-03-11,-0.43306277084826,-0.06626007106310791,-0.2533336188879626,-18.09601652286408,18.098337294593694,3.2532634127364837
2022-03-14,0.85955374638853,1.0003021214751098,0.0792326612548179,-17.23646277647555,19.098639416068803,3.3324960739913014
2022-03-15,0.2797752414463339,0.499551793863615,-0.8118814094552173,-16.956687535029214,19.598191209932416,2.520614664536084
2022-03-16,-0.03950864278791168,-0.025419354105921145,-0.7574364911724835,-16.996196177817126,19.572771855826495,1.7631781733636007
2022-03-17,-1.2618046152786329,0.07590651765935502,-0.6637772386764259,-18.258000793095757,19.64867837348585,1.099400934687175
2022-03-18,0.6027881982598802,0.0604963230963838,-0.28169477854864233,-17.655212594835877,19.709174696582235,0.8177061561385326
2022-03-21,0.502746044065164,0.48411841710100884,1.2205572501222939,-17.152466550770715,20.193293113683243,2.0382634062608265
2022-03-22,2.1501293734665485,0.041143851386646835,2.4626277235593546,-15.002337177304167,20.23443696506989,4.500891129820181
2022-03-23,0.16969533310997068,1.7259726767820387,0.9530666764846758,-14.832641844194196,21.96040964185193,5.453957806304857
2022-03-24,0.5982477210884712,-1.2320441388805163,-0.4294724351229561,-14.234394123105725,20.72836550297141,5.024485371181901
2022-03-25,0.9747430698382755,-1.106228458762137,0.712839221218462,-13.259651053267449,19.622137044209275,5.737324592400363
2022-03-28,5.109453807754802,0.8078033841258059,4.591821958244636,-8.150197245512647,20.42994042833508,10.329146550645
2022-03-29,-1.4686345009493331,-0.26053855438610074,-0.46249730146773516,-9.61883174646198,20.169401873948978,9.866649249177264
2022-03-30,-2.134635201154836,-0.18477541130856476,0.6944026752065655,-11.753466947616817,19.984626462640414,10.561051924383829
2022-03-31,1.5691797513483312,-4.551128479999603,-1.205546247455129,-10.184287196268485,15.43349798264081,9.3555056769287
2022-04-01,1.7587364255729194,4.367674183393456,2.3606485294101387,-8.425550770695565,19.801172166034267,11.716154206338839
2022-04-04,1.9103752650265102,-0.2513762526850006,-1.4473672809582074,-6.515175505669055,19.549795913349264,10.268786925380631
2022-04-05,0.5719055077813622,-0.5922229318586919,-0.0013521546042776892,-5.943269997887693,18.95757298149057,10.267434770776353
2022-04-06,1.2602920040438301,0.7822660428417983,1.423615542743848,-4.682977993843863,19.73983902433237,11.6910503135202
2022-04-07,-0.33782084800695844,1.2679308568691159,-1.6595131832811048,-5.020798841850822,21.007769881201483,10.031537130239096
2022-04-08,1.139733196094719,0.4199240109527943,3.2091483640732563,-3.8810656457561032,21.427693892154277,13.240685494312352
2022-04-11,3.977179366352357,-0.2142465211305101,3.254749732513622,0.09611372059625367,21.21344737102377,16.495435226825975
2022-04-12,-0.6848331389105072,-0.27110673982536604,-2.5825589986550654,-0.5887194183142536,20.9423406311984,13.91287622817091
2022-04-13,-1.6081541591053723,0.8590306809519808,-1.3935403102271469,-2.196873577419626,21.801371312150383,12.519335917943764
2022-04-14,-1.7420367682720868,-3.8629618313424188,-3.8182253911727906,-3.9389103456917125,17.938409480807966,8.701110526770973
2022-04-15,1.4705082796874522,-2.014248486061374,-0.3483735202316548,-2.46840206600426,15.924160994746591,8.352737006539318
2022-04-18,1.7300851762770688,0.7443586240596737,-2.3132246995206027,-0.7383168897271912,16.668519618806265,6.039512307018715
2022-04-19,-0.5979024007922547,-0.06412934684505128,1.0664399111884793,-1.3362192905194459,16.604390271961215,7.105952218207194
2022-04-20,-0.2378250638648052,0.4751269018722755,-0.48372395794289996,-1.574044354384251,17.07951717383349,6.622228260264294
2022-04-21,-0.6145277077684935,-0.3095143543515488,-0.4010846334825386,-2.1885720621527445,16.77000281948194,6.221143626781756
2022-04-22,0.8738039273751298,-1.1278858066246167,-0.02975313001570061,-1.3147681347776148,15.642117012857325,6.191390496766055
2022-04-25,-2.9092702340686705,0.6614405914445078,0.18531195040979154,-4.224038368846285,16.303557604301833,6.3767024471758464
2022-04-26,-0.46373627302200726,0.6844329206172841,0.08867400979464136,-4.687774641868293,16.987990524919116,6.465376456970488
2022-04-27,0.4204668436810402,0.5329197958069999,2.593644573525748,-4.267307798187253,17.520910320726117,9.059021030496236
2022-04-28,-0.14641725701839567,0.26111525212331604,1.3532364916300446,-4.413725055205648,17.78202557284943,10.41225752212628
2022-04-29,1.3171966436140734,-3.704554347409881,-1.7301824327693753,-3.096528411591575,14.077471225439549,8.682075089356905
2022-05-02,3.2816673220995733,1.5183665466431195,0.1642657255910317,0.18513891050799813,15.595837772082668,8.846340814947936
2022-05-03,0.5888941157607159,0.2527964718452871,1.6481580387828776,0.7740330262687141,15.848634243927954,10.494498853730814
2022-05-04,0.7981443395388652,-0.12785002142786445,0.8251939660395626,1.5721773658075793,15.72078422250009,11.319692819770378
2022-05-06,-0.3676751311820354,0.6936796734362531,-1.0580048275788587,1.2045022346255438,16.414463895936343,10.261687992191519
2022-05-09,-0.8120087038455763,1.52826903427202,-2.954116183712718,0.3924935307799675,17.942732930208365,7.307571808478801
2022-05-10,-0.3939599065501148,-0.3220466464724138,-0.6441970177373467,-0.001466375770147299,17.62068628373595,6.663374790741454
2022-05-11,-3.1595719526881356,-2.4021356928806097,-0.4637020878363219,-3.161038328458283,15.21855059085534,6.199672702905132
2022-05-12,-1.8681113706334158,1.1297716089887169,2.9224307729548515,-5.029149699091699,16.348322199844056,9.122103475859983
2022-05-13,0.5094609803768557,0.5125984938189593,-0.4071610238641739,-4.519688718714843,16.860920693663015,8.71494245199581
2022-05-16,1.9224396211242494,-1.2138858613081123,4.012914608800725,-2.597249097590593,15.647034832354903,12.727857060796534
2022-05-17,0.01172393690347303,-0.27368077036398347,-0.24064063764775287,-2.58552516068712,15.37335406199092,12.487216423148782
2022-05-18,0.9553587219340139,-0.29769816378234604,0.12688717314245707,-1.6301664387531063,15.075655898208574,12.614103596291239
2022-05-19,-0.31943746842587156,-0.1684388499116262,-0.41909216610362116,-1.949603907178978,14.907217048296948,12.195011430187618
2022-05-20,-0.9156123685759178,-0.46519734244013417,-0.8549697657276603,-2.8652162757548956,14.442019705856813,11.340041664459958
2022-05-23,0.11654145551764943,0.21370591429201238,0.07166021528740346,-2.748674820237246,14.655725620148825,11.411701879747362
2022-05-24,-0.9602155456370086,0.4950558603052587,-1.2456434092825919,-3.7088903658742547,15.150781480454084,10.16605847046477
2022-05-25,-1.0281209473884005,-0.28581559363278997,1.253956547928474,-4.737011313262656,14.864965886821293,11.420015018393245
2022-05-26,1.0935501762387965,-3.665247767721099,-1.6086024912855377,-3.643461137023859,11.199718119100194,9.811412527107708
2022-05-27,-0.5390148301951145,-1.3969858072550105,1.1059973805739218,-4.1824759672189735,9.802732311845183,10.917409907681629
2022-05-30,-0.2537397460592996,0.5375427184726927,1.2255947776343328,-4.436215713278273,10.340275030317876,12.143004685315962
2022-05-31,2.2642346542126623,-2.6532523765461127,1.1864309854524882,-2.1719810590656103,7.687022653771764,13.32943567076845
2022-06-02,2.483870305614433,3.103186138611155,0.41253872080824416,0.31188924654882255,10.790208792382918,13.741974391576695
2022-06-03,-0.5121389094335141,1.2571050377577806,1.9064651424005685,-0.2002496628846916,12.047313830140698,15.648439533977264
2022-06-07,2.8707305419372418,3.4682597865605187,1.3626880438746767,2.6704808790525503,15.515573616701218,17.01112757785194
2022-06-08,-1.4140012163507656,-1.617889171101695,1.2692402950144295,1.2564796627017847,13.897684445599523,18.28036787286637
2022-06-09,-0.2961803736916226,-4.73801383180446,-2.0984350988021547,0.960299289010162,9.159670613795065,16.181932774064215
2022-06-10,1.612167503575241,0.9297113123996175,-0.5157324217949265,2.572466792585403,10.089381926194683,15.66620035226929
2022-06-13,4.853834028557755,0.13601474762353324,3.9622161174528925,7.426300821143158,10.225396673818217,19.628416469722183
2022-06-14,0.7915683913523603,0.9573857465603414,-0.7200784261387744,8.217869212495518,11.182782420378558,18.90833804358341
2022-06-15,2.5984938175560446,0.6416154037901778,1.964647995175897,10.816363030051562,11.824397824168736,20.872986038759308
2022-06-16,0.8226238493116274,-0.7479953390650022,0.1686586223459366,11.63898687936319,11.076402485103735,21.041644661105245
2022-06-17,0.6743334244898641,-0.6925386606123978,0.24879460222313543,12.313320303853054,10.383863824491337,21.29043926332838
2022-06-20,-0.5525429490119176,0.3149131047200881,-1.67540723275059,11.760777354841137,10.698776929211425,19.61503203057779
2022-06-21,-0.2412723965142457,0.08356372399267462,0.6841369176623397,11.519504958326891,10.7823406532041,20.29916894824013
2022-06-22,-2.629123041661442,-0.0162525450695768,-2.450707328438326,8.890381916665449,10.766088108134523,17.848461619801803
2022-06-23,1.1561889268466705,-0.7118682921862283,1.9006618869436176,10.04657084351212,10.054219815948295,19.74912350674542
2022-06-24,-2.0930334509611748,-1.7329819909781006,-1.3485722316763682,7.953537392550945,8.321237824970195,18.400551275069052
2022-06-27,1.506426756008319,0.33141651840522435,-0.03759210309271459,9.459964148559264,8.652654343375419,18.36295917197634
2022-06-28,-0.7756842609418922,-0.04490628112511512,0.6260914884187391,8.684279887617372,8.607748062250304,18.98905066039508
2022-06-29,-0.11682636875365981,0.40538182944210344,-0.5429082231026642,8.567453518863712,9.013129891692406,18.446142437292416
2022-06-30,-0.5370551254319382,-10.666468275580003,0.6578687375503628,8.030398393431774,-1.653338383887597,19.10401117484278
2022-07-01,-3.5035739094205827,12.467954177203975,0.8684697717729033,4.5268244840111915,10.814615793316378,19.972480946615683
2022-07-04,-0.3592260235666284,1.294004977848065,1.3619936620812192,4.167598460444563,12.108620771164443,21.3344746086969
2022-07-05,-3.1952373161832317,-0.4006452528382985,0.23458172474665331,0.9723611442613316,11.707975518326144,21.569056333443555
2022-07-06,-1.9615596355799294,-1.074189174688743,-0.4336245792333657,-0.9891984913185978,10.6337863436374,21.135431754210188
2022-07-07,0.27060389641556626,-0.04859127355367021,0.4450340485665431,-0.7185945949030316,10.58519507008373,21.580465802776732
2022-07-08,1.2671990358919727,0.17554126698175068,0.022885932056429456,0.5486044409889411,10.760736337065481,21.60335173483316
2022-07-11,0.6492605210961907,-1.7489961861427852,-0.13129720488529634,1.1978649620851318,9.011740150922696,21.472054529947865
2022-07-12,-0.9780779766266265,-0.19842978288526655,0.8398969580769449,0.21978698545850528,8.81331036803743,22.31195148802481
2022-07-13,-1.5974184249390424,-4.222539963421169,-0.12144361520773587,-1.3776314394805371,4.5907704046162605,22.190507872817076
2022-07-14,0.18849982840740478,-3.1412177656489018,4.137064455781515,-1.1891316110731323,1.4495526389673588,26.327572328598592
2022-07-15,-0.755872594503025,0.40956117890781607,-2.3416661225229394,-1.9450042055761574,1.859113817875175,23.985906206075654
2022-07-18,0.6223989118045273,0.13990340593736392,-1.959326994664767,-1.32260529377163,1.9990172238125388,22.026579211410887
2022-07-19,-0.46162824298016225,-0.48891643997477463,-0.9605660756823032,-1.7842335367517923,1.510100783837764,21.066013135728582
2022-07-20,2.5030032623145986,0.4613761444267959,0.8783277852993708,0.7187697255628063,1.97147692826456,21.94434092102795
2022-07-21,-0.09987650490158577,-0.643559075452566,0.22291609725716488,0.6188932206612205,1.327917852811994,22.167257018285117
2022-07-22,-1.5934137441553933,0.3857876403055207,-1.3306489003361746,-0.9745205234941727,1.7137054931175146,20.83660811794894
2022-07-25,-1.9837441684471369,0.1372928160865111,0.8486792060669142,-2.9582646919413094,1.8509983092040256,21.685287324015857
2022-07-26,-0.6520303141578446,-0.8021993648522396,-0.2414891326703351,-3.610295006099154,1.048798944351786,21.443798191345522
2022-07-27,-1.0819685417746119,2.2229330225688813,-0.09062313477457588,-4.6922635478737655,3.271731966920667,21.353175056570947
2022-07-28,1.2154215712161933,-0.5751433557982434,-1.0646910237634883,-3.476841976657572,2.6965886111224235,20.28848403280746
2022-07-29,-2.247844113941098,-3.970169339366668,-2.8462829385285833,-5.72468609059867,-1.2735807282442444,17.44220109427888
2022-08-01,1.8251218429324938,2.059486726618106,-1.200423961159149,-3.8995642476661763,0.7859059983738614,16.24177713311973
2022-08-02,-1.8430353381416331,0.9814997986719945,-0.7907467583188619,-5.74259958580781,1.767405797045856,15.451030374800867
2022-08-03,0.9518771740042011,0.5710671849196683,1.6249351547883357,-4.790722411803609,2.3384729819655243,17.075965529589205
2022-08-04,0.6156122518337388,-1.1613070501606182,0.6474120395334999,-4.17511015996987,1.1771659318049061,17.723377569122704
2022-08-05,-1.0597674983925058,-0.38487588263254097,0.8537990856011058,-5.234877658362376,0.7922900491723652,18.57717665472381
2022-08-08,1.021422639909592,0.32439473102931576,1.3617242029303427,-4.213455018452784,1.116684780201681,19.938900857654154
2022-08-09,0.017866538403762604,-0.32120687147856686,-0.19551798389721942,-4.195588480049022,0.7954779087231142,19.743382873756936
2022-08-10,0.9387530413782088,0.5169370533720152,-1.3341975107833073,-3.256835438670813,1.3124149620951293,18.409185362973627
2022-08-11,0.1411205941115337,0.05580233398584052,-2.3821184768624297,-3.1157148445592795,1.3682172960809698,16.027066886111196
2022-08-12,1.2759038149583528,-0.6227555002831588,1.009066751719233,-1.8398110296009267,0.7454617957978109,17.036133637830428
2022-08-16,-2.8542820666703905,1.4405601411764208,0.10137642661243249,-4.694093096271317,2.1860219369742317,17.13751006444286
2022-08-17,0.46829493611704526,0.021607505311586367,-0.21579084527875136,-4.225798160154271,2.207629442285818,16.92171921916411
2022-08-18,0.7877356784878222,-0.6004495900293072,0.7843380035359366,-3.4380624816664493,1.6071798522565108,17.706057222700046
2022-08-19,1.9428401572221397,-0.6996988162773132,0.26233435603087285,-1.4952223244443097,0.9074810359791976,17.96839157873092
2022-08-22,1.0311919291690144,0.48267833482629774,0.25805541098326823,-0.4640303952752953,1.3901593708054953,18.226446989714187
2022-08-23,0.747494984324023,0.06648842717163778,0.031577074883306605,0.2834645890487276,1.456647797977133,18.258024064597492
2022-08-24,1.1810413730759737,-0.8721209284805835,-0.16200762941722177,1.4645059621247012,0.5845268694965495,18.09601643518027
2022-08-25,4.653838333894796,-3.9001274139729847,2.9868575379375204,6.118344296019497,-3.3156005444764354,21.082873973117792
2022-08-26,0.47716926144562727,0.4651265020728864,-0.9004546842967583,6.595513557465124,-2.850474042403549,20.182419288821034
2022-08-29,3.0462301814674158,0.087665870745889,1.2612729366729711,9.64174373893254,-2.76280817165766,21.443692225494004
2022-08-30,-0.7714012071922897,-0.10587490245512816,1.0649208979032727,8.870342531740251,-2.868683074112788,22.50861312339728
2022-08-31,0.8190514550223692,-2.412785054384973,0.743322544805715,9.68939398676262,-5.28146812849776,23.251935668202993
2022-09-01,1.9361985243910687,0.9235215042846288,1.4675462684175111,11.62559251115369,-4.357946624213131,24.719481936620504
2022-09-02,-1.8188251290302357,-0.21007545885246678,-3.4356568298386625,9.806767382123454,-4.568022083065598,21.28382510678184
2022-09-05,-2.0037415589256353,1.6119958274258464,0.5412158888594863,7.803025823197818,-2.9560262556397516,21.825040995641327
2022-09-06,1.0241984295822655,0.6258443994442732,1.7396551914963017,8.827224252780084,-2.3301818561954786,23.564696187137628
2022-09-07,0.5111135535413975,-1.7011306298946454,-1.2427787557690464,9.338337806321482,-4.031312486090124,22.321917431368583
2022-09-08,-3.3723457741481235,-2.3738327289035817,-1.3907733646471787,5.965992032173358,-6.405145214993706,20.931144066721405
2022-09-13,-0.26582745899386084,1.816010167332211,0.1753783275749628,5.700164573179498,-4.589135047661495,21.106522394296366
2022-09-14,0.5672684876238382,0.04546133207530984,1.5471444924669413,6.267433060803336,-4.543673715586185,22.653666886763308
2022-09-15,3.77553890170011,0.21957508722591995,1.1111722359146823,10.042971962503447,-4.324098628360265,23.76483912267799
2022-09-16,-0.0961240747554981,-0.14342105309421993,-0.7438276293737249,9.94684788774795,-4.467519681454485,23.021011493304265
2022-09-19,0.136088763368403,0.27437617781048346,-0.24357075270511966,10.082936651116352,-4.193143503644001,22.777440740599143
2022-09-20,0.7686301776791081,-0.470489388749167,1.7279904310646288,10.85156682879546,-4.663632892393168,24.505431171663773
2022-09-21,1.100542164536295,-0.632019452765381,0.6676719908146542,11.952108993331755,-5.295652345158549,25.173103162478426
2022-09-22,4.1973376540869305,0.5618055777587406,5.8039012275308846,16.149446647418685,-4.733846767399808,30.977004390009313
2022-09-23,2.677113829460377,-0.36467670191033813,-1.9462175453682067,18.826560476879063,-5.098523469310146,29.030786844641106
2022-09-26,7.455878827891162,0.16394794705548973,6.893508909330021,26.282439304770225,-4.934575522254657,35.92429575397113
2022-09-27,-3.873030685198698,0.2605211446069813,-7.74928538737008,22.409408619571526,-4.674054377647676,28.17501036660105
2022-09-28,1.7504833530200037,-0.1094464930519324,-4.379560803984737,24.15989197259153,-4.7835008706996085,23.795449562616312
2022-09-29,-1.9128629903740655,-0.24155786816054803,3.1367692862424397,22.247028982217465,-5.025058738860157,26.932218848858753
2022-09-30,-3.645498625770436,-5.1447219221724305,0.5434152739701661,18.60153035644703,-10.169780661032586,27.475634122828918
2022-10-04,-2.389482250899656,5.317991127753988,-2.2373100991361747,16.212048105547375,-4.851789533278598,25.238324023692744
2022-10-05,1.8764961341746431,0.6514760955874157,1.582915445394363,18.08854423972202,-4.200313437691182,26.821239469087107
2022-10-06,0.08705373075298192,-0.8338135183807235,-1.5870162943218062,18.175597970475,-5.034126956071906,25.2342231747653
2022-10-07,2.536807307329037,-2.601352091896768,0.7166129501659407,20.712405277804038,-7.635479047968674,25.950836124931243
2022-10-11,2.1619574583314107,-2.112866618167173,-0.7533831718220081,22.87436273613545,-9.748345666135847,25.197452953109234
2022-10-12,-4.2985825728718385,-6.659393649422844,-3.9683199413106,18.57578016326361,-16.407739315558693,21.229133011798634
2022-10-13,2.4662030135985855,-0.25851323620975036,0.9034954634136185,21.041983176862196,-16.666252551768444,22.132628475212254
2022-10-14,-0.5303204326911419,1.1476319941500528,0.5534977411953459,20.511662744171055,-15.51862055761839,22.6861262164076
2022-10-17,0.7627117047959875,0.40868554331232076,0.4909481642289684,21.27437444896704,-15.10993501430607,23.17707438063657
2022-10-18,0.745185440862219,-0.612158860245892,-0.04130896392076633,22.01955988982926,-15.72209387455196,23.135765416715802
2022-10-19,2.7251898008229576,0.02792526310157564,-0.3866816990470988,24.744749690652217,-15.694168611450385,22.749083717668704
2022-10-20,1.2782154898898896,-1.0597603719656938,-1.3063737459652656,26.022965180542105,-16.753928983416078,21.442709971703437
2022-10-21,4.7237858355397595,0.46926630900323113,-2.113065292469117,30.746751016081866,-16.284662674412846,19.32964467923432
2022-10-24,-3.0753652397817017,-0.5342341136130934,-4.3230710205851866,27.671385776300163,-16.81889678802594,15.006573658649135
2022-10-25,-3.4892505481596676,-0.24493941862852384,3.424022104083126,24.182135228140496,-17.06383620665446,18.43059576273226
2022-10-26,-1.758741848912458,0.45517691989632636,3.2732624772460115,22.423393379228038,-16.608659286758133,21.70385823997827
2022-10-27,1.149982251844683,1.0967281494402301,-0.5487874972158292,23.57337563107272,-15.511931137317903,21.15507074276244
2022-10-28,-3.258487883105434,0.5241429773908302,-2.746633312194363,20.314887747967287,-14.987788159927073,18.40843743056808
2022-10-31,1.1506444020032978,-2.881021340478413,2.842874703611071,21.465532149970585,-17.868809500405487,21.251312134179148
2022-11-01,-2.4359870744579775,2.1362907733329353,-3.142610905490989,19.02954507551261,-15.732518727072552,18.108701228688158
2022-11-02,0.5145541504665784,1.0761853727674224,1.6115547207504775,19.54409922597919,-14.65633335430513,19.720255949438634
2022-11-03,1.3315857326615026,-0.2860768791004321,2.1665822346488346,20.87568495864069,-14.942410233405562,21.88683818408747
2022-11-04,-0.36733161272978737,1.060176016394498,-2.631172839829023,20.5083533459109,-13.882234217011064,19.255665344258446
2022-11-07,2.0194155988531493,0.2777169309369139,-0.6836670506237961,22.527768944764052,-13.60451728607415,18.57199829363465
2022-11-08,-0.5660495879135142,-0.30971567658259735,-0.43044631926407295,21.961719356850537,-13.914232962656747,18.141551974370575
2022-11-09,-1.5422456666004356,0.156785592857609,-1.1568486102148394,20.4194736902501,-13.757447369799138,16.984703364155735
2022-11-10,-2.299334410240053,-2.066486121473381,2.170149291745863,18.120139280010047,-15.82393349127252,19.154852655901596
2022-11-11,-4.659747093167623,0.4525703223015071,-1.444928062073357,13.460392186842423,-15.371363168971012,17.70992459382824
2022-11-14,0.8544381260610605,-0.1812652959105589,-0.781815718887884,14.314830312903483,-15.55262846488157,16.928108874940357
2022-11-15,-2.124546370176429,0.9755756257783283,-1.553173845271835,12.190283942727055,-14.577052839103242,15.37493502966852
2022-11-16,1.0414810732642428,-0.14340116836361555,0.5717156263045093,13.231765015991297,-14.720454007466858,15.94665065597303
2022-11-17,-0.6675464348977127,0.2036032895895384,2.0933676499340894,12.564218581093584,-14.516850717877318,18.040018305907118
2022-11-18,-0.9918585139222221,0.08976936175057866,1.7214831061589715,11.572360067171362,-14.42708135612674,19.76150141206609
2022-11-21,-0.009538637762692112,-0.35673475021992346,1.971314552184616,11.56282142940867,-14.783816106346663,21.732815964250705
2022-11-22,0.2823171832186367,-0.47926911581162945,-1.6068328618263963,11.845138612627307,-15.263085222158292,20.125983102424307
2022-11-23,-0.02188017853546322,-0.2165629921619615,0.4243627143867436,11.823258434091844,-15.479648214320253,20.55034581681105
2022-11-24,-3.6975938250373734,-3.833237036774053,-0.19620657847780035,8.125664609054471,-19.312885251094308,20.35413923833325
2022-11-25,-0.5178298928682307,-0.11034887558532314,-2.8415802081569623,7.6078347161862405,-19.42323412667963,17.512559030176288
2022-11-28,0.2457963601617686,-0.5079111531571551,-0.08583713989270413,7.853631076348009,-19.931145279836787,17.426721890283584
2022-11-29,0.9939349570154112,0.9934228849306084,1.054146906188301,8.847566033363421,-18.937722394906178,18.480868796471885
2022-11-30,-0.4416322449858726,-2.1734359380809103,-1.1437581657851257,8.40593378837755,-21.111158332987088,17.33711063068676
2022-12-01,-0.5525793638795721,1.8396766699091287,-0.5955523057431575,7.853354424497977,-19.27148166307796,16.7415583249436
2022-12-02,-1.7900737933125208,1.2196443590461135,3.473991342965029,6.063280631185456,-18.051837304031846,20.21554966790863
2022-12-05,-0.5642866174437056,-0.11878228134965227,0.019241472464821163,5.498994013741751,-18.1706195853815,20.23479114037345
2022-12-06,-0.7072712886507739,1.256848442031338,2.9691360981569375,4.791722725090977,-16.91377114335016,23.203927238530387
2022-12-07,0.5078596076303138,-1.417600132059516,0.6073652638059016,5.2995823327212905,-18.331371275409676,23.81129250233629
2022-12-08,-0.0021410612447513404,-1.178949351313374,-0.4050473352694146,5.297441271476539,-19.51032062672305,23.406245167066874
2022-12-09,-1.1336104740771369,0.11123384424182883,0.9576661087345363,4.163830797399402,-19.39908678248122,24.36391127580141
2022-12-12,-0.10436055650948767,0.18137208878438368,-0.4566502823598218,4.059470240889914,-19.217714693696838,23.90726099344159
2022-12-13,0.06191772789019646,0.9375196078636194,0.13728993998271397,4.121387968780111,-18.280195085833217,24.044550933424304
2022-12-14,-2.039179513469957,0.16433819668626706,-1.8860320068198515,2.0822084553101536,-18.11585688914695,22.15851892660445
2022-12-15,-0.4196708579621565,-0.004903174497566869,0.4522049770630484,1.6625375973479972,-18.120760063644518,22.6107239036675
2022-12-16,-0.2798846424704404,-0.09583914998467705,1.545209534815782,1.3826529548775568,-18.216599213629195,24.15593343848328
2022-12-19,0.3961202887085149,0.8354001337594429,-0.8493374195265792,1.7787732435860717,-17.381199079869752,23.3065960189567
2022-12-20,4.396768605966131,0.6399835437810332,-1.1524397246286497,6.175541849552203,-16.74121553608872,22.15415629432805
2022-12-21,-0.9959333380465749,-0.9960231566043856,-2.1713159115549,5.179608511505628,-17.737238692693104,19.98284038277315
2022-12-22,-1.2342182211812611,0.11138081438697962,-1.069706337713422,3.945390290324367,-17.625857878306125,18.913134045059728
2022-12-23,1.5113346194198054,-0.7180000360753048,0.65576559975221,5.456724909744173,-18.34385791438143,19.56889964481194
2022-12-26,1.3018155315179196,-0.4866980752601144,0.7644198945696726,6.758540441262093,-18.830555989641546,20.333319539381613
2022-12-27,-0.3991073877015946,0.3633278555970493,1.5747484369828157,6.359433053560498,-18.467228134044497,21.90806797636443
2022-12-28,0.821958390804898,1.2918966113628507,-0.8655611777733787,7.181391444365397,-17.175331522681645,21.04250679859105
2022-12-29,1.5321070961857197,-0.48502822187170047,-0.32283084276496504,8.713498540551116,-17.660359744553347,20.719675955826084
2022-12-30,-0.004846874929238141,-3.3663966077943535,0.06302572770677019,8.708651665621877,-21.0267563523477,20.782701683532853
2023-01-02,1.5685818524554127,1.8039861847376968,-0.027517806735911365,10.27723351807729,-19.222770167610005,20.75518387679694
2023-01-03,-2.928459540520782,3.5192527421336073,-1.5594374575083092,7.348773977556508,-15.703517425476397,19.195746419288632
2023-01-04,-1.3141437269303469,1.7880936156612548,-0.023935403619652677,6.0346302506261615,-13.915423809815142,19.17181101566898
2023-01-05,-0.5488960120664403,-0.8388612949474309,1.9812741490739887,5.485734238559721,-14.754285104762573,21.15308516474297
2023-01-06,-0.05236656327967449,-0.8243014337049613,2.043259471747172,5.433367675280047,-15.578586538467535,23.19634463649014
2023-01-09,-2.3975006412218915,-0.2528996444592041,-1.9422411875221157,3.035867034058155,-15.831486182926739,21.254103448968024
2023-01-10,-0.12311513499599651,-0.6677027199040052,-0.43401699057377674,2.9127518990621586,-16.499188902830745,20.820086458394247
2023-01-11,-1.537773558383193,-1.292778758996794,-1.9269515117532032,1.3749783406789655,-17.791967661827538,18.893134946641045
2023-01-12,-0.009123793940999225,-1.3289234505587944,0.5302038773365245,1.3658545467379664,-19.12089111238633,19.42333882397757
2023-01-13,-2.7365824149937,-2.5539115953601814,-1.3119341499116004,-1.3707278682557338,-21.67480270774651,18.11140467406597
2023-01-16,1.8922100021070696,0.6491427477057148,1.7749404789534595,0.5214821338513358,-21.025659960040798,19.88634515301943
2023-01-17,1.1981948746896327,0.4898078231639569,1.1752161760379005,1.7196770085409685,-20.53585213687684,21.06156132905733
2023-01-18,-2.514293319220732,0.11735044786651046,0.7294681218697429,-0.7946163106797635,-20.41850168901033,21.791029450927073
2023-01-19,-3.1221883437683005,-0.39782557494889603,-0.5680405789712869,-3.9168046544480637,-20.816327263959227,21.222988871955785
2023-01-20,1.5348416438461743,-1.8590058712959547,0.4881488774430677,-2.3819630106018894,-22.675333135255183,21.71113774939885
2023-01-25,-0.9660950117112443,0.9190815872558341,-0.7447429265927512,-3.3480580223131335,-21.756251547999348,20.9663948228061
2023-01-26,0.09470582648056752,-0.5581733237680764,-1.3843798210154192,-3.253352195832566,-22.314424871767425,19.582015001790683
2023-01-27,0.8123311022315298,2.115921611066608,-0.04488785464775488,-2.4410210936010364,-20.198503260700818,19.53712714714293
2023-01-30,-0.748316516669969,-0.265925832392,-0.60662236948317,-3.1893376102710054,-20.464429093092818,18.93050477765976
2023-01-31,1.2339589532753261,0.576007154929521,0.7427235715079735,-1.9553786569956793,-19.888421938163297,19.673228349167733
2023-02-01,-1.3357731884912256,-0.5023830723384698,-0.6487456508450716,-3.2911518454869046,-20.39080501050177,19.02448269832266
2023-02-02,-1.3824691990159437,2.034783057641856,-1.6330610344958887,-4.673621044502848,-18.356021952859912,17.391421663826772
2023-02-03,-1.8085355054729022,-4.379695045411918,-0.4370883434893931,-6.48215654997575,-22.73571699827183,16.95433332033738
2023-02-06,3.706458413579075,0.009482747756535294,2.170184557358877,-2.775698136396675,-22.726234250515294,19.124517877696256
2023-02-07,0.2887952453366079,-0.3558614719177405,1.1374993767102208,-2.4869028910600672,-23.082095722433035,20.262017254406476
2023-02-08,0.49728218046194134,0.463542368124341,1.258695719075512,-1.9896207105981258,-22.618553354308695,21.520712973481988
2023-02-09,1.111645906264234,0.9827666751037814,1.8046139227256708,-0.8779748043338917,-21.635786679204912,23.32532689620766
2023-02-10,-0.020427389152729687,0.7056123994759729,-0.6252601460845869,-0.8984021934866214,-20.930174279728938,22.700066750123074
2023-02-13,1.6985458978912806,-0.06277101525728557,-0.001432249064304519,0.8001437044046592,-20.992945294986225,22.69863450105877
2023-02-14,-0.9921995861902341,0.006741315168803145,0.9564850879171402,-0.19205588178557487,-20.98620397981742,23.65511958897591
2023-02-15,1.5295245291412394,-0.5003592077916574,1.7651872705621456,1.3374686473556645,-21.48656318760908,25.420306859538055
2023-02-16,0.12579581117912006,0.6414635043059077,-0.4126647937289071,1.4632644585347845,-20.84509968330317,25.007642065809147
2023-02-17,3.535282370823167,-0.8157275301188314,0.1785186093861103,4.998546829357951,-21.660827213422003,25.186160675195257
2023-02-20,0.8562925759410673,0.42955783709239204,-0.4050375992040746,5.8548394052990185,-21.23126937632961,24.781123075991182
2023-02-21,-0.960194808135446,0.42247471952705723,-1.3173713828893368,4.894644597163572,-20.808794656802554,23.463751693101845
2023-02-22,1.0177895062882032,-0.5483717240399936,-0.45674531023705145,5.912434103451775,-21.357166380842546,23.007006382864795
2023-02-23,-1.2908678577212984,-0.6168494537083963,0.20085455709165956,4.621566245730477,-21.974015834550944,23.207860939956454
2023-02-24,-1.7278300330618677,0.5178486224433263,1.1258155122887872,2.8937362126686095,-21.456167212107616,24.333676452245243
2023-02-27,2.4204936586573575,0.08283617339875973,3.1797502764149232,5.314229871325967,-21.373331038708855,27.513426728660164
2023-02-28,3.0595885242711476,-0.6562599485458652,0.03705813482760529,8.373818395597114,-22.02959098725472,27.55048486348777
2023-03-02,2.209599124653889,1.0521519763562401,-0.6986953297443005,10.583417520251004,-20.977439010898483,26.85178953374347
2023-03-03,-1.72043878567123,0.8420914603110445,-1.473360956164273,8.862978734579773,-20.135347550587436,25.378428577579196
2023-03-06,-0.8997365020593542,0.6017955771358258,0.3416156910606558,7.963242232520419,-19.533551973451612,25.720044268639853
2023-03-07,-1.4281670999986482,-1.796336703696902,-0.31575702758064533,6.53507513252177,-21.329888677148514,25.404287241059208
2023-03-08,1.8336390740349593,-0.5943471226502057,3.5329795436291187,8.36871420655673,-21.92423579979872,28.937266784688326
2023-03-09,0.06836022328607856,0.37665005392445533,-0.4720144344404168,8.437074429842808,-21.547585745874265,28.46525235024791
2023-03-10,-4.187991391164222,0.27598716924652966,-0.8114101165225287,4.249083038678585,-21.271598576627735,27.65384223372538
2023-03-13,-4.8315261506035885,-0.07006415980127077,-5.344731104122473,-0.5824431119250031,-21.341662736429004,22.309111129602908
2023-03-14,-1.6242592540953926,0.415095455228075,0.6077362154273458,-2.2067023660203957,-20.926567281200928,22.916847345030252
2023-03-15,1.9064392652263642,0.9432214147771294,-0.04765357907248454,-0.3002631007940315,-19.983345866423797,22.869193765957768
2023-03-16,-0.8928175648047638,-1.377059590597148,-3.0689382972110097,-1.1930806655987953,-21.360405457020946,19.80025546874676
2023-03-17,0.12701031137650015,0.28324051860840616,-0.05982169654371155,-1.0660703542222951,-21.07716493841254,19.740433772203048
2023-03-20,-2.6870053989816096,-1.029226102360668,-2.2038707375316786,-3.7530757532039045,-22.106391040773207,17.536563034671367
2023-03-21,0.1474007787225979,0.3226300551585358,1.3531462141588304,-3.605674974481307,-21.78376098561467,18.889709248830197
2023-03-22,-0.45366024114417536,0.6384770080906108,0.07618076677627417,-4.059335215625482,-21.14528397752406,18.965890015606472
2023-03-23,-1.1760009374420133,-0.3298324292791607,-1.9394132850763899,-5.235336153067495,-21.47511640680322,17.02647673053008
2023-03-24,-1.3456296925619624,0.6538959127805691,1.311300330980988,-6.580965845629457,-20.82122049402265,18.33777706151107
2023-03-27,1.2959848128836813,0.42799953248984135,0.5182596704613818,-5.284981032745776,-20.39322096153281,18.856036731972452
2023-03-28,0.7982082079243329,-0.8245862174550168,0.03528238129162246,-4.486772824821443,-21.217807178987826,18.891319113264075
2023-03-29,-0.1632678819928186,0.27737591634566255,-0.36736488328985173,-4.650040706814262,-20.940431262642164,18.523954229974223
2023-03-30,0.46129457018779874,-1.3054696021001295,-1.9511118509608676,-4.188746136626463,-22.245900864742293,16.572842379013355
2023-03-31,0.8523908134092608,-1.5105855459288882,-1.1666572483958546,-3.3363553232172025,-23.75648641067118,15.406185130617501
2023-04-03,1.4441386087815085,2.4057406455950217,0.4357902788091958,-1.892216714435694,-21.35074576507616,15.841975409426697
2023-04-04,-1.7881807578960487,0.18172475672811747,-0.240991839509905,-3.6803974723317427,-21.169021008348043,15.600983569916792
2023-04-05,-0.3293576046404815,-0.42576031178429846,-0.29020872251435775,-4.009755076972224,-21.59478132013234,15.310774847402435
2023-04-06,-1.4663720944811902,1.2860296736905927,1.4233126796075013,-5.476127171453415,-20.30875164644175,16.734087527009937
2023-04-07,0.07356965740499075,-0.03674535188068956,1.6783202407806646,-5.402557514048424,-20.34549699832244,18.4124077677906
2023-04-10,-0.9846604789607708,-0.3059930284841447,-0.8456424246799359,-6.387217993009195,-20.651490026806584,17.566765343110664
2023-04-11,0.4466620234004227,-0.6485368173428241,1.3073214812689176,-5.940555969608772,-21.300026844149407,18.87408682437958
2023-04-12,0.26792197709722604,0.4392785817397193,0.22375887121316282,-5.672633992511546,-20.86074826240969,19.097845695592746
2023-04-13,-0.14269503129717154,-0.15217015604064227,-2.540692540216384,-5.815329023808718,-21.012918418450333,16.557153155376362
2023-04-14,0.11011911037856406,-1.0351520347740388,0.7550974346963445,-5.705209913430154,-22.048070453224373,17.312250590072708
2023-04-17,1.7014451530539,0.2609103872413023,0.6290340465987453,-4.003764760376254,-21.78716006598307,17.941284636671455
2023-04-18,0.040182196919587077,0.1856749148627262,-0.1769448414932518,-3.963582563456667,-21.601485151120343,17.764339795178202
2023-04-19,0.6454641989618428,0.8350355157031316,1.6528127968086763,-3.318118364494824,-20.76644963541721,19.417152591986877
2023-04-20,0.6658472711960829,-1.1757379041347786,-2.697939994154775,-2.652271093298741,-21.942187539551988,16.7192125978321
2023-04-21,-1.740476841092204,-0.4576401751123373,0.8356847308817349,-4.392747934390945,-22.399827714664326,17.554897328713835
2023-04-24,-0.36081458699338426,0.19848619777065116,-1.3215510311903573,-4.753562521384329,-22.201341516893674,16.23334629752348
2023-04-25,0.6109525229396643,-0.16007410673816777,-0.2516812761014686,-4.142609998444665,-22.361415623631842,15.98166502142201
2023-04-26,-0.34373635141027026,0.25876662601071765,-0.09879039819954533,-4.486346349854935,-22.102648997621124,15.882874623222465
2023-04-27,0.4950215515929938,0.23332712231744657,0.39907043028539413,-3.9913247982619415,-21.869321875303676,16.281945053507858
2023-04-28,0.41657735437494847,-1.2272292247703906,-0.2949115253911093,-3.5747474438869933,-23.096551100074066,15.987033528116749
2023-05-02,0.8309182600388658,0.7468066726239557,0.5024424248995809,-2.7438291838481277,-22.349744427450112,16.48947595301633
2023-05-03,-1.1655444636041634,-0.5639395060476874,-0.8254518929951985,-3.9093736474522913,-22.9136839334978,15.664024060021132
2023-05-04,-1.345448539373051,0.2757119794620584,-1.5295995672501863,-5.254822186825343,-22.63797195403574,14.134424492770947
2023-05-08,1.007229245934587,-1.2186751523715933,0.20524729863400817,-4.247592940890756,-23.856647106407333,14.339671791404955
2023-05-09,-0.1353400522267453,-1.281424774024491,0.5604171761397188,-4.3829329931175005,-25.138071880431824,14.900088967544674
2023-05-10,0.25678843663079975,1.787331053827961,0.6641164541516974,-4.1261445564867,-23.35074082660386,15.564205421696371
2023-05-11,-0.9981800693613694,0.17989282301672105,-1.1907145094779619,-5.12432462584807,-23.17084800358714,14.37349091221841
2023-05-12,-0.2525513992106251,0.23529387286175185,0.597684969375716,-5.376876025058695,-22.935554130725386,14.971175881594126
2023-05-15,1.3850641050336379,-0.6228332740030396,-0.07313075398336365,-3.9918119200250572,-23.558387404728425,14.898045127610763
2023-05-16,-0.7435616007433397,-0.3284309778037131,-0.5847116430732884,-4.7353735207683965,-23.886818382532137,14.313333484537473
2023-05-17,0.4240592685638196,-0.02208740605739555,0.8126428943246091,-4.311314252204577,-23.908905788589532,15.125976378862083
2023-05-18,1.1215989049641095,-0.5193062025586472,0.24554638264982842,-3.189715347240467,-24.428211991148178,15.371522761511912
2023-05-19,1.0390958353187296,0.4625403077493477,-0.49345092044214073,-2.1506195119217377,-23.96567168339883,14.87807184106977
2023-05-22,-0.4308197692998883,0.2813476490623981,0.16164149167094807,-2.581439281221626,-23.684324034336434,15.03971333274072
2023-05-23,1.6636465778634715,0.5909790221614191,-0.6043113495487691,-0.9177927033581545,-23.093345012175014,14.43540198319195
2023-05-24,0.46021791981185356,0.1684244675267968,-1.0009281475470768,-0.457574783546301,-22.924920544648216,13.434473835644873
2023-05-25,2.323345177566245,-1.040473288549997,0.5642143169243361,1.8657703940199442,-23.965393833198213,13.998688152569208
2023-05-26,1.2309972360389068,0.9179857959977739,-0.051188074003926394,3.096767630058851,-23.04740803720044,13.947500078565282
2023-05-30,0.7464803874911072,0.40106189045873225,0.1425474306845384,3.8432480175499584,-22.64634614674171,14.090047509249821
2023-05-31,-2.7843103182261086,-0.08404184293036297,-0.662875132632196,1.0589376993238497,-22.730387989672074,13.427172376617625
2023-06-01,0.3183372211095675,-0.12520131201253304,0.3020367940811074,1.3772749204334174,-22.855589301684606,13.729209170698732
2023-06-02,-1.4255955936935198,0.9502638565370691,0.09186688031004558,-0.048320673260102476,-21.905325445147536,13.821076051008777
2023-06-05,1.6575935086628197,0.3290133831883159,0.9092097855755402,1.6092728354027173,-21.57631206195922,14.730285836584317
2023-06-07,-0.7723562059580256,-0.05436241770408504,-0.7277941432540409,0.8369166294446917,-21.630674479663305,14.002491693330276
2023-06-08,2.1493444925772325,-1.4034496967698225,-0.912564209838514,2.986261122021924,-23.034124176433128,13.089927483491762
2023-06-09,-0.6203896031258527,-0.1279765746674083,-1.2070185026338733,2.3658715188960713,-23.162100751100535,11.882908980857888
2023-06-12,-0.29162872331443995,0.18594966053641346,0.5310471344744498,2.074242795581631,-22.976151090564123,12.413956115332338
2023-06-13,-0.20879362697822587,0.4304023774480116,0.22366896837377703,1.8654491686034054,-22.54574871311611,12.637625083706116
2023-06-14,1.319792591356864,0.14877952408560446,1.37899200660731,3.1852417599602694,-22.396969189030507,14.016617090313426
2023-06-15,1.1550277774316566,-0.9395480163419696,2.105364318878991,4.340269537391926,-23.336517205372477,16.12198140919242
2023-06-16,-0.7333779938096374,-0.18939800881083066,-0.6188665345945025,3.6068915435822886,-23.525915214183307,15.503114874597916
2023-06-19,-0.1264728039800872,-0.2276267476229308,-0.2955986704867638,3.4804187396022015,-23.75354196180624,15.207516204111153
2023-06-20,-0.04080686447870192,0.27502119648575374,-1.1060108749014255,3.4396118751234996,-23.478520765320486,14.101505329209727
2023-06-21,-0.20765531409407087,-0.2484703767804322,0.5269498548223718,3.231956561029429,-23.726991142100918,14.628455184032099
2023-06-22,0.41510581312183353,0.5278119491527139,0.21504139356662477,3.6470623741512624,-23.199179192948204,14.843496577598723
2023-06-23,0.5529648446827359,-0.7674373784688929,-0.7579415263857289,4.200027218833998,-23.9666165714171,14.085555051212994
2023-06-26,-1.3442726479760385,1.1883043569800107,1.3598715755015538,2.85575457085796,-22.778312214437086,15.445426626714548
2023-06-27,-0.4538046869458199,0.7873227800606949,-0.012560539523374464,2.40194988391214,-21.99098943437639,15.432866087191174
2023-06-28,0.21976958756529597,-0.20244686477124735,0.1757026822936968,2.621719471477436,-22.19343629914764,15.60856876948487
2023-06-29,0.3559072340658553,-0.04248326747756682,0.4744133087721283,2.9776267055432912,-22.235919566625206,16.082982078257
2023-06-30,1.3859730387540183,-4.7041422486910465,1.709927889316541,4.36359974429731,-26.940061815316252,17.792909967573543
2023-07-03,-1.8581566143756623,5.505648940117785,1.869112253396721,2.5054431299216473,-21.43441287519847,19.662022220970265
2023-07-04,0.3804993583371081,0.8374439724100309,-0.9046395455489435,2.885942488258755,-20.596968902788436,18.757382675421322
2023-07-05,0.12375603359123734,-0.6582363899411363,0.10682078033198301,3.0096985218499928,-21.255205292729574,18.864203455753305
2023-07-06,1.4677638037823721,-1.0656775502520717,0.4690128883696755,4.477462325632365,-22.320882842981646,19.33321634412298
2023-07-07,1.0975704997091087,-0.9054647198069166,1.2825229732779664,5.575032825341474,-23.22634756278856,20.615739317400948
2023-07-10,1.9245740152341064,0.12027053267797225,-0.392662504464278,7.49960684057558,-23.10607703011059,20.223076812936668
2023-07-11,-2.3406850440255926,0.5550102435750149,0.2991729566377752,5.158921796549987,-22.551066786535575,20.522249769574444
2023-07-12,-0.2557225997534158,0.5885513740029166,1.0084588201932774,4.903199196796571,-21.962515412532657,21.53070858976772
2023-07-13,-2.153824846930649,0.2863531205967085,-2.1346179667906617,2.749374349865922,-21.67616229193595,19.39609062297706
2023-07-14,0.5883638223660465,0.13310954084557797,-0.5317140177432645,3.3377381722319686,-21.54305275109037,18.864376605233794
2023-07-17,-0.3481134295900445,0.028744772923996725,0.26120381730958914,2.989624742641924,-21.514307978166375,19.125580422543383
2023-07-18,-0.02918749832705332,-0.06280844484704272,-1.0412478629586162,2.9604372443148708,-21.57711642301342,18.084332559584766
2023-07-19,-1.5103327843489747,0.1881868603116036,-0.4515624185078436,1.450104459965896,-21.388929562701815,17.63277014107692
2023-07-20,0.5620708687944358,-0.49889313660509094,1.3706922566153419,2.012175328760332,-21.887822699306906,19.003462397692264
2023-07-21,0.3416169789194096,0.9311516305991167,0.49196134919243634,2.3537923076797416,-20.956671068707788,19.4954237468847
2023-07-24,0.020337976439687135,-0.31871039402398055,0.6734352979097554,2.3741302841194285,-21.27538146273177,20.168859044794456
2023-07-25,0.8803001820733373,0.15514417394746916,-0.4094793611938544,3.254430466192766,-21.1202372887843,19.759379683600603
2023-07-26,-0.30992919502651567,0.14391515315526215,-0.8647236609464445,2.94450127116625,-20.976322135629037,18.894656022654157
2023-07-27,-0.5476818627934221,0.7600953801898069,-1.5257678251662266,2.396819408372828,-20.21622675543923,17.36888819748793
2023-07-28,1.5001526789831183,-0.3046471235694939,-0.6946262473737987,3.8969720873559464,-20.520873879008725,16.674261950114133
2023-07-31,0.5397171914844655,-0.5204674763817534,2.6139433541639527,4.4366892788404115,-21.04134135539048,19.288205304278087
2023-08-01,-0.7660427520527223,0.6747053546401962,-0.3149255846074845,3.670646526787689,-20.366636000750283,18.973279719670604
2023-08-02,1.1197792020075934,0.3717670061561752,-0.3288757772675753,4.790425728795283,-19.994868994594107,18.644403942403027
2023-08-03,0.9053504749972073,-0.2582990777309952,0.3201916337956972,5.69577620379249,-20.253168072325103,18.964595576198725
2023-08-04,0.7952098307967561,-1.045834479186571,-1.3097974364399194,6.4909860345892465,-21.299002551511673,17.654798139758807
2023-08-07,-1.4098831061593262,-0.6111604306451465,-0.4014189592209879,5.08110292842992,-21.91016298215682,17.25337918053782
2023-08-08,-1.3798692979989595,1.0273738713619651,0.1781821996684501,3.7012336304309605,-20.882789110794853,17.43156138020627
2023-08-09,0.54519966422444,-0.027637231440846812,0.7850024598378342,4.2464332946554,-20.9104263422357,18.216563840044103
2023-08-10,0.27990471239549924,-2.0826196359007465,0.3462775535484448,4.526338007050899,-22.993045978136443,18.562841393592546
2023-08-11,0.7469276834290203,0.32913187984836595,-0.9838957357007474,5.27326569047992,-22.66391409828808,17.578945657891797
2023-08-14,1.3970864948526978,-0.07647756694166295,-0.11616970507726519,6.670352185332618,-22.74039166522974,17.462775952814532
2023-08-16,-0.5844093927900748,0.23674870575887555,-1.146633133276242,6.085942792542543,-22.503642959470866,16.31614281953829
2023-08-17,2.2209104836718234,0.24148171220283504,0.20480111058813408,8.306853276214365,-22.262161247268033,16.520943930126425
2023-08-18,-1.582165277048592,0.22894737058347173,0.324729496271165,6.7246879991657735,-22.03321387668456,16.84567342639759
2023-08-21,1.2949886322640758,0.04486386348475256,0.9896631084865478,8.01967663142985,-21.988350013199806,17.835336534884135
2023-08-22,0.539470970737422,0.10520018105366374,-1.7125341005141435,8.559147602167272,-21.88314983214614,16.12280243436999
2023-08-23,-1.145183181059668,-0.35036815607964206,0.5251774246016228,7.413964421107604,-22.233517988225785,16.647979858971613
2023-08-24,-0.6132900556534419,-0.19219995383908559,0.3595375543629868,6.800674365454162,-22.42571794206487,17.0075174133346
2023-08-25,1.118305525470616,0.12599997693333975,-0.6266751035397208,7.918979890924778,-22.29971796513153,16.38084230979488
2023-08-28,-1.1997310817801343,0.06076525842049409,0.46631518231859453,6.719248809144643,-22.238952706711036,16.847157492113475
2023-08-29,-0.5525800615405588,0.0004464191871140344,0.10660447647291767,6.166668747604084,-22.238506287523922,16.95376196858639
2023-08-30,-0.008417805754824847,-0.2209576624268773,-0.13925004538065205,6.158250941849259,-22.4594639499508,16.81451192320574
2023-08-31,-0.929539141157421,-0.831184869311538,0.8464941925435377,5.228711800691838,-23.290648819262337,17.661006115749277
2023-09-01,-0.973828818761317,1.0818331077783725,0.9991986213117122,4.254882981930521,-22.208815711483965,18.66020473706099
2023-09-04,1.3792851155380752,0.43058042122644363,0.32525039035759545,5.634168097468597,-21.77823529025752,18.985455127418586
2023-09-05,0.7997772208981908,0.6996432399838513,0.047739169549365496,6.433945318366788,-21.07859205027367,19.033194296967952
2023-09-06,0.15406784670328094,0.2896926121821066,-0.8544835962112584,6.588013165070069,-20.788899438091562,18.178710700756692
2023-09-07,1.6774638309487213,-0.8663451308784602,1.016769447316353,8.26547699601879,-21.655244568970023,19.195480148073045
2023-09-08,-1.4648930404875862,-1.0174237738910739,0.5360985752969701,6.800583955531204,-22.672668342861098,19.731578723370017
2023-09-11,1.4057294671952745,-0.1639539202808398,0.5448713338487716,8.206313422726478,-22.836622263141937,20.27645005721879
2023-09-12,-0.04301653292102075,0.10201246002743013,0.022891490331613865,8.163296889805457,-22.734609803114505,20.2993415475504
2023-09-13,-0.4055501669516719,0.10484376076184201,0.5018150437542251,7.757746722853785,-22.629766042352664,20.801156591304625
2023-09-14,-0.718675706600278,0.10481648220491684,0.9739193694849524,7.039071016253507,-22.524949560147746,21.77507596078958
2023-09-15,0.42067414936147823,0.12564565796417065,-0.228032441116821,7.459745165614985,-22.399303902183576,21.54704351967276
2023-09-18,1.1957170190382977,-0.04510192208845562,-0.09554302660882281,8.655462184653283,-22.44440582427203,21.451500493063936
2023-09-19,-0.3000005585412785,-0.437569237879073,-0.4148061414733366,8.355461626112005,-22.881975062151106,21.036694351590597
2023-09-20,0.05881645260334653,-0.1591898885118957,-0.07682387562740074,8.414278078715352,-23.041164950663003,20.959870475963196
2023-09-21,1.219337948719395,0.480233311981634,0.25615316949691597,9.633616027434748,-22.560931638681367,21.216023645460112
2023-09-22,-0.9969159897929317,-0.4354685078140374,-1.1222605602199804,8.636700037641816,-22.996400146495404,20.09376308524013
2023-09-25,0.3842279074277103,-0.21908835769876475,-1.184392420273372,9.020927945069527,-23.21548850419417,18.909370664966758
2023-09-26,0.744056446600704,0.20725505295219648,-1.0550787609401906,9.76498439167023,-23.008233451241974,17.854291904026567
2023-09-27,-0.3900421286693827,-4.200843431962722,0.11247160911944068,9.374942263000849,-27.209076883204695,17.96676351314601
2023-10-04,7.081983815815202,5.475344394264938,-3.117856736594339,16.45692607881605,-21.733732488939758,14.84890677655167
2023-10-05,-0.564502167776843,0.5798763402582914,-1.2236198571047012,15.892423911039208,-21.153856148681466,13.62528691944697
2023-10-06,-1.8046872643593803,0.5266618552995603,0.48349335733257354,14.087736646679828,-20.627194293381905,14.108780276779543
2023-10-10,-0.26768883295869456,0.6256508705863644,-0.6640146611843152,13.820047813721134,-20.00154342279554,13.444765615595227
2023-10-11,-1.3057173129588981,-0.011684810870445823,0.18373322130328631,12.514330500762236,-20.013228233665984,13.628498836898514
2023-10-12,-1.1549945771122976,-0.7541768439890936,1.685632568620591,11.359335923649938,-20.767405077655077,15.314131405519104
2023-10-13,1.244528025581165,-0.6066341704781494,-1.9331833417427464,12.603863949231103,-21.374039248133226,13.380948063776358
2023-10-16,0.7476946512015354,0.4861387428439362,-0.8955097210335549,13.35155860043264,-20.887900505289288,12.485438342742803
2023-10-17,0.5808997876606803,0.5046429650592883,-0.10070162195041223,13.93245838809332,-20.383257540229998,12.384736720792391
2023-10-18,1.2077188297177797,0.01518477787841944,0.19778824036873366,15.1401772178111,-20.368072762351577,12.582524961161125
2023-10-19,1.6374519051500893,-0.2625683734142768,-1.1843335990154091,16.77762912296119,-20.630641135765853,11.398191362145717
2023-10-20,-0.8534108939582415,-0.32446216904023695,-0.03063268935809417,15.92421822900295,-20.95510330480609,11.367558672787622
2023-10-23,1.088047587960872,-0.28943859547824025,-1.0384036990870238,17.012265816963822,-21.244541900284332,10.329154973700598
2023-10-24,-2.0630413562857113,0.18347813495076706,0.7071361081871813,14.94922446067811,-21.061063765333564,11.03629108188778
2023-10-25,-0.03459838122524968,-0.5878620524419361,2.4140485191192194,14.91462607945286,-21.6489258177755,13.450339601007
2023-10-26,1.73840744313926,0.10401271716322874,0.45642831433013764,16.65303352259212,-21.54491310061227,13.906767915337138
2023-10-27,-2.8175969932517657,1.3246709719741674,6.376140274069913,13.835436529340356,-20.2202421286381,20.282908189407053
2023-10-30,0.8743653656933514,-0.41988482621213796,-1.2124340648456848,14.709801895033708,-20.64012695485024,19.07047412456137
2023-10-31,-0.09674714125543274,0.31130727188339463,0.45995748144376764,14.613054753778275,-20.328819682966845,19.530431606005134
2023-11-01,-0.8335530517502248,-0.2848518924762635,0.8439621351743389,13.77950170202805,-20.61367157544311,20.374393741179475
2023-11-02,-1.9743873773974474,0.545002485734916,-2.542260246656,11.805114324630603,-20.068669089708195,17.832133494523475
2023-11-03,-1.2906305964806097,-0.5778521625266709,0.8698258453124241,10.514483728149994,-20.646521252234866,18.7019593398359
2023-11-06,-1.4156891061357928,-0.0986496667608879,-0.7356576956863519,9.098794622014202,-20.745170918995754,17.966301644149546
2023-11-07,-0.0962713932605422,1.2509408239699604,1.4132281552832655,9.00252322875366,-19.494230095025795,19.37952979943281
2023-11-08,-0.9990850270896743,-0.37672524740254315,1.6055835099009543,8.003438201663986,-19.87095534242834,20.985113309333762
2023-11-09,-1.4345657668023433,-1.5366914679491035,1.8618936752562938,6.5688724348616425,-21.407646810377443,22.847006984590056
2023-11-10,0.3332577162899744,-0.5830879906817212,0.7374545006954688,6.902130151151617,-21.990734801059165,23.584461485285527
2023-11-13,0.5589414029979601,0.36853171543738306,-0.14788324614562634,7.461071554149577,-21.622203085621784,23.4365782391399
2023-11-14,-0.22282099428326965,-0.06694314404127444,-1.4253687182489176,7.238250559866308,-21.68914622966306,22.011209520890983
2023-11-15,-3.6797460212233615,0.22924954528762526,1.2615958394117908,3.5585045386429464,-21.459896684375433,23.272805360302772
2023-11-16,-0.7005383447546637,-0.27998676894299357,-0.48418069521279233,2.8579661938882825,-21.739883453318427,22.78862466508998
2023-11-17,0.11986552612360343,-0.29564262295408283,-1.522140205040774,2.977831720011886,-22.03552607627251,21.266484460049206
2023-11-20,-0.5262010848768004,0.09650361281072822,0.13757622747949358,2.4516306351350856,-21.939022463461782,21.4040606875287
2023-11-21,-0.7269985118718677,0.2413158775371345,0.43536606545329626,1.724632123263218,-21.69770658592465,21.839426752981993
2023-11-22,0.7273615154116891,-0.6484425704212579,-0.442747752618448,2.451993638674907,-22.346149156345906,21.396679000363545
2023-11-23,-0.7250889749846414,0.433001751562628,0.01418381749608816,1.7269046636902656,-21.913147404783277,21.410862817859634
2023-11-24,1.1903339218982179,-0.1532413957164837,-0.7653903579222744,2.9172385855884837,-22.066388800499762,20.64547245993736
2023-11-27,0.03839840572862752,0.05240313885171033,0.16370066784908865,2.955636991317111,-22.013985661648054,20.809173127786448
2023-11-28,-1.3126905836834812,0.481070175089972,0.6615670675166163,1.64294640763363,-21.532915486558082,21.470740195303065
2023-11-29,-2.4096855470537193,-0.2453658367084271,0.3512963727300122,-0.7667391394200893,-21.77828132326651,21.822036568033077
2023-11-30,1.0496972080434435,-1.4911601166069142,-0.5266461974052913,0.28295806862335415,-23.26944143987342,21.295390370627786
2023-12-01,-0.0754387915431329,2.3691625695225977,0.4321227547988846,0.20751927708022125,-20.900278870350824,21.727513125426672
2023-12-04,-1.5616465304518075,-0.05447789304443751,-0.23156149679374055,-1.3541272533715862,-20.954756763395263,21.49595162863293
2023-12-05,-1.0017060062345025,0.15777557060551944,-0.4946390641566008,-2.3558332596060887,-20.796981192789744,21.00131256447633
2023-12-06,-1.065938578220261,0.6908700697492327,1.0498050853022405,-3.4217718378263497,-20.10611112304051,22.05111764977857
2023-12-07,0.9457333056725692,-2.0248681188849287,0.08920610939534981,-2.4760385321537806,-22.130979241925438,22.140323759173917
2023-12-08,-0.8549626610609494,-1.2668096842921783,-1.1043956470472596,-3.33100119321473,-23.397788926217615,21.03592811212666
2023-12-11,0.8190151641651283,-0.5718192895141506,-0.10324857604051621,-2.5119860290496017,-23.969608215731764,20.93267953608614
2023-12-12,-1.0526119417100377,0.6643587627218899,0.7535828191492483,-3.5645979707596394,-23.305249453009875,21.68626235523539
2023-12-13,-0.22437922745564837,0.521370588289646,2.330793399099405,-3.788977198215288,-22.78387886472023,24.017055754334795
2023-12-14,-4.976654564864872,-0.3169225777501878,-1.3370333479824263,-8.76563176308016,-23.100801442470416,22.680022406352368
2023-12-15,0.892261770396481,0.5021958582589622,-1.15586592670143,-7.873369992683679,-22.598605584211455,21.524156479650937
2023-12-18,-0.4272690681917563,-0.7944147063360497,0.49416167560113117,-8.300639060875435,-23.393020290547504,22.018318155252068
2023-12-19,-0.061605024998306154,-0.5514518040529655,1.0741989990992098,-8.36224408587374,-23.94447209460047,23.092517154351277
2023-12-20,-1.1604237445789258,0.671418263668119,-1.2678112487880757,-9.522667830452667,-23.27305383093235,21.824705905563203
2023-12-21,0.20607209706350413,1.1384967792817613,-0.48730283821554476,-9.316595733389162,-22.13455705165059,21.33740306734766
2023-12-22,-0.05618007164702251,-0.16655819575671657,-0.04517002190141063,-9.372775805036184,-22.301115247407306,21.29223304544625
2023-12-26,-0.6614335582014392,0.13489255025769695,0.5478550961831913,-10.034209363237624,-22.16622269714961,21.84008814162944
2023-12-27,-0.47039630435991825,1.5383426987612774,1.4885279561112235,-10.504605667597541,-20.627879998388334,23.328616097740664
2023-12-28,-1.7684896353175927,-0.8502211033934368,0.2541347352273701,-12.273095302915134,-21.47810110178177,23.582750832968035
2023-12-29,-0.041922982936743215,-6.176556296911421,-0.0407708750763111,-12.315018285851878,-27.654657398693193,23.541979957891723
2024-01-02,2.987667593008299,7.48487651467409,-1.9017818250874485,-9.327350692843579,-20.169780884019104,21.640198132804276
2024-01-03,0.5830715504524363,2.291353856700552,1.704872902788494,-8.744279142391143,-17.87842702731855,23.34507103559277
2024-01-04,-1.2508771749964085,0.6476444596154282,-0.4548636457490186,-9.99515631738755,-17.230782567703123,22.890207389843752
2024-01-05,1.2014888702806863,0.14680682252515898,0.6525190413800459,-8.793667447106865,-17.083975745177963,23.542726431223798
2024-01-08,-0.1020684216786523,0.13940373636256626,0.7808140511943289,-8.895735868785517,-16.944572008815395,24.323540482418128
2024-01-09,-0.6710041240998179,-0.646737766169115,-1.3899061742620327,-9.566739992885335,-17.59130977498451,22.933634308156094
2024-01-10,0.5060577417497711,-1.8069758728786156,-0.2929388905729234,-9.060682251135564,-19.398285647863126,22.64069541758317
2024-01-11,-0.8381208339085098,2.224174632514569,-1.0888708347999456,-9.898803085044074,-17.174111015348558,21.551824582783226
2024-01-12,-0.05606312993298031,-0.7672649062346963,-1.7974653455888037,-9.954866214977054,-17.941375921583255,19.75435923719442
2024-01-15,-0.4800657903679174,-0.7837553510039197,0.2832388097966569,-10.43493200534497,-18.725131272587173,20.03759804699108
2024-01-16,0.7959436402594412,-0.35415430303945183,0.7814624621286315,-9.63898836508553,-19.079285575626624,20.81906050911971
2024-01-17,0.9600197525173862,-0.11370817815999092,0.34248229845425826,-8.678968612568143,-19.192993753786617,21.161542807573966
2024-01-18,0.05982260616244527,-0.11758763171904563,0.6381419986689261,-8.619146006405698,-19.310581385505664,21.79968480624289
2024-01-19,0.7446368194240693,-0.3286505457539866,-0.3663283762468118,-7.874509186981628,-19.63923193125965,21.433356429996078
2024-01-22,-0.8924406632228522,0.055823537957603565,-0.5439188924607458,-8.76694985020448,-19.583408393302047,20.889437537535333
2024-01-23,0.2825885647903079,0.9814869183087237,-0.4866447887653382,-8.484361285414172,-18.601921474993322,20.402792748769993
2024-01-24,0.4672862517321566,0.4984570667007419,-0.19708137779394583,-8.017075033682016,-18.10346440829258,20.205711370976047
2024-01-25,0.6256227066531708,-0.2082599740368554,-0.9548691795578187,-7.391452327028845,-18.311724382329437,19.25084219141823
2024-01-26,-0.9631615565194744,-0.8526553908585566,-1.0416949605014956,-8.35461388354832,-19.164379773187996,18.209147230916734
2024-01-29,1.3855773225301231,0.39955337749309927,-1.1791313410520297,-6.969036561018196,-18.764826395694897,17.030015889864703
2024-01-30,-1.6863960737293218,-1.1817820849654002,1.4473863449405127,-8.655432634747518,-19.946608480660295,18.477402234805215
2024-01-31,-0.30565432285501676,-1.333254753315142,0.24460208115178267,-8.961086957602534,-21.279863233975437,18.722004315956998
2024-02-01,0.04488141490188799,0.812126039155926,-0.03737586811678674,-8.916205542700647,-20.46773719481951,18.68462844784021
2024-02-02,-1.2867200503971163,0.6587092071517989,2.17785436078063,-10.202925593097763,-19.80902798766771,20.86248280862084
2024-02-05,1.8628189843555607,-0.6560037905266071,0.04460322798935746,-8.340106608742202,-20.46503177819432,20.907086036610195
2024-02-06,-0.10808485773535821,0.032968782942153434,-1.170860704101018,-8.44819146647756,-20.432062995252167,19.73622533250918
2024-02-07,0.015036943915128375,1.0964459079145463,-0.5660412352955982,-8.433154522562432,-19.33561708733762,19.170184097213582
2024-02-08,0.4892782616384895,-1.6485213904721445,-0.147344437621543,-7.943876260923943,-20.984138477809765,19.022839659592037
2024-02-13,1.1579585211524364,-0.36825544599001775,0.5861791287443829,-6.785917739771507,-21.35239392379978,19.60901878833642
2024-02-14,1.2998181801762039,-0.4743791714612505,1.5981721267972775,-5.486099559595303,-21.826773095261032,21.207190915133697
2024-02-15,-0.6586628536714053,-0.7264633937282107,0.6983440526695013,-6.144762413266708,-22.553236488989242,21.9055349678032
2024-02-16,0.29093515594126684,0.4304278172302091,-0.9735898363252,-5.853827257325441,-22.12280867175903,20.931945131478
2024-02-19,-0.3248595448478475,0.5421384040309352,0.3620484757872442,-6.178686802173289,-21.580670267728095,21.293993607265243
2024-02-20,0.6807480155932698,0.8733159793515446,-1.3417896629548014,-5.4979387865800184,-20.70735428837655,19.95220394431044
2024-02-21,-0.2144475278564368,-0.6756127058544972,0.16688050579068417,-5.712386314436455,-21.382966994231047,20.119084450101123
2024-02-22,-1.1967856592539363,-0.6473703103596764,-0.7991251522127922,-6.909171973690391,-22.030337304590724,19.31995929788833
2024-02-23,0.8019244699701282,-0.35324609713199123,0.5307377658428118,-6.107247503720263,-22.383583401722714,19.850697063731143
2024-02-26,-1.3478669942497057,2.2176148404266485,0.8253090016032341,-7.455114497969968,-20.165968561296065,20.676006065334377
2024-02-27,0.48804831283770633,2.0802117089385073,0.34875226935040693,-6.967066185132262,-18.08575685235756,21.024758334684783
2024-02-28,0.2518093768718479,1.2907767718670204,-1.2437598043253875,-6.715256808260414,-16.79498008049054,19.780998530359398
2024-02-29,0.720515283007328,-1.2414742041241,-0.09677224297806297,-5.994741525253087,-18.03645428461464,19.684226287381335
2024-03-04,-0.6792679333477729,1.9632047849915941,-0.3439753354504704,-6.674009458600859,-16.073249499623046,19.340250951930866
2024-03-05,-0.6552037096093648,2.6239349384180226,1.3084387814613017,-7.329213168210224,-13.449314561205023,20.648689733392168
2024-03-06,-0.6071634316169311,-4.826678182299106,-0.5382851560597821,-7.936376599827155,-18.27599274350413,20.110404577332385
2024-03-07,0.21469623521925757,2.066800766577373,-0.8738772763133256,-7.721680364607898,-16.209191976926757,19.23652730101906
2024-03-08,-1.4683591402060696,-3.427068753455836,-0.003713041054743834,-9.190039504813967,-19.636260730382592,19.232814259964314
2024-03-11,-0.20481201013184402,2.950021044484608,-0.20308897925298952,-9.394851514945811,-16.686239685897984,19.029725280711325
2024-03-12,-0.28504405117241616,-0.39968846709152667,0.5383498675283148,-9.679895566118228,-17.08592815298951,19.56807514823964
2024-03-13,-0.336266684623379,-0.9771504654540403,-0.2803484483734125,-10.016162250741607,-18.06307861844355,19.287726699866226
2024-03-14,0.695996417621764,-0.28934477101563116,-0.33004544729239016,-9.320165833119843,-18.352423389459183,18.957681252573835
2024-03-15,0.9870473044530191,0.43427036317697415,-0.07476387113915359,-8.333118528666823,-17.91815302628221,18.88291738143468
2024-03-18,0.7186354036159112,0.4783592363088377,0.60756989264413,-7.614483125050912,-17.439793789973372,19.49048727407881
2024-03-19,0.6983073743539692,-1.4250500424670842,0.580537973475888,-6.916175750696943,-18.864843832440457,20.071025247554697
2024-03-20,-0.5159679754992074,-0.36538396167166504,0.08526205261635071,-7.43214372619615,-19.23022779411212,20.156287300171048
2024-03-21,-1.207860599033927,0.0951011231609602,-0.5273702252763157,-8.640004325230077,-19.13512667095116,19.628917074894733
2024-03-22,-0.7831360493423852,1.0674594129771224,0.1342404114524931,-9.423140374572462,-18.067667257974037,19.763157486347225
2024-03-25,0.3378757813751471,-0.11729864797916151,-0.3533586129952807,-9.085264593197316,-18.1849659059532,19.409798873351946
2024-03-26,0.38109677004055365,0.19747885819445335,-0.4680216852928839,-8.704167823156762,-17.987487047758744,18.941777188059064
2024-03-27,-0.4682163259924397,0.647061082106466,0.2835934470661334,-9.172384149149202,-17.34042596565228,19.2253706351252
2024-03-28,0.07029053960367397,-1.2205200385491644,0.09722926565815818,-9.102093609545529,-18.560946004201444,19.322599900783356
2024-03-29,0.7192847227503671,-1.4230111659917406,-0.0274126866621447,-8.38280888679516,-19.983957170193186,19.29518721412121
2024-04-01,-0.7997595084797671,1.4772999819537294,0.3996386928862723,-9.182568395274927,-18.50665718823946,19.694825907007484
2024-04-02,0.8666276314085255,0.43610020892790147,0.7376992845098135,-8.315940763866402,-18.070556979311558,20.432525191517296
2024-04-03,0.33577310938602967,0.6883617116668407,0.028059355944703136,-7.980167654480373,-17.38219526764472,20.460584547462
2024-04-04,0.018240699815480488,-1.0520156834613217,-0.3413650439535768,-7.961926954664892,-18.43421095110604,20.119219503508422
2024-04-05,-0.4176315011485781,-0.5167868428262518,0.23157023278758926,-8.37955845581347,-18.95099779393229,20.35078973629601
2024-04-08,1.284996933009846,-0.35934795975019057,0.2697379962324871,-7.094561522803624,-19.310345753682483,20.620527732528497
2024-04-09,0.23158023241860598,1.6625031900524747,0.30162207577465305,-6.862981290385018,-17.647842563630007,20.92214980830315
2024-04-11,1.7385085024113003,-0.8359781772865674,0.6562396490567314,-5.124472787973717,-18.483820740916574,21.578389457359883
2024-04-12,-1.310431531811168,0.08362268104106833,-0.7823202060027322,-6.434904319784885,-18.400198059875507,20.79606925135715
2024-04-15,0.8380022202726753,0.12724327741589703,0.24470700740113388,-5.59690209951221,-18.27295478245961,21.04077625875828
2024-04-16,0.9002396066099366,1.4792855302932728,-0.27146543191494565,-4.6966624929022736,-16.79366925216634,20.769310826843338
2024-04-17,0.13358629510222197,-1.26739877264658,0.11499383564425078,-4.563076197800052,-18.06106802481292,20.884304662487587
2024-04-18,-1.327803040128355,-0.6388763870354386,0.20202083972765233,-5.890879237928407,-18.699944411848357,21.08632550221524
2024-04-19,0.7122382899517321,0.10531647401310212,1.1846651358364049,-5.178640947976675,-18.594627937835256,22.270990638051643
2024-04-22,1.288982333269172,-0.3664429123159054,-0.38057418018883554,-3.8896586147075025,-18.96107085015116,21.89041645786281
2024-04-23,-0.2895593394235069,0.028627500140674954,-1.4939571621476695,-4.179217954131009,-18.932443350010484,20.39645929571514
2024-04-24,0.44570464776965524,0.26998084238268905,0.3671945788040258,-3.733513306361354,-18.662462507627794,20.763653874519164
2024-04-25,1.2015261072751413,-0.8609097529473678,-0.7837783566317268,-2.5319871990862124,-19.52337226057516,19.979875517887436
2024-04-26,-0.31148458590285066,-0.3420166510823574,-0.6995952671030521,-2.843471784989063,-19.86538891165752,19.280280250784383
2024-04-29,0.37689352124534636,0.16805854612404847,0.3818078398002339,-2.466578263743717,-19.69733036553347,19.662088090584618
2024-04-30,-1.0615268914260252,-1.6211463649807705,0.9775870982247853,-3.528105155169742,-21.31847673051424,20.639675188809402
2024-05-02,-0.5864841667926209,3.364260812011027,-0.042753890876951195,-4.114589321962363,-17.954215918503216,20.59692129793245
2024-05-03,-0.5290177162236882,0.2984732339406719,0.8791316035213765,-4.643607038186051,-17.655742684562544,21.476052901453826
2024-05-07,-1.563455430768846,-0.46568262159209545,-0.17501704897183137,-6.207062468954897,-18.121425306154638,21.301035852481995
2024-05-08,-0.19645085163754514,0.30253169323695916,0.16782161158247313,-6.403513320592442,-17.81889361291768,21.468857464064467
2024-05-09,0.617202788255813,-0.28787754235298346,-1.0504875265674523,-5.786310532336628,-18.106771155270664,20.418369937497015
2024-05-10,-0.4630901027792142,-0.8796167533223398,0.48763367580921513,-6.249400635115842,-18.986387908593002,20.90600361330623
2024-05-13,0.32473234390566297,-0.5383773170653839,0.08773092375717442,-5.924668291210179,-19.524765225658385,20.993734537063403
2024-05-14,-0.20857262618674666,0.23441904346948955,0.45755580643222393,-6.133240917396925,-19.290346182188895,21.45129034349563
2024-05-16,-2.07783555742156,0.4390410322726338,0.1390857407322919,-8.211076474818485,-18.85130514991626,21.59037608422792
2024-05-17,0.03736916362365482,0.15090203790016612,0.020731381782511184,-8.17370731119483,-18.700403112016094,21.61110746601043
2024-05-20,1.0399618561702688,-0.08849059363407114,-0.7916507968285743,-7.133745455024561,-18.788893705650164,20.819456669181857
2024-05-21,-0.3219028841601619,0.15512658592966416,0.7867998605687443,-7.455648339184723,-18.6337671197205,21.606256529750603
2024-05-22,-0.3242443697986064,0.02641265859247713,0.5876093453081092,-7.779892708983329,-18.607354461128022,22.193865875058712
2024-05-23,-0.16707311396302243,-0.4242328696949427,-0.616244997020903,-7.946965822946352,-19.031587330822965,21.57762087803781
2024-05-24,0.8345996046032402,-0.1484269860510278,-0.5978550622383734,-7.112366218343111,-19.180014316873994,20.979765815799436
2024-05-27,-0.2764033360763088,0.18945404651073075,-0.11120138418847163,-7.3887695544194205,-18.990560270363265,20.868564431610963
2024-05-28,-0.404402410625076,0.643934218685355,-0.2724127865242006,-7.793171965044497,-18.34662605167791,20.596151645086763
2024-05-29,1.031976054228195,-0.060137777063610134,-0.253914648347076,-6.761195910816301,-18.406763828741518,20.342236996739686
2024-05-30,0.4950024557743537,-0.07266757709843079,-0.10881753517046107,-6.266193455041948,-18.47943140583995,20.233419461569223
2024-05-31,0.28871373041721377,-1.0162731390515851,-0.14870437863753824,-5.977479724624734,-19.495704544891534,20.084715082931684
2024-06-03,-1.1255639122454209,0.8453794754886322,1.3533129080206707,-7.103043636870155,-18.650325069402903,21.438027990952353
2024-06-04,-1.3700701295820514,1.1336263507058404,0.29792709805163325,-8.473113766452206,-17.516698718697064,21.735955089003987
2024-06-05,-0.9634189680760199,-0.351900217993881,-0.699510432817465,-9.436532734528226,-17.868598936690944,21.03644465618652
2024-06-07,-1.0224315934360555,-1.6683380565985226,0.14846221593915437,-10.458964327964281,-19.536936993289466,21.184906872125676
2024-06-10,1.188526720842478,-0.2344191135578851,0.3929282822768542,-9.270437607121803,-19.77135610684735,21.577835154402532
2024-06-11,-0.37963779133245124,0.17732945545981627,-0.21049406052662067,-9.650075398454254,-19.594026651387534,21.36734109387591
2024-06-12,-0.9292544532854848,0.7074138979134427,0.1453189611495133,-10.579329851739738,-18.88661275347409,21.512660055025425
2024-06-13,-0.8353898643657527,0.49880219419257915,-0.009177552846410052,-11.414719716105491,-18.38781055928151,21.503482502179015
2024-06-14,-0.8109835647342468,0.5530096177805073,0.05966516640196874,-12.225703280839738,-17.834800941501005,21.563147668580985
2024-06-17,-0.6182021169963402,0.008290236949723244,-0.9548899528438483,-12.843905397836078,-17.826510704551282,20.608257715737135
2024-06-18,-0.1411357120266914,-0.03691484505298604,0.8335365228993888,-12.98504110986277,-17.86342554960427,21.441794238636525
2024-06-19,-1.2415086628624752,0.04421539525185664,0.12102127496287438,-14.226549772725246,-17.81921015435241,21.5628155135994
2024-06-20,0.8964382874653435,-0.2465105723469305,-0.3377373578120199,-13.330111485259902,-18.065720726699343,21.22507815578738
2024-06-21,-0.3446099935519953,-0.7473162868523178,-0.919230577765598,-13.674721478811897,-18.81303701355166,20.30584757802178
2024-06-24,0.31049538326739995,0.14606624913924288,0.4979682625258322,-13.364226095544497,-18.66697076441242,20.80381584054761
2024-06-25,0.09158110914910046,-0.3685583417560933,-0.1546635713051203,-13.272644986395397,-19.03552910616851,20.64915226924249
2024-06-26,0.2213975630905301,0.4309969561048282,0.1636137355035095,-13.051247423304867,-18.604532150063683,20.812766004746
2024-06-27,0.4272225678896637,-0.14413472028539892,-0.6902478439745098,-12.624024855415204,-18.748666870349084,20.122518160771488
2024-06-28,-0.8422039783120561,-0.5755610387468066,-0.4111755456798491,-13.46622883372726,-19.32422790909589,19.711342615091638
2024-07-01,0.6858071440066509,1.5851875238396043,0.46923773776759964,-12.78042168972061,-17.739040385256285,20.180580352859238
2024-07-02,-0.7972985444636996,0.597382120965394,-0.9534527745157068,-13.57772023418431,-17.14165826429089,19.22712757834353
2024-07-03,-0.4154461128323902,-0.3802260820315861,0.153598875645908,-13.9931663470167,-17.521884346322476,19.38072645398944
2024-07-04,-0.816579850055433,-0.16181471675488887,-0.025104860401618353,-14.809746197072133,-17.683699063077366,19.35562159358782
2024-07-05,-0.27632445832301966,-0.44610455008121574,0.38870636064164527,-15.086070655395153,-18.129803613158582,19.744327954229465
2024-07-08,-0.36344375830481157,0.8011892720831746,0.25153591856465785,-15.449514413699964,-17.328614341075408,19.995863872794125
2024-07-09,-0.29280595346310456,1.1747637600052576,0.18325089457133556,-15.74232036716307,-16.15385058107015,20.179114767365462
2024-07-10,0.00014295533227091863,-0.6803933081527402,0.08502937101127096,-15.742177411830799,-16.83424388922289,20.264144138376732
2024-07-11,0.9065486046604488,-1.0439995423580177,0.8006764003698608,-14.83562880717035,-17.87824343158091,21.06482053874659
2024-07-12,-1.4796052638481483,0.030242486358368768,-0.108749590754714,-16.315234071018498,-17.84800094522254,20.95607094799188
2024-07-15,-0.20925813898120202,0.3928566684334033,-0.9383597012259632,-16.5244922099997,-17.455144276789138,20.017711246765916
2024-07-16,-1.013997324954503,0.5355315457783784,-0.0625283622479512,-17.538489534954202,-16.91961273101076,19.955182884517964
2024-07-17,0.0038032352814455334,-0.6516479924832311,1.0115475217601542,-17.534686299672757,-17.57126072349399,20.966730406278117
2024-07-18,0.015564683219656508,-0.09053857492178838,0.6293240876759958,-17.5191216164531,-17.661799298415776,21.596054493954114
2024-07-19,0.3975578901919544,-0.8055697696635297,0.030170333276530657,-17.121563726261144,-18.467369068079307,21.626224827230644
2024-07-22,-0.23469702405806178,1.1014280675148853,0.2713545115695028,-17.356260750319205,-17.365941000564423,21.897579338800146
2024-07-23,0.4121590063162503,-0.7687211602443814,-0.048089418242676325,-16.944101744002953,-18.134662160808805,21.84948992055747
2024-07-24,-0.8808441577586876,0.49363483856769813,-0.32772406922317765,-17.82494590176164,-17.641027322241108,21.521765851334294
2024-07-25,-0.2233478711322119,-0.5728231859711731,-0.5680209833806329,-18.048293772893853,-18.213850508212282,20.95374486795366
2024-07-26,-0.26665874846412113,0.32798583924719016,-0.03156863752701465,-18.314952521357974,-17.88586466896509,20.922176230426643
2024-07-29,-1.388533160331208,0.7125397340345923,0.11203094527122444,-19.70348568168918,-17.1733249349305,21.03420717569787
2024-07-30,0.17123529433455242,-0.14192544802778417,0.4907308160768102,-19.53225038735463,-17.315250382958283,21.524937991774678
2024-07-31,0.2673956964428927,-0.2936699518469532,0.07413970611617354,-19.264854690911736,-17.608920334805237,21.599077697890852
2024-08-01,-0.904879203014192,0.36816037155652426,0.1182114924584617,-20.16973389392593,-17.240759963248713,21.717289190349312
2024-08-02,-0.9923224759495831,-0.5575182768389084,0.08770383440119851,-21.16205636987551,-17.798278240087622,21.804993024750512
2024-08-05,-2.6441097359131516,-0.006052641087886779,-2.570742368855891,-23.806166105788662,-17.80433088117551,19.23425065589462
2024-08-06,2.864986396568797,0.24670220995886616,1.2109300649830408,-20.941179709219867,-17.557628671216644,20.445180720877662
2024-08-07,-0.13521607153200194,0.9649632131846654,0.25029581850417904,-21.07639578075187,-16.59266545803198,20.69547653938184
2024-08-08,-0.2902433413995412,-0.845312734581542,-0.5712137396193004,-21.366639122151412,-17.43797819261352,20.12426279976254
2024-08-09,0.46290778570131585,0.03125417129734665,0.3029417207138574,-20.903731336450097,-17.406724021316172,20.427204520476398
2024-08-12,-0.19924228389447435,-0.026772076186770757,0.4860549924322848,-21.10297362034457,-17.433496097502942,20.91325951290868
2024-08-13,-0.6657389108687413,-0.8210384218599484,0.03018353649747688,-21.76871253121331,-18.254534519362892,20.94344304940616
2024-08-14,-0.8803698162897468,0.3682648022746426,0.3155169900385901,-22.649082347503057,-17.88626971708825,21.258960039444748
2024-08-16,0.6974081410971391,0.1182313680858844,0.39953694301235837,-21.95167420640592,-17.768038349002367,21.658496982457105
2024-08-19,0.17739051110936851,0.2807982129927637,-0.24992819327342172,-21.77428369529655,-17.487240136009603,21.408568789183683
2024-08-20,0.5455611445279505,0.2813044046303995,-0.5341104501640755,-21.228722550768598,-17.205935731379203,20.874458339019608
2024-08-21,0.0002016659643640191,-0.22235403789385488,-0.33491624521255614,-21.228520884804233,-17.428289769273057,20.53954209380705
2024-08-22,-0.4549424283105449,-0.021273210488626734,-0.903646092235517,-21.68346331311478,-17.449562979761684,19.635896001571535
2024-08-23,0.4596673710987646,0.27333267149482526,-0.03876828905471694,-21.223795942016014,-17.17623030826686,19.59712771251682
2024-08-26,-0.6868040456172667,-0.08098535467080478,-0.219578560113523,-21.91059998763328,-17.257215662937664,19.377549152403297
2024-08-27,1.755906527213017,0.34225588640085164,-0.6672854564229861,-20.154693460420262,-16.91495977653681,18.710263695980313
2024-08-28,-0.36554593627667586,0.08116660059491815,-0.4374124843974144,-20.520239396696937,-16.833793175941892,18.2728512115829
2024-08-29,0.47120450941281034,0.058012175427636224,0.06625070345582573,-20.049034887284126,-16.775781000514257,18.339101915038725
2024-08-30,0.14628736459937255,-0.706799991501775,0.33353468984101503,-19.902747522684752,-17.482580992016032,18.67263660487974
2024-09-02,0.826063004012376,0.41097669283385213,0.11295731106503806,-19.076684518672376,-17.07160429918218,18.78559391594478
2024-09-03,0.08644214149547946,0.25880498511221034,-0.6579222224320215,-18.990242377176898,-16.81279931406997,18.12767169351276
2024-09-04,-1.3219733475112736,-0.22567275112216703,-0.15888382291469128,-20.312215724688173,-17.03847206519214,17.968787870598067
2024-09-05,-0.5166613928826144,-0.42302167112260347,-0.520390872761029,-20.828877117570787,-17.461493736314743,17.448396997837037
2024-09-06,-1.0746372402005846,-0.13540967246633062,0.8697238644941419,-21.90351435777137,-17.596903408781074,18.318120862331178
2024-09-09,0.7571936954799173,-0.1199633200119433,-0.5851601400890801,-21.146320662291455,-17.71686672879302,17.732960722242098
2024-09-10,-1.6524686450973418,2.9075916017939027,2.735257228209425,-22.798789307388798,-14.809275126999115,20.46821795045152
2024-09-11,-1.456800364713625,-1.170167978141111,-0.01665718516394138,-24.255589672102424,-15.979443105140225,20.45156076528758
2024-09-12,0.5085833811441187,-1.9461025314858569,2.014582861924154,-23.747006290958304,-17.925545636626083,22.466143627211736
2024-09-13,-1.2681141245555863,0.8162986103435804,-0.8147973414881544,-25.01512041551389,-17.109247026282503,21.65134628572358
2024-09-19,1.2127073551112806,0.41248781891781955,-1.7901405035041464,-23.80241306040261,-16.696759207364682,19.861205782219432
2024-09-20,0.0023494369591288925,0.22132865067745364,-0.08463418631647628,-23.80006362344348,-16.47543055668723,19.776571595902958
2024-09-23,0.7019532504081469,0.11270493803264335,-0.01660358936885483,-23.098110373035336,-16.362725618654586,19.759968006534102
2024-09-24,-0.047492509895326114,-0.16890038220114717,-0.31605030896617964,-23.145602882930664,-16.531626000855734,19.443917697567922
2024-09-25,-0.6994151093244033,0.027843437609711093,-0.5870866158931668,-23.845017992255066,-16.503782563246023,18.856831081674756
2024-09-26,-0.029780453289994426,-0.3738860427855748,-0.11702247939321009,-23.87479844554506,-16.877668606031598,18.739808602281546
2024-09-27,0.01478600908267803,-0.05613678803404278,1.0689404562259601,-23.860012436462384,-16.93380539406564,19.808749058507505
2024-09-30,-0.20947757556558122,-1.3156069350402908,-0.11258057792150371,-24.069490012027966,-18.24941232910593,19.696168480586003
2024-10-02,-1.305524315285091,1.87624621457003,1.1269797309796943,-25.375014327313057,-16.3731661145359,20.823148211565698
2024-10-04,1.1816153198258366,0.31987317019446887,0.1863635356628387,-24.19339900748722,-16.05329294434143,21.009511747228537
2024-10-07,2.7344551371314747,0.412323010842593,1.2972610981764132,-21.458943870355746,-15.640969933498836,22.30677284540495
2024-10-08,-0.622738959732104,-0.18644961602842372,0.03215452007204609,-22.08168283008785,-15.82741954952726,22.338927365476994
2024-10-10,0.1691779431453136,-0.6553933837010337,1.3774466183100227,-21.912504886942536,-16.482812933228296,23.716373983787015
2024-10-11,-0.27672978412229865,4.152842494372523,-0.5319406581399841,-22.189234671064835,-12.329970438855772,23.18443332564703
2024-10-14,0.028651947814535905,0.11482856913007974,-0.6339330277375289,-22.1605827232503,-12.215141869725693,22.5505002979095
2024-10-15,-0.6168820847142331,0.288031852687494,-0.8406320301740408,-22.777464807964535,-11.9271100170382,21.70986826773546
2024-10-16,-0.8750218688345445,0.17281254961654036,-0.04226461776285729,-23.65248667679908,-11.754297467421658,21.6676036499726
2024-10-17,0.5668105571070184,0.07913331479218053,-0.2737183989368925,-23.08567611969206,-11.675164152629478,21.39388525103571
2024-10-18,0.6914435556748165,-0.004035351112791877,-0.6762001716754378,-22.394232564017244,-11.67919950374227,20.717685079360272
2024-10-21,-0.1979635898232991,0.26687276272521765,-0.12745871850479765,-22.592196153840543,-11.412326741017052,20.590226360855475
2024-10-22,1.256868592694327,-0.04075433185575842,-0.23688653448775981,-21.335327561146215,-11.453081072872811,20.353339826367716
2024-10-23,-0.14832429047727555,-0.02854513724453148,0.11148184583491091,-21.483651851623492,-11.481626210117343,20.464821672202625
2024-10-24,-1.1508494497255435,-0.10064246215318076,-0.4307953998357935,-22.634501301349037,-11.582268672270523,20.03402627236683
2024-10-25,-0.2648988982334117,-0.10469430368772466,-0.30701904990309725,-22.89940019958245,-11.686962975958247,19.727007222463733
2024-10-28,1.2728548838686635,0.10521516696218185,0.5905749080718071,-21.626545315713784,-11.581747808996065,20.31758213053554
2024-10-29,0.0994497180300821,0.2528499826070487,-0.37801285933695766,-21.5270955976837,-11.328897826389015,19.939569271198582
2024-10-30,-0.21740437861065096,-0.018700302817422087,0.3600805721668737,-21.744499976294353,-11.347598129206437,20.299649843365454
2024-10-31,-0.23700348042917746,-0.34580134145259167,0.47712075100399853,-21.98150345672353,-11.69339947065903,20.776770594369452
2024-11-01,-0.04755211594139824,1.0663465025144103,0.07144300431738483,-22.029055572664927,-10.62705296814462,20.848213598686836
2024-11-04,0.12111690800477301,0.08533185023852378,-0.8416380796441097,-21.907938664660154,-10.541721117906096,20.006575519042727
2024-11-05,-0.6413448045409774,0.7258091280361629,0.5066039301383556,-22.549283469201132,-9.815911989869933,20.51317944918108
2024-11-06,1.1288869601187108,-0.8559320356489662,0.21908920252084316,-21.420396509082423,-10.671844025518899,20.732268651701926
2024-11-07,-0.8888695538511855,-0.3890978108970261,-0.5768025749009882,-22.30926606293361,-11.060941836415925,20.155466076800938
2024-11-08,-0.8708685756908133,-0.24933487220979625,-0.3022147983000972,-23.180134638624423,-11.310276708625722,19.853251278500842
2024-11-11,0.0007809743217666534,-0.04862838475823817,0.6745013819648782,-23.179353664302656,-11.35890509338396,20.52775266046572
2024-11-12,-0.47345354887757196,0.09327820980327543,0.7326345910899148,-23.65280721318023,-11.265626883580685,21.260387251555635
2024-11-13,0.9279356556551124,-0.044630340288217704,0.361300978369597,-22.724871557525116,-11.310257223868902,21.621688229925233
2024-11-14,0.14844756129620856,0.19616154479825856,-0.8834931760724001,-22.576423996228907,-11.114095679070644,20.738195053852834
2024-11-15,0.18874987362666812,0.041333761804607926,0.15490027511195847,-22.387674122602238,-11.072761917266035,20.893095328964794
2024-11-18,-0.42281882934597365,-0.0406772025433688,-0.5787230946483531,-22.810492951948213,-11.113439119809405,20.31437223431644
2024-11-19,-0.6210390797045188,0.09968549656618418,-0.24809271320312687,-23.431532031652733,-11.01375362324322,20.066279521113312
2024-11-20,-0.4301900396585477,-0.05402396676504518,0.04110369622670115,-23.86172207131128,-11.067777590008266,20.107383217340015
2024-11-21,-1.2161048646702137,-0.05993030242340805,0.6438161499791973,-25.077826935981495,-11.127707892431674,20.751199367319213
2024-11-22,-0.21915893694235708,-0.2296547696073273,-0.2950446862326632,-25.29698587292385,-11.357362662039002,20.45615468108655
2024-11-25,-1.0271925282908512,-0.07496568512379477,-0.45604681834787386,-26.324178401214702,-11.432328347162796,20.000107862738673
2024-11-26,-0.2993716519492408,0.4230503030009275,0.33324393010701137,-26.623550053163942,-11.009278044161869,20.333351792845683
2024-11-27,-0.6872717748871638,0.08841679287103803,-0.20630557187316564,-27.310821828051107,-10.92086125129083,20.127046220972517
2024-11-28,-2.4508469157132184,4.205816532732977,-0.10816094869243077,-29.761668743764325,-6.715044718557853,20.018885272280087
2024-11-29,-1.1121391585386775,-0.13562289098023447,0.8160683520823061,-30.873807902303003,-6.850667609538087,20.834953624362395
2024-12-02,-1.2061197342212115,0.6660898793169073,-0.23519782886875878,-32.07992763652422,-6.1845777302211795,20.599755795493635
2024-12-03,0.109017323908132,0.2601586785267637,0.82353123200469,-31.970910312616088,-5.924419051694416,21.423287027498326
2024-12-04,0.795931839180623,-0.35343623538454744,0.3876506303186383,-31.174978473435466,-6.277855287078964,21.810937657816964
2024-12-05,-0.6121242368159953,0.5442184677926966,0.06960623297139604,-31.78710271025146,-5.733636819286267,21.88054389078836
2024-12-06,0.09726586619958466,-0.23313171540172317,0.9401596595487679,-31.689836844051875,-5.96676853468799,22.82070355033713
2024-12-09,-1.5007943488798536,0.0741279961876611,0.9317380223322438,-33.190631192931725,-5.892640538500329,23.752441572669373
2024-12-10,-0.3580303224739744,1.4984333913495458,-0.6766323398843667,-33.5486615154057,-4.394207147150783,23.075809232785005
2024-12-11,0.6088231488438832,-0.7095921986546319,-0.4367000340453239,-32.939838366561816,-5.103799345805415,22.639109198739682
2024-12-12,0.08090239283906912,-0.7391136187151419,0.45033318091844754,-32.858935973722744,-5.842912964520557,23.08944237965813
2024-12-13,-0.5542128456179505,0.0740904397145692,1.375815927322677,-33.41314881934069,-5.768822524805987,24.465258306980807
2024-12-16,1.2700115603642756,-0.06674438533676547,-2.8219385333441505,-32.14313725897642,-5.835566910142752,21.643319773636655
2024-12-17,1.8211434998198412,0.22371188625008104,-0.45033528776006837,-30.321993759156577,-5.611855023892671,21.192984485876586
2024-12-18,-1.383692527164389,-0.11122049995530653,-2.8139596087228336,-31.705686286320965,-5.723075523847978,18.379024877153753
2024-12-19,1.6333595984558742,-0.31905659305690465,0.9605391784215416,-30.07232668786509,-6.042132116904883,19.339564055575295
2024-12-20,0.9346503128700351,-1.3795675881932707,-0.17092377344811277,-29.137676374995056,-7.4216997050981535,19.168640282127182
2024-12-23,-0.5431974568075313,0.05218669671525977,0.5985205025259117,-29.680873831802586,-7.369513008382894,19.767160784653093
2024-12-24,0.9915032107410441,0.7145265739882325,-1.391693222985153,-28.689370621061542,-6.654986434394662,18.37546756166794
2024-12-26,0.4179692609748084,-1.8439166839962642,-0.40297533793044193,-28.271401360086735,-8.498903118390926,17.972492223737497
2024-12-27,-0.09043238193782344,1.208970915451769,-2.369309378876877,-28.361833742024558,-7.289932202939157,15.60318284486062
2024-12-30,-0.41503644329858913,0.8211865124306493,-0.7421982899441038,-28.776870185323148,-6.468745690508508,14.860984554916515
2024-12-31,-0.07779194616635003,-5.379970923398696,-0.16756292641426565,-28.854662131489498,-11.848716613907204,14.693421628502248
2025-01-02,-2.419664332314173,6.055654967239336,1.3112516173955542,-31.27432646380367,-5.7930616466678675,16.004673245897802
2025-01-03,-0.6652635630576305,1.2541994830116527,-0.2627820793888576,-31.939590026861303,-4.538862163656215,15.741891166508944
2025-01-06,0.9033792626109224,-1.293644867788765,0.4973522646048191,-31.03621076425038,-5.83250703144498,16.239243431113763
2025-01-07,-0.5889646637064092,0.6378003395900015,-0.03525919604712496,-31.62517542795679,-5.194706691854978,16.20398423506664
2025-01-08,-0.22996937553584856,-0.04629624557378475,0.22577820014255995,-31.85514480349264,-5.241002937428762,16.4297624352092
2025-01-09,-0.42725139190330247,-1.4981915848897078,0.028291450049289377,-32.28239619539594,-6.73919452231847,16.458053885258487
2025-01-10,1.1172733541934297,-0.03442773988944375,1.2326438296310716,-31.16512284120251,-6.773622262207914,17.69069771488956
2025-01-13,1.3793436376019153,0.3460381212576987,1.6569718540134828,-29.785779203600594,-6.427584140950215,19.347669568903044
2025-01-14,-0.7016590346708512,1.4999376823369668,1.3273351200308545,-30.487438238271444,-4.927646458613248,20.6750046889339
2025-01-15,0.5434488109100504,-0.33784356430300094,0.9956413496229718,-29.943989427361394,-5.265490022916249,21.67064603855687
2025-01-16,-1.0333677434201338,-1.230486995229862,-1.2714313649753848,-30.977357170781527,-6.495977018146111,20.399214673581486
2025-01-17,-0.4240142115868599,0.06355105507421256,-1.2467522214152935,-31.40137138236839,-6.432425963071899,19.152462452166194
2025-01-20,0.7048903499037028,-0.7827658769542576,0.3674389895317926,-30.696481032464686,-7.215191840026156,19.519901441697986
2025-01-21,-0.8050775359809428,-0.553753304454061,-0.9665551808587706,-31.501558568445628,-7.768945144480217,18.553346260839216
2025-01-22,0.25666723220646426,0.6473061213532278,-0.06553970555532429,-31.244891336239164,-7.121639023126988,18.487806555283893
2025-01-23,0.49517730616877625,0.3607453855213304,-1.6352920652875333,-30.749714030070386,-6.760893637605658,16.85251448999636
2025-01-24,0.243952179430386,-0.04773211485367514,-0.6659908625809041,-30.50576185064,-6.808625752459333,16.186523627415454
2025-01-31,-0.058773965456174734,0.33513735891683516,0.15492414766390414,-30.564535816096175,-6.473488393542498,16.34144777507936
2025-02-03,-0.40980087878354077,1.7288074261480701,0.6290017701853762,-30.974336694879717,-4.7446809673944275,16.970449545264735
2025-02-04,0.22754194570054817,1.3939909816490088,0.33765827156540706,-30.74679474917917,-3.3506899857454187,17.30810781683014
2025-02-05,-0.637141814903294,-1.2002820289851814,1.0884566727667981,-31.383936564082465,-4.5509720147306005,18.39656448959694
2025-02-06,-0.38528685039287275,-0.426936092551671,0.6695376399527245,-31.769223414475338,-4.977908107282271,19.066102129549666
2025-02-07,0.8541302985927672,-0.3930248941899525,1.1812268684844227,-30.91509311588257,-5.370933001472224,20.24732899803409
2025-02-10,-0.05708179432848142,-0.16016444063733182,-0.19609465969863768,-30.972174910211052,-5.531097442109556,20.05123433833545
2025-02-11,0.13235369982859993,0.2481897708920427,-0.2901989726697195,-30.839821210382453,-5.282907671217513,19.76103536566573
2025-02-12,0.5163104220345934,-0.20314786054233122,0.0467672338985299,-30.32351078834786,-5.4860555317598445,19.807802599564262
2025-02-13,-0.12557581523590763,-0.3609150715258456,-0.837970813699612,-30.44908660358377,-5.8469706032856905,18.96983178586465
2025-02-14,-0.5124904213168281,-0.040875053556976924,0.016292492311735282,-30.961577024900595,-5.887845656842668,18.986124278176383
2025-02-17,0.36425792040883126,0.7793815882119701,0.09924055522767955,-30.597319104491763,-5.108464068630697,19.085364833404064
2025-02-18,0.2282744944164422,0.31307761255069677,0.8111874370255103,-30.36904461007532,-4.79538645608,19.896552270429574
2025-02-19,-0.22159080574489584,0.963528126537097,-0.08011943322406344,-30.590635415820216,-3.831858329542903,19.81643283720551
2025-02-20,0.09970025878733726,-0.7859504836746601,-0.3485063146948733,-30.49093515703288,-4.617808813217564,19.467926522510638
2025-02-21,-0.4730950106326315,0.1853398188490869,0.11549287467808417,-30.964030167665513,-4.4324689943684765,19.58341939718872
2025-02-24,-0.49122861699130993,-0.7117022247184773,0.546278177125007,-31.455258784656824,-5.144171219086954,20.129697574313727
2025-02-25,-0.3623592495225391,3.7553378361804004,-0.4955168594814222,-31.81761803417936,-1.3888333829065536,19.634180714832304
2025-02-26,-0.7522704518382213,0.9388412499775611,1.0437518978866576,-32.56988848601758,-0.4499921329289924,20.677932612718962
2025-02-27,-0.11298171043573983,-0.2419445440734997,0.5899748271153504,-32.68287019645332,-0.6919366770024922,21.267907439834314
2025-02-28,-0.9629138376068799,0.14580063567866366,0.6388625892777623,-33.6457840340602,-0.5461360413238285,21.906770029112078
2025-03-04,-0.18825461975110716,2.1960208632933327,-1.1200871286294931,-33.834038653811305,1.6498848219695041,20.786682900482585
2025-03-05,1.1515148065176426,-0.7997323478913003,-0.7276769743165786,-32.682523847293666,0.8501524740782038,20.059005926166005
2025-03-06,0.5281951282033488,-0.8187533517052157,0.5294947523732983,-32.154328719090316,0.03139912237298814,20.588500678539305
2025-03-07,-0.7304970911326267,-0.07515317849135476,0.12754815126420596,-32.88482581022294,-0.04375405611836662,20.716048829803512
2025-03-10,0.16085578034184606,0.043816280975999856,-0.3258053236135092,-32.723970029881094,6.222485763323488e-05,20.390243506190004
2025-03-11,-0.8180453864985052,0.31886998062129,0.13609383520484805,-33.5420154163796,0.31893220547892326,20.52633734139485
2025-03-12,-0.14629962717728087,-0.045780221371710283,-0.45999361253345333,-33.68831504355688,0.273151984107213,20.066343728861398
2025-03-13,0.15679182050408758,0.18767978823998738,0.19975531174960381,-33.53152322305279,0.46083177234720035,20.266099040611003
2025-03-14,0.45600461510338514,-0.08568122480261897,0.10818802211908098,-33.075518607949405,0.3751505475445814,20.374287062730083
2025-03-17,-0.030047942722592234,0.12421021316076696,0.44886955540910933,-33.105566550671995,0.49936076070534835,20.823156618139194
2025-03-18,-0.28449644623175113,-0.06672523317980493,0.5219128399920909,-33.390062996903744,0.4326355275255434,21.345069458131285
2025-03-19,0.34408313959035913,0.1646434748666906,0.8134548359127696,-33.045979857313384,0.597279002392234,22.158524294044053
2025-03-20,-0.47456499403339253,-0.30977886447504527,-0.007394390860735844,-33.52054485134678,0.2875001379171887,22.151129903183318
2025-03-21,0.1091275492700826,0.1038550567477734,-0.1252695518917528,-33.41141730207669,0.3913551946649621,22.025860351291566
2025-03-24,0.4802810469447618,0.1676627248432433,-0.4219132668751084,-32.93113625513193,0.5590179195082055,21.603947084416458
2025-03-25,0.2429343966260345,0.0546582183084384,-0.048206607710903016,-32.6882018585059,0.6136761378166439,21.555740476705555
2025-03-26,0.37601060200963093,0.29223785424217663,-0.4985349647200352,-32.31219125649627,0.9059139920588205,21.05720551198552
2025-03-27,-0.16393098367410147,0.039621665252410475,0.22377776253616866,-32.47612224017037,0.945535657311231,21.280983274521688
2025-03-28,0.09902254108172188,0.004005493203320034,-0.11879224263831935,-32.377099699088646,0.949541150514551,21.162191031883367
2025-03-31,-1.4319509762931544,-0.8321821850094052,-0.539773211416941,-33.8090506753818,0.1173589655051458,20.622417820466428
2025-04-01,0.46160147888195235,0.708785736079871,-0.4002655295554052,-33.347449196499845,0.8261447015850168,20.222152290911023
2025-04-02,-0.33568928524495245,-0.221608308632132,0.7243269676311989,-33.6831384817448,0.6045363929528849,20.946479258542222
2025-04-03,-0.9568617547131714,-0.22925941766952043,-1.1529448102402358,-34.64000023645797,0.37527697528336446,19.793534448301987
2025-04-04,-1.345187178080314,0.07541208567131827,-1.143420815307359,-35.98518741453829,0.45068906095468275,18.65011363299463
2025-04-07,-1.3158860584567527,-0.3266359297924109,-0.11352627008711756,-37.30107347299504,0.12405313116227185,18.53658736290751
2025-04-08,0.6592663913254904,1.3234076352667787,-1.1598237576531198,-36.641807081669555,1.4474607664290506,17.376763605254393
2025-04-09,0.8418429989338929,-0.4973244044350752,-0.7147797819800245,-35.79996408273566,0.9501363619939754,16.66198382327437
2025-04-10,-0.40439852417116673,-0.9329061000509199,0.10563986000103723,-36.20436260690683,0.017230261943055547,16.767623683275406
2025-04-11,-0.14524082336677796,0.14046746688577613,-0.8536750886434069,-36.3496034302736,0.15769772882883168,15.913948594632
2025-04-14,-0.26218239941865645,0.16434706663725854,0.5264027765190796,-36.61178582969226,0.3220447954660902,16.44035137115108
2025-04-15,-0.5000624901044646,0.35285394549462507,0.6475143836949162,-37.11184831979672,0.6748987409607152,17.087865754845996
2025-04-16,-0.9683956034615914,0.090457073621172,-0.18014567567363074,-38.080243923258315,0.7653558145818873,16.907720079172364
2025-04-17,0.5278486983786603,-0.5139808037903508,0.21209036768245554,-37.55239522487965,0.25137501079153646,17.11981044685482
2025-04-18,-0.6202195472756501,0.04293991914386156,-0.1187848478378681,-38.172614772155306,0.29431492993539804,17.001025599016952
2025-04-21,-0.4818193925301175,0.08240810516329422,-0.5019598386196924,-38.654434164685426,0.37672303509869226,16.499065760397258
2025-04-22,0.33014604870536046,0.02160489431778738,-1.101753502346828,-38.32428811598007,0.39832792941647965,15.39731225805043
2025-04-23,-0.1773410369518426,0.01906135421805273,0.326841944664365,-38.50162915293191,0.41738928363453237,15.724154202714795
2025-04-24,0.2810006080252802,-0.1704415354565522,-0.4798779100661109,-38.22062854490663,0.24694774817798018,15.244276292648683
2025-04-25,-0.9701067471580089,0.08190779247688484,-0.21816626504981276,-39.19073529206464,0.328855540654865,15.02611002759887
2025-04-28,0.14163985509449362,0.5447475291306977,0.36765182350601844,-39.04909543697014,0.8736030697855627,15.393761851104887
2025-04-29,0.24335965619964814,-0.2659555709456425,-0.7750535598099734,-38.80573578077049,0.6076474988399202,14.618708291294913
2025-04-30,-0.9782223188742375,-0.27332352915915276,-0.44063123467204074,-39.78395809964473,0.33432396968076744,14.178077056622872
2025-05-02,0.35423739309484764,0.6092116478344659,0.33418106971882866,-39.42972070654988,0.9435356175152334,14.5122581263417
2025-05-07,-0.1405690029386667,0.3160940822802635,-1.2912524313414795,-39.57028970948855,1.259629699795497,13.22100569500022
2025-05-08,0.6287728983686368,-0.43955360483695566,-0.47990771448470293,-38.94151681111991,0.8200760949585413,12.741097980515518
2025-05-09,1.1218765410125777,-0.23342024540740225,0.20415260066599886,-37.819640270107335,0.586655849551139,12.945250581181517
2025-05-12,0.24344369096213583,-0.1980413002433038,-0.8142927714116432,-37.5761965791452,0.38861454930783523,12.130957809769873
2025-05-13,0.779420796331358,-0.0531438473761916,0.7871302047124324,-36.79677578281384,0.33547070193164363,12.918088014482306
2025-05-14,-0.2883898872794741,0.1515217303005625,-0.5700506648833561,-37.08516567009331,0.4869924322322061,12.34803734959895
2025-05-15,0.2277629167387874,0.3418588127773012,0.18180050264659606,-36.85740275335452,0.8288512450095074,12.529837852245546
2025-05-16,-0.9483213870502327,-0.14895902190177207,-0.8031890463350112,-37.805724140404756,0.6798922231077353,11.726648805910534
2025-05-19,1.3694183915714344,0.36081869545657663,-0.38985030874812526,-36.43630574883332,1.040710918564312,11.336798497162409
2025-05-20,-0.8644317176499571,0.02228296878448275,-0.03054270134442811,-37.30073746648328,1.0629938873487947,11.30625579581798
2025-05-21,0.7144387543145844,-0.17665522686606072,-0.35776638935488025,-36.58629871216869,0.886338660482734,10.9484894064631
2025-05-22,-0.05955764521446781,0.16449440435262577,-0.3267781349493697,-36.64585635738316,1.0508330648353599,10.62171127151373
2025-05-23,0.1906769464956147,-0.35877212171612494,-0.09734848639238658,-36.455179410887546,0.6920609431192349,10.524362785121344
2025-05-26,-0.0010527612720175649,0.05270439880307444,0.28555267215312413,-36.45623217215957,0.7447653419223094,10.809915457274467
2025-05-27,-0.7775538660602146,0.3556544188762161,0.7681424429170594,-37.23378603821978,1.1004197607985255,11.578057900191526
2025-05-28,-0.3518185504921977,0.2877448730621127,-0.1081355901998893,-37.58560458871198,1.3881646338606384,11.469922309991636
2025-05-29,0.8579065967848937,3.7960301225035904,-0.11149894765965884,-36.72769799192709,5.184194756364229,11.358423362331978
2025-05-30,0.39136334701404574,-0.6917941425651466,-0.18094001896971998,-36.336334644913045,4.492400613799083,11.177483343362258
2025-06-02,0.07220005486025495,0.9105571203771728,-0.8663747909798404,-36.26413459005279,5.402957734176256,10.311108552382418
2025-06-04,2.4925082759515487,0.403926020882616,-2.1186466865951914,-33.77162631410124,5.806883755058871,8.192461865787227
2025-06-05,-0.309607208124596,0.4672887815242861,0.8874887243143471,-34.08123352222584,6.2741725365831575,9.079950590101573
2025-06-09,-0.3981457354639548,-0.567034462633693,-0.5225435815136852,-34.47937925768979,5.707138073949465,8.557407008587887
2025-06-10,-0.2912685099925492,1.303418514374903,-0.30191785715761443,-34.77064776768234,7.010556588324368,8.255489151430274
2025-06-11,0.2425731927049722,-0.5042806033976232,1.0529653427509194,-34.52807457497737,6.506275984926745,9.308454494181193
2025-06-12,0.058422429113725444,-0.6404976219739219,-0.15969535542253344,-34.46965214586364,5.865778362952823,9.14875913875866
2025-06-13,-0.016001869389181005,-0.4910859024365086,2.0696682102198545,-34.48565401525282,5.374692460516314,11.218427348978514
2025-06-16,0.5458925112804018,0.01720255374825231,0.0414953546534629,-33.93976150397242,5.391895014264567,11.259922703631977
2025-06-17,-0.41924328727984916,0.2748675042262624,-0.22342167602074905,-34.35900479125227,5.666762518490829,11.036501027611228
2025-06-18,0.39083622076374863,-0.08793689710438206,0.5930726288703928,-33.96816857048852,5.578825621386447,11.629573656481622
2025-06-19,0.1279036286076719,0.08894644113320271,-0.34457110633927573,-33.840264941880854,5.66777206251965,11.285002550142346
2025-06-20,-0.05947268880039103,-0.27867698189695633,-0.5200578473853479,-33.899737630681244,5.389095080622694,10.764944702756999
2025-06-23,0.4932487790285474,0.2788649084469161,0.5371039514793932,-33.406488851652696,5.66795998906961,11.302048654236392
2025-06-24,-0.9354925420097087,0.050825813460907206,-0.49787002360865434,-34.34198139366241,5.718785802530517,10.804178630627739
2025-06-25,-0.13343113293654016,0.1086911282342207,0.5020255537234274,-34.47541252659895,5.827476930764738,11.306204184351166
2025-06-26,-0.6515520999893836,0.5621110771721126,0.9402135446056209,-35.12696462658833,6.389588007936851,12.246417728956787
2025-06-27,0.18522501213391626,0.5730889643766096,-1.5816083719068101,-34.94173961445441,6.962676972313461,10.664809357049977
2025-06-30,0.24872191894166604,-1.9813498066888806,-0.7938583023992767,-34.693017695512744,4.98132716562458,9.8709510546507
2025-07-01,-0.5826352474047951,1.3563759388951708,1.80792833317051,-35.27565294291754,6.3377031045197505,11.67887938782121
2025-07-02,0.848272121610763,0.2784031891875737,0.009877526114020782,-34.42738082130678,6.6161062937073245,11.688756913935231
2025-07-03,-0.5855972465462695,-0.20809434342159494,-0.5055148026554634,-35.01297806785305,6.408011950285729,11.183242111279768
2025-07-04,0.48810357789046255,0.0084561259497345,0.2026588401295845,-34.524874489962585,6.416468076235464,11.385900951409353
2025-07-07,0.39684530374521304,-0.059004516301969054,-0.33367493197577436,-34.12802918621737,6.357463559933495,11.052226019433578
2025-07-08,-0.0723241353904742,1.8445466984444134,-0.06169116567182396,-34.20035332160784,8.202010258377909,10.990534853761753
2025-07-09,-0.029261412497028464,-0.7671224029402278,0.1471116114350139,-34.22961473410487,7.434887855437681,11.137646465196767
2025-07-10,-0.9529331126596531,-1.61127512203519,-0.7149281908613878,-35.18254784676452,5.823612733402491,10.422718274335379
2025-07-11,0.10476715962107545,0.4046819918169581,0.812265803351756,-35.077780687143445,6.22829472521945,11.234984077687136
2025-07-14,1.0600078605812842,-0.0335275448626416,-0.321339893636346,-34.01777282656216,6.194767180356808,10.91364418405079
2025-07-15,-0.2886671287786089,0.5931231527494495,0.06985743897727997,-34.306439955340764,6.787890333106258,10.98350162302807
2025-07-16,0.05528533176779976,-0.42984750300373054,-0.45487194525979624,-34.251154623572965,6.358042830102527,10.528629677768274
2025-07-17,0.5730909207058621,0.062134197576371133,-0.26847471092568576,-33.67806370286711,6.420177027678898,10.260154966842588
2025-07-18,-0.5055557431149291,-0.16949119826658995,0.3147039164802952,-34.18361944598204,6.250685829412308,10.574858883322884
2025-07-21,-0.3284575637308412,0.3622270239990477,-0.3860340507450718,-34.51207700971288,6.612912853411356,10.188824832577811
2025-07-22,-0.27053410198572053,-0.2242081422562739,0.739480624498522,-34.7826111116986,6.388704711155082,10.928305457076334
2025-07-23,-0.12387366897748303,0.06397853502497679,-0.18015209705079205,-34.90648478067608,6.452683246180059,10.748153360025542
2025-07-24,0.299601251968371,-0.09572976029152626,-0.12412935173746399,-34.60688352870771,6.356953485888533,10.624024008288078
2025-07-25,0.12285882574635446,-0.11114600622113882,0.468306965685146,-34.48402470296136,6.245807479667394,11.092330973973224
2025-07-28,-0.5125665313970432,0.1784913185477586,-0.18244929962484072,-34.9965912343584,6.424298798215153,10.909881674348384
2025-07-29,-0.0921472729259589,0.12031621064947919,-0.13979862997943615,-35.088738507284354,6.544615008864632,10.770083044368947
2025-07-30,-0.46018014552610687,-0.3060270123196984,0.38680515683223565,-35.548918652810464,6.238587996544934,11.156888201201182
2025-07-31,-0.12606478570766774,0.07878355247482698,-0.029353960453164723,-35.67498343851813,6.317371549019761,11.127534240748018
2025-08-01,0.8846590784215359,0.41630912622229055,-0.5207018446349823,-34.7903243600966,6.733680675242051,10.606832396113035
2025-08-04,-1.3084942358399203,-0.2519463814449338,-0.3090454285597096,-36.09881859593652,6.481734293797118,10.297786967553325
2025-08-05,-0.2054306538967514,0.06624381395295077,0.3079161637562964,-36.30424924983327,6.547978107750068,10.605703131309621
2025-08-06,0.17787568195271675,0.20207242087698032,-0.16266284201352343,-36.12637356788055,6.750050528627049,10.443040289296098
2025-08-07,-0.34066682624527345,-0.2613514748945527,-0.3656192182418778,-36.467040394125824,6.488699053732496,10.07742107105422
2025-08-08,-0.018409983403304343,-0.39452870665200584,0.23327521427410572,-36.485450377529126,6.094170347080491,10.310696285328325
2025-08-11,0.1267225461753527,0.2555688233433051,0.28238006901979334,-36.358727831353775,6.3497391704237955,10.593076354348119
2025-08-12,0.4337911168090226,-0.07291214604666496,-0.3952884892504843,-35.92493671454475,6.2768270243771305,10.197787865097634
2025-08-13,0.06983678874473659,0.2113458833045933,-1.1340254401502452,-35.85509992580001,6.488172907681724,9.06376242494739
2025-08-14,-0.40633422785412887,-0.06884790337238607,0.10818432199389383,-36.26143415365414,6.419325004309338,9.171946746941284
2025-08-18,0.8721441145397377,0.3098032482912827,-0.3305697467634141,-35.38929003911441,6.729128252600621,8.84137700017787
2025-08-19,0.3763473784907525,0.4729392051409288,0.10734298459715882,-35.01294266062365,7.202067457741549,8.948719984775028
2025-08-20,-0.18961901080155041,-0.10684108161517518,0.2669924500002767,-35.2025616714252,7.095226376126374,9.215712434775305
2025-08-21,-0.2000801651413015,-0.32590951475740626,0.2076478348303264,-35.4026418365665,6.769316861368967,9.423360269605633
2025-08-22,0.3884235567331578,-0.2289111486993588,0.047609580235825705,-35.014218279833344,6.5404057126696085,9.470969849841458
2025-08-25,-0.3689364223527228,-0.01898202687768425,-0.6106446669060902,-35.38315470218607,6.521423685791924,8.860325182935368
2025-08-26,0.14552943591428824,0.07496684353704662,-1.1428171131224343,-35.23762526627178,6.59639052932897,7.717508069812934
2025-08-27,-0.664495961977368,0.12599861676501328,0.12211989100951293,-35.90212122824914,6.722389146093984,7.839627960822447
2025-08-28,0.07408898193858728,0.016626865442184512,0.33567540591722883,-35.828032246310556,6.739016011536168,8.175303366739675
2025-08-29,-0.0036471553761039436,-0.2686386159120018,0.5701416209343914,-35.831679401686664,6.470377395624166,8.745444987674066
2025-09-01,0.48935236881378164,0.06704208928580997,-0.6244220582837475,-35.34232703287288,6.537419484909976,8.12102292939032
2025-09-02,0.4505347949714775,0.06929359522917791,-0.018858522610739132,-34.891792237901406,6.606713080139154,8.10216440677958
2025-09-03,0.7152500342909381,-0.1528144690057615,0.11146960921382075,-34.17654220361047,6.4538986111333925,8.213634015993401
2025-09-04,-0.4221669121213033,-0.15211349107480457,0.5829248371548968,-34.59870911573177,6.301785120058588,8.796558853148298
2025-09-05,-0.5126670070071279,-0.12858195239803086,0.07124497645487385,-35.1113761227389,6.1732031676605565,8.867803829603172
2025-09-08,-0.31861308165893626,0.42079862891507736,0.017398825860870097,-35.42998920439784,6.594001796575634,8.885202655464042
2025-09-09,-0.5939296708041049,0.15696530962001554,-0.09253972592254261,-36.02391887520194,6.75096710619565,8.7926629295415
2025-09-10,-0.3112902341296825,0.27955262786238677,0.7333060602179885,-36.33520910933163,7.0305197340580365,9.525968989759487
2025-09-11,-0.29925524715410723,-0.49038192833632077,0.13392803788360733,-36.634464356485736,6.540137805721716,9.659897027643094
2025-09-12,0.0016703607574136477,0.04296827689913038,0.5297837528044631,-36.63279399572832,6.583106082620846,10.189680780447556
2025-09-15,0.22620882337781525,-0.18203970592184665,0.37072125626704183,-36.4065851723505,6.401066376698999,10.560402036714597
2025-09-16,-0.537222693750782,0.48179137996437826,-0.033043889121022844,-36.94380786610129,6.882857756663378,10.527358147593574
2025-09-17,-0.14581734137673963,-0.09844317516897708,0.3400288066807595,-37.08962520747803,6.784414581494401,10.867386954274334
2025-09-18,-0.6241149482143578,-0.1846642528529961,0.4467501689855195,-37.713740155692385,6.599750328641405,11.314137123259853
2025-09-19,0.9088458971563343,0.027405015719360815,0.17133487372956932,-36.80489425853605,6.627155344360766,11.485471996989421
2025-09-22,0.37999959465040856,-0.3041274267716452,0.2929813374750597,-36.424894663885645,6.323027917589121,11.778453334464482
2025-09-23,-0.14646717200158577,0.03009045852457599,-0.14917637777445134,-36.57136183588723,6.353118376113697,11.629276956690031
2025-09-24,0.677748816760435,0.18182782337413106,0.10486442692902319,-35.893613019126796,6.534946199487828,11.734141383619054
2025-09-25,0.8037801635727975,0.07172495134300212,0.5313490044695242,-35.089832855554,6.60667115083083,12.265490388088578
2025-09-26,0.9755653160214508,0.05926689354624478,-0.10144320451892215,-34.11426753953255,6.665938044377075,12.164047183569656
2025-09-29,0.10783447549313241,-0.11999036928748553,-0.178396753992214,-34.00643306403941,6.5459476750895895,11.985650429577442
2025-09-30,0.48122371033635264,-0.8720345059164593,-0.579545656378301,-33.52520935370306,5.67391316917313,11.406104773199141
2025-10-01,0.09740982240434251,2.3939887380561062,0.9544145772096718,-33.42779953129872,8.067901907229237,12.360519350408813
2025-10-02,-0.2916898590359585,-0.5285522184376275,-0.6389985676685355,-33.71948939033467,7.539349688791609,11.721520782740278
2025-10-10,0.05246791709868506,-1.110012812533707,0.32189708913710763,-33.667021473235984,6.429336876257902,12.043417871877386
2025-10-13,-1.2947031897271017,0.0813219902258966,0.329317168408375,-34.961724662963086,6.510658866483799,12.372735040285761
2025-10-14,-0.6709019695286011,0.38098977389469413,-0.01827768381014164,-35.632626632491686,6.891648640378493,12.354457356475619
2025-10-15,-0.2904536792938206,-0.09483767481266334,-0.046361570848992485,-35.923080311785505,6.79681096556583,12.308095785626627
2025-10-16,1.1132832103769943,-0.07945158983512986,0.00326141178013878,-34.80979710140851,6.7173593757307,12.311357197406766
2025-10-17,-0.5027317993910757,0.2216214079971597,0.1341027833039896,-35.31252890079959,6.938980783727859,12.445459980710755
2025-10-20,0.36632158574487245,-0.04753974310057969,0.3747075450791984,-34.94620731505472,6.89144104062728,12.820167525789953
2025-10-21,0.41150505900766504,0.0053972184181156485,0.40376843448699345,-34.534702256047055,6.896838259045396,13.223935960276947
2025-10-22,-0.7054880975650221,-0.004208633758861407,-0.030139442356624864,-35.24019035361208,6.892629625286534,13.193796517920322
2025-10-23,0.9634421879551511,0.1282755027167494,-0.2019719033606742,-34.276748165656926,7.0209051280032835,12.991824614559649
2025-10-24,-0.11293881522246146,-0.32066749247724957,-0.572163443570541,-34.38968698087939,6.700237635526034,12.419661170989107
2025-10-27,0.9958895448639615,0.02784164595722165,-0.36451171941059424,-33.393797436015426,6.7280792814832555,12.055149451578513
2025-10-28,-0.13917650931371575,0.39775990015049073,0.2994295546588286,-33.53297394532914,7.125839181633746,12.354579006237342
2025-10-29,1.1325443629549468,-0.10857063293249328,0.004063034292280758,-32.400429582374194,7.017268548701253,12.358642040529624
2025-10-30,1.5636785837161764,0.08447106904510801,-0.04274363700815198,-30.83675099865802,7.101739617746361,12.315898403521471
2025-10-31,0.23927721887391692,-0.07444626806841312,-1.8720902132189103,-30.597473779784103,7.027293349677948,10.44380819030256
2025-11-03,0.6701390731874498,0.4494912032484729,0.03932212391136589,-29.927334706596653,7.476784552926421,10.483130314213925
2025-11-04,-0.006592824083916453,1.155690639005308,-0.7609636526167167,-29.93392753068057,8.632475191931729,9.722166661597209
2025-11-05,0.859238272234181,-1.1537467436406081,0.3371894334375023,-29.07468925844639,7.47872844829112,10.059356095034712
2025-11-06,1.7213807341776584,-0.5640710201609503,0.22010998077005506,-27.353308524268733,6.91465742813017,10.279466075804766
2025-11-07,0.9183753837539914,0.010763424591649246,1.1760517443290817,-26.434933140514744,6.925420852721818,11.455517820133847
2025-11-10,-0.10922887922773307,-0.017501648783601834,-1.0583893853142952,-26.544162019742476,6.907919203938216,10.397128434819553
2025-11-11,-0.838474687862889,-0.016193324387536085,-0.6776351088957244,-27.382636707605364,6.89172587955068,9.719493325923828
2025-11-12,2.1212020879997833,0.20719401369299403,0.7128088155703478,-25.26143461960558,7.098919893243674,10.432302141494176
2025-11-13,-0.27620945336644087,-0.18261443460084162,0.9758606217159869,-25.53764407297202,6.9163054586428325,11.408162763210163
2025-11-14,1.0865906889927992,0.1409161576322244,-1.5001741860595197,-24.45105338397922,7.057221616275057,9.907988577150643
2025-11-17,-0.4450926660573802,0.0616300223700236,-0.8336475342244904,-24.896146050036602,7.11885163864508,9.074341042926154
2025-11-18,-0.8377688610581263,0.26817219708220713,-0.38449687152685547,-25.73391491109473,7.3870238357272875,8.689844171399299
2025-11-19,0.05167266283541867,-0.24618343131245063,-0.2812474031528109,-25.68224224825931,7.140840404414837,8.408596768246488
2025-11-20,0.9123152148244213,-0.016183415237731008,0.02815835044463973,-24.76992703343489,7.124656989177105,8.436755118691128
2025-11-21,-1.133413912156632,-0.055590381280164136,0.19737297939870654,-25.903340945591523,7.069066607896941,8.634128098089834
2025-11-24,0.43532273086391404,0.011286173695832393,0.9580957576174084,-25.46801821472761,7.080352781592773,9.592223855707243
2025-11-25,-0.5326352449702767,0.007298692503069634,1.2282222409047197,-26.000653459697887,7.087651474095843,10.820446096611962
2025-11-26,-0.32691817128284445,-0.22701796745157066,-0.03993760489821294,-26.32757163098073,6.860633506644272,10.780508491713748
2025-11-27,2.512351342307698,0.375138039142921,1.4853121972005259,-23.815220288673032,7.235771545787193,12.265820688914275
2025-11-28,-0.3905152628932632,-0.015055157085527208,-0.4742598834059469,-24.205735551566296,7.220716388701666,11.791560805508327
2025-12-01,1.1943400822794328,0.06281213394036793,0.5390056642246869,-23.011395469286864,7.283528522642034,12.330566469733014
2025-12-02,-0.44090412773786253,0.08138322118758261,-0.6744892598774564,-23.452299597024727,7.364911743829617,11.656077209855559
2025-12-03,0.5686732178925996,-0.052890630217291304,0.3194377007746016,-22.883626379132128,7.312021113612325,11.97551491063016
2025-12-04,-0.30850272882661267,-0.20449464612943777,-0.23700098054112462,-23.192129107958742,7.107526467482888,11.738513930089036
2025-12-05,-0.8411064856915756,0.1685446167752836,0.35021956657414083,-24.033235593650318,7.276071084258172,12.088733496663178
2025-12-08,0.7119215987695248,-0.10858209594244649,0.9805998297263123,-23.321313994880793,7.167488988315726,13.06933332638949
2025-12-09,1.1478296506757426,0.12194043018725172,0.7631898709170105,-22.17348434420505,7.289429418502977,13.8325231973065
2025-12-10,0.24404556304582106,0.5406947466351747,0.1688877752248358,-21.92943878115923,7.830124165138152,14.001410972531335
2025-12-11,0.1475567957820806,-0.6184164385403038,1.0371682995377667,-21.78188198537715,7.211707726597848,15.038579272069102
2025-12-12,-0.42890350204379185,-0.26368051387196606,1.0666722331055043,-22.210785487420942,6.948027212725882,16.105251505174607
2025-12-15,-1.998175868389993,0.06655639765706867,-1.0545881879295254,-24.208961355810935,7.01458361038295,15.050663317245082
2025-12-16,-0.27996680468856583,0.27801285448557617,-0.05031665895539892,-24.4889281604995,7.292596464868526,15.000346658289683
2025-12-17,0.0959018643144687,-0.15462034995028145,-1.4547863245656882,-24.39302629618503,7.137976114918245,13.545560333723994
2025-12-18,-0.09577800149627556,-0.03438057963901042,-2.6335938595232613,-24.488804297681305,7.103595535279235,10.911966474200733
2025-12-19,0.7816084923564809,-0.1662854479669367,1.0729549097558853,-23.707195805324826,6.937310087312298,11.98492138395662
2025-12-22,-0.04445341232687158,-0.2738162598048537,-0.039439878446780395,-23.751649217651696,6.663493827507445,11.94548150550984
2025-12-23,0.03430905129120215,0.14804461577932207,-1.1677266104280586,-23.717340166360493,6.811538443286767,10.777754895081781
2025-12-24,-0.6463456846088586,0.08943475071801057,-0.049600872046823015,-24.36368585096935,6.900973194004777,10.728154023034959
2025-12-26,0.5754750357035118,-0.1790216465071534,-0.11012461997321915,-23.78821081526584,6.721951547497624,10.61802940306174
2025-12-29,-0.5544826207906325,0.603411110084677,0.5908053226260165,-24.34269343605647,7.325362657582301,11.208834725687757
2025-12-30,0.5053539963678388,-0.3419374113399188,-0.52251608864795,-23.837339439688634,6.983425246242382,10.686318637039806
2025-12-31,-0.011487922734726047,-1.6801093513067913,-0.03330293195296656,-23.84882736242336,5.30331589493559,10.653015705086839
2026-01-02,-0.14615390082724516,2.1605181232270323,-0.18287206070478207,-23.994981263250605,7.463834018162622,10.470143644382057
2026-01-05,0.2923360692573481,0.11776769169523049,-0.5872461084375217,-23.702645193993256,7.5816017098578525,9.882897535944535
2026-01-06,-0.17448573849401536,1.3380414681533925,0.9748294439763258,-23.877130932487272,8.919643178011246,10.85772697992086
2026-01-07,-1.146637964984302,-1.0598136320484166,-0.7471482510086521,-25.023768897471573,7.859829545962829,10.110578728912209
2026-01-08,-0.26548107669996934,-0.9189331408719918,-0.6440186273782358,-25.289249974171543,6.940896405090838,9.466560101533974
2026-01-09,0.829508172220677,-0.44409997136477386,-0.137585661006942,-24.459741801950866,6.496796433726064,9.328974440527032
2026-01-12,0.15531151230357032,-0.038040168379248396,1.7501191785672439,-24.304430289647296,6.458756265346816,11.079093619094277
2026-01-13,0.6468893047805538,0.21736013884382624,-0.32178426133308247,-23.657540984866742,6.676116404190642,10.757309357761194
2026-01-14,-0.034342037549835655,-0.107966168013503,-0.20461678985110976,-23.691883022416576,6.568150236177139,10.552692567910084
2026-01-15,1.9100748769163352,0.5862773467751707,0.9213983551277468,-21.78180814550024,7.1544275829523105,11.474090923037831
2026-01-16,-0.1948542530308521,0.1817875541107347,0.12526722794064982,-21.97666239853109,7.3362151370630455,11.599358150978482
2026-01-19,1.554097814627682,-0.08230831513305645,-0.1957314214211674,-20.42256458390341,7.253906821929989,11.403626729557315
2026-01-20,2.209397497489383,0.026869971958508362,-1.7275180065149138,-18.213167086414025,7.280776793888497,9.6761087230424
2026-01-21,-0.9449787090731246,-0.17314946715264562,-0.7688467841290261,-19.15814579548715,7.107627326735851,8.907261938913374
2026-01-22,-0.8707989080477014,0.2865241983571254,0.3699360448800527,-20.02894470353485,7.394151525092976,9.277197983793426
2026-01-23,0.8554585042756911,-0.3003309611123501,-0.627512283938738,-19.17348619925916,7.093820563980626,8.649685699854688
2026-01-26,-0.7359092336115605,0.45301153129993943,-0.9016319437136624,-19.90939543287072,7.546832095280565,7.748053756141026
2026-01-27,-0.26321907596641897,0.04217745265489493,0.7329537128374857,-20.17261450883714,7.58900954793546,8.481007468978511
2026-01-28,-0.42831457680864393,0.27791930744589555,-0.19993021128875868,-20.600929085645785,7.866928855381355,8.281077257689752
2026-01-29,0.9378975897551307,-0.42415302479656974,-0.14263922005880172,-19.663031495890653,7.442775830584785,8.13843803763095
2026-01-30,0.8393131591583803,-0.39301800581928376,0.13839072366476687,-18.823718336732274,7.049757824765502,8.276828761295716
2026-02-02,0.16677899105058486,-0.00019724256928110753,0.2452765156482721,-18.65693934568169,7.049560582196221,8.522105276943988
2026-02-03,1.3534107610705168,0.21516559437401597,-1.2110099553010325,-17.303528584611172,7.264726176570236,7.311095321642955
2026-02-04,0.8511497646527242,0.15216489580890477,-0.18226071065500649,-16.452378819958447,7.416891072379141,7.128834610987949
2026-02-05,-0.4811561944809117,-0.1580220653977282,-0.332982783312416,-16.933535014439357,7.258869006981413,6.795851827675532
2026-02-06,0.3707772861233515,0.4118528982330896,0.31625441678775384,-16.562757728316004,7.670721905214502,7.112106244463286
2026-02-09,0.7757945207656267,-0.340614945979608,-0.0954132704377409,-15.786963207550377,7.330106959234894,7.016692974025545
2026-02-10,-1.2686515937560139,0.5216688683873408,-0.3978581531703891,-17.05561480130639,7.851775827622235,6.618834820855156
2026-02-11,-0.74859352372234,0.39229835765697185,-0.10688469067997891,-17.804208325028732,8.244074185279207,6.511950130175177
2026-02-12,-0.8707992180739271,-1.1546217275284811,-0.5749984026728873,-18.67500754310266,7.089452457750726,5.93695172750229
2026-02-13,-0.8699379767850948,-0.15781436601546112,1.2147185549106456,-19.544945519887754,6.931638091735265,7.151670282412936
2026-02-19,0.5367913605136031,0.09018395376879108,0.62200894607251,-19.00815415937415,7.021822045504056,7.773679228485446
2026-02-20,-1.1726177992809088,0.5637350859746648,1.025946739270383,-20.180771958655058,7.585557131478721,8.79962596775583
2026-02-23,0.5785857729970518,-0.39083096141805124,-0.8337574724712147,-19.602186185658006,7.19472617006067,7.9658684952846155
2026-02-24,0.34489349455810775,-0.06189639396689949,-1.0106144942106459,-19.2572926910999,7.132829776093771,6.955254001073969
2026-02-25,-0.7603176226064042,-0.23903901003650635,-0.1037260204660697,-20.017610313706303,6.893790766057264,6.8515279806079
2026-02-26,-1.7857763711403019,0.08820258687605387,0.6411519034584204,-21.803386684846604,6.981993352933317,7.4926798840663205
2026-02-27,-0.6799042965612103,-0.8897700910741455,-0.20878320336849365,-22.483290981407816,6.092223261859171,7.2838966806978265
2026-03-03,3.7235603943807254,1.2683289899279986,-0.4210605427949675,-18.75973058702709,7.36055225178717,6.862836137902859
2026-03-04,0.6033528679336788,0.6067266418870396,2.148645859669741,-18.15637771909341,7.96727889367421,9.011481997572599
2026-03-05,-1.1053391027034485,-0.03762375519257552,0.6938561564400613,-19.26171682179686,7.9296551384816345,9.70533815401266
2026-03-06,0.6916946886562085,0.14710716087250603,0.7996498623558118,-18.57002213314065,8.07676229935414,10.504988016368472
2026-03-09,3.602058187137923,-0.7978969929356196,3.910427063332236,-14.967963946002728,7.2788653064185205,14.415415079700708
2026-03-10,-2.912031650021635,1.2794665564746694,-2.0233893972023957,-17.87999559602436,8.55833186289319,12.392025682498312
2026-03-11,-0.6535802318178534,-0.12320915518660827,-0.9505403975599128,-18.533575827842213,8.435122707706583,11.4414852849384
2026-03-12,0.7978294616167153,-1.0574455835758525,-1.0379789194055036,-17.7357463662255,7.377677124130731,10.403506365532897
2026-03-13,1.3021026925755437,0.1489370375865883,0.8516014143345421,-16.433643673649954,7.526614161717319,11.255107779867439
2026-03-16,-0.38400590156697706,0.21726481236200526,-0.2731853583068228,-16.81764957521693,7.743878974079324,10.981922421560617
2026-03-17,0.20767550141190133,0.3564700028061889,0.9991852979839181,-16.609974073805027,8.100348976885513,11.981107719544534
2026-03-18,-1.7283937441070731,-0.1914133738867631,0.3257341194450562,-18.3383678179121,7.90893560299875,12.30684183898959
2026-03-19,1.7080589413844436,-0.3207141451167299,0.5543612239578977,-16.630308876527657,7.58822145788202,12.861203062947487
2026-03-20,0.9679304416900736,0.23690139890034645,1.4189564387777875,-15.662378434837583,7.825122856782366,14.280159501725274
2026-03-23,4.5111958390882165,-0.1597821200382241,2.8432009614642966,-11.151182595749367,7.665340736744143,17.12336046318957
2026-03-24,-1.464829675883976,-0.12818619005557075,-3.022085819982924,-12.616012271633343,7.537154546688572,14.101274643206647
2026-03-25,0.70739260016676,0.178863538668936,0.5132658135611354,-11.908619671466584,7.716018085357508,14.614540456767783
2026-03-26,0.4995062133691085,0.0741099717210284,-1.4841014554433571,-11.409113458097474,7.790128057078536,13.130439001324426
2026-03-27,0.9786795831736143,0.21432698889735263,-0.47570415086491996,-10.43043387492386,8.004455045975888,12.654734850459507
2026-03-30,-0.8475947274540838,0.10302735999170765,-0.8563494748262669,-11.278028602377944,8.107482405967597,11.79838537563324
2026-03-31,-0.37954524985155047,-2.093942477334274,0.8888666353952421,-11.657573852229495,6.013539928633323,12.687252011028482
2026-04-01,-4.93493523581445,1.9630208470387758,-0.019723511809302256,-16.592509088043947,7.976560775672098,12.66752849921918
2026-04-02,2.5388485959243456,0.20736013633765932,0.9374835048518126,-14.053660492119601,8.183920912009757,13.605012004070993
2026-04-03,-1.439663496052851,0.4921634534946249,1.1886662436548054,-15.493323988172452,8.676084365504382,14.793678247725799
2026-04-06,-0.47318079679202807,-0.05944917452129588,-0.39475598020820324,-15.966504784964481,8.616635190983086,14.398922267517596
2026-04-07,0.7405217905101902,1.7204942583413396,-0.5911639298658564,-15.225982994454291,10.337129449324426,13.80775833765174
2026-04-08,-3.380340915012198,-1.3605982591655201,-0.795582720810853,-18.60632390946649,8.976531190158905,13.012175616840887
2026-04-09,0.6247413168537199,-1.2288762355238272,-0.9128923979498316,-17.98158259261277,7.7476549546350775,12.099283218891056
2026-04-10,0.36641940791411476,0.04078882403780908,0.6765562551305634,-17.615163184698655,7.788443778672886,12.77583947402162
2026-04-13,0.7894599585523367,0.05072030151178542,-0.08516822125702597,-16.82570322614632,7.839164080184672,12.690671252764593
2026-04-14,-1.1936287768716969,0.21977930831158088,0.662881858140928,-18.019332003018018,8.058943388496253,13.353553110905521
2026-04-15,-0.23280661422616128,0.17275412966217565,0.27916744518043696,-18.252138617244178,8.231697518158429,13.632720556085959
2026-04-16,0.3837455272690155,0.21162816720887906,-0.0831521387426384,-17.86839308997516,8.443325685367308,13.54956841734332
2026-04-17,0.9212457010367323,-0.20925082209424425,0.08190436025862713,-16.94714738893843,8.234074863273063,13.631472777601946
2026-04-20,-0.46441679109298406,0.20435829259588625,-0.03256078673232324,-17.411564180031412,8.43843315586895,13.598911990869622
2026-04-21,-0.7526157285300221,-0.0728940303442649,0.5395021679138161,-18.164179908561433,8.365539125524684,14.138414158783439
2026-04-22,0.6883354375164699,-0.018141286087629736,-0.21083809818145408,-17.47584447104496,8.347397839437054,13.927576060601984
2026-04-23,2.16917537191111,-0.5439500018428391,0.3917686482006109,-15.306669099133853,7.803447837594215,14.319344708802594
2026-04-24,0.7489616109901558,0.17628620451108762,0.07335414480281066,-14.557707488143697,7.979734042105302,14.392698853605404
2026-04-27,-0.007665884141116942,-0.008940452062764705,-0.5856794903736505,-14.565373372284814,7.970793590042537,13.807019363231754
2026-04-28,0.9069381267691125,0.23098550884219463,0.19855698569228913,-13.658435245515701,8.201779098884732,14.005576348924043
2026-04-29,-0.39777072512776074,0.1067537711564758,0.5843972114125345,-14.056205970643461,8.308532870041207,14.589973560336578
2026-04-30,2.1071487684394192,-0.8341236789148471,-1.429213574050785,-11.949057202204042,7.47440919112636,13.160759986285793
2026-05-04,0.5368749001873585,1.3523342272778653,-0.565446026332892,-11.412182302016683,8.826743418404225,12.5953139599529
2026-05-06,0.046162451508258776,-0.13553548169742566,-1.6821746413247796,-11.366019850508424,8.6912079367068,10.91313931862812
2026-05-07,-1.0763512508217092,-1.0526017662136364,-0.5148543195814671,-12.442371101330133,7.638606170493163,10.398284999046654
2026-05-08,0.387540782624336,-0.027755026097876088,0.12996488646713225,-12.054830318705797,7.610851144395287,10.528249885513786
2026-05-11,0.7080946158225727,-0.24379750901893074,0.07981099756721016,-11.346735702883224,7.367053635376356,10.608060883080995
2026-05-12,2.5613065449930525,-0.4807625073329345,-1.6987145322108543,-8.78542915789017,6.886291128043422,8.909346350870141
2026-05-13,-0.49060718986848184,1.2011611109942566,-0.7427423197951816,-9.276036347758653,8.08745223903768,8.166604031074959
2026-05-14,0.7635020999275434,-0.2281550710353266,-0.19409177203233208,-8.51253424783111,7.859297168002353,7.972512259042627
2026-05-15,3.2525232958584036,0.13187939679204494,-0.7982316097763799,-5.260010951972707,7.991176564794398,7.174280649266247
2026-05-18,0.3878277251151363,0.08941884277808967,-3.2695553719448296,-4.872183226857571,8.080595407572488,3.904725277321418
2026-05-19,-0.2674453290272806,0.20008020930289103,-0.4144241640218883,-5.139628555884851,8.28067561687538,3.4903011132995294
2026-05-20,-0.2865611698031705,-0.024210279908730998,1.2303135954971676,-5.426189725688022,8.256465336966649,4.720614708796697
2026-05-21,-0.13882676280232978,-0.1246613329769556,0.543244701541219,-5.565016488490351,8.131804003989693,5.263859410337917
2026-05-22,-0.6158607146069544,0.1510061563247671,0.13066766935418433,-6.180877203097306,8.28281016031446,5.394527079692101
2026-05-26,-1.4774183747228515,-0.4043243788901034,-0.4312959080816892,-7.658295577820157,7.878485781424357,4.963231171610412
2026-05-27,0.6526274328605971,-0.23013648158308694,1.8858532805877042,-7.00566814495956,7.64834929984127,6.849084452198116
2026-05-28,0.9858856862331256,0.2970302111842801,0.597399272756332,-6.019782458726434,7.94537951102555,7.446483724954447
2026-05-29,-1.9723636777400615,-1.1043817877385422,2.6150759733453426,-7.992146136466495,6.840997723287008,10.06155969829979
2026-06-01,2.323311025209511,1.095446857654848,-2.508302527449504,-5.668835111256984,7.936444580941856,7.553257170850286
2026-06-02,-0.7068460465140418,0.35454011830206106,0.09713204886652675,-6.375681157771026,8.290984699243918,7.650389219716813
2026-06-04,2.3793981676539984,0.07111487626136279,0.28566660982861697,-3.9962829901170274,8.362099575505281,7.93605582954543
2026-06-05,1.09841675438471,-0.25004702951565333,-1.467970890831184,-2.8978662357323173,8.112052545989629,6.468084938714246
2026-06-08,1.886302623917495,0.0034699606102177386,-0.930400666311328,-1.0115636118148223,8.115522506599847,5.5376842724029185
2026-06-09,-1.9353790769912422,0.376463655552071,-0.5534782767040305,-2.9469426888060646,8.491986162151917,4.984205995698888
2026-06-10,0.10157047633056497,0.5697376542000827,-1.6185627704657022,-2.8453722124754997,9.061723816352,3.365643225233186
2026-06-11,0.5918431580192995,-1.4240302951206616,-0.5585409936080973,-2.2535290544562,7.637693521231339,2.8071022316250884
2026-06-12,-2.6773165308413818,0.4018780163233061,0.44466888108966707,-4.930845585297582,8.039571537554645,3.2517711127147555
2026-06-15,-1.4344138779039173,-0.18209179822332827,0.09509859914788894,-6.3652594632014985,7.857479739331317,3.3468697118626443
2026-06-16,-0.13790646536022844,0.32227395948289156,-1.2861326542440126,-6.503165928561727,8.179753698814208,2.0607370576186317
2026-06-17,-0.7462584721650788,-0.14207199648100904,1.8380297900532516,-7.249424400726806,8.037681702333199,3.898766847671883
2026-06-18,1.0229831356085004,0.07098771613000665,0.36640251979459715,-6.226441265118305,8.108669418463206,4.265169367466481
2026-06-19,1.0496241262053578,0.2349289388927702,0.06427427536870803,-5.176817138912948,8.343598357355976,4.329443642835189
2026-06-22,0.8129603611096881,-0.30465020259840836,-0.1515161066635171,-4.363856777803259,8.038948154757568,4.177927536171672
2026-06-23,-0.4280626833250202,-0.22708516994208194,-1.4438281690703436,-4.79191946112828,7.811862984815486,2.7340993671013285
2026-06-24,0.23827618514077048,0.1708584698371812,-0.9735852052706099,-4.553643275987509,7.982721454652667,1.7605141618307187
2026-06-25,-0.5682166744681498,0.03862323329788638,0.12130947963953255,-5.12185995045566,8.021344687950554,1.8818236414702514
2026-06-26,-0.5935052000992322,-0.14742380135778818,-1.9613944758798965,-5.7153651505548915,7.873920886592766,-0.07957083440964507
2026-06-29,0.6309388851291736,0.0010914642212084462,-0.8694096700139671,-5.0844262654257175,7.875012350813975,-0.9489805044236121
2026-06-30,-1.1574164310401338,-1.9385253906848896,0.6519827542164525,-6.241842696465851,5.936486960129086,-0.2969977502071597
2026-07-01,2.485756523733121,2.849722988005342,0.05698051670080018,-3.75608617273273,8.786209948134427,-0.2400172335063595
2026-07-02,-1.0373506759196864,1.6100604525868603,-0.08186358723560481,-4.793436848652417,10.396270400721288,-0.32188082074196434
2026-07-03,0.04784367528347877,-0.07663059181964049,-0.08328027616669732,-4.745593173368938,10.319639808901648,-0.40516109690866164
2026-07-06,0.5158100236771995,-0.07411267858914919,-0.5535630618109327,-4.229783149691738,10.2455271303125,-0.9587241587195944
2026-07-07,0.3362800509729304,0.14405892787353172,-0.6820523347946946,-3.893503098718808,10.389586058186032,-1.640776493514289
2026-07-08,0.4157265906947689,0.13362143429097506,-1.5841779940690863,-3.4777765080240393,10.523207492477006,-3.2249544875833753
2026-07-09,0.14658949781104325,-1.562838699032759,0.3052885769826475,-3.331187010212996,8.960368793444246,-2.919665910600728
2026-07-10,-0.3857612601358765,-0.5941672558090857,0.46935142638034055,-3.7169482703488725,8.36620153763516,-2.4503144842203874
2026-07-13,0.5934451773066877,-0.3539961744147935,1.045375742442927,-3.123503093042185,8.012205363220366,-1.4049387417774604
2026-07-14,1.870968149867432,-0.04990068191700331,0.549089005877159,-1.252534943174753,7.962304681303363,-0.8558497359003013
2026-07-15,-0.48666160493706845,-0.040601705413901,0.16360401939972397,-1.7391965481118214,7.9217029758894615,-0.6922457165005773
2026-07-16,-0.4378271827618468,-3.566098812374215,-0.05336348187516587,-2.1770237308736684,4.355604163515246,-0.7456091983757431
2026-07-20,1.335547633337402,0.3246844763195648,-0.5251307628337497,-0.8414760975362665,4.680288639834811,-1.2707399612094927
2026-07-21,-0.0923430704262721,0.7872093737307637,-2.8179374179305885,-0.9338191679625386,5.467498013565574,-4.088677379140082
2026-07-22,1.522755841596084,0.016328954525012887,-1.1797994078902478,0.5889366736335454,5.483826968090587,-5.2684767870303295
2026-07-23,-0.11600873607360826,0.2289589248390611,-0.010216592022871755,0.4729279375599371,5.712785892929648,-5.278693379053201
2026-07-24,0.9359961236538364,-0.3068798424831836,0.9674336641691017,1.4089240612137734,5.405906050446464,-4.311259714884099
2026-07-27,-2.3001753794235245,-0.39350828367385693,-0.4090678627321024,-0.891251318209751,5.012397766772607,-4.720327577616201
2026-07-28,-0.9637026674662982,0.24316977686861058,-0.4613517733654653,-1.8549539856760493,5.2555675436412175,-5.181679350981667
2026-07-29,-0.8545916323490472,-0.7511464770393925,0.39685363755531844,-2.7095456180250963,4.504421066601825,-4.784825713426349
2026-07-30,0.8177614998738655,-0.3301660681762454,0.4631154829642835,-1.891784118151231,4.17425499842558,-4.321710230462065
2026-07-31,-1.3500066642799273,-1.0021728117741346,-1.000831875097356,-3.241790782431158,3.172082186651445,-5.322542105559421
2026-08-03,0.31143984806461317,0.4450838100294881,-1.9465842629122845,-2.930350934366545,3.6171659966809333,-7.269126368471706
2026-08-04,0.03984401387964072,0.9862931975309073,-0.9807600677781387,-2.8905069204869043,4.60345919421184,-8.249886436249845
2026-08-05,-1.8591811267165415,0.21789586677993375,-0.9624911907477159,-4.7496880472034455,4.821355060991774,-9.212377626997561
2026-08-06,0.8589128287524024,-0.7596739353420979,1.8329957462962359,-3.890775218451043,4.061681125649676,-7.379381880701326
2026-08-07,0.18009988943298302,-0.17978120959648905,-0.25445433727881855,-3.71067532901806,3.8818999160531864,-7.633836217980144
2026-08-10,1.0875364769382843,0.04448545646859153,-1.4257580414894633,-2.6231388520797756,3.926385372521778,-9.059594259469607
2026-08-11,1.5139391318889817,0.013600249296730734,-1.9790623436882395,-1.109199720190794,3.9399856218185088,-11.038656603157847
2026-08-12,-0.08509790874919809,-0.07164708484787641,-1.22913902627072,-1.194297628939992,3.8683385369706325,-12.267795629428567
2026-08-13,-0.3868239472298088,0.23906007284883346,0.7028930367160771,-1.5811215761698008,4.107398609819466,-11.56490259271249
2026-08-14,-0.16813509429511253,-0.12769002882824673,2.8367356902318326,-1.7492566704649133,3.979708580991219,-8.728166902480659
2026-08-18,1.8722235748994989,0.01854010415729362,-1.8133728649648455,0.12296690443458558,3.998248685148513,-10.541539767445505
2026-08-19,-1.0021414335863605,0.15862718883315344,-0.5189144032831792,-0.879174529151775,4.156875873981666,-11.060454170728685
2026-08-20,-0.29787576267639737,0.2288677666111142,1.6247045916745555,-1.1770502918281722,4.38574364059278,-9.435749579054129
2026-08-21,1.1375939011563603,-0.06126919028910745,-0.45520952527687714,-0.03945639067181195,4.324474450303673,-9.890959104331007
2026-08-24,-0.8930850664527213,-0.08957398935292807,0.44996330659665534,-0.9325414571245333,4.234900460950745,-9.44099579773435
2026-08-25,-0.762524247496326,-0.07171359676178575,1.1373186250085392,-1.6950657046208593,4.163186864188959,-8.303677172725811
2026-08-26,-0.5649421375807581,0.02125780007016697,1.1310745492154608,-2.260007842201617,4.184444664259126,-7.17260262351035
2026-08-27,-1.7374805805237683,-4.753553461505111,1.0047124891420676,-3.9974884227253855,-0.5691087972459847,-6.167890134368283
2026-08-28,0.8710100917854534,-0.2384039797041571,1.073109988126567,-3.126478330939932,-0.8075127769501418,-5.094780146241716
2026-08-31,0.5295351975810196,-0.6755287073152026,1.5315786706611632,-2.5969431333589124,-1.4830414842653443,-3.5632014755805526
2026-09-01,1.551917918803148,0.07239496500794929,-1.6215634161464179,-1.0450252145557644,-1.4106465192573951,-5.184764891726971
2026-09-02,1.2978731088152795,0.6745606124201079,0.2697087033279037,0.25284789425951515,-0.7360859068372873,-4.915056188399067
2026-09-03,-0.9326604502551213,0.13514722614233574,-0.9797852366009762,-0.6798125559956062,-0.6009386806949515,-5.894841425000043
2026-09-04,-0.28352539913432323,-0.09805186558468372,0.22338903306962588,-0.9633379551299295,-0.6989905462796352,-5.6714523919304165
2026-09-07,0.1895759132480909,-0.09039727381585742,0.9254944922505602,-0.7737620418818386,-0.7893878200954926,-4.745957899679857
2026-09-08,0.04557149611216638,0.7573580969645526,0.36444971884343247,-0.7281905457696722,-0.03202972313093999,-4.381508180836424
2026-09-09,0.05772091187619851,-0.7092769722790173,0.505586755856096,-0.6704696338934737,-0.7413066954099573,-3.875921424980328
2026-09-10,0.6294690298581768,-1.2096391917170701,1.2928140659286471,-0.04100060403529693,-1.9509458871270273,-2.583107359051681
2026-09-11,2.035604817386312,0.3183356833475671,0.2513295804636687,1.9946042133510153,-1.63261020377946,-2.331777778588012
2026-09-14,-0.0918586628381675,-0.1349152373936587,1.337606796966665,1.9027455505128479,-1.7675254411731187,-0.9941709816213471
2026-09-15,1.1617526011778148,0.48313980195895034,2.008213758504567,3.0644981516906626,-1.2843856392141684,1.01404277688322
2026-09-16,-1.4732213341825062,0.46636593221760975,0.8014812337236715,1.5912768175081564,-0.8180197069965587,1.8155240106068917
2026-09-17,-0.7823693179016263,0.11987158539216639,2.6090588105619363,0.8089074996065301,-0.6981481216043923,4.424582821168828
2026-09-18,-0.7495957564284865,-0.14013007325830304,-0.2844872806469091,0.05931174317804355,-0.8382781948626954,4.140095540521919
2026-09-21,0.4556942269670279,-0.8783488360619872,1.1989614292473163,0.5150059701450714,-1.7166270309246827,5.339056969769236
2026-09-22,0.37225776700401764,0.08122992758866339,-2.721729849501318,0.887263737149089,-1.6353971033360193,2.617327120267918
2026-09-23,-1.382090434598945,0.5486416137111269,1.3955178019271635,-0.4948266974498561,-1.0867554896248923,4.0128449221950815
2026-09-28,2.8313333023668683,-0.056614327922337226,1.0965407635676752,2.3365066049170125,-1.1433698175472295,5.109385685762756
2026-09-29,-1.3690994349149044,-0.3313708136190244,-0.4788911111345967,0.9674071700021081,-1.4747406311662539,4.63049457462816
