date,CORP_AA_SPREAD,ST_CREDIT_SPREAD,TERM_SPREAD,ST_SLOPE
2017-01-02,0.4820000000000002,0.18999999999999995,0.41700000000000026,0.18000000000000016
2017-01-03,0.48,0.18999999999999995,0.44399999999999995,0.16999999999999993
2017-01-04,0.4650000000000003,0.18999999999999995,0.4660000000000002,0.17399999999999993
2017-01-05,0.4650000000000001,0.17999999999999994,0.4570000000000001,0.17000000000000015
2017-01-06,0.45999999999999996,0.18999999999999995,0.45100000000000007,0.16199999999999992
2017-01-09,0.4520000000000002,0.18999999999999995,0.4690000000000001,0.16100000000000003
2017-01-10,0.45099999999999985,0.18999999999999995,0.4570000000000001,0.16700000000000004
2017-01-11,0.45199999999999996,0.17999999999999994,0.47299999999999986,0.16999999999999993
2017-01-12,0.45100000000000007,0.17999999999999994,0.4419999999999997,0.17700000000000005
2017-01-13,0.45399999999999996,0.17999999999999994,0.4610000000000001,0.17599999999999993
2017-01-16,0.4590000000000001,0.16999999999999993,0.4860000000000002,0.16700000000000004
2017-01-17,0.4550000000000003,0.16999999999999993,0.474,0.15999999999999992
2017-01-18,0.45299999999999985,0.16999999999999993,0.4740000000000002,0.15200000000000014
2017-01-19,0.45799999999999974,0.16999999999999993,0.492,0.15600000000000014
2017-01-20,0.46199999999999997,0.16999999999999993,0.474,0.15300000000000002
2017-01-23,0.4640000000000002,0.15999999999999992,0.4850000000000001,0.1479999999999999
2017-01-24,0.4650000000000001,0.15999999999999992,0.474,0.1419999999999999
2017-01-25,0.4640000000000002,0.15999999999999992,0.486,0.14400000000000013
2017-01-26,0.46399999999999975,0.15999999999999992,0.506,0.1499999999999999
2017-01-31,0.4650000000000001,0.15999999999999992,0.47999999999999976,0.1499999999999999
2017-02-01,0.46599999999999975,0.15999999999999992,0.488,0.1499999999999999
2017-02-02,0.46499999999999986,0.15999999999999992,0.48099999999999987,0.14800000000000013
2017-02-03,0.46399999999999997,0.15999999999999992,0.4990000000000001,0.14700000000000002
2017-02-06,0.46399999999999997,0.15999999999999992,0.4940000000000002,0.15000000000000013
2017-02-07,0.46399999999999997,0.15999999999999992,0.4929999999999999,0.1419999999999999
2017-02-08,0.4600000000000002,0.15999999999999992,0.478,0.14900000000000002
2017-02-09,0.4610000000000001,0.15999999999999992,0.474,0.15399999999999991
2017-02-10,0.45899999999999985,0.15999999999999992,0.4829999999999999,0.15200000000000014
2017-02-13,0.4600000000000002,0.15999999999999992,0.4869999999999999,0.14900000000000002
2017-02-14,0.45999999999999996,0.1499999999999999,0.48199999999999976,0.14800000000000013
2017-02-15,0.46499999999999986,0.1499999999999999,0.492,0.1419999999999999
2017-02-16,0.4650000000000001,0.1499999999999999,0.4880000000000002,0.14100000000000001
2017-02-17,0.46599999999999997,0.1499999999999999,0.47999999999999976,0.14000000000000012
2017-02-20,0.46499999999999986,0.1499999999999999,0.5140000000000002,0.14000000000000012
2017-02-21,0.46599999999999997,0.1499999999999999,0.5309999999999999,0.14000000000000012
2017-02-22,0.46499999999999986,0.1499999999999999,0.556,0.1399999999999999
2017-02-23,0.4650000000000001,0.1499999999999999,0.53,0.139
2017-02-24,0.4670000000000001,0.1499999999999999,0.5089999999999999,0.137
2017-02-27,0.46599999999999997,0.1499999999999999,0.5090000000000001,0.13800000000000012
2017-02-28,0.46799999999999997,0.1499999999999999,0.492,0.1359999999999999
2017-03-02,0.4670000000000001,0.1499999999999999,0.5110000000000001,0.14100000000000001
2017-03-03,0.46899999999999986,0.1499999999999999,0.5179999999999998,0.14100000000000001
2017-03-06,0.4710000000000001,0.1499999999999999,0.5179999999999998,0.14200000000000013
2017-03-07,0.4730000000000001,0.1499999999999999,0.526,0.1489999999999998
2017-03-08,0.47199999999999975,0.1499999999999999,0.518,0.14900000000000002
2017-03-09,0.4760000000000002,0.1499999999999999,0.5290000000000001,0.1519999999999999
2017-03-10,0.478,0.1499999999999999,0.538,0.1479999999999999
2017-03-13,0.4830000000000003,0.1499999999999999,0.5360000000000003,0.14700000000000002
2017-03-14,0.4860000000000002,0.1499999999999999,0.532,0.1419999999999999
2017-03-15,0.488,0.1499999999999999,0.5129999999999999,0.1439999999999999
2017-03-16,0.5010000000000001,0.15999999999999992,0.4810000000000001,0.14500000000000002
2017-03-17,0.5119999999999998,0.15999999999999992,0.5039999999999998,0.1459999999999999
2017-03-20,0.5180000000000002,0.1499999999999999,0.5150000000000001,0.14600000000000013
2017-03-21,0.5169999999999999,0.1499999999999999,0.516,0.14500000000000002
2017-03-22,0.5159999999999998,0.1499999999999999,0.49,0.14100000000000001
2017-03-23,0.5180000000000002,0.15999999999999992,0.4849999999999999,0.1439999999999999
2017-03-24,0.5209999999999999,0.15999999999999992,0.4969999999999999,0.14500000000000002
2017-03-27,0.524,0.15999999999999992,0.5,0.14300000000000002
2017-03-28,0.5230000000000001,0.15999999999999992,0.504,0.1439999999999999
2017-03-29,0.5259999999999998,0.17999999999999994,0.5059999999999998,0.14700000000000002
2017-03-30,0.5209999999999999,0.17999999999999994,0.5190000000000001,0.14700000000000002
2017-03-31,0.5209999999999999,0.17999999999999994,0.5150000000000001,0.14400000000000013
2017-04-03,0.5160000000000002,0.17999999999999994,0.5090000000000001,0.1439999999999999
2017-04-04,0.5150000000000001,0.17999999999999994,0.4929999999999999,0.14800000000000013
2017-04-05,0.5150000000000001,0.17999999999999994,0.4870000000000001,0.15000000000000013
2017-04-06,0.5130000000000001,0.17999999999999994,0.5029999999999999,0.15300000000000002
2017-04-07,0.5169999999999999,0.17999999999999994,0.512,0.15200000000000014
2017-04-10,0.512,0.17999999999999994,0.5310000000000001,0.16100000000000003
2017-04-11,0.512,0.17999999999999994,0.5110000000000001,0.15599999999999992
2017-04-12,0.5129999999999999,0.19999999999999996,0.5190000000000001,0.15300000000000002
2017-04-13,0.5129999999999999,0.19999999999999996,0.4980000000000002,0.15400000000000014
2017-04-14,0.5129999999999999,0.20999999999999996,0.508,0.1499999999999999
2017-04-17,0.5139999999999998,0.20999999999999996,0.5,0.15100000000000002
2017-04-18,0.5149999999999999,0.20999999999999996,0.498,0.15300000000000002
2017-04-19,0.5150000000000001,0.20999999999999996,0.4740000000000002,0.15300000000000002
2017-04-20,0.5169999999999999,0.20999999999999996,0.4700000000000002,0.15500000000000003
2017-04-21,0.518,0.20999999999999996,0.4810000000000001,0.16000000000000014
2017-04-24,0.5190000000000001,0.20999999999999996,0.504,0.16599999999999993
2017-04-25,0.5259999999999998,0.20999999999999996,0.5169999999999999,0.16400000000000015
2017-04-26,0.5249999999999999,0.21999999999999997,0.5249999999999999,0.16500000000000004
2017-04-27,0.5259999999999998,0.21999999999999997,0.5230000000000001,0.16399999999999992
2017-04-28,0.5250000000000001,0.21999999999999997,0.5210000000000001,0.16500000000000004
2017-05-02,0.5260000000000002,0.21999999999999997,0.5460000000000003,0.16400000000000015
2017-05-04,0.5249999999999999,0.21999999999999997,0.5299999999999998,0.16300000000000003
2017-05-08,0.5239999999999998,0.21999999999999997,0.5349999999999999,0.16500000000000004
2017-05-10,0.5229999999999997,0.21999999999999997,0.5659999999999998,0.17199999999999993
2017-05-11,0.5249999999999997,0.22999999999999998,0.579,0.17100000000000004
2017-05-12,0.5270000000000001,0.22999999999999998,0.5790000000000002,0.16999999999999993
2017-05-15,0.5270000000000001,0.22999999999999998,0.5910000000000002,0.17100000000000004
2017-05-16,0.5230000000000001,0.22999999999999998,0.5840000000000001,0.17900000000000005
2017-05-17,0.5229999999999999,0.24,0.5650000000000002,0.17900000000000005
2017-05-18,0.5239999999999998,0.24,0.5650000000000002,0.18000000000000016
2017-05-19,0.5239999999999998,0.24,0.567,0.18400000000000016
2017-05-22,0.5259999999999998,0.24,0.5869999999999997,0.18900000000000006
2017-05-23,0.526,0.25,0.5730000000000002,0.19100000000000006
2017-05-24,0.5250000000000001,0.25,0.5780000000000001,0.19500000000000006
2017-05-25,0.5259999999999998,0.2400000000000002,0.565,0.19500000000000006
2017-05-26,0.5270000000000001,0.2300000000000002,0.56,0.19500000000000006
2017-05-29,0.53,0.2300000000000002,0.5730000000000002,0.19400000000000017
2017-05-30,0.5310000000000001,0.2200000000000002,0.565,0.18999999999999995
2017-05-31,0.532,0.2200000000000002,0.569,0.19100000000000006
2017-06-01,0.5339999999999998,0.2200000000000002,0.5670000000000002,0.18900000000000006
2017-06-02,0.536,0.2200000000000002,0.5790000000000002,0.18600000000000017
2017-06-05,0.5349999999999999,0.2200000000000002,0.554,0.18300000000000005
2017-06-07,0.536,0.2200000000000002,0.5390000000000001,0.18199999999999994
2017-06-08,0.536,0.2200000000000002,0.536,0.17900000000000005
2017-06-09,0.538,0.2200000000000002,0.5410000000000001,0.17700000000000005
2017-06-12,0.528,0.2200000000000002,0.5249999999999999,0.17700000000000005
2017-06-13,0.5329999999999999,0.2200000000000002,0.516,0.17000000000000015
2017-06-14,0.532,0.2200000000000002,0.4889999999999999,0.16900000000000004
2017-06-15,0.5300000000000002,0.2200000000000002,0.4410000000000003,0.16700000000000004
2017-06-16,0.5319999999999998,0.2200000000000002,0.45799999999999996,0.16900000000000004
2017-06-19,0.5330000000000001,0.2200000000000002,0.47499999999999987,0.16600000000000015
2017-06-20,0.5329999999999999,0.2200000000000002,0.45699999999999985,0.16599999999999993
2017-06-21,0.5330000000000001,0.2200000000000002,0.44599999999999995,0.17100000000000004
2017-06-22,0.5339999999999998,0.2200000000000002,0.4339999999999997,0.17399999999999993
2017-06-23,0.5349999999999999,0.2200000000000002,0.44100000000000006,0.17400000000000015
2017-06-26,0.536,0.2200000000000002,0.43800000000000017,0.17599999999999993
2017-06-27,0.5369999999999999,0.2200000000000002,0.43699999999999983,0.17700000000000005
2017-06-28,0.5349999999999999,0.2200000000000002,0.46699999999999986,0.17900000000000005
2017-06-29,0.5410000000000001,0.2200000000000002,0.4840000000000002,0.17999999999999994
2017-06-30,0.5420000000000003,0.2200000000000002,0.516,0.17800000000000016
2017-07-03,0.5399999999999998,0.2200000000000002,0.5189999999999999,0.18100000000000005
2017-07-04,0.5399999999999998,0.2200000000000002,0.5319999999999998,0.17999999999999994
2017-07-05,0.54,0.2200000000000002,0.532,0.18199999999999994
2017-07-06,0.54,0.2100000000000002,0.5310000000000001,0.18100000000000005
2017-07-07,0.5370000000000001,0.2100000000000002,0.542,0.18500000000000005
2017-07-10,0.5389999999999999,0.2100000000000002,0.5330000000000001,0.18700000000000006
2017-07-11,0.5379999999999998,0.2100000000000002,0.5179999999999998,0.19200000000000017
2017-07-12,0.5369999999999999,0.2100000000000002,0.5099999999999998,0.19000000000000017
2017-07-13,0.5349999999999997,0.20000000000000018,0.4929999999999999,0.18600000000000017
2017-07-14,0.5350000000000001,0.20000000000000018,0.4990000000000001,0.18700000000000006
2017-07-17,0.5379999999999998,0.20000000000000018,0.5179999999999998,0.19100000000000006
2017-07-18,0.5390000000000001,0.20000000000000018,0.5099999999999998,0.19000000000000017
2017-07-19,0.538,0.20000000000000018,0.5109999999999999,0.19000000000000017
2017-07-20,0.5389999999999999,0.20000000000000018,0.4970000000000001,0.19100000000000006
2017-07-21,0.5409999999999999,0.20000000000000018,0.4979999999999998,0.19100000000000006
2017-07-24,0.5389999999999999,0.20000000000000018,0.5000000000000002,0.19500000000000006
2017-07-25,0.5390000000000001,0.20000000000000018,0.4979999999999998,0.18999999999999995
2017-07-26,0.5349999999999997,0.20000000000000018,0.516,0.18999999999999995
2017-07-27,0.538,0.20000000000000018,0.5029999999999999,0.18300000000000005
2017-07-28,0.534,0.20000000000000018,0.506,0.18300000000000005
2017-07-31,0.5359999999999998,0.20000000000000018,0.502,0.18199999999999994
2017-08-01,0.5379999999999998,0.20000000000000018,0.5249999999999999,0.18100000000000005
2017-08-02,0.54,0.20000000000000018,0.5169999999999999,0.18100000000000005
2017-08-03,0.5389999999999997,0.20000000000000018,0.5129999999999999,0.17900000000000005
2017-08-04,0.5369999999999999,0.20000000000000018,0.5089999999999999,0.17500000000000004
2017-08-07,0.5349999999999999,0.20000000000000018,0.5130000000000001,0.17700000000000005
2017-08-08,0.526,0.20000000000000018,0.506,0.18500000000000005
2017-08-09,0.53,0.20000000000000018,0.5050000000000001,0.20199999999999996
2017-08-10,0.5290000000000001,0.20000000000000018,0.498,0.20600000000000018
2017-08-11,0.534,0.20000000000000018,0.498,0.21199999999999997
2017-08-14,0.536,0.20000000000000018,0.4990000000000001,0.21999999999999997
2017-08-16,0.538,0.20000000000000018,0.5109999999999999,0.2270000000000001
2017-08-17,0.5389999999999999,0.20000000000000018,0.5189999999999999,0.22599999999999998
2017-08-18,0.546,0.20000000000000018,0.5370000000000001,0.21900000000000008
2017-08-21,0.5410000000000001,0.20000000000000018,0.5199999999999998,0.2220000000000002
2017-08-22,0.5380000000000003,0.20000000000000018,0.5049999999999999,0.22799999999999998
2017-08-23,0.5389999999999999,0.20000000000000018,0.5000000000000002,0.22999999999999998
2017-08-24,0.538,0.20000000000000018,0.4880000000000002,0.2330000000000001
2017-08-25,0.5510000000000002,0.20000000000000018,0.4980000000000002,0.21999999999999997
2017-08-28,0.5499999999999998,0.20000000000000018,0.4929999999999999,0.22199999999999998
2017-08-29,0.55,0.2100000000000002,0.4890000000000001,0.2250000000000001
2017-08-30,0.5549999999999999,0.2100000000000002,0.4970000000000001,0.2140000000000002
2017-08-31,0.5569999999999997,0.2100000000000002,0.5149999999999999,0.2120000000000002
2017-09-01,0.5549999999999999,0.2100000000000002,0.5239999999999998,0.2100000000000002
2017-09-04,0.5529999999999999,0.2100000000000002,0.5230000000000001,0.21700000000000008
2017-09-05,0.5530000000000002,0.2100000000000002,0.526,0.21399999999999997
2017-09-06,0.5489999999999999,0.2100000000000002,0.5049999999999999,0.21199999999999997
2017-09-07,0.544,0.2100000000000002,0.4929999999999999,0.21700000000000008
2017-09-08,0.5430000000000001,0.2100000000000002,0.4820000000000002,0.2120000000000002
2017-09-11,0.546,0.2100000000000002,0.494,0.21500000000000008
2017-09-12,0.5480000000000003,0.2100000000000002,0.498,0.2140000000000002
2017-09-13,0.5489999999999999,0.2100000000000002,0.5,0.21100000000000008
2017-09-14,0.5489999999999999,0.2100000000000002,0.5020000000000002,0.20999999999999996
2017-09-15,0.5509999999999999,0.2100000000000002,0.5090000000000001,0.20999999999999996
2017-09-18,0.552,0.2100000000000002,0.5230000000000001,0.2120000000000002
2017-09-19,0.5470000000000002,0.2100000000000002,0.5150000000000001,0.21599999999999997
2017-09-20,0.5470000000000002,0.2100000000000002,0.5049999999999999,0.2160000000000002
2017-09-21,0.5480000000000003,0.2100000000000002,0.4989999999999999,0.21700000000000008
2017-09-22,0.5470000000000002,0.2100000000000002,0.4929999999999999,0.21700000000000008
2017-09-25,0.548,0.2100000000000002,0.484,0.21900000000000008
2017-09-26,0.5429999999999999,0.2100000000000002,0.478,0.2270000000000001
2017-09-27,0.5390000000000001,0.2100000000000002,0.47299999999999986,0.252
2017-09-28,0.5430000000000001,0.2100000000000002,0.5060000000000002,0.252
2017-09-29,0.5409999999999999,0.2100000000000002,0.4910000000000001,0.248
2017-10-10,0.538,0.2100000000000002,0.4800000000000002,0.254
2017-10-11,0.5399999999999998,0.2100000000000002,0.4890000000000001,0.254
2017-10-12,0.5430000000000001,0.2100000000000002,0.488,0.252
2017-10-13,0.544,0.2100000000000002,0.4750000000000001,0.2570000000000001
2017-10-16,0.5459999999999998,0.2100000000000002,0.4710000000000001,0.262
2017-10-17,0.5419999999999998,0.2100000000000002,0.45399999999999974,0.264
2017-10-18,0.5419999999999998,0.2100000000000002,0.45699999999999985,0.264
2017-10-19,0.544,0.2100000000000002,0.42300000000000004,0.30899999999999994
2017-10-20,0.5419999999999998,0.2100000000000002,0.383,0.3619999999999999
2017-10-23,0.552,0.2100000000000002,0.42200000000000015,0.351
2017-10-24,0.5529999999999999,0.2100000000000002,0.399,0.35599999999999987
2017-10-25,0.5540000000000003,0.2100000000000002,0.40600000000000014,0.3620000000000001
2017-10-26,0.5470000000000002,0.2100000000000002,0.3610000000000002,0.3909999999999998
2017-10-27,0.552,0.19000000000000017,0.3719999999999999,0.3909999999999998
2017-10-30,0.56,0.19000000000000017,0.3839999999999999,0.3879999999999999
2017-10-31,0.5640000000000001,0.2100000000000002,0.40700000000000003,0.3959999999999999
2017-11-01,0.565,0.2200000000000002,0.40700000000000003,0.3859999999999999
2017-11-02,0.5620000000000003,0.22999999999999998,0.3999999999999999,0.3859999999999999
2017-11-03,0.5609999999999999,0.24,0.3929999999999998,0.3829999999999998
2017-11-06,0.5589999999999997,0.25,0.3969999999999998,0.3839999999999999
2017-11-07,0.5619999999999998,0.26,0.40600000000000014,0.3759999999999999
2017-11-08,0.5580000000000003,0.28,0.387,0.3789999999999998
2017-11-09,0.5620000000000003,0.28,0.3900000000000001,0.3759999999999999
2017-11-10,0.5630000000000002,0.28,0.40700000000000003,0.3779999999999999
2017-11-13,0.5619999999999998,0.28,0.403,0.383
2017-11-14,0.56,0.28,0.399,0.3799999999999999
2017-11-15,0.5619999999999998,0.27,0.39400000000000013,0.377
2017-11-16,0.5640000000000001,0.26,0.39300000000000024,0.375
2017-11-17,0.5580000000000003,0.25,0.395,0.363
2017-11-20,0.5569999999999999,0.24,0.3899999999999997,0.351
2017-11-21,0.5579999999999998,0.25,0.387,0.345
2017-11-22,0.5540000000000003,0.24,0.371,0.34099999999999997
2017-11-23,0.5620000000000003,0.22999999999999998,0.387,0.32699999999999996
2017-11-24,0.5529999999999999,0.21999999999999997,0.3679999999999999,0.32200000000000006
2017-11-27,0.5529999999999999,0.25,0.3780000000000001,0.30900000000000016
2017-11-28,0.5569999999999999,0.27,0.36499999999999977,0.30099999999999993
2017-11-29,0.556,0.26,0.3679999999999999,0.29499999999999993
2017-11-30,0.5559999999999996,0.15000000000000013,0.4019999999999997,0.29400000000000004
2017-12-01,0.556,0.14000000000000012,0.4079999999999999,0.29800000000000004
2017-12-04,0.5519999999999996,0.14000000000000012,0.4019999999999997,0.29500000000000015
2017-12-05,0.5509999999999997,0.14000000000000012,0.3899999999999997,0.29700000000000015
2017-12-06,0.5529999999999999,0.14000000000000012,0.383,0.29000000000000004
2017-12-07,0.5510000000000002,0.14000000000000012,0.38800000000000034,0.29200000000000004
2017-12-08,0.5510000000000002,0.14000000000000012,0.39200000000000035,0.29000000000000004
2017-12-11,0.5529999999999999,0.14000000000000012,0.395,0.28900000000000015
2017-12-12,0.5510000000000002,0.14000000000000012,0.379,0.2869999999999999
2017-12-13,0.5500000000000003,0.14000000000000012,0.375,0.28600000000000003
2017-12-14,0.548,0.14000000000000012,0.3700000000000001,0.28600000000000003
2017-12-15,0.5470000000000002,0.14000000000000012,0.355,0.2909999999999999
2017-12-18,0.5460000000000003,0.14000000000000012,0.34299999999999997,0.29300000000000015
2017-12-19,0.5459999999999998,0.14000000000000012,0.3540000000000001,0.30000000000000004
2017-12-20,0.5509999999999997,0.14000000000000012,0.3799999999999999,0.30000000000000004
2017-12-21,0.5489999999999999,0.14000000000000012,0.38900000000000023,0.29899999999999993
2017-12-22,0.5470000000000002,0.14000000000000012,0.3650000000000002,0.30700000000000016
2017-12-26,0.5489999999999999,0.14000000000000012,0.3620000000000001,0.30700000000000016
2017-12-27,0.5430000000000001,0.14000000000000012,0.347,0.30600000000000005
2017-12-28,0.544,0.14000000000000012,0.33499999999999996,0.30400000000000005
2017-12-29,0.5430000000000001,0.14000000000000012,0.3340000000000001,0.30100000000000016
2018-01-02,0.5429999999999997,0.14000000000000012,0.36999999999999966,0.29000000000000004
2018-01-03,0.5370000000000004,0.14000000000000012,0.3810000000000002,0.28900000000000015
2018-01-04,0.5340000000000003,0.14000000000000012,0.3810000000000002,0.28900000000000015
2018-01-05,0.5449999999999999,0.14000000000000012,0.4189999999999996,0.27900000000000014
2018-01-08,0.536,0.14000000000000012,0.40500000000000025,0.28500000000000014
2018-01-09,0.5350000000000001,0.14000000000000012,0.4159999999999999,0.2889999999999999
2018-01-10,0.5349999999999997,0.14000000000000012,0.46499999999999986,0.29500000000000015
2018-01-11,0.5379999999999998,0.14000000000000012,0.43699999999999983,0.29700000000000015
2018-01-12,0.5329999999999999,0.14000000000000012,0.4490000000000003,0.29800000000000004
2018-01-15,0.5270000000000001,0.14000000000000012,0.43500000000000005,0.31400000000000006
2018-01-16,0.52,0.14000000000000012,0.4159999999999999,0.31600000000000006
2018-01-17,0.5180000000000002,0.15000000000000013,0.40900000000000025,0.3190000000000002
2018-01-18,0.5289999999999999,0.15000000000000013,0.44799999999999995,0.30099999999999993
2018-01-19,0.5310000000000001,0.15000000000000013,0.46799999999999997,0.29800000000000004
2018-01-22,0.528,0.15000000000000013,0.4490000000000003,0.30499999999999994
2018-01-23,0.5329999999999999,0.15000000000000013,0.46199999999999974,0.30299999999999994
2018-01-24,0.5339999999999998,0.15000000000000013,0.44700000000000006,0.30800000000000005
2018-01-25,0.5330000000000004,0.15000000000000013,0.4460000000000002,0.30899999999999994
2018-01-26,0.5350000000000001,0.15000000000000013,0.45699999999999985,0.31100000000000017
2018-01-29,0.5289999999999999,0.15000000000000013,0.4630000000000001,0.32899999999999996
2018-01-30,0.5290000000000004,0.15000000000000013,0.48,0.3340000000000001
2018-01-31,0.5350000000000001,0.15000000000000013,0.4950000000000001,0.32099999999999995
2018-02-01,0.54,0.15000000000000013,0.5069999999999997,0.31700000000000017
2018-02-02,0.536,0.15000000000000013,0.5059999999999998,0.31200000000000006
2018-02-05,0.5300000000000002,0.15000000000000013,0.516,0.32200000000000006
2018-02-06,0.5349999999999997,0.15000000000000013,0.496,0.31400000000000006
2018-02-07,0.5309999999999997,0.15000000000000013,0.46999999999999975,0.31100000000000017
2018-02-08,0.5300000000000002,0.15000000000000013,0.4720000000000004,0.31600000000000006
2018-02-09,0.5299999999999998,0.15000000000000013,0.4790000000000001,0.32000000000000006
2018-02-12,0.5329999999999999,0.15000000000000013,0.504,0.32299999999999995
2018-02-13,0.5379999999999998,0.15000000000000013,0.5019999999999998,0.31800000000000006
2018-02-14,0.5419999999999998,0.15000000000000013,0.4979999999999998,0.31800000000000006
2018-02-19,0.5390000000000001,0.15000000000000013,0.496,0.32200000000000006
2018-02-20,0.536,0.15000000000000013,0.4910000000000001,0.32800000000000007
2018-02-21,0.5390000000000001,0.15000000000000013,0.4950000000000001,0.3230000000000002
2018-02-22,0.5390000000000001,0.15000000000000013,0.5,0.3190000000000002
2018-02-23,0.5459999999999998,0.15000000000000013,0.5069999999999997,0.31100000000000017
2018-02-26,0.5500000000000003,0.15000000000000013,0.5,0.30899999999999994
2018-02-27,0.5510000000000002,0.15000000000000013,0.472,0.30699999999999994
2018-02-28,0.5510000000000002,0.15000000000000013,0.4700000000000002,0.30500000000000016
2018-03-02,0.5499999999999998,0.15000000000000013,0.45100000000000007,0.31000000000000005
2018-03-05,0.5420000000000003,0.15000000000000013,0.42600000000000016,0.31200000000000006
2018-03-06,0.5460000000000003,0.15000000000000013,0.44700000000000006,0.31400000000000006
2018-03-07,0.548,0.15000000000000013,0.4299999999999997,0.31400000000000006
2018-03-08,0.5510000000000002,0.15000000000000013,0.44399999999999995,0.31699999999999995
2018-03-09,0.5529999999999999,0.15000000000000013,0.45100000000000007,0.31600000000000006
2018-03-12,0.552,0.15000000000000013,0.45399999999999974,0.3190000000000002
2018-03-13,0.552,0.15000000000000013,0.44499999999999984,0.3210000000000002
2018-03-14,0.5590000000000002,0.15000000000000013,0.43699999999999983,0.3210000000000002
2018-03-15,0.5590000000000002,0.15000000000000013,0.4360000000000004,0.32299999999999995
2018-03-16,0.5590000000000002,0.16000000000000014,0.4370000000000003,0.32799999999999985
2018-03-19,0.5630000000000002,0.16000000000000014,0.4490000000000003,0.33000000000000007
2018-03-20,0.5619999999999998,0.16000000000000014,0.4460000000000002,0.33099999999999996
2018-03-21,0.5590000000000002,0.16000000000000014,0.43199999999999994,0.33399999999999985
2018-03-22,0.5670000000000002,0.17000000000000015,0.43800000000000017,0.33099999999999996
2018-03-23,0.5740000000000003,0.17000000000000015,0.42500000000000027,0.32800000000000007
2018-03-26,0.5709999999999997,0.17000000000000015,0.4429999999999996,0.33399999999999985
2018-03-27,0.5749999999999997,0.17000000000000015,0.44399999999999995,0.33299999999999996
2018-03-28,0.5739999999999998,0.17000000000000015,0.41800000000000015,0.32799999999999985
2018-03-29,0.5720000000000001,0.17000000000000015,0.41500000000000004,0.32899999999999996
2018-03-30,0.5789999999999997,0.17000000000000015,0.4079999999999999,0.32799999999999985
2018-04-02,0.577,0.17000000000000015,0.4179999999999997,0.33099999999999996
2018-04-03,0.5920000000000001,0.17000000000000015,0.44099999999999984,0.32299999999999995
2018-04-04,0.5959999999999996,0.17000000000000015,0.44899999999999984,0.31200000000000006
2018-04-05,0.6020000000000003,0.17000000000000015,0.4580000000000002,0.31200000000000006
2018-04-06,0.6069999999999998,0.17000000000000015,0.45100000000000007,0.31300000000000017
2018-04-09,0.6070000000000002,0.17000000000000015,0.4460000000000002,0.31700000000000017
2018-04-10,0.6000000000000001,0.17000000000000015,0.43699999999999983,0.32200000000000006
2018-04-11,0.605,0.17000000000000015,0.43100000000000005,0.32099999999999995
2018-04-12,0.6059999999999999,0.17000000000000015,0.42399999999999993,0.31699999999999995
2018-04-13,0.609,0.17000000000000015,0.4480000000000004,0.31400000000000006
2018-04-16,0.6080000000000001,0.17000000000000015,0.45599999999999996,0.30900000000000016
2018-04-17,0.6070000000000002,0.17000000000000015,0.4580000000000002,0.31200000000000006
2018-04-18,0.5989999999999998,0.17000000000000015,0.45599999999999996,0.31400000000000006
2018-04-19,0.6030000000000002,0.17000000000000015,0.45199999999999996,0.31600000000000006
2018-04-20,0.6059999999999999,0.17000000000000015,0.47099999999999964,0.32399999999999984
2018-04-23,0.6020000000000003,0.17000000000000015,0.4900000000000002,0.32799999999999985
2018-04-24,0.6030000000000002,0.17000000000000015,0.4990000000000001,0.32600000000000007
2018-04-25,0.6030000000000002,0.17000000000000015,0.516,0.33299999999999996
2018-04-26,0.601,0.17000000000000015,0.5150000000000001,0.32699999999999996
2018-04-27,0.605,0.17000000000000015,0.4990000000000001,0.31899999999999995
2018-04-30,0.6029999999999998,0.17000000000000015,0.4969999999999999,0.31800000000000006
2018-05-02,0.6019999999999999,0.17000000000000015,0.5139999999999998,0.32000000000000006
2018-05-03,0.601,0.17000000000000015,0.5049999999999999,0.32199999999999984
2018-05-04,0.5960000000000001,0.17000000000000015,0.4810000000000003,0.33199999999999985
2018-05-08,0.5899999999999999,0.17000000000000015,0.476,0.345
2018-05-09,0.5949999999999998,0.17000000000000015,0.496,0.351
2018-05-10,0.605,0.17000000000000015,0.496,0.349
2018-05-11,0.605,0.17000000000000015,0.4990000000000001,0.353
2018-05-14,0.5999999999999996,0.17000000000000015,0.48599999999999977,0.363
2018-05-15,0.6000000000000001,0.17000000000000015,0.5020000000000002,0.3620000000000001
2018-05-16,0.6069999999999998,0.17000000000000015,0.5089999999999999,0.349
2018-05-17,0.6099999999999999,0.17000000000000015,0.5339999999999998,0.33899999999999997
2018-05-18,0.613,0.17000000000000015,0.5340000000000003,0.31299999999999994
2018-05-21,0.6120000000000001,0.17000000000000015,0.5180000000000002,0.31600000000000006
2018-05-23,0.6150000000000002,0.17000000000000015,0.512,0.31000000000000005
2018-05-24,0.6270000000000002,0.17000000000000015,0.5290000000000004,0.29499999999999993
2018-05-25,0.625,0.17000000000000015,0.5180000000000002,0.29699999999999993
2018-05-28,0.621,0.17000000000000015,0.5179999999999998,0.29900000000000015
2018-05-29,0.6240000000000001,0.17000000000000015,0.504,0.29400000000000004
2018-05-30,0.625,0.17000000000000015,0.5049999999999999,0.29500000000000015
2018-05-31,0.621,0.17000000000000015,0.5,0.29200000000000004
2018-06-01,0.621,0.17000000000000015,0.5099999999999998,0.29200000000000004
2018-06-04,0.621,0.17000000000000015,0.52,0.29600000000000004
2018-06-05,0.6259999999999999,0.17000000000000015,0.5150000000000001,0.2909999999999999
2018-06-07,0.625,0.17000000000000015,0.5329999999999999,0.29500000000000015
2018-06-08,0.629,0.17000000000000015,0.5249999999999999,0.28800000000000003
2018-06-11,0.6100000000000003,0.17000000000000015,0.5090000000000003,0.29300000000000015
2018-06-12,0.6100000000000003,0.17000000000000015,0.4980000000000002,0.29500000000000015
2018-06-14,0.6190000000000002,0.17000000000000015,0.484,0.30700000000000016
2018-06-15,0.629,0.17000000000000015,0.4860000000000002,0.30500000000000016
2018-06-18,0.629,0.17000000000000015,0.472,0.30400000000000005
2018-06-19,0.6309999999999998,0.17000000000000015,0.45599999999999996,0.30500000000000016
2018-06-20,0.6340000000000003,0.17000000000000015,0.45500000000000007,0.30800000000000005
2018-06-21,0.637,0.17000000000000015,0.44499999999999984,0.30000000000000004
2018-06-22,0.641,0.17000000000000015,0.4610000000000003,0.29899999999999993
2018-06-25,0.641,0.17000000000000015,0.4620000000000002,0.30099999999999993
2018-06-26,0.6399999999999997,0.17000000000000015,0.46999999999999975,0.30300000000000016
2018-06-27,0.645,0.17000000000000015,0.4540000000000002,0.29900000000000015
2018-06-28,0.6469999999999998,0.17000000000000015,0.4429999999999996,0.29800000000000004
2018-06-29,0.6440000000000001,0.17000000000000015,0.43400000000000016,0.29900000000000015
2018-07-02,0.6429999999999998,0.17000000000000015,0.4069999999999996,0.29800000000000004
2018-07-03,0.6430000000000002,0.17000000000000015,0.43900000000000006,0.30099999999999993
2018-07-04,0.645,0.17000000000000015,0.43100000000000005,0.29400000000000004
2018-07-05,0.649,0.17000000000000015,0.45199999999999996,0.28200000000000003
2018-07-06,0.6480000000000001,0.17000000000000015,0.4540000000000002,0.28400000000000003
2018-07-09,0.6479999999999997,0.17000000000000015,0.4509999999999996,0.28500000000000014
2018-07-10,0.6499999999999999,0.17000000000000015,0.45799999999999974,0.2809999999999999
2018-07-11,0.6540000000000004,0.17000000000000015,0.4580000000000002,0.2709999999999999
2018-07-12,0.6540000000000004,0.17000000000000015,0.45199999999999996,0.30600000000000005
2018-07-13,0.6499999999999999,0.17000000000000015,0.45100000000000007,0.31299999999999994
2018-07-16,0.653,0.17000000000000015,0.45799999999999974,0.30699999999999994
2018-07-17,0.6520000000000001,0.17000000000000015,0.4580000000000002,0.29899999999999993
2018-07-18,0.653,0.17000000000000015,0.4429999999999996,0.29400000000000004
2018-07-19,0.6550000000000002,0.17000000000000015,0.45100000000000007,0.29600000000000004
2018-07-20,0.6550000000000002,0.17000000000000015,0.44499999999999984,0.28800000000000003
2018-07-23,0.6579999999999999,0.17000000000000015,0.4580000000000002,0.28800000000000003
2018-07-24,0.6560000000000001,0.17000000000000015,0.4830000000000001,0.29400000000000004
2018-07-25,0.6599999999999997,0.17000000000000015,0.46699999999999964,0.2929999999999999
2018-07-26,0.661,0.17000000000000015,0.47899999999999965,0.29400000000000004
2018-07-27,0.6589999999999998,0.17000000000000015,0.4590000000000001,0.31000000000000005
2018-07-30,0.6579999999999999,0.17000000000000015,0.44499999999999984,0.31400000000000006
2018-07-31,0.6579999999999999,0.17000000000000015,0.44399999999999995,0.31199999999999983
2018-08-01,0.6559999999999997,0.17000000000000015,0.46499999999999986,0.30800000000000005
2018-08-02,0.657,0.17000000000000015,0.46099999999999985,0.30899999999999994
2018-08-03,0.657,0.17000000000000015,0.472,0.30500000000000016
2018-08-06,0.6579999999999999,0.16000000000000014,0.46399999999999997,0.29800000000000004
2018-08-07,0.661,0.16000000000000014,0.4750000000000001,0.2909999999999999
2018-08-08,0.6620000000000004,0.16000000000000014,0.4870000000000001,0.28500000000000014
2018-08-09,0.6640000000000001,0.16000000000000014,0.4710000000000001,0.28200000000000003
2018-08-10,0.6629999999999998,0.16000000000000014,0.4500000000000002,0.28200000000000003
2018-08-13,0.6599999999999997,0.16000000000000014,0.45399999999999974,0.2849999999999999
2018-08-14,0.6579999999999999,0.16000000000000014,0.43999999999999995,0.29000000000000004
2018-08-16,0.657,0.16000000000000014,0.42500000000000027,0.28300000000000014
2018-08-17,0.6619999999999997,0.16000000000000014,0.43399999999999994,0.266
2018-08-20,0.6649999999999998,0.16000000000000014,0.42199999999999993,0.2609999999999999
2018-08-21,0.673,0.16000000000000014,0.46199999999999974,0.23199999999999998
2018-08-22,0.6639999999999999,0.16000000000000014,0.44000000000000017,0.22799999999999998
2018-08-23,0.6619999999999999,0.16000000000000014,0.43199999999999994,0.22699999999999987
2018-08-24,0.661,0.16000000000000014,0.4179999999999997,0.2250000000000001
2018-08-27,0.6179999999999999,0.16000000000000014,0.4079999999999999,0.22599999999999998
2018-08-28,0.5809999999999997,0.16000000000000014,0.389,0.22499999999999987
2018-08-29,0.552,0.16000000000000014,0.40700000000000003,0.22499999999999987
2018-08-30,0.52,0.16000000000000014,0.387,0.22799999999999998
2018-08-31,0.5,0.16000000000000014,0.395,0.19300000000000006
2018-09-03,0.482,0.16000000000000014,0.3699999999999999,0.18900000000000006
2018-09-04,0.4690000000000001,0.16000000000000014,0.381,0.18399999999999994
2018-09-05,0.4580000000000002,0.16000000000000014,0.3690000000000002,0.17999999999999994
2018-09-06,0.4540000000000002,0.16000000000000014,0.3620000000000001,0.18500000000000005
2018-09-07,0.4460000000000002,0.16000000000000014,0.34899999999999975,0.18399999999999994
2018-09-10,0.44900000000000007,0.16000000000000014,0.3400000000000001,0.18700000000000006
2018-09-11,0.4500000000000002,0.16000000000000014,0.3500000000000001,0.19100000000000006
2018-09-12,0.44999999999999996,0.16000000000000014,0.361,0.17999999999999994
2018-09-13,0.44900000000000007,0.16000000000000014,0.34099999999999997,0.19499999999999984
2018-09-14,0.4460000000000002,0.16000000000000014,0.3490000000000002,0.21599999999999997
2018-09-17,0.44599999999999973,0.16000000000000014,0.34899999999999975,0.21699999999999986
2018-09-18,0.44200000000000017,0.16000000000000014,0.3570000000000002,0.22100000000000009
2018-09-19,0.44200000000000017,0.16000000000000014,0.3780000000000001,0.22799999999999998
2018-09-20,0.44099999999999984,0.16000000000000014,0.3929999999999998,0.23899999999999988
2018-09-21,0.4410000000000003,0.16000000000000014,0.3900000000000001,0.23299999999999987
2018-09-27,0.4440000000000004,0.17000000000000015,0.3690000000000002,0.22999999999999998
2018-09-28,0.44399999999999995,0.17000000000000015,0.3520000000000003,0.23199999999999998
2018-10-01,0.44200000000000017,0.17000000000000015,0.3620000000000001,0.23199999999999998
2018-10-02,0.44499999999999984,0.17000000000000015,0.35599999999999987,0.2270000000000001
2018-10-04,0.43999999999999995,0.17000000000000015,0.379,0.24
2018-10-05,0.4379999999999997,0.17000000000000015,0.3689999999999998,0.2430000000000001
2018-10-08,0.43699999999999983,0.17000000000000015,0.36199999999999966,0.23199999999999998
2018-10-10,0.4379999999999997,0.17000000000000015,0.35399999999999965,0.21599999999999997
2018-10-11,0.44300000000000006,0.17000000000000015,0.3490000000000002,0.20400000000000018
2018-10-12,0.4360000000000004,0.16000000000000014,0.3490000000000002,0.20900000000000007
2018-10-15,0.4339999999999997,0.15000000000000013,0.32899999999999974,0.20599999999999996
2018-10-16,0.43400000000000016,0.14000000000000012,0.33199999999999985,0.20500000000000007
2018-10-17,0.43999999999999995,0.14000000000000012,0.31800000000000006,0.20200000000000018
2018-10-18,0.44199999999999995,0.13000000000000012,0.31200000000000006,0.17700000000000005
2018-10-19,0.44299999999999984,0.1200000000000001,0.32899999999999996,0.17300000000000004
2018-10-22,0.44200000000000017,0.1200000000000001,0.33499999999999996,0.17000000000000015
2018-10-23,0.44299999999999984,0.1200000000000001,0.31799999999999984,0.16500000000000004
2018-10-24,0.4379999999999997,0.1200000000000001,0.30200000000000005,0.16500000000000004
2018-10-25,0.4440000000000002,0.1200000000000001,0.28700000000000014,0.16400000000000015
2018-10-26,0.44499999999999984,0.1200000000000001,0.28000000000000025,0.15900000000000003
2018-10-29,0.44999999999999996,0.1200000000000001,0.2769999999999999,0.1319999999999999
2018-10-30,0.45299999999999985,0.1200000000000001,0.29000000000000004,0.14300000000000002
2018-10-31,0.45399999999999974,0.1200000000000001,0.3039999999999998,0.14200000000000013
2018-11-01,0.4520000000000002,0.1200000000000001,0.30899999999999994,0.14000000000000012
2018-11-02,0.44900000000000007,0.1200000000000001,0.30099999999999993,0.15100000000000002
2018-11-05,0.44999999999999996,0.1200000000000001,0.29699999999999993,0.15000000000000013
2018-11-06,0.45199999999999996,0.1200000000000001,0.31099999999999994,0.15100000000000002
2018-11-07,0.45500000000000007,0.1200000000000001,0.29499999999999993,0.14300000000000002
2018-11-08,0.45399999999999996,0.13000000000000012,0.29100000000000015,0.14600000000000013
2018-11-09,0.45599999999999996,0.13000000000000012,0.27300000000000013,0.1439999999999999
2018-11-12,0.4610000000000001,0.13000000000000012,0.2649999999999999,0.139
2018-11-13,0.4620000000000002,0.14000000000000012,0.2709999999999999,0.1399999999999999
2018-11-14,0.4680000000000002,0.14000000000000012,0.2729999999999999,0.1399999999999999
2018-11-15,0.46599999999999975,0.14000000000000012,0.2879999999999998,0.14500000000000002
2018-11-16,0.46399999999999997,0.14000000000000012,0.27300000000000013,0.14500000000000002
2018-11-19,0.46299999999999986,0.14000000000000012,0.2590000000000001,0.1459999999999999
2018-11-20,0.46499999999999986,0.14000000000000012,0.266,0.1479999999999999
2018-11-21,0.46299999999999986,0.15000000000000013,0.2630000000000001,0.15300000000000002
2018-11-22,0.4640000000000002,0.16000000000000014,0.264,0.1499999999999999
2018-11-23,0.474,0.16000000000000014,0.2550000000000001,0.13800000000000012
2018-11-26,0.474,0.16000000000000014,0.2529999999999999,0.125
2018-11-27,0.472,0.16000000000000014,0.242,0.119
2018-11-28,0.46799999999999997,0.16000000000000014,0.23499999999999988,0.119
2018-11-29,0.47099999999999986,0.16000000000000014,0.22499999999999987,0.10400000000000009
2018-11-30,0.47,0.07000000000000006,0.20899999999999985,0.10000000000000009
2018-12-03,0.46399999999999997,0.07000000000000006,0.20400000000000018,0.10099999999999998
2018-12-04,0.4680000000000002,0.07000000000000006,0.18799999999999994,0.09799999999999986
2018-12-05,0.47099999999999986,0.07000000000000006,0.1569999999999998,0.09299999999999997
2018-12-06,0.48,0.07000000000000006,0.14400000000000013,0.07800000000000007
2018-12-07,0.4790000000000001,0.07000000000000006,0.15900000000000003,0.06399999999999983
2018-12-10,0.4900000000000002,0.07000000000000006,0.17500000000000004,0.04600000000000004
2018-12-11,0.49199999999999977,0.07000000000000006,0.18799999999999994,0.040999999999999925
2018-12-12,0.4889999999999999,0.07000000000000006,0.20699999999999985,0.018999999999999906
2018-12-13,0.4929999999999999,0.07000000000000006,0.22299999999999986,0.018000000000000016
2018-12-14,0.4960000000000002,0.07000000000000006,0.22099999999999986,0.009000000000000119
2018-12-17,0.488,0.07000000000000006,0.20900000000000007,0.010000000000000009
2018-12-18,0.4870000000000001,0.07000000000000006,0.18600000000000017,0.0
2018-12-19,0.4889999999999999,0.07000000000000006,0.14900000000000002,-0.006000000000000005
2018-12-20,0.4829999999999999,0.07000000000000006,0.1319999999999999,-0.004999999999999893
2018-12-21,0.472,0.07000000000000006,0.1319999999999999,-0.008999999999999897
2018-12-24,0.4670000000000001,0.07000000000000006,0.1439999999999999,-0.008000000000000007
2018-12-26,0.472,0.050000000000000044,0.14100000000000001,-0.010999999999999899
2018-12-27,0.472,0.050000000000000044,0.133,-0.011999999999999789
2018-12-28,0.47,0.040000000000000036,0.131,-0.01200000000000001
2018-12-31,0.47,0.040000000000000036,0.131,-0.01200000000000001
2019-01-02,0.46799999999999997,0.040000000000000036,0.1459999999999999,-0.021999999999999797
2019-01-03,0.4690000000000001,0.050000000000000044,0.15900000000000003,-0.020999999999999908
2019-01-04,0.46199999999999997,0.10999999999999988,0.17500000000000004,-0.026999999999999913
2019-01-07,0.46099999999999985,0.10999999999999988,0.17000000000000015,-0.02100000000000013
2019-01-08,0.4590000000000001,0.10999999999999988,0.18399999999999994,-0.018000000000000016
2019-01-09,0.4610000000000001,0.10999999999999988,0.17600000000000016,-0.018999999999999906
2019-01-10,0.46299999999999986,0.10999999999999988,0.16799999999999993,-0.02299999999999991
2019-01-11,0.45799999999999996,0.10999999999999988,0.18799999999999994,-0.02100000000000013
2019-01-14,0.4600000000000002,0.10999999999999988,0.17600000000000016,-0.02200000000000002
2019-01-15,0.4610000000000001,0.10999999999999988,0.17100000000000004,-0.018999999999999906
2019-01-16,0.45500000000000007,0.10999999999999988,0.17900000000000005,-0.019000000000000128
2019-01-17,0.45999999999999996,0.10999999999999988,0.18100000000000005,-0.019000000000000128
2019-01-18,0.45299999999999985,0.10999999999999988,0.19399999999999995,-0.014000000000000012
2019-01-21,0.44999999999999996,0.10999999999999988,0.20700000000000007,-0.014000000000000012
2019-01-22,0.45199999999999996,0.10999999999999988,0.19400000000000017,-0.018999999999999906
2019-01-23,0.45299999999999985,0.10999999999999988,0.18100000000000005,-0.01399999999999979
2019-01-24,0.45100000000000007,0.10999999999999988,0.18300000000000005,-0.006999999999999895
2019-01-25,0.44900000000000007,0.10999999999999988,0.19299999999999984,-0.006999999999999895
2019-01-28,0.44699999999999984,0.10999999999999988,0.19900000000000007,-0.0040000000000000036
2019-01-29,0.4460000000000002,0.10999999999999988,0.2120000000000002,0.0
2019-01-30,0.44499999999999984,0.10999999999999988,0.2240000000000002,0.0029999999999998916
2019-01-31,0.44699999999999984,0.10999999999999988,0.19199999999999995,0.0030000000000001137
2019-02-01,0.44799999999999995,0.10999999999999988,0.18000000000000016,0.0009999999999998899
2019-02-07,0.4480000000000002,0.10999999999999988,0.19400000000000017,-0.001000000000000112
2019-02-08,0.44799999999999995,0.10999999999999988,0.17900000000000005,-0.004999999999999893
2019-02-11,0.4480000000000002,0.10999999999999988,0.16200000000000014,-0.006000000000000005
2019-02-12,0.44599999999999995,0.10999999999999988,0.18199999999999994,-0.0019999999999997797
2019-02-13,0.44599999999999995,0.10999999999999988,0.18600000000000017,0.0
2019-02-14,0.44799999999999995,0.10999999999999988,0.19599999999999995,-0.001000000000000112
2019-02-15,0.45199999999999996,0.10999999999999988,0.18300000000000005,-0.0020000000000000018
2019-02-18,0.44699999999999984,0.09999999999999987,0.19300000000000006,0.0030000000000001137
2019-02-19,0.44900000000000007,0.09000000000000008,0.19599999999999995,0.0029999999999998916
2019-02-20,0.44999999999999973,0.08000000000000007,0.18999999999999995,0.0050000000000001155
2019-02-21,0.44700000000000006,0.08000000000000007,0.19899999999999984,0.0040000000000000036
2019-02-22,0.44599999999999973,0.08000000000000007,0.19399999999999995,0.006000000000000005
2019-02-25,0.4460000000000002,0.08000000000000007,0.19300000000000006,0.007000000000000117
2019-02-26,0.44500000000000006,0.08000000000000007,0.18700000000000006,0.006000000000000005
2019-02-27,0.44599999999999995,0.08000000000000007,0.17700000000000005,0.0050000000000001155
2019-02-28,0.4480000000000002,0.08000000000000007,0.17400000000000015,0.010000000000000009
2019-03-04,0.44700000000000006,0.08000000000000007,0.19300000000000006,0.010999999999999899
2019-03-05,0.44699999999999984,0.08000000000000007,0.19299999999999984,0.01100000000000012
2019-03-06,0.44999999999999996,0.08000000000000007,0.19299999999999984,0.010000000000000009
2019-03-07,0.4520000000000002,0.08000000000000007,0.18799999999999994,0.007000000000000117
2019-03-08,0.45299999999999985,0.08000000000000007,0.17100000000000004,0.0040000000000000036
2019-03-11,0.45100000000000007,0.08000000000000007,0.17599999999999993,0.006000000000000005
2019-03-12,0.45199999999999996,0.09000000000000008,0.18100000000000005,0.006000000000000005
2019-03-13,0.4530000000000003,0.09000000000000008,0.17100000000000004,0.0040000000000000036
2019-03-14,0.45300000000000007,0.09000000000000008,0.18500000000000005,0.0030000000000001137
2019-03-15,0.45299999999999985,0.08000000000000007,0.18600000000000017,0.008000000000000007
2019-03-18,0.45199999999999974,0.08000000000000007,0.18199999999999994,0.008999999999999897
2019-03-19,0.45199999999999996,0.08000000000000007,0.16900000000000004,0.008999999999999897
2019-03-20,0.4520000000000002,0.08000000000000007,0.16800000000000015,0.010000000000000009
2019-03-21,0.45399999999999996,0.08000000000000007,0.139,0.0040000000000000036
2019-03-22,0.45399999999999996,0.08000000000000007,0.1339999999999999,0.006999999999999895
2019-03-25,0.45500000000000007,0.08000000000000007,0.11799999999999988,0.0
2019-03-26,0.4540000000000002,0.08000000000000007,0.14200000000000013,-0.0040000000000000036
2019-03-27,0.46499999999999986,0.08000000000000007,0.123,-0.014999999999999902
2019-03-28,0.47199999999999975,0.08000000000000007,0.131,-0.02499999999999991
2019-03-29,0.47299999999999986,0.08000000000000007,0.14300000000000002,-0.025000000000000133
2019-04-01,0.4710000000000001,0.08000000000000007,0.14000000000000012,-0.016000000000000014
2019-04-02,0.472,0.09000000000000008,0.15000000000000013,-0.016999999999999904
2019-04-03,0.4730000000000001,0.10999999999999988,0.16900000000000004,-0.010999999999999899
2019-04-04,0.474,0.10999999999999988,0.15700000000000003,-0.010000000000000009
2019-04-05,0.47199999999999975,0.11999999999999988,0.15799999999999992,-0.0040000000000000036
2019-04-08,0.4730000000000001,0.11999999999999988,0.14500000000000002,-0.0039999999999997815
2019-04-09,0.472,0.11999999999999988,0.14700000000000002,-0.0039999999999997815
2019-04-10,0.47,0.11999999999999988,0.1399999999999999,-0.0030000000000001137
2019-04-11,0.47,0.11999999999999988,0.135,-0.001000000000000112
2019-04-12,0.4710000000000001,0.11999999999999988,0.1479999999999999,-0.0009999999999998899
2019-04-15,0.4690000000000001,0.11999999999999988,0.16500000000000004,0.007000000000000117
2019-04-16,0.4690000000000001,0.11999999999999988,0.16700000000000004,0.007000000000000117
2019-04-17,0.4710000000000001,0.11999999999999988,0.16900000000000004,0.010000000000000009
2019-04-18,0.47399999999999975,0.11999999999999988,0.1519999999999999,-0.0040000000000000036
2019-04-19,0.4720000000000002,0.11999999999999988,0.14300000000000002,0.0
2019-04-22,0.4720000000000002,0.1299999999999999,0.16000000000000014,0.0030000000000001137
2019-04-23,0.47,0.1299999999999999,0.15500000000000003,0.0020000000000000018
2019-04-24,0.46999999999999975,0.1299999999999999,0.1629999999999998,-0.0020000000000000018
2019-04-25,0.47099999999999986,0.1299999999999999,0.15500000000000003,-0.010000000000000009
2019-04-26,0.47099999999999986,0.1399999999999999,0.15599999999999992,-0.009000000000000119
2019-04-29,0.4720000000000002,0.1399999999999999,0.15200000000000014,-0.009000000000000119
2019-04-30,0.47199999999999975,0.1399999999999999,0.1459999999999999,-0.010999999999999899
2019-05-02,0.4690000000000001,0.1299999999999999,0.15300000000000002,-0.0019999999999997797
2019-05-03,0.4650000000000001,0.11999999999999988,0.1609999999999998,0.0
2019-05-07,0.46599999999999997,0.11999999999999988,0.16199999999999992,-0.0020000000000000018
2019-05-08,0.4670000000000001,0.10999999999999988,0.1609999999999998,-0.0030000000000001137
2019-05-09,0.4680000000000002,0.10999999999999988,0.15300000000000002,-0.0040000000000000036
2019-05-10,0.46799999999999975,0.10999999999999988,0.15399999999999991,0.001000000000000112
2019-05-13,0.46499999999999986,0.10999999999999988,0.15300000000000002,0.0020000000000000018
2019-05-14,0.46599999999999997,0.10999999999999988,0.15700000000000003,-0.0020000000000000018
2019-05-15,0.46499999999999986,0.09999999999999987,0.15500000000000003,-0.0020000000000000018
2019-05-16,0.47099999999999986,0.09999999999999987,0.14500000000000002,-0.008999999999999897
2019-05-17,0.4750000000000001,0.09999999999999987,0.15200000000000014,-0.010999999999999899
2019-05-20,0.476,0.09999999999999987,0.16599999999999993,-0.007000000000000117
2019-05-21,0.47899999999999987,0.09999999999999987,0.16700000000000004,-0.01200000000000001
2019-05-22,0.4770000000000001,0.09999999999999987,0.16100000000000003,-0.01100000000000012
2019-05-23,0.4829999999999999,0.09999999999999987,0.16000000000000014,-0.01200000000000001
2019-05-24,0.4829999999999999,0.09999999999999987,0.14900000000000002,-0.01200000000000001
2019-05-27,0.47899999999999987,0.09999999999999987,0.14500000000000002,-0.01100000000000012
2019-05-28,0.476,0.09999999999999987,0.139,-0.008999999999999897
2019-05-29,0.4840000000000002,0.09999999999999987,0.12200000000000011,-0.014999999999999902
2019-05-30,0.484,0.09999999999999987,0.11500000000000021,-0.0129999999999999
2019-05-31,0.4880000000000002,0.08999999999999986,0.09499999999999997,-0.02100000000000013
2019-06-03,0.4989999999999999,0.10999999999999988,0.1160000000000001,-0.026000000000000023
2019-06-04,0.4999999999999998,0.10999999999999988,0.11399999999999988,-0.027999999999999803
2019-06-05,0.5079999999999998,0.10999999999999988,0.11199999999999988,-0.03299999999999992
2019-06-07,0.5100000000000002,0.10999999999999988,0.119,-0.03200000000000003
2019-06-10,0.5150000000000001,0.10999999999999988,0.1280000000000001,-0.03399999999999981
2019-06-11,0.5109999999999999,0.10999999999999988,0.1379999999999999,-0.03299999999999992
2019-06-12,0.53,0.11999999999999988,0.131,-0.04300000000000015
2019-06-13,0.5219999999999998,0.11999999999999988,0.133,-0.04100000000000015
2019-06-14,0.5190000000000001,0.11999999999999988,0.121,-0.04299999999999993
2019-06-17,0.5139999999999998,0.1299999999999999,0.1299999999999999,-0.038999999999999924
2019-06-18,0.514,0.1299999999999999,0.121,-0.038000000000000034
2019-06-19,0.5110000000000001,0.1299999999999999,0.11699999999999999,-0.038999999999999924
2019-06-20,0.5190000000000001,0.1299999999999999,0.125,-0.04899999999999993
2019-06-21,0.5090000000000001,0.11999999999999988,0.129,-0.04700000000000015
2019-06-24,0.5090000000000001,0.1299999999999999,0.123,-0.04600000000000004
2019-06-25,0.4930000000000001,0.1299999999999999,0.1060000000000001,-0.03300000000000014
2019-06-26,0.486,0.1399999999999999,0.10899999999999999,-0.02299999999999991
2019-06-27,0.49,0.1399999999999999,0.12200000000000011,-0.02400000000000002
2019-06-28,0.4950000000000001,0.1399999999999999,0.12400000000000011,-0.02299999999999991
2019-07-01,0.4949999999999999,0.1399999999999999,0.129,-0.02299999999999991
2019-07-02,0.4949999999999999,0.1399999999999999,0.123,-0.02499999999999991
2019-07-03,0.496,0.1399999999999999,0.10499999999999998,-0.03400000000000003
2019-07-04,0.4990000000000001,0.1299999999999999,0.10699999999999998,-0.03600000000000003
2019-07-05,0.5,0.1299999999999999,0.10999999999999988,-0.03400000000000003
2019-07-08,0.5,0.1299999999999999,0.1080000000000001,-0.03299999999999992
2019-07-09,0.4990000000000001,0.1299999999999999,0.1140000000000001,-0.03299999999999992
2019-07-10,0.5,0.1299999999999999,0.12400000000000011,-0.028000000000000025
2019-07-11,0.5009999999999999,0.1299999999999999,0.1279999999999999,-0.03299999999999992
2019-07-12,0.5030000000000001,0.1299999999999999,0.14500000000000002,-0.03100000000000014
2019-07-15,0.5030000000000001,0.1299999999999999,0.14800000000000013,-0.027000000000000135
2019-07-16,0.5029999999999999,0.1299999999999999,0.1419999999999999,-0.028000000000000025
2019-07-17,0.504,0.17999999999999994,0.14700000000000002,-0.03399999999999981
2019-07-18,0.5050000000000001,0.22999999999999998,0.127,-0.051000000000000156
2019-07-19,0.5050000000000001,0.25,0.129,-0.05300000000000016
2019-07-22,0.504,0.25,0.13200000000000012,-0.04800000000000004
2019-07-23,0.504,0.22999999999999998,0.133,-0.04800000000000004
2019-07-24,0.5090000000000001,0.24,0.14400000000000013,-0.050000000000000044
2019-07-25,0.5069999999999999,0.25,0.129,-0.050000000000000044
2019-07-26,0.5089999999999999,0.25,0.11799999999999988,-0.04700000000000015
2019-07-29,0.5109999999999999,0.24,0.10599999999999987,-0.04700000000000015
2019-07-30,0.5110000000000001,0.24,0.1080000000000001,-0.04800000000000004
2019-07-31,0.5109999999999999,0.26,0.09799999999999986,-0.049000000000000155
2019-08-01,0.5130000000000001,0.26,0.10099999999999998,-0.04300000000000015
2019-08-02,0.5129999999999999,0.25,0.08899999999999997,-0.04700000000000015
2019-08-05,0.5210000000000001,0.24,0.08099999999999996,-0.06399999999999983
2019-08-06,0.5249999999999999,0.24,0.09299999999999997,-0.08000000000000007
2019-08-07,0.5249999999999999,0.24,0.09799999999999986,-0.121
2019-08-08,0.526,0.24,0.10499999999999998,-0.14300000000000002
2019-08-09,0.5210000000000001,0.24,0.10000000000000009,-0.15800000000000014
2019-08-12,0.524,0.24,0.10299999999999998,-0.15000000000000013
2019-08-13,0.528,0.24,0.07900000000000018,-0.14200000000000013
2019-08-14,0.5289999999999999,0.22999999999999998,0.08200000000000007,-0.14100000000000001
2019-08-16,0.5309999999999999,0.22999999999999998,0.07699999999999996,-0.1519999999999999
2019-08-19,0.5349999999999999,0.22999999999999998,0.09099999999999997,-0.15400000000000014
2019-08-20,0.5349999999999999,0.22999999999999998,0.09699999999999998,-0.15999999999999992
2019-08-21,0.5290000000000001,0.22999999999999998,0.121,-0.14600000000000013
2019-08-22,0.528,0.22999999999999998,0.0990000000000002,-0.17199999999999993
2019-08-23,0.522,0.22999999999999998,0.09199999999999986,-0.16900000000000004
2019-08-26,0.5269999999999999,0.22999999999999998,0.07000000000000006,-0.19299999999999984
2019-08-27,0.524,0.22999999999999998,0.06699999999999995,-0.16599999999999993
2019-08-28,0.5210000000000001,0.22999999999999998,0.06400000000000006,-0.16399999999999992
2019-08-29,0.524,0.22999999999999998,0.08099999999999996,-0.16199999999999992
2019-08-30,0.5250000000000001,0.22999999999999998,0.1080000000000001,-0.1549999999999998
2019-09-02,0.5069999999999999,0.22999999999999998,0.11099999999999999,-0.13000000000000012
2019-09-03,0.506,0.22999999999999998,0.10299999999999998,-0.13200000000000012
2019-09-04,0.5,0.21999999999999997,0.10299999999999998,-0.12399999999999989
2019-09-05,0.5010000000000001,0.18999999999999995,0.1080000000000001,-0.11999999999999988
2019-09-06,0.504,0.17999999999999994,0.1160000000000001,-0.119
2019-09-09,0.5069999999999999,0.17999999999999994,0.11799999999999988,-0.1180000000000001
2019-09-10,0.506,0.17999999999999994,0.1280000000000001,-0.10299999999999998
2019-09-11,0.506,0.17999999999999994,0.139,-0.09200000000000008
2019-09-16,0.502,0.17999999999999994,0.18799999999999994,-0.04800000000000004
2019-09-17,0.5070000000000001,0.17999999999999994,0.18500000000000005,-0.04600000000000004
2019-09-18,0.5070000000000001,0.17999999999999994,0.15900000000000003,-0.03699999999999992
2019-09-19,0.506,0.16999999999999993,0.13400000000000012,-0.026000000000000023
2019-09-20,0.504,0.16999999999999993,0.123,-0.025000000000000133
2019-09-23,0.506,0.16999999999999993,0.131,-0.020000000000000018
2019-09-24,0.504,0.16999999999999993,0.129,-0.017000000000000126
2019-09-25,0.5029999999999999,0.16999999999999993,0.11999999999999988,-0.018000000000000016
2019-09-26,0.5050000000000001,0.16999999999999993,0.13200000000000012,-0.020999999999999908
2019-09-27,0.5050000000000001,0.16999999999999993,0.137,-0.02200000000000002
2019-09-30,0.5030000000000001,0.16999999999999993,0.15900000000000003,-0.02200000000000002
2019-10-01,0.5010000000000001,0.16999999999999993,0.17500000000000004,-0.02400000000000002
2019-10-02,0.5030000000000001,0.16999999999999993,0.19400000000000017,-0.026000000000000023
2019-10-04,0.5070000000000001,0.16999999999999993,0.16300000000000003,-0.03499999999999992
2019-10-07,0.506,0.16999999999999993,0.15399999999999991,-0.029000000000000137
2019-10-08,0.502,0.16999999999999993,0.16500000000000004,-0.03100000000000014
2019-10-10,0.5029999999999999,0.16999999999999993,0.18300000000000005,-0.029000000000000137
2019-10-11,0.504,0.16999999999999993,0.20700000000000007,-0.028999999999999915
2019-10-14,0.506,0.16999999999999993,0.20700000000000007,-0.026000000000000023
2019-10-15,0.51,0.16999999999999993,0.2180000000000002,-0.02200000000000002
2019-10-16,0.5069999999999999,0.33999999999999986,0.20999999999999996,-0.018000000000000016
2019-10-17,0.504,0.32999999999999985,0.20300000000000007,-0.016000000000000014
2019-10-18,0.5049999999999999,0.31999999999999984,0.21199999999999997,-0.018000000000000016
2019-10-21,0.504,0.30999999999999983,0.252,-0.010999999999999899
2019-10-22,0.506,0.2899999999999998,0.276,-0.008000000000000007
2019-10-23,0.506,0.2899999999999998,0.266,-0.0040000000000000036
2019-10-24,0.5090000000000001,0.2799999999999998,0.2450000000000001,0.0029999999999998916
2019-10-25,0.508,0.2799999999999998,0.242,0.018000000000000016
2019-10-28,0.4949999999999999,0.20999999999999996,0.242,0.028999999999999915
2019-10-29,0.4949999999999999,0.20999999999999996,0.2779999999999998,0.029000000000000137
2019-10-30,0.5,0.20999999999999996,0.2719999999999998,0.03299999999999992
2019-10-31,0.5070000000000001,0.20999999999999996,0.262,0.03699999999999992
2019-11-01,0.5089999999999999,0.20999999999999996,0.2649999999999999,0.04100000000000015
2019-11-04,0.5029999999999999,0.18999999999999995,0.2769999999999999,0.06099999999999994
2019-11-05,0.5039999999999998,0.15999999999999992,0.29499999999999993,0.05800000000000005
2019-11-06,0.5029999999999999,0.1499999999999999,0.29000000000000004,0.06299999999999994
2019-11-07,0.5070000000000001,0.1299999999999999,0.28100000000000014,0.06399999999999983
2019-11-08,0.5050000000000001,0.1299999999999999,0.2849999999999999,0.06600000000000006
2019-11-11,0.5110000000000001,0.11999999999999988,0.28800000000000003,0.06300000000000017
2019-11-12,0.5,0.11999999999999988,0.278,0.07299999999999995
2019-11-13,0.5050000000000001,0.11999999999999988,0.2769999999999999,0.07199999999999984
2019-11-14,0.5010000000000001,0.11999999999999988,0.27,0.07299999999999995
2019-11-15,0.5060000000000002,0.11999999999999988,0.27700000000000014,0.07400000000000007
2019-11-18,0.5050000000000001,0.11999999999999988,0.2629999999999999,0.08400000000000007
2019-11-19,0.51,0.11999999999999988,0.2489999999999999,0.08099999999999996
2019-11-20,0.5150000000000001,0.11999999999999988,0.22100000000000009,0.06399999999999983
2019-11-21,0.516,0.11999999999999988,0.20999999999999996,0.06999999999999984
2019-11-22,0.516,0.11999999999999988,0.2310000000000001,0.06000000000000005
2019-11-25,0.5129999999999999,0.11999999999999988,0.25,0.05899999999999994
2019-11-26,0.514,0.11999999999999988,0.23199999999999998,0.05699999999999994
2019-11-27,0.5190000000000001,0.11999999999999988,0.21500000000000008,0.04999999999999982
2019-11-28,0.5270000000000001,0.11999999999999988,0.2370000000000001,0.04599999999999982
2019-11-29,0.5369999999999999,0.11999999999999988,0.24499999999999988,0.038999999999999924
2019-12-02,0.532,0.1299999999999999,0.2629999999999999,0.03699999999999992
2019-12-03,0.526,0.1299999999999999,0.276,0.039999999999999813
2019-12-04,0.5330000000000001,0.1299999999999999,0.2510000000000001,0.027000000000000135
2019-12-05,0.534,0.1299999999999999,0.238,0.03300000000000014
2019-12-06,0.5390000000000001,0.1299999999999999,0.25,0.03200000000000003
2019-12-09,0.5430000000000001,0.1299999999999999,0.252,0.028000000000000025
2019-12-10,0.5590000000000002,0.1299999999999999,0.2260000000000002,0.018000000000000016
2019-12-11,0.5609999999999999,0.1299999999999999,0.24,0.014000000000000012
2019-12-12,0.56,0.1299999999999999,0.2370000000000001,0.01200000000000001
2019-12-13,0.56,0.1299999999999999,0.2470000000000001,0.01100000000000012
2019-12-16,0.5660000000000001,0.1399999999999999,0.2430000000000001,0.008999999999999897
2019-12-17,0.567,0.1399999999999999,0.242,0.010000000000000009
2019-12-18,0.5700000000000001,0.1399999999999999,0.2490000000000001,0.007000000000000117
2019-12-19,0.5660000000000001,0.1399999999999999,0.272,0.016999999999999904
2019-12-20,0.5670000000000002,0.1399999999999999,0.28100000000000014,0.018000000000000016
2019-12-23,0.5710000000000002,0.1399999999999999,0.262,0.01200000000000001
2019-12-24,0.575,0.1399999999999999,0.2609999999999999,0.010000000000000009
2019-12-26,0.5740000000000001,0.1399999999999999,0.274,0.008000000000000007
2019-12-27,0.5739999999999998,0.1499999999999999,0.31299999999999994,0.008000000000000007
2019-12-30,0.577,0.15999999999999992,0.32299999999999995,0.010000000000000009
2019-12-31,0.577,0.15999999999999992,0.32299999999999995,0.010000000000000009
2020-01-02,0.5800000000000001,0.15999999999999992,0.31099999999999994,0.008000000000000007
2020-01-03,0.5880000000000001,0.15999999999999992,0.2849999999999999,0.0040000000000000036
2020-01-06,0.5840000000000001,0.19999999999999996,0.264,0.0
2020-01-07,0.5800000000000001,0.22999999999999998,0.28200000000000003,0.010000000000000009
2020-01-08,0.5760000000000001,0.22999999999999998,0.2669999999999999,0.020000000000000018
2020-01-09,0.5670000000000002,0.22999999999999998,0.27100000000000013,0.019000000000000128
2020-01-10,0.5660000000000001,0.22999999999999998,0.2809999999999999,0.019000000000000128
2020-01-13,0.5710000000000002,0.22999999999999998,0.31100000000000017,0.02300000000000013
2020-01-14,0.5820000000000001,0.22999999999999998,0.33000000000000007,0.02400000000000002
2020-01-15,0.581,0.22999999999999998,0.30400000000000005,0.027000000000000135
2020-01-16,0.575,0.22999999999999998,0.27500000000000013,0.03299999999999992
2020-01-17,0.5769999999999997,0.22999999999999998,0.30800000000000005,0.038999999999999924
2020-01-20,0.5789999999999997,0.22999999999999998,0.30699999999999994,0.038999999999999924
2020-01-21,0.591,0.22999999999999998,0.29400000000000004,0.027000000000000135
2020-01-22,0.579,0.22999999999999998,0.28600000000000003,0.03200000000000003
2020-01-23,0.5819999999999999,0.22999999999999998,0.28,0.03100000000000014
2020-01-28,0.5879999999999999,0.22999999999999998,0.2509999999999999,0.02499999999999991
2020-01-29,0.5919999999999999,0.22999999999999998,0.252,0.02300000000000013
2020-01-30,0.5960000000000001,0.26,0.252,0.010000000000000009
2020-01-31,0.5960000000000001,0.27,0.2550000000000001,0.010000000000000009
2020-02-03,0.593,0.27,0.256,0.010999999999999899
2020-02-04,0.5920000000000001,0.27,0.29699999999999993,0.015000000000000124
2020-02-05,0.5940000000000001,0.26,0.29400000000000004,0.01399999999999979
2020-02-06,0.593,0.26,0.31899999999999995,0.01399999999999979
2020-02-07,0.5940000000000001,0.26,0.32099999999999995,0.0040000000000000036
2020-02-10,0.5899999999999999,0.26,0.30699999999999994,0.006999999999999895
2020-02-11,0.589,0.26,0.30300000000000016,0.008000000000000007
2020-02-12,0.593,0.26,0.31600000000000006,0.006999999999999895
2020-02-13,0.5980000000000001,0.26,0.3340000000000001,0.0040000000000000036
2020-02-14,0.583,0.26,0.32299999999999995,0.020999999999999908
2020-02-17,0.5859999999999999,0.26,0.30200000000000005,0.018000000000000016
2020-02-18,0.5920000000000001,0.25,0.28900000000000015,0.01100000000000012
2020-02-19,0.591,0.22999999999999998,0.2749999999999999,0.01200000000000001
2020-02-20,0.599,0.21999999999999997,0.2809999999999999,0.006000000000000005
2020-02-21,0.6000000000000001,0.2100000000000002,0.2610000000000001,-0.0050000000000001155
2020-02-24,0.601,0.20000000000000018,0.2769999999999999,-0.006999999999999895
2020-02-25,0.5939999999999999,0.19000000000000017,0.258,0.001000000000000112
2020-02-26,0.599,0.18000000000000016,0.26,-0.0030000000000001137
2020-02-27,0.5960000000000001,0.17000000000000015,0.2490000000000001,0.0
2020-02-28,0.603,0.16000000000000014,0.22899999999999987,-0.0040000000000000036
2020-03-02,0.6000000000000001,0.15000000000000013,0.24400000000000022,0.0020000000000000018
2020-03-03,0.6079999999999999,0.15000000000000013,0.2609999999999999,0.0009999999999998899
2020-03-04,0.615,0.15000000000000013,0.27,-0.014000000000000012
2020-03-05,0.615,0.15000000000000013,0.28600000000000003,-0.010999999999999899
2020-03-06,0.6139999999999999,0.15000000000000013,0.29200000000000004,-0.006000000000000005
2020-03-09,0.619,0.15000000000000013,0.248,-0.018999999999999906
2020-03-10,0.6259999999999999,0.15000000000000013,0.2729999999999999,-0.019000000000000128
2020-03-11,0.6259999999999999,0.15000000000000013,0.2829999999999999,-0.0129999999999999
2020-03-12,0.645,0.16000000000000014,0.32499999999999996,-0.02200000000000002
2020-03-13,0.661,0.16000000000000014,0.42100000000000004,-0.0040000000000000036
2020-03-16,0.6659999999999999,0.15000000000000013,0.42500000000000004,0.0040000000000000036
2020-03-17,0.71,0.3400000000000001,0.41100000000000003,0.05799999999999994
2020-03-18,0.72,0.3500000000000001,0.45199999999999996,0.06399999999999995
2020-03-19,0.754,0.3899999999999999,0.46399999999999997,0.10000000000000009
2020-03-20,0.8380000000000001,0.44999999999999996,0.504,0.06999999999999995
2020-03-23,0.8569999999999998,0.54,0.565,0.07699999999999996
2020-03-24,0.8789999999999998,0.5899999999999999,0.581,0.06399999999999995
2020-03-25,0.8939999999999999,0.7799999999999998,0.516,0.07199999999999995
2020-03-26,0.9680000000000002,0.9499999999999997,0.43500000000000005,0.06899999999999995
2020-03-27,0.9790000000000001,1.0,0.472,0.09299999999999997
2020-03-30,0.9759999999999998,1.0699999999999998,0.46399999999999997,0.10099999999999987
2020-03-31,1.007,1.1,0.48099999999999987,0.08999999999999997
2020-04-01,1.0070000000000001,1.12,0.45299999999999985,0.09099999999999997
2020-04-02,1.034,1.1400000000000001,0.4590000000000001,0.09099999999999997
2020-04-03,1.034,1.1,0.482,0.10399999999999998
2020-04-06,1.048,1.1,0.4909999999999999,0.123
2020-04-07,1.0530000000000002,1.0899999999999999,0.5330000000000001,0.14100000000000001
2020-04-08,1.073,1.0899999999999999,0.4869999999999999,0.14600000000000002
2020-04-09,1.107,1.06,0.45199999999999996,0.133
2020-04-10,1.122,1.04,0.474,0.131
2020-04-13,1.124,1.0299999999999998,0.4730000000000001,0.14200000000000002
2020-04-14,1.13,1.0299999999999998,0.46799999999999997,0.14600000000000002
2020-04-16,1.1410000000000002,1.0299999999999998,0.42900000000000005,0.14600000000000002
2020-04-17,1.1420000000000001,1.0099999999999998,0.43199999999999994,0.14500000000000002
2020-04-20,1.1400000000000001,0.9899999999999998,0.43100000000000005,0.14700000000000002
2020-04-21,1.1530000000000002,0.98,0.42300000000000004,0.14400000000000002
2020-04-22,1.1569999999999998,0.96,0.486,0.14700000000000002
2020-04-23,1.1669999999999998,0.9099999999999997,0.5089999999999999,0.14400000000000002
2020-04-24,1.183,0.9099999999999997,0.528,0.135
2020-04-27,1.1889999999999998,0.9099999999999997,0.55,0.139
2020-04-28,1.1910000000000003,0.9099999999999997,0.5270000000000001,0.14
2020-04-29,1.212,0.9099999999999997,0.512,0.14100000000000001
2020-05-04,1.2279999999999998,0.9099999999999997,0.5240000000000001,0.136
2020-05-06,1.242,0.9099999999999997,0.548,0.127
2020-05-07,1.252,0.9199999999999999,0.534,0.127
2020-05-08,1.2679999999999998,0.9099999999999999,0.5119999999999999,0.124
2020-05-11,1.2719999999999998,0.9299999999999999,0.5359999999999999,0.124
2020-05-12,1.287,0.9299999999999999,0.5379999999999999,0.124
2020-05-13,1.299,0.9299999999999999,0.5359999999999999,0.11599999999999999
2020-05-14,1.301,0.9199999999999999,0.512,0.11699999999999999
2020-05-15,1.302,0.9099999999999999,0.509,0.11399999999999999
2020-05-18,1.3010000000000002,0.8999999999999999,0.5069999999999999,0.10799999999999998
2020-05-19,1.3090000000000002,0.9199999999999999,0.515,0.10799999999999998
2020-05-20,1.3130000000000002,0.9099999999999999,0.4900000000000001,0.10099999999999998
2020-05-21,1.3210000000000002,0.8999999999999999,0.4860000000000001,0.09799999999999998
2020-05-22,1.328,0.8899999999999999,0.51,0.09399999999999997
2020-05-25,1.3370000000000002,0.8799999999999999,0.5010000000000001,0.08699999999999997
2020-05-26,1.3370000000000002,0.8699999999999999,0.4890000000000001,0.08199999999999996
2020-05-27,1.3330000000000002,0.8599999999999999,0.4770000000000001,0.08699999999999997
2020-05-28,1.339,0.8199999999999998,0.525,0.09199999999999997
2020-05-29,1.3319999999999999,0.81,0.5480000000000002,0.09499999999999997
2020-06-01,1.3330000000000002,0.81,0.5640000000000001,0.09699999999999998
2020-06-02,1.331,0.81,0.5269999999999999,0.10399999999999998
2020-06-03,1.3329999999999997,0.81,0.5599999999999999,0.11199999999999999
2020-06-04,1.331,0.81,0.5459999999999999,0.12
2020-06-05,1.33,0.81,0.5579999999999999,0.122
2020-06-08,1.3249999999999997,0.79,0.551,0.122
2020-06-09,1.3430000000000002,0.78,0.536,0.11599999999999999
2020-06-10,1.3650000000000002,0.77,0.5579999999999999,0.11299999999999999
2020-06-11,1.3670000000000002,0.77,0.546,0.11299999999999999
2020-06-12,1.369,0.76,0.5469999999999999,0.10999999999999999
2020-06-15,1.368,0.75,0.563,0.11499999999999999
2020-06-16,1.3650000000000002,0.75,0.5419999999999999,0.11299999999999999
2020-06-17,1.37,0.75,0.535,0.118
2020-06-18,1.383,0.75,0.5280000000000001,0.10699999999999998
2020-06-19,1.3860000000000001,0.75,0.5359999999999999,0.10099999999999998
2020-06-22,1.3860000000000001,0.75,0.5439999999999999,0.09999999999999998
2020-06-23,1.3970000000000002,0.75,0.558,0.09399999999999997
2020-06-24,1.4020000000000001,0.75,0.544,0.09399999999999997
2020-06-25,1.4030000000000002,0.75,0.5270000000000001,0.09499999999999997
2020-06-26,1.4090000000000003,0.74,0.5159999999999999,0.08999999999999997
2020-06-29,1.404,0.73,0.523,0.09599999999999997
2020-06-30,1.408,0.72,0.531,0.09199999999999997
2020-07-01,1.404,0.71,0.5549999999999999,0.08899999999999997
2020-07-02,1.404,0.71,0.546,0.08999999999999997
2020-07-03,1.4009999999999998,0.71,0.549,0.08999999999999997
2020-07-06,1.395,0.71,0.5559999999999999,0.09399999999999997
2020-07-07,1.3930000000000002,0.7,0.5449999999999999,0.09399999999999997
2020-07-08,1.3930000000000002,0.69,0.538,0.09499999999999997
2020-07-09,1.395,0.6799999999999999,0.551,0.09799999999999998
2020-07-10,1.3880000000000001,0.6799999999999999,0.548,0.09899999999999998
2020-07-13,1.3890000000000002,0.6799999999999999,0.5599999999999999,0.09999999999999998
2020-07-14,1.392,0.6799999999999999,0.564,0.09499999999999997
2020-07-15,1.3940000000000001,0.6799999999999999,0.567,0.09399999999999997
2020-07-16,1.398,0.6799999999999999,0.5489999999999999,0.09299999999999997
2020-07-17,1.402,0.6799999999999999,0.536,0.09300000000000008
2020-07-20,1.404,0.6799999999999999,0.533,0.09200000000000008
2020-07-21,1.3980000000000001,0.6799999999999999,0.5380000000000001,0.09600000000000009
2020-07-22,1.399,0.6799999999999999,0.536,0.09800000000000009
2020-07-23,1.396,0.69,0.52,0.09800000000000009
2020-07-24,1.3900000000000001,0.69,0.5059999999999999,0.09700000000000009
2020-07-27,1.3850000000000002,0.69,0.501,0.09600000000000009
2020-07-28,1.381,0.69,0.516,0.09700000000000009
2020-07-29,1.379,0.69,0.4979999999999999,0.09500000000000008
2020-07-30,1.3820000000000001,0.69,0.4819999999999999,0.09400000000000008
2020-07-31,1.381,0.69,0.5,0.08800000000000008
2020-08-03,1.3780000000000001,0.69,0.507,0.08500000000000008
2020-08-04,1.3769999999999998,0.71,0.504,0.08500000000000008
2020-08-05,1.3730000000000002,0.71,0.4979999999999999,0.08000000000000007
2020-08-06,1.3650000000000002,0.71,0.499,0.08400000000000007
2020-08-07,1.3639999999999999,0.72,0.5089999999999999,0.08400000000000007
2020-08-10,1.3609999999999998,0.73,0.533,0.08700000000000008
2020-08-11,1.3649999999999998,0.74,0.527,0.08600000000000008
2020-08-12,1.3650000000000002,0.77,0.546,0.08800000000000008
2020-08-13,1.3690000000000002,0.7999999999999999,0.5470000000000002,0.08600000000000008
2020-08-14,1.367,0.8099999999999999,0.568,0.08700000000000008
2020-08-18,1.3719999999999999,0.8099999999999999,0.5469999999999999,0.08200000000000007
2020-08-19,1.3719999999999999,0.7999999999999999,0.5419999999999999,0.08000000000000007
2020-08-20,1.3699999999999999,0.7799999999999999,0.5660000000000001,0.07900000000000007
2020-08-21,1.35,0.7699999999999999,0.5559999999999999,0.08400000000000007
2020-08-24,1.3610000000000002,0.7599999999999999,0.5539999999999999,0.08000000000000007
2020-08-25,1.3630000000000002,0.7599999999999999,0.562,0.07800000000000007
2020-08-26,1.362,0.7599999999999999,0.569,0.07500000000000007
2020-08-27,1.3600000000000003,0.7499999999999999,0.5690000000000001,0.07700000000000007
2020-08-28,1.3470000000000002,0.7400000000000001,0.593,0.07699999999999996
2020-08-31,1.3239999999999998,0.7300000000000001,0.5760000000000001,0.08099999999999996
2020-09-01,1.314,0.7000000000000001,0.6050000000000001,0.08399999999999996
2020-09-02,1.338,0.68,0.6159999999999999,0.07399999999999995
2020-09-03,1.342,0.67,0.605,0.07499999999999996
2020-09-04,1.3389999999999997,0.66,0.5979999999999999,0.08099999999999996
2020-09-07,1.314,0.65,0.5990000000000001,0.08399999999999996
2020-09-08,1.3200000000000003,0.64,0.606,0.07999999999999996
2020-09-09,1.3290000000000002,0.63,0.603,0.07299999999999995
2020-09-10,1.3279999999999998,0.62,0.6019999999999999,0.07399999999999995
2020-09-11,1.3249999999999997,0.61,0.604,0.07299999999999995
2020-09-14,1.3279999999999998,0.6,0.5979999999999999,0.06899999999999995
2020-09-15,1.331,0.59,0.5959999999999999,0.06599999999999995
2020-09-16,1.323,0.57,0.5750000000000001,0.06999999999999995
2020-09-17,1.322,0.5499999999999999,0.594,0.07099999999999995
2020-09-18,1.3250000000000002,0.5299999999999999,0.5959999999999999,0.06799999999999995
2020-09-21,1.3280000000000003,0.5199999999999999,0.5890000000000001,0.06699999999999995
2020-09-22,1.3310000000000002,0.5099999999999999,0.575,0.06599999999999995
2020-09-23,1.334,0.4999999999999999,0.5640000000000001,0.06300000000000006
2020-09-24,1.3430000000000002,0.4900000000000001,0.5800000000000001,0.05700000000000005
2020-09-25,1.3450000000000002,0.4800000000000001,0.569,0.05700000000000005
2020-09-28,1.3490000000000002,0.4800000000000001,0.583,0.05500000000000005
2020-09-29,1.347,0.4800000000000001,0.584,0.05400000000000005
2020-10-05,1.34,0.4800000000000001,0.5980000000000001,0.051000000000000045
2020-10-06,1.337,0.4800000000000001,0.6259999999999999,0.04800000000000004
2020-10-07,1.334,0.4800000000000001,0.6229999999999999,0.052000000000000046
2020-10-08,1.334,0.4800000000000001,0.6359999999999999,0.052000000000000046
2020-10-12,1.3259999999999998,0.4800000000000001,0.6279999999999999,0.05499999999999994
2020-10-13,1.3250000000000002,0.4800000000000001,0.6039999999999999,0.05599999999999994
2020-10-14,1.336,0.4800000000000001,0.6119999999999999,0.052000000000000046
2020-10-15,1.3430000000000002,0.4800000000000001,0.601,0.050000000000000044
2020-10-16,1.342,0.4800000000000001,0.6050000000000001,0.04700000000000004
2020-10-19,1.338,0.4800000000000001,0.55,0.04800000000000004
2020-10-20,1.33,0.4800000000000001,0.5509999999999999,0.04800000000000004
2020-10-21,1.3249999999999997,0.4800000000000001,0.588,0.04700000000000004
2020-10-22,1.321,0.4800000000000001,0.5819999999999999,0.04700000000000004
2020-10-23,1.3249999999999997,0.4800000000000001,0.5850000000000001,0.04400000000000004
2020-10-26,1.323,0.4800000000000001,0.574,0.04300000000000004
2020-10-27,1.3219999999999998,0.4800000000000001,0.5859999999999999,0.041000000000000036
2020-10-28,1.318,0.4800000000000001,0.5830000000000001,0.040000000000000036
2020-10-29,1.3130000000000002,0.4800000000000001,0.5999999999999999,0.04200000000000004
2020-10-30,1.3119999999999998,0.4800000000000001,0.611,0.04300000000000004
2020-11-02,1.302,0.4800000000000001,0.6310000000000001,0.04799999999999993
2020-11-03,1.2959999999999998,0.44000000000000006,0.627,0.04799999999999993
2020-11-04,1.302,0.44000000000000006,0.614,0.04499999999999993
2020-11-05,1.31,0.45000000000000007,0.5999999999999999,0.04300000000000004
2020-11-06,1.306,0.45000000000000007,0.616,0.04599999999999993
2020-11-09,1.295,0.45000000000000007,0.6090000000000001,0.04799999999999993
2020-11-10,1.2930000000000001,0.45000000000000007,0.6480000000000001,0.051999999999999935
2020-11-11,1.2850000000000001,0.45000000000000007,0.6729999999999999,0.05499999999999994
2020-11-12,1.287,0.45000000000000007,0.6809999999999999,0.05499999999999994
2020-11-13,1.2880000000000003,0.45000000000000007,0.662,0.05699999999999994
2020-11-16,1.284,0.45000000000000007,0.653,0.05699999999999994
2020-11-17,1.29,0.45000000000000007,0.6600000000000001,0.05499999999999994
2020-11-18,1.29,0.44000000000000006,0.6530000000000001,0.052999999999999936
2020-11-19,1.282,0.43000000000000005,0.6530000000000001,0.052999999999999936
2020-11-20,1.271,0.43000000000000005,0.644,0.05399999999999994
2020-11-23,1.2639999999999998,0.43000000000000005,0.626,0.050999999999999934
2020-11-24,1.2610000000000001,0.43000000000000005,0.6350000000000001,0.05399999999999994
2020-11-25,1.262,0.43000000000000005,0.658,0.05699999999999994
2020-11-26,1.2590000000000003,0.43000000000000005,0.674,0.05899999999999994
2020-11-27,1.2530000000000001,0.43000000000000005,0.662,0.061999999999999944
2020-11-30,1.2519999999999998,0.43000000000000005,0.676,0.06099999999999994
2020-12-01,1.2500000000000002,0.43000000000000005,0.667,0.06099999999999994
2020-12-02,1.2510000000000001,0.43000000000000005,0.6930000000000001,0.061999999999999944
2020-12-03,1.251,0.43000000000000005,0.6940000000000001,0.061999999999999944
2020-12-04,1.2540000000000002,0.43000000000000005,0.6890000000000001,0.05999999999999994
2020-12-07,1.254,0.43000000000000005,0.6849999999999999,0.06099999999999994
2020-12-08,1.2519999999999998,0.43000000000000005,0.6829999999999999,0.05999999999999994
2020-12-09,1.248,0.43000000000000005,0.69,0.05899999999999994
2020-12-10,1.2390000000000003,0.43000000000000005,0.682,0.05899999999999994
2020-12-11,1.2349999999999999,0.43000000000000005,0.681,0.05999999999999994
2020-12-14,1.2300000000000002,0.43000000000000005,0.6839999999999999,0.06099999999999994
2020-12-15,1.2309999999999999,0.43000000000000005,0.687,0.06099999999999994
2020-12-16,1.2320000000000002,0.43000000000000005,0.703,0.05999999999999994
2020-12-17,1.23,0.43000000000000005,0.733,0.06099999999999994
2020-12-18,1.245,0.43000000000000005,0.745,0.06099999999999994
2020-12-21,1.242,0.43000000000000005,0.7200000000000001,0.061999999999999944
2020-12-22,1.245,0.43000000000000005,0.7120000000000001,0.06599999999999995
2020-12-23,1.2469999999999999,0.43000000000000005,0.7079999999999999,0.06699999999999995
2020-12-24,1.2460000000000002,0.43000000000000005,0.732,0.06499999999999995
2020-12-28,1.2380000000000002,0.43000000000000005,0.7230000000000001,0.06899999999999995
2020-12-29,1.229,0.43000000000000005,0.725,0.07099999999999995
2020-12-30,1.2300000000000002,0.43000000000000005,0.7350000000000001,0.07299999999999995
2020-12-31,1.2320000000000002,0.43000000000000005,0.7370000000000001,0.07299999999999995
2021-01-04,1.2380000000000002,0.43000000000000005,0.7690000000000001,0.07699999999999996
2021-01-05,1.237,0.41000000000000003,0.755,0.07399999999999995
2021-01-06,1.2230000000000003,0.4,0.7780000000000001,0.09799999999999998
2021-01-07,1.213,0.39,0.76,0.09999999999999998
2021-01-08,1.2,0.38,0.7510000000000001,0.12
2021-01-11,1.1920000000000002,0.37,0.723,0.126
2021-01-12,1.185,0.36,0.742,0.1489999999999999
2021-01-13,1.1789999999999998,0.35,0.7400000000000001,0.15699999999999992
2021-01-14,1.1669999999999998,0.35,0.746,0.16199999999999992
2021-01-15,1.1710000000000003,0.35,0.7580000000000001,0.17399999999999993
2021-01-18,1.169,0.33000000000000007,0.746,0.17199999999999993
2021-01-19,1.1580000000000001,0.33000000000000007,0.7370000000000001,0.16999999999999993
2021-01-20,1.153,0.33000000000000007,0.7270000000000001,0.16800000000000004
2021-01-21,1.1509999999999998,0.33000000000000007,0.735,0.16400000000000003
2021-01-22,1.1310000000000002,0.33000000000000007,0.765,0.16999999999999993
2021-01-25,1.118,0.33000000000000007,0.774,0.16599999999999993
2021-01-26,1.115,0.33000000000000007,0.7630000000000001,0.16599999999999993
2021-01-27,1.1210000000000002,0.32000000000000006,0.7749999999999999,0.16400000000000003
2021-01-28,1.12,0.32000000000000006,0.787,0.16300000000000003
2021-01-29,1.121,0.31000000000000005,0.797,0.15800000000000003
2021-02-01,1.0959999999999999,0.31000000000000005,0.8089999999999999,0.15800000000000003
2021-02-02,1.089,0.28,0.778,0.15400000000000003
2021-02-03,1.086,0.27,0.79,0.15600000000000003
2021-02-04,1.081,0.27,0.8089999999999999,0.15700000000000003
2021-02-05,1.079,0.27,0.8089999999999999,0.15800000000000003
2021-02-08,1.069,0.27,0.8210000000000002,0.16300000000000003
2021-02-09,1.0639999999999998,0.27,0.823,0.16000000000000003
2021-02-10,1.06,0.27,0.836,0.16200000000000003
2021-02-15,1.058,0.27,0.873,0.16600000000000004
2021-02-16,1.057,0.26,0.8660000000000001,0.16500000000000004
2021-02-17,1.0570000000000002,0.26,0.8760000000000001,0.16500000000000004
2021-02-18,1.0540000000000003,0.26,0.8690000000000001,0.16500000000000004
2021-02-19,1.0470000000000002,0.26,0.879,0.16600000000000004
2021-02-22,1.0390000000000001,0.26,0.9019999999999999,0.16700000000000004
2021-02-23,1.0339999999999998,0.26,0.8859999999999999,0.17000000000000004
2021-02-24,1.026,0.26,0.845,0.17100000000000004
2021-02-25,1.04,0.26,0.8889999999999999,0.17000000000000004
2021-02-26,1.0339999999999998,0.26,0.94,0.17400000000000004
2021-03-02,1.033,0.26,0.9450000000000001,0.17400000000000004
2021-03-03,1.0320000000000003,0.26,0.9320000000000002,0.17200000000000004
2021-03-04,1.0279999999999998,0.26,0.942,0.17400000000000004
2021-03-05,1.014,0.26,0.9259999999999999,0.18100000000000005
2021-03-08,0.978,0.26,0.889,0.18600000000000005
2021-03-09,0.9529999999999998,0.25,0.8279999999999998,0.18899999999999995
2021-03-10,0.952,0.25,0.8540000000000001,0.18899999999999995
2021-03-11,0.9440000000000002,0.25,0.8480000000000001,0.18400000000000005
2021-03-12,0.9259999999999999,0.25,0.869,0.18399999999999994
2021-03-15,0.915,0.25,0.9140000000000001,0.18599999999999994
2021-03-16,0.9369999999999998,0.25,0.9209999999999998,0.18500000000000005
2021-03-17,0.9380000000000002,0.25,0.9569999999999999,0.18500000000000005
2021-03-18,0.9500000000000002,0.25,1.017,0.18300000000000005
2021-03-19,0.9460000000000002,0.25,0.9530000000000003,0.18500000000000005
2021-03-22,0.9490000000000003,0.25,0.927,0.18400000000000005
2021-03-23,0.9440000000000002,0.25,0.9000000000000001,0.18600000000000005
2021-03-24,0.9440000000000002,0.25,0.877,0.18200000000000005
2021-03-25,0.956,0.25,0.8780000000000001,0.18100000000000005
2021-03-26,0.9420000000000002,0.25,0.8879999999999999,0.18300000000000005
2021-03-29,0.9400000000000002,0.25,0.861,0.18500000000000005
2021-03-30,0.9229999999999998,0.25,0.9080000000000001,0.18799999999999994
2021-03-31,0.927,0.25,0.9239999999999999,0.18599999999999994
2021-04-01,0.9250000000000003,0.25,0.8850000000000002,0.18899999999999995
2021-04-02,0.9160000000000001,0.25,0.8979999999999999,0.18899999999999995
2021-04-05,0.8930000000000002,0.25,0.8919999999999999,0.19199999999999995
2021-04-06,0.8969999999999998,0.25,0.8879999999999999,0.19000000000000006
2021-04-07,0.8919999999999999,0.25,0.883,0.18700000000000006
2021-04-08,0.8990000000000002,0.25,0.8600000000000001,0.18200000000000005
2021-04-09,0.8880000000000001,0.25,0.861,0.17700000000000005
2021-04-12,0.8910000000000002,0.25,0.8630000000000002,0.16900000000000004
2021-04-13,0.891,0.27,0.8890000000000002,0.16900000000000004
2021-04-14,0.901,0.26,0.8879999999999999,0.16300000000000003
2021-04-15,0.8800000000000001,0.25,0.873,0.16900000000000004
2021-04-16,0.875,0.24,0.8690000000000002,0.16900000000000004
2021-04-19,0.7849999999999999,0.24,0.8520000000000001,0.16600000000000004
2021-04-20,0.784,0.24,0.8690000000000002,0.16500000000000004
2021-04-21,0.7889999999999999,0.24,0.8949999999999998,0.16400000000000003
2021-04-22,0.7909999999999999,0.24,0.8840000000000001,0.16400000000000003
2021-04-23,0.7869999999999999,0.24,0.923,0.16500000000000004
2021-04-26,0.784,0.24,0.97,0.16300000000000003
2021-04-27,0.788,0.24,0.9740000000000002,0.16200000000000003
2021-04-28,0.7849999999999999,0.24,0.9769999999999999,0.16400000000000003
2021-04-29,0.7789999999999999,0.24,0.9769999999999999,0.16500000000000004
2021-04-30,0.7729999999999999,0.24,0.9870000000000001,0.16600000000000004
2021-05-03,0.768,0.24,0.9750000000000001,0.16500000000000004
2021-05-04,0.762,0.24,0.972,0.16300000000000003
2021-05-06,0.76,0.24,0.962,0.15500000000000003
2021-05-07,0.7629999999999999,0.25,0.9860000000000002,0.15000000000000002
2021-05-10,0.7630000000000001,0.26,0.998,0.14500000000000002
2021-05-11,0.764,0.28,1.011,0.139
2021-05-12,0.7669999999999999,0.28,1.004,0.135
2021-05-13,0.7649999999999999,0.29999999999999993,1.0330000000000001,0.135
2021-05-14,0.7659999999999998,0.29999999999999993,1.0419999999999998,0.137
2021-05-17,0.7650000000000001,0.29999999999999993,1.01,0.131
2021-05-18,0.766,0.29999999999999993,1.019,0.13
2021-05-20,0.766,0.30999999999999994,1.0319999999999998,0.12999999999999995
2021-05-21,0.766,0.30999999999999994,1.0280000000000002,0.12799999999999995
2021-05-24,0.7599999999999998,0.30999999999999994,1.004,0.124
2021-05-25,0.748,0.30999999999999994,0.9870000000000001,0.123
2021-05-26,0.7409999999999999,0.30999999999999994,0.9670000000000001,0.127
2021-05-27,0.7429999999999999,0.30999999999999994,0.9870000000000001,0.12299999999999994
2021-05-28,0.7370000000000001,0.30999999999999994,0.9700000000000002,0.134
2021-05-31,0.718,0.30999999999999994,0.9519999999999997,0.15100000000000002
2021-06-01,0.716,0.30999999999999994,0.9729999999999999,0.15600000000000003
2021-06-02,0.718,0.30999999999999994,0.996,0.15800000000000003
2021-06-03,0.72,0.30999999999999994,1.0039999999999998,0.16100000000000003
2021-06-04,0.7110000000000001,0.30999999999999994,0.9530000000000001,0.17000000000000004
2021-06-07,0.71,0.30999999999999994,0.9550000000000001,0.17400000000000004
2021-06-08,0.7170000000000001,0.30999999999999994,0.9420000000000002,0.177
2021-06-09,0.7290000000000001,0.30999999999999994,0.9660000000000002,0.186
2021-06-10,0.5979999999999999,0.30999999999999994,0.8029999999999999,0.247
2021-06-11,0.5960000000000001,0.30999999999999994,0.825,0.28600000000000003
2021-06-14,0.5940000000000001,0.30999999999999994,0.8090000000000002,0.33599999999999997
2021-06-15,0.589,0.30999999999999994,0.7640000000000002,0.365
2021-06-16,0.593,0.30999999999999994,0.7839999999999998,0.393
2021-06-17,0.573,0.30999999999999994,0.7520000000000002,0.402
2021-06-18,0.575,0.30999999999999994,0.728,0.39
2021-06-21,0.5549999999999999,0.30999999999999994,0.6549999999999998,0.375
2021-06-22,0.558,0.30999999999999994,0.7189999999999999,0.367
2021-06-23,0.5549999999999999,0.30999999999999994,0.7029999999999998,0.357
2021-06-24,0.5450000000000002,0.29999999999999993,0.6760000000000002,0.362
2021-06-25,0.528,0.29999999999999993,0.659,0.363
2021-06-28,0.5230000000000001,0.29999999999999993,0.667,0.362
2021-06-29,0.518,0.2899999999999999,0.6499999999999999,0.36
2021-06-30,0.518,0.2899999999999999,0.6440000000000001,0.346
2021-07-01,0.506,0.28,0.6209999999999998,0.33599999999999997
2021-07-02,0.5,0.28,0.617,0.33099999999999996
2021-07-05,0.5,0.28,0.627,0.31999999999999995
2021-07-06,0.4989999999999999,0.28,0.6540000000000001,0.31900000000000006
2021-07-07,0.5050000000000001,0.28,0.6290000000000002,0.30200000000000005
2021-07-08,0.5069999999999999,0.28,0.6439999999999997,0.281
2021-07-09,0.4990000000000001,0.2899999999999999,0.6579999999999999,0.277
2021-07-12,0.4930000000000001,0.2899999999999999,0.6379999999999999,0.278
2021-07-13,0.472,0.28,0.6110000000000002,0.279
2021-07-14,0.4790000000000001,0.28,0.6180000000000001,0.277
2021-07-15,0.44099999999999984,0.28,0.5269999999999999,0.31200000000000006
2021-07-16,0.45699999999999985,0.27,0.5569999999999999,0.32300000000000006
2021-07-19,0.44899999999999984,0.27,0.5129999999999999,0.32700000000000007
2021-07-20,0.4540000000000002,0.27,0.4830000000000001,0.32300000000000006
2021-07-21,0.45199999999999996,0.27,0.4949999999999999,0.31900000000000006
2021-07-22,0.44599999999999995,0.27,0.524,0.32000000000000006
2021-07-23,0.44799999999999995,0.27,0.4949999999999999,0.31900000000000006
2021-07-26,0.45199999999999996,0.27,0.494,0.31500000000000006
2021-07-27,0.4500000000000002,0.27,0.4880000000000002,0.31500000000000006
2021-07-28,0.43399999999999994,0.27,0.44300000000000006,0.32700000000000007
2021-07-29,0.43100000000000005,0.27,0.45799999999999996,0.32899999999999996
2021-07-30,0.42999999999999994,0.27,0.4570000000000001,0.32300000000000006
2021-08-02,0.42300000000000004,0.27,0.472,0.32399999999999995
2021-08-03,0.42100000000000004,0.27,0.44799999999999995,0.32899999999999996
2021-08-04,0.42300000000000004,0.27,0.4480000000000002,0.32099999999999995
2021-08-05,0.42200000000000015,0.27,0.46399999999999997,0.32599999999999996
2021-08-06,0.42199999999999993,0.27,0.46699999999999986,0.33699999999999997
2021-08-09,0.42300000000000004,0.27,0.478,0.33899999999999997
2021-08-10,0.42300000000000004,0.26,0.484,0.33799999999999997
2021-08-11,0.42599999999999993,0.26,0.5149999999999999,0.33499999999999996
2021-08-12,0.42700000000000005,0.25,0.5089999999999999,0.33599999999999997
2021-08-13,0.42700000000000005,0.24,0.5169999999999999,0.33799999999999997
2021-08-17,0.42800000000000016,0.22999999999999998,0.484,0.33699999999999997
2021-08-18,0.42799999999999994,0.21999999999999997,0.492,0.33399999999999996
2021-08-19,0.42999999999999994,0.20999999999999996,0.508,0.33299999999999996
2021-08-20,0.42999999999999994,0.20999999999999996,0.4889999999999999,0.33799999999999997
2021-08-23,0.43100000000000005,0.19999999999999996,0.5,0.34199999999999986
2021-08-24,0.42400000000000015,0.19999999999999996,0.5010000000000001,0.3530000000000001
2021-08-25,0.42799999999999994,0.19999999999999996,0.5009999999999999,0.3520000000000001
2021-08-26,0.43800000000000017,0.20000000000000007,0.53,0.30899999999999994
2021-08-27,0.43400000000000016,0.20000000000000007,0.5310000000000001,0.30300000000000005
2021-08-30,0.43400000000000016,0.20000000000000007,0.5150000000000001,0.30300000000000005
2021-08-31,0.43399999999999994,0.20000000000000007,0.5169999999999999,0.30400000000000005
2021-09-01,0.43100000000000005,0.20000000000000007,0.5249999999999999,0.30400000000000005
2021-09-02,0.43300000000000005,0.20000000000000007,0.5190000000000001,0.279
2021-09-03,0.42799999999999994,0.20000000000000007,0.506,0.2749999999999999
2021-09-06,0.42199999999999993,0.20000000000000007,0.5109999999999999,0.2769999999999999
2021-09-07,0.42399999999999993,0.20000000000000007,0.5110000000000001,0.2759999999999999
2021-09-08,0.4189999999999998,0.20000000000000007,0.5269999999999999,0.2809999999999999
2021-09-09,0.42199999999999993,0.19000000000000006,0.5009999999999999,0.29399999999999993
2021-09-10,0.43500000000000005,0.16000000000000014,0.5049999999999999,0.30200000000000005
2021-09-13,0.43700000000000006,0.1299999999999999,0.512,0.31200000000000006
2021-09-14,0.44000000000000017,0.1399999999999999,0.5250000000000001,0.31400000000000006
2021-09-15,0.44999999999999996,0.1399999999999999,0.5329999999999999,0.30599999999999994
2021-09-16,0.44799999999999995,0.1499999999999999,0.5330000000000001,0.30800000000000005
2021-09-17,0.44300000000000006,0.15999999999999992,0.5330000000000001,0.30900000000000005
2021-09-23,0.43799999999999994,0.15999999999999992,0.5410000000000001,0.30900000000000005
2021-09-24,0.44199999999999995,0.15999999999999992,0.5770000000000002,0.30999999999999994
2021-09-27,0.44900000000000007,0.1499999999999999,0.6020000000000001,0.30899999999999994
2021-09-28,0.45199999999999996,0.1399999999999999,0.6469999999999998,0.32699999999999996
2021-09-29,0.45399999999999996,0.1399999999999999,0.6199999999999999,0.32700000000000007
2021-09-30,0.45599999999999996,0.1399999999999999,0.6440000000000001,0.32700000000000007
2021-10-01,0.4540000000000002,0.1399999999999999,0.625,0.33100000000000007
2021-10-05,0.45100000000000007,0.1399999999999999,0.641,0.3320000000000001
2021-10-06,0.45199999999999974,0.1299999999999999,0.6799999999999999,0.357
2021-10-07,0.45399999999999996,0.1299999999999999,0.683,0.34799999999999986
2021-10-08,0.45500000000000007,0.1299999999999999,0.673,0.3470000000000001
2021-10-12,0.44700000000000006,0.11999999999999988,0.6320000000000001,0.35599999999999987
2021-10-13,0.44599999999999995,0.10999999999999988,0.5769999999999997,0.353
2021-10-14,0.4480000000000002,0.10999999999999988,0.538,0.34899999999999987
2021-10-15,0.4540000000000002,0.11999999999999988,0.5609999999999999,0.344
2021-10-18,0.4580000000000002,0.10999999999999988,0.5249999999999999,0.361
2021-10-19,0.4590000000000001,0.09999999999999987,0.5129999999999999,0.359
2021-10-20,0.4710000000000001,0.10999999999999988,0.5449999999999999,0.352
2021-10-21,0.474,0.11999999999999988,0.5519999999999998,0.34499999999999986
2021-10-22,0.4730000000000001,0.1299999999999999,0.522,0.3659999999999999
2021-10-25,0.46799999999999997,0.1399999999999999,0.5070000000000001,0.3739999999999999
2021-10-26,0.476,0.1399999999999999,0.5099999999999998,0.399
2021-10-27,0.46199999999999974,0.1399999999999999,0.44300000000000006,0.45799999999999996
2021-10-28,0.4700000000000002,0.1399999999999999,0.3799999999999999,0.44300000000000006
2021-10-29,0.46999999999999975,0.11999999999999988,0.472,0.5189999999999999
2021-11-01,0.472,0.11999999999999988,0.3979999999999997,0.5780000000000001
2021-11-02,0.504,0.1299999999999999,0.44200000000000017,0.571
2021-11-03,0.5030000000000001,0.1299999999999999,0.43400000000000016,0.5589999999999999
2021-11-04,0.504,0.13000000000000012,0.3879999999999999,0.554
2021-11-05,0.524,0.14000000000000012,0.40600000000000014,0.54
2021-11-08,0.5320000000000003,0.14000000000000012,0.42300000000000026,0.5110000000000001
2021-11-09,0.538,0.16000000000000014,0.42800000000000016,0.4780000000000001
2021-11-10,0.5399999999999998,0.16000000000000014,0.43200000000000016,0.4640000000000001
2021-11-11,0.5399999999999998,0.17000000000000015,0.42800000000000016,0.45399999999999996
2021-11-12,0.5310000000000001,0.18000000000000016,0.3759999999999999,0.45100000000000007
2021-11-15,0.5449999999999999,0.18000000000000016,0.3860000000000001,0.43500000000000005
2021-11-16,0.5419999999999998,0.18000000000000016,0.3700000000000001,0.43999999999999995
2021-11-17,0.5429999999999999,0.18000000000000016,0.385,0.43400000000000005
2021-11-18,0.5479999999999998,0.18000000000000016,0.385,0.42700000000000005
2021-11-19,0.5469999999999999,0.16000000000000014,0.4059999999999999,0.42200000000000004
2021-11-22,0.5450000000000004,0.15000000000000013,0.3680000000000003,0.42299999999999993
2021-11-23,0.5509999999999997,0.14000000000000012,0.3689999999999998,0.41600000000000004
2021-11-24,0.556,0.13000000000000012,0.3810000000000002,0.4059999999999999
2021-11-25,0.5660000000000001,0.22999999999999998,0.4149999999999998,0.3739999999999999
2021-11-26,0.5699999999999998,0.24,0.3919999999999999,0.29300000000000004
2021-11-29,0.5740000000000001,0.24,0.42199999999999993,0.2909999999999999
2021-11-30,0.5740000000000003,0.22999999999999998,0.41400000000000015,0.27700000000000014
2021-12-01,0.5719999999999998,0.22999999999999998,0.369,0.29899999999999993
2021-12-02,0.5610000000000002,0.22999999999999998,0.353,0.30899999999999994
2021-12-03,0.5640000000000001,0.22999999999999998,0.3340000000000001,0.32400000000000007
2021-12-06,0.571,0.22999999999999998,0.3480000000000001,0.32400000000000007
2021-12-07,0.5740000000000001,0.22999999999999998,0.3680000000000001,0.3250000000000002
2021-12-08,0.5779999999999998,0.22999999999999998,0.3540000000000001,0.32300000000000006
2021-12-09,0.5909999999999997,0.24,0.39400000000000013,0.32300000000000006
2021-12-10,0.5940000000000001,0.25,0.39600000000000013,0.32800000000000007
2021-12-13,0.6120000000000001,0.26,0.379,0.33000000000000007
2021-12-14,0.6180000000000001,0.27,0.385,0.32800000000000007
2021-12-15,0.6220000000000001,0.28,0.3579999999999999,0.32400000000000007
2021-12-16,0.6320000000000001,0.28,0.3809999999999998,0.2919999999999999
2021-12-17,0.6310000000000002,0.28,0.3860000000000001,0.28400000000000003
2021-12-20,0.6319999999999999,0.28,0.3670000000000002,0.2799999999999999
2021-12-21,0.635,0.28,0.3790000000000002,0.2899999999999999
2021-12-22,0.635,0.29000000000000004,0.3899999999999999,0.30599999999999994
2021-12-23,0.6359999999999999,0.29000000000000004,0.40700000000000025,0.3210000000000002
2021-12-24,0.6400000000000001,0.29000000000000004,0.4079999999999999,0.32899999999999996
2021-12-27,0.635,0.28,0.43499999999999983,0.3340000000000001
2021-12-28,0.6309999999999998,0.28,0.4119999999999999,0.3440000000000001
2021-12-29,0.6259999999999999,0.28,0.39700000000000024,0.3460000000000001
2021-12-30,0.6179999999999999,0.27,0.4490000000000003,0.352
2021-12-31,0.617,0.27,0.45199999999999996,0.3520000000000001
2022-01-03,0.605,0.26,0.4700000000000002,0.3620000000000001
2022-01-04,0.6060000000000001,0.26,0.45199999999999974,0.3650000000000002
2022-01-05,0.5929999999999997,0.26,0.46199999999999997,0.34099999999999997
2022-01-06,0.577,0.26,0.46799999999999997,0.385
2022-01-07,0.5779999999999998,0.26,0.44300000000000006,0.391
2022-01-10,0.5660000000000003,0.26,0.42600000000000016,0.19199999999999995
2022-01-11,0.5730000000000004,0.26,0.44700000000000006,0.18900000000000006
2022-01-12,0.5780000000000001,0.25,0.42999999999999994,0.18799999999999994
2022-01-13,0.5839999999999999,0.20999999999999996,0.44399999999999973,0.19199999999999995
2022-01-14,0.556,0.19999999999999996,0.4089999999999998,0.20100000000000007
2022-01-17,0.5509999999999997,0.19999999999999996,0.41999999999999993,0.21300000000000008
2022-01-18,0.5580000000000003,0.18999999999999995,0.42600000000000016,0.20599999999999996
2022-01-19,0.5720000000000001,0.17999999999999994,0.46399999999999997,0.19700000000000006
2022-01-20,0.565,0.17999999999999994,0.4389999999999996,0.19199999999999995
2022-01-21,0.5609999999999999,0.17999999999999994,0.4079999999999999,0.19700000000000006
2022-01-24,0.5629999999999997,0.17999999999999994,0.42799999999999994,0.19699999999999984
2022-01-25,0.5510000000000002,0.15999999999999992,0.40200000000000014,0.18800000000000017
2022-01-26,0.5569999999999999,0.1499999999999999,0.4169999999999998,0.19700000000000006
2022-01-27,0.5640000000000001,0.1399999999999999,0.395,0.2140000000000002
2022-01-28,0.5760000000000001,0.1399999999999999,0.3969999999999998,0.2100000000000002
2022-02-03,0.5750000000000002,0.1399999999999999,0.4079999999999999,0.20599999999999996
2022-02-04,0.577,0.1399999999999999,0.42500000000000027,0.21700000000000008
2022-02-07,0.5779999999999998,0.1399999999999999,0.4009999999999998,0.24
2022-02-08,0.5640000000000001,0.1399999999999999,0.43000000000000016,0.24299999999999988
2022-02-09,0.5780000000000003,0.1399999999999999,0.4119999999999999,0.24099999999999988
2022-02-10,0.5860000000000003,0.1399999999999999,0.42200000000000015,0.236
2022-02-11,0.5779999999999998,0.1399999999999999,0.4039999999999999,0.254
2022-02-14,0.5790000000000002,0.1399999999999999,0.367,0.258
2022-02-15,0.5829999999999997,0.1399999999999999,0.36499999999999977,0.2590000000000001
2022-02-16,0.5879999999999996,0.1399999999999999,0.3769999999999998,0.2589999999999999
2022-02-17,0.6000000000000001,0.1399999999999999,0.41300000000000026,0.266
2022-02-18,0.5939999999999999,0.1399999999999999,0.40600000000000014,0.278
2022-02-21,0.5859999999999999,0.1399999999999999,0.40700000000000003,0.2769999999999999
2022-02-22,0.589,0.1399999999999999,0.3900000000000001,0.2889999999999999
2022-02-23,0.5959999999999996,0.1399999999999999,0.4049999999999998,0.2929999999999999
2022-02-24,0.6040000000000001,0.1399999999999999,0.39800000000000013,0.28700000000000014
2022-02-25,0.6099999999999999,0.1399999999999999,0.4269999999999996,0.29699999999999993
2022-02-28,0.613,0.1399999999999999,0.43299999999999983,0.2999999999999998
2022-03-02,0.6260000000000003,0.1399999999999999,0.42600000000000016,0.28800000000000003
2022-03-03,0.6400000000000001,0.1399999999999999,0.4530000000000003,0.30499999999999994
2022-03-04,0.6339999999999999,0.1399999999999999,0.44399999999999995,0.29899999999999993
2022-03-07,0.6340000000000003,0.1399999999999999,0.41900000000000004,0.3059999999999998
2022-03-08,0.6440000000000001,0.1399999999999999,0.43500000000000005,0.30799999999999983
2022-03-10,0.6659999999999999,0.1399999999999999,0.4590000000000001,0.29899999999999993
2022-03-11,0.665,0.1399999999999999,0.4450000000000003,0.347
2022-03-14,0.6640000000000001,0.1399999999999999,0.45599999999999996,0.3560000000000001
2022-03-15,0.6799999999999997,0.1399999999999999,0.46799999999999997,0.3440000000000001
2022-03-16,0.6800000000000002,0.1399999999999999,0.5,0.34799999999999986
2022-03-17,0.685,0.1399999999999999,0.4870000000000001,0.3320000000000001
2022-03-18,0.6800000000000002,0.1399999999999999,0.5060000000000002,0.33199999999999985
2022-03-21,0.6760000000000002,0.1399999999999999,0.4730000000000003,0.33399999999999985
2022-03-22,0.6459999999999999,0.1399999999999999,0.43299999999999983,0.3659999999999999
2022-03-23,0.6469999999999998,0.1399999999999999,0.4019999999999997,0.381
2022-03-24,0.649,0.1299999999999999,0.4009999999999998,0.3839999999999999
2022-03-25,0.6579999999999999,0.1299999999999999,0.3660000000000001,0.4059999999999999
2022-03-28,0.6470000000000002,0.1399999999999999,0.28400000000000025,0.472
2022-03-29,0.661,0.1399999999999999,0.2719999999999998,0.5210000000000001
2022-03-30,0.6759999999999997,0.1499999999999999,0.2699999999999996,0.51
2022-03-31,0.677,0.1499999999999999,0.30600000000000005,0.524
2022-04-01,0.6740000000000004,0.15999999999999992,0.2230000000000003,0.5169999999999999
2022-04-04,0.6619999999999999,0.15999999999999992,0.22799999999999976,0.5510000000000002
2022-04-05,0.6629999999999998,0.15999999999999992,0.20100000000000007,0.5590000000000002
2022-04-06,0.6510000000000002,0.15999999999999992,0.18800000000000017,0.623
2022-04-07,0.657,0.15999999999999992,0.2230000000000003,0.7130000000000001
2022-04-08,0.649,0.15999999999999992,0.18199999999999994,0.7670000000000001
2022-04-11,0.6270000000000002,0.15999999999999992,0.11900000000000022,0.8939999999999999
2022-04-12,0.669,0.15999999999999992,0.20800000000000018,0.8960000000000001
2022-04-13,0.6870000000000003,0.15999999999999992,0.28600000000000003,0.8240000000000001
2022-04-14,0.6950000000000003,0.1200000000000001,0.3320000000000003,0.7490000000000001
2022-04-15,0.6960000000000002,0.13000000000000012,0.3570000000000002,0.5140000000000002
2022-04-18,0.6989999999999998,0.14000000000000012,0.36499999999999977,0.5010000000000001
2022-04-19,0.69,0.15000000000000013,0.3690000000000002,0.4830000000000001
2022-04-20,0.7050000000000001,0.15999999999999992,0.3560000000000003,0.4820000000000002
2022-04-21,0.7199999999999998,0.16999999999999993,0.3689999999999998,0.4820000000000002
2022-04-22,0.7170000000000001,0.16999999999999993,0.34299999999999997,0.4890000000000001
2022-04-25,0.7449999999999997,0.16999999999999993,0.33099999999999996,0.474
2022-04-26,0.754,0.16999999999999993,0.3599999999999999,0.4810000000000001
2022-04-27,0.6960000000000002,0.16999999999999993,0.28600000000000003,0.478
2022-04-28,0.7110000000000003,0.16999999999999993,0.2410000000000001,0.482
2022-04-29,0.722,0.16999999999999993,0.2839999999999998,0.4929999999999999
2022-05-02,0.7080000000000002,0.16999999999999993,0.29400000000000004,0.534
2022-05-03,0.7160000000000002,0.16999999999999993,0.26700000000000035,0.5249999999999997
2022-05-04,0.7090000000000001,0.16999999999999993,0.2560000000000002,0.54
2022-05-06,0.7270000000000003,0.16999999999999993,0.28500000000000014,0.5519999999999998
2022-05-09,0.738,0.16999999999999993,0.3520000000000003,0.54
2022-05-10,0.7370000000000001,0.16999999999999993,0.3570000000000002,0.532
2022-05-11,0.7629999999999999,0.16999999999999993,0.3410000000000002,0.504
2022-05-12,0.7570000000000001,0.17999999999999994,0.26900000000000013,0.5009999999999999
2022-05-13,0.762,0.17999999999999994,0.31000000000000005,0.4969999999999999
2022-05-16,0.7350000000000003,0.18999999999999995,0.23100000000000032,0.5489999999999999
2022-05-17,0.7529999999999997,0.19999999999999996,0.2559999999999998,0.5409999999999999
2022-05-18,0.7629999999999999,0.19999999999999996,0.2509999999999999,0.569
2022-05-19,0.7750000000000004,0.19999999999999996,0.2610000000000001,0.5640000000000003
2022-05-20,0.7729999999999997,0.20999999999999996,0.23399999999999999,0.554
2022-05-23,0.778,0.18999999999999995,0.2400000000000002,0.5650000000000002
2022-05-24,0.7749999999999999,0.18999999999999995,0.2469999999999999,0.5710000000000002
2022-05-25,0.774,0.18999999999999995,0.23099999999999987,0.5660000000000003
2022-05-26,0.778,0.14000000000000012,0.2829999999999999,0.41100000000000003
2022-05-27,0.7810000000000001,0.16000000000000014,0.2650000000000001,0.3899999999999999
2022-05-30,0.782,0.18000000000000016,0.2689999999999997,0.3839999999999997
2022-05-31,0.7799999999999998,0.18999999999999995,0.29899999999999993,0.4019999999999999
2022-06-02,0.7719999999999998,0.20999999999999996,0.2959999999999998,0.41900000000000004
2022-06-03,0.7749999999999999,0.2200000000000002,0.2839999999999998,0.42400000000000015
2022-06-07,0.7690000000000001,0.22999999999999998,0.3059999999999996,0.46399999999999997
2022-06-08,0.7730000000000001,0.22999999999999998,0.2629999999999999,0.476
2022-06-09,0.7870000000000004,0.22999999999999998,0.30000000000000027,0.486
2022-06-10,0.7210000000000001,0.22999999999999998,0.2200000000000002,0.5409999999999999
2022-06-13,0.7080000000000006,0.22999999999999998,0.14000000000000012,0.623
2022-06-14,0.7219999999999995,0.21999999999999997,0.1429999999999998,0.663
2022-06-15,0.7050000000000005,0.21999999999999997,0.129,0.736
2022-06-16,0.7090000000000001,0.19999999999999996,0.0389999999999997,0.8049999999999997
2022-06-17,0.7229999999999999,0.2100000000000002,0.04999999999999982,0.96
2022-06-20,0.7389999999999999,0.24,0.10899999999999999,0.9469999999999998
2022-06-21,0.7390000000000003,0.2699999999999998,0.1120000000000001,0.984
2022-06-22,0.7530000000000006,0.2799999999999998,0.16000000000000014,0.9930000000000001
2022-06-23,0.7550000000000003,0.2999999999999998,0.11799999999999988,0.9969999999999999
2022-06-24,0.7739999999999996,0.31000000000000005,0.11199999999999966,0.9939999999999998
2022-06-27,0.7760000000000002,0.31999999999999984,0.15200000000000014,1.037
2022-06-28,0.7870000000000004,0.31000000000000005,0.1280000000000001,1.042
2022-06-29,0.8069999999999999,0.2999999999999998,0.11499999999999977,1.0479999999999998
2022-06-30,0.8109999999999999,0.2999999999999998,0.0860000000000003,1.1099999999999999
2022-07-01,0.8179999999999996,0.29000000000000004,0.051000000000000156,1.088
2022-07-04,0.8169999999999997,0.29000000000000004,0.05899999999999972,1.0330000000000001
2022-07-05,0.827,0.30000000000000027,0.07799999999999985,1.0270000000000001
2022-07-06,0.8470000000000004,0.31000000000000005,0.05600000000000005,0.9969999999999999
2022-07-07,0.8510000000000004,0.31000000000000005,0.04499999999999993,1.0
2022-07-08,0.871,0.31000000000000005,0.04499999999999993,1.0110000000000001
2022-07-11,0.8740000000000006,0.25,0.06099999999999994,1.0020000000000002
2022-07-12,0.8670000000000004,0.25,0.058000000000000274,1.02
2022-07-13,0.8830000000000005,0.20999999999999996,0.0900000000000003,0.7720000000000002
2022-07-14,0.8790000000000004,0.20999999999999996,0.03500000000000014,0.5140000000000002
2022-07-15,0.8860000000000001,0.21999999999999975,0.03699999999999992,0.5680000000000001
2022-07-18,0.8919999999999999,0.21999999999999975,0.05799999999999983,0.6960000000000002
2022-07-19,0.8999999999999995,0.21999999999999975,0.06099999999999994,0.6820000000000004
2022-07-20,0.9010000000000002,0.21999999999999975,0.06400000000000006,0.677
2022-07-21,0.9079999999999999,0.21999999999999975,0.08000000000000007,0.673
2022-07-22,0.9169999999999998,0.21999999999999975,0.08400000000000007,0.6670000000000003
2022-07-25,0.9289999999999998,0.20999999999999996,0.05799999999999983,0.645
2022-07-26,0.9419999999999997,0.20000000000000018,0.06199999999999983,0.6430000000000002
2022-07-27,0.9430000000000005,0.1499999999999999,0.03100000000000014,0.6379999999999999
2022-07-28,0.952,0.10999999999999988,0.07100000000000017,0.6439999999999997
2022-07-29,0.96,0.1299999999999999,0.11799999999999988,0.6060000000000003
2022-08-01,0.9620000000000002,0.1299999999999999,0.1030000000000002,0.5960000000000001
2022-08-02,0.9710000000000001,0.1299999999999999,0.07600000000000007,0.5699999999999998
2022-08-03,0.98,0.1299999999999999,0.06599999999999984,0.5709999999999997
2022-08-04,0.9770000000000003,0.11999999999999966,0.038000000000000256,0.5669999999999997
2022-08-05,0.9769999999999999,0.11999999999999966,0.04499999999999993,0.5659999999999998
2022-08-08,0.9790000000000005,0.10999999999999988,0.04300000000000015,0.5749999999999997
2022-08-09,0.9849999999999999,0.10999999999999988,0.03200000000000003,0.5760000000000001
2022-08-10,0.9790000000000001,0.10000000000000009,0.052999999999999936,0.5740000000000003
2022-08-11,0.9869999999999997,0.10000000000000009,0.09499999999999975,0.5710000000000002
2022-08-12,0.9779999999999998,0.10000000000000009,0.10099999999999998,0.5720000000000001
2022-08-16,0.9790000000000005,0.10000000000000009,0.07800000000000029,0.5540000000000003
2022-08-17,0.9889999999999994,0.10000000000000009,0.10099999999999998,0.5590000000000002
2022-08-18,0.9889999999999999,0.10000000000000009,0.09600000000000009,0.5430000000000001
2022-08-19,0.9889999999999999,0.10000000000000009,0.11299999999999999,0.5599999999999996
2022-08-22,0.9900000000000002,0.10000000000000009,0.09699999999999998,0.5779999999999998
2022-08-23,0.9889999999999994,0.10000000000000009,0.08000000000000007,0.5860000000000003
2022-08-24,0.9870000000000001,0.10000000000000009,0.12199999999999989,0.609
2022-08-25,0.9759999999999995,0.10999999999999988,0.06199999999999983,0.5979999999999999
2022-08-26,0.9739999999999998,0.1200000000000001,0.09100000000000019,0.5920000000000001
2022-08-29,0.9680000000000004,0.1499999999999999,0.06199999999999983,0.6299999999999999
2022-08-30,0.9760000000000004,0.16000000000000014,0.052999999999999936,0.6100000000000003
2022-08-31,0.9730000000000003,0.16999999999999993,0.03600000000000003,0.6159999999999997
2022-09-01,0.9689999999999999,0.18000000000000016,0.027000000000000135,0.629
2022-09-02,0.9770000000000003,0.16999999999999993,0.06000000000000005,0.6059999999999999
2022-09-05,0.98,0.16999999999999993,0.053999999999999826,0.6030000000000002
2022-09-06,0.98,0.16999999999999993,0.03000000000000025,0.5939999999999999
2022-09-07,0.9830000000000001,0.16999999999999993,0.051000000000000156,0.5940000000000003
2022-09-08,0.9980000000000002,0.16999999999999993,0.07899999999999974,0.5390000000000001
2022-09-13,0.9890000000000003,0.17999999999999972,0.08400000000000007,0.5509999999999997
2022-09-14,0.9939999999999998,0.18000000000000016,0.06599999999999984,0.5819999999999999
2022-09-15,0.9890000000000003,0.16999999999999993,0.020999999999999908,0.5830000000000002
2022-09-16,0.9910000000000001,0.16999999999999993,0.004999999999999893,0.56
2022-09-19,0.9920000000000004,0.1599999999999997,0.03500000000000014,0.5430000000000001
2022-09-20,0.9830000000000001,0.1499999999999999,0.0129999999999999,0.516
2022-09-21,0.996,0.1299999999999999,0.04400000000000004,0.5089999999999999
2022-09-22,0.9879999999999995,0.1299999999999999,-0.1070000000000002,0.5449999999999999
2022-09-23,0.9900000000000002,0.15000000000000036,-0.08699999999999974,0.5449999999999999
2022-09-26,0.9799999999999995,0.16000000000000014,-0.21300000000000008,0.7230000000000003
2022-09-27,1.0039999999999996,0.1499999999999999,-0.09600000000000009,0.6200000000000001
2022-09-28,1.0039999999999996,0.13999999999999968,-0.006000000000000227,0.605
2022-09-29,1.0750000000000002,0.08999999999999986,-0.07399999999999984,0.5740000000000003
2022-09-30,1.0940000000000003,0.05999999999999961,-0.08999999999999986,0.569
2022-10-04,1.0939999999999994,0.06000000000000005,-0.07500000000000018,0.5550000000000002
2022-10-05,1.085,0.07000000000000028,-0.054999999999999716,0.6230000000000002
2022-10-06,1.0860000000000003,0.11000000000000032,-0.04299999999999926,0.6460000000000004
2022-10-07,1.0819999999999999,0.15000000000000036,-0.06199999999999939,0.6920000000000002
2022-10-11,1.0940000000000003,0.18999999999999995,-0.03599999999999959,0.7389999999999999
2022-10-12,1.1029999999999998,0.14000000000000012,0.0030000000000001137,0.403
2022-10-13,1.1069999999999993,0.13999999999999968,0.03599999999999959,0.4790000000000001
2022-10-14,1.1130000000000004,0.1599999999999997,-0.0259999999999998,0.5
2022-10-17,1.1340000000000003,0.19999999999999973,-0.02400000000000002,0.5089999999999999
2022-10-18,1.1660000000000004,0.2200000000000002,0.03500000000000014,0.516
2022-10-19,1.202,0.24999999999999956,0.0649999999999995,0.5819999999999999
2022-10-20,1.2380000000000004,0.2899999999999996,0.08900000000000041,0.601
2022-10-21,1.2409999999999997,0.3999999999999999,0.13699999999999957,0.6870000000000003
2022-10-24,1.287,0.5,0.1980000000000004,0.6100000000000003
2022-10-25,1.3069999999999995,0.5699999999999998,0.125,0.5720000000000001
2022-10-26,1.3449999999999998,0.6199999999999997,0.07099999999999973,0.5720000000000001
2022-10-27,1.3660000000000005,0.6599999999999997,0.05900000000000016,0.544
2022-10-28,1.375,0.6899999999999995,0.054999999999999716,0.512
2022-10-31,1.3950000000000005,0.7199999999999998,0.057000000000000384,0.524
2022-11-01,1.4180000000000001,0.7600000000000002,0.06700000000000017,0.5110000000000001
2022-11-02,1.4380000000000006,0.8299999999999996,0.04800000000000004,0.589
2022-11-03,1.4579999999999993,0.8999999999999999,0.0389999999999997,0.5999999999999996
2022-11-04,1.4729999999999999,0.9700000000000002,0.06400000000000006,0.5990000000000002
2022-11-07,1.476,1.0299999999999998,0.07200000000000006,0.5990000000000002
2022-11-08,1.4860000000000007,1.0699999999999998,0.08000000000000007,0.597
2022-11-09,1.508,1.1099999999999999,0.0909999999999993,0.5760000000000001
2022-11-10,1.5179999999999998,1.19,0.03699999999999992,0.5619999999999998
2022-11-11,1.5269999999999997,1.2499999999999996,0.06000000000000005,0.5099999999999998
2022-11-14,1.5699999999999998,1.2799999999999998,0.07799999999999985,0.516
2022-11-15,1.593,1.3199999999999998,0.1080000000000001,0.4830000000000001
2022-11-16,1.6080000000000005,1.3599999999999999,0.08800000000000008,0.476
2022-11-17,1.6229999999999998,1.38,0.04900000000000038,0.46099999999999985
2022-11-18,1.6420000000000003,1.4100000000000001,0.014000000000000234,0.4460000000000002
2022-11-21,1.6549999999999998,1.42,-0.0730000000000004,0.4590000000000001
2022-11-22,1.6720000000000002,1.4300000000000006,-0.07099999999999973,0.46899999999999986
2022-11-23,1.6869999999999994,1.4500000000000002,-0.07500000000000018,0.47299999999999986
2022-11-24,1.713,1.5299999999999994,-0.06700000000000017,0.4429999999999996
2022-11-25,1.7320000000000002,1.5499999999999998,-0.020999999999999908,0.40700000000000003
2022-11-28,1.7360000000000002,1.5599999999999996,-0.06300000000000017,0.35900000000000043
2022-11-29,1.745,1.5699999999999994,-0.04999999999999982,0.355
2022-11-30,1.7560000000000002,1.58,-0.02200000000000024,0.33000000000000007
2022-12-01,1.7719999999999998,1.5899999999999999,0.0129999999999999,0.31199999999999983
2022-12-02,1.77,1.5899999999999999,-0.03299999999999992,0.31899999999999995
2022-12-05,1.7610000000000001,1.5899999999999999,-0.06000000000000005,0.31599999999999984
2022-12-06,1.7539999999999996,1.5899999999999999,-0.129,0.3139999999999996
2022-12-07,1.7389999999999994,1.5899999999999999,-0.14900000000000002,0.2969999999999997
2022-12-08,1.7359999999999998,1.5899999999999999,-0.14600000000000035,0.28100000000000014
2022-12-09,1.734,1.5899999999999999,-0.16599999999999993,0.262
2022-12-12,1.7599999999999998,1.58,-0.17500000000000027,0.24799999999999978
2022-12-13,1.7509999999999994,1.5699999999999994,-0.15400000000000036,0.238
2022-12-14,1.7420000000000004,1.5499999999999998,-0.12399999999999967,0.22100000000000009
2022-12-15,1.7269999999999999,1.5299999999999994,-0.15600000000000014,0.22199999999999998
2022-12-16,1.6880000000000002,1.5099999999999998,-0.17900000000000027,0.22899999999999965
2022-12-19,1.6719999999999997,1.5,-0.1499999999999999,0.23599999999999977
2022-12-20,1.6480000000000001,1.46,-0.08199999999999985,0.2789999999999999
2022-12-21,1.6340000000000003,1.4399999999999995,-0.07200000000000006,0.2609999999999997
2022-12-22,1.625,1.4299999999999997,-0.07200000000000006,0.246
2022-12-23,1.5919999999999996,1.42,-0.07100000000000017,0.258
2022-12-26,1.5720000000000005,1.3899999999999997,-0.02400000000000002,0.26800000000000024
2022-12-27,1.5570000000000004,1.4,-0.05099999999999971,0.24299999999999988
2022-12-28,1.5350000000000001,1.3599999999999999,0.004999999999999893,0.2290000000000001
2022-12-29,1.5190000000000006,1.3199999999999998,0.007000000000000117,0.2280000000000002
2022-12-30,1.509,1.3000000000000003,0.008000000000000007,0.22599999999999998
2023-01-02,1.4799999999999995,1.27,0.028999999999999915,0.2280000000000002
2023-01-03,1.4700000000000002,1.2599999999999998,0.0,0.21399999999999997
2023-01-04,1.4460000000000002,1.2199999999999998,-0.03500000000000014,0.20599999999999996
2023-01-05,1.4159999999999995,1.1600000000000001,-0.07299999999999995,0.21700000000000008
2023-01-06,1.3810000000000002,1.1500000000000004,-0.1080000000000001,0.18300000000000027
2023-01-09,1.3529999999999998,1.1100000000000003,-0.10000000000000009,0.18400000000000016
2023-01-10,1.3309999999999995,1.1,-0.09399999999999986,0.18199999999999994
2023-01-11,1.3119999999999998,1.08,-0.05500000000000016,0.16900000000000004
2023-01-12,1.2640000000000002,1.0599999999999996,-0.05400000000000027,0.18000000000000016
2023-01-13,1.251,1.08,-0.0690000000000004,0.129
2023-01-16,1.2069999999999994,1.13,-0.07100000000000017,0.10899999999999999
2023-01-17,1.1929999999999996,1.1499999999999995,-0.040000000000000036,0.10400000000000009
2023-01-18,1.1699999999999995,1.1600000000000001,-0.052999999999999936,0.07799999999999985
2023-01-19,1.1549999999999994,1.1400000000000001,-0.026000000000000245,0.06300000000000017
2023-01-20,1.1230000000000002,1.1100000000000003,-0.051000000000000156,0.07399999999999984
2023-01-25,1.1150000000000002,1.08,-0.05600000000000005,0.04899999999999993
2023-01-26,1.0879999999999996,1.0500000000000003,-0.04200000000000026,0.04800000000000004
2023-01-27,1.06,1.0299999999999998,-0.020999999999999908,0.019999999999999574
2023-01-30,1.0389999999999997,0.9900000000000002,-0.03299999999999992,0.008999999999999897
2023-01-31,1.0190000000000001,0.9400000000000004,-0.028000000000000025,0.0259999999999998
2023-02-01,1.005,0.9400000000000004,-0.02400000000000002,0.01200000000000001
2023-02-02,0.9939999999999998,0.9600000000000004,0.02400000000000002,0.0129999999999999
2023-02-03,0.9710000000000005,0.9299999999999997,0.038000000000000256,0.008000000000000007
2023-02-06,0.9540000000000002,0.8999999999999999,0.0,0.04300000000000015
2023-02-07,0.9289999999999998,0.8700000000000001,-0.017999999999999794,0.03500000000000014
2023-02-08,0.9049999999999998,0.8200000000000003,-0.019000000000000128,0.03299999999999992
2023-02-09,0.8529999999999998,0.7999999999999998,-0.0389999999999997,0.05500000000000016
2023-02-10,0.8329999999999997,0.7799999999999998,-0.03299999999999992,0.04899999999999993
2023-02-13,0.7999999999999998,0.7600000000000002,-0.021999999999999797,0.05500000000000016
2023-02-14,0.778,0.7399999999999998,-0.030999999999999694,0.05699999999999994
2023-02-15,0.7530000000000001,0.71,-0.030999999999999694,0.08799999999999963
2023-02-16,0.7349999999999999,0.6799999999999997,-0.028000000000000025,0.07200000000000006
2023-02-17,0.706,0.6499999999999999,-0.0129999999999999,0.10000000000000009
2023-02-20,0.6919999999999997,0.6099999999999999,-0.03600000000000003,0.09600000000000009
2023-02-21,0.7009999999999996,0.5800000000000001,-0.02300000000000013,0.08000000000000007
2023-02-22,0.6969999999999996,0.5399999999999996,-0.006000000000000227,0.08900000000000041
2023-02-23,0.7119999999999997,0.5,-0.0040000000000000036,0.09299999999999997
2023-02-24,0.6999999999999997,0.4900000000000002,-0.03000000000000025,0.07099999999999973
2023-02-27,0.6829999999999998,0.4800000000000004,-0.06399999999999961,0.0940000000000003
2023-02-28,0.6869999999999998,0.46999999999999975,-0.04400000000000004,0.1280000000000001
2023-03-02,0.6799999999999997,0.44999999999999973,-0.038000000000000256,0.15700000000000003
2023-03-03,0.6800000000000002,0.44999999999999973,-0.015000000000000124,0.13599999999999968
2023-03-06,0.6840000000000002,0.44999999999999973,-0.04300000000000015,0.13099999999999978
2023-03-07,0.6840000000000002,0.44999999999999973,-0.06499999999999995,0.11699999999999999
2023-03-08,0.6789999999999998,0.44999999999999973,-0.1349999999999998,0.14000000000000012
2023-03-09,0.6819999999999999,0.44999999999999973,-0.11900000000000022,0.13500000000000023
2023-03-10,0.6930000000000001,0.44999999999999973,-0.11899999999999977,0.12399999999999967
2023-03-13,0.714,0.44999999999999973,-0.03000000000000025,0.04899999999999993
2023-03-14,0.7040000000000002,0.44999999999999973,-0.043999999999999595,0.029999999999999805
2023-03-15,0.6959999999999997,0.44999999999999973,-0.054999999999999716,0.03299999999999992
2023-03-16,0.698,0.4399999999999995,-0.005999999999999783,-0.03600000000000003
2023-03-17,0.6950000000000003,0.4399999999999995,-0.008999999999999897,-0.06499999999999995
2023-03-20,0.7220000000000004,0.4399999999999995,0.040000000000000036,-0.08300000000000018
2023-03-21,0.722,0.4399999999999995,0.009999999999999787,-0.07399999999999984
2023-03-22,0.7300000000000004,0.4399999999999995,0.0030000000000001137,-0.06800000000000006
2023-03-23,0.7640000000000002,0.4299999999999997,0.06000000000000005,-0.06300000000000017
2023-03-24,0.7679999999999998,0.4500000000000002,0.04999999999999982,-0.06000000000000005
2023-03-27,0.7689999999999997,0.4400000000000004,0.03799999999999981,-0.05500000000000016
2023-03-28,0.7709999999999999,0.4299999999999997,0.02300000000000013,-0.050000000000000266
2023-03-29,0.778,0.41999999999999993,0.030999999999999694,-0.040000000000000036
2023-03-30,0.7949999999999999,0.41999999999999993,0.06499999999999995,-0.030999999999999694
2023-03-31,0.8039999999999998,0.41999999999999993,0.06999999999999984,-0.0129999999999999
2023-04-03,0.7970000000000002,0.41999999999999993,0.04699999999999971,0.02499999999999991
2023-04-04,0.8020000000000005,0.41999999999999993,0.03699999999999992,0.018000000000000238
2023-04-05,0.8080000000000003,0.41999999999999993,0.06200000000000028,0.03100000000000014
2023-04-06,0.8110000000000004,0.4299999999999997,0.06700000000000017,0.03299999999999992
2023-04-07,0.8090000000000002,0.48,0.04899999999999993,0.040999999999999925
2023-04-10,0.8119999999999994,0.5,0.04400000000000004,0.0349999999999997
2023-04-11,0.8100000000000005,0.5299999999999998,0.02400000000000002,0.04999999999999982
2023-04-12,0.8089999999999997,0.5799999999999996,0.028999999999999915,0.041999999999999815
2023-04-13,0.8100000000000005,0.5799999999999996,0.07400000000000029,0.005999999999999783
2023-04-14,0.8070000000000004,0.5799999999999996,0.07100000000000017,0.006999999999999673
2023-04-17,0.8049999999999997,0.5799999999999996,0.06200000000000028,0.009999999999999787
2023-04-18,0.8069999999999999,0.5699999999999998,0.05799999999999983,-0.005999999999999783
2023-04-19,0.8089999999999997,0.5599999999999996,0.03299999999999992,-0.0019999999999997797
2023-04-20,0.8119999999999998,0.5399999999999996,0.07499999999999973,-0.007000000000000117
2023-04-21,0.8160000000000003,0.5199999999999996,0.07600000000000007,-0.019000000000000128
2023-04-24,0.8210000000000002,0.5199999999999996,0.07600000000000007,-0.019000000000000128
2023-04-25,0.8109999999999995,0.5199999999999996,0.05799999999999983,-0.006999999999999673
2023-04-26,0.81,0.5099999999999998,0.050000000000000266,-0.013000000000000345
2023-04-27,0.8060000000000005,0.48999999999999977,0.05400000000000027,0.010000000000000231
2023-04-28,0.8120000000000003,0.48999999999999977,0.06699999999999973,0.028000000000000025
2023-05-02,0.8049999999999997,0.48,0.03699999999999992,0.054999999999999716
2023-05-03,0.8130000000000002,0.45999999999999996,0.042999999999999705,0.06199999999999983
2023-05-04,0.8200000000000003,0.45999999999999996,0.06800000000000006,0.05699999999999994
2023-05-08,0.8179999999999996,0.45999999999999996,0.04899999999999993,0.06499999999999995
2023-05-09,0.8130000000000002,0.45999999999999996,0.06200000000000028,0.06099999999999994
2023-05-10,0.8130000000000002,0.41999999999999993,0.06800000000000006,0.06400000000000006
2023-05-11,0.8119999999999998,0.4099999999999997,0.07199999999999962,0.05699999999999994
2023-05-12,0.81,0.3999999999999999,0.04899999999999993,0.052999999999999936
2023-05-15,0.8100000000000005,0.3899999999999997,0.052999999999999936,0.06300000000000017
2023-05-16,0.8140000000000001,0.3899999999999997,0.06099999999999994,0.04499999999999993
2023-05-17,0.8099999999999996,0.3599999999999999,0.04499999999999993,0.04800000000000004
2023-05-18,0.8070000000000004,0.34999999999999964,0.051000000000000156,0.037000000000000366
2023-05-19,0.8079999999999998,0.33999999999999986,0.07900000000000018,0.016999999999999904
2023-05-22,0.8059999999999996,0.3299999999999996,0.07699999999999996,0.008000000000000007
2023-05-23,0.8079999999999998,0.3099999999999996,0.09999999999999964,0.008000000000000007
2023-05-24,0.8049999999999997,0.2799999999999998,0.12399999999999967,-0.0030000000000001137
2023-05-25,0.8000000000000003,0.2599999999999998,0.11699999999999999,0.017999999999999794
2023-05-26,0.8040000000000003,0.2599999999999998,0.11499999999999977,0.010999999999999677
2023-05-30,0.7989999999999999,0.25,0.09099999999999975,0.02400000000000002
2023-05-31,0.8029999999999995,0.25,0.07299999999999995,0.0129999999999999
2023-06-01,0.8069999999999999,0.25,0.07099999999999973,0.028999999999999915
2023-06-02,0.8079999999999998,0.25,0.05900000000000016,0.0129999999999999
2023-06-05,0.8050000000000006,0.25,0.05900000000000016,0.016000000000000014
2023-06-07,0.8019999999999996,0.2599999999999998,0.05099999999999971,0.008000000000000007
2023-06-08,0.8010000000000002,0.2599999999999998,0.08899999999999997,0.007000000000000117
2023-06-09,0.8030000000000004,0.2599999999999998,0.1070000000000002,0.0
2023-06-12,0.8089999999999997,0.2599999999999998,0.08300000000000018,-0.01200000000000001
2023-06-13,0.8129999999999997,0.2599999999999998,0.09399999999999986,-0.03100000000000014
2023-06-14,0.8109999999999999,0.2599999999999998,0.08999999999999986,-0.019000000000000128
2023-06-15,0.8110000000000004,0.2599999999999998,0.05900000000000016,-0.016000000000000014
2023-06-16,0.8099999999999996,0.2599999999999998,0.07200000000000006,-0.015000000000000124
2023-06-19,0.8069999999999995,0.2599999999999998,0.04999999999999982,-0.0050000000000003375
2023-06-20,0.8129999999999997,0.2599999999999998,0.07499999999999973,-0.016999999999999904
2023-06-21,0.8069999999999999,0.2599999999999998,0.04999999999999982,-0.018000000000000238
2023-06-22,0.8080000000000003,0.2599999999999998,0.054999999999999716,-0.019000000000000128
2023-06-23,0.8099999999999996,0.2599999999999998,0.053999999999999826,-0.018000000000000238
2023-06-26,0.8069999999999999,0.2599999999999998,0.04300000000000015,-0.018000000000000238
2023-06-27,0.81,0.2599999999999998,0.06500000000000039,-0.019000000000000128
2023-06-28,0.8080000000000003,0.2599999999999998,0.05400000000000027,-0.0129999999999999
2023-06-29,0.8069999999999999,0.2699999999999996,0.041999999999999815,-0.0040000000000000036
2023-06-30,0.8109999999999999,0.2699999999999996,0.0129999999999999,0.015000000000000124
2023-07-03,0.8080000000000003,0.2699999999999996,-0.005999999999999783,0.01100000000000012
2023-07-04,0.81,0.27999999999999936,0.0040000000000000036,0.009999999999999787
2023-07-05,0.8069999999999999,0.27999999999999936,0.026000000000000245,0.008000000000000007
2023-07-06,0.7989999999999995,0.29000000000000004,0.03699999999999992,0.02400000000000002
2023-07-07,0.7989999999999999,0.28000000000000025,0.026000000000000245,0.03100000000000014
2023-07-10,0.7990000000000004,0.28000000000000025,0.06800000000000006,0.038000000000000256
2023-07-11,0.7989999999999999,0.28000000000000025,0.05500000000000016,0.004999999999999893
2023-07-12,0.8079999999999994,0.28000000000000025,0.0519999999999996,0.0039999999999995595
2023-07-13,0.8060000000000005,0.28000000000000025,0.05500000000000016,-0.03400000000000025
2023-07-14,0.806,0.28000000000000025,0.07100000000000017,-0.008999999999999897
2023-07-17,0.8029999999999995,0.28000000000000025,0.04899999999999993,-0.007000000000000117
2023-07-18,0.8019999999999996,0.28000000000000025,0.054999999999999716,-0.009999999999999787
2023-07-19,0.798,0.28000000000000025,0.03200000000000003,-0.03500000000000014
2023-07-20,0.7979999999999996,0.28000000000000025,0.02499999999999991,-0.028000000000000025
2023-07-21,0.7970000000000002,0.28000000000000025,0.03400000000000025,-0.0349999999999997
2023-07-24,0.7930000000000001,0.28000000000000025,0.02300000000000013,-0.03699999999999992
2023-07-25,0.7899999999999996,0.28000000000000025,0.039000000000000146,-0.0349999999999997
2023-07-26,0.7860000000000005,0.28000000000000025,0.03100000000000014,-0.05699999999999994
2023-07-27,0.7869999999999995,0.29000000000000004,0.04999999999999982,-0.06600000000000028
2023-07-28,0.7880000000000003,0.29000000000000004,0.09300000000000042,-0.06099999999999994
2023-07-31,0.7859999999999996,0.29000000000000004,0.08000000000000007,-0.05899999999999972
2023-08-01,0.7879999999999998,0.29000000000000004,0.08000000000000007,-0.08099999999999996
2023-08-02,0.7890000000000001,0.29000000000000004,0.1160000000000001,-0.08399999999999963
2023-08-03,0.7820000000000005,0.30000000000000027,0.14700000000000024,-0.08499999999999996
2023-08-04,0.7810000000000001,0.31000000000000005,0.1379999999999999,-0.08199999999999985
2023-08-07,0.7789999999999999,0.31000000000000005,0.125,-0.10400000000000009
2023-08-08,0.7770000000000006,0.33000000000000007,0.09300000000000042,-0.09499999999999975
2023-08-09,0.7760000000000002,0.33000000000000007,0.10199999999999987,-0.08299999999999974
2023-08-10,0.7770000000000006,0.3500000000000001,0.0990000000000002,-0.08299999999999974
2023-08-11,0.7769999999999997,0.3400000000000003,0.1259999999999999,-0.07900000000000018
2023-08-14,0.7729999999999997,0.3400000000000003,0.1419999999999999,-0.08300000000000018
2023-08-16,0.7760000000000002,0.33000000000000007,0.1549999999999998,-0.09799999999999986
2023-08-17,0.7730000000000001,0.33000000000000007,0.18800000000000017,-0.07599999999999962
2023-08-18,0.7720000000000002,0.33000000000000007,0.18500000000000005,-0.08499999999999996
2023-08-21,0.7679999999999998,0.33000000000000007,0.17799999999999994,-0.06100000000000039
2023-08-22,0.7669999999999999,0.33000000000000007,0.18400000000000016,-0.06100000000000039
2023-08-23,0.7649999999999997,0.3400000000000003,0.14900000000000002,-0.06300000000000017
2023-08-24,0.7650000000000001,0.3400000000000003,0.11900000000000022,-0.05699999999999994
2023-08-25,0.7650000000000001,0.3400000000000003,0.1459999999999999,-0.029999999999999805
2023-08-28,0.7650000000000001,0.3400000000000003,0.11299999999999999,-0.03100000000000014
2023-08-29,0.7629999999999999,0.3400000000000003,0.10399999999999965,-0.03300000000000036
2023-08-30,0.7640000000000002,0.3400000000000003,0.11799999999999988,-0.04400000000000004
2023-08-31,0.762,0.3400000000000003,0.11000000000000032,-0.05900000000000016
2023-09-01,0.758,0.3500000000000001,0.08899999999999997,-0.058000000000000274
2023-09-04,0.7600000000000002,0.3400000000000003,0.11799999999999988,-0.050000000000000266
2023-09-05,0.762,0.33000000000000007,0.121,-0.051000000000000156
2023-09-06,0.7559999999999998,0.3200000000000003,0.12799999999999967,-0.06500000000000039
2023-09-07,0.7520000000000002,0.31000000000000005,0.12199999999999989,-0.020999999999999908
2023-09-08,0.7569999999999997,0.31000000000000005,0.10000000000000009,-0.028000000000000025
2023-09-11,0.7569999999999997,0.31999999999999984,0.09599999999999964,0.007000000000000117
2023-09-12,0.7580000000000005,0.31000000000000005,0.10199999999999987,0.016000000000000014
2023-09-13,0.7639999999999998,0.2999999999999998,0.09599999999999964,0.016999999999999904
2023-09-14,0.7600000000000002,0.29000000000000004,0.08099999999999996,0.02400000000000002
2023-09-15,0.7579999999999996,0.27,0.07799999999999985,0.028999999999999915
2023-09-18,0.7569999999999997,0.2699999999999996,0.09100000000000019,0.04200000000000026
2023-09-19,0.754,0.2599999999999998,0.06499999999999995,0.03000000000000025
2023-09-20,0.7549999999999994,0.24999999999999956,0.07299999999999995,0.03100000000000014
2023-09-21,0.7589999999999999,0.25000000000000044,0.10099999999999953,0.04300000000000015
2023-09-22,0.7740000000000005,0.25,0.12500000000000044,0.0349999999999997
2023-09-25,0.7639999999999998,0.25,0.13599999999999968,0.02400000000000002
2023-09-26,0.7629999999999999,0.25,0.16300000000000026,0.02900000000000036
2023-09-27,0.7740000000000005,0.25,0.14600000000000035,0.03200000000000003
2023-10-04,0.7630000000000008,0.25,0.24300000000000033,0.10000000000000009
2023-10-05,0.774,0.2599999999999998,0.24099999999999966,0.08700000000000019
2023-10-06,0.7810000000000006,0.2799999999999998,0.22500000000000053,0.08000000000000007
2023-10-10,0.7800000000000002,0.2900000000000005,0.22200000000000042,0.08099999999999996
2023-10-11,0.7820000000000005,0.30000000000000027,0.1890000000000005,0.07299999999999995
2023-10-12,0.7870000000000004,0.31000000000000005,0.16900000000000004,0.0730000000000004
2023-10-13,0.7910000000000004,0.31999999999999984,0.21199999999999974,0.09300000000000042
2023-10-16,0.7960000000000003,0.3400000000000003,0.21799999999999997,0.10899999999999999
2023-10-17,0.7959999999999998,0.3599999999999999,0.2330000000000001,0.1120000000000001
2023-10-18,0.7990000000000004,0.38000000000000034,0.2560000000000002,0.12300000000000022
2023-10-19,0.8019999999999996,0.3999999999999999,0.2919999999999998,0.133
2023-10-20,0.8049999999999997,0.4200000000000004,0.2939999999999996,0.11699999999999999
2023-10-23,0.806,0.43999999999999995,0.31899999999999995,0.1200000000000001
2023-10-24,0.806,0.4700000000000002,0.26500000000000057,0.1030000000000002
2023-10-25,0.806,0.48999999999999977,0.24299999999999944,0.1080000000000001
2023-10-26,0.8019999999999996,0.5100000000000002,0.28800000000000026,0.121
2023-10-27,0.8109999999999999,0.52,0.20699999999999985,0.11500000000000021
2023-10-30,0.8159999999999998,0.5299999999999998,0.22299999999999986,0.11000000000000032
2023-10-31,0.8230000000000004,0.5400000000000005,0.2400000000000002,0.10600000000000032
2023-11-01,0.8290000000000006,0.5300000000000002,0.21700000000000053,0.09699999999999998
2023-11-02,0.8319999999999999,0.5300000000000002,0.18900000000000006,0.06999999999999984
2023-11-03,0.8399999999999999,0.5300000000000002,0.15600000000000058,0.07399999999999984
2023-11-06,0.8440000000000003,0.5300000000000002,0.17900000000000027,0.08499999999999996
2023-11-07,0.8439999999999999,0.5300000000000002,0.1679999999999997,0.10400000000000009
2023-11-08,0.847,0.5300000000000002,0.15400000000000036,0.11399999999999988
2023-11-09,0.8480000000000003,0.5300000000000002,0.09799999999999986,0.11799999999999988
2023-11-10,0.8490000000000002,0.5300000000000002,0.10699999999999976,0.14400000000000013
2023-11-13,0.8500000000000005,0.5300000000000002,0.1280000000000001,0.17399999999999993
2023-11-14,0.8469999999999995,0.5300000000000002,0.12299999999999978,0.1809999999999996
2023-11-15,0.847,0.5300000000000002,0.07099999999999973,0.1549999999999998
2023-11-16,0.8400000000000003,0.5300000000000002,0.09799999999999986,0.1549999999999998
2023-11-17,0.8229999999999995,0.5300000000000002,0.11499999999999977,0.14700000000000024
2023-11-20,0.8020000000000005,0.5300000000000002,0.08800000000000008,0.13500000000000023
2023-11-21,0.7919999999999998,0.5300000000000002,0.08199999999999985,0.11699999999999999
2023-11-22,0.7840000000000003,0.5300000000000002,0.09600000000000009,0.11500000000000021
2023-11-23,0.774,0.5200000000000005,0.06800000000000006,0.09899999999999975
2023-11-24,0.7659999999999996,0.5200000000000005,0.10199999999999987,0.09799999999999986
2023-11-27,0.7590000000000003,0.5200000000000005,0.07799999999999985,0.1030000000000002
2023-11-28,0.7490000000000001,0.5200000000000005,0.07799999999999985,0.0900000000000003
2023-11-29,0.7429999999999999,0.5200000000000005,0.08700000000000019,0.06700000000000017
2023-11-30,0.7359999999999998,0.5200000000000005,0.11599999999999966,0.06700000000000017
2023-12-01,0.722,0.5200000000000005,0.11199999999999966,0.055999999999999606
2023-12-04,0.7209999999999996,0.5200000000000005,0.09499999999999975,0.025000000000000355
2023-12-05,0.7130000000000001,0.5200000000000005,0.0950000000000002,0.01200000000000001
2023-12-06,0.7069999999999999,0.5200000000000005,0.06999999999999984,0.0
2023-12-07,0.7000000000000002,0.5200000000000005,0.06499999999999995,0.007000000000000117
2023-12-08,0.706,0.5200000000000005,0.07299999999999995,-0.0019999999999997797
2023-12-11,0.7159999999999997,0.5200000000000005,0.08599999999999985,0.006000000000000227
2023-12-12,0.7250000000000001,0.5200000000000005,0.08099999999999996,0.0019999999999997797
2023-12-13,0.7210000000000001,0.5200000000000005,0.06000000000000005,0.020000000000000018
2023-12-14,0.722,0.5199999999999996,0.07399999999999984,-0.014000000000000234
2023-12-15,0.7289999999999996,0.5099999999999998,0.07699999999999996,-0.009000000000000341
2023-12-18,0.7279999999999998,0.5,0.05899999999999972,-0.01200000000000001
2023-12-19,0.7260000000000004,0.4900000000000002,0.03200000000000003,-0.0030000000000001137
2023-12-20,0.7429999999999999,0.4900000000000002,0.0479999999999996,-0.020999999999999908
2023-12-21,0.7389999999999999,0.4900000000000002,0.06099999999999994,-0.029999999999999805
2023-12-22,0.738,0.4900000000000002,0.06700000000000017,-0.03300000000000036
2023-12-26,0.7410000000000001,0.4900000000000002,0.04999999999999982,-0.027000000000000135
2023-12-27,0.738,0.4900000000000002,0.03999999999999959,-0.026000000000000245
2023-12-28,0.7440000000000002,0.4900000000000002,0.028999999999999915,-0.040999999999999925
2023-12-29,0.7440000000000002,0.4900000000000002,0.028999999999999915,-0.040999999999999925
2024-01-02,0.7399999999999998,0.47999999999999954,0.06599999999999984,-0.010999999999999677
2024-01-03,0.7390000000000003,0.46999999999999975,0.06000000000000005,-0.0040000000000000036
2024-01-04,0.75,0.4700000000000002,0.06099999999999994,-0.01100000000000012
2024-01-05,0.7490000000000001,0.48,0.06099999999999994,-0.007000000000000117
2024-01-08,0.7479999999999998,0.48,0.04699999999999971,-0.0009999999999998899
2024-01-09,0.7489999999999997,0.4900000000000002,0.06800000000000006,0.0009999999999998899
2024-01-10,0.7480000000000002,0.4900000000000002,0.07699999999999996,0.0009999999999998899
2024-01-11,0.7490000000000001,0.5000000000000004,0.08000000000000007,-0.020000000000000018
2024-01-12,0.7489999999999997,0.5100000000000002,0.10199999999999987,-0.03399999999999981
2024-01-15,0.7480000000000002,0.54,0.10200000000000031,-0.04600000000000026
2024-01-16,0.7470000000000003,0.56,0.08700000000000019,-0.031999999999999584
2024-01-17,0.7480000000000002,0.5700000000000003,0.09200000000000008,-0.028000000000000025
2024-01-18,0.7489999999999997,0.5900000000000003,0.09499999999999975,-0.02400000000000002
2024-01-19,0.7509999999999999,0.6000000000000001,0.11500000000000021,-0.03299999999999992
2024-01-22,0.7520000000000002,0.6000000000000001,0.09399999999999986,-0.05699999999999994
2024-01-23,0.7550000000000003,0.6000000000000001,0.08599999999999985,-0.053999999999999826
2024-01-24,0.7510000000000003,0.6000000000000001,0.10000000000000009,-0.04999999999999982
2024-01-25,0.7479999999999998,0.6000000000000001,0.10599999999999987,-0.04899999999999993
2024-01-26,0.7469999999999999,0.6000000000000001,0.12300000000000022,-0.06999999999999984
2024-01-29,0.7470000000000003,0.6000000000000001,0.13200000000000012,-0.05099999999999971
2024-01-30,0.7410000000000005,0.6000000000000001,0.0820000000000003,-0.06499999999999995
2024-01-31,0.7409999999999997,0.6000000000000001,0.08400000000000007,-0.06300000000000017
2024-02-01,0.7340000000000004,0.6000000000000001,0.07200000000000006,-0.06400000000000006
2024-02-02,0.734,0.6000000000000001,0.0389999999999997,-0.06799999999999962
2024-02-05,0.7349999999999999,0.6100000000000003,0.06200000000000028,-0.052999999999999936
2024-02-06,0.7359999999999998,0.6100000000000003,0.0900000000000003,-0.05099999999999971
2024-02-07,0.7330000000000001,0.6100000000000003,0.09200000000000008,-0.04599999999999982
2024-02-08,0.7289999999999996,0.6100000000000003,0.09499999999999975,-0.03400000000000025
2024-02-13,0.7209999999999996,0.6100000000000003,0.09999999999999964,-0.008000000000000007
2024-02-14,0.7160000000000002,0.6000000000000001,0.07699999999999996,0.01100000000000012
2024-02-15,0.7120000000000002,0.6000000000000001,0.07200000000000006,0.008999999999999897
2024-02-16,0.7100000000000004,0.6000000000000001,0.0770000000000004,0.017999999999999794
2024-02-19,0.7050000000000005,0.5900000000000003,0.07000000000000028,0.020000000000000018
2024-02-20,0.7000000000000006,0.5900000000000003,0.08400000000000007,0.03500000000000014
2024-02-21,0.6879999999999997,0.5800000000000001,0.07200000000000006,0.04500000000000037
2024-02-22,0.6809999999999996,0.5800000000000001,0.08199999999999985,0.03500000000000014
2024-02-23,0.6709999999999998,0.5800000000000001,0.09399999999999986,0.04900000000000038
2024-02-26,0.665,0.5800000000000001,0.06200000000000028,0.03799999999999981
2024-02-27,0.6610000000000005,0.5800000000000001,0.06600000000000028,0.04500000000000037
2024-02-28,0.6559999999999997,0.5800000000000001,0.08300000000000018,0.03699999999999992
2024-02-29,0.6520000000000001,0.5900000000000003,0.0900000000000003,0.03200000000000003
2024-03-04,0.6480000000000001,0.6000000000000001,0.07400000000000029,0.0029999999999996696
2024-03-05,0.6429999999999998,0.6000000000000001,0.05999999999999961,-0.008000000000000007
2024-03-06,0.637,0.6000000000000001,0.055999999999999606,-0.020999999999999908
2024-03-07,0.6379999999999999,0.6000000000000001,0.07799999999999985,-0.028000000000000025
2024-03-08,0.6390000000000002,0.6000000000000001,0.06300000000000017,-0.052999999999999936
2024-03-11,0.6390000000000002,0.6100000000000003,0.06700000000000017,-0.06999999999999984
2024-03-12,0.6439999999999997,0.6200000000000001,0.06199999999999983,-0.10899999999999999
2024-03-13,0.6480000000000001,0.6300000000000003,0.08000000000000007,-0.12299999999999978
2024-03-14,0.649,0.6400000000000001,0.08099999999999996,-0.1259999999999999
2024-03-15,0.645,0.6400000000000001,0.10200000000000031,-0.12400000000000011
2024-03-18,0.645,0.6400000000000001,0.08700000000000019,-0.11599999999999966
2024-03-19,0.6390000000000002,0.6400000000000001,0.08899999999999997,-0.11099999999999977
2024-03-20,0.6350000000000002,0.6400000000000001,0.08000000000000007,-0.10999999999999988
2024-03-21,0.6360000000000001,0.6099999999999999,0.10499999999999998,-0.121
2024-03-22,0.6340000000000003,0.6099999999999999,0.07800000000000029,-0.12399999999999967
2024-03-25,0.625,0.6099999999999999,0.08000000000000007,-0.1200000000000001
2024-03-26,0.6219999999999999,0.6099999999999999,0.09599999999999964,-0.11299999999999999
2024-03-27,0.6150000000000002,0.6200000000000001,0.08500000000000041,-0.1120000000000001
2024-03-28,0.6099999999999999,0.6000000000000001,0.08399999999999963,-0.10400000000000009
2024-03-29,0.6040000000000001,0.6000000000000001,0.09099999999999975,-0.08400000000000007
2024-04-01,0.605,0.6100000000000003,0.08999999999999986,-0.08599999999999985
2024-04-02,0.593,0.6100000000000003,0.09199999999999964,-0.07100000000000017
2024-04-03,0.5859999999999999,0.6200000000000001,0.11099999999999977,-0.06400000000000006
2024-04-04,0.581,0.6100000000000003,0.11899999999999977,-0.06200000000000028
2024-04-05,0.573,0.6500000000000004,0.10399999999999965,-0.06300000000000017
2024-04-08,0.5619999999999998,0.6700000000000004,0.10499999999999998,-0.04800000000000004
2024-04-09,0.5619999999999998,0.6600000000000006,0.1120000000000001,-0.04800000000000004
2024-04-11,0.5499999999999998,0.6600000000000006,0.11899999999999977,-0.028999999999999915
2024-04-12,0.5579999999999998,0.6599999999999997,0.1349999999999998,-0.03299999999999992
2024-04-15,0.5430000000000001,0.6599999999999997,0.121,-0.02300000000000013
2024-04-16,0.5409999999999999,0.6599999999999997,0.14900000000000002,-0.016999999999999904
2024-04-17,0.5319999999999996,0.6699999999999999,0.15700000000000003,-0.01100000000000012
2024-04-18,0.5329999999999999,0.6699999999999999,0.1349999999999998,-0.02400000000000002
2024-04-19,0.5140000000000002,0.6699999999999999,0.11500000000000021,-0.008000000000000007
2024-04-22,0.5070000000000001,0.6599999999999997,0.1379999999999999,0.0019999999999997797
2024-04-23,0.5030000000000001,0.6599999999999997,0.13600000000000012,0.009999999999999787
2024-04-24,0.49499999999999966,0.6599999999999997,0.13600000000000012,0.0129999999999999
2024-04-25,0.48599999999999977,0.6499999999999999,0.1639999999999997,0.016000000000000014
2024-04-26,0.48099999999999943,0.6499999999999999,0.1629999999999998,0.016000000000000014
2024-04-29,0.472,0.6499999999999999,0.15200000000000014,0.016999999999999904
2024-04-30,0.4660000000000002,0.6499999999999999,0.12700000000000022,0.013000000000000345
2024-05-02,0.4630000000000001,0.6499999999999999,0.129,0.010000000000000231
2024-05-03,0.4580000000000002,0.6399999999999997,0.11399999999999988,0.007000000000000117
2024-05-07,0.46399999999999997,0.6399999999999997,0.08800000000000008,-0.002000000000000224
2024-05-08,0.46199999999999974,0.6399999999999997,0.09099999999999975,-0.004999999999999893
2024-05-09,0.45999999999999996,0.6399999999999997,0.1030000000000002,-0.0029999999999996696
2024-05-10,0.4540000000000002,0.6399999999999997,0.09799999999999986,-0.0019999999999997797
2024-05-13,0.45199999999999996,0.6299999999999999,0.10199999999999987,0.006000000000000227
2024-05-14,0.44599999999999973,0.6199999999999997,0.09199999999999964,0.008999999999999897
2024-05-16,0.44499999999999984,0.6199999999999997,0.08300000000000018,-0.008999999999999897
2024-05-17,0.4460000000000002,0.6199999999999997,0.07500000000000018,-0.016000000000000014
2024-05-20,0.4410000000000003,0.6199999999999997,0.08499999999999996,-0.01200000000000001
2024-05-21,0.44200000000000017,0.6199999999999997,0.08000000000000007,-0.01200000000000001
2024-05-22,0.43900000000000006,0.6199999999999997,0.0690000000000004,-0.015000000000000124
2024-05-23,0.4379999999999997,0.6199999999999997,0.06999999999999984,-0.02300000000000013
2024-05-24,0.43800000000000017,0.6199999999999997,0.09200000000000008,-0.02300000000000013
2024-05-27,0.43800000000000017,0.6099999999999999,0.08500000000000041,-0.027000000000000135
2024-05-28,0.4339999999999997,0.5999999999999996,0.08699999999999974,-0.03799999999999981
2024-05-29,0.43000000000000016,0.6099999999999999,0.11100000000000021,-0.03500000000000014
2024-05-30,0.42700000000000005,0.6199999999999997,0.12400000000000011,-0.03200000000000003
2024-05-31,0.41900000000000004,0.6099999999999999,0.1259999999999999,-0.03799999999999981
2024-06-03,0.41900000000000004,0.6099999999999999,0.09799999999999986,-0.05600000000000005
2024-06-04,0.41999999999999993,0.6199999999999997,0.08000000000000007,-0.07699999999999996
2024-06-05,0.4259999999999997,0.6199999999999997,0.08499999999999996,-0.08499999999999996
2024-06-07,0.4280000000000004,0.6199999999999997,0.07699999999999996,-0.10099999999999998
2024-06-10,0.4289999999999998,0.6199999999999997,0.07999999999999963,-0.09699999999999998
2024-06-11,0.4339999999999997,0.6199999999999997,0.08399999999999963,-0.09999999999999964
2024-06-12,0.43800000000000017,0.6199999999999997,0.07500000000000018,-0.10199999999999987
2024-06-13,0.44099999999999984,0.6199999999999997,0.06800000000000006,-0.10899999999999999
2024-06-14,0.44200000000000017,0.6199999999999997,0.050000000000000266,-0.10899999999999999
2024-06-17,0.44999999999999973,0.6199999999999997,0.07099999999999973,-0.11399999999999988
2024-06-18,0.45199999999999996,0.6199999999999997,0.06499999999999995,-0.11199999999999966
2024-06-19,0.4580000000000002,0.6199999999999997,0.06899999999999995,-0.11499999999999977
2024-06-20,0.45199999999999996,0.6199999999999997,0.07299999999999995,-0.1080000000000001
2024-06-21,0.46099999999999985,0.6199999999999997,0.07899999999999974,-0.1120000000000001
2024-06-24,0.4620000000000002,0.6199999999999997,0.06999999999999984,-0.1080000000000001
2024-06-25,0.46099999999999985,0.6199999999999997,0.06999999999999984,-0.10599999999999987
2024-06-26,0.4610000000000003,0.6199999999999997,0.06300000000000017,-0.10600000000000032
2024-06-27,0.46399999999999997,0.6000000000000001,0.07999999999999963,-0.1070000000000002
2024-06-28,0.476,0.5699999999999998,0.08400000000000007,-0.11500000000000021
2024-07-01,0.4710000000000001,0.5699999999999998,0.10199999999999987,-0.14399999999999968
2024-07-02,0.46499999999999986,0.56,0.1200000000000001,-0.16999999999999993
2024-07-03,0.46399999999999997,0.5800000000000001,0.11399999999999988,-0.16699999999999982
2024-07-04,0.4630000000000001,0.5700000000000003,0.10599999999999987,-0.16500000000000004
2024-07-05,0.46699999999999964,0.5699999999999998,0.11199999999999966,-0.16199999999999992
2024-07-08,0.46099999999999985,0.56,0.09299999999999997,-0.16000000000000014
2024-07-09,0.4580000000000002,0.56,0.07699999999999996,-0.15600000000000014
2024-07-10,0.45599999999999996,0.5600000000000005,0.07799999999999985,-0.15399999999999991
2024-07-11,0.45100000000000007,0.5499999999999998,0.07100000000000017,-0.1509999999999998
2024-07-12,0.45100000000000007,0.54,0.07600000000000007,-0.15300000000000002
2024-07-15,0.46199999999999974,0.54,0.10099999999999998,-0.16500000000000004
2024-07-16,0.46099999999999985,0.5200000000000005,0.10199999999999987,-0.17600000000000016
2024-07-17,0.4590000000000001,0.5300000000000002,0.08899999999999997,-0.17200000000000015
2024-07-18,0.45500000000000007,0.5500000000000003,0.08000000000000007,-0.16599999999999993
2024-07-19,0.45100000000000007,0.5500000000000003,0.0820000000000003,-0.1599999999999997
2024-07-22,0.4509999999999996,0.5399999999999996,0.07399999999999984,-0.15100000000000025
2024-07-23,0.44899999999999984,0.5299999999999998,0.08699999999999974,-0.14100000000000001
2024-07-24,0.4630000000000001,0.5300000000000002,0.08499999999999996,-0.137
2024-07-25,0.45999999999999996,0.5099999999999998,0.10400000000000009,-0.14600000000000035
2024-07-26,0.4580000000000002,0.5,0.08400000000000007,-0.1549999999999998
2024-07-29,0.45599999999999996,0.4700000000000002,0.06799999999999962,-0.17899999999999983
2024-07-30,0.45699999999999985,0.4500000000000002,0.05799999999999983,-0.18900000000000006
2024-07-31,0.45500000000000007,0.41999999999999993,0.06000000000000005,-0.19300000000000006
2024-08-01,0.45500000000000007,0.3899999999999997,0.03399999999999981,-0.19899999999999984
2024-08-02,0.45500000000000007,0.3700000000000001,0.03699999999999992,-0.20799999999999974
2024-08-05,0.46499999999999986,0.33000000000000007,0.07200000000000006,-0.22799999999999976
2024-08-06,0.4630000000000001,0.3099999999999996,0.05799999999999983,-0.20900000000000007
2024-08-07,0.46799999999999997,0.27,0.07200000000000006,-0.19999999999999973
2024-08-08,0.46899999999999986,0.2599999999999998,0.08599999999999985,-0.20000000000000018
2024-08-09,0.46799999999999997,0.22999999999999998,0.07100000000000017,-0.20500000000000007
2024-08-12,0.47499999999999964,0.22999999999999998,0.053999999999999826,-0.20999999999999996
2024-08-13,0.47699999999999987,0.17999999999999972,0.05600000000000005,-0.21599999999999975
2024-08-14,0.4820000000000002,0.1599999999999997,0.05699999999999994,-0.2250000000000001
2024-08-16,0.4870000000000001,0.13000000000000034,0.04499999999999993,-0.22100000000000009
2024-08-19,0.4969999999999999,0.1200000000000001,0.05799999999999983,-0.21699999999999964
2024-08-20,0.4980000000000002,0.11000000000000032,0.05500000000000016,-0.2160000000000002
2024-08-21,0.4990000000000001,0.10000000000000009,0.05699999999999994,-0.21599999999999975
2024-08-22,0.5150000000000001,0.11000000000000032,0.07299999999999995,-0.2200000000000002
2024-08-23,0.5190000000000001,0.11000000000000032,0.08499999999999996,-0.2160000000000002
2024-08-26,0.524,0.11000000000000032,0.08400000000000007,-0.21999999999999975
2024-08-27,0.5249999999999999,0.10000000000000009,0.133,-0.21599999999999975
2024-08-28,0.5369999999999999,0.10000000000000009,0.1349999999999998,-0.21300000000000008
2024-08-29,0.5449999999999999,0.10000000000000009,0.13600000000000012,-0.20099999999999962
2024-08-30,0.5500000000000003,0.10000000000000009,0.13500000000000023,-0.19700000000000006
2024-09-02,0.5529999999999999,0.10000000000000009,0.13200000000000012,-0.19299999999999962
2024-09-03,0.5640000000000001,0.11000000000000032,0.13900000000000023,-0.19099999999999984
2024-09-04,0.5659999999999998,0.11000000000000032,0.121,-0.20599999999999996
2024-09-05,0.5750000000000002,0.11000000000000032,0.125,-0.21300000000000008
2024-09-06,0.5790000000000002,0.11000000000000032,0.10900000000000043,-0.2150000000000003
2024-09-09,0.5740000000000003,0.11000000000000032,0.13500000000000023,-0.2190000000000003
2024-09-10,0.5740000000000003,0.11000000000000032,0.133,-0.22100000000000009
2024-09-11,0.5860000000000003,0.11000000000000032,0.12300000000000022,-0.26000000000000023
2024-09-12,0.5829999999999997,0.11000000000000032,0.10400000000000009,-0.26300000000000034
2024-09-13,0.5880000000000001,0.0900000000000003,0.10599999999999987,-0.29300000000000015
2024-09-19,0.589,0.0900000000000003,0.13600000000000012,-0.2929999999999997
2024-09-20,0.5880000000000001,0.0900000000000003,0.1509999999999998,-0.3009999999999997
2024-09-23,0.585,0.0900000000000003,0.15799999999999992,-0.29800000000000004
2024-09-24,0.585,0.0900000000000003,0.1719999999999997,-0.29899999999999993
2024-09-25,0.589,0.0900000000000003,0.18500000000000005,-0.30299999999999994
2024-09-26,0.5880000000000001,0.0900000000000003,0.19399999999999995,-0.3089999999999997
2024-09-27,0.5829999999999997,0.0900000000000003,0.17399999999999993,-0.31899999999999995
2024-09-30,0.5859999999999999,0.0900000000000003,0.18100000000000005,-0.33099999999999996
2024-10-02,0.5900000000000003,0.10000000000000009,0.15200000000000014,-0.34199999999999964
2024-10-04,0.5910000000000002,0.10000000000000009,0.17200000000000015,-0.33099999999999996
2024-10-07,0.5859999999999999,0.11000000000000032,0.14100000000000001,-0.3099999999999996
2024-10-08,0.585,0.11000000000000032,0.14500000000000002,-0.2869999999999999
2024-10-10,0.5799999999999996,0.1200000000000001,0.1259999999999999,-0.2639999999999998
2024-10-11,0.5760000000000001,0.1299999999999999,0.1379999999999999,-0.26300000000000034
2024-10-14,0.5709999999999997,0.1299999999999999,0.14900000000000002,-0.24799999999999978
2024-10-15,0.569,0.1299999999999999,0.14399999999999968,-0.242
2024-10-16,0.5720000000000001,0.1299999999999999,0.1280000000000001,-0.23899999999999988
2024-10-17,0.5700000000000003,0.13999999999999968,0.13100000000000023,-0.2330000000000001
2024-10-18,0.5720000000000001,0.13999999999999968,0.16400000000000015,-0.2250000000000001
2024-10-21,0.569,0.13999999999999968,0.1519999999999997,-0.21499999999999986
2024-10-22,0.569,0.14000000000000012,0.18699999999999983,-0.19799999999999995
2024-10-23,0.5720000000000001,0.14000000000000012,0.19200000000000017,-0.19499999999999984
2024-10-24,0.569,0.14000000000000012,0.18299999999999983,-0.19699999999999962
2024-10-25,0.569,0.14000000000000012,0.1719999999999997,-0.20000000000000018
2024-10-28,0.5710000000000002,0.1299999999999999,0.18500000000000005,-0.19199999999999973
2024-10-29,0.5680000000000001,0.1299999999999999,0.18199999999999994,-0.19099999999999984
2024-10-30,0.565,0.10999999999999988,0.16800000000000015,-0.18500000000000005
2024-10-31,0.5670000000000002,0.10999999999999988,0.16400000000000015,-0.18000000000000016
2024-11-01,0.5680000000000001,0.10999999999999988,0.1509999999999998,-0.17700000000000005
2024-11-04,0.5720000000000001,0.10999999999999988,0.16100000000000003,-0.18100000000000005
2024-11-05,0.573,0.10000000000000009,0.1549999999999998,-0.19099999999999984
2024-11-06,0.569,0.10000000000000009,0.17399999999999993,-0.18800000000000017
2024-11-07,0.5699999999999998,0.10999999999999988,0.1759999999999997,-0.19099999999999984
2024-11-08,0.5720000000000001,0.10999999999999988,0.16000000000000014,-0.18900000000000006
2024-11-11,0.5700000000000003,0.10999999999999988,0.137,-0.18799999999999972
2024-11-12,0.5670000000000002,0.10000000000000009,0.11399999999999988,-0.18900000000000006
2024-11-13,0.5619999999999998,0.10999999999999988,0.1280000000000001,-0.17700000000000005
2024-11-14,0.5630000000000002,0.1200000000000001,0.14500000000000002,-0.1769999999999996
2024-11-15,0.565,0.1200000000000001,0.14300000000000024,-0.16700000000000026
2024-11-18,0.5670000000000002,0.1200000000000001,0.14800000000000013,-0.1599999999999997
2024-11-19,0.5680000000000001,0.1200000000000001,0.14700000000000024,-0.1599999999999997
2024-11-20,0.565,0.1200000000000001,0.14399999999999968,-0.1639999999999997
2024-11-21,0.5669999999999997,0.1200000000000001,0.14900000000000002,-0.17300000000000004
2024-11-22,0.569,0.1200000000000001,0.16000000000000014,-0.17999999999999972
2024-11-25,0.569,0.1200000000000001,0.1469999999999998,-0.18999999999999995
2024-11-26,0.5699999999999998,0.1200000000000001,0.1299999999999999,-0.19099999999999984
2024-11-27,0.5749999999999997,0.1200000000000001,0.1389999999999998,-0.19799999999999995
2024-11-28,0.5820000000000003,0.08999999999999986,0.1499999999999999,-0.20699999999999985
2024-11-29,0.5869999999999997,0.10000000000000009,0.14399999999999968,-0.20000000000000018
2024-12-02,0.589,0.1200000000000001,0.1299999999999999,-0.20999999999999996
2024-12-03,0.5840000000000001,0.13000000000000034,0.1280000000000001,-0.21499999999999986
2024-12-04,0.5840000000000001,0.14000000000000012,0.13900000000000023,-0.22599999999999998
2024-12-05,0.5909999999999997,0.14000000000000012,0.1349999999999998,-0.238
2024-12-06,0.5920000000000001,0.14000000000000012,0.12400000000000011,-0.2360000000000002
2024-12-09,0.5939999999999999,0.14000000000000012,0.09799999999999986,-0.23900000000000032
2024-12-10,0.6509999999999998,0.1200000000000001,0.121,-0.2490000000000001
2024-12-11,0.6520000000000001,0.10000000000000009,0.15600000000000014,-0.2559999999999998
2024-12-12,0.6510000000000002,0.14000000000000012,0.15100000000000025,-0.2629999999999999
2024-12-13,0.6560000000000001,0.15000000000000036,0.13500000000000023,-0.27200000000000024
2024-12-16,0.6590000000000003,0.11000000000000032,0.16800000000000015,-0.27300000000000013
2024-12-17,0.6579999999999999,0.1200000000000001,0.16900000000000004,-0.2709999999999999
2024-12-18,0.6669999999999998,0.14000000000000012,0.20199999999999996,-0.2909999999999999
2024-12-19,0.6719999999999997,0.1499999999999999,0.21099999999999985,-0.28600000000000003
2024-12-20,0.6709999999999998,0.1599999999999997,0.24400000000000022,-0.2829999999999999
2024-12-23,0.6759999999999997,0.16999999999999993,0.22799999999999976,-0.2789999999999999
2024-12-24,0.6819999999999999,0.16999999999999993,0.25,-0.2749999999999999
2024-12-26,0.6819999999999999,0.18000000000000016,0.2559999999999998,-0.2729999999999997
2024-12-27,0.6870000000000003,0.14000000000000012,0.242,-0.27100000000000035
2024-12-30,0.6880000000000002,0.14000000000000012,0.258,-0.274
2024-12-31,0.6879999999999997,0.18999999999999995,0.2589999999999999,-0.274
2025-01-02,0.69,0.28000000000000025,0.242,-0.29200000000000026
2025-01-03,0.6879999999999997,0.31000000000000005,0.2719999999999998,-0.28900000000000015
2025-01-06,0.6779999999999999,0.3500000000000001,0.29300000000000015,-0.20000000000000018
2025-01-07,0.6789999999999998,0.3900000000000001,0.28600000000000003,-0.2160000000000002
2025-01-08,0.677,0.3900000000000001,0.2909999999999999,-0.2250000000000001
2025-01-09,0.6739999999999999,0.41999999999999993,0.278,-0.23999999999999977
2025-01-10,0.6590000000000003,0.3999999999999999,0.27600000000000025,-0.24299999999999988
2025-01-13,0.6419999999999999,0.3900000000000001,0.20699999999999985,-0.22599999999999998
2025-01-14,0.6459999999999999,0.3500000000000001,0.19500000000000028,-0.2360000000000002
2025-01-15,0.6400000000000001,0.34999999999999964,0.18500000000000005,-0.23499999999999988
2025-01-16,0.6499999999999999,0.3299999999999996,0.17600000000000016,-0.24800000000000022
2025-01-17,0.653,0.31999999999999984,0.2250000000000001,-0.25500000000000034
2025-01-20,0.6449999999999996,0.2899999999999996,0.24499999999999966,-0.246
2025-01-21,0.6479999999999997,0.29000000000000004,0.23899999999999988,-0.2570000000000001
2025-01-22,0.6499999999999999,0.2400000000000002,0.25,-0.25
2025-01-23,0.6400000000000001,0.22999999999999998,0.25900000000000034,-0.24499999999999966
2025-01-24,0.6400000000000001,0.2200000000000002,0.28900000000000015,-0.2450000000000001
2025-01-31,0.6310000000000002,0.2200000000000002,0.28600000000000003,-0.24200000000000044
2025-02-03,0.6240000000000001,0.22999999999999998,0.2629999999999999,-0.22599999999999998
2025-02-04,0.6240000000000001,0.25,0.2599999999999998,-0.21700000000000008
2025-02-05,0.6200000000000001,0.2400000000000002,0.2400000000000002,-0.21300000000000008
2025-02-06,0.6140000000000003,0.2599999999999998,0.21399999999999997,-0.21099999999999985
2025-02-07,0.6070000000000002,0.2599999999999998,0.20100000000000007,-0.20499999999999963
2025-02-10,0.601,0.2599999999999998,0.19200000000000017,-0.19899999999999984
2025-02-11,0.5950000000000002,0.2599999999999998,0.2160000000000002,-0.19799999999999995
2025-02-12,0.5870000000000002,0.27,0.2280000000000002,-0.19600000000000017
2025-02-13,0.5960000000000001,0.27,0.2410000000000001,-0.19700000000000006
2025-02-14,0.597,0.27,0.23499999999999988,-0.19700000000000006
2025-02-17,0.5919999999999996,0.2799999999999998,0.246,-0.19700000000000006
2025-02-18,0.5830000000000002,0.29000000000000004,0.2370000000000001,-0.19700000000000006
2025-02-19,0.5840000000000001,0.2999999999999998,0.24300000000000033,-0.20199999999999996
2025-02-20,0.5840000000000001,0.31000000000000005,0.2599999999999998,-0.20500000000000007
2025-02-21,0.5820000000000003,0.33000000000000007,0.238,-0.21199999999999974
2025-02-24,0.581,0.31000000000000005,0.2150000000000003,-0.20400000000000018
2025-02-25,0.5819999999999999,0.27,0.20100000000000007,-0.21700000000000008
2025-02-26,0.577,0.25,0.1609999999999996,-0.14399999999999968
2025-02-27,0.5800000000000001,0.21999999999999975,0.16199999999999992,-0.1389999999999998
2025-02-28,0.5910000000000002,0.1599999999999997,0.14000000000000012,-0.1379999999999999
2025-03-04,0.5910000000000002,0.17999999999999972,0.16199999999999992,-0.12299999999999978
2025-03-05,0.5859999999999999,0.18000000000000016,0.20800000000000018,-0.12300000000000022
2025-03-06,0.5800000000000001,0.18000000000000016,0.2120000000000002,-0.12300000000000022
2025-03-07,0.5790000000000002,0.16999999999999993,0.20800000000000018,-0.129
2025-03-10,0.5699999999999998,0.16999999999999993,0.20500000000000007,-0.11900000000000022
2025-03-11,0.5709999999999997,0.16000000000000014,0.19999999999999973,-0.12699999999999978
2025-03-12,0.577,0.16000000000000014,0.21300000000000008,-0.121
2025-03-13,0.5680000000000001,0.16000000000000014,0.20000000000000018,-0.13200000000000012
2025-03-14,0.565,0.16000000000000014,0.21700000000000008,-0.13100000000000023
2025-03-17,0.5699999999999998,0.16000000000000014,0.20400000000000018,-0.1299999999999999
2025-03-18,0.5700000000000003,0.16000000000000014,0.18999999999999995,-0.137
2025-03-19,0.5630000000000002,0.16000000000000014,0.18999999999999995,-0.13400000000000034
2025-03-20,0.5700000000000003,0.16000000000000014,0.19399999999999995,-0.14200000000000035
2025-03-21,0.5680000000000001,0.16000000000000014,0.20800000000000018,-0.14100000000000001
2025-03-24,0.5669999999999997,0.16000000000000014,0.21199999999999974,-0.054999999999999716
2025-03-25,0.5669999999999997,0.1499999999999999,0.20900000000000007,-0.0479999999999996
2025-03-26,0.569,0.1499999999999999,0.22100000000000009,-0.04699999999999971
2025-03-27,0.56,0.1499999999999999,0.2160000000000002,-0.04599999999999982
2025-03-28,0.5550000000000002,0.16000000000000014,0.21300000000000008,-0.041999999999999815
2025-03-31,0.5710000000000002,0.16000000000000014,0.20199999999999996,-0.0389999999999997
2025-04-01,0.5720000000000001,0.15000000000000036,0.20599999999999996,-0.04200000000000026
2025-04-02,0.5669999999999997,0.16000000000000014,0.18299999999999983,-0.04200000000000026
2025-04-03,0.5720000000000001,0.1499999999999999,0.20900000000000007,-0.05699999999999994
2025-04-04,0.5740000000000003,0.17000000000000037,0.23100000000000032,-0.08499999999999996
2025-04-07,0.5810000000000004,0.18000000000000016,0.24300000000000033,-0.07100000000000017
2025-04-08,0.5820000000000003,0.19999999999999973,0.27300000000000013,-0.08000000000000007
2025-04-09,0.5759999999999996,0.19999999999999973,0.29800000000000004,-0.08300000000000018
2025-04-10,0.5800000000000001,0.21999999999999975,0.2650000000000001,-0.08499999999999996
2025-04-11,0.585,0.21999999999999975,0.28500000000000014,-0.1080000000000001
2025-04-14,0.5900000000000003,0.21999999999999975,0.2829999999999999,-0.008999999999999897
2025-04-15,0.585,0.21999999999999975,0.2650000000000001,-0.0129999999999999
2025-04-16,0.5899999999999999,0.20999999999999996,0.278,-0.03299999999999992
2025-04-17,0.5830000000000002,0.2200000000000002,0.26000000000000023,-0.03600000000000003
2025-04-18,0.5800000000000001,0.2200000000000002,0.258,-0.07799999999999985
2025-04-21,0.5870000000000002,0.2200000000000002,0.2709999999999999,-0.0820000000000003
2025-04-22,0.593,0.2200000000000002,0.2909999999999999,-0.08499999999999996
2025-04-23,0.5899999999999999,0.18999999999999995,0.2609999999999997,-0.08899999999999997
2025-04-24,0.589,0.20000000000000018,0.28200000000000003,-0.08999999999999986
2025-04-25,0.5959999999999996,0.20999999999999996,0.2709999999999999,-0.10599999999999987
2025-04-28,0.593,0.2200000000000002,0.27200000000000024,-0.10400000000000009
2025-04-29,0.593,0.2200000000000002,0.29300000000000015,-0.10699999999999976
2025-04-30,0.601,0.2200000000000002,0.29600000000000026,-0.11899999999999977
2025-05-02,0.5899999999999999,0.2200000000000002,0.31099999999999994,-0.121
2025-05-07,0.593,0.2200000000000002,0.3500000000000001,-0.1429999999999998
2025-05-08,0.5859999999999999,0.22999999999999998,0.34099999999999975,-0.15300000000000002
2025-05-09,0.5790000000000002,0.25,0.33899999999999997,-0.1629999999999998
2025-05-12,0.5800000000000001,0.27,0.355,-0.16699999999999982
2025-05-13,0.569,0.25,0.35199999999999987,-0.17100000000000026
2025-05-14,0.573,0.26000000000000023,0.367,-0.20000000000000018
2025-05-15,0.569,0.2400000000000002,0.36499999999999977,-0.20900000000000007
2025-05-16,0.577,0.22999999999999998,0.3570000000000002,-0.23100000000000032
2025-05-19,0.569,0.2200000000000002,0.3809999999999998,-0.22699999999999987
2025-05-20,0.577,0.25,0.383,-0.23699999999999966
2025-05-21,0.5759999999999996,0.26000000000000023,0.4149999999999996,-0.23899999999999988
2025-05-22,0.581,0.26000000000000023,0.41900000000000004,-0.2400000000000002
2025-05-23,0.5829999999999997,0.26000000000000023,0.42799999999999994,-0.238
2025-05-26,0.5780000000000003,0.26000000000000023,0.41800000000000015,-0.2370000000000001
2025-05-27,0.573,0.27,0.3690000000000002,-0.2360000000000002
2025-05-28,0.5789999999999997,0.30000000000000027,0.3919999999999999,-0.23899999999999988
2025-05-29,0.573,0.31999999999999984,0.4189999999999996,-0.2330000000000001
2025-05-30,0.5699999999999998,0.20000000000000018,0.43900000000000006,-0.2330000000000001
2025-06-02,0.5760000000000001,0.18999999999999995,0.4530000000000003,-0.2290000000000001
2025-06-04,0.5680000000000001,0.18999999999999995,0.48,-0.21399999999999997
2025-06-05,0.5609999999999999,0.17999999999999972,0.4790000000000001,-0.2190000000000003
2025-06-09,0.5550000000000002,0.18000000000000016,0.4620000000000002,-0.21499999999999986
2025-06-10,0.5700000000000003,0.18999999999999995,0.4460000000000002,-0.21799999999999997
2025-06-11,0.5550000000000002,0.18000000000000016,0.41800000000000015,-0.21399999999999997
2025-06-12,0.5430000000000001,0.18999999999999995,0.39800000000000013,-0.21099999999999985
2025-06-13,0.5349999999999997,0.18999999999999995,0.35699999999999976,-0.2060000000000004
2025-06-16,0.5329999999999999,0.18999999999999995,0.3809999999999998,-0.19799999999999995
2025-06-17,0.5380000000000003,0.18000000000000016,0.41999999999999993,-0.2070000000000003
2025-06-18,0.528,0.18000000000000016,0.4039999999999999,-0.19899999999999984
2025-06-19,0.5299999999999998,0.18000000000000016,0.399,-0.19300000000000006
2025-06-20,0.5329999999999999,0.18000000000000016,0.4039999999999999,-0.19600000000000017
2025-06-23,0.5209999999999999,0.17000000000000037,0.375,-0.1459999999999999
2025-06-24,0.5220000000000002,0.16000000000000014,0.3620000000000001,-0.1499999999999999
2025-06-25,0.5209999999999999,0.16000000000000014,0.3599999999999999,-0.14900000000000002
2025-06-26,0.5149999999999997,0.16000000000000014,0.33399999999999963,-0.1499999999999999
2025-06-27,0.5140000000000002,0.16000000000000014,0.3320000000000003,-0.13900000000000023
2025-06-30,0.5110000000000001,0.16999999999999993,0.3530000000000002,-0.14000000000000012
2025-07-01,0.5049999999999999,0.18999999999999995,0.3299999999999996,-0.13999999999999968
2025-07-02,0.4979999999999998,0.2200000000000002,0.34899999999999975,-0.13600000000000012
2025-07-03,0.5030000000000001,0.2200000000000002,0.3650000000000002,-0.13600000000000012
2025-07-04,0.4979999999999998,0.2200000000000002,0.36099999999999977,-0.13100000000000023
2025-07-07,0.49099999999999966,0.2200000000000002,0.35799999999999965,-0.1299999999999999
2025-07-08,0.4910000000000001,0.22999999999999998,0.3700000000000001,-0.1280000000000001
2025-07-09,0.4889999999999999,0.2200000000000002,0.3759999999999999,-0.12199999999999989
2025-07-10,0.4950000000000001,0.20999999999999996,0.3810000000000002,-0.12700000000000022
2025-07-11,0.4900000000000002,0.20999999999999996,0.375,-0.12199999999999989
2025-07-14,0.4849999999999999,0.2200000000000002,0.4119999999999999,-0.11599999999999966
2025-07-15,0.48999999999999977,0.2200000000000002,0.4139999999999997,-0.11800000000000033
2025-07-16,0.4910000000000001,0.2200000000000002,0.4179999999999997,-0.1200000000000001
2025-07-17,0.4889999999999999,0.2200000000000002,0.4259999999999997,-0.11399999999999988
2025-07-18,0.48699999999999966,0.20999999999999996,0.399,-0.11500000000000021
2025-07-21,0.492,0.2200000000000002,0.399,-0.10400000000000009
2025-07-22,0.4889999999999999,0.20999999999999996,0.3759999999999999,-0.10099999999999998
2025-07-23,0.492,0.2200000000000002,0.3719999999999999,-0.10000000000000009
2025-07-24,0.4929999999999999,0.2200000000000002,0.3820000000000001,-0.0990000000000002
2025-07-25,0.4890000000000003,0.2200000000000002,0.3700000000000001,-0.09699999999999998
2025-07-28,0.4940000000000002,0.2200000000000002,0.3650000000000002,-0.06599999999999984
2025-07-29,0.492,0.2200000000000002,0.363,-0.06300000000000017
2025-07-30,0.492,0.2200000000000002,0.34299999999999997,-0.06600000000000028
2025-07-31,0.492,0.2200000000000002,0.3250000000000002,-0.06599999999999984
2025-08-01,0.492,0.2200000000000002,0.35399999999999965,-0.06300000000000017
2025-08-04,0.496,0.22999999999999998,0.3570000000000002,-0.08999999999999986
2025-08-05,0.492,0.22999999999999998,0.3410000000000002,-0.0900000000000003
2025-08-06,0.488,0.22999999999999998,0.34899999999999975,-0.08999999999999986
2025-08-07,0.4929999999999999,0.22999999999999998,0.3639999999999999,-0.0940000000000003
2025-08-08,0.4930000000000003,0.22999999999999998,0.367,-0.0950000000000002
2025-08-11,0.4889999999999999,0.22999999999999998,0.3610000000000002,-0.09699999999999998
2025-08-12,0.48599999999999977,0.22999999999999998,0.3700000000000001,-0.09600000000000009
2025-08-13,0.4900000000000002,0.2200000000000002,0.39200000000000035,-0.09699999999999998
2025-08-14,0.492,0.22999999999999998,0.383,-0.10000000000000009
2025-08-18,0.48599999999999977,0.2200000000000002,0.41100000000000003,-0.1030000000000002
2025-08-19,0.48,0.20999999999999996,0.41400000000000015,-0.10100000000000042
2025-08-20,0.4820000000000002,0.20999999999999996,0.41200000000000037,-0.10000000000000009
2025-08-21,0.48299999999999965,0.20999999999999996,0.40700000000000003,-0.10000000000000009
2025-08-22,0.476,0.20000000000000018,0.4039999999999999,-0.09799999999999986
2025-08-25,0.48099999999999987,0.20000000000000018,0.4179999999999997,-0.10400000000000009
2025-08-26,0.48,0.20000000000000018,0.4379999999999997,-0.1070000000000002
2025-08-27,0.4849999999999999,0.20000000000000018,0.42300000000000004,-0.11199999999999966
2025-08-28,0.4820000000000002,0.20000000000000018,0.399,-0.10899999999999999
2025-08-29,0.48,0.20000000000000018,0.3889999999999998,-0.10699999999999976
2025-09-01,0.47799999999999976,0.20000000000000018,0.4119999999999999,-0.10499999999999998
2025-09-02,0.47399999999999975,0.20000000000000018,0.41999999999999993,-0.10099999999999998
2025-09-03,0.4710000000000001,0.20000000000000018,0.4379999999999997,-0.0940000000000003
2025-09-04,0.4710000000000001,0.16999999999999993,0.41100000000000003,-0.09200000000000008
2025-09-05,0.4710000000000001,0.16000000000000014,0.395,-0.08999999999999986
2025-09-08,0.4700000000000002,0.16999999999999993,0.3999999999999999,-0.09099999999999975
2025-09-09,0.4730000000000003,0.18999999999999995,0.39300000000000024,-0.09100000000000019
2025-09-10,0.472,0.18000000000000016,0.403,-0.08000000000000007
2025-09-11,0.472,0.18999999999999995,0.39300000000000024,-0.07799999999999985
2025-09-12,0.46999999999999975,0.18999999999999995,0.3820000000000001,-0.07600000000000007
2025-09-15,0.46599999999999975,0.18999999999999995,0.3780000000000001,-0.07600000000000007
2025-09-16,0.46799999999999997,0.16999999999999993,0.387,-0.08199999999999985
2025-09-17,0.46299999999999963,0.16000000000000014,0.3689999999999998,-0.08000000000000007
2025-09-18,0.46499999999999986,0.16999999999999993,0.35299999999999976,-0.08199999999999985
2025-09-19,0.4570000000000003,0.16000000000000014,0.3740000000000001,-0.07500000000000018
2025-09-22,0.45299999999999985,0.16999999999999993,0.3740000000000001,-0.07100000000000017
2025-09-23,0.45199999999999996,0.1499999999999999,0.3530000000000002,-0.06699999999999973
2025-09-24,0.4460000000000002,0.1499999999999999,0.359,-0.06499999999999995
2025-09-25,0.44099999999999984,0.14000000000000012,0.35699999999999976,-0.05900000000000016
2025-09-26,0.43900000000000006,0.1499999999999999,0.3810000000000002,-0.052000000000000046
2025-09-29,0.44099999999999984,0.16000000000000014,0.3759999999999999,-0.04899999999999993
2025-09-30,0.43999999999999995,0.16000000000000014,0.3690000000000002,-0.04599999999999982
2025-10-01,0.43699999999999983,0.16999999999999993,0.3639999999999999,-0.04599999999999982
2025-10-02,0.43800000000000017,0.18000000000000016,0.3780000000000001,-0.051000000000000156
2025-10-10,0.4349999999999996,0.18000000000000016,0.3729999999999998,-0.04700000000000015
2025-10-13,0.4410000000000003,0.18999999999999995,0.3500000000000001,-0.052000000000000046
2025-10-14,0.44200000000000017,0.18999999999999995,0.3380000000000001,-0.052000000000000046
2025-10-15,0.4460000000000002,0.18999999999999995,0.33599999999999985,-0.052999999999999936
2025-10-16,0.43500000000000005,0.18999999999999995,0.33899999999999997,-0.04600000000000026
2025-10-17,0.43500000000000005,0.18999999999999995,0.3299999999999996,-0.04800000000000004
2025-10-20,0.43500000000000005,0.18999999999999995,0.32299999999999995,-0.03699999999999992
2025-10-21,0.42399999999999993,0.18999999999999995,0.3039999999999998,-0.028999999999999915
2025-10-22,0.42700000000000005,0.18999999999999995,0.29700000000000015,-0.03200000000000003
2025-10-23,0.42200000000000015,0.18999999999999995,0.30699999999999994,-0.02100000000000035
2025-10-24,0.4219999999999997,0.18999999999999995,0.3219999999999996,-0.021999999999999797
2025-10-27,0.4159999999999999,0.18999999999999995,0.33899999999999997,-0.01200000000000001
2025-10-28,0.41400000000000015,0.18000000000000016,0.30200000000000005,-0.009000000000000341
2025-10-29,0.4079999999999999,0.18000000000000016,0.30699999999999994,0.017999999999999794
2025-10-30,0.4029999999999996,0.18999999999999995,0.3179999999999996,0.07599999999999962
2025-10-31,0.4059999999999997,0.20999999999999996,0.34499999999999975,0.06600000000000028
2025-11-03,0.4059999999999997,0.19999999999999973,0.34499999999999975,0.06499999999999995
2025-11-04,0.40700000000000003,0.18999999999999995,0.35299999999999976,0.06400000000000006
2025-11-05,0.40200000000000014,0.20000000000000018,0.3580000000000001,0.07100000000000017
2025-11-06,0.39800000000000013,0.19999999999999973,0.3689999999999998,0.09899999999999975
2025-11-07,0.3919999999999999,0.18999999999999995,0.33199999999999985,0.11099999999999977
2025-11-10,0.3959999999999999,0.19999999999999973,0.36499999999999977,0.1030000000000002
2025-11-11,0.40500000000000025,0.20999999999999996,0.3700000000000001,0.09099999999999975
2025-11-12,0.4079999999999999,0.22999999999999998,0.359,0.09600000000000009
2025-11-13,0.41300000000000026,0.1599999999999997,0.33499999999999996,0.09200000000000008
2025-11-14,0.42100000000000026,0.16999999999999993,0.3730000000000002,0.08400000000000007
2025-11-17,0.42799999999999994,0.17999999999999972,0.387,0.07299999999999995
2025-11-18,0.4370000000000003,0.19999999999999973,0.3959999999999999,0.04800000000000004
2025-11-19,0.4389999999999996,0.20000000000000018,0.4119999999999999,0.04200000000000026
2025-11-20,0.43199999999999994,0.20000000000000018,0.41700000000000026,0.038000000000000256
2025-11-21,0.43599999999999994,0.2100000000000004,0.399,0.026000000000000245
2025-11-24,0.43400000000000016,0.2200000000000002,0.38500000000000023,0.03400000000000025
2025-11-25,0.43199999999999994,0.23000000000000043,0.36199999999999966,0.03500000000000014
2025-11-26,0.43299999999999983,0.23000000000000043,0.35599999999999987,0.03399999999999981
2025-11-27,0.4330000000000003,0.2400000000000002,0.3380000000000001,0.05099999999999971
2025-11-28,0.43699999999999983,0.27,0.35299999999999976,0.04899999999999993
2025-12-01,0.43599999999999994,0.31000000000000005,0.3420000000000001,0.08000000000000007
2025-12-02,0.4410000000000003,0.3400000000000003,0.3240000000000003,0.07699999999999996
2025-12-03,0.44300000000000006,0.3599999999999999,0.32699999999999996,0.07600000000000007
2025-12-04,0.4490000000000003,0.3900000000000001,0.351,0.06400000000000006
2025-12-05,0.45899999999999963,0.3900000000000001,0.3639999999999999,0.054999999999999716
2025-12-08,0.4580000000000002,0.3999999999999999,0.367,0.08599999999999985
2025-12-09,0.46099999999999985,0.41999999999999993,0.3689999999999998,0.08700000000000019
2025-12-10,0.47899999999999965,0.4299999999999997,0.2759999999999998,0.09200000000000008
2025-12-11,0.484,0.43999999999999995,0.27700000000000014,0.125
2025-12-12,0.4889999999999999,0.44999999999999973,0.31599999999999984,0.13099999999999978
2025-12-15,0.4990000000000001,0.45999999999999996,0.3250000000000002,0.17099999999999982
2025-12-16,0.508,0.45999999999999996,0.31400000000000006,0.16500000000000004
2025-12-17,0.5110000000000001,0.45999999999999996,0.32799999999999985,0.1629999999999998
2025-12-18,0.5169999999999999,0.45999999999999996,0.34499999999999975,0.15700000000000003
2025-12-19,0.5130000000000003,0.44999999999999973,0.3320000000000003,0.15300000000000002
2025-12-22,0.5139999999999998,0.44999999999999973,0.3599999999999999,0.15399999999999991
2025-12-23,0.5369999999999999,0.44999999999999973,0.4159999999999999,0.15300000000000002
2025-12-24,0.536,0.43999999999999995,0.40600000000000014,0.1559999999999997
2025-12-26,0.5309999999999997,0.4299999999999997,0.4159999999999999,0.15700000000000003
2025-12-29,0.5310000000000001,0.4299999999999997,0.41500000000000004,0.1519999999999997
2025-12-30,0.524,0.4299999999999997,0.43299999999999983,0.15200000000000014
2025-12-31,0.5230000000000001,0.48999999999999977,0.43199999999999994,0.15200000000000014
2026-01-02,0.524,0.5299999999999998,0.45100000000000007,0.15000000000000036
2026-01-05,0.524,0.54,0.4630000000000001,0.137
2026-01-06,0.512,0.54,0.4500000000000002,0.129
2026-01-07,0.5129999999999999,0.5599999999999996,0.44399999999999995,0.11699999999999999
2026-01-08,0.516,0.5799999999999996,0.43900000000000006,0.11099999999999977
2026-01-09,0.5029999999999997,0.5299999999999998,0.44399999999999995,0.10899999999999999
2026-01-12,0.4889999999999999,0.5,0.4119999999999999,0.10899999999999999
2026-01-13,0.4830000000000001,0.45999999999999996,0.4089999999999998,0.10999999999999988
2026-01-14,0.4849999999999999,0.4500000000000002,0.42200000000000015,0.11099999999999977
2026-01-15,0.4750000000000001,0.45999999999999996,0.403,0.10899999999999999
2026-01-16,0.48,0.45999999999999996,0.4079999999999999,0.1080000000000001
2026-01-19,0.4690000000000003,0.44999999999999973,0.43500000000000005,0.1379999999999999
2026-01-20,0.4620000000000002,0.44999999999999973,0.4620000000000002,0.1509999999999998
2026-01-21,0.4860000000000002,0.44999999999999973,0.46399999999999997,0.1559999999999997
2026-01-22,0.5060000000000002,0.44999999999999973,0.44899999999999984,0.16100000000000003
2026-01-23,0.5070000000000001,0.43999999999999995,0.45299999999999985,0.17200000000000015
2026-01-26,0.5150000000000001,0.4299999999999997,0.44799999999999995,0.17899999999999983
2026-01-27,0.5130000000000003,0.41999999999999993,0.43599999999999994,0.20899999999999963
2026-01-28,0.5219999999999998,0.4299999999999997,0.4509999999999996,0.2320000000000002
2026-01-29,0.52,0.4099999999999997,0.45100000000000007,0.23399999999999999
2026-01-30,0.52,0.3999999999999999,0.4690000000000003,0.2330000000000001
2026-02-02,0.516,0.3899999999999997,0.45100000000000007,0.23399999999999999
2026-02-03,0.5190000000000001,0.3899999999999997,0.472,0.238
2026-02-04,0.5189999999999997,0.3799999999999999,0.5,0.2370000000000001
2026-02-05,0.52,0.3799999999999999,0.48299999999999965,0.2270000000000003
2026-02-06,0.5219999999999998,0.3500000000000001,0.47699999999999987,0.22100000000000009
2026-02-09,0.52,0.3500000000000001,0.4870000000000001,0.20999999999999996
2026-02-10,0.5349999999999997,0.3500000000000001,0.45699999999999985,0.19499999999999984
2026-02-11,0.5459999999999998,0.3500000000000001,0.4389999999999996,0.19199999999999973
2026-02-12,0.5620000000000003,0.3500000000000001,0.46399999999999997,0.18599999999999994
2026-02-13,0.5630000000000002,0.3500000000000001,0.42900000000000027,0.17999999999999972
2026-02-19,0.5569999999999999,0.3500000000000001,0.41000000000000014,0.17899999999999983
2026-02-20,0.5750000000000002,0.33999999999999986,0.39700000000000024,0.16900000000000004
2026-02-23,0.5710000000000002,0.33000000000000007,0.42399999999999993,0.16699999999999982
2026-02-24,0.5720000000000001,0.33000000000000007,0.43500000000000005,0.16800000000000015
2026-02-25,0.581,0.33000000000000007,0.43199999999999994,0.16400000000000015
2026-02-26,0.5910000000000002,0.31999999999999984,0.40800000000000036,0.16699999999999982
2026-02-27,0.5960000000000001,0.31999999999999984,0.40500000000000025,0.16800000000000015
2026-03-03,0.589,0.31999999999999984,0.4139999999999997,0.20599999999999996
2026-03-04,0.577,0.31999999999999984,0.40900000000000025,0.2100000000000004
2026-03-05,0.5880000000000001,0.31999999999999984,0.3999999999999999,0.20799999999999974
2026-03-06,0.5880000000000001,0.31999999999999984,0.38900000000000023,0.21399999999999997
2026-03-09,0.577,0.29000000000000004,0.31899999999999995,0.28600000000000003
2026-03-10,0.5910000000000002,0.2999999999999998,0.3460000000000001,0.29000000000000004
2026-03-11,0.5920000000000001,0.2999999999999998,0.355,0.278
2026-03-12,0.5950000000000002,0.2999999999999998,0.3780000000000001,0.2789999999999999
2026-03-13,0.581,0.2999999999999998,0.363,0.2909999999999999
2026-03-16,0.5870000000000002,0.31000000000000005,0.38000000000000034,0.28900000000000015
2026-03-17,0.5820000000000003,0.2999999999999998,0.3680000000000003,0.28900000000000015
2026-03-18,0.5939999999999999,0.2999999999999998,0.34499999999999975,0.28900000000000015
2026-03-19,0.5859999999999999,0.2999999999999998,0.3639999999999999,0.31000000000000005
2026-03-20,0.581,0.31999999999999984,0.32600000000000007,0.3410000000000002
2026-03-23,0.5800000000000001,0.31999999999999984,0.262,0.42300000000000004
2026-03-24,0.5980000000000003,0.31999999999999984,0.31199999999999983,0.41500000000000004
2026-03-25,0.6000000000000005,0.31000000000000005,0.30100000000000016,0.4339999999999997
2026-03-26,0.6039999999999996,0.31000000000000005,0.31300000000000017,0.43599999999999994
2026-03-27,0.6000000000000005,0.31000000000000005,0.3330000000000002,0.4419999999999997
2026-03-30,0.6150000000000002,0.31000000000000005,0.3490000000000002,0.46199999999999974
2026-03-31,0.6140000000000003,0.31000000000000005,0.32699999999999996,0.4670000000000001
2026-04-01,0.641,0.31000000000000005,0.31899999999999995,0.43800000000000017
2026-04-02,0.637,0.31000000000000005,0.32699999999999996,0.44399999999999995
2026-04-03,0.645,0.31000000000000005,0.29899999999999993,0.44200000000000017
2026-04-06,0.6490000000000005,0.31000000000000005,0.29300000000000015,0.4450000000000003
2026-04-07,0.6560000000000001,0.30000000000000027,0.30299999999999994,0.44799999999999995
2026-04-08,0.6579999999999999,0.2999999999999998,0.31300000000000017,0.391
2026-04-09,0.661,0.29000000000000004,0.32200000000000006,0.3859999999999997
2026-04-10,0.6579999999999999,0.29000000000000004,0.32600000000000007,0.3839999999999999
2026-04-13,0.661,0.29000000000000004,0.33299999999999974,0.403
2026-04-14,0.6659999999999999,0.28000000000000025,0.31899999999999995,0.391
2026-04-15,0.6670000000000003,0.29000000000000004,0.32699999999999996,0.38900000000000023
2026-04-16,0.665,0.28000000000000025,0.33499999999999996,0.3839999999999999
2026-04-17,0.6659999999999999,0.27,0.3460000000000001,0.3770000000000002
2026-04-20,0.6680000000000001,0.27,0.3400000000000003,0.3700000000000001
2026-04-21,0.6640000000000001,0.26000000000000023,0.32499999999999973,0.3639999999999999
2026-04-22,0.6629999999999994,0.25,0.33199999999999985,0.371
2026-04-23,0.649,0.25,0.33299999999999974,0.391
2026-04-24,0.6489999999999996,0.26000000000000023,0.3210000000000002,0.399
2026-04-27,0.6550000000000002,0.26000000000000023,0.32799999999999985,0.4460000000000002
2026-04-28,0.6530000000000005,0.26000000000000023,0.3320000000000003,0.4440000000000004
2026-04-29,0.6599999999999997,0.26000000000000023,0.31800000000000006,0.44200000000000017
2026-04-30,0.653,0.27,0.32799999999999985,0.45500000000000007
2026-05-04,0.6529999999999996,0.27,0.3169999999999997,0.45699999999999985
2026-05-06,0.6539999999999995,0.26000000000000023,0.33699999999999974,0.4500000000000002
2026-05-07,0.653,0.26000000000000023,0.3420000000000001,0.43900000000000006
2026-05-08,0.649,0.2599999999999998,0.33999999999999986,0.44399999999999995
2026-05-11,0.6470000000000002,0.2599999999999998,0.3520000000000003,0.4509999999999996
2026-05-12,0.637,0.2599999999999998,0.3820000000000001,0.47899999999999965
2026-05-13,0.6379999999999999,0.2599999999999998,0.4089999999999998,0.4870000000000001
2026-05-14,0.6299999999999999,0.2599999999999998,0.43100000000000005,0.4940000000000002
2026-05-15,0.625,0.2599999999999998,0.4509999999999996,0.528
2026-05-18,0.6240000000000001,0.2599999999999998,0.48199999999999976,0.5399999999999996
2026-05-19,0.6259999999999999,0.2599999999999998,0.4590000000000001,0.5459999999999998
2026-05-20,0.6260000000000003,0.25,0.4380000000000006,0.5549999999999997
2026-05-21,0.6280000000000001,0.2599999999999998,0.42100000000000026,0.5590000000000002
2026-05-22,0.6249999999999996,0.2599999999999998,0.3919999999999999,0.5569999999999999
2026-05-26,0.6309999999999998,0.22999999999999998,0.40900000000000025,0.5460000000000003
2026-05-27,0.6250000000000004,0.21999999999999975,0.39100000000000046,0.5419999999999998
2026-05-28,0.6180000000000003,0.21999999999999975,0.3810000000000002,0.5489999999999999
2026-05-29,0.6219999999999999,0.20999999999999996,0.33699999999999974,0.5499999999999998
2026-06-01,0.6200000000000001,0.20999999999999996,0.38400000000000034,0.5569999999999999
2026-06-02,0.6240000000000001,0.20999999999999996,0.36199999999999966,0.5529999999999999
2026-06-04,0.6220000000000003,0.20999999999999996,0.371,0.5680000000000001
2026-06-05,0.6190000000000002,0.20000000000000018,0.37199999999999944,0.573
2026-06-08,0.6250000000000004,0.16999999999999993,0.4079999999999999,0.5779999999999998
2026-06-09,0.6360000000000001,0.18999999999999995,0.4169999999999998,0.5820000000000003
2026-06-10,0.6179999999999999,0.16999999999999993,0.3919999999999999,0.5790000000000002
2026-06-11,0.6109999999999998,0.17999999999999972,0.3959999999999999,0.5840000000000001
2026-06-12,0.625,0.2200000000000002,0.38700000000000045,0.581
2026-06-15,0.629,0.2200000000000002,0.3740000000000001,0.585
2026-06-16,0.6309999999999998,0.2200000000000002,0.39300000000000024,0.6120000000000001
2026-06-17,0.6349999999999998,0.20999999999999996,0.36099999999999977,0.6179999999999999
2026-06-18,0.6310000000000002,0.2200000000000002,0.3680000000000003,0.6269999999999998
2026-06-19,0.6349999999999998,0.2200000000000002,0.38700000000000045,0.637
2026-06-22,0.6320000000000001,0.2200000000000002,0.38500000000000023,0.6400000000000001
2026-06-23,0.6469999999999998,0.22999999999999998,0.40100000000000025,0.633
2026-06-24,0.6560000000000001,0.2400000000000002,0.39900000000000047,0.629
2026-06-25,0.6459999999999995,0.2400000000000002,0.387,0.6270000000000002
2026-06-26,0.6579999999999999,0.2400000000000002,0.395,0.6259999999999999
2026-06-29,0.6629999999999998,0.2400000000000002,0.41100000000000003,0.629
2026-06-30,0.6720000000000002,0.2400000000000002,0.38800000000000034,0.625
2026-07-01,0.6750000000000003,0.2400000000000002,0.41400000000000015,0.6479999999999997
2026-07-02,0.6840000000000002,0.2400000000000002,0.43599999999999994,0.6459999999999999
2026-07-03,0.6849999999999996,0.2400000000000002,0.44899999999999984,0.6389999999999998
2026-07-06,0.6829999999999998,0.2400000000000002,0.4270000000000005,0.633
2026-07-07,0.6920000000000006,0.25,0.4330000000000003,0.6259999999999999
2026-07-08,0.698,0.25,0.4700000000000002,0.629
2026-07-09,0.6999999999999997,0.25,0.472,0.629
2026-07-10,0.6980000000000004,0.26000000000000023,0.46200000000000063,0.6189999999999998
2026-07-13,0.6970000000000001,0.26000000000000023,0.45399999999999974,0.6380000000000003
2026-07-14,0.6949999999999998,0.26000000000000023,0.4460000000000002,0.6440000000000001
2026-07-15,0.6969999999999996,0.26000000000000023,0.46099999999999985,0.6359999999999997
2026-07-16,0.6959999999999997,0.2599999999999998,0.44899999999999984,0.6299999999999999
2026-07-20,0.6949999999999998,0.2599999999999998,0.4410000000000003,0.649
2026-07-21,0.7039999999999997,0.2599999999999998,0.4610000000000003,0.6350000000000002
2026-07-22,0.6910000000000003,0.2599999999999998,0.4810000000000003,0.6319999999999997
2026-07-23,0.6920000000000002,0.2599999999999998,0.47500000000000053,0.6309999999999998
2026-07-24,0.6939999999999995,0.2599999999999998,0.488,0.6350000000000002
2026-07-27,0.7109999999999994,0.25,0.46799999999999997,0.633
2026-07-28,0.7159999999999997,0.25,0.4599999999999995,0.625
2026-07-29,0.7119999999999997,0.25,0.45699999999999985,0.6180000000000003
2026-07-30,0.7100000000000004,0.23999999999999977,0.48,0.6240000000000001
2026-07-31,0.7199999999999998,0.21999999999999975,0.5030000000000001,0.6000000000000001
2026-08-03,0.7199999999999998,0.23999999999999977,0.5220000000000002,0.5820000000000003
2026-08-04,0.718,0.23999999999999977,0.5199999999999996,0.5800000000000001
2026-08-05,0.7230000000000003,0.23999999999999977,0.4810000000000003,0.569
2026-08-06,0.7030000000000003,0.23999999999999977,0.4530000000000003,0.581
2026-08-07,0.7020000000000004,0.23999999999999977,0.4620000000000002,0.577
2026-08-10,0.698,0.23999999999999977,0.46099999999999985,0.5899999999999999
2026-08-11,0.6959999999999997,0.23999999999999977,0.4930000000000003,0.5960000000000001
2026-08-12,0.7050000000000005,0.22999999999999998,0.5029999999999997,0.597
2026-08-13,0.7070000000000003,0.23999999999999977,0.5169999999999999,0.5949999999999998
2026-08-14,0.6960000000000002,0.22999999999999998,0.5169999999999999,0.6590000000000003
2026-08-18,0.6949999999999998,0.2599999999999998,0.5349999999999997,0.6499999999999999
2026-08-19,0.6989999999999998,0.25,0.5389999999999997,0.605
2026-08-20,0.6929999999999996,0.25,0.5120000000000005,0.5960000000000001
2026-08-21,0.6879999999999997,0.23999999999999977,0.5220000000000002,0.6040000000000001
2026-08-24,0.6839999999999997,0.22999999999999998,0.4990000000000001,0.484
2026-08-25,0.6859999999999999,0.23999999999999977,0.4900000000000002,0.492
2026-08-26,0.6840000000000002,0.22999999999999998,0.4720000000000004,0.5109999999999997
2026-08-27,0.6930000000000005,0.1200000000000001,0.48300000000000054,0.5180000000000002
2026-08-28,0.6880000000000002,0.1200000000000001,0.496,0.44499999999999984
2026-08-31,0.6779999999999999,0.1299999999999999,0.47499999999999964,0.43299999999999983
2026-09-01,0.6710000000000003,0.1299999999999999,0.4930000000000003,0.4400000000000004
2026-09-02,0.6699999999999995,0.1299999999999999,0.488,0.4530000000000003
2026-09-03,0.6790000000000003,0.1299999999999999,0.4790000000000001,0.44499999999999984
2026-09-04,0.6830000000000003,0.1299999999999999,0.4760000000000004,0.45299999999999985
2026-09-07,0.6750000000000003,0.1299999999999999,0.4849999999999999,0.4570000000000003
2026-09-08,0.6740000000000004,0.1299999999999999,0.5,0.4580000000000002
2026-09-09,0.6710000000000003,0.13999999999999968,0.49099999999999966,0.4590000000000001
2026-09-10,0.6699999999999995,0.14000000000000012,0.5230000000000001,0.4710000000000001
2026-09-11,0.6739999999999995,0.1499999999999999,0.5259999999999998,0.5089999999999999
2026-09-14,0.665,0.1299999999999999,0.5109999999999992,0.516
2026-09-15,0.6589999999999998,0.1200000000000001,0.5089999999999995,0.5379999999999998
2026-09-16,0.6630000000000003,0.08000000000000007,0.4939999999999998,0.5470000000000002
2026-09-17,0.6630000000000003,0.08999999999999986,0.4430000000000005,0.585
2026-09-18,0.6710000000000003,0.08999999999999986,0.43100000000000005,0.573
2026-09-21,0.6680000000000001,0.1299999999999999,0.4009999999999998,0.5830000000000002
2026-09-22,0.673,0.16000000000000014,0.42100000000000026,0.5829999999999997
2026-09-23,0.6829999999999998,0.18000000000000016,0.3860000000000001,0.5779999999999998
2026-09-28,0.6690000000000005,0.17999999999999972,0.41999999999999993,0.5960000000000001
2026-09-29,0.6790000000000003,0.18999999999999995,0.40000000000000036,0.5920000000000001
