date,P_Low-Vol,P_Normal,P_High-Vol,S_Low-Vol,S_Normal,S_High-Vol,regime
2017-01-03,0.5600090240048219,0.4309139021381379,0.009077073857040258,0.9075946830780989,0.09207545423348058,0.00032986268842045,Low-Vol
2017-01-04,0.892492102835983,0.10676235601784734,0.0007455411461696854,0.9829532215033091,0.017022369668299276,2.440882839164253e-05,Low-Vol
2017-01-05,0.9481994906473569,0.051400177899469095,0.0004003314531739354,0.9924601898651996,0.007528455386671571,1.1354748128869864e-05,Low-Vol
2017-01-06,0.9791287540146922,0.020748861080599795,0.00012238490470792355,0.9953912755963914,0.00459971642815078,9.007975457763719e-06,Low-Vol
2017-01-09,0.9454750696099938,0.05399286487616961,0.0005320655138365094,0.9865779904182074,0.013375784890456174,4.622469133650599e-05,Low-Vol
2017-01-10,0.8940915762848515,0.10466961099812461,0.0012388127170237637,0.9797270223346184,0.02020791568010526,6.506198527630779e-05,Low-Vol
2017-01-11,0.9468634258215038,0.05272982247869878,0.0004067516997974133,0.9856837868967964,0.014275823179859424,4.038992334436662e-05,Low-Vol
2017-01-12,0.8446198801691843,0.1533628759512059,0.002017243879609803,0.9763420449695481,0.02360398948262731,5.3965547824566725e-05,Low-Vol
2017-01-13,0.9559844418797271,0.043728592599479615,0.0002869655207933758,0.9936843561397548,0.00630779184451303,7.85201573222169e-06,Low-Vol
2017-01-16,0.969734529759931,0.030051575138286338,0.000213895101782667,0.9958091223946863,0.004185482474794991,5.395130518736541e-06,Low-Vol
2017-01-17,0.9783010698977836,0.021573031508409377,0.00012589859380698196,0.9966425248995867,0.0033530801745394216,4.394925873825348e-06,Low-Vol
2017-01-18,0.9705395966732301,0.02924546285674302,0.0002149404700269569,0.9947282619051392,0.005261348375329896,1.0389719530978924e-05,Low-Vol
2017-01-19,0.9396547980797713,0.059785326118988354,0.0005598758012402602,0.9913175803491953,0.00866731330381522,1.5106346989509416e-05,Low-Vol
2017-01-20,0.9695346618888703,0.030257114281270325,0.00020822382985940524,0.995539715099836,0.004454083981569281,6.200918594651095e-06,Low-Vol
2017-01-23,0.9744361666644459,0.02539189273312804,0.00017194060242617834,0.9955920661871813,0.004400205578121153,7.72823469763008e-06,Low-Vol
2017-01-24,0.9566257783596364,0.04301773989691343,0.00035648174345025315,0.992347605945967,0.007635735742238033,1.665831179495405e-05,Low-Vol
2017-01-25,0.9666713242829247,0.03308447639728614,0.00024419931978914136,0.9910259873257098,0.008949467036697037,2.4545637593251135e-05,Low-Vol
2017-01-26,0.8708209619057631,0.12750440232291355,0.0016746357713234216,0.9789207437830941,0.021021195976259885,5.806024064597363e-05,Low-Vol
2017-01-31,0.9474724295592495,0.05214725535282985,0.0003803150879205423,0.9910994252149803,0.008884732393557547,1.5842391462051826e-05,Low-Vol
2017-02-01,0.9406436718815663,0.05895262431796444,0.00040370380046920334,0.9917330628699724,0.008257147263288956,9.789866738656562e-06,Low-Vol
2017-02-02,0.9761042074695486,0.023751625439296393,0.00014416709115501738,0.9963264263041485,0.0036686487497771536,4.92494607449472e-06,Low-Vol
2017-02-03,0.9648863144895485,0.03483710417613288,0.00027658133431864127,0.994793137291845,0.005198387849960481,8.474858194391328e-06,Low-Vol
2017-02-06,0.9696392704718976,0.030158635232300744,0.00020209429580167937,0.9952412325357224,0.0047515888700065375,7.178594271084512e-06,Low-Vol
2017-02-07,0.958130730875956,0.04155528406899881,0.00031398505504512544,0.9942268689741465,0.005765492119682279,7.638906171360138e-06,Low-Vol
2017-02-08,0.9747088932431814,0.02512988918595366,0.0001612175708649791,0.9966205037644723,0.003375847545231274,3.648690296531707e-06,Low-Vol
2017-02-09,0.980153790364116,0.019733454081262602,0.00011275555462138784,0.9973228294794193,0.0026745143464120126,2.6561741687898036e-06,Low-Vol
2017-02-10,0.9781490598542354,0.02170889749999942,0.00014204264576528694,0.9972131688154668,0.0027840809211797735,2.7502633533816655e-06,Low-Vol
2017-02-13,0.9852015998551946,0.014718226851701764,8.017329310363065e-05,0.99810226150134,0.001896133344079954,1.605154579959874e-06,Low-Vol
2017-02-14,0.9848847946187246,0.015031193313403548,8.40120678719967e-05,0.9980479424674392,0.0019503325526626762,1.7249798982941366e-06,Low-Vol
2017-02-15,0.9845240471002822,0.015389115002320444,8.683789739740287e-05,0.997937894360022,0.0020601226245359023,1.9830154421938086e-06,Low-Vol
2017-02-16,0.9816358643022328,0.01826103807664298,0.00010309762112415407,0.9974490114941094,0.0025483071495809567,2.681356309542059e-06,Low-Vol
2017-02-17,0.983978149965882,0.01593416049767868,8.768953643944631e-05,0.9967397804350346,0.0032546391223761493,5.5804425892272e-06,Low-Vol
2017-02-20,0.9650131289483355,0.034708440620097536,0.00027843043156710733,0.9890767495867302,0.010887942206975724,3.5308206294072605e-05,Low-Vol
2017-02-21,0.8573457011489206,0.14048014365557496,0.002174155195504388,0.9728190925124961,0.027072276212297883,0.00010863127520601954,Low-Vol
2017-02-22,0.9068107271585238,0.09233094193841551,0.0008583309030607263,0.9844083354647217,0.015558365120793264,3.3299414484904705e-05,Low-Vol
2017-02-23,0.9447656042247484,0.054778615218307715,0.00045578055694383976,0.9909115642462456,0.00907056630028811,1.786945346632822e-05,Low-Vol
2017-02-24,0.9658638505594467,0.03389007731685776,0.0002460721236955368,0.9923877448379806,0.007594009278688361,1.824588333105434e-05,Low-Vol
2017-02-27,0.9786324544285214,0.021234632878825103,0.00013291269265357103,0.9851100412862092,0.014843259794512636,4.6698919278334816e-05,Low-Vol
2017-02-28,0.9565940022880328,0.04310020373410068,0.0003057939778664266,0.9274422166681165,0.07226552120467905,0.0002922621272041279,Low-Vol
2017-03-02,0.7942842499268666,0.20277671963066635,0.002939030442467051,0.7749698582806293,0.22331950178244842,0.0017106399369222936,Low-Vol
2017-03-03,0.9404195260121371,0.0592003348834632,0.0003801391043996685,0.7124032108974455,0.2865133097432823,0.0010834793592720759,Low-Vol
2017-03-06,0.7124974131659599,0.28444869123232297,0.0030538956017171436,0.24835070460169395,0.7464525500778914,0.005196745320414734,Normal
2017-03-07,0.12466036765823671,0.8479853007732504,0.027354331568512923,0.0591819781964174,0.9244546533081826,0.01636336849540006,Normal
2017-03-08,0.012490101716634217,0.9709762692986286,0.016533628984737158,0.08025454596795538,0.916468315579265,0.0032771384527796577,Normal
2017-03-09,0.3077707028770447,0.6870842561351294,0.005145040987825916,0.7696173789062736,0.23007845868851404,0.00030416240521220414,Low-Vol
2017-03-10,0.8039983250809846,0.19477298848156227,0.0012286864374530387,0.9577724465861044,0.04215277570248402,7.477771141167312e-05,Low-Vol
2017-03-13,0.9188625368598217,0.0805244040040101,0.0006130591361681539,0.9762272098809093,0.023703780333425493,6.900978566536236e-05,Low-Vol
2017-03-14,0.9762821747544828,0.023580394199681946,0.00013743104583538638,0.9686343431444355,0.031265822442869205,9.983441269530155e-05,Low-Vol
2017-03-15,0.9637522963522418,0.035955843377910135,0.0002918602698481144,0.8472439323455715,0.1519344162019098,0.0008216514525187199,Low-Vol
2017-03-16,0.14115674729337035,0.8102712101884952,0.04857204251813424,0.4352299419282598,0.5537759126399846,0.01099414543175548,Normal
2017-03-17,0.26779034107350386,0.7229808958304305,0.009228763096065596,0.7053337784560194,0.29381495539474806,0.0008512661492327378,Low-Vol
2017-03-20,0.5721937114546105,0.4241940911081404,0.003612197437249133,0.9123871581008194,0.08749177892062653,0.00012106297855409496,Low-Vol
2017-03-21,0.9073138286032114,0.09210816760611175,0.000578003790676763,0.9854676695107555,0.014513462807022726,1.886768222175442e-05,Low-Vol
2017-03-22,0.9732439201069477,0.026596189453346023,0.0001598904397061889,0.9929959161473286,0.006988588262911115,1.5495589760225576e-05,Low-Vol
2017-03-23,0.9761079277392252,0.023741441026575008,0.00015063123419969805,0.9807753260735632,0.019161183595819087,6.349033061768798e-05,Low-Vol
2017-03-24,0.9354394688196569,0.06391994333543438,0.000640587844908672,0.9124928518833685,0.0870128451884894,0.0004943029281421064,Low-Vol
2017-03-27,0.350563728957983,0.6226918703756421,0.026744400666374922,0.7964131651289812,0.20184634406232735,0.0017404908086915622,Low-Vol
2017-03-28,0.8079396544828429,0.19063129509974577,0.0014290504174113176,0.9505980277147257,0.04927937022317468,0.0001226020620995259,Low-Vol
2017-03-29,0.9266612457205752,0.07286169837247349,0.0004770559069512417,0.9643919111593443,0.03549867617674856,0.00010941266390717251,Low-Vol
2017-03-30,0.7510352684894511,0.24483381455381278,0.0041309169567360915,0.9365866414066881,0.06307731825307109,0.00033604034024069387,Low-Vol
2017-03-31,0.8805954011912912,0.11854023884675924,0.0008643599619495738,0.9607767602970543,0.039109246313528245,0.00011399338941738875,Low-Vol
2017-04-03,0.9246165294803885,0.07482562315381937,0.0005578473657921702,0.9556491151836644,0.04419264221291768,0.00015824260341797827,Low-Vol
2017-04-04,0.5997974537587978,0.39352231456628695,0.006680231674915333,0.9179474699815784,0.0818001343288823,0.00025239568953923136,Low-Vol
2017-04-05,0.8926012109295823,0.10662045504487762,0.0007783340255401105,0.9822033812740131,0.01776783868468086,2.8780041305916836e-05,Low-Vol
2017-04-06,0.9477303006049189,0.051863277094891407,0.00040642230018962693,0.9909926462017792,0.008989513529104563,1.784026911627914e-05,Low-Vol
2017-04-07,0.9747427510480513,0.02509477933953934,0.00016246961240942332,0.9912931760382397,0.008683233372149384,2.3590589610866518e-05,Low-Vol
2017-04-10,0.8261638062088685,0.17101946529151346,0.002816728499618047,0.9703577591410874,0.029539747727801855,0.00010249313111069584,Low-Vol
2017-04-11,0.9190944314621425,0.08019082020710379,0.000714748330753741,0.9888919676914724,0.011092221071557152,1.581123697056e-05,Low-Vol
2017-04-12,0.9755225392009031,0.024332505063616165,0.00014495573548066733,0.9966081761120307,0.0033881374831757623,3.6864047936276352e-06,Low-Vol
2017-04-13,0.9742565736847288,0.02556802574435297,0.00017540057091822546,0.9967060940902253,0.0032904975387574504,3.408371017458572e-06,Low-Vol
2017-04-14,0.9847833227416373,0.015134007794885159,8.26694634776232e-05,0.9980412679850139,0.001957055879984914,1.676135001307333e-06,Low-Vol
2017-04-17,0.9844270756423308,0.015485309428221319,8.761492944778259e-05,0.9979891197166513,0.002009082338554714,1.7979447940209963e-06,Low-Vol
2017-04-18,0.985729283821744,0.01419340502246047,7.731115579555151e-05,0.9979373937118604,0.0020603397023369187,2.26658580256811e-06,Low-Vol
2017-04-19,0.9737304949442932,0.02608313836396929,0.00018636669173754112,0.9961339746499006,0.0038603662635067195,5.659086592729981e-06,Low-Vol
2017-04-20,0.9703719488975685,0.02942226873526466,0.0002057823671667576,0.9955633051688397,0.004430143761314858,6.5510698454304635e-06,Low-Vol
2017-04-21,0.982855104074138,0.017047801171600832,9.709475426121718e-05,0.995164548471511,0.004824764825753162,1.0686702735957852e-05,Low-Vol
2017-04-24,0.9339210848149672,0.06537652234604398,0.0007023928389888469,0.9795522067722777,0.020361132902372736,8.666032534953738e-05,Low-Vol
2017-04-25,0.9667129969060104,0.03306821999875458,0.0002187830952350219,0.968011497066758,0.0318788504560523,0.00010965247718977115,Low-Vol
2017-04-26,0.9773000903900513,0.022568815309283143,0.0001310943006656402,0.8854385550746884,0.11417950943404945,0.00038193549126207287,Low-Vol
2017-04-27,0.1473751921653157,0.8417973964335308,0.010827411401153472,0.38161710538208243,0.6153549252626397,0.0030279693552779144,Normal
2017-04-28,0.24324777262782002,0.7505841261356566,0.006168101236523301,0.6122458715790988,0.3867643838204876,0.0009897446004133938,Low-Vol
2017-05-02,0.3771839806153266,0.6160177339287718,0.0067982854559016734,0.8136495245550686,0.18595382463986723,0.0003966508050642474,Low-Vol
2017-05-04,0.7908150391588198,0.20765787242510497,0.0015270884160751832,0.9580941049211353,0.041827833015447395,7.806206341716232e-05,Low-Vol
2017-05-08,0.9316506339412126,0.06787262399356149,0.00047674206522580197,0.9802844367545842,0.019663307225429933,5.225601998579843e-05,Low-Vol
2017-05-10,0.8079345871486163,0.1890651703738682,0.003000242477515455,0.9712581785049528,0.02867257669541581,6.924479963140614e-05,Low-Vol
2017-05-11,0.9620042518797313,0.03776672671254977,0.00022902140771905946,0.9948782953965243,0.005116509518190369,5.195085285215051e-06,Low-Vol
2017-05-12,0.9789045760137303,0.020966764960059222,0.00012865902621046258,0.9971020633189595,0.0028947272404584094,3.2094405821161182e-06,Low-Vol
2017-05-15,0.9768576373970584,0.022988549800007474,0.00015381280293392887,0.9968901705343868,0.0031062538622021775,3.575603411068695e-06,Low-Vol
2017-05-16,0.984436278660806,0.01547769609936256,8.602523983150062e-05,0.9972382531243333,0.0027576254643481356,4.121411318599226e-06,Low-Vol
2017-05-17,0.941232200882565,0.058181580297785716,0.0005862188196491567,0.9921995391941181,0.0077883021268028525,1.2158679079112674e-05,Low-Vol
2017-05-18,0.9806345327253198,0.0192566153446035,0.00010885193007673968,0.9973132240294376,0.0026839622965956858,2.813673966666871e-06,Low-Vol
2017-05-19,0.9817249570013781,0.018165592406475355,0.00010945059214670335,0.9967481409016555,0.003246591005313274,5.268093031323579e-06,Low-Vol
2017-05-22,0.940433274820846,0.05896218252700523,0.0006045426521488004,0.992001852805839,0.007985101819752287,1.3045374408839974e-05,Low-Vol
2017-05-23,0.9781475158922392,0.021723324221373755,0.00012915988638700825,0.9970656510889799,0.002931354687094739,2.994223925316401e-06,Low-Vol
2017-05-24,0.9825289157655072,0.01736925746244978,0.00010182677204314398,0.9972702732916735,0.0027260825430922234,3.644165234320109e-06,Low-Vol
2017-05-25,0.9610554715416705,0.038641402238220116,0.00030312622010951804,0.9946587428342836,0.005333961885706437,7.295280010071054e-06,Low-Vol
2017-05-26,0.975259552388672,0.024584354048581898,0.00015609356274604757,0.9967399944884185,0.0032566288821273405,3.376629454095838e-06,Low-Vol
2017-05-29,0.9833053393127966,0.016599838511172648,9.48221760307213e-05,0.99756346862352,0.0024336819241011316,2.849452378763235e-06,Low-Vol
2017-05-30,0.9750011415129286,0.024834927619134275,0.0001639308679370514,0.9959169948385527,0.0040765162249472514,6.488936500061578e-06,Low-Vol
2017-05-31,0.963005920325883,0.03676538742506074,0.00022869224905629852,0.9935341966656313,0.006455311217324991,1.0492117043757665e-05,Low-Vol
2017-06-01,0.9767111046895554,0.023146702399086297,0.00014219291135836296,0.9915631142333224,0.008415093025655386,2.179274102214278e-05,Low-Vol
2017-06-02,0.8362066270928852,0.16240962583333762,0.0013837470737772858,0.9685482911298723,0.03138374739053176,6.796147959596045e-05,Low-Vol
2017-06-05,0.9229904711616802,0.0764380297748346,0.0005714990634852164,0.9836255608250838,0.016336849006354612,3.759016856148588e-05,Low-Vol
2017-06-07,0.9004802755113864,0.09842037341871068,0.0010993510699028996,0.9833713714648866,0.016586234804911417,4.239373020182155e-05,Low-Vol
2017-06-08,0.9560121217358143,0.04366560576681238,0.00032227249737315933,0.9907754361272352,0.009203325325925445,2.1238546839529058e-05,Low-Vol
2017-06-09,0.9787895895128023,0.021089311999792148,0.00012109848740563052,0.9861858309195523,0.01377358413720907,4.0584943238734504e-05,Low-Vol
2017-06-12,0.8778629181837848,0.12040385354008248,0.0017332282761326658,0.9332142545913485,0.06632170414273376,0.0004640412659177406,Low-Vol
2017-06-13,0.8297831179894405,0.167933624105078,0.002283257905481504,0.907215191094105,0.09219057992375151,0.0005942289821435782,Low-Vol
2017-06-14,0.9366782402540182,0.06281922792470324,0.000502531821278359,0.8897680002630648,0.10971906578076304,0.0005129339561721258,Low-Vol
2017-06-15,0.28059668804972526,0.6867025292647769,0.03270078268549776,0.7351276103120986,0.26227783407232064,0.0025945556155806972,Low-Vol
2017-06-16,0.6467938858881735,0.3495553241856419,0.003650789926184575,0.9319229732166625,0.06795005592413499,0.0001269708592024586,Low-Vol
2017-06-19,0.8985124237430151,0.10073892062254955,0.0007486556344354223,0.9852882791128014,0.01469277298756655,1.894789963212928e-05,Low-Vol
2017-06-20,0.9676015318620369,0.032190778579842545,0.00020768955812058764,0.9952242008070618,0.004769540984265375,6.258208672834104e-06,Low-Vol
2017-06-21,0.9660808421932534,0.0336572820431031,0.0002618757636435431,0.9954309945730019,0.00456299465943741,6.0107675607528846e-06,Low-Vol
2017-06-22,0.9804050808235121,0.01947753520444472,0.00011738397204314008,0.9971102038771077,0.0028861819914446736,3.6141314476328917e-06,Low-Vol
2017-06-23,0.9718237070477217,0.027982448619030702,0.00019384433324759793,0.9956699691605422,0.004323417514924603,6.613324533167424e-06,Low-Vol
2017-06-26,0.9795024404506157,0.020380149289731607,0.00011741025965265608,0.9946824437235781,0.00530633275215612,1.1223524265904834e-05,Low-Vol
2017-06-27,0.9836860311362403,0.016221216495170013,9.275236858967271e-05,0.981851774176378,0.01809230977061986,5.591605300216073e-05,Low-Vol
2017-06-28,0.9464884007952626,0.05299994700395303,0.0005116522007844296,0.8805119943820489,0.11883710251438186,0.0006509031035693271,Low-Vol
2017-06-29,0.9167236753447637,0.0825379458224227,0.0007383788328135462,0.6737885708832972,0.32433280528066327,0.0018786238360394539,Low-Vol
2017-06-30,0.2809387283491457,0.696072766407487,0.022988505243367263,0.3098276486700961,0.6785565163882735,0.011615834941630382,Normal
2017-07-03,0.4009675623009613,0.5934606221188242,0.0055718155802145725,0.36331034944419094,0.633540831982717,0.003148818573092104,Normal
2017-07-04,0.07888387147710611,0.9050307071747394,0.016085421348154508,0.3759009454761932,0.6218503345131817,0.0022487200106249988,Normal
2017-07-05,0.43320123324052473,0.5624954535005292,0.00430331325894613,0.851493012086113,0.14830628591058148,0.00020070200330559948,Low-Vol
2017-07-06,0.8391798887858688,0.15976955191436512,0.0010505592997661004,0.9716922535729728,0.028266060826752603,4.1685600274536646e-05,Low-Vol
2017-07-07,0.9203666269628772,0.07899022884041154,0.000643144196711203,0.9878555522905496,0.012124635285087348,1.9812424363081753e-05,Low-Vol
2017-07-10,0.9553383155320232,0.044318326810704314,0.0003433576572724051,0.9939057576703108,0.006086207700987118,8.034628702180334e-06,Low-Vol
2017-07-11,0.9762956535701458,0.0235542829769658,0.00015006345288839175,0.9968080647260886,0.0031884374357421144,3.4978381693710844e-06,Low-Vol
2017-07-12,0.9799722292458939,0.019904101128232692,0.00012366962587340632,0.997203275879493,0.0027934758739234056,3.248246583732726e-06,Low-Vol
2017-07-13,0.9738056857608641,0.026012147271181483,0.00018216696795446383,0.9966215052800226,0.0033748496614786536,3.645058498819505e-06,Low-Vol
2017-07-14,0.9846110553190605,0.015305025283062115,8.391939787747769e-05,0.9979068189818503,0.002091135006089067,2.046012060552382e-06,Low-Vol
2017-07-17,0.9781204854840914,0.021746499842331422,0.0001330146735771469,0.9971228407488119,0.0028742904122878144,2.8688389002254743e-06,Low-Vol
2017-07-18,0.9812805300733835,0.018607880692276806,0.00011158923433968274,0.9976140796896948,0.0023837518307709324,2.168479534356168e-06,Low-Vol
2017-07-19,0.9856108636590843,0.014311551294421231,7.758504649443581e-05,0.9981245346053548,0.0018738181367937616,1.6472578514039976e-06,Low-Vol
2017-07-20,0.9835939472522514,0.01631089555293941,9.515719480928707e-05,0.9978025846926567,0.0021952094038812987,2.2059034619671876e-06,Low-Vol
2017-07-21,0.9796776324001556,0.020200476378472623,0.00012189122137172686,0.9973563719538132,0.002641086451484134,2.541594702773768e-06,Low-Vol
2017-07-24,0.983703800294747,0.01620351936068362,9.268034456931294e-05,0.9977975724455965,0.002200214005385792,2.2135490177008697e-06,Low-Vol
2017-07-25,0.979400481962026,0.0204688837473914,0.00013063429058257528,0.9972142125727919,0.0027826812000286806,3.1062271793936904e-06,Low-Vol
2017-07-26,0.9792992104349154,0.020570899212392822,0.00012989035269168902,0.9971559696536206,0.002840785072969411,3.245273409946672e-06,Low-Vol
2017-07-27,0.9769326009464978,0.022913561888176847,0.0001538371653253029,0.996890123657823,0.0031062704510119153,3.6058911649252723e-06,Low-Vol
2017-07-28,0.9798262050763653,0.020057637285902697,0.0001161576377320252,0.9971831894582995,0.0028137505337418023,3.060007958707378e-06,Low-Vol
2017-07-31,0.9838514589672386,0.01606004927317907,8.849175958240545e-05,0.9966274857622948,0.003366649124405908,5.8651132992935105e-06,Low-Vol
2017-08-01,0.9321624756350686,0.06713444439291391,0.0007030799720174685,0.98842741420844,0.011543174098093283,2.9411693466675275e-05,Low-Vol
2017-08-02,0.9386129825146134,0.06097209528456144,0.0004149222008252117,0.9909876336159256,0.00900052704084597,1.1839343228500854e-05,Low-Vol
2017-08-03,0.9788616450424815,0.02101920032016886,0.00011915463734949007,0.9951037832748306,0.004886733523163618,9.483202005610512e-06,Low-Vol
2017-08-04,0.9806294461673264,0.019251631884330895,0.00011892194834281535,0.9852186513521914,0.014734930123018804,4.641852478980752e-05,Low-Vol
2017-08-07,0.9450530687374156,0.05453589467433066,0.00041103658825387697,0.920400141256602,0.07927282950486206,0.00032702923853583784,Low-Vol
2017-08-08,0.8939242013599492,0.10516034054423087,0.00091545809581982,0.7929671536365434,0.20605573903892524,0.000977107324531614,Low-Vol
2017-08-09,0.18179506273674084,0.8069282934747332,0.011276643788526098,0.6277021554583434,0.3713929069530221,0.0009049375886345276,Low-Vol
2017-08-10,0.6726789813995623,0.325076143835898,0.002244874764539759,0.9345640969548947,0.0653431717405461,9.273130455914744e-05,Low-Vol
2017-08-11,0.8925674144639462,0.10661738015200056,0.0008152053840532171,0.9811502504609293,0.018815205119321336,3.454441974930253e-05,Low-Vol
2017-08-14,0.9258552433908799,0.07363200502762339,0.0005127515814967217,0.9889879146965459,0.010997339655907722,1.4745647546284294e-05,Low-Vol
2017-08-16,0.9629961978629283,0.03674182300324685,0.0002619791338249528,0.9946874679884075,0.005305245960032701,7.286051559916434e-06,Low-Vol
2017-08-17,0.973363308933958,0.026464573519267766,0.0001721175467742784,0.995874646212773,0.004119395889801932,5.957897425059876e-06,Low-Vol
2017-08-18,0.9590646811251663,0.04060987749069616,0.0003254413841376034,0.9945711371124062,0.0054218891366383,6.973750955598086e-06,Low-Vol
2017-08-21,0.9808191534318423,0.01906934243401544,0.00011150413414215704,0.9973692207969606,0.0026280043669641216,2.774836075244693e-06,Low-Vol
2017-08-22,0.9766641134875068,0.023178443297644104,0.00015744321484902242,0.9969410171792049,0.0030556248563120376,3.3579644831142862e-06,Low-Vol
2017-08-23,0.9830539507144037,0.016848613421170028,9.743586442628517e-05,0.9976502784450471,0.0023471992763217653,2.522278631199214e-06,Low-Vol
2017-08-24,0.9799180394099811,0.019961940570462234,0.0001200200195565991,0.9967860746845267,0.0032093792891552684,4.546026317980047e-06,Low-Vol
2017-08-25,0.9570577725444879,0.04256445701210129,0.00037777044341071026,0.9941155027184422,0.005875476103323667,9.021178234065345e-06,Low-Vol
2017-08-28,0.975909761906099,0.023943022809484196,0.0001472152844166387,0.9967155028048064,0.003280931594106501,3.565601087182529e-06,Low-Vol
2017-08-29,0.9774677762828231,0.022384590042793688,0.00014763367438317237,0.9969899370137633,0.003006699123552688,3.363862684160492e-06,Low-Vol
2017-08-30,0.9819443930884671,0.017949141364616637,0.00010646554691621543,0.9973428528993883,0.0026538926483255136,3.254452286256881e-06,Low-Vol
2017-08-31,0.9687680337691291,0.031043366503100637,0.00018859972777011936,0.995740138554124,0.0042553427164780805,4.518729397913728e-06,Low-Vol
2017-09-01,0.9821812921492273,0.01772018587125003,9.852197952266799e-05,0.9969251778429222,0.0030703759616928796,4.446195384899222e-06,Low-Vol
2017-09-04,0.9520394610901719,0.04756278536028033,0.00039775354954777614,0.9926811555159325,0.007305882727745434,1.296175632209073e-05,Low-Vol
2017-09-05,0.9721775699201584,0.02765291929991873,0.00016951077992280212,0.994379308189359,0.005610235982472208,1.0455828168766967e-05,Low-Vol
2017-09-06,0.9216813971156776,0.07743241475379305,0.0008861881305293447,0.9884128710180328,0.011561874798376202,2.5254183591071168e-05,Low-Vol
2017-09-07,0.9618849903802517,0.037847932217442676,0.00026707740230569034,0.9946637306278272,0.005329412410350313,6.856961822592502e-06,Low-Vol
2017-09-08,0.971999533133529,0.027808244016256936,0.00019222285021404,0.9963589741719635,0.0036370840123570694,3.9418156794290534e-06,Low-Vol
2017-09-11,0.9828200991813609,0.017081798215765675,9.810260287331006e-05,0.997767436387225,0.0022305144775278396,2.0491352470729266e-06,Low-Vol
2017-09-12,0.983119410501688,0.016787637378741786,9.295211957024754e-05,0.9978307469783102,0.0021673865299121275,1.8664917777513269e-06,Low-Vol
2017-09-13,0.9845542207210342,0.015359279744858158,8.649953410767761e-05,0.9980083039518468,0.0019899307633523757,1.7652848008503203e-06,Low-Vol
2017-09-14,0.9846578424470726,0.01525633552651718,8.582202641032487e-05,0.9979594591704369,0.002038591881127398,1.9489484355891594e-06,Low-Vol
2017-09-15,0.9822925579247018,0.01760921288918184,9.822918611638203e-05,0.9974791839087541,0.0025180724655812494,2.743625664653455e-06,Low-Vol
2017-09-18,0.9751265790708102,0.02470224686554972,0.00017117406364016197,0.9963324900870062,0.0036622860206729354,5.223892321049158e-06,Low-Vol
2017-09-19,0.9670935905360062,0.03266964901291533,0.00023676045107834468,0.9955569297208685,0.004437599838289696,5.470440841904151e-06,Low-Vol
2017-09-20,0.9772661402423475,0.02259373361729465,0.00014012614035787804,0.9970806610145666,0.002916564090190445,2.774895242988651e-06,Low-Vol
2017-09-21,0.9850656639554443,0.01485329335098695,8.104269356883356e-05,0.9979958975878623,0.0020022026849335155,1.8997272040351205e-06,Low-Vol
2017-09-22,0.9841121213621432,0.01579768711788847,9.019151996831793e-05,0.9973437021133087,0.00265247001810724,3.827868584161058e-06,Low-Vol
2017-09-25,0.9824068950391717,0.017493602178145117,9.950278268320951e-05,0.9934037610506454,0.006579870357287934,1.6368592066794642e-05,Low-Vol
2017-09-26,0.9592802304166093,0.04038734828494328,0.000332421298447445,0.96828323107066,0.03157813220167631,0.00013863672766347177,Low-Vol
2017-09-27,0.7632553674939517,0.23222054620247284,0.004524086303575393,0.9055589118102229,0.09366545463313963,0.000775633556637567,Low-Vol
2017-09-28,0.6805350832467076,0.3140546791925021,0.0054102375607903205,0.9137888572491885,0.08574806063856107,0.0004630821122504411,Low-Vol
2017-09-29,0.8505509506212104,0.14808033318732228,0.0013687161914673234,0.9513178762701334,0.04850526568459337,0.00017685804527317635,Low-Vol
2017-10-10,0.7544226829796348,0.24174574958817424,0.0038315674321909685,0.9512875949730625,0.04852993008541113,0.00018247494152646786,Low-Vol
2017-10-11,0.8698560948018589,0.1292039170285644,0.0009399881695767223,0.9801364723439959,0.019837165584340125,2.636207166413576e-05,Low-Vol
2017-10-12,0.9535996955377319,0.046076035219484175,0.0003242692427837928,0.9936301347825223,0.006362154215438466,7.711002039306938e-06,Low-Vol
2017-10-13,0.9788336934652213,0.021039286588389747,0.00012701994638895654,0.9966894965967205,0.0033059286631812817,4.574740098223175e-06,Low-Vol
2017-10-16,0.9843655521820119,0.01554755957657302,8.688824141501202e-05,0.9945321872268454,0.005454851633500968,1.2961139653487124e-05,Low-Vol
2017-10-17,0.9774896482212422,0.022371087299103462,0.0001392644796543525,0.9717299766719053,0.028158461312645006,0.00011156201544976473,Low-Vol
2017-10-18,0.9841479675171126,0.01576391497192671,8.811751096060378e-05,0.8571415715804745,0.13993208925766143,0.0029263391618640352,Low-Vol
2017-10-19,0.035928945804662625,0.8279799261671092,0.13609112802822804,0.0020069433497960356,0.4926994692752321,0.5052935873749719,High-Vol
2017-10-20,2.9786763438908264e-10,0.019489086297744658,0.9805109134043877,3.66024164895032e-10,0.03329275524275614,0.9667072443912198,High-Vol
2017-10-23,0.00969931381353006,0.7968543172162608,0.19344636897020917,0.013370608379470801,0.8760940126509817,0.11053537896954742,Normal
2017-10-24,0.323214253594103,0.664736260582866,0.01204948582303117,0.12802135570899845,0.8606805861312885,0.011298058159712878,Normal
2017-10-25,0.5502511610898205,0.4447042061075905,0.005044632802588958,0.10564422507839652,0.8635335389462948,0.030822235975308688,Normal
2017-10-26,2.680938725239916e-05,0.4095432801510509,0.5904299104616966,3.189611041146423e-05,0.5596182180908467,0.4403498857987419,Normal
2017-10-27,0.30603595075139145,0.6694356390678202,0.024528410180788322,0.054812980095916425,0.9095429212367572,0.03564409866732646,Normal
2017-10-30,0.1491727130470349,0.8277867581487682,0.02304052880419694,0.015498421953331768,0.88373164036025,0.10076993768641823,Normal
2017-10-31,2.4083087096519248e-08,0.13841366187065485,0.861586314046258,3.8405217825374356e-07,0.3791387335717045,0.6208608823761171,High-Vol
2017-11-01,0.09716820308399586,0.8370906942902409,0.0657411026257633,0.3876882199381804,0.5993655018803052,0.01294627818151425,Normal
2017-11-02,0.28182501550840705,0.7067271758994541,0.01144780859213894,0.7550144398084817,0.24434612376968945,0.0006394364218287573,Low-Vol
2017-11-03,0.7883872187967333,0.21021814074824438,0.0013946404550222568,0.9632427130294947,0.036708377873718695,4.890909678670614e-05,Low-Vol
2017-11-06,0.9302402520587479,0.06927924585282828,0.00048050208842378566,0.9883918858467341,0.01158929587089343,1.8818282372492998e-05,Low-Vol
2017-11-07,0.945183126605315,0.05442255905100429,0.0003943143436806335,0.9917062249857368,0.008281451365781838,1.23236484815167e-05,Low-Vol
2017-11-08,0.9586792231529796,0.04105061817047719,0.00027015867654320275,0.9944740250196507,0.005520047887000453,5.927093348874988e-06,Low-Vol
2017-11-09,0.9789870689026741,0.020888665237530503,0.00012426585979552224,0.9972315914574782,0.0027657018340835125,2.7067084382338257e-06,Low-Vol
2017-11-10,0.9843239087778174,0.01558869248491565,8.739873726698846e-05,0.9975901224367336,0.002406855217867513,3.022345398877591e-06,Low-Vol
2017-11-13,0.972811437572548,0.027003641074400814,0.0001849213530512931,0.9950131807585035,0.004977370220108026,9.449021388486413e-06,Low-Vol
2017-11-14,0.9424288209623807,0.057039932403161325,0.0005312466344579724,0.990854629588966,0.009126454531347035,1.8915879686900093e-05,Low-Vol
2017-11-15,0.9481569914378144,0.05138355094730986,0.00045945761487583675,0.9932006129774236,0.00679014912714435,9.237895432148791e-06,Low-Vol
2017-11-16,0.9811652598480287,0.018728855527637193,0.0001058846243340806,0.997567549671494,0.0024302930571764836,2.1572713295314756e-06,Low-Vol
2017-11-17,0.9851247894320019,0.014793849440058276,8.136112793993871e-05,0.9979228978997987,0.0020749474500621388,2.1546501391800538e-06,Low-Vol
2017-11-20,0.9765453633976992,0.023302592444686177,0.00015204415761478304,0.9967008095749849,0.003295109560260699,4.080864754484724e-06,Low-Vol
2017-11-21,0.9828214075086767,0.017079454060852206,9.913843047101799e-05,0.9964458836481628,0.003547630335008117,6.486016828968774e-06,Low-Vol
2017-11-22,0.9766330474015535,0.02322031015991634,0.00014664243853014996,0.9885782271061677,0.011387592698208066,3.4180195624216704e-05,Low-Vol
2017-11-23,0.9406132482775907,0.058794246505488895,0.0005925052169204248,0.9526015266097736,0.047150192289040584,0.0002482811011858762,Low-Vol
2017-11-24,0.9276185814155735,0.07162095080015332,0.0007604677842732225,0.8911619655562049,0.10817638054748982,0.0006616538963051899,Low-Vol
2017-11-27,0.9691089309638005,0.03069304811855766,0.00019802091764188162,0.7620316365588873,0.2357328686313797,0.0022354948097331284,Low-Vol
2017-11-28,0.013988174712915816,0.8200558514991727,0.16595597378791146,0.006336076241256505,0.8508081112055221,0.14285581255322144,Normal
2017-11-29,0.31298428402123574,0.6754410188234576,0.011574697155306716,0.03736797863827362,0.8646335943647601,0.0979984269969664,Normal
2017-11-30,1.8409708070712243e-76,1.4116682478193313e-08,0.9999999858833175,9.181058681225795e-75,8.987163571491363e-08,0.9999999101283641,High-Vol
2017-12-01,0.12565872104924583,0.8153424299029188,0.05899884904783542,0.5277260366980385,0.4661210710022229,0.006152892299738609,Low-Vol
2017-12-04,0.5852580395945043,0.4109801181229589,0.003761842282536808,0.9072754839107285,0.09254940900777626,0.00017510708149513776,Low-Vol
2017-12-05,0.8517353598395243,0.14714150518036204,0.0011231349801136246,0.974401153096157,0.025555450332256598,4.339657158638456e-05,Low-Vol
2017-12-06,0.9325095466111821,0.06696138974480828,0.0005290636440096645,0.9888162551357456,0.011163007111007657,2.0737753246750928e-05,Low-Vol
2017-12-07,0.9682326227462967,0.031565250396689684,0.00020212685701359034,0.991865749727389,0.00811573651606296,1.851375654809852e-05,Low-Vol
2017-12-08,0.8710158754307074,0.12797326016356592,0.0010108644057266448,0.9809070892366574,0.019067094557883423,2.581620545918387e-05,Low-Vol
2017-12-11,0.9632960662537896,0.036469706133464515,0.00023422761274582087,0.9946487697709356,0.005344439085000352,6.791144063919524e-06,Low-Vol
2017-12-12,0.9679981299717275,0.031785597993037935,0.000216272035234643,0.9955811711270031,0.004413455632791771,5.373240205025561e-06,Low-Vol
2017-12-13,0.9744776376705686,0.025366654165398617,0.00015570816403272852,0.9966826619636036,0.0033141358244405082,3.2022119558507526e-06,Low-Vol
2017-12-14,0.984753039067807,0.015164309688924793,8.265124326831241e-05,0.9977919748136586,0.0022055849336096033,2.440252731854825e-06,Low-Vol
2017-12-15,0.9819868199738899,0.01791033272270212,0.00010284730340800837,0.996082626988486,0.003910012035221561,7.360976292377459e-06,Low-Vol
2017-12-18,0.939173847229015,0.06021543675441105,0.0006107160165739823,0.9872360959866647,0.012723850802205727,4.0053211129403e-05,Low-Vol
2017-12-19,0.9727930369890783,0.027028904790818323,0.00017805822010336233,0.9849075822086086,0.015043369899348718,4.90478920426793e-05,Low-Vol
2017-12-20,0.8306239213711984,0.16665448211801037,0.00272159651079117,0.9427783179586119,0.056852053323541096,0.0003696287178469694,Low-Vol
2017-12-21,0.9072216950745016,0.09210673980967271,0.000671565115825759,0.9447110808483763,0.055089836304566396,0.0001990828470572122,Low-Vol
2017-12-22,0.7287418496042443,0.26697261035504677,0.004285540040708943,0.9092149386926558,0.09023801605844677,0.0005470452488974436,Low-Vol
2017-12-26,0.9444449856964644,0.055209906406380765,0.00034510789715483305,0.9303854448583992,0.06938188557487035,0.00023266956673016493,Low-Vol
2017-12-27,0.9678249591301156,0.03195897215467017,0.0002160687152142473,0.8227776115100197,0.17653020829131574,0.0006921801986645828,Low-Vol
2017-12-28,0.7090618356525765,0.2882537356208617,0.0026844287265618207,0.27645935870356403,0.7196560638822629,0.003884577414173106,Normal
2017-12-29,0.5114688050408748,0.484166770050665,0.004364424908460196,0.09955743132898288,0.8951939972226053,0.005248571448411626,Normal
2018-01-02,0.0015455694409856053,0.9633600901882875,0.035094340370727,0.0025537655787385943,0.9799286980490074,0.01751753637225404,Normal
2018-01-03,0.0518574597669376,0.9361892289776428,0.01195331125541966,0.1700625291120763,0.825970204806523,0.003967266081400634,Normal
2018-01-04,0.2557456005634628,0.7383704455484619,0.005883953888075279,0.5021681813076448,0.4961502961017729,0.0016815225905823495,Low-Vol
2018-01-05,0.3620634112712139,0.6300417668924696,0.00789482183631647,0.6469192068331572,0.35129214192456,0.0017886512422828251,Low-Vol
2018-01-08,0.6993317389127306,0.2982331376310516,0.002435123456217912,0.755592946973736,0.24338658257899626,0.0010204704472679006,Low-Vol
2018-01-09,0.5191305274209713,0.4750147641328828,0.005854708446145818,0.7381890807566784,0.2604147685238623,0.0013961507194593455,Low-Vol
2018-01-10,0.3629290131473162,0.6281752649586027,0.008895721894081145,0.7898279348028432,0.20950197195545112,0.0006700932417057974,Low-Vol
2018-01-11,0.7079241824384536,0.28958748215170144,0.0024883354098451252,0.937309511012171,0.06255715845766217,0.00013333053016675034,Low-Vol
2018-01-12,0.9229428656504312,0.07652375829522273,0.0005333760543461395,0.9744724881939462,0.025455199692076897,7.231211397698412e-05,Low-Vol
2018-01-15,0.7861957599935979,0.2100582232114699,0.0037460167949321067,0.962500819404971,0.03736079526594131,0.00013838532908763787,Low-Vol
2018-01-16,0.955814348847924,0.043907995685399076,0.0002776554666769895,0.9874751719104381,0.012494592417056796,3.0235672505241952e-05,Low-Vol
2018-01-17,0.9713120753528149,0.028503926817660927,0.0001839978295241387,0.9754779365527277,0.024436990532817938,8.50729144544573e-05,Low-Vol
2018-01-18,0.6181222278482076,0.3709922328411504,0.0108855393106421,0.9029464231009311,0.09628124120598637,0.0007723356930823781,Low-Vol
2018-01-19,0.7664295228394219,0.23077184472354553,0.0027986324370326433,0.9564389049367268,0.043444593166691865,0.0001165018965814478,Low-Vol
2018-01-22,0.9309597679016993,0.06853181815983532,0.0005084139384652746,0.9842510125372095,0.015710507907795872,3.847955499470616e-05,Low-Vol
2018-01-23,0.9123243498893328,0.08671167690941708,0.0009639732012500913,0.9813198615466624,0.01861619902121051,6.393943212703425e-05,Low-Vol
2018-01-24,0.9465283482883682,0.05301874204021138,0.0004529096714205437,0.9824872801958976,0.01745189357873379,6.082622536870177e-05,Low-Vol
2018-01-25,0.9747497289041177,0.025088054810217097,0.00016221628566505223,0.9673380085991533,0.03254780244722223,0.00011418895362444174,Low-Vol
2018-01-26,0.9714782431634462,0.028316754234918425,0.00020500260163536615,0.84919081790683,0.15010554417191316,0.0007036379212567792,Low-Vol
2018-01-29,0.8230442471840287,0.17407552528228337,0.002880227533688027,0.3242174118204265,0.66499893944308,0.01078364873649365,Normal
2018-01-30,0.02184313436850324,0.863882717971587,0.11427414765990987,0.0025598157052511084,0.9240036182763677,0.07343656601838133,Normal
2018-01-31,0.0036141848026805014,0.970316548742486,0.0260692664548335,0.0008513016360528673,0.9839615532677769,0.015187145096170205,Normal
2018-02-01,0.06428629432434947,0.9253766771320695,0.010337028543580965,0.014773332767500308,0.9789211266224445,0.006305540610055151,Normal
2018-02-02,0.004725096957736934,0.9777909365071434,0.017483966535119622,0.02040824620602445,0.9735984895226314,0.005993264271344213,Normal
2018-02-05,0.16587217786954736,0.8245377128201065,0.009590109310346182,0.4829470102168593,0.515100786616023,0.0019522031671176845,Normal
2018-02-06,0.3277395635434565,0.6642252994100665,0.008035137046477016,0.7410876762928381,0.25809079173274724,0.000821531974414699,Low-Vol
2018-02-07,0.633995270318378,0.3630555486444648,0.002949181037157028,0.9018901922555006,0.09787735279712727,0.00023245494737195556,Low-Vol
2018-02-08,0.8208202687551858,0.1778113102992029,0.0013684209456111878,0.9512797086646522,0.04859129513125056,0.00012899620409730637,Low-Vol
2018-02-09,0.7949809048458402,0.20322232058248113,0.0017967745716787342,0.9614357343531811,0.038485288234769606,7.89774120492976e-05,Low-Vol
2018-02-12,0.8896058850377945,0.1094733239001378,0.0009207910620675599,0.9839658287170997,0.0160111352977599,2.3035985140481258e-05,Low-Vol
2018-02-13,0.9640437809459411,0.03571836515122779,0.00023785390283113876,0.9951607572619141,0.0048338353871836635,5.4073509022432375e-06,Low-Vol
2018-02-14,0.982099560209346,0.01779879623205438,0.00010164355859972305,0.9971319766166792,0.0028641437814365006,3.8796018843537215e-06,Low-Vol
2018-02-19,0.9659750304952313,0.03377435087515905,0.00025061862960981717,0.9941678181130981,0.005821228440218238,1.0953446683759037e-05,Low-Vol
2018-02-20,0.9465364338931107,0.05309848426399669,0.00036508184289263303,0.9921257806376749,0.0078635523505915,1.0667011733468617e-05,Low-Vol
2018-02-21,0.9796151758876418,0.02026852568780277,0.00011629842455537763,0.9951217985977334,0.00486839136880253,9.810033464065192e-06,Low-Vol
2018-02-22,0.9671687015121506,0.03258837091159562,0.00024292757625379196,0.9843456200684013,0.0155996698545901,5.471007700868397e-05,Low-Vol
2018-02-23,0.8310845057377674,0.1666434150103082,0.0022720792519242976,0.9510190137317923,0.048735729602449866,0.0002452566657578471,Low-Vol
2018-02-26,0.9090396048892861,0.09014062276034802,0.0008197723503658446,0.9575070790570576,0.04231591792303152,0.00017700301991086995,Low-Vol
2018-02-27,0.8876580071426426,0.11133263115216954,0.0010093617051878138,0.9342624815848151,0.0654526372448235,0.00028488117036144165,Low-Vol
2018-02-28,0.9619973331095064,0.03776856932145798,0.00023409756903561255,0.9030640974477421,0.09659418385824337,0.00034171869401461663,Low-Vol
2018-03-02,0.9343388788445832,0.06501271953651118,0.0006484016189056272,0.6600907694306448,0.33794537422966214,0.001963856339693136,Low-Vol
2018-03-05,0.4769247817080338,0.5178759676927334,0.005199250599232778,0.16309303362354413,0.8320423726874021,0.004864593689053865,Normal
2018-03-06,0.16368380601089585,0.8257246433548012,0.010591550634302942,0.09542624299668018,0.8982711919454806,0.0063025650578392165,Normal
2018-03-07,0.026520383033771185,0.961041756526189,0.012437860440039873,0.12160693360276909,0.8749791200519569,0.0034139463452740734,Normal
2018-03-08,0.1666669790789543,0.8265190990351463,0.006813921885899297,0.6048054207991024,0.39464437133560715,0.0005502078652902508,Low-Vol
2018-03-09,0.6579222036383505,0.33980717119363835,0.0022706251680110327,0.9352937447270485,0.06463037450725569,7.588076569579853e-05,Low-Vol
2018-03-12,0.9093322503803838,0.09006736303626749,0.0006003865833487012,0.986470024746716,0.013512936493674186,1.7038759609926634e-05,Low-Vol
2018-03-13,0.9740802247839575,0.025766557143983838,0.00015321807205866453,0.9944410504450054,0.005548282500991212,1.0667054003473646e-05,Low-Vol
2018-03-14,0.9532944069058737,0.04629511149398497,0.0004104816001412607,0.9869516728049735,0.013004988381838103,4.333881318839302e-05,Low-Vol
2018-03-15,0.8392983386539807,0.15839957883534986,0.002302082510669517,0.9756669105494963,0.02427309601990887,5.999343059477171e-05,Low-Vol
2018-03-16,0.96121848677213,0.038542101476707544,0.00023941175116252747,0.9939095350151482,0.006082005119444467,8.459865407346006e-06,Low-Vol
2018-03-19,0.9574839191441958,0.042158904757294474,0.00035717609850964294,0.9939754228207559,0.00601509536687122,9.481812372927786e-06,Low-Vol
2018-03-20,0.9730892135487683,0.02674232766876976,0.0001684587824619935,0.9960529021996871,0.003942028667270001,5.0691330429146555e-06,Low-Vol
2018-03-21,0.9766959682284745,0.023151503252383958,0.00015252851914150336,0.9956278162622866,0.004363947847264585,8.235890448875078e-06,Low-Vol
2018-03-22,0.9574778125206632,0.04216674148981486,0.0003554459895219241,0.990533944343134,0.009439841010742819,2.6214646123295465e-05,Low-Vol
2018-03-23,0.9409931047521963,0.05847988351328772,0.0005270117345158911,0.9844177502040442,0.015530814955315612,5.143484064003301e-05,Low-Vol
2018-03-26,0.9301991654567335,0.06914763627456175,0.0006531982687046912,0.976426540128022,0.023482330602620692,9.112926935735215e-05,Low-Vol
2018-03-27,0.9288738020559179,0.07061860161168289,0.0005075963323992466,0.9626554073419737,0.03721692911177254,0.0001276635462538136,Low-Vol
2018-03-28,0.9392045032254082,0.06025259467732148,0.0005429020972702624,0.9305486928403928,0.0691213940833771,0.00032991307623025576,Low-Vol
2018-03-29,0.9799428642752824,0.019943379293210318,0.00011375643150727039,0.8349377057593299,0.1644830468035267,0.0005792474371435047,Low-Vol
2018-03-30,0.02680285003385726,0.9560768576294112,0.017120292336731475,0.003223060784487589,0.9862043129132723,0.010572626302240132,Normal
2018-04-02,0.01781912718651464,0.967980792008379,0.014200080805106293,0.0018906225876308314,0.9887543265162851,0.009355050896084058,Normal
2018-04-03,1.8163832876805506e-05,0.9243424046485424,0.0756394315185808,0.00012962897684858096,0.9825043695605988,0.017366001462552686,Normal
2018-04-04,0.32214835674454717,0.6706359497488208,0.007215693506632118,0.7336980816461888,0.2655354584502167,0.0007664599035946092,Low-Vol
2018-04-05,0.7787096052689451,0.21974526649752973,0.0015451282335252842,0.8971397330274892,0.10253899910880884,0.00032126786370211626,Low-Vol
2018-04-06,0.8463705561676356,0.1523900668626403,0.0012393769697240395,0.8968430421108604,0.10275027407486816,0.00040668381427143985,Low-Vol
2018-04-09,0.4857168907926687,0.5082185286221937,0.0060645805851376345,0.8646584253403258,0.134993985164581,0.000347589495093188,Low-Vol
2018-04-10,0.7748964157940326,0.22338075214583444,0.0017228320601329673,0.9611314717295488,0.03881069816842239,5.783010202876407e-05,Low-Vol
2018-04-11,0.9257853261483356,0.07368695388044116,0.0005277199712230996,0.9888192391602026,0.011164911869165944,1.584897063138561e-05,Low-Vol
2018-04-12,0.9641781086737187,0.035569308103576246,0.00025258322270507136,0.9943133543331774,0.005677376391903706,9.269274918895902e-06,Low-Vol
2018-04-13,0.9786338985193309,0.021241375072656686,0.00012472640801252947,0.993802790329731,0.006183323127035006,1.38865432340629e-05,Low-Vol
2018-04-16,0.8491076532614749,0.14948278223741784,0.0014095645011073144,0.9779373414901036,0.022029845173634044,3.281333626227801e-05,Low-Vol
2018-04-17,0.9644866618409111,0.03529831575547401,0.0002150224036148557,0.9952415427618032,0.004753652462303533,4.8047758932730265e-06,Low-Vol
2018-04-18,0.9796082218186541,0.020269275206558347,0.00012250297478759534,0.9972243776914136,0.002772645392901272,2.97691568513071e-06,Low-Vol
2018-04-19,0.9809828582747278,0.018900979342356412,0.00011616238291574466,0.9970540393448986,0.002941877978633566,4.082676467955151e-06,Low-Vol
2018-04-20,0.9695948170583059,0.03017685929541136,0.0002283236462827826,0.9947734315376693,0.005216451358667287,1.0117103663249197e-05,Low-Vol
2018-04-23,0.9454328618035966,0.05405751712042404,0.000509621075979206,0.9922034406808886,0.007782928517310045,1.3630801801351535e-05,Low-Vol
2018-04-24,0.9765058667804275,0.023356603146790715,0.0001375300727819429,0.9957460994657764,0.004246997135628476,6.903398594998873e-06,Low-Vol
2018-04-25,0.9784784619396378,0.021384469870884402,0.00013706818947781168,0.9913606360544585,0.008614990593519282,2.4373352022249294e-05,Low-Vol
2018-04-26,0.98311461660443,0.016788194854450423,9.718854111966426e-05,0.9640648630210639,0.03581747120831954,0.00011766577061657755,Low-Vol
2018-04-27,0.8768193422894249,0.1218640093556224,0.0013166483549527002,0.7581677769622777,0.24039279764775634,0.0014394253899659326,Low-Vol
2018-04-30,0.25868279199985383,0.7330172780873869,0.008299929912759331,0.5957743242800334,0.4026263055698274,0.0015993701501390845,Low-Vol
2018-05-02,0.3387521838003215,0.6517368645829975,0.009510951616680977,0.7725772035806728,0.22668037275860542,0.000742423660721766,Low-Vol
2018-05-03,0.7398664018893888,0.2582493947979022,0.0018842033127090352,0.9333915392308237,0.06645667227377057,0.00015178849540565555,Low-Vol
2018-05-04,0.7939254250703582,0.20355811515360683,0.0025164597760348995,0.9600941434945829,0.03978647381881229,0.00011938268660488458,Low-Vol
2018-05-08,0.8782574724865411,0.12058618360466111,0.0011563439087977855,0.9821644768082197,0.01780637952047087,2.9143671309415516e-05,Low-Vol
2018-05-09,0.9655990120989122,0.034182137832234526,0.00021885006885321413,0.9949075989096671,0.0050857573330923105,6.643757240534004e-06,Low-Vol
2018-05-10,0.9644974578102762,0.03524165446933337,0.0002608877203904528,0.9953122089481007,0.0046822287444757285,5.562307423590383e-06,Low-Vol
2018-05-11,0.9811744733376074,0.01871541578192209,0.00011011088047056737,0.9974726427950293,0.0025247958273892997,2.5613775813398292e-06,Low-Vol
2018-05-14,0.9794854774183968,0.020384345103744508,0.00013017747785879538,0.9972981791406719,0.0026989825748554657,2.8382844726305927e-06,Low-Vol
2018-05-15,0.9840684210887157,0.015842126343432662,8.945256785168841e-05,0.9975925668808255,0.0024044718922610585,2.9612269134347496e-06,Low-Vol
2018-05-16,0.97433638731773,0.025481955500082438,0.00018165718218756037,0.9953177804315287,0.004672998603061327,9.220965409866058e-06,Low-Vol
2018-05-17,0.9503625882334942,0.04920334694164248,0.00043406482486334815,0.9910542312897799,0.00892482396317581,2.0944747044314217e-05,Low-Vol
2018-05-18,0.9303982171197371,0.06889711373127522,0.000704669148987583,0.9901834645974702,0.009798966984452833,1.7568418077024198e-05,Low-Vol
2018-05-21,0.9709088248068007,0.028898344317953656,0.00019283087524565762,0.9959361268219049,0.004058870314538854,5.002863556256822e-06,Low-Vol
2018-05-23,0.9766120334997499,0.023242859851285776,0.00014510664896422377,0.9964998354244742,0.0034955401941367467,4.624381389114475e-06,Low-Vol
2018-05-24,0.9682984557064623,0.031462244171843554,0.00023930012169396034,0.995317088680899,0.004675617260714417,7.294058386602474e-06,Low-Vol
2018-05-25,0.9710013153439851,0.028800426970429453,0.00019825768558525596,0.9953845234659661,0.0046080828179524205,7.393716081364135e-06,Low-Vol
2018-05-28,0.9834422510396182,0.01646510980411615,9.263915626564636e-05,0.9939435842834056,0.006041834030553636,1.4581686040973111e-05,Low-Vol
2018-05-29,0.9774609951546264,0.022400877178534746,0.00013812766683881592,0.9696151801257991,0.030284129001709157,0.00010069087249191328,Low-Vol
2018-05-30,0.9644257549416091,0.03533758328276711,0.0002366617756238464,0.8452863224739928,0.15412332954560384,0.000590347980403196,Low-Vol
2018-05-31,0.8652620789265614,0.13370529031447387,0.0010326307589646855,0.4185763799376655,0.5787916649651647,0.0026319550971697584,Normal
2018-06-01,0.2519276627104479,0.7398778868048768,0.0081944504846753,0.03388306922916304,0.9596141800687431,0.006502750702093915,Normal
2018-06-04,7.199306659471036e-05,0.9663821853210134,0.033545821612392036,0.00033964139397673314,0.9885012459504119,0.011159112655611514,Normal
2018-06-05,0.14202026169723148,0.8502016627319419,0.007778075570826524,0.5014655019250447,0.4973865664276891,0.0011479316472663079,Low-Vol
2018-06-07,0.544789046086816,0.45194026214461264,0.003270691768571352,0.8295429852937519,0.17002047034270049,0.00043654436354758795,Low-Vol
2018-06-08,0.5467174575888257,0.4488719429997909,0.0044105994113834285,0.8929665798936215,0.10681591615853879,0.00021750394783983951,Low-Vol
2018-06-11,0.8179724471520099,0.18071124733521013,0.0013163055127799925,0.9707161074806637,0.02924480723995754,3.908527937880496e-05,Low-Vol
2018-06-12,0.9536928270987044,0.04600973893824381,0.0002974339630518059,0.9918382639181548,0.008148062132899953,1.3673948945192003e-05,Low-Vol
2018-06-14,0.9461257866415425,0.05348376170334726,0.0003904516551102916,0.9909598592357808,0.009024121330365493,1.601943385372975e-05,Low-Vol
2018-06-15,0.9568591924221054,0.04279320550135034,0.0003476020765443217,0.9919423800757088,0.008039328681647053,1.8291242644206978e-05,Low-Vol
2018-06-18,0.9449774943749581,0.05451322631566327,0.0005092793093785849,0.9895445053506573,0.010428253906311264,2.7240743031475835e-05,Low-Vol
2018-06-19,0.9217626102099904,0.07761742831140678,0.0006199614786028247,0.9884125165037063,0.011569904285497099,1.7579210796569597e-05,Low-Vol
2018-06-20,0.964174357355507,0.0356083807274631,0.0002172619170299083,0.9947046470931523,0.005288762417279142,6.590489568546398e-06,Low-Vol
2018-06-21,0.9792061538466628,0.020667876373896964,0.00012596977944025583,0.9953227991563325,0.0046676852712553615,9.515572412127754e-06,Low-Vol
2018-06-22,0.9828279538229644,0.01707717610493454,9.487007210109677e-05,0.986071778338438,0.01388895271774115,3.926894382091741e-05,Low-Vol
2018-06-25,0.9852380655185308,0.014681065099530528,8.086938193868764e-05,0.9159369860839005,0.08379607509974987,0.0002669388163496246,Low-Vol
2018-06-26,0.6652096384657786,0.3318211978539934,0.002969163680227915,0.34132535922823093,0.6553185400301118,0.003356100741657251,Normal
2018-06-27,0.7076998011151081,0.28954317536951024,0.002757023515381747,0.2199514494830602,0.7757081016758147,0.004340448841125011,Normal
2018-06-28,0.18355005418628453,0.8069905661303305,0.00945937968338491,0.02616062528836742,0.9671945068714696,0.0066448678401631045,Normal
2018-06-29,0.03128909813346783,0.9573231156167984,0.011387786249733843,0.005281664841447339,0.9879085961197097,0.006809739038843111,Normal
2018-07-02,0.07808285034174836,0.9131425531042154,0.008774596554036207,0.008696363394005816,0.9852261612678266,0.006077475338167699,Normal
2018-07-03,3.2416180649302615e-05,0.9656419366550255,0.03432564716432508,6.86013219158564e-05,0.9835864042805577,0.016344994397526427,Normal
2018-07-04,0.1618383379375476,0.8298209898265797,0.008340672235872655,0.2184505528777337,0.7776370167399809,0.003912430382285391,Normal
2018-07-05,0.6283203004253719,0.36895937125786,0.0027203283167681024,0.32182500958960414,0.6753520089639344,0.0028229814464613826,Normal
2018-07-06,0.5881632310790569,0.4083402066392638,0.0034965622816793655,0.21912849197832673,0.7771265536951546,0.0037449543265187526,Normal
2018-07-09,0.018984795740611356,0.96672839577766,0.014286808481728523,0.11312550208698206,0.8839096671778953,0.00296483073512265,Normal
2018-07-10,0.45156129129362066,0.5447834721859326,0.00365523652044682,0.7488233468957814,0.25052835505949006,0.000648298044728678,Low-Vol
2018-07-11,0.6298403934845468,0.3664012218837224,0.0037583846317308838,0.8342382711815924,0.16505753878510812,0.0007041900332995712,Low-Vol
2018-07-12,0.5367947904295532,0.45827826992323284,0.004926939647214054,0.8668342637613642,0.13277500363741865,0.0003907326012171088,Low-Vol
2018-07-13,0.6832039453348313,0.31439283048684813,0.0024032241783204533,0.9421130113156586,0.057809866656466966,7.712202787452564e-05,Low-Vol
2018-07-16,0.9212610168203199,0.07821380641639708,0.0005251767632830358,0.9878463656711685,0.01213696218058274,1.6672148248750944e-05,Low-Vol
2018-07-17,0.953025538396618,0.046678487643557455,0.00029597395982457615,0.9936165774902886,0.006376655742807496,6.766766903803729e-06,Low-Vol
2018-07-18,0.9759552848672182,0.02389630901430806,0.0001484061184738816,0.9969031515718942,0.0030938875867596734,2.960841345960174e-06,Low-Vol
2018-07-19,0.9842042252073135,0.01570828020940851,8.749458327795585e-05,0.9979450541781052,0.0020531047724612226,1.8410494335945194e-06,Low-Vol
2018-07-20,0.9840713126238556,0.015838284599961124,9.040277618325437e-05,0.9978224185463497,0.0021753353058783405,2.2461477720486193e-06,Low-Vol
2018-07-23,0.9826968760765252,0.01720101903977938,0.00010210488369540117,0.9970323623730564,0.0029630956067366147,4.542020207025805e-06,Low-Vol
2018-07-24,0.9526013668864485,0.04705437556876592,0.00034425754478564335,0.9928246490129635,0.007164416250201855,1.0934736834666136e-05,Low-Vol
2018-07-25,0.9622845431101879,0.03742629678759338,0.0002891601022188807,0.9945881973893095,0.005403744274632165,8.05833605846733e-06,Low-Vol
2018-07-26,0.9820725161663905,0.01782560286798705,0.00010188096562250839,0.9958671413173964,0.004124843080207136,8.015602396407381e-06,Low-Vol
2018-07-27,0.9096915380134643,0.08922286508895524,0.0010855968975804335,0.9856635219781525,0.014299239027782133,3.7238994065392615e-05,Low-Vol
2018-07-30,0.9665444721347123,0.03322809251879819,0.00022743534648939694,0.9925304528671202,0.007452911405128603,1.6635727751274573e-05,Low-Vol
2018-07-31,0.9070849908343332,0.09225442254817365,0.0006605866174931326,0.9851378072563685,0.014839508407758837,2.268433587274681e-05,Low-Vol
2018-08-01,0.9532288279446913,0.046465017307012475,0.00030615474829625184,0.9923693911386888,0.007618786022249715,1.1822839061410766e-05,Low-Vol
2018-08-02,0.9692935714892604,0.030515191605617144,0.00019123690512250994,0.9928743812774515,0.007110443557145956,1.5175165402405708e-05,Low-Vol
2018-08-03,0.9814338715005931,0.018457563837011946,0.00010856466239493929,0.9842254523112087,0.015727073463029862,4.747422576134473e-05,Low-Vol
2018-08-06,0.9824766311400991,0.01742055130280904,0.00010281755709186861,0.9103591338542701,0.08933601573929485,0.0003048504064350104,Low-Vol
2018-08-07,0.1879534579964105,0.8020542122175612,0.00999232978602829,0.3968571623496321,0.5999829767506899,0.0031598608996780703,Normal
2018-08-08,0.27408274345673134,0.7199746652177613,0.005942591325507358,0.5698523203617744,0.4287778598942579,0.0013698197439678175,Low-Vol
2018-08-09,0.27167033239275573,0.7178886687133522,0.010440998893892063,0.722343368922858,0.27682820697971294,0.0008284240974290996,Low-Vol
2018-08-10,0.6442538353346714,0.35282693695918305,0.002919227706145615,0.93075752795407,0.06913881229524724,0.00010365975068273154,Low-Vol
2018-08-13,0.9071543654691746,0.09222418835597265,0.0006214461748526739,0.9847122538521494,0.015264621151571357,2.3124996279215994e-05,Low-Vol
2018-08-14,0.9596701149621152,0.04003679931863005,0.00029308571925481375,0.9914826387616714,0.008497669155502352,1.9692082826194722e-05,Low-Vol
2018-08-16,0.9680667765497009,0.031701735142922904,0.00023148830737634672,0.9862454841053722,0.01370835192631142,4.616396831638886e-05,Low-Vol
2018-08-17,0.8256690310456698,0.17132727617004825,0.0030036927842819216,0.9574882600533319,0.042270997618230666,0.00024074232843749026,Low-Vol
2018-08-20,0.9460626290686392,0.05356176080238437,0.000375610128976354,0.9691276227137923,0.03076514197896215,0.00010723530724563268,Low-Vol
2018-08-21,0.7643856150082637,0.23134606822993511,0.004268316761801063,0.9295125002315024,0.07002050807761086,0.0004669916908867339,Low-Vol
2018-08-22,0.737049218769879,0.2589182592756458,0.004032521954474976,0.9469078975739478,0.052896079352997685,0.00019602307305448702,Low-Vol
2018-08-23,0.870590806485519,0.12821371466085874,0.0011954788536222356,0.9788670708647907,0.021091898517872503,4.103061733674322e-05,Low-Vol
2018-08-24,0.9388845725202143,0.060720208400303136,0.00039521907948246514,0.9911678430135005,0.008821416553555539,1.0740432943947298e-05,Low-Vol
2018-08-27,0.9755072472057905,0.024344820968156867,0.00014793182605252913,0.9954817673670207,0.00451052645391914,7.706179060309012e-06,Low-Vol
2018-08-28,0.9822468954405775,0.017649722930421625,0.00010338162900084644,0.9908742151776606,0.009100612582071864,2.5172240267661926e-05,Low-Vol
2018-08-29,0.9809151988604711,0.018967098476561344,0.00011770266296752549,0.9514380779733624,0.04839253129532298,0.0001693907313146094,Low-Vol
2018-08-30,0.9560375958490118,0.04365223769447405,0.0003101664565141597,0.7032299141423357,0.29536350657750493,0.0014065792801594057,Low-Vol
2018-08-31,0.05966982555874965,0.9083254222809585,0.03200475216029194,0.03868455230768617,0.9428902206706977,0.01842522702161597,Normal
2018-09-03,0.48430279930774056,0.5113865835362063,0.004310617156053275,0.08797340383510453,0.9056722198018855,0.006354376363010105,Normal
2018-09-04,6.060432520373405e-08,0.920936072692026,0.07906386670364884,1.547364195230416e-08,0.9514347225520393,0.048565261974318576,Normal
2018-09-05,0.06843104960172684,0.9140840560528396,0.01748489434543354,0.015500157345818475,0.9712635537614526,0.013236288892728956,Normal
2018-09-06,0.17561006352854142,0.8161357749151067,0.008254161556351874,0.02016149415624472,0.9489854571358356,0.030853048707919686,Normal
2018-09-07,5.3352936776741453e-17,0.4335424218143073,0.5664575781856925,6.932350957727235e-18,0.5465543984741237,0.4534456015258763,Normal
2018-09-10,2.871296238797757e-05,0.8710141474318268,0.12895713960578534,1.2506717838871034e-05,0.924462786326467,0.07552470695569412,Normal
2018-09-11,0.005771395249243256,0.9725029875549076,0.021725617195849093,0.0323051151550346,0.9618635879138083,0.0058312969311570826,Normal
2018-09-12,0.22619741347427297,0.7666078552550791,0.0071947312706479045,0.6322499200431945,0.3668434043623353,0.0009066755944700242,Low-Vol
2018-09-13,0.6120859606178601,0.38473234896187364,0.0031816904202662554,0.8643599527477757,0.13523391810063348,0.00040612915159087904,Low-Vol
2018-09-14,0.73430663827588,0.262868478020262,0.0028248837038580012,0.9112889015624551,0.088348404248618,0.0003626941889269631,Low-Vol
2018-09-17,0.8567972546626077,0.14178885553251738,0.0014138898048749926,0.9316689542533644,0.06802232393738669,0.00030872180924893883,Low-Vol
2018-09-18,0.9637639389476034,0.03600806783377053,0.00022799321862608174,0.9161068439701876,0.08358684279883687,0.00030631323097560925,Low-Vol
2018-09-19,0.9571895408058265,0.04245464522510369,0.00035581396906978136,0.6965726468006028,0.30117189848385695,0.0022554547155403505,Low-Vol
2018-09-20,0.007172471185828777,0.9068884655030928,0.08593906331107846,0.0007881130763547008,0.9450329710870233,0.05417891583662184,Normal
2018-09-21,0.0008020142705094779,0.974162103430657,0.02503588229883352,0.00028735588683999184,0.985242924417686,0.014469719695474068,Normal
2018-09-27,0.21705057032619196,0.774206563855776,0.008742865818032016,0.02801846311418438,0.9651114879111337,0.006870048974681872,Normal
2018-09-28,0.002444649837498546,0.9802068859668399,0.017348464195661495,0.00025207410660589336,0.985326098142782,0.014421827750612045,Normal
2018-10-01,2.0397028218574754e-08,0.9195716845679941,0.08042829503497764,2.2253888937185045e-09,0.9493764189804592,0.050623578794151934,Normal
2018-10-02,0.0003372451481078554,0.9724410071455678,0.027221747706324368,0.00029524396390403503,0.9844478926914955,0.015256863344600592,Normal
2018-10-04,0.04508258503633583,0.93658574522231,0.018331669741354313,0.08452895951854032,0.9069694623575913,0.008501578123868246,Normal
2018-10-05,0.3408632864122204,0.6526284005007823,0.006508313086997322,0.26762098937386414,0.7283460469422512,0.004032963683884709,Normal
2018-10-08,0.14144685740161392,0.8455912210142179,0.012961921584168005,0.2801505125367262,0.7148119566613228,0.005037530801951154,Normal
2018-10-10,0.3143730510595767,0.6771982617091833,0.008428687231239924,0.4506149328318852,0.546062499470541,0.0033225676975738336,Normal
2018-10-11,0.20395294536272982,0.783090658374955,0.0129563962623152,0.532002161521923,0.46539345594660947,0.002604382531467518,Low-Vol
2018-10-12,0.322081250704455,0.6707020634876876,0.007216685807857375,0.7493905097554313,0.24996196563771864,0.0006475246068502022,Low-Vol
2018-10-15,0.699542963987721,0.2983994707650725,0.0020575652472064657,0.9176942143660131,0.08212431239869249,0.00018147323529452982,Low-Vol
2018-10-16,0.9110417209140337,0.08839123356596232,0.0005670455200039444,0.9511733766138092,0.048675674688779966,0.00015094869741072892,Low-Vol
2018-10-17,0.8627324788521071,0.13581252408528272,0.001454997062610082,0.9196771428661785,0.0799009715051152,0.0004218856287063453,Low-Vol
2018-10-18,0.8079623667148447,0.18950353863492703,0.0025340946502283167,0.8927421841553697,0.10656904321033618,0.0006887726342942091,Low-Vol
2018-10-19,0.8153048519039459,0.18233351281041393,0.002361635285640144,0.8779812631836562,0.12124451373685602,0.0007742230794877342,Low-Vol
2018-10-22,0.6620913998341879,0.334379046658104,0.003529553507708199,0.8522658378448243,0.14707833848131915,0.000655823673856572,Low-Vol
2018-10-23,0.8159933908238493,0.18237557621598602,0.001631032960164728,0.8783451801086966,0.12112226213441869,0.0005325577568847629,Low-Vol
2018-10-24,0.8971715178781515,0.10206851798233785,0.0007599641395105435,0.8526442235167491,0.14675057805956762,0.0006051984236834686,Low-Vol
2018-10-25,0.8494806407911452,0.14894267188356367,0.0015766873252912295,0.7373134389799163,0.2611437125294196,0.0015428484906642166,Low-Vol
2018-10-26,0.9358192737131485,0.06373313593406972,0.00044759035278172385,0.6021640211393369,0.3957716272995017,0.002064351561161559,Low-Vol
2018-10-29,0.014000568518147677,0.9339336421176196,0.05206578936423269,0.005375872463037087,0.9639315569197836,0.03069257061717924,Normal
2018-10-30,0.24945492308205042,0.7416495383325235,0.008895538585426124,0.03315059317817474,0.9588497876130925,0.007999619208732735,Normal
2018-10-31,3.691173784650272e-06,0.9569091525243527,0.0430871563018627,4.2117716201181097e-07,0.9740978865864646,0.025901692236373345,Normal
2018-11-01,0.00957117526892479,0.9762884090810929,0.014140415649982219,0.0010013510566648336,0.9900465515477421,0.008952097395592972,Normal
2018-11-02,6.30240649132461e-06,0.9574757677463066,0.04251792984720198,3.201939439639796e-05,0.9863185818733816,0.013649398732221898,Normal
2018-11-05,0.42953176193119647,0.566133138401975,0.004335099666828536,0.5360138410712424,0.4622255228574027,0.0017606360713549555,Low-Vol
2018-11-06,0.47708038359348554,0.5182499005825888,0.004669715823925766,0.5795525782953547,0.41859809078286053,0.0018493309217847422,Low-Vol
2018-11-07,0.1807854863600623,0.8080948223013308,0.011119691338606984,0.611865603103164,0.3870852064042632,0.0010491904925728833,Low-Vol
2018-11-08,0.5837950736464931,0.4127670641107466,0.0034378622427603763,0.9123096810175269,0.08755815319269376,0.00013216578977948512,Low-Vol
2018-11-09,0.8768692142647743,0.12228039149391984,0.0008503942413059757,0.9812643447673414,0.018711721033931344,2.393419872711614e-05,Low-Vol
2018-11-12,0.9540672532835838,0.04562494945548624,0.000307797260930049,0.9937372750451422,0.0062555810604482676,7.143894409572423e-06,Low-Vol
2018-11-13,0.977147380309707,0.02272094297402895,0.00013167671626398647,0.9968339181622061,0.0031627189851655382,3.362852628517655e-06,Low-Vol
2018-11-14,0.979131284842502,0.020744592311755013,0.00012412284574300558,0.996729753850974,0.0032657883612153284,4.457787810827521e-06,Low-Vol
2018-11-15,0.9598172956000138,0.039858433478186885,0.00032427092179910025,0.9945034459966571,0.005488830026597568,7.723976745404434e-06,Low-Vol
2018-11-16,0.9759718041445868,0.023884802207868455,0.00014339364754474841,0.9967784869374732,0.0032182254438222753,3.2876187044473145e-06,Low-Vol
2018-11-19,0.9801691615778498,0.019715478412376156,0.00011536000977407595,0.9972797944968578,0.002717328778349302,2.876724792890137e-06,Low-Vol
2018-11-20,0.9829144974105414,0.016989663036865943,9.58395525926812e-05,0.9969324933058833,0.0030627803183323936,4.726375784278962e-06,Low-Vol
2018-11-21,0.9674643382678462,0.03233564255162797,0.00020001918052592823,0.9918739276791372,0.008108255558550936,1.7816762311724928e-05,Low-Vol
2018-11-22,0.9351015448108989,0.0644610370373197,0.00043741815178134825,0.9816700046508066,0.0182828069792128,4.718836998070321e-05,Low-Vol
2018-11-23,0.8803737833428008,0.11817110354651497,0.0014551131106842659,0.9727466095593441,0.027147068347789807,0.00010632209286598286,Low-Vol
2018-11-26,0.9723279640392751,0.02751075016506978,0.00016128579565508893,0.9772374897361136,0.022694138741983366,6.837152190310928e-05,Low-Vol
2018-11-27,0.8811987811748515,0.11789906081455916,0.0009021580105892477,0.9077968074046928,0.09184024045074464,0.0003629521445625761,Low-Vol
2018-11-28,0.9516624814392869,0.04802855949029567,0.0003089590704175305,0.8593342828470313,0.13986557725624826,0.0008001398967204861,Low-Vol
2018-11-29,0.9408073719989133,0.05866114925504943,0.0005314787460372903,0.5852795241668743,0.391273818054954,0.023446657778171738,Low-Vol
2018-11-30,7.475622571208857e-76,1.662927378577458e-08,0.9999999833707263,2.3193434679901328e-76,2.873278635473407e-08,0.9999999712672136,High-Vol
2018-12-03,0.013109887327966504,0.8882923672989252,0.09859774537310835,0.0014190512237977195,0.9334125780047928,0.06516837077140941,Normal
2018-12-04,9.635953698630872e-05,0.9640432682639855,0.03586037219902826,1.3781655739227567e-05,0.9783651702247843,0.02162104811947655,Normal
2018-12-05,0.02799536175919101,0.9591650884390005,0.012839549801808505,0.0041825883904821285,0.9861757937729481,0.00964161783656978,Normal
2018-12-06,0.0025780841810174333,0.9274141885858813,0.07000772723310121,0.00595153127573084,0.9613204477747034,0.03272802094956573,Normal
2018-12-07,0.04577499768416836,0.9407948921706096,0.013430110145222007,0.23620729388067552,0.7612677084112005,0.0025249977081239472,Normal
2018-12-10,0.2999694835098582,0.6938839072788674,0.006146609211274431,0.7710200150346229,0.22865821398546254,0.0003217709799146523,Low-Vol
2018-12-11,0.8030248858451076,0.1957414135284388,0.0012337006264536213,0.9670029780829454,0.032957025574275656,3.9996342778880165e-05,Low-Vol
2018-12-12,0.9353338917773211,0.06421931567660907,0.00044679254606985736,0.9901253420354039,0.009860566481320766,1.4091483275481797e-05,Low-Vol
2018-12-13,0.956387000405825,0.04333644016233533,0.0002765594318396905,0.9940985552971926,0.005895164555905408,6.280146902046705e-06,Low-Vol
2018-12-14,0.9770628677540731,0.02279661838701569,0.0001405138589110766,0.9969997404847706,0.0029972863140254346,2.973201203950758e-06,Low-Vol
2018-12-17,0.9842561320309899,0.015656418550419014,8.744941859117309e-05,0.9976958621349792,0.002301482905835397,2.6549591852402186e-06,Low-Vol
2018-12-18,0.9790084918186658,0.020866886369687896,0.00012462181164619714,0.9958891236662897,0.004103541418978668,7.334914731684182e-06,Low-Vol
2018-12-19,0.9532335754964465,0.046349947532312925,0.0004164769712406301,0.9896576111280344,0.010312224323091541,3.0164548874020915e-05,Low-Vol
2018-12-20,0.9567498621566659,0.04296625843860868,0.00028387940472542674,0.9842618292320634,0.015693575585115905,4.45951828206745e-05,Low-Vol
2018-12-21,0.9344521389109686,0.0649557818478187,0.0005920792412127459,0.9639925550785141,0.03584926142255625,0.0001581834989297441,Low-Vol
2018-12-24,0.9277677145582568,0.07154093321982498,0.000691352221918287,0.9284980741475335,0.07113902510054737,0.00036290075191926886,Low-Vol
2018-12-26,0.9509527979729987,0.048655248738071595,0.00039195328892975117,0.850320519105262,0.14899615870985985,0.0006833221848782761,Low-Vol
2018-12-27,0.6182538349371774,0.37823235174274517,0.0035138133200773363,0.5599588626445346,0.4378623682662648,0.0021787690892004874,Low-Vol
2018-12-28,0.9147167302862529,0.08474437230548242,0.0005388974082646238,0.5252237408755099,0.472847975014123,0.0019282841103672459,Low-Vol
2018-12-31,0.0015812421697751452,0.9750990650858147,0.023319692744410137,0.00016680607690572666,0.984941694338259,0.01489149958483544,Normal
2019-01-02,0.0016641716545867592,0.9732629942559972,0.025072834089416077,0.00017355731980378756,0.9839844389290643,0.015842003751131956,Normal
2019-01-03,7.457135572035367e-06,0.961585869231887,0.03840667363254096,2.8327069852596138e-05,0.9853660612593259,0.01460561167082158,Normal
2019-01-04,0.08556757543642018,0.9053960896593449,0.009036334904234902,0.3994902635108139,0.599329299548797,0.0011804369403891567,Normal
2019-01-07,0.4543147342395666,0.5415779900519992,0.00410727570843419,0.865397503390691,0.13443390309281492,0.00016859351649401203,Low-Vol
2019-01-08,0.8569999044685821,0.142067672203699,0.0009324233277189199,0.9777675919805461,0.022205425555745135,2.698246370884964e-05,Low-Vol
2019-01-09,0.9609577662800982,0.03881014485557605,0.00023208886432560648,0.9930145367761065,0.006974398306786583,1.1064917106776905e-05,Low-Vol
2019-01-10,0.9354476924861724,0.06401360663598302,0.0005387008778445678,0.990898915608574,0.009087570107896261,1.3514283529831969e-05,Low-Vol
2019-01-11,0.9763406776979959,0.023517280621627987,0.0001420416803761133,0.9959989034384602,0.003995029405197202,6.067156342532984e-06,Low-Vol
2019-01-14,0.946409749656768,0.05319639659170249,0.0003938537515294264,0.9928571641760436,0.007134511210539261,8.324613417175885e-06,Low-Vol
2019-01-15,0.9795456475669791,0.02033818214262322,0.00011617029039762852,0.9972673811546793,0.002729971341247348,2.647504073360076e-06,Low-Vol
2019-01-16,0.9798459150427783,0.02003821211225318,0.00011587284496839552,0.9973683286380148,0.0026292212474645664,2.4501145205211165e-06,Low-Vol
2019-01-17,0.9850657815534614,0.014852631263854839,8.15871826837685e-05,0.9977409665354815,0.0022563219482869268,2.7115162314821357e-06,Low-Vol
2019-01-18,0.975695617222539,0.024138677914422427,0.00016570486303863876,0.9953258490250797,0.004664823454201653,9.327520718713058e-06,Low-Vol
2019-01-21,0.9325342322994205,0.06678099856952978,0.0006847691310498617,0.9898755094367899,0.010103796234428314,2.0694328781792338e-05,Low-Vol
2019-01-22,0.9640535812033335,0.03570396883095216,0.00024244996571423796,0.9944347147947168,0.005556948156381275,8.33704890188815e-06,Low-Vol
2019-01-23,0.9772033870943615,0.022662147022123706,0.00013446588351485577,0.9943447071011459,0.0056434739417771445,1.181895707702521e-05,Low-Vol
2019-01-24,0.9054006291251567,0.09390330311496682,0.0006960677598764155,0.9829865550940358,0.0169813755833264,3.206932263783222e-05,Low-Vol
2019-01-25,0.9601153245134877,0.03960276369317127,0.0002819117933410788,0.9885094159306069,0.011458818217787582,3.176585160539753e-05,Low-Vol
2019-01-28,0.9497510055805659,0.049796414317577885,0.00045258010185626106,0.975417553846535,0.02447911093360756,0.00010333521985741111,Low-Vol
2019-01-29,0.9536805796933473,0.04602168762187909,0.00029773268477362126,0.9434885178039859,0.056315554159374184,0.00019592803664004608,Low-Vol
2019-01-30,0.980403541441574,0.01948446536953958,0.00011199318888639262,0.8372659055681072,0.1620298449021941,0.0007042495296985781,Low-Vol
2019-01-31,0.00028158268219685207,0.9449057626064742,0.054812654711329026,4.076341518313129e-05,0.968096839657549,0.03186239692726796,Normal
2019-02-01,0.0006056507023784791,0.9773365671508208,0.022057782146800542,0.004189795835164859,0.9911140495160027,0.004696154648832406,Normal
2019-02-07,0.3011710544546699,0.6924237941795236,0.006405151365806633,0.7519721308459087,0.24756515194547504,0.0004627172086161102,Low-Vol
2019-02-08,0.750156234306316,0.24806489836353618,0.0017788673301479196,0.9404754402941651,0.0593996987622218,0.00012486094361308022,Low-Vol
2019-02-11,0.799561896805031,0.1982585313657176,0.0021795718292514786,0.9668025125377216,0.033128981159571406,6.850630270687209e-05,Low-Vol
2019-02-12,0.9354399995582778,0.0641007335278781,0.0004592669138440723,0.9905492609353821,0.009437841711821847,1.289735279595823e-05,Low-Vol
2019-02-13,0.9706839990696705,0.029130300620390515,0.0001857003099390119,0.9951343051670544,0.004858101305591363,7.593527354248181e-06,Low-Vol
2019-02-14,0.9576559536046575,0.04204581028298553,0.00029823611235700587,0.9930457179888675,0.006942551738333372,1.1730272798971722e-05,Low-Vol
2019-02-15,0.9531522119857656,0.0464841164818177,0.0003636715324166505,0.992840660274829,0.00714746501149706,1.1874713674133223e-05,Low-Vol
2019-02-18,0.963481912596889,0.0362606186027678,0.00025746880034316106,0.9943771349435133,0.00561420026436343,8.664792123254536e-06,Low-Vol
2019-02-19,0.9600057750142899,0.03973492169262623,0.0002593032930839747,0.9944427902747998,0.005550741887649397,6.46783755077732e-06,Low-Vol
2019-02-20,0.9740070986115577,0.025841132829762574,0.0001517685586798375,0.9964987774440714,0.003497706099225749,3.5164567026339355e-06,Low-Vol
2019-02-21,0.9785313976719311,0.021338424483852574,0.0001301778442164168,0.9971879270091495,0.0028092985685351166,2.7744223154077547e-06,Low-Vol
2019-02-22,0.9829689379746209,0.01693273842444659,9.832360093233234e-05,0.9976803513813127,0.0023172436384545293,2.4049802327764786e-06,Low-Vol
2019-02-25,0.9796146268270653,0.020262667969036603,0.0001227052038980374,0.9970799090470611,0.0029166041135769883,3.4868393619433675e-06,Low-Vol
2019-02-26,0.9819566176390061,0.017942104176343215,0.00010127818465064399,0.9961754218450736,0.003817671108026592,6.907046899814067e-06,Low-Vol
2019-02-27,0.9826504971716531,0.01725084678358219,9.865604476457952e-05,0.9879013101784297,0.012064178661867653,3.451115970239074e-05,Low-Vol
2019-02-28,0.8989156985225543,0.10035778802611346,0.0007265134513322574,0.9295167094364934,0.07023311373749867,0.00025017682600798224,Low-Vol
2019-03-04,0.542517956467402,0.45231695787149123,0.005165085661106871,0.8855272028087169,0.1141744314384059,0.00029836575287723807,Low-Vol
2019-03-05,0.7959963693764306,0.20213692647061957,0.0018667041529498427,0.9629822899576342,0.036942642281720735,7.506776064490285e-05,Low-Vol
2019-03-06,0.910835638932864,0.08856231915990401,0.0006020419072320518,0.9859395405791561,0.014040368286691819,2.0091134152125164e-05,Low-Vol
2019-03-07,0.971892960977767,0.027937541586120006,0.00016949743611297053,0.992861254875982,0.007123298749826106,1.5446374191988333e-05,Low-Vol
2019-03-08,0.8783099520708589,0.12038647421102022,0.001303573718120872,0.9816192296595702,0.018344346139541605,3.64242008882551e-05,Low-Vol
2019-03-11,0.9652334664704525,0.03455180773801664,0.00021472579153079338,0.9938851477704128,0.006104854030504749,9.998199082447235e-06,Low-Vol
2019-03-12,0.9639529837459563,0.03579095563875672,0.000256060615287138,0.99150624961982,0.008472941184346907,2.0809195833112415e-05,Low-Vol
2019-03-13,0.9411506083707565,0.05838000908198721,0.00046938254725638123,0.983205128159618,0.01674388270684155,5.09891335402316e-05,Low-Vol
2019-03-14,0.9018239883186655,0.09746447812143576,0.000711533559898877,0.9730758196996457,0.026852745275016097,7.14350253382066e-05,Low-Vol
2019-03-15,0.8844582646013897,0.1146495300920985,0.0008922053065118431,0.9699025764413474,0.03001579949681945,8.16240618331594e-05,Low-Vol
2019-03-18,0.8900380766886362,0.10918352044406189,0.000778402867301947,0.9707238112314654,0.02920173858989214,7.445017864240357e-05,Low-Vol
2019-03-19,0.950511822029818,0.04916741345098936,0.0003207645191925219,0.9701427784452821,0.029761078523194165,9.614303152380783e-05,Low-Vol
2019-03-20,0.9462905104952842,0.05322399798752378,0.00048549151719202136,0.9266921379087768,0.07292548800328305,0.0003823740879401355,Low-Vol
2019-03-21,0.7466494097938394,0.24852406004927075,0.004826530156889754,0.8073943106397419,0.19071698315154012,0.0018887062087181183,Low-Vol
2019-03-22,0.8453873091864222,0.1529907598166422,0.001621930996935522,0.7849946465165354,0.2137613417161808,0.001244011767283771,Low-Vol
2019-03-25,0.925509699476719,0.07385526925550755,0.0006350312677734745,0.6844820899010603,0.31387725583330917,0.0016406542656304812,Low-Vol
2019-03-26,0.6999688143133974,0.29496655287785234,0.005064632808750227,0.28538256473416584,0.7073076522211378,0.007309783044696215,Normal
2019-03-27,0.299022568339853,0.6886516153588832,0.012325816301263942,0.11923807058399903,0.871850997119646,0.00891093229635496,Normal
2019-03-28,0.5190049921770707,0.47604555594262304,0.0049494518803062885,0.101929908668772,0.8924507768233364,0.005619314507891564,Normal
2019-03-29,0.016462928266901142,0.9674124755883039,0.01612459614479498,0.00198100254648342,0.9880912367074638,0.00992776074605278,Normal
2019-04-01,0.0018415311657766185,0.9791648671564062,0.018993601677817332,0.0019028474342024702,0.9880434935278943,0.010053659037903007,Normal
2019-04-02,0.2972409390128204,0.6968171997533275,0.005941861233852101,0.10389413342407992,0.8918412750201006,0.004264591555819612,Normal
2019-04-03,0.014621203455960213,0.9710393852813826,0.014339411262657264,0.08247370103224591,0.9140858560429203,0.003440442924833806,Normal
2019-04-04,0.454032023052556,0.5424004804569373,0.0035674964905067115,0.686068874622568,0.3130449319472686,0.0008861934301633166,Low-Vol
2019-04-05,0.32319209766888274,0.6700515088467147,0.006756393484402686,0.754969099032603,0.24446069992088335,0.0005702010465136132,Low-Vol
2019-04-08,0.619049421245848,0.3776710900254677,0.003279488728684213,0.9241369651271811,0.07574627982620814,0.0001167550466107179,Low-Vol
2019-04-09,0.907704515376972,0.09172326439694863,0.0005722202260793028,0.9842225350475565,0.015754205530534762,2.32594219086665e-05,Low-Vol
2019-04-10,0.9492059193267747,0.050473008625924506,0.00032107204730076383,0.9903077664096905,0.009674938788946855,1.729480136253288e-05,Low-Vol
2019-04-11,0.9257748725523828,0.07371650501310455,0.0005086224345126626,0.9885725757667505,0.011411206771829835,1.6217461419674066e-05,Low-Vol
2019-04-12,0.9640675437570633,0.03571441029785022,0.0002180459450864209,0.9937459301150057,0.006244150660715435,9.91922427881887e-06,Low-Vol
2019-04-15,0.9639511416064244,0.0357780878345416,0.0002707705590339866,0.9917098940957839,0.008268932446794983,2.1173457421037515e-05,Low-Vol
2019-04-16,0.9706270297150615,0.029173684339079648,0.00019928594585885137,0.9839773983002191,0.015970552365392826,5.2049334387925365e-05,Low-Vol
2019-04-17,0.8549094129824409,0.14394699056546414,0.001143596452094952,0.9431096915821708,0.05669697139494156,0.0001933370228877408,Low-Vol
2019-04-18,0.7580049571396444,0.2388726748735555,0.003122367986799922,0.9360687586395253,0.06366201442061098,0.0002692269398637263,Low-Vol
2019-04-19,0.7712982130085658,0.2268011151914731,0.0019006717999610013,0.9581850845717876,0.04174028267599541,7.46327522170057e-05,Low-Vol
2019-04-22,0.90064571980508,0.09852365236578925,0.0008306278291308065,0.9855703486681818,0.014408326625364351,2.132470645376134e-05,Low-Vol
2019-04-23,0.971007151658091,0.028820911687944165,0.00017193665396481584,0.9951471101938081,0.004845721408029875,7.1683981620372675e-06,Low-Vol
2019-04-24,0.9590634140772099,0.04066458887075069,0.0002719970520394663,0.9928787992533522,0.00710888420438068,1.2316542267114862e-05,Low-Vol
2019-04-25,0.9676566608957851,0.032110359149986265,0.0002329799542285918,0.9915085546325937,0.008468873019017484,2.2572348388772028e-05,Low-Vol
2019-04-26,0.9835071945388165,0.01640142365391383,9.138180726970148e-05,0.979954589052549,0.01998608953957078,5.932140788031714e-05,Low-Vol
2019-04-29,0.9832283611118091,0.01667454146689752,9.709742129338736e-05,0.8680126934931937,0.13153060411329817,0.00045670239350803027,Low-Vol
2019-04-30,0.0290006857592776,0.954645104451809,0.016354209788913474,0.07050904186433453,0.9225880973723091,0.006902860763356438,Normal
2019-05-02,0.06516565618885448,0.9232596609599478,0.011574682851197686,0.3182501095578861,0.6798814942776673,0.0018683961644466076,Normal
2019-05-03,0.3728273202220568,0.6223899104239548,0.004782769353988457,0.8149313838852968,0.1848111643617414,0.00025745175296162053,Low-Vol
2019-05-07,0.7670983026186042,0.23130951667662675,0.001592180704769111,0.9632259054323905,0.03673535246913518,3.874209847439134e-05,Low-Vol
2019-05-08,0.953649687531078,0.046075919134306115,0.0002743933346157752,0.9937942931525531,0.006199739995000456,5.96685244651637e-06,Low-Vol
2019-05-09,0.9790340568296552,0.020841801182126377,0.00012414198821846914,0.9972069176277127,0.002790278426502576,2.803945784630104e-06,Low-Vol
2019-05-10,0.9810940016192141,0.01879660609129587,0.00010939228949011862,0.9974079931232263,0.0025892813983947236,2.725478378937332e-06,Low-Vol
2019-05-13,0.98175971096325,0.018138790599379513,0.00010149843737042419,0.9969513806905038,0.0030443497505832874,4.2695589127881665e-06,Low-Vol
2019-05-14,0.9668389006915868,0.032957683139827554,0.0002034161685854474,0.9933200313878198,0.006667579343466604,1.2389268713764635e-05,Low-Vol
2019-05-15,0.935820626521233,0.06374853032290642,0.0004308431558605728,0.9881246139573382,0.01185375765953019,2.1628383131618584e-05,Low-Vol
2019-05-16,0.9251457866867451,0.07412763580450249,0.0007265775087525054,0.9888096939647792,0.011168863906012336,2.1442129208378513e-05,Low-Vol
2019-05-17,0.9686758312410928,0.03113496106870074,0.0001892076902065224,0.9944564751582565,0.00553459548937098,8.929352372579544e-06,Low-Vol
2019-05-20,0.9595449682196668,0.040180266659687026,0.00027476512064603033,0.9915134771835891,0.008468666913500438,1.785590291054757e-05,Low-Vol
2019-05-21,0.9028947517859262,0.09637821177481151,0.0007270364392623606,0.9864427496286653,0.013540905228685559,1.6345142649205335e-05,Low-Vol
2019-05-22,0.9728784278176581,0.026962797308327575,0.0001587748740143857,0.9962624277543634,0.003733619326909426,3.952918727288845e-06,Low-Vol
2019-05-23,0.9770487444348557,0.022810102649452508,0.00014115291569182217,0.9967774369359588,0.003218807531545639,3.7555324956948755e-06,Low-Vol
2019-05-24,0.9765095478287906,0.02334369154298664,0.0001467606282227514,0.9964888553130928,0.0035064864326862207,4.658254221013973e-06,Low-Vol
2019-05-27,0.9717830958015187,0.028048902771434018,0.0001680014270472506,0.9953376104871586,0.004655536545423231,6.852967418196208e-06,Low-Vol
2019-05-28,0.9833355019466273,0.016571215401273532,9.328265209920725e-05,0.9931878794828006,0.006794770534034246,1.734998316498879e-05,Low-Vol
2019-05-29,0.9188236124338645,0.08024201148493071,0.0009343760812047785,0.9644490362312931,0.03536546045423709,0.00018550331446995325,Low-Vol
2019-05-30,0.9627166067103827,0.037024862197958176,0.00025853109165906006,0.942432680735286,0.05734332488844226,0.00022399437627177422,Low-Vol
2019-05-31,0.469537320854818,0.520596772264953,0.009865906880229054,0.8014195572108509,0.19732725080078978,0.0012531919883592786,Low-Vol
2019-06-03,0.700860639118902,0.2964078455951766,0.002731515285921403,0.88959683868281,0.11000557831353824,0.0003975830036516643,Low-Vol
2019-06-04,0.8204543961516113,0.17824425550989195,0.0013013483384968145,0.9136904632848437,0.08602397558976342,0.00028556112539287017,Low-Vol
2019-06-05,0.8021726579273625,0.19605430516224306,0.0017730369103943827,0.9042504742756597,0.09536450236306118,0.0003850233612792026,Low-Vol
2019-06-07,0.6043528512894574,0.39221314047612654,0.0034340082344159763,0.897717511847069,0.1020414068596416,0.0002410812932894806,Low-Vol
2019-06-10,0.8537742495961758,0.1451722274102736,0.0010535229935506511,0.955857590610391,0.044021449172868064,0.00012096021674095002,Low-Vol
2019-06-11,0.9607940013283958,0.03895753901300309,0.0002484596586011595,0.9576342111900839,0.042220794131699504,0.0001449946782167108,Low-Vol
2019-06-12,0.44476350060639325,0.5371890083688708,0.01804749102473586,0.8640937889979017,0.13516592045729123,0.0007402905448071784,Low-Vol
2019-06-13,0.8686590086307904,0.1304155200291625,0.0009254713400470814,0.9781676036894338,0.02179922315728511,3.317315328115813e-05,Low-Vol
2019-06-14,0.9425136223372148,0.057073636605677124,0.00041274105710804534,0.9905448984219272,0.009439150730260594,1.5950847812165417e-05,Low-Vol
2019-06-17,0.9460219916524233,0.053586988634206585,0.00039101971337021993,0.9923534165081166,0.007636439346434532,1.0144145448831523e-05,Low-Vol
2019-06-18,0.9777088330920759,0.022161724294268385,0.0001294426136556395,0.995975884319716,0.00401765516524959,6.46051503452363e-06,Low-Vol
2019-06-19,0.975646300053764,0.024194841014599556,0.00015885893163657038,0.991489228432938,0.008487307748884523,2.3463818177448374e-05,Low-Vol
2019-06-20,0.8216212091829657,0.1755636920607999,0.0028150987562345015,0.9699356272481864,0.029965983551197253,9.838920061639358e-05,Low-Vol
2019-06-21,0.9304570644488784,0.06903192873052823,0.0005110068205932446,0.9894326408525295,0.01055145189353235,1.5907253938070982e-05,Low-Vol
2019-06-24,0.9767952917346148,0.023072239226747473,0.00013246903863769398,0.994144557555284,0.005843225416574959,1.2217028141126616e-05,Low-Vol
2019-06-25,0.9529876987008706,0.04657807933335795,0.0004342219657712572,0.9824121325647251,0.017517760699097558,7.010673617730539e-05,Low-Vol
2019-06-26,0.974706684141414,0.02513817627257681,0.0001551395860092588,0.9615935832653258,0.038278080938305994,0.00012833579636835978,Low-Vol
2019-06-27,0.9778790719350804,0.021989475110700714,0.00013145295421882201,0.8204137349432602,0.17891517770972315,0.0006710873470165265,Low-Vol
2019-06-28,0.01648868482535651,0.9645203134658695,0.018991001708773943,0.0017403473449364674,0.9861102686452151,0.012149384009848307,Normal
2019-07-01,2.867405012807837e-05,0.9714325777810721,0.028538748168799897,4.300283047185049e-05,0.9856592680625272,0.014297729107000737,Normal
2019-07-02,0.03168630408151877,0.9563044941273997,0.012009201791081534,0.15234425224351014,0.8446638223351091,0.0029919254213808272,Normal
2019-07-03,0.20240873116121014,0.7882253777337773,0.009365891105012514,0.6572624304318426,0.3420238253803911,0.000713744187766288,Low-Vol
2019-07-04,0.722011453906695,0.27616110717379416,0.0018274389195109442,0.9388853856536007,0.06100934326916355,0.00010527107723576295,Low-Vol
2019-07-05,0.94622367339368,0.0534577887112741,0.0003185378950459069,0.9726652962148734,0.02725885651078024,7.584727434650971e-05,Low-Vol
2019-07-08,0.9811115089460597,0.01878329828369027,0.0001051927702500195,0.9394705380378882,0.06033746487975132,0.00019199708236058839,Low-Vol
2019-07-09,0.637562157107232,0.35917980403281163,0.0032580388599563305,0.6233448371352227,0.37489001301040853,0.0017651498543687276,Low-Vol
2019-07-10,0.18252698535164086,0.8084268460198047,0.009046168628554447,0.5962605182297352,0.4027326312772963,0.001006850492968291,Low-Vol
2019-07-11,0.5322820117952001,0.4642248397534619,0.0034931484513381415,0.8852624439194877,0.1145523754009979,0.00018518067951446823,Low-Vol
2019-07-12,0.8501490570417561,0.14879376113774595,0.0010571818204980156,0.9670507012769581,0.03287916308790507,7.01356351367571e-05,Low-Vol
2019-07-15,0.951694291052756,0.04799909095590679,0.0003066179913370666,0.9772391421898344,0.022693206467699713,6.765134246579168e-05,Low-Vol
2019-07-16,0.9736088479756396,0.02623462838444048,0.00015652363991981396,0.9469116509819872,0.052834113409765245,0.00025423560824739,Low-Vol
2019-07-17,0.971951042731937,0.027851715900899753,0.00019724136716316537,0.7566426064761251,0.23246892953525702,0.010888463988617895,Low-Vol
2019-07-18,3.581211378930415e-51,1.3796045961931435e-05,0.9999862039540381,1.2591967514950219e-51,2.463391564088797e-05,0.999975366084359,High-Vol
2019-07-19,0.00020913146980647932,0.838698820186276,0.16109204834391752,0.00179846438582308,0.9655907146546514,0.032610820959525645,Normal
2019-07-22,0.36821378417752837,0.623728793939534,0.008057421882937647,0.8135172421126526,0.18605063712704595,0.0004321207603015292,Low-Vol
2019-07-23,0.8369173650171852,0.16204133980839597,0.0010412951744188585,0.963923673698021,0.036007239225448295,6.90870765306183e-05,Low-Vol
2019-07-24,0.9605088563493979,0.039246797253386374,0.00024434639721578413,0.9761838795623641,0.023743332158408636,7.278827922730534e-05,Low-Vol
2019-07-25,0.9267857036909453,0.07259180120385118,0.0006224951052034873,0.9311172389821111,0.0685667713951329,0.0003159896227560118,Low-Vol
2019-07-26,0.8578908576401628,0.1402965347213247,0.001812607638512543,0.858078919749019,0.1409540307084673,0.0009670495425137825,Low-Vol
2019-07-29,0.9084286629558972,0.09072410759651199,0.0008472294475908611,0.7923164194126152,0.20659775495817445,0.0010858256292101854,Low-Vol
2019-07-30,0.9235511392030784,0.07582100827957851,0.0006278525173431831,0.5924621071630609,0.4055701729358365,0.0019677199011025976,Low-Vol
2019-07-31,0.45274809743492184,0.5415678153144493,0.005684087250628895,0.0855507303932503,0.9087775176992202,0.005671751907529361,Normal
2019-08-01,0.06887525844020152,0.9190798135449448,0.012044928014853578,0.008405363767815683,0.983501866856391,0.008092769375793183,Normal
2019-08-02,0.006026422151959852,0.9703830601008364,0.023590517747203745,0.0020611834230593023,0.9836839872903728,0.014254829286568047,Normal
2019-08-05,0.0033996785506976717,0.9285410426303929,0.06805927881890943,0.027354570790351532,0.9613589008563137,0.011286528353334857,Normal
2019-08-06,0.4352079943457675,0.5597178421904836,0.005074163463749067,0.8592094473686065,0.1405921889463253,0.00019836368506817754,Low-Vol
2019-08-07,0.8632907298213032,0.13585237981636258,0.0008568903623342938,0.9800456491623591,0.019933965613184168,2.038522445670226e-05,Low-Vol
2019-08-08,0.9666481569345821,0.033150805246638236,0.00020103781877963585,0.9952214015318128,0.004773012452391612,5.586015795670137e-06,Low-Vol
2019-08-09,0.9771616177418957,0.0227006671457872,0.00013771511231715875,0.995978912559513,0.0040146118767030795,6.475563783947452e-06,Low-Vol
2019-08-12,0.9629465610523521,0.036824751655833536,0.00022868729181437295,0.9920170401784342,0.007967033150938918,1.5926670626933153e-05,Low-Vol
2019-08-13,0.9387637580191999,0.06064497402606695,0.0005912679547332365,0.9859231862852116,0.014031087227615762,4.5726487172711015e-05,Low-Vol
2019-08-14,0.9683131935296144,0.03146503083752307,0.00022177563286251105,0.9816559366684544,0.01827971569887835,6.434763266721145e-05,Low-Vol
2019-08-16,0.8033903724202323,0.1932820423986682,0.0033275851810994944,0.9377609046638141,0.06183043701099973,0.00040865832518616733,Low-Vol
2019-08-19,0.8191844392740736,0.1786495445528454,0.002166016173080952,0.9464182468138953,0.053343094785648464,0.0002386584004561773,Low-Vol
2019-08-20,0.960972963328422,0.038788869882313705,0.0002381667892644079,0.9543968642344679,0.04544569641304876,0.00015743935248314287,Low-Vol
2019-08-21,0.5482805568699007,0.4393560496181805,0.012363393511918664,0.851974044137958,0.1466721322397977,0.0013538236222444186,Low-Vol
2019-08-22,0.7569516884325211,0.24050016209225733,0.002548149475221481,0.9177500868381557,0.08191314356619757,0.0003367695956466744,Low-Vol
2019-08-23,0.8851993300925279,0.11383347009121393,0.0009671998162580959,0.9332451706467095,0.06647477535127802,0.0002800540020124613,Low-Vol
2019-08-26,0.7205729811680022,0.274561933193808,0.0048650856381897475,0.9028681453098782,0.09646643964654308,0.0006654150435786465,Low-Vol
2019-08-27,0.7771108626553946,0.22016166225055128,0.002727475094054101,0.9244147027426214,0.07522167942782361,0.0003636178295551604,Low-Vol
2019-08-28,0.8485323116647722,0.15020134150194567,0.0012663468332821442,0.9359350908750705,0.0638302208483907,0.0002346882765387393,Low-Vol
2019-08-29,0.9666015908571224,0.033202314378616996,0.00019609476426067814,0.9270117676508141,0.07274843848826222,0.000239793860923914,Low-Vol
2019-08-30,0.8958515079314042,0.10337282406938025,0.0007756679992155873,0.7198218226168261,0.27896132301325566,0.0012168543699181,Low-Vol
2019-09-02,0.13190343496254392,0.8442636050636696,0.023832959973786417,0.4824516304740901,0.513860703360159,0.0036876661657508627,Normal
2019-09-03,0.5379759041164544,0.45806786013595124,0.003956235747594483,0.8206749524568692,0.17875877613212,0.0005662714110108685,Low-Vol
2019-09-04,0.8626320588847824,0.13643919464003762,0.0009287464751799265,0.8845771716376916,0.11502194382282169,0.0004008845394868419,Low-Vol
2019-09-05,0.9545376399627367,0.04516026477205253,0.0003020952652108692,0.8333860288554721,0.16598154347616673,0.0006324276683611467,Low-Vol
2019-09-06,0.8703704895918529,0.1286460722764039,0.0009834381317432323,0.4800567781389063,0.5176026042488835,0.0023406176122102223,Normal
2019-09-09,0.5642764750358502,0.43068971902769276,0.005033805936457093,0.12288721957728165,0.8706239748354141,0.006488805587304235,Normal
2019-09-10,0.031015035163747495,0.9501524337770616,0.01883253105919093,0.006072334179763532,0.9784543261276878,0.015473339692548684,Normal
2019-09-11,0.12042247088856378,0.8712039296040378,0.00837359950739855,0.012439905231269675,0.9410476056905479,0.04651248907818252,Normal
2019-09-16,5.416887296181647e-10,0.0645153385358517,0.9354846609224596,1.2714810378424187e-08,0.23275342618270822,0.7672465611024815,High-Vol
2019-09-17,0.10788844848440567,0.8237123919373699,0.06839915957822447,0.3987336418683157,0.5868994259408503,0.01436693219083404,Normal
2019-09-18,0.27577920619094703,0.7149450136799763,0.00927578012907673,0.7323419275514457,0.26698424525877945,0.0006738271897749408,Low-Vol
2019-09-19,0.671760743496958,0.32550757347426945,0.0027316830287726795,0.9399909097480378,0.059923996229297886,8.509402266434486e-05,Low-Vol
2019-09-20,0.9258175124996848,0.07372981748705343,0.00045267001326168273,0.988343929633479,0.011640845688076785,1.5224678444458921e-05,Low-Vol
2019-09-23,0.9529504505007713,0.04667017450638218,0.0003793749928464207,0.9932120433956297,0.006777380432875199,1.0576171495139985e-05,Low-Vol
2019-09-24,0.979637610421052,0.020242912432879262,0.00011947714606873574,0.9956337700895748,0.004357935640977991,8.294269447193074e-06,Low-Vol
2019-09-25,0.9539977726892821,0.04567246405733379,0.00032976325338423325,0.9874086941231679,0.012557392363563732,3.391351326847613e-05,Low-Vol
2019-09-26,0.9804031298906244,0.019483618546473333,0.00011325156290210724,0.9766336721352176,0.023294391224094716,7.193664068766534e-05,Low-Vol
2019-09-27,0.9824101934394166,0.0174914866431217,9.831991746170821e-05,0.8676979960004618,0.13185634581356986,0.0004456581859683904,Low-Vol
2019-09-30,0.42729961451817616,0.5648308892757211,0.00786949620610282,0.10678967687619213,0.8858485456168559,0.007361777506951955,Normal
2019-10-01,0.2931453339926756,0.696728780493938,0.010125885513386255,0.04384549350811779,0.9474455109151693,0.008708995576712928,Normal
2019-10-02,0.03431173009513981,0.9527389910133224,0.01294927889153768,0.00361803899987744,0.9813459412397358,0.015036019760386661,Normal
2019-10-04,0.0003639804117918978,0.8427997594125844,0.1568362601756236,4.0632512056110885e-05,0.8975071092101757,0.10245225827776817,Normal
2019-10-07,0.00031470917545991774,0.9611468424324471,0.038538448392093055,0.0001961580432131202,0.9781925726213055,0.021611269335481353,Normal
2019-10-08,0.24376647833181966,0.7481598991461922,0.008073622521988243,0.05622309240035653,0.9379055245483491,0.0058713830512944504,Normal
2019-10-10,0.15839469344956517,0.8325626961306123,0.009042610419822421,0.03356657764872652,0.9602725644328761,0.006160857918397288,Normal
2019-10-11,0.015330179646780297,0.9686464496217647,0.016023370731455027,0.023630620980778536,0.9683053763935197,0.008064002625701637,Normal
2019-10-14,0.37000030995623756,0.6253594589507034,0.004640231093059044,0.17869515601481922,0.8162795967437875,0.00502524724139324,Normal
2019-10-15,0.6731574806352109,0.3241586013207628,0.0026839180440264634,0.15513949942080674,0.8009967124009516,0.04386378817824172,Normal
2019-10-16,2.737694776420171e-60,2.058433327114241e-06,0.9999979415666729,3.786921141788388e-61,2.771791139069829e-06,0.9999972282088609,High-Vol
2019-10-17,9.172352050784124e-08,0.5532533180805157,0.4467465901959637,1.8515893569423503e-07,0.7143016404179485,0.285698174423116,Normal
2019-10-18,0.34424931149340726,0.637839241904341,0.017911446602251573,0.12593927469475386,0.858148932861269,0.015911792443977207,Normal
2019-10-21,0.03143711738994098,0.9151490325285763,0.05341385008148262,0.09552017137303777,0.8833529790966981,0.02112684953026419,Normal
2019-10-22,0.09510881742135975,0.8854586938758635,0.01943248870277675,0.3965405698323625,0.6002097635542915,0.0032496666133459686,Normal
2019-10-23,0.6347472229924253,0.3628368551781764,0.0024159218293984225,0.8020172988436255,0.1973861954542305,0.0005965057021437768,Low-Vol
2019-10-24,0.8699985089183939,0.1290357853546495,0.0009657057269564827,0.8244267502994326,0.17485320635495868,0.0007200433456086932,Low-Vol
2019-10-25,0.9277757220999414,0.0716182874874383,0.0006059904126202833,0.7228391739344393,0.27559244042720743,0.0015683856383531855,Low-Vol
2019-10-28,0.30417253261062405,0.6681635496244366,0.02766391776493939,0.3629540573706789,0.6237158582269495,0.01333008440237172,Normal
2019-10-29,0.6076181794538325,0.38787446354518523,0.0045073570009824355,0.42003640581944174,0.5762110729785536,0.0037525212020047744,Normal
2019-10-30,0.7314648285758167,0.26605550202398515,0.002479669400198032,0.35428390996281606,0.6421453337287493,0.0035707563084348033,Normal
2019-10-31,0.29375383556590917,0.694683259839925,0.011562904594165912,0.18158115442541065,0.810948710302331,0.007470135272258404,Normal
2019-11-01,0.2084338846608686,0.7842320288921982,0.007334086446933093,0.18677769139305248,0.8090738922386974,0.004148416368250003,Normal
2019-11-04,0.04170534271243866,0.9247603961078168,0.03353426117974466,0.23601343534726038,0.7583297188220224,0.005656845830717266,Normal
2019-11-05,0.37708571033806,0.6167443803840187,0.006169909277921185,0.8148534990166474,0.1847956346441876,0.00035086633916492534,Low-Vol
2019-11-06,0.8107624898911088,0.1880273192175438,0.001210190891347431,0.9598372785698742,0.04009101407907673,7.170735104912496e-05,Low-Vol
2019-11-07,0.9207105621994807,0.07875207041638699,0.00053736738413237,0.9774007618641132,0.022541212344528133,5.802579135878258e-05,Low-Vol
2019-11-08,0.9140893925390539,0.08524596302202953,0.0006646444389166768,0.9703393950440965,0.029565492801821726,9.511215408176817e-05,Low-Vol
2019-11-11,0.9257176334315902,0.07375166251567393,0.0005307040527358759,0.9583163527714749,0.04153879622399582,0.0001448510045293002,Low-Vol
2019-11-12,0.7409603189409776,0.25550973501706586,0.0035299460419566018,0.9231459964350586,0.07648175846807513,0.000372245096866229,Low-Vol
2019-11-13,0.7244098094611909,0.27175326557712937,0.00383692496167971,0.9455280291321297,0.05430005307131542,0.00017191779655492478,Low-Vol
2019-11-14,0.8723672127485043,0.12674233916325672,0.0008904480882390049,0.980532803396876,0.019442077600610654,2.511900251341304e-05,Low-Vol
2019-11-15,0.9658545018968195,0.0339341920501078,0.00021130605307257623,0.9936568305564495,0.006332099600900086,1.1069842650571602e-05,Low-Vol
2019-11-18,0.9831592945495344,0.016747139091773885,9.356635869172592e-05,0.9901892338491527,0.009783947288120275,2.6818862726935094e-05,Low-Vol
2019-11-19,0.9576904751886705,0.041972129889492026,0.00033739492183743796,0.9435632886649985,0.05617683498062882,0.00025987635437268883,Low-Vol
2019-11-20,0.7065746537495027,0.28744604794437945,0.005979298306117718,0.824986683485016,0.1732594018212133,0.0017539146937706653,Low-Vol
2019-11-21,0.5151028638444074,0.4749549858398497,0.009942150315742969,0.8258288324956715,0.1729384636978601,0.0012327038064683534,Low-Vol
2019-11-22,0.8781655482613488,0.12098189720581007,0.0008525545328410607,0.8993181867499547,0.10031282797818446,0.00036898527186097303,Low-Vol
2019-11-25,0.7869937749193875,0.21053716585385787,0.002469059226754756,0.8465896472327613,0.15251773329435414,0.0008926194728845243,Low-Vol
2019-11-26,0.9402148961689007,0.0593681952925995,0.0004169085384997754,0.8206134721161863,0.1786315788827973,0.0007549490010163529,Low-Vol
2019-11-27,0.7515358515301559,0.24420371232891513,0.004260436140928955,0.5393041508360271,0.455994223001027,0.004701626162945818,Low-Vol
2019-11-28,0.5956990254344575,0.3970335480112548,0.007267426554287625,0.41381549992502814,0.5801526951275988,0.006031804947373041,Normal
2019-11-29,0.43229460116572793,0.5603906481696825,0.007314750664589485,0.3521895488862109,0.64312669117962,0.004683759934169047,Normal
2019-12-02,0.22066569577185802,0.7671497459072439,0.012184558320898051,0.3483797581630243,0.6466269773101949,0.0049932645267808775,Normal
2019-12-03,0.2871338680522229,0.7034441179055262,0.009422014042250968,0.4614780572456393,0.5351603083761574,0.0033616343782033715,Normal
2019-12-04,0.1664136775453133,0.8153064142666597,0.018279908188027105,0.5647157381565102,0.4330183191181937,0.002265942725296136,Low-Vol
2019-12-05,0.5454056545671012,0.450601949551891,0.003992395881007791,0.867710082518278,0.13195662508866277,0.0003332923930590908,Low-Vol
2019-12-06,0.8749793234712046,0.1241920665865668,0.0008286099422286414,0.9399600678957764,0.05985678880885616,0.0001831432953674252,Low-Vol
2019-12-09,0.9334028152684202,0.0661319539483053,0.00046523078327462026,0.9211439065643021,0.07854885774665656,0.0003072356890413538,Low-Vol
2019-12-10,0.6036454448006201,0.38903822871399474,0.007316326485385181,0.8227318907354777,0.17589577681017057,0.001372332454351788,Low-Vol
2019-12-11,0.832285745050408,0.16644929615568613,0.001264958793906087,0.8612835364940616,0.13818663639729706,0.0005298271086412458,Low-Vol
2019-12-12,0.3860633517522788,0.6056563469528529,0.008280301294868411,0.8169538187519121,0.18254759752874578,0.0004985837193422578,Low-Vol
2019-12-13,0.7781550324312678,0.22015417871260493,0.001690788856127316,0.9559542234592325,0.043962996580589865,8.277996017766948e-05,Low-Vol
2019-12-16,0.8851615351449993,0.11386235799617594,0.000976106858824839,0.9806185077040045,0.01934401500475245,3.747729124301628e-05,Low-Vol
2019-12-17,0.9438011534119765,0.05578473518090616,0.00041411140711722344,0.9901917537557802,0.00978963510088634,1.8611143333581185e-05,Low-Vol
2019-12-18,0.9763809891091801,0.023473655417640644,0.0001453554731791549,0.9908140046697043,0.009161087675396464,2.4907654899300328e-05,Low-Vol
2019-12-19,0.8044135934411355,0.19229174926767975,0.0032946572911847685,0.9651173022042654,0.03475185765617265,0.00013084013956194424,Low-Vol
2019-12-20,0.9201030341846903,0.07924968808523558,0.000647277730074068,0.9866026517916534,0.013371606673814105,2.5741534532536167e-05,Low-Vol
2019-12-23,0.9682671273818104,0.031529243004254914,0.00020362961393459745,0.9911902248996645,0.008788259273378663,2.1515826956943224e-05,Low-Vol
2019-12-24,0.9781359289653513,0.02173631871670595,0.00012775231794269725,0.9780296187817776,0.021902613910385095,6.776730783736496e-05,Low-Vol
2019-12-26,0.9808967524299869,0.01899542271737593,0.00010782485263727913,0.8888260776403772,0.11073033840890224,0.00044358395072056873,Low-Vol
2019-12-27,0.33613317229722217,0.6338455007585416,0.030021326944236256,0.30533673624077035,0.6775283154697528,0.017134948289477016,Normal
2019-12-30,0.826045638279611,0.1726538487999936,0.0013005129203955373,0.328389094423994,0.6679929876625886,0.003617917913417479,Normal
2019-12-31,3.932344960031905e-05,0.9626299125594946,0.03733076399090496,4.077345358815635e-06,0.9718265431478974,0.028169379506743884,Normal
2020-01-02,1.4267477964971478e-06,0.9431278250859709,0.05687074816623262,1.523627081261977e-07,0.9598598791190758,0.040139968518216135,Normal
2020-01-03,0.00019302858124111474,0.9392617276589071,0.06054524375985176,0.00023121853101015693,0.9675478487245228,0.03222093274446696,Normal
2020-01-06,0.3210319323035344,0.6725288051062561,0.006439262590209434,0.11583071868380193,0.8790964203036499,0.005072861012548232,Normal
2020-01-07,0.17708885977402156,0.8073566977987205,0.015554442427257915,0.09054666056386751,0.8992721292796338,0.010181210156498605,Normal
2020-01-08,0.07422278505906861,0.9056642712455032,0.02011294369542817,0.10700583314305713,0.8831828977046311,0.009811269152311956,Normal
2020-01-09,0.046140885505687956,0.9347599695026839,0.01909914499162819,0.23710886103615594,0.7592103116461549,0.003680827317689073,Normal
2020-01-10,0.4665325764982632,0.5294045282945237,0.004062895207213218,0.7664859143483614,0.23283902547188667,0.0006750601797519257,Low-Vol
2020-01-13,0.7874754865180069,0.210865111916773,0.0016594015652200784,0.8488035778111335,0.15059341654026892,0.0006030056485976288,Low-Vol
2020-01-14,0.6794085837540973,0.3162236988388704,0.004367717407032384,0.8237720796250103,0.17511322433435392,0.0011146960406357822,Low-Vol
2020-01-15,0.927334873815657,0.07218968877928493,0.0004754374050579709,0.8350825213407715,0.16422431968489265,0.0006931589743358203,Low-Vol
2020-01-16,0.3497394495216002,0.623261170082004,0.02699938039639584,0.6306371433105684,0.36282755737906924,0.006535299310362434,Low-Vol
2020-01-17,0.4818465769663508,0.510794840648062,0.007358582385587133,0.7389583367508928,0.25947694809927996,0.001564715149827289,Low-Vol
2020-01-20,0.7705616266447182,0.2273833245330772,0.0020550488222046523,0.8068907419792334,0.19218029251681398,0.000928965503952745,Low-Vol
2020-01-21,0.5452950736182508,0.4457989110601059,0.008906015321643427,0.7728669793160822,0.22519848901075915,0.0019345316731585911,Low-Vol
2020-01-22,0.7694790234629794,0.22828695727480522,0.0022340192622153626,0.8214256433526161,0.1776975216543851,0.0008768349929989152,Low-Vol
2020-01-23,0.9478362453341768,0.05183127370986758,0.00033248095595572405,0.7937894125250797,0.20538312867703795,0.0008274587978823111,Low-Vol
2020-01-28,0.10105236048056584,0.8521323547970657,0.046815284722368525,0.41456011477846627,0.5774829554654854,0.007956929756048434,Normal
2020-01-29,0.4296952380420663,0.5648091528247621,0.005495609133171677,0.7992999962820007,0.20012648479795647,0.0005735189200427963,Low-Vol
2020-01-30,0.6915225560577039,0.3057733571890631,0.00270408675323302,0.9081913570873308,0.09153240007515222,0.0002762428375169646,Low-Vol
2020-01-31,0.9204163631190179,0.07905293931056885,0.0005306975704132014,0.941087275041924,0.058713699107426104,0.00019902585064994656,Low-Vol
2020-02-03,0.8561270646071708,0.14276036086377258,0.0011125745290567744,0.8891190715989148,0.11043850774593174,0.00044242065515346805,Low-Vol
2020-02-04,0.4342486234788772,0.5506380686000154,0.015113307921107346,0.8457447460278822,0.15341005083536638,0.0008452031367513024,Low-Vol
2020-02-05,0.7679805563366244,0.23003286743357396,0.0019865762298016307,0.9616141328459208,0.03832829842311348,5.7568730965753755e-05,Low-Vol
2020-02-06,0.9483344237247597,0.05134046664710069,0.00032510962813957764,0.9912405689798439,0.00874577309350538,1.3657926650718796e-05,Low-Vol
2020-02-07,0.9544343127036129,0.04520801212948062,0.00035767516690651314,0.991765740624893,0.008216827101171163,1.7432273935872414e-05,Low-Vol
2020-02-10,0.9444042888056648,0.05516415671917568,0.0004315544751595058,0.9903113021879437,0.009669549348183617,1.9148463872710534e-05,Low-Vol
2020-02-11,0.9400225555963159,0.0595651162032909,0.0004123282003931938,0.9908683574916386,0.009118538340318467,1.3104168042876138e-05,Low-Vol
2020-02-12,0.9798152776631501,0.020070702615358246,0.00011401972149164291,0.9942467032520712,0.005740555880544161,1.2740867384648176e-05,Low-Vol
2020-02-13,0.9546572069059783,0.044925518645258206,0.0004172744487635341,0.9787445366098498,0.021164168386395246,9.129500375492611e-05,Low-Vol
2020-02-14,0.7809268604274049,0.2159442021045404,0.00312893746805464,0.9481120595534045,0.051659921780088575,0.00022801866650693674,Low-Vol
2020-02-17,0.9461243682247267,0.053516351417447525,0.00035928035782591643,0.9684132971039725,0.0314816741796639,0.00010502871636356397,Low-Vol
2020-02-18,0.7733624950628917,0.22300512320220633,0.0036323817349020334,0.9273980548859909,0.0721564514454752,0.00044549366853390113,Low-Vol
2020-02-19,0.9295155564908782,0.06996102886069525,0.0005234146484265779,0.9412115627579548,0.05855622321512814,0.00023221402691701696,Low-Vol
2020-02-20,0.8679901336509016,0.1303463997026127,0.0016634666464856135,0.8783157248300986,0.12084210912543328,0.0008421660444682881,Low-Vol
2020-02-21,0.6176314201046247,0.37452285139714114,0.00784572849823428,0.8180593486544857,0.18030466453790905,0.0016359868076052102,Low-Vol
2020-02-24,0.8131984880464959,0.1850176083301069,0.0017839036233973102,0.8501389683554967,0.14911881562994078,0.0007422160145625608,Low-Vol
2020-02-25,0.8773564657503681,0.12142518227374945,0.0012183519758824368,0.8116523761896748,0.18730757419855482,0.0010400496117703654,Low-Vol
2020-02-26,0.9378610313350412,0.0616176716763965,0.0005212969885622774,0.6904828703848575,0.3078767027410487,0.0016404268740937635,Low-Vol
2020-02-27,0.7147516738472197,0.2808806443159225,0.004367681836857817,0.21227002405323517,0.7771753482565663,0.010554627690198585,Normal
2020-02-28,0.006550458114296628,0.887524812549231,0.1059247293364724,0.010087658712226945,0.9340118180386884,0.05590052324908485,Normal
2020-03-02,0.34198366599538554,0.649920141001746,0.008096193002868424,0.15349111335496862,0.8403400470220358,0.006168839622995598,Normal
2020-03-03,0.5256982867323332,0.46846934896099496,0.005832364306671882,0.13224111022119128,0.8593543804319628,0.008404509346846,Normal
2020-03-04,0.017005884646630103,0.8986823035915826,0.08431181176178719,0.036970562704746274,0.9227958822664077,0.04023355502884582,Normal
2020-03-05,0.42145012019795275,0.5725757524166678,0.005974127385379441,0.24572709281388225,0.7496377971186846,0.004635110067433241,Normal
2020-03-06,0.7344060697202516,0.26338187830182447,0.0022120519779239567,0.21990811364840449,0.7713867767932969,0.008705109558298556,Normal
2020-03-09,0.0015103087086945114,0.7838138389889316,0.21467585230237396,0.0011171902367670644,0.8657693592520168,0.13311345051121612,Normal
2020-03-10,0.10389412909473592,0.8686433654593825,0.027462505445881646,0.05737919281376578,0.925745974837009,0.016874832349225113,Normal
2020-03-11,0.3928152252674387,0.6011442963895451,0.006040478343016297,0.0897209202746739,0.9010479597362762,0.009231119989050098,Normal
2020-03-12,0.2852224341542592,0.7005214454955856,0.014256120350155329,0.034916044410172764,0.885695410194151,0.07938854539567616,Normal
2020-03-13,2.2184446964827378e-06,0.3463855319805718,0.6536122495747315,3.7477645086663574e-07,0.33974771164514295,0.6602519135784062,High-Vol
2020-03-16,0.046880123576514554,0.8761096432397754,0.07701023318371014,0.0031460088061463273,0.6303724873781275,0.36648150381572625,Normal
2020-03-17,1.441008897686946e-276,2.184800935447277e-33,1.0,2.1896278075390494e-278,3.533223381834887e-34,1.0,High-Vol
2020-03-18,2.962334171379089e-19,0.03663042127044349,0.9633695787295565,4.7929994546725956e-21,0.006288807677322812,0.9937111923226771,High-Vol
2020-03-19,7.982544039859409e-10,0.02070763183657896,0.9792923673651667,3.821653841437225e-11,0.009681454574131264,0.9903185453876522,High-Vol
2020-03-20,0.0003313352759442049,0.5175229540065788,0.48214571071747697,1.1823035045771839e-05,0.19116221906178277,0.8088259579031714,High-Vol
2020-03-23,1.5123854689801378e-08,0.056701815750405705,0.9432981691257396,2.2439307249967236e-08,0.0986623461016603,0.9013376314590325,High-Vol
2020-03-24,0.07813558006079799,0.8450700081241345,0.0767944118150675,0.02148427284423431,0.907908244931927,0.0706074822238387,Normal
2020-03-25,0.2481516349800367,0.7394419434259472,0.01240642159401611,0.02877065677378872,0.895211540429809,0.07601780279640234,Normal
2020-03-26,1.1151414230143088e-07,0.16896134489841524,0.8310385435874424,2.279130245191647e-08,0.23920458760464405,0.7607953896040536,High-Vol
2020-03-27,0.004615396440554895,0.7846233630317911,0.21076124052765402,0.0016359520558966603,0.8652129898086522,0.133151058135451,Normal
2020-03-30,0.16017331546954738,0.8202473433296997,0.019579341200752904,0.022850880576381093,0.962910747296454,0.01423837212716501,Normal
2020-03-31,0.011736287018573337,0.9651507696124624,0.023112943368964318,0.005554557957932713,0.9809349386190416,0.013510503423025831,Normal
2020-04-01,0.015687626571054134,0.9636049809572312,0.02070739247171448,0.044337665742349694,0.9471352813550394,0.008527052902610988,Normal
2020-04-02,0.08423742234595864,0.9057757801323504,0.00998679752169106,0.3380953613736698,0.6598626663250857,0.0020419723012444963,Normal
2020-04-03,0.47797875829560105,0.5183064434649597,0.003714798239439296,0.7357851673807343,0.2634304158005757,0.0007844168186900678,Low-Vol
2020-04-06,0.7416391567859983,0.2563646234988064,0.00199621971519526,0.8053940420314273,0.19383210283738772,0.0007738551311848343,Low-Vol
2020-04-07,0.8043971030436626,0.1933902339521281,0.002212663004209393,0.7852664069102947,0.2133713738295276,0.0013622192601778099,Low-Vol
2020-04-08,0.490278300747003,0.49909967948273937,0.010622019770257665,0.7206267013243036,0.276820782861195,0.0025525158145013353,Low-Vol
2020-04-09,0.3139307830833168,0.6715101078669242,0.014559109049758939,0.7797839800782606,0.21941040638603507,0.0008056135357042054,Low-Vol
2020-04-10,0.8073291522989317,0.1913690465077709,0.0013018011932974664,0.9628571919732225,0.037081263325041504,6.154470173603685e-05,Low-Vol
2020-04-13,0.885165793946847,0.11395714865040674,0.0008770574027463664,0.9828348268235072,0.017141319730318922,2.385344617394187e-05,Low-Vol
2020-04-14,0.9656281633039744,0.034159760272716534,0.0002120764233091059,0.9942972372420668,0.005694158260222113,8.60449771109958e-06,Low-Vol
2020-04-16,0.9514636979631922,0.04814984511954595,0.0003864569172618231,0.992880429074679,0.007108346300117545,1.1224625203306663e-05,Low-Vol
2020-04-17,0.9657326181141251,0.034025933113275404,0.00024144877259939202,0.9952575815061887,0.004736385360565197,6.033133246140394e-06,Low-Vol
2020-04-20,0.9780920888499978,0.021781710341522372,0.0001262008084799217,0.996615805858577,0.0033797971083601537,4.397033062811408e-06,Low-Vol
2020-04-21,0.9829117575268222,0.01698981579856561,9.842667461206313e-05,0.9947554997331444,0.005232441655271733,1.2058611583909894e-05,Low-Vol
2020-04-22,0.8462029626185393,0.15152373617089693,0.00227330121056376,0.9765654814235654,0.023372861217697306,6.165735873727893e-05,Low-Vol
2020-04-23,0.9664770899608877,0.03332051638502652,0.00020239365408578912,0.9935901597475916,0.006398571973852493,1.1268278555959179e-05,Low-Vol
2020-04-24,0.9767994016479764,0.023050494134516673,0.0001501042175069462,0.9894886505732879,0.010479618792542937,3.173063416909848e-05,Low-Vol
2020-04-27,0.9287060967542986,0.07056653488507955,0.0007273683606218045,0.957146285521643,0.04264105312832058,0.00021266135003628484,Low-Vol
2020-04-28,0.9787449236932386,0.021134110795290227,0.00012096551147118828,0.9173929298434971,0.08233223323031609,0.00027483692618693995,Low-Vol
2020-04-29,0.7637830862874876,0.2334558666366533,0.002761047075859071,0.5321549955822332,0.4647806429954621,0.003064361422304874,Low-Vol
2020-05-04,0.0931509658878392,0.8927285299445213,0.014120504167639613,0.39276187705894916,0.6049121903764554,0.0023259325645955215,Normal
2020-05-06,0.5663398100610817,0.4305040718343,0.0031561181046183126,0.8061599298003026,0.19325710255814724,0.00058296764155045,Low-Vol
2020-05-07,0.6752331285975941,0.32106026245208863,0.0037066089503172387,0.855465105791678,0.14382851355282433,0.0007063806554976102,Low-Vol
2020-05-08,0.5055787688500503,0.48533096766106426,0.009090263488885569,0.8777935195524846,0.1217390376562151,0.0004674427913004196,Low-Vol
2020-05-11,0.8409053238359738,0.15794010031011846,0.0011545758539077326,0.9678971096851764,0.032039337122408716,6.355319241488306e-05,Low-Vol
2020-05-12,0.8954671806445179,0.10349489934455822,0.0010379200109238975,0.981310767561152,0.01864277668607872,4.645575276930427e-05,Low-Vol
2020-05-13,0.9240893327987716,0.07525893864517817,0.0006517285560502148,0.9883365473441152,0.01164280008396473,2.0652571919926343e-05,Low-Vol
2020-05-14,0.9538078497648859,0.04581980685140882,0.0003723433837053819,0.9937412489620848,0.006250265351699679,8.485686215520675e-06,Low-Vol
2020-05-15,0.9769225147238525,0.022944397522571474,0.00013308775357602119,0.996936099324684,0.003060940229362318,2.9604459537159836e-06,Low-Vol
2020-05-18,0.9828618512847036,0.017039979511793035,9.816920350334229e-05,0.9974535045026358,0.002543411009810556,3.084487553558274e-06,Low-Vol
2020-05-19,0.9688453201448507,0.03096617023826968,0.00018850961687971225,0.9955901692709874,0.004404767228942432,5.063500070108864e-06,Low-Vol
2020-05-20,0.9744862913467852,0.025348324627750822,0.00016538402546405827,0.99623926490996,0.0037556747833966606,5.06030664335803e-06,Low-Vol
2020-05-21,0.9787374388753874,0.021133337451838048,0.00012922367277444445,0.9955568475758888,0.0044345458576633264,8.606566447996187e-06,Low-Vol
2020-05-22,0.9663540380066297,0.03339275507186556,0.00025320692150487676,0.9880095516824429,0.01195184707130329,3.860124625390064e-05,Low-Vol
2020-05-25,0.9714642121096126,0.028334778120793696,0.00020100976959371714,0.9670709189903461,0.03280006360140486,0.00012901740824908662,Low-Vol
2020-05-26,0.9562768128757678,0.04333577035826843,0.0003874167659635857,0.8639060897438608,0.13506583269192543,0.0010280775642137797,Low-Vol
2020-05-27,0.9363161481164219,0.06317870355144273,0.0005051483321353335,0.5676269002961151,0.41065652199628466,0.021716577707600358,Low-Vol
2020-05-28,1.98461587838517e-63,5.774878787803206e-07,0.9999994225121213,5.7849149356502696e-64,1.0043728607774525e-06,0.999998995627139,High-Vol
2020-05-29,0.00014412469224729804,0.7733621637964766,0.22649371151127612,0.0012051461735065896,0.941521766690649,0.05727308713584452,Normal
2020-06-01,0.2971275254663983,0.689334204341102,0.013538270192499533,0.7349805681417878,0.2638372369387237,0.0011821949194885221,Low-Vol
2020-06-02,0.6274527649177535,0.36979262490475207,0.002754610177494455,0.9199972380043446,0.07987635233271091,0.0001264096629443871,Low-Vol
2020-06-03,0.8894391418797551,0.10975690158591735,0.0008039565343273778,0.9763734757295855,0.023574549068487636,5.1975201926867306e-05,Low-Vol
2020-06-04,0.8873585972867631,0.11141809632146601,0.0012233063917709128,0.9809765918072478,0.018975818609446794,4.7589583305245124e-05,Low-Vol
2020-06-05,0.9651455575206194,0.03463511096583145,0.0002193315135491036,0.9901507102722538,0.00982554835000329,2.3741377742948854e-05,Low-Vol
2020-06-08,0.9808440396433669,0.019048771814380718,0.0001071885422525173,0.9769235575750049,0.02300800376375353,6.843866124161586e-05,Low-Vol
2020-06-09,0.4701917410046763,0.5218968756364445,0.00791138335887921,0.8666320477449392,0.13298811843859734,0.00037983381646370805,Low-Vol
2020-06-10,0.8250190766461092,0.17363094047451508,0.001349982879375643,0.9705618804907213,0.0293914849590796,4.6634550199075015e-05,Low-Vol
2020-06-11,0.9609793068625225,0.03878510718419865,0.0002355859532787818,0.9897798395286271,0.010197837513766274,2.2322957606636227e-05,Low-Vol
2020-06-12,0.8691836103788465,0.12980221434594727,0.0010141752752062477,0.9792380150345066,0.02073001329666174,3.197166883168867e-05,Low-Vol
2020-06-15,0.9430030710327488,0.056564288548703,0.0004326404185481709,0.9922369368741641,0.007753258658768044,9.8044670678785e-06,Low-Vol
2020-06-16,0.9784577469599227,0.021416014068513713,0.0001262389715636861,0.9968065120062284,0.0031895560908450026,3.931902926614663e-06,Low-Vol
2020-06-17,0.9726750099466775,0.027141649202565506,0.00018334085075698444,0.9955377142347123,0.0044550467066079335,7.239058679781274e-06,Low-Vol
2020-06-18,0.9555656654067747,0.044069625014942576,0.0003647095782826928,0.9934568481603596,0.006532323428600743,1.0828411039709463e-05,Low-Vol
2020-06-19,0.9731087670954502,0.02671220764028903,0.00017902526426072273,0.9952283444028855,0.004763141933674501,8.513663439954652e-06,Low-Vol
2020-06-22,0.9408854588327857,0.05854820838594877,0.000566332781265587,0.9916443241865525,0.008341150173593218,1.4525639854385277e-05,Low-Vol
2020-06-23,0.9750921850034517,0.024750476001097962,0.00015733899545036233,0.9959483263010889,0.004045467471400954,6.2062275103038816e-06,Low-Vol
2020-06-24,0.9794125385985314,0.020465844550218205,0.00012161685125024344,0.9936257273965091,0.006359123121776204,1.5149481714666962e-05,Low-Vol
2020-06-25,0.9809651671989298,0.018925228199925526,0.00010960460114482748,0.9756430671676857,0.0242811492677133,7.578356460105813e-05,Low-Vol
2020-06-26,0.9225811301986213,0.07685028955874273,0.000568580242635924,0.8576246651491687,0.14178906935770216,0.0005862654931291672,Low-Vol
2020-06-29,0.9570568148643737,0.04262377541726317,0.00031940971836321634,0.6965946541447303,0.30182706598346026,0.001578279871809434,Low-Vol
2020-06-30,0.0001244867711168412,0.9636213899022517,0.036254123326631485,1.2991233696981598e-05,0.9765621209355388,0.023424887830764296,Normal
2020-07-01,3.5420922225445146e-06,0.9584237737239603,0.04157268418381716,1.0330538735071996e-05,0.9819902382897487,0.017999431171516197,Normal
2020-07-02,0.11667394345999142,0.8743838454338353,0.00894221110617335,0.30315773265841367,0.694010302875277,0.002831964466309505,Normal
2020-07-03,0.2734440341063029,0.7209351987038013,0.005620767189895774,0.543827242496314,0.4547296895981876,0.0014430679054984942,Low-Vol
2020-07-06,0.7536719578180462,0.2446955162106382,0.0016325259713156196,0.6876705551220557,0.3112214210407693,0.0011080238371750453,Low-Vol
2020-07-07,0.20456668230743616,0.7856587677957537,0.00977454989681018,0.6171782799704112,0.38167872281256376,0.0011429972170250247,Low-Vol
2020-07-08,0.4737823091223863,0.522159437444188,0.004058253433425709,0.8754657366043455,0.12437868092502057,0.0001555824706338096,Low-Vol
2020-07-09,0.8681547508437188,0.13100256759729134,0.0008426815589898444,0.9805749031337241,0.01940414533690628,2.0951529369725955e-05,Low-Vol
2020-07-10,0.9642908665878789,0.035495810740894064,0.00021332267122709496,0.9948613606505777,0.005132670553250455,5.968796171913705e-06,Low-Vol
2020-07-13,0.9730081030399946,0.026821566763713597,0.00017033019629180335,0.9958627143273271,0.004131541306419488,5.744366253467125e-06,Low-Vol
2020-07-14,0.9673232330665334,0.03247781326955344,0.00019895366391306727,0.9947708889269442,0.005221656396689793,7.4546763658093346e-06,Low-Vol
2020-07-15,0.9744206260406195,0.025428011747185827,0.000151362212194725,0.9937330993208209,0.006253709646221004,1.3191032958194108e-05,Low-Vol
2020-07-16,0.9501610541133704,0.04945737783896783,0.00038156804766181253,0.9830704634362887,0.01687589479134705,5.364177236432725e-05,Low-Vol
2020-07-17,0.8720964934251024,0.1268418364524056,0.0010616701224920482,0.9661816632936091,0.033720029829320264,9.830687707073314e-05,Low-Vol
2020-07-20,0.8162621618945609,0.18206965240895615,0.0016681856964827842,0.9685471854194593,0.03139348727260354,5.932730793722898e-05,Low-Vol
2020-07-21,0.923045752819347,0.0764200757909247,0.0005341713897283061,0.9889286992221835,0.01105740917621795,1.3891601598619678e-05,Low-Vol
2020-07-22,0.9744881324550302,0.02536257083654939,0.00014929670842056008,0.9954804263817124,0.004512457679704566,7.1159385829280045e-06,Low-Vol
2020-07-23,0.9564003805647389,0.04323474260625534,0.0003648768290056568,0.9917587723147114,0.0082217369288359,1.94907564527272e-05,Low-Vol
2020-07-24,0.927040075397575,0.07236467775805695,0.0005952468443680165,0.9891886044727775,0.010794302995159722,1.7092532062820365e-05,Low-Vol
2020-07-27,0.9657277324612749,0.034052580043250714,0.0002196874954744567,0.9947326579790206,0.0052599736249827255,7.36839599679067e-06,Low-Vol
2020-07-28,0.9596665179677147,0.040070116571842035,0.00026336546044328804,0.9945432387631173,0.005450730504185166,6.030732697417515e-06,Low-Vol
2020-07-29,0.9800329173413872,0.019852078204019286,0.00011500445459358153,0.9970140501566767,0.002982275132522557,3.6747108007702303e-06,Low-Vol
2020-07-30,0.971946616177837,0.027863312808810096,0.00019007101335301877,0.9954118764226646,0.0045806215024783055,7.502074857049326e-06,Low-Vol
2020-07-31,0.9538518095496467,0.04583523586930602,0.00031295458104739813,0.993399319488414,0.0065922248037439115,8.455707842154471e-06,Low-Vol
2020-08-03,0.9702092539516078,0.0295832890072548,0.00020745704113742604,0.9958478069371722,0.00414684697275154,5.346090076251136e-06,Low-Vol
2020-08-04,0.9788823526490642,0.020995747235367145,0.00012190011556861949,0.996528896397304,0.003466210692315256,4.892910380627771e-06,Low-Vol
2020-08-05,0.9533392848054545,0.04635176655366632,0.0003089486408791793,0.9935490706349097,0.006443422664164913,7.506700925263036e-06,Low-Vol
2020-08-06,0.9786032297475656,0.021271132843016512,0.00012563740941787677,0.9965508008687609,0.003444337280640418,4.861850598707646e-06,Low-Vol
2020-08-07,0.9807051670100485,0.01918633210912624,0.00010850088082527008,0.9939318547874808,0.006054524829773794,1.3620382745235842e-05,Low-Vol
2020-08-10,0.8395747146409668,0.15887140746862255,0.001553877890410794,0.9752685191296321,0.024688994278661815,4.2486591706078604e-05,Low-Vol
2020-08-11,0.9596051754420151,0.04014185571562041,0.00025296884236462256,0.9933451415773838,0.006644843850277985,1.001457233815801e-05,Low-Vol
2020-08-12,0.9531287048571917,0.04655632008997252,0.000314975052835648,0.9928419958686014,0.007147710753050695,1.0293378347927616e-05,Low-Vol
2020-08-13,0.9804300787542707,0.01945777496543955,0.00011214628028974014,0.9944103026645156,0.005577464248782428,1.2233086701973542e-05,Low-Vol
2020-08-14,0.8640856539863546,0.13474582077785366,0.0011685252357917235,0.9787538518016347,0.02121112826070804,3.5019937657312266e-05,Low-Vol
2020-08-18,0.9520384872133913,0.04762184748305591,0.00033966530355258005,0.9927505389015051,0.007238696503422137,1.0764595072603605e-05,Low-Vol
2020-08-19,0.975206143626444,0.024648902326879378,0.00014495404667668152,0.9946158102788233,0.00537389363553238,1.0296085644324272e-05,Low-Vol
2020-08-20,0.968684707991199,0.03110271925020023,0.00021257275860075885,0.9867010267991083,0.013258493971102915,4.047922978867121e-05,Low-Vol
2020-08-21,0.7920726138708132,0.20547267908294783,0.0024547070462390334,0.9584677315317545,0.041406488709450594,0.00012577975879487593,Low-Vol
2020-08-24,0.9072846153323277,0.09190351788130487,0.0008118667863674389,0.9803149979100203,0.019632126608369677,5.287548160988228e-05,Low-Vol
2020-08-25,0.9679382796962517,0.03186707865512525,0.00019464164862307548,0.9823470859921539,0.017601609072852378,5.130493499371483e-05,Low-Vol
2020-08-26,0.980124241505739,0.01976109550589946,0.0001146629883615861,0.9414088974089491,0.05839908578925785,0.00019201680179303877,Low-Vol
2020-08-27,0.8919310611563808,0.10720762018814567,0.0008613186554735605,0.6520114966885462,0.34635984511169193,0.001628658199761861,Low-Vol
2020-08-28,0.8465326654593269,0.15176403945718528,0.0017032950834878595,0.3642270493434514,0.6312314828377615,0.004541467818786966,Normal
2020-08-31,0.00734472817274778,0.967335035888021,0.025320235939231245,0.002066594773526827,0.9824986061681084,0.015434799058364663,Normal
2020-09-01,0.03620301412807849,0.9435688609232062,0.02022812494871525,0.020529688164363104,0.9678815669269892,0.0115887449086477,Normal
2020-09-02,0.01811502227870275,0.9649566705318354,0.016928307189461898,0.06578925196275492,0.9281309598712939,0.0060797881659511565,Normal
2020-09-03,0.36190623874035704,0.6335558637798693,0.0045378974797736955,0.44736532233926185,0.5506630136661957,0.0019716639945425185,Normal
2020-09-04,0.8304055641220952,0.168531975475482,0.001062460402422785,0.5012178143276601,0.49691202953025715,0.0018701561420826976,Low-Vol
2020-09-07,0.767951945684933,0.22869921239847812,0.0033488419165890303,0.2577273448948646,0.7356190950964256,0.006653560008709868,Normal
2020-09-08,0.006536501890739318,0.9723585124104618,0.02110498569879899,0.003674542907849498,0.9844044162610519,0.011921040831098588,Normal
2020-09-09,0.017433861934342487,0.9674214260644834,0.015144712001174088,0.05302514944544662,0.9408820452541298,0.006092805300423454,Normal
2020-09-10,0.09785312489382178,0.8861507741095596,0.0159961009966187,0.3712094359521749,0.6255491694605733,0.0032413945872518555,Normal
2020-09-11,0.3668945697382692,0.6276065520356303,0.005498878226100488,0.7384119437606328,0.2608671001818192,0.0007209560575480053,Low-Vol
2020-09-14,0.5483124694518807,0.44726838823853327,0.004419142309586051,0.8696928958537735,0.1299433983074577,0.0003637058387688506,Low-Vol
2020-09-15,0.8455058067446015,0.15343047028118822,0.0010637229742102529,0.941203809609219,0.058625386157569626,0.00017080423321126452,Low-Vol
2020-09-16,0.6650408900366639,0.32860516544658086,0.006353944516755274,0.9368838783099486,0.06289530038183326,0.0002208213082183252,Low-Vol
2020-09-17,0.9003376398111421,0.09889141413201728,0.0007709460568406212,0.9856777958678322,0.014303142463651084,1.906166851672349e-05,Low-Vol
2020-09-18,0.9713461831836141,0.028487034321649615,0.00016678249473618263,0.9954623688684086,0.004531504842438439,6.126289152931638e-06,Low-Vol
2020-09-21,0.9777202659198834,0.02214483266973374,0.00013490141038280992,0.9940740538789876,0.005912656628855707,1.3289492156802162e-05,Low-Vol
2020-09-22,0.9022766432922306,0.09693251319749861,0.0007908435102707671,0.9808049405386113,0.01915122094824275,4.383851314594784e-05,Low-Vol
2020-09-23,0.940869643957892,0.058710673991930966,0.0004196820501771653,0.9851473825276194,0.014815040112791234,3.7577359589414285e-05,Low-Vol
2020-09-24,0.9415949525412024,0.05793718485113871,0.00046786260765884646,0.9785048888365753,0.021421266984103335,7.384417932145969e-05,Low-Vol
2020-09-25,0.9668838441258917,0.032890244469002766,0.00022591140510552042,0.9600340028998775,0.03982002185836354,0.0001459752417589197,Low-Vol
2020-09-28,0.9824596292672226,0.017441386741950348,9.898399082697709e-05,0.8523673291776008,0.14708532616474043,0.0005473446576588373,Low-Vol
2020-09-29,0.0021009173287781526,0.9746993868668639,0.023199695804357916,0.00021791872276021945,0.983359105482723,0.016422975794516795,Normal
2020-10-05,1.3094545399523907e-05,0.9520901202343355,0.04789678522026503,3.7901650221097684e-06,0.9711678551955678,0.028828354639410088,Normal
2020-10-06,0.03318279874808759,0.9472729043812491,0.019544296870663374,0.019774895414562878,0.9693047387094066,0.010920365876030581,Normal
2020-10-07,0.36679300327159337,0.6285430069499193,0.004663989778487387,0.06864045172506973,0.9272976539527935,0.00406189432213663,Normal
2020-10-08,0.013534115465678048,0.9724550683558671,0.0140108161784548,0.015561068531714019,0.9771037075169441,0.007335223951341996,Normal
2020-10-12,0.21351081236328703,0.7792166809567336,0.007272506679979362,0.12849652400654837,0.8669486325855174,0.00455484340793434,Normal
2020-10-13,0.4162227408440057,0.5769681167463615,0.006809142409632862,0.14782292488353765,0.8464146076032424,0.005762467513219892,Normal
2020-10-14,0.10771065452420808,0.8816169420141144,0.01067240346167746,0.09914214488097443,0.8951230228313881,0.00573483228763752,Normal
2020-10-15,0.04173433711485672,0.9459679342112394,0.012297728673903767,0.16958937392619652,0.8268786328261302,0.0035319932476734627,Normal
2020-10-16,0.3384139161199093,0.6555624430378012,0.006023640842289438,0.5894731891630469,0.40889975102727677,0.001627059809676431,Low-Vol
2020-10-19,0.3413142839724629,0.6485707056598944,0.010115010367642945,0.6976363773736213,0.3007681338353159,0.0015954887910626812,Low-Vol
2020-10-20,0.7541607322314478,0.24404972549636408,0.0017895422721882028,0.8344928436443957,0.16491941362769424,0.0005877427279100357,Low-Vol
2020-10-21,0.4146103729539214,0.577606636139969,0.00778299090610965,0.8194056719440286,0.180021904494748,0.0005724235612234127,Low-Vol
2020-10-22,0.7913710724446475,0.20718886868112674,0.0014400588742257694,0.9414019218256201,0.058455932798961725,0.00014214537541818424,Low-Vol
2020-10-23,0.8684651938751559,0.13049948486056992,0.0010353212642741718,0.9559670835490214,0.04389356245490217,0.00013935399607648292,Low-Vol
2020-10-26,0.9598824639947148,0.03987419988024816,0.00024333612503702024,0.9521695621862731,0.04767548230575824,0.00015495550796869664,Low-Vol
2020-10-27,0.9817628290793665,0.018133705406720654,0.00010346551391278522,0.847480960530161,0.1519668837716797,0.0005521556981592988,Low-Vol
2020-10-28,0.0012221423606834313,0.9737519837064513,0.025025873932865286,0.0010248469424298736,0.9854391892680873,0.013535963789482868,Normal
2020-10-29,0.18984158824417918,0.8032912374615838,0.00686717429423705,0.08123354914246929,0.9143565881318577,0.004409862725673031,Normal
2020-10-30,0.10509886623643028,0.8860873033335547,0.00881383043001497,0.08765142884675879,0.9074790480996129,0.004869523053628233,Normal
2020-11-02,0.0362459161865646,0.9485828578099963,0.015171226003439085,0.149856802120655,0.8457171468418414,0.004426051037503676,Normal
2020-11-03,0.3593633918882626,0.6359224242157061,0.004714183896031246,0.5785898254631314,0.42001485309144937,0.001395321445419051,Low-Vol
2020-11-04,0.6935155975082803,0.304054190124862,0.0024302123668577657,0.6705027420629086,0.32809122569966215,0.0014060322374293641,Low-Vol
2020-11-05,0.8512494861531894,0.14735255797851354,0.0013979558682970775,0.629466911605661,0.36859407435761604,0.0019390140367228897,Low-Vol
2020-11-06,0.09092185596416673,0.8960475338365566,0.013030610199276614,0.4228427862533464,0.5755796551165905,0.0015775586300629605,Normal
2020-11-09,0.5729113103705822,0.4240586444326896,0.0030300451967281176,0.8825975140554061,0.11717212338253982,0.00023036256205396344,Low-Vol
2020-11-10,0.7189486483961164,0.27824144056303357,0.002809911040850037,0.9481924757346782,0.05170565348162014,0.00010187078370163141,Low-Vol
2020-11-11,0.9004648415707369,0.09880873547410698,0.0007264229551560828,0.9857792137495236,0.014203216013079476,1.757023739702307e-05,Low-Vol
2020-11-12,0.96716126310438,0.03262586212291362,0.00021287477270631427,0.9956365467336302,0.004358800534083521,4.652732286298332e-06,Low-Vol
2020-11-13,0.9797204614191195,0.020156108301870986,0.00012343027900952545,0.9973809198118578,0.0026165714138807724,2.5087742613888984e-06,Low-Vol
2020-11-16,0.9842012294936988,0.01571017553114843,8.859497515280394e-05,0.9979117907319841,0.002086240718159234,1.9685498566534985e-06,Low-Vol
2020-11-17,0.9826831631629463,0.01722037871305668,9.645812399692573e-05,0.9975739107234461,0.002423522206092368,2.5670704614399496e-06,Low-Vol
2020-11-18,0.9745209903323445,0.025311803522640303,0.0001672061450151543,0.9966102178646001,0.0033860518793744966,3.730256025338954e-06,Low-Vol
2020-11-19,0.9804476338839477,0.019437217220057746,0.00011514889599445622,0.9973934805933702,0.0026039010038419164,2.6184027879060146e-06,Low-Vol
2020-11-20,0.9835003283932976,0.016405074609511988,9.45969971903635e-05,0.9974072435675251,0.0025893188022423005,3.4376302326930346e-06,Low-Vol
2020-11-23,0.9643997215923958,0.03537088745342725,0.00022939095417685523,0.9945806920726482,0.005411770365874082,7.537561477775631e-06,Low-Vol
2020-11-24,0.9756354701430117,0.02422166964939482,0.00014286020759353315,0.9947140109054688,0.005275853468371767,1.0135626159312336e-05,Low-Vol
2020-11-25,0.9752415456991055,0.02459970937218296,0.00015874492871164299,0.9867625152731707,0.013196914034007752,4.057069282156588e-05,Low-Vol
2020-11-26,0.9646101523379735,0.035157857395126134,0.0002319902669003777,0.9462852997094922,0.05352149038551504,0.00019320990499251185,Low-Vol
2020-11-27,0.9760370516042514,0.02381314067402934,0.00014980772171928762,0.807488650506119,0.1916695868045562,0.0008417626893248973,Low-Vol
2020-11-30,0.000135520719009315,0.9654424417814784,0.03442203749951209,1.4104339659293912e-05,0.9769219022084984,0.023063993451842388,Normal
2020-12-01,3.298038508040623e-06,0.9595836571869055,0.0404130447745863,1.1274009996012917e-06,0.9772864033660743,0.022712469232926046,Normal
2020-12-02,0.0033298216636802784,0.9768249037406209,0.019845274595698847,0.025581219311160676,0.971210780854264,0.00320799983457511,Normal
2020-12-03,0.4483816452416563,0.5478716599895533,0.0037466947687903175,0.8568593947048906,0.14296072016450895,0.00017988513060040594,Low-Vol
2020-12-04,0.8460202269398007,0.15293874945749067,0.0010410236027085485,0.9703068515957763,0.02964136063234544,5.17877718782059e-05,Low-Vol
2020-12-07,0.8974688742882726,0.10175390133622143,0.0007772243755059897,0.9837477786733142,0.01622650406664192,2.571726004388001e-05,Low-Vol
2020-12-08,0.9615593198809889,0.03820595419337008,0.00023472592564108827,0.9925107053533168,0.007476008218416785,1.3286428266383898e-05,Low-Vol
2020-12-09,0.9218940790639082,0.0775679336830773,0.000537987253014467,0.9886968783895315,0.011288956579562377,1.4165030906221805e-05,Low-Vol
2020-12-10,0.965077870715905,0.03470933551534488,0.00021279376875002606,0.9953267128323147,0.0046685508060798995,4.7363616054341176e-06,Low-Vol
2020-12-11,0.9787769076034979,0.021101742524530787,0.00012134987197134031,0.9972496926734252,0.0027478186792547956,2.4886473200570467e-06,Low-Vol
2020-12-14,0.9838390815861376,0.016069765163653413,9.115325020889203e-05,0.997859123861683,0.002138837526758144,2.0386115589585178e-06,Low-Vol
2020-12-15,0.9819368158811794,0.017962514747549473,0.00010066937127101683,0.9975355786194324,0.002461946216155879,2.475164411659648e-06,Low-Vol
2020-12-16,0.983146567095285,0.016756411866290195,9.702103842484126e-05,0.9970440819895294,0.0029513567806383014,4.561229832228426e-06,Low-Vol
2020-12-17,0.9600180042350763,0.039665325488246986,0.000316670276676731,0.9923811651071791,0.007601383333273116,1.745155954778135e-05,Low-Vol
2020-12-18,0.9741014821487121,0.025727331020237647,0.0001711868310503368,0.9891776143641197,0.010790329425142468,3.20562107378702e-05,Low-Vol
2020-12-21,0.8702214073324755,0.12865684738500913,0.0011217452825153225,0.9608359635321753,0.039034287409413095,0.0001297490584116665,Low-Vol
2020-12-22,0.9466888655525266,0.05295081937395167,0.0003603150735217409,0.9598992799502847,0.0399655427287855,0.00013517732092970208,Low-Vol
2020-12-23,0.5782096191866632,0.41763886534759226,0.0041515154657445355,0.9020889280127194,0.09769861981228274,0.00021245217499794793,Low-Vol
2020-12-24,0.8665921317129196,0.1324107365917113,0.0009971316953692757,0.9703624759447556,0.029569129758169384,6.839429707513842e-05,Low-Vol
2020-12-28,0.9703585736961693,0.029470357548910385,0.00017106875492029,0.9776845446111255,0.022250282253519705,6.517313535482889e-05,Low-Vol
2020-12-29,0.9775876575845378,0.02227902826140724,0.00013331415405488673,0.9157159799488858,0.08399795433594426,0.0002860657151700554,Low-Vol
2020-12-30,0.9119548352809195,0.08738691721685954,0.0006582475022209439,0.5437162463246334,0.45426092417140423,0.0020228295039622975,Low-Vol
2020-12-31,0.36893740862548063,0.6245087060681596,0.00655388530635976,0.056888400553583594,0.9364882859547392,0.006623313491677132,Normal
2021-01-04,2.451649774926241e-05,0.9628918529112541,0.037083630590996626,2.64091534049134e-06,0.9781438282844201,0.021853530800239267,Normal
2021-01-05,4.623357382823851e-05,0.9673331172475697,0.032620649178601975,0.00033744029346534946,0.9931429234674797,0.006519636239055032,Normal
2021-01-06,0.32972015202532645,0.6645400977790951,0.005739750195578499,0.7825334940232797,0.21711611883710405,0.0003503871396164104,Low-Vol
2021-01-07,0.7623855682422455,0.235974893539855,0.0016395382178995548,0.9547129088166333,0.04521609036535158,7.100081801515986e-05,Low-Vol
2021-01-08,0.94476648969998,0.05489731077955253,0.000336199520467446,0.9831249256115495,0.016834780890343196,4.0293498107346936e-05,Low-Vol
2021-01-11,0.8552051501792834,0.143551446155933,0.001243403664783493,0.9704968304163427,0.029432947740745324,7.022184291201573e-05,Low-Vol
2021-01-12,0.8687595455460632,0.13026596476385593,0.0009744896900808083,0.9813577815812746,0.01862084459545149,2.1373823273944138e-05,Low-Vol
2021-01-13,0.9701938975436427,0.02963408523497508,0.0001720172213822805,0.9960315055897949,0.003964684817852894,3.8095923521239553e-06,Low-Vol
2021-01-14,0.9828117285804276,0.017091044027431963,9.722739214037252e-05,0.9973688747418579,0.0026278134794083734,3.3117787337731294e-06,Low-Vol
2021-01-15,0.966804748475024,0.03294405563478331,0.00025119589019273155,0.9950502142828829,0.004941928101189451,7.857615927745751e-06,Low-Vol
2021-01-18,0.9790684230112979,0.020810866141382188,0.0001207108473197977,0.9951694438701466,0.004821177256237944,9.378873615548057e-06,Low-Vol
2021-01-19,0.9004144274187122,0.0988569575161444,0.0007286150651433144,0.9853383949008083,0.014642118600874535,1.948649831703719e-05,Low-Vol
2021-01-20,0.9694047260088453,0.030405853381447714,0.00018942060970689393,0.9947776577974434,0.005214039541429306,8.302661127330815e-06,Low-Vol
2021-01-21,0.9843358957050777,0.01557901157359235,8.509272132990327e-05,0.992377780917544,0.007602634018101633,1.958506435421668e-05,Low-Vol
2021-01-22,0.9516289524112544,0.0479533253752685,0.0004177222134769699,0.955465010300298,0.04433446224864851,0.00020052745105354132,Low-Vol
2021-01-25,0.971553027845431,0.028263478672134943,0.00018349348243408044,0.8797237004450139,0.11982956630666751,0.0004467332483185252,Low-Vol
2021-01-26,0.8878095009993032,0.11126826254022085,0.0009222364604760133,0.4623047921290053,0.5350265680667643,0.002668639804230312,Normal
2021-01-27,0.0309932276734106,0.9533098125209555,0.015696959805633806,0.023447386334731462,0.9679821955033404,0.008570418161928274,Normal
2021-01-28,0.482718654710722,0.5136116231208672,0.0036697221684107565,0.09019506842293397,0.9058629772557119,0.003941954321354329,Normal
2021-01-29,0.002501820339050001,0.978208381068193,0.01928979859275707,0.002900977095729511,0.9867347169567293,0.010364305947541095,Normal
2021-02-01,0.040310679316877956,0.9412177216205985,0.01847159906252366,0.118609530024737,0.8744648851360858,0.006925584839177259,Normal
2021-02-02,0.10838520605101513,0.8813427628026993,0.010272031146285599,0.41688162214829055,0.5813501544612909,0.0017682233904185592,Normal
2021-02-03,0.35481595509424185,0.6403966275597207,0.004787417346037418,0.7878138363916991,0.21184430631162698,0.00034185729667400366,Low-Vol
2021-02-04,0.7449739194449151,0.2533483272810997,0.0016777532739852758,0.9416789497693274,0.05821244968510365,0.00010860054556889492,Low-Vol
2021-02-05,0.9096635409305764,0.08964871997328769,0.0006877390961360487,0.9699495633670566,0.029958058055413572,9.237857752976319e-05,Low-Vol
2021-02-08,0.761437792975171,0.23519505875810146,0.0033671482667275987,0.9598463387598294,0.04005080653036158,0.00010285470980904889,Low-Vol
2021-02-09,0.9337757237366273,0.0657912506611949,0.0004330256021777663,0.99022034432835,0.009767206736517117,1.2448935132880182e-05,Low-Vol
2021-02-10,0.973336597062015,0.02649370096011087,0.00016970197787413049,0.9949160395080535,0.005074568920154761,9.391571791677447e-06,Low-Vol
2021-02-15,0.9367480189825415,0.06260352733842335,0.0006484536790352064,0.9899529416002965,0.010023969892052434,2.3088507651159414e-05,Low-Vol
2021-02-16,0.9694820445582992,0.030321105481033214,0.00019684996066758752,0.9930565516473018,0.006928546517276653,1.4901835421439265e-05,Low-Vol
2021-02-17,0.9071435829155843,0.0921930505170609,0.0006633665673548547,0.9848385746872245,0.015137304007869081,2.4121304906543344e-05,Low-Vol
2021-02-18,0.9615440675823267,0.03821648507178374,0.00023944734588966012,0.9917354484773389,0.008248082520999013,1.6469001662130663e-05,Low-Vol
2021-02-19,0.947654866886136,0.05199540472382723,0.0003497283900368184,0.9858844513843605,0.014080298824295838,3.524979134360055e-05,Low-Vol
2021-02-22,0.9584557108754026,0.04122594726163355,0.0003183418629639386,0.9764307571128849,0.023482151191393477,8.709169572160748e-05,Low-Vol
2021-02-23,0.9753336701042352,0.024522399896539544,0.00014392999922514338,0.9352633851439118,0.06451605642055987,0.00022055843552838903,Low-Vol
2021-02-24,0.8969601670503698,0.10175763492385101,0.0012821980257793327,0.6807353038575021,0.3168571441966458,0.002407551945852125,Low-Vol
2021-02-25,0.8685131842539181,0.13021490603069324,0.0012719097153886633,0.4028104982895232,0.5910085716914764,0.006180930019000323,Normal
2021-02-26,4.801649250828125e-05,0.9389831772679226,0.06096880623956919,4.748266364955436e-06,0.9141067452599152,0.08588850647371961,Normal
2021-03-02,2.4300243782657643e-12,0.6673053566581285,0.3326946433394414,5.292309288001217e-12,0.8063413469263921,0.1936586530683156,Normal
2021-03-03,0.14818842090167347,0.8300813784835764,0.021730200614750034,0.16087414490003973,0.8278058613313928,0.0113199937685675,Normal
2021-03-04,0.43436521042597304,0.5607985680233993,0.004836221550627618,0.23899161814414407,0.7570662930196275,0.003942088836228387,Normal
2021-03-05,0.7171828359792642,0.28059151173011304,0.002225652290622831,0.2065756624612542,0.7833899403233094,0.010034397215436258,Normal
2021-03-08,0.042635326555986466,0.8848812761287287,0.07248339731528478,0.003928281125613574,0.8182131612080857,0.17785855766630063,Normal
2021-03-09,7.435901148459701e-07,0.41390964239099765,0.5860896140188875,7.542172225551757e-07,0.5608197334698759,0.43917951231290164,Normal
2021-03-10,0.041943473478526325,0.8908486337788638,0.06720789274260985,0.04607215128915329,0.9177760472768075,0.03615180143403936,Normal
2021-03-11,0.4533726834080484,0.54116460970386,0.005462706888091509,0.14187849793698057,0.8529112897369099,0.00521021232610943,Normal
2021-03-12,0.0884918573122129,0.8932182660170201,0.01828987667076676,0.07827106868339258,0.9117538960634116,0.0099750352531958,Normal
2021-03-15,0.3823087073603354,0.612289665504396,0.005401627135268485,0.1479270693288068,0.847779480942378,0.004293449728815232,Normal
2021-03-16,0.03420516899924488,0.9506998500542886,0.015094980946466508,0.1112791983099292,0.8832656505188101,0.005455151171260746,Normal
2021-03-17,0.3135740351987345,0.6810044120174453,0.005421552783820188,0.4461516310371567,0.5517164303593837,0.00213193860345947,Normal
2021-03-18,0.617290505009262,0.3797185327173441,0.0029909622733939024,0.5271225664101615,0.4707710813931646,0.002106352196673923,Low-Vol
2021-03-19,0.5296919393143551,0.4628089429528462,0.007499117732798685,0.48444074641989077,0.510918264849243,0.0046409887308661414,Normal
2021-03-22,0.46722270221221185,0.5231821398290544,0.009595157958733804,0.47074166920282884,0.5242150521366066,0.005043278660564631,Normal
2021-03-23,0.7404718922430567,0.25751228667157783,0.0020158210853654687,0.48051683342428064,0.5171644044054027,0.0023187621703166413,Normal
2021-03-24,0.7933064930251262,0.2047263929040663,0.0019671140708074557,0.34394152063116507,0.6520213941773678,0.004037085191467057,Normal
2021-03-25,0.08227715169135112,0.889340189820606,0.02838265848804296,0.08744290887519611,0.8975419462891202,0.015015144835683687,Normal
2021-03-26,0.26170547640906583,0.7312951487566008,0.006999374834333378,0.17565024060378037,0.8199635879118317,0.004386171484388102,Normal
2021-03-29,0.6521571447607221,0.34536570694329555,0.002477148295982421,0.19269639464143076,0.8019721990582377,0.005331406300331539,Normal
2021-03-30,0.308159576531993,0.6777683309282992,0.014072092539707839,0.04027048106628339,0.8982488501312731,0.06148066880244355,Normal
2021-03-31,4.368136263777112e-11,0.6902303960839319,0.3097696038723868,3.3094762568280795e-12,0.5198454499713722,0.4801545500253185,Normal
2021-04-01,3.296008512726278e-15,0.3600986894576217,0.639901310542375,9.67320660228151e-16,0.48646919853108284,0.5135308014689162,High-Vol
2021-04-02,0.006992079056495419,0.899921143367096,0.09308677757640839,0.007290429654445806,0.9397383204967676,0.05297124984878665,Normal
2021-04-05,0.08006879129724993,0.8980755807897464,0.021855627913003658,0.10185165782124628,0.8871101338390046,0.011038208339749158,Normal
2021-04-06,0.42051980353527413,0.5743592029180086,0.0051209935467174,0.2128390023885167,0.7831760933192733,0.003984904292210037,Normal
2021-04-07,0.6763788932395173,0.32113771844969613,0.0024833883107867093,0.17913149560435818,0.8155966907466019,0.005271813649039975,Normal
2021-04-08,0.027379746955534287,0.9068588181572454,0.06576143488722017,0.0031402048519703976,0.948567081786528,0.04829271336150158,Normal
2021-04-09,0.005119849793466133,0.9357059901340323,0.05917416007250159,0.000934420594036414,0.9632792537678793,0.03578632563808441,Normal
2021-04-12,0.00727594419436112,0.9740350865086077,0.018688969297031018,0.008468131623868131,0.9818049840405921,0.009726884335539686,Normal
2021-04-13,0.3968519858593353,0.5985282062012389,0.004619807939425707,0.12371567221157577,0.8723415378367371,0.003942789951687197,Normal
2021-04-14,0.05114450829877281,0.9349373897299625,0.013918101971264698,0.07575858643515347,0.9173363389513854,0.006905074613460983,Normal
2021-04-15,0.036557537365628626,0.9339599040685753,0.029482558565796013,0.21621369424621356,0.7789632642509314,0.004823041502855204,Normal
2021-04-16,0.43431133380365605,0.5608539919110146,0.0048346742853293805,0.8273612327048445,0.17227726197142937,0.0003615053237262346,Low-Vol
2021-04-19,0.757233791399815,0.24080483288168722,0.0019613757184976876,0.940844350992406,0.05901050217374065,0.00014514683385316932,Low-Vol
2021-04-20,0.8094768617590338,0.1887340659641188,0.0017890722768474686,0.9652407477005117,0.03468427047469585,7.498182479240577e-05,Low-Vol
2021-04-21,0.9215432803223563,0.07781513549925062,0.0006415841783931048,0.985722937616176,0.014246164154077907,3.089822974610507e-05,Low-Vol
2021-04-22,0.9707286292522399,0.029094813750088943,0.0001765569976711835,0.9886919128268726,0.011277935778427154,3.0151394700221952e-05,Low-Vol
2021-04-23,0.9428306167524344,0.056658762897028404,0.0005106203505371937,0.9640969599511205,0.0357449052584365,0.0001581347904429775,Low-Vol
2021-04-26,0.6692409622366542,0.3263081407556527,0.004450897007693028,0.919342927396442,0.08035266376876873,0.0003044088347892622,Low-Vol
2021-04-27,0.886242906153644,0.11284119244056791,0.0009159014057881136,0.9621508973963586,0.037726069856187254,0.00012303274745414765,Low-Vol
2021-04-28,0.9658033649144481,0.033988982352462435,0.00020765273308956725,0.9556891558249156,0.04416505191567143,0.0001457922594127388,Low-Vol
2021-04-29,0.973370141968682,0.02644777406139959,0.0001820839699183765,0.8392504741809681,0.16005999495938839,0.0006895308596435473,Low-Vol
2021-04-30,0.7492845163173053,0.2458765800470942,0.004838903635600464,0.23650788612528875,0.754075682077603,0.009416431797108346,Normal
2021-05-03,0.0006411347911012932,0.9732005523095364,0.026158312899362334,8.164122196585885e-05,0.9847147829674174,0.015203575810616779,Normal
2021-05-04,0.0003282404318110505,0.9694713055861378,0.030200453982051154,0.0025449082694932136,0.9921912797314825,0.005263811999024443,Normal
2021-05-06,0.3955357235601804,0.5998214333279127,0.00464284311190699,0.8358412192119778,0.16395276715467705,0.00020601363334511643,Low-Vol
2021-05-07,0.8350477141469889,0.16389228113701015,0.0010600047160009873,0.9744718974675932,0.025499356922817046,2.8745609589732628e-05,Low-Vol
2021-05-10,0.9512918631827882,0.04837412522153038,0.0003340115956813269,0.9933329079481454,0.006659266957612952,7.825094241614543e-06,Low-Vol
2021-05-11,0.979244944810742,0.0206322682213777,0.00012278696788033358,0.9967404679161693,0.0032550835240160486,4.448559814735182e-06,Low-Vol
2021-05-12,0.9643640156364315,0.03534814015202994,0.00028784421153861577,0.9944651481200677,0.005524848112760063,1.0003767172123274e-05,Low-Vol
2021-05-13,0.9735492923933977,0.026284952764297334,0.00016575484230492313,0.9942627892197093,0.005725650169055059,1.1560611235546568e-05,Low-Vol
2021-05-14,0.9099487867307889,0.0893638195477832,0.0006873937214278028,0.9865860273491499,0.013394585333038216,1.9387317811914775e-05,Low-Vol
2021-05-17,0.960100118811217,0.03962076961609115,0.0002791115726917885,0.9944728934717807,0.005520190446332401,6.91608188704615e-06,Low-Vol
2021-05-18,0.9756161286226267,0.024225814611446624,0.00015805676592675212,0.9965518008795023,0.0034439010471229185,4.298073374731703e-06,Low-Vol
2021-05-20,0.9807090193958646,0.019180568358599798,0.00011041224553559876,0.996338410772072,0.003655473170493201,6.116057434725601e-06,Low-Vol
2021-05-21,0.9756920187074347,0.024153392145547656,0.00015458914701757154,0.9905074542558865,0.009465966363843161,2.6579380270327936e-05,Low-Vol
2021-05-24,0.9559550522751771,0.0437376858995394,0.00030726182528349505,0.9647430022070672,0.03513128794172224,0.00012570985121059832,Low-Vol
2021-05-25,0.9708569256379458,0.028965254777924703,0.0001778195841294492,0.900427949269301,0.09921869316796918,0.00035335756273003135,Low-Vol
2021-05-26,0.9267735908920558,0.07255583798813019,0.0006705711198139885,0.5663312206613978,0.43090312030561523,0.0027656590329870247,Low-Vol
2021-05-27,0.004633784227924683,0.9572583268586883,0.0381078889133871,0.0005834582034960538,0.9759888860490119,0.02342765574749207,Normal
2021-05-28,0.013329536171440282,0.9683665917103909,0.018303872118168873,0.0023556395456758466,0.9862641149609327,0.011380245493391422,Normal
2021-05-31,0.0015413363952564547,0.9559403890379828,0.04251827456676078,0.008785857570679057,0.9791299700634578,0.012084172365863106,Normal
2021-06-01,0.3404549835597156,0.654180138965232,0.005364877475052448,0.610573684911769,0.3881083364773367,0.0013179786108944705,Low-Vol
2021-06-02,0.561688675494731,0.43498129392788676,0.003330030577382186,0.7236646932349214,0.27534395922433613,0.0009913475407423338,Low-Vol
2021-06-03,0.8202353372593097,0.17839317472559896,0.0013714880150912402,0.7546423504715776,0.24428383069699705,0.0010738188314254086,Low-Vol
2021-06-04,0.5633796342929885,0.4285691678538191,0.008051197853192495,0.6619822589284279,0.33488554943513743,0.003132191636434632,Low-Vol
2021-06-07,0.8014036868124248,0.19704894397513756,0.0015473692124376944,0.6764206370404985,0.3221460627083004,0.0014333002512011597,Low-Vol
2021-06-08,0.8746269850877738,0.12427185490827855,0.0011011600039476386,0.5627055414280098,0.4342929442809733,0.003001514291016933,Low-Vol
2021-06-09,0.7847592775670158,0.2131826962671423,0.002058026165841845,0.25580403257215084,0.7152113207602933,0.028984646667555895,Normal
2021-06-10,4.5978263271871855e-06,0.23306633248556796,0.7669290696881049,1.5964208378778803e-05,0.39441442524724085,0.6055696105443805,High-Vol
2021-06-11,0.2091569784692304,0.7510098851007064,0.03983313643006305,0.11326430442875904,0.8610928860107315,0.025642809560509464,Normal
2021-06-14,0.26267859898841567,0.7288040771562612,0.008517323855323151,0.12540986114559993,0.8683103968506704,0.0062797420037296395,Normal
2021-06-15,0.09290466018926713,0.8795200528911505,0.027575286919582293,0.12329823628608931,0.8630443171768986,0.013657446537012173,Normal
2021-06-16,0.5926590392065068,0.4043012509640552,0.0030397098294379023,0.23642557665306904,0.7601068131772637,0.003467610169667261,Normal
2021-06-17,0.4717438503755165,0.5187874957087033,0.009468653915780232,0.1324657526826943,0.8579795530792134,0.009554694238092295,Normal
2021-06-18,0.3816297755908683,0.6118348585234519,0.006535365885679717,0.059212224105297126,0.9296194784210732,0.01116829747362968,Normal
2021-06-21,0.00012657456688868827,0.899306061636909,0.10056736379620244,1.3217137876322517e-05,0.9002248050877407,0.09976197777438281,Normal
2021-06-22,0.0005818732464066838,0.8138525227003304,0.185565604053263,0.000204405979504533,0.8854161552490162,0.11437943877147923,Normal
2021-06-23,0.08471272376302665,0.8983096841404541,0.01697759209651924,0.022436717664321728,0.9667032930216263,0.01085998931405203,Normal
2021-06-24,0.17417294179924306,0.8124187554426924,0.013408302758064455,0.02874132285209862,0.961570072793232,0.009688604354669285,Normal
2021-06-25,0.016034216150024334,0.963163421292113,0.0208023625578627,0.01154978725945416,0.9769402877668723,0.011509924973673601,Normal
2021-06-28,0.11047878815429206,0.8803592153421773,0.009161996503530508,0.07659686797980088,0.9182005953858815,0.0052025366343176616,Normal
2021-06-29,0.564647425149287,0.43225966448355674,0.0030929103671562905,0.12333505033834637,0.8725980171312264,0.004066932530427356,Normal
2021-06-30,0.06229804885804117,0.9253803827318186,0.012321568410140257,0.006684839406804021,0.9758916318814955,0.01742352871170059,Normal
2021-07-01,1.0720506519057495e-09,0.7859234763755971,0.21407652255235216,1.3767020942940922e-10,0.8604158603119457,0.13958413955038398,Normal
2021-07-02,0.012557341362459529,0.9566408285691864,0.03080183006835408,0.0014198036588500137,0.9794029063092372,0.019177290031912916,Normal
2021-07-05,0.008901446736682937,0.9759686792530686,0.01512987401024848,0.0009243785175428873,0.9872218371795892,0.011853784302867772,Normal
2021-07-06,1.1182761526240982e-06,0.9505360892585718,0.049462792465275504,1.1580125006352447e-07,0.959328141358762,0.04067174283998786,Normal
2021-07-07,4.37281909253657e-06,0.9083474216467508,0.09164820553415678,8.40601488366648e-07,0.9433069174762896,0.05669224192222216,Normal
2021-07-08,0.0034401553399053143,0.9665450678616877,0.03001477679840695,0.008769652395152143,0.9778051667615413,0.013425180843306475,Normal
2021-07-09,0.3153714807842108,0.6790142735416851,0.0056142456741041,0.2741104586011491,0.7226636708382358,0.0032258705606151967,Normal
2021-07-12,0.806756891484833,0.19202122500612015,0.001221883509046937,0.30015129080424136,0.6961846062105035,0.0036641029852551217,Normal
2021-07-13,0.00046091644376823317,0.9264943808158781,0.07304470274035366,0.00012480082312463488,0.9539490654348516,0.04592613374202372,Normal
2021-07-14,0.14756587748704578,0.8410743846351487,0.011359737877805498,0.017316137234579372,0.9657644646313626,0.01691939813405822,Normal
2021-07-15,0.0006293437625974133,0.7981112059076612,0.20125945032974144,0.00010466576147982597,0.8680268863679687,0.13186844787055155,Normal
2021-07-16,0.020878638170615926,0.9427282161777552,0.03639314565162889,0.005013414971267835,0.9732529853025328,0.021733599726199378,Normal
2021-07-19,0.12796278821682905,0.8626569226353932,0.00938028914777776,0.017015408396143725,0.9755235800433784,0.0074610115604778395,Normal
2021-07-20,0.0015323840818688332,0.9397140142482567,0.05875360166987451,0.003789087310056131,0.9689594320402262,0.027251480649717722,Normal
2021-07-21,0.24371007459841115,0.7484498652971215,0.007840060104467418,0.25435369021193205,0.7415554283250159,0.004090881463052038,Normal
2021-07-22,0.451035034942803,0.5438366485237436,0.005128316533453527,0.31119039615544025,0.6852106666595366,0.003598937185023211,Normal
2021-07-23,0.29612654112495174,0.6963657949493426,0.007507663925705762,0.2897585679638228,0.7061891109382654,0.004052321097911696,Normal
2021-07-26,0.3905819163478957,0.6033631616806773,0.006054921971426974,0.33009740942076365,0.6662950606222532,0.0036075299569831875,Normal
2021-07-27,0.832326522485863,0.16656666632796444,0.0011068111861724866,0.3384754429795286,0.6584237717637121,0.0031007852567592692,Normal
2021-07-28,0.0012394704088939106,0.9552933808805959,0.04346714871051014,0.0003722565692152261,0.9732906153299716,0.026337128100813165,Normal
2021-07-29,0.17490087912797722,0.8146159856958223,0.010483135176200425,0.021259869588947142,0.9669698572006092,0.011770273210443629,Normal
2021-07-30,5.444525681392966e-05,0.9678918523484951,0.03205370239469103,5.243747800224026e-06,0.9299089332450274,0.07008582300717221,Normal
2021-08-02,2.3059021126516775e-16,0.48331155288991956,0.5166884471100802,8.052443375846296e-16,0.6771160195672103,0.32288398043278893,Normal
2021-08-03,0.07031788554468882,0.8814046959862324,0.048277418469078834,0.19986113853837406,0.7829049458726453,0.017233915588980773,Normal
2021-08-04,0.14143012982046696,0.8480575561617889,0.010512314017744127,0.4687712360422638,0.5293158961832489,0.0019128677744873438,Normal
2021-08-05,0.6633247132342185,0.33452113610553336,0.0021541506602481154,0.7742229466057267,0.22506301785630525,0.0007140355379680345,Low-Vol
2021-08-06,0.5302793697160298,0.46340537194948955,0.006315258334480511,0.777852941524841,0.2209014265562246,0.0012456319189343668,Low-Vol
2021-08-09,0.7282816461297038,0.2692525110040427,0.0024658428662534095,0.834214830781205,0.1650665785133364,0.0007185907054587121,Low-Vol
2021-08-10,0.9284715275773281,0.07107931834966777,0.00044915407300414283,0.830012269316518,0.16938766958585616,0.0006000610976259705,Low-Vol
2021-08-11,0.9368454480962521,0.0626922193192783,0.00046233258446957536,0.6142700220921423,0.3840664294920473,0.0016635484158104433,Low-Vol
2021-08-12,0.004708745409059362,0.9750879413315707,0.020203313259369967,0.023782522425192677,0.9701092822074209,0.006108195367386234,Normal
2021-08-13,0.443175747536703,0.5530243057972809,0.0037999466660160195,0.5653139338234624,0.43323922248894936,0.0014468436875883265,Low-Vol
2021-08-17,0.2210955631750907,0.7703434586046615,0.008560978220247796,0.6097650202641234,0.38901117109138905,0.0012238086444877352,Low-Vol
2021-08-18,0.6073313409446409,0.3898279293463269,0.0028407297090323022,0.8390000350205502,0.16053060927176616,0.0004693557076836088,Low-Vol
2021-08-19,0.7604409927022194,0.23703659562085175,0.002522411676928791,0.8811637860639433,0.11826752418500411,0.0005686897510526476,Low-Vol
2021-08-20,0.9349043673996503,0.06466740179030661,0.0004282308100431044,0.8812493627182456,0.11831482120661602,0.00043581607513829994,Low-Vol
2021-08-23,0.9567309826255029,0.042942357278888704,0.00032666009560828815,0.7187142066772092,0.27992799830195564,0.0013577950208351602,Low-Vol
2021-08-24,0.2517933867579386,0.7354419775043566,0.012764635737704777,0.07836478302910733,0.9086105815047943,0.013024635466098368,Normal
2021-08-25,0.4267624688847474,0.5684960677886616,0.004741463326590956,0.062225704720160535,0.8887480733693374,0.049026221910501974,Normal
2021-08-26,1.348753238330881e-77,1.427462663978029e-08,0.9999999857253734,2.17559526984798e-78,2.2358706732772055e-08,0.9999999776412933,High-Vol
2021-08-27,2.0877107271145777e-06,0.747362351629052,0.25263556066022097,1.7207118211971682e-06,0.8456179662151757,0.15438031307300315,Normal
2021-08-30,0.32354291237090216,0.6633146838903832,0.013142403738714668,0.0611853620677106,0.9281093583211592,0.010705279611130334,Normal
2021-08-31,0.15128914052125814,0.8400057578359899,0.008705101642752053,0.01809384455964295,0.9754713453018053,0.00643481013855175,Normal
2021-09-01,0.0002929208490487987,0.9761135131064325,0.023593566044518788,3.0392880933430156e-05,0.9845226297886913,0.015446977330375339,Normal
2021-09-02,2.0348165201390847e-07,0.9436468212561756,0.05635297526217248,9.795662403987806e-07,0.9809716752333119,0.0190273452004477,Normal
2021-09-03,0.13840425240124235,0.8517234053088855,0.009872342289872278,0.5005699798414694,0.49801605174132063,0.0014139684172100498,Low-Vol
2021-09-06,0.6040959715173846,0.39302871184107563,0.0028753166415397395,0.8377309889872211,0.1618011806413903,0.00046783037138863894,Low-Vol
2021-09-07,0.918347630629826,0.08115382119255768,0.0004985481776161057,0.8807390234215505,0.1188570032421264,0.00040397333632328624,Low-Vol
2021-09-08,0.9405950930227344,0.05892502372409655,0.0004798832531690305,0.7581646635784047,0.24047233815940042,0.0013629982621948691,Low-Vol
2021-09-09,0.8555458284784437,0.1427171513345345,0.001737020187021846,0.3703911987502481,0.614213752664306,0.015395048585445778,Normal
2021-09-10,2.2338246221105672e-13,0.6257903061907788,0.3742096938089978,1.3807816877438555e-13,0.7490910497642282,0.25090895023563375,Normal
2021-09-13,0.2690044755069317,0.7103253688959413,0.020670155597127,0.03668776678469578,0.9430907402548485,0.020221492960455844,Normal
2021-09-14,5.705995108306812e-07,0.9375717125345373,0.06242771686595184,3.175870114468183e-07,0.9639615286861523,0.036038153726836435,Normal
2021-09-15,0.013462532020605504,0.9647751867105053,0.02176228126888909,0.04765536847790189,0.9441847750063777,0.008159856515720511,Normal
2021-09-16,0.3199174521598933,0.6745275254151428,0.005555022424963857,0.41943192018963915,0.5782023751841819,0.0023657046261789444,Normal
2021-09-17,0.6189214708017255,0.3781095647906772,0.0029689644075971736,0.48820224729921424,0.5095904932124692,0.00220725948831664,Normal
2021-09-23,0.8030032805567271,0.19539889596252755,0.001597823480745368,0.43450803559846124,0.5626557885000927,0.002836175901446126,Normal
2021-09-24,0.5499249909110234,0.44065205983644273,0.009422949252534037,0.20418888177409852,0.7861194691553041,0.009691649070597356,Normal
2021-09-27,0.5326742703667323,0.46308462535307143,0.004241104280196267,0.11364144661930184,0.8808474993264217,0.005511054054276299,Normal
2021-09-28,0.03937726222959068,0.9340466607385742,0.02657607703183512,0.010508565968390485,0.9664996383920408,0.022991795639568883,Normal
2021-09-29,0.21173057026660796,0.7810558071684335,0.007213622564958539,0.023274923999206002,0.9205193139421893,0.05620576205860479,Normal
2021-09-30,6.905738999992386e-35,0.0029467338288381296,0.997053266171162,9.827404353046617e-37,0.0004493075469408747,0.9995506924530592,High-Vol
2021-10-01,1.3593565966720469e-34,0.00034807793164878077,0.9996519220683513,2.178140775297994e-35,0.0005412312320358065,0.999458768767964,High-Vol
2021-10-05,2.7120673844841292e-05,0.7962002243167029,0.20377265500945227,2.957580055916403e-06,0.8390497368628249,0.1609473055571191,Normal
2021-10-06,0.0006762807966262662,0.8843823312409651,0.11494138796240858,7.534700975558304e-05,0.924875897477342,0.07504875551290247,Normal
2021-10-07,0.0013665969235389054,0.9726860543835385,0.02594734869292262,0.00038383594821697425,0.9779304572308878,0.02168570682089537,Normal
2021-10-08,0.17917360281237488,0.8106560455108913,0.010170351676733708,0.01967063459511529,0.9249061094854544,0.05542325591943041,Normal
2021-10-12,1.602277725195101e-15,0.19513932844658,0.8048606715534184,4.269425314078997e-16,0.28850551832855026,0.7114944816714492,High-Vol
2021-10-13,0.031548075949476624,0.8678272332127661,0.10062469083775717,0.003484884127305652,0.9241682679942932,0.07234684787840115,Normal
2021-10-14,0.0003198521371851642,0.941550283438257,0.05812986442455786,0.00012585107200441153,0.9655822664009898,0.03429188252700575,Normal
2021-10-15,0.1073188286686929,0.8793083833682297,0.013372787963077499,0.030646149143289725,0.9600684363066889,0.009285414550021333,Normal
2021-10-18,0.0070197319665054455,0.9382269002052507,0.05475336782824398,0.03590176820206909,0.9472136063034652,0.01688462549446561,Normal
2021-10-19,0.31414008702164253,0.678676084596079,0.007183828382278457,0.5652911974672682,0.43276628943946593,0.001942513093265837,Low-Vol
2021-10-20,0.8187584853931448,0.180124566121985,0.0011169484848702158,0.68293697380954,0.3159647483095242,0.0010982778809359415,Low-Vol
2021-10-21,0.7225790622583664,0.2748150588795618,0.0026058788620717346,0.5544168180389363,0.44318824837826976,0.002394933582793939,Low-Vol
2021-10-22,0.8053416643188964,0.19255118317823958,0.0021071525028640223,0.45798620854395894,0.5381204981894875,0.0038932932665535222,Normal
2021-10-25,0.7139084004717803,0.2817496842051135,0.004341915323106185,0.23522782628421124,0.74943891646956,0.01533325724622892,Normal
2021-10-26,0.35716547422342576,0.626805594230824,0.01602893154575029,0.04431496400363319,0.8266030396722545,0.12908199632411232,Normal
2021-10-27,1.415237737723762e-07,0.13317072407433886,0.8668291344018874,7.983148968525934e-09,0.0741776305262143,0.9258223614906367,High-Vol
2021-10-28,0.0001235095306547029,0.5304418967454622,0.4694345937238832,6.034079703601795e-06,0.26229037205833877,0.7377035938619576,High-Vol
2021-10-29,2.771822200547901e-06,0.2734593485524278,0.7265378796253716,2.2794619415641065e-07,0.22063095882730618,0.7793688132264996,High-Vol
2021-11-01,4.4702316965041555e-05,0.4409092431794392,0.5590460545035958,4.9490167686139585e-06,0.47206056979410477,0.5279344811891267,High-Vol
2021-11-02,0.0003413919277357316,0.6470988045200291,0.35255980355223526,5.440867092483953e-05,0.7559553072116736,0.2439902841174017,Normal
2021-11-03,0.006330314307431773,0.9487014089662005,0.04496827672636766,0.0029967707406189305,0.9705848626416627,0.02641836661771856,Normal
2021-11-04,0.29823863306768206,0.694934228105474,0.0068271388268438885,0.04166373816134835,0.9489935299955612,0.009342731843090403,Normal
2021-11-05,9.82537278568421e-06,0.8718041719562021,0.1281860026710122,2.425918735287945e-06,0.9215022051874475,0.07849536889381703,Normal
2021-11-08,0.05124308720841551,0.9299551092503223,0.01880180354126217,0.013679462589310876,0.9749626202187015,0.01135791719198766,Normal
2021-11-09,0.1621639439359938,0.8283237107517104,0.009512345312295873,0.024843100281316643,0.9685964579599783,0.006560441758705065,Normal
2021-11-10,0.07605173903985751,0.9133985317224866,0.010549729237655847,0.008429826657959492,0.9840270854136096,0.0075430879284309835,Normal
2021-11-11,1.9335578087208928e-05,0.9676811543421819,0.03229951007973091,9.282570783475523e-06,0.9796529271460839,0.02033779028313277,Normal
2021-11-12,0.0167055597242633,0.9428121673902989,0.04048227288543774,0.04090171268060702,0.9408135556513567,0.018284731668036174,Normal
2021-11-15,0.13910286255009374,0.8481389549029934,0.012758182546913063,0.28846856824129363,0.7067983028975292,0.004733128861177328,Normal
2021-11-16,0.3081179093586463,0.6853993115245305,0.006482779116823128,0.4689287539075871,0.5287269077134609,0.002344338378951773,Normal
2021-11-17,0.24203985781301704,0.7509131933958098,0.007046948791173261,0.5604650078000221,0.4380409031302382,0.0014940890697397646,Low-Vol
2021-11-18,0.6371593308311478,0.3602949605426801,0.002545708626171987,0.7421844929369644,0.2569163992680095,0.0008991077950260712,Low-Vol
2021-11-19,0.8097883189365576,0.18854171924944021,0.0016699618140021898,0.7475157737271072,0.2512095725219447,0.0012746537509482122,Low-Vol
2021-11-22,0.6702899892213712,0.3238790385340206,0.005830972244608267,0.6604185740311544,0.33627446744493455,0.003306958523911013,Low-Vol
2021-11-23,0.7331468086965731,0.26406418494025613,0.0027890063631708637,0.6274956180390622,0.36951719352621176,0.0029871884347260754,Low-Vol
2021-11-24,0.9313749469382205,0.06815446832226657,0.00047058473951285153,0.549326743825554,0.43099092812298717,0.019682328051458853,Low-Vol
2021-11-25,1.9490376297472377e-79,2.984394352732215e-09,0.9999999970156056,1.6635413851423764e-80,2.497432024428214e-09,0.999999997502568,High-Vol
2021-11-26,6.000339241209012e-07,0.352967305345775,0.647032094620301,8.468988133029156e-08,0.4097096667137222,0.5902902485963966,High-Vol
2021-11-29,0.010416436400528369,0.8174950795644803,0.17208848403499133,0.0010228153153712654,0.7872325177678399,0.21174466691678884,Normal
2021-11-30,0.00013059579916124505,0.8783901399830674,0.12147926421777139,1.1554796029669318e-05,0.7733268377399413,0.22666160746402908,Normal
2021-12-01,3.4916066735075154e-09,0.4692411538321277,0.5307588426762656,2.884701209846535e-09,0.6164480696755801,0.3835519274397188,Normal
2021-12-02,0.07568855236731718,0.8830315250301084,0.041279922602574445,0.040260821159494295,0.9350098496913806,0.02472932914912511,Normal
2021-12-03,0.1314377810373578,0.8555835530678956,0.012978665894746517,0.07441192375032918,0.9178810638245957,0.007707012425075188,Normal
2021-12-06,0.5133924355296149,0.48247325725425094,0.004134307216134172,0.10433145191361234,0.8911144135053399,0.004554134581047766,Normal
2021-12-07,0.0370939915328707,0.9496816343932472,0.013224374073882075,0.007500003384413987,0.9842270456692487,0.00827295094633737,Normal
2021-12-08,0.11975187631374537,0.8696785498704777,0.010569573815776948,0.013762307405335959,0.9755257673058755,0.01071192528878867,Normal
2021-12-09,1.6424065034367104e-08,0.8508130117114296,0.14918697186450539,6.579129619637954e-08,0.9375063112342304,0.06249362297447337,Normal
2021-12-10,0.15602279164908536,0.831362374466693,0.012614833884221596,0.37731715213185263,0.6189556256077551,0.003727222260392395,Normal
2021-12-13,0.16409532390365963,0.8259535219152151,0.009951154181125303,0.5880354020876858,0.4110244490591264,0.0009401488531877313,Low-Vol
2021-12-14,0.6025622462379843,0.3947668142128271,0.0026709395491886336,0.9136145323253381,0.08626631250767303,0.00011915516698884794,Low-Vol
2021-12-15,0.8740369076529017,0.12504623516193486,0.0009168571851635311,0.9765592774582426,0.02339702635286718,4.3696188890156334e-05,Low-Vol
2021-12-16,0.9096645676185683,0.0894499297216908,0.0008855026597410271,0.9861881068628772,0.01378476599235203,2.7127144770794368e-05,Low-Vol
2021-12-17,0.9618330891903911,0.037927006853342785,0.00023990395626615816,0.9936823487179338,0.006307946330009899,9.704952056137171e-06,Low-Vol
2021-12-20,0.9670077714174624,0.032752336619814595,0.00023989196272303256,0.9928047147899766,0.0071781727240414536,1.711248598203273e-05,Low-Vol
2021-12-21,0.9646936560249798,0.03506421980225942,0.00024212417276076387,0.9858708225273134,0.014085673925520743,4.350354716569872e-05,Low-Vol
2021-12-22,0.932260626601258,0.06707639971659789,0.0006629736821441424,0.9607362496175829,0.039071185028617776,0.00019256535379930448,Low-Vol
2021-12-23,0.8093123548297407,0.18765162806543847,0.003036017104820926,0.9225689411263094,0.07689768499835743,0.0005333738753332005,Low-Vol
2021-12-24,0.8672641933404889,0.1316561763793633,0.0010796302801478431,0.9217846942721524,0.0779005195256483,0.00031478620219926135,Low-Vol
2021-12-27,0.7190905617875666,0.27664336040499954,0.00426607780743403,0.8937665783700437,0.10557867795349264,0.0006547436764638238,Low-Vol
2021-12-28,0.9447962393862596,0.05486376486445509,0.00033999574928533517,0.9128576548320921,0.08681556966705056,0.0003267755008572637,Low-Vol
2021-12-29,0.9715481776719532,0.02826765619137108,0.00018416613667576197,0.7727408932222808,0.2240360552450718,0.0032230515326474836,Low-Vol
2021-12-30,4.884157448068036e-05,0.9493862187656346,0.05056493965988481,3.5482587585379054e-06,0.7394965538166389,0.2604998979246025,Normal
2021-12-31,2.125336024142272e-118,1.9112094416529194e-13,0.9999999999998089,2.9970581351148497e-120,2.889638063022596e-14,0.9999999999999711,High-Vol
2022-01-03,2.5428471160268958e-149,2.5668960201573762e-18,1.0,2.7256696526388913e-150,2.687724845676963e-18,1.0,High-Vol
2022-01-04,2.73533722504634e-09,0.49439353981113593,0.5056064574535268,5.627440603785055e-10,0.535342539946894,0.464657459490362,Normal
2022-01-05,0.06573494371477777,0.8747253269941218,0.059539729291100414,0.005760085981237164,0.7851847609081366,0.2090551531106261,Normal
2022-01-06,6.59691316633251e-07,0.2421873711693792,0.757811969139304,5.333365440650028e-07,0.3655604395384612,0.6344390271249947,High-Vol
2022-01-07,0.1832923736175016,0.7696470519395939,0.047060574442904526,0.023029289272995423,0.9396619301025486,0.03730878062445589,Normal
2022-01-10,0.0001433529584554971,0.9633428203482934,0.036513826693251185,1.5644325760285532e-05,0.9775980254105374,0.02238633026370218,Normal
2022-01-11,0.0010407318440169735,0.9798937028802712,0.0190655652757118,0.0005070037363630984,0.9881371743368957,0.01135582192674125,Normal
2022-01-12,0.13970510283599477,0.8484946900332018,0.011800207130803592,0.04257761556079023,0.9460450833782393,0.011377301060970402,Normal
2022-01-13,0.3474443430242792,0.6464451764984883,0.006110480477232542,0.045053498708783606,0.8987575604331048,0.05618894085811161,Normal
2022-01-14,1.956214957252513e-62,4.545125047586917e-07,0.9999995454874953,2.2193078154895706e-63,4.91492969944754e-07,0.9999995085070301,High-Vol
2022-01-17,2.5068791599685823e-05,0.40210082369958544,0.5978741075088149,2.8915456974812178e-05,0.5556557771261458,0.4443153074168796,Normal
2022-01-18,0.1341257040876792,0.8268207789234602,0.039053516988860684,0.05206815087993514,0.9213041256255907,0.02662772349447404,Normal
2022-01-19,0.39537008415264574,0.5969379094220689,0.00769200642528522,0.06257129693836408,0.9220447310594174,0.015383972002218502,Normal
2022-01-20,0.005487455024808768,0.9724909801329927,0.022021564842198506,0.00045751753345056275,0.8693405751573394,0.13020190730921002,Normal
2022-01-21,2.447589159593243e-67,4.5597978932501164e-07,0.9999995440202107,3.481835585592364e-69,6.948565732626442e-08,0.9999999305143427,High-Vol
2022-01-24,3.016401907450421e-34,0.0006834246106945021,0.9993165753893054,3.221728951036719e-35,0.0007130774466544786,0.9992869225533455,High-Vol
2022-01-25,6.3166286442230925e-09,0.4452758083653973,0.554724185317974,7.790824935932254e-10,0.5334446592386611,0.4665553399822563,Normal
2022-01-26,0.00011784519216737806,0.8975296235551737,0.10235253125265888,1.1703804193757617e-05,0.8748493918107582,0.12513890438504793,Normal
2022-01-27,3.552079453254199e-07,0.8051193111748585,0.1948803336171963,3.712884508374441e-08,0.821309268638641,0.17869069423251394,Normal
2022-01-28,3.9372437582133675e-06,0.8105184704729603,0.1894775922832815,5.055755227810758e-07,0.8764616959317375,0.12353779849273964,Normal
2022-02-03,0.015155350922958284,0.9591746009469624,0.025670048130079386,0.001587706387150606,0.9779237837323292,0.020488509880519992,Normal
2022-02-04,0.00013046322082034407,0.9593709543143379,0.040498582464841705,1.3269638774166436e-05,0.9553765254011873,0.04461020496003851,Normal
2022-02-07,1.0625180712337492e-05,0.95253286320197,0.047456511617317704,9.882298626388969e-07,0.887559830475564,0.11243918129457339,Normal
2022-02-08,6.781243415981953e-11,0.4829675326742693,0.5170324672579184,1.3474846277210445e-11,0.611964253049941,0.3880357469365841,Normal
2022-02-09,0.036008862405242544,0.9057663290902215,0.05822480850453602,0.004072717890556178,0.9576216065825248,0.03830567552691901,Normal
2022-02-10,0.0051755035837291645,0.9714483453993592,0.023376151016911675,0.0005965884935118734,0.9826146561871915,0.016788755319296744,Normal
2022-02-11,0.012263255297689062,0.9435904911492814,0.04414625355302945,0.0012950994502114884,0.9681681988420024,0.030536701707785923,Normal
2022-02-14,5.485027461982607e-05,0.9551345108406296,0.04481063888475063,1.272211643918421e-05,0.9736054208174043,0.026381857066156575,Normal
2022-02-15,0.008140218681586505,0.9767975077770213,0.015062273541392128,0.013659117117216237,0.978803640372027,0.007537242510756749,Normal
2022-02-16,0.13542611446207686,0.8530153453924078,0.011558540145515429,0.18559443497038064,0.8088902202394594,0.0055153447901600105,Normal
2022-02-17,0.13030367199380938,0.859914275402943,0.009782052603247693,0.29617804611706083,0.7004073133834813,0.003414640499458098,Normal
2022-02-18,0.46954935680019455,0.5262333072220392,0.00421733597776618,0.499709756829234,0.4981825974080272,0.002107645762738846,Low-Vol
2022-02-21,0.66010294992496,0.33629552477497054,0.0036015253000696054,0.5162273211277499,0.48082264914342276,0.002950029728827261,Low-Vol
2022-02-22,0.5492214459275424,0.44386567259772275,0.006912881474734759,0.4478511618007313,0.5474419719334535,0.004706866265815358,Normal
2022-02-23,0.8720065807016297,0.12715075548770627,0.0008426638106640337,0.4167561020971167,0.5796914643522659,0.003552433550617376,Normal
2022-02-24,0.0871340260390854,0.8576906613726536,0.05517531258826109,0.009849192035939246,0.9295376580794809,0.06061314988457989,Normal
2022-02-25,0.0041649135487049314,0.9333732898688336,0.062461796582461454,0.0004050048661177322,0.8971921998185396,0.1024027953153428,Normal
2022-02-28,2.847632491632907e-12,0.7455713107927762,0.2544286892043762,2.943693995546071e-13,0.7529488103863706,0.247051189613335,Normal
2022-03-02,4.0265965805793206e-08,0.7675558788595724,0.2324440808744618,4.500954953236266e-09,0.8328502782828671,0.167149717216178,Normal
2022-03-03,0.00016254819086725537,0.9403602026983793,0.05947724911075344,1.691382104804797e-05,0.9526992420238066,0.04728384415514522,Normal
2022-03-04,6.707423975832385e-05,0.9691627963926022,0.03077012936763946,6.63409016183694e-06,0.947276993745001,0.05271637216483721,Normal
2022-03-07,2.0059236550143184e-05,0.6534978585063356,0.3464820822571143,1.1107855739268e-05,0.7723396431608478,0.2276492489834129,Normal
2022-03-08,0.24913385874765426,0.7333206028186366,0.017545538433709096,0.03325208367678675,0.95159083583658,0.01515708048663313,Normal
2022-03-10,1.7259492064932327e-05,0.9609736403285547,0.03900910017938041,8.591099271719772e-06,0.9780250290322016,0.021966379868526772,Normal
2022-03-11,0.27222908350653957,0.7213869890323155,0.0063839274611451145,0.042485587100891696,0.9524391051406083,0.005075307758500043,Normal
2022-03-14,0.00825487921562874,0.9743532318798266,0.017391888904544583,0.007182083336114345,0.9833937134731293,0.009424203190756368,Normal
2022-03-15,0.034021205643876985,0.9538163401325834,0.012162454223539568,0.09018603399291569,0.9048582693053941,0.004955696701690172,Normal
2022-03-16,0.39901931489113274,0.5960742152816383,0.004906469827229096,0.3610861613283092,0.6360129285643102,0.0029009101073805854,Normal
2022-03-17,0.42633694727149735,0.5650442405407111,0.008618812187791564,0.37406416771008333,0.6208020931140861,0.005133739175830573,Normal
2022-03-18,0.8068485860916822,0.19169207997324125,0.0014593339350766309,0.3780510920510379,0.6184297382692101,0.0035191696797520497,Normal
2022-03-21,0.5693561985301018,0.4243865816113916,0.00625721985850673,0.11494519908787809,0.8553996564541262,0.02965514445799564,Normal
2022-03-22,0.0004292203818329952,0.6634016252094138,0.33616915440875306,4.568457261057664e-05,0.689046757086354,0.31090755834103545,Normal
2022-03-23,2.4106172114503895e-08,0.7741390805513982,0.22586089534242956,2.8124679075558847e-09,0.8307552585019354,0.16924473868559667,Normal
2022-03-24,0.005762608292358079,0.9612875190494178,0.032949872658224105,0.0005679810914355217,0.9390393773973307,0.06039264151123372,Normal
2022-03-25,1.4368012067084613e-05,0.9514327033160511,0.048552928671881795,1.0530520353013488e-06,0.7476507106464471,0.25234823630151765,Normal
2022-03-28,1.7961145519789984e-25,9.313856461416023e-07,0.9999990686143538,4.8849204599625674e-26,1.2845704166504586e-06,0.9999987154295834,High-Vol
2022-03-29,0.015636482077738482,0.836214453061868,0.14814906486039356,0.0013970099024012148,0.7252147574013726,0.2733882326962261,Normal
2022-03-30,0.0040028574430623414,0.9010724030224486,0.09492473953448903,0.00024412711652646652,0.5892141222038308,0.41054175067964277,Normal
2022-03-31,1.1347636713809338e-55,3.886160263942592e-06,0.999996113839736,1.6017770689070717e-57,5.880864730718208e-07,0.9999994119135268,High-Vol
2022-04-01,1.543669789044552e-36,6.603777475692179e-05,0.9999339622252431,1.9311384045953586e-37,7.989663267582389e-05,0.9999201033673242,High-Vol
2022-04-04,5.09680832885933e-05,0.5087061103605331,0.49124292155617816,1.068471983267418e-05,0.6325900253398874,0.36739928994028004,Normal
2022-04-05,0.046622914682822626,0.9124495423398177,0.04092754297735969,0.005087709136213015,0.95122362795692,0.04368866290686708,Normal
2022-04-06,0.003973102843713312,0.9516399247746087,0.044386972381678,0.0003775210988881798,0.9024739008547205,0.09714857804639125,Normal
2022-04-07,1.739870973661674e-06,0.9096152803951836,0.09038297973384272,1.2002833383922144e-07,0.6572991508978663,0.34270072907379995,Normal
2022-04-08,5.9945401861716375e-06,0.549706386904868,0.450287618554946,1.588949397954858e-07,0.1561769937072767,0.8438228473977836,High-Vol
2022-04-11,3.6241928359230676e-14,0.00098753440708424,0.9990124655928795,2.5627369796856414e-15,0.0006750511741088695,0.9993249488258886,High-Vol
2022-04-12,0.00022701589354199854,0.5186588095537007,0.48111417455275723,1.399531783848383e-05,0.3182743361098216,0.6817116685723401,High-Vol
2022-04-13,0.00025642665740138623,0.7734510093975618,0.22629256394503675,1.0535049817002614e-05,0.34070126822346325,0.6592881967267198,High-Vol
2022-04-14,1.8925679193455028e-43,4.132137304676789e-06,0.9999958678626953,3.2620658848368585e-45,7.494116697635901e-07,0.9999992505883302,High-Vol
2022-04-15,1.3188485710945834e-21,0.018664693832726578,0.9813353061672734,1.343271682946971e-22,0.01802673386485672,0.9819732661351432,High-Vol
2022-04-18,1.4786447674317544e-05,0.3245789480273629,0.6754062655249627,3.918226311535587e-05,0.49401433475797624,0.5059464829789082,High-Vol
2022-04-19,0.11404943760544732,0.8267061955485255,0.05924436684602721,0.10877259214900624,0.8585714486531341,0.03265595919785978,Normal
2022-04-20,0.31614630435543406,0.6764265543271297,0.007427141317436355,0.17667132600671792,0.8182710000594218,0.0050576739338603635,Normal
2022-04-21,0.6679842448833758,0.329332157722357,0.002683597394267049,0.17182660205666273,0.8231928508752927,0.0049805470680444755,Normal
2022-04-22,0.0034729152438551627,0.9729005242677432,0.023626560488401598,0.00035105257512519126,0.9668456057836001,0.03280334164127477,Normal
2022-04-25,4.774912742910051e-05,0.7711486593651297,0.22880359150744134,6.30660015030686e-06,0.8428814131326365,0.15711228026721333,Normal
2022-04-26,0.016918190521086847,0.9567303623391236,0.02635144713978965,0.0017437412346651218,0.9648756249186542,0.03338063384668051,Normal
2022-04-27,0.00023777856403372195,0.872472472279813,0.12728974915615324,3.924826116956718e-05,0.8666378747782502,0.13332287696058032,Normal
2022-04-28,0.07202027403361687,0.90495506301798,0.02302466294840314,0.006314137494398085,0.8506112420180811,0.14307462048752073,Normal
2022-04-29,1.0552159986316043e-35,0.0012605578162854258,0.9987394421837146,3.619292601703849e-37,0.00043563093480257725,0.9995643690651975,High-Vol
2022-05-02,7.679405578232455e-09,0.07702678039870876,0.9229732119218856,1.6806803553040853e-09,0.11620710184025271,0.8837928964790669,High-Vol
2022-05-03,0.0028503258013212658,0.7850976030404565,0.21205207115822225,0.001179159859825138,0.8623076400726302,0.1365132000675449,Normal
2022-05-04,0.1864700150505481,0.7934561594045778,0.020073825544874,0.027998383878796565,0.9514188836932249,0.020582732427978548,Normal
2022-05-06,0.07547691384813146,0.9104640077499128,0.014059078401955876,0.007557041479931873,0.934951767106447,0.05749119141362111,Normal
2022-05-09,1.2169597541499299e-10,0.3601181665172956,0.6398818333610085,7.063122780007615e-11,0.4125475813128563,0.5874524186165124,High-Vol
2022-05-10,0.23159014566775757,0.7326349745237464,0.035774879808496106,0.021854600476276666,0.7406631544457233,0.23748224507800011,Normal
2022-05-11,3.6565533912748827e-20,0.018834749504166762,0.9811652504958331,1.1856258641019088e-21,0.0061727148214025945,0.9938272851785974,High-Vol
2022-05-12,4.6026870403285764e-08,0.09556698688821927,0.9044329670849104,6.765356512928131e-09,0.10594558544279195,0.8940544077918515,High-Vol
2022-05-13,0.010511146294233996,0.8960625109580636,0.09342634274770246,0.0006813661137636197,0.6159390553097386,0.38337957857649785,Normal
2022-05-16,5.863304854374166e-12,0.029611393795038417,0.9703886061990982,4.2267055015315604e-11,0.06922942074980057,0.9307705792079324,High-Vol
2022-05-17,0.04153926039736713,0.8848448962791611,0.07361584332347182,0.0956247567329163,0.8713389607758184,0.0330362824912653,Normal
2022-05-18,0.1928146932060146,0.7957489436132442,0.011436363180741045,0.3124030473733187,0.6829178881823025,0.004679064444378893,Normal
2022-05-19,0.6164737682398109,0.3806782973716869,0.0028479343885023287,0.43555088319543417,0.5620373448261351,0.0024117719784306465,Normal
2022-05-20,0.376193037760987,0.6145583272723353,0.009248634966677768,0.3694636300492535,0.6255777970930988,0.0049585728576478005,Normal
2022-05-23,0.8347044886855893,0.1642420730110466,0.0010534383033640857,0.39433643182185163,0.6029993290612532,0.0026642391168954557,Normal
2022-05-24,0.3745613328767697,0.612886874546622,0.01255179257660828,0.08197678614146164,0.8965986968043671,0.021424517054171276,Normal
2022-05-25,0.27610242436668614,0.7102077801765878,0.013689795456726208,0.031162224318144676,0.8593590194503589,0.10947875623149664,Normal
2022-05-26,6.182692707947929e-36,0.0013174319036382976,0.9986825680963617,3.4489762475556776e-37,0.0007276938563981913,0.9992723061436017,High-Vol
2022-05-27,7.376516643559727e-13,0.23200039602218123,0.7679996039770811,1.7256053208050766e-13,0.23992719728969508,0.7600728027101323,High-Vol
2022-05-30,0.064818114515259,0.8556381361515922,0.0795437493331487,0.004384420951760954,0.6196200532831182,0.37599552576512085,Normal
2022-05-31,2.6754535410148777e-19,0.0580338042328644,0.9419661957671356,4.033498549545336e-21,0.009364995602341504,0.9906350043976585,High-Vol
2022-06-02,1.2142152837534032e-21,0.006786035766732022,0.9932139642332679,2.5573139689265003e-23,0.0014811111367667058,0.9985188888632334,High-Vol
2022-06-03,2.3000806869486188e-11,0.21521725580881182,0.7847827441681875,3.9686095595068495e-13,0.03981417800923088,0.9601858219903722,High-Vol
2022-06-07,1.8432700385234738e-41,1.1774703637015884e-05,0.9999882252963629,9.30154394534459e-43,5.890392996864727e-06,0.9999941096070031,High-Vol
2022-06-08,3.1665452244640245e-05,0.6354375929062064,0.36453074164154886,9.69446928445859e-07,0.20858296837208165,0.7914160621809898,High-Vol
2022-06-09,1.2610829451344243e-67,6.102998596560353e-08,0.999999938970014,1.4148326521381166e-68,4.894746059735424e-08,0.9999999510525395,High-Vol
2022-06-10,0.007251260731620009,0.800946481138341,0.19180225813003896,0.00032669527398425835,0.386900083799114,0.6127732209269017,High-Vol
2022-06-13,6.061293056694529e-21,1.2695301473418408e-05,0.9999873046985266,7.701390777093858e-22,1.550305602027119e-05,0.9999844969439797,High-Vol
2022-06-14,0.0002416199263040446,0.8096837408406651,0.19007463923303097,1.9084465273917225e-05,0.6392633604207828,0.3607175551139434,Normal
2022-06-15,5.01119489557877e-07,0.36933174869517477,0.6306677501853356,1.1339165490109974e-07,0.5008041774935907,0.49919570911475436,Normal
2022-06-16,0.028065117195666633,0.9085891225466131,0.0633457602577203,0.004172719641750762,0.956311837970798,0.03951544238745132,Normal
2022-06-17,0.01537653881874371,0.9675931288950931,0.017030332286163186,0.005277445588273159,0.9839738906774333,0.010748663734293323,Normal
2022-06-20,0.05369749567744603,0.9247999340056021,0.021502570316951897,0.02962310333999329,0.9550564595409361,0.015320437119070645,Normal
2022-06-21,0.4437036510055672,0.5517578806755802,0.0045384683188525775,0.07047536011740148,0.899639853937317,0.029884785945281506,Normal
2022-06-22,3.583782624123827e-05,0.4847881072976105,0.5151760548761483,3.1497684928922327e-06,0.41533929008287374,0.5846575601486333,High-Vol
2022-06-23,0.0005686858455999132,0.7817763628651005,0.21765495128929965,4.151815033782396e-05,0.5730307057818856,0.42692777606777665,Normal
2022-06-24,7.364118645439521e-12,0.2918709507956214,0.7081290491970145,1.033678027478218e-11,0.4287973781008847,0.5712026218887786,High-Vol
2022-06-27,0.04551508919883069,0.8594514838047659,0.09503342699640335,0.05047175516460134,0.8962409663483958,0.05328727848700286,Normal
2022-06-28,0.33241103134889416,0.6581931509728499,0.0093958176782559,0.14358706162859813,0.8465771641926032,0.009835774178798547,Normal
2022-06-29,0.6111322583694913,0.3857694666834277,0.0030982749470810913,0.12303886034554118,0.8327268066559476,0.04423433299851135,Normal
2022-06-30,4.7953026062046985e-290,9.882914033058533e-35,1.0,6.762131043873089e-292,1.494239403652322e-35,1.0,High-Vol
2022-07-01,1.790262343348634e-290,6.779725479498905e-37,1.0,2.528079611647842e-292,1.0263410948957237e-37,1.0,High-Vol
2022-07-04,4.777389874088914e-37,0.00026161967390408324,0.9997383803260959,2.0739057880077845e-38,0.0001133334296865212,0.9998866665703133,High-Vol
2022-07-05,6.487346287618831e-07,0.14496704860930057,0.8550323026560707,7.743659655102356e-08,0.1685379475431153,0.8314619750202883,High-Vol
2022-07-06,2.2794846183365146e-06,0.5241326442282491,0.47586507628713254,3.252664816369903e-06,0.6794053582316911,0.32059138910349266,Normal
2022-07-07,0.26848109941522685,0.7089113579543577,0.022607542630415416,0.08256998755488883,0.8999610367031734,0.017468975741937842,Normal
2022-07-08,0.3927653202391526,0.5987723525960559,0.00846232716479146,0.06213560751290864,0.9253493923818256,0.01251500010526593,Normal
2022-07-11,3.9165241608358756e-07,0.9323616597242863,0.06763794862329768,5.173812112323696e-08,0.9279728122084596,0.07202713605341932,Normal
2022-07-12,0.03685059078976888,0.9438955312845788,0.019253877925652342,0.0031981561772072525,0.8783067081268812,0.11849513569591158,Normal
2022-07-13,2.9244929864717014e-47,7.09753721588123e-05,0.9999290246278412,4.124264446168672e-49,1.0731760636143287e-05,0.9999892682393637,High-Vol
2022-07-14,1.8305543086271687e-49,3.1393911847896335e-07,0.9999996860608815,2.6121445271428095e-50,4.09346798741984e-07,0.9999995906532013,High-Vol
2022-07-15,0.0006381724113578959,0.5965871727905316,0.40277465479811064,9.458942962540704e-05,0.6882342965066428,0.31167111406373166,Normal
2022-07-18,0.01023174722085882,0.8701513307230031,0.11961692205613803,0.002125569085081013,0.9209693035512142,0.07690512736370489,Normal
2022-07-19,0.09535805267878014,0.8870756394835331,0.01756630783768675,0.0107840159297724,0.9706139423429874,0.018602041727240302,Normal
2022-07-20,0.0007601422043643896,0.8724608961103136,0.12677896168532202,0.00021583866230623282,0.9231365281403341,0.07664763319735968,Normal
2022-07-21,0.13519489180460542,0.8530903796657389,0.011714728529655683,0.0174804430195986,0.9730510548362427,0.009468502144158852,Normal
2022-07-22,0.02474637926380788,0.9370987027551242,0.038154917981067855,0.0028085101326716802,0.9686197928110882,0.028571697056240068,Normal
2022-07-25,0.007572108519947241,0.9406449960452147,0.051782895434838015,0.0009515962794869484,0.9631494999335029,0.035898903787010134,Normal
2022-07-26,0.022821696572064554,0.9626113755003657,0.014566927927569735,0.0023173093759332147,0.9695054975515655,0.028177193072501078,Normal
2022-07-27,2.519082716533856e-11,0.7843546724383409,0.21564532753646817,3.749546374586802e-12,0.7581923306099108,0.24180766938633966,Normal
2022-07-28,0.05645203513299561,0.905495431655127,0.03805253321187734,0.004529411661190455,0.778961306676505,0.2165092816623046,Normal
2022-07-29,1.3279328471762717e-48,4.133491286575762e-06,0.9999958665087134,9.930640516777613e-50,3.0388662513931473e-06,0.9999969611337486,High-Vol
2022-08-01,7.694387224955221e-08,0.36060689084675646,0.6393930322093713,7.611030410433031e-09,0.3489696742047419,0.6510303181842276,High-Vol
2022-08-02,2.399839040153528e-07,0.5388066571904678,0.4611931028256282,2.9402837624261594e-08,0.6308964320015554,0.3691035385956068,Normal
2022-08-03,0.0012633932186413204,0.855342707572241,0.14339389920911763,0.00013987559457971958,0.9059504553931413,0.09390966901227901,Normal
2022-08-04,0.0009472374166865792,0.962920963755679,0.03613179882763432,0.00016900045256818512,0.9776703930554975,0.0221606064919342,Normal
2022-08-05,0.019614678099515052,0.9606603453527223,0.019724976547762722,0.008074315141624157,0.9799113889455816,0.01201429591279434,Normal
2022-08-08,0.05076004078331584,0.9277458374233388,0.021494121793345377,0.03916133467347845,0.9490180145332341,0.011820650793287492,Normal
2022-08-09,0.47880929234606184,0.5175308299168342,0.0036598777371039475,0.10361110754556463,0.8922961776798864,0.004092714774548925,Normal
2022-08-10,0.16673149206012458,0.8160861086657358,0.017182399274139573,0.021176698699141922,0.9618738114475277,0.016949489853330335,Normal
2022-08-11,0.013931906795839675,0.9244943359639027,0.06157375724025759,0.0015952459614857113,0.9452960259887735,0.0531087280497408,Normal
2022-08-12,0.011693430592492822,0.9578455363103029,0.03046103309720436,0.0011416257546703313,0.9323524793208504,0.06650589492447924,Normal
2022-08-16,1.2880035583606231e-08,0.5413258070907546,0.45867418002920984,1.0459041828042971e-08,0.6843872580698479,0.31561273147111024,Normal
2022-08-17,0.2471305874636543,0.7301590792722318,0.022710333264113966,0.04471305108071126,0.9377389709104335,0.01754797800885534,Normal
2022-08-18,0.13357028372702376,0.853444995333443,0.012984720939533135,0.01618014829447122,0.9732005201769216,0.010619331528607176,Normal
2022-08-19,0.001236829975338448,0.9451713262927187,0.05359184373194284,0.0009153168758380267,0.9687886103234749,0.03029607280068688,Normal
2022-08-22,0.1254019776332521,0.8623056607864532,0.012292361580294725,0.06836155157301886,0.9239819752598334,0.0076564731671477804,Normal
2022-08-23,0.5073575914741455,0.48859923681604633,0.004043171709808185,0.09723381126453316,0.8936855434993001,0.009080645236166791,Normal
2022-08-24,0.03406504293090961,0.947195718495303,0.018739238573787297,0.0029573991231825678,0.8816745982893667,0.1153680025874508,Normal
2022-08-25,6.191152692724283e-59,3.05382416229425e-09,0.9999999969461758,2.8302996248268344e-59,4.526613593495452e-09,0.9999999954733862,High-Vol
2022-08-26,0.03659078648666129,0.8665783453970657,0.096830868116273,0.0032679817277750673,0.7752922795624043,0.22143973870982075,Normal
2022-08-29,1.4233751977168037e-05,0.5079344438485186,0.4920513223995043,3.889637958197608e-06,0.5526513294772847,0.4473447808847572,Normal
2022-08-30,0.1106321416914515,0.8416529754895135,0.047714882819035014,0.010058467524281193,0.7908169153660544,0.19912461710966445,Normal
2022-08-31,7.61520896648163e-15,0.48413009503583626,0.5158699049641562,4.707342270056319e-16,0.2958666498089917,0.7041333501910078,High-Vol
2022-09-01,0.0006755503934592832,0.7188187208894947,0.28050572871704604,3.048172867636897e-05,0.33838579418332915,0.6615837240879944,High-Vol
2022-09-02,1.0120105494963952e-06,0.19256748341793206,0.8074315045715184,5.751342307725695e-08,0.10861376277748298,0.8913861797090941,High-Vol
2022-09-05,3.37679482144458e-09,0.3277733865542855,0.6722266100689197,2.891657591921096e-10,0.2749844304660558,0.7250155692447785,High-Vol
2022-09-06,0.00012218058123654736,0.7280514418800695,0.2718263775386939,8.593970146867453e-06,0.513033029677173,0.48695837635268013,Normal
2022-09-07,2.4595961547727574e-07,0.8236262196767666,0.17637353436361786,1.1559883586845214e-08,0.414843907417536,0.5851560810225804,High-Vol
2022-09-08,1.1045640806787984e-25,0.0014503338121053307,0.9985496661878948,1.6198738724872918e-26,0.002068483721459615,0.9979315162785404,High-Vol
2022-09-13,5.499690653739382e-06,0.7692223099015008,0.23077219040784544,7.261246771321642e-07,0.7628651833819082,0.23713409049341466,Normal
2022-09-14,0.03189268179326766,0.9223543493594488,0.04575296884728343,0.002716820229927232,0.8135156271589608,0.18376755261111202,Normal
2022-09-15,3.43182343558339e-08,0.14893284955129132,0.8510671161304744,1.6975428171657265e-07,0.28478251211411315,0.7152173181316053,High-Vol
2022-09-16,0.16215964948512196,0.7840244318580561,0.053815918656822025,0.12260905713582851,0.8457865780292153,0.03160436483495627,Normal
2022-09-19,0.6241451926151028,0.37257428281914595,0.0032805245657512843,0.1628411816895535,0.8316854867397686,0.005473331570678024,Normal
2022-09-20,0.16533818867382533,0.8106964083611413,0.023965402965033408,0.02129846907057993,0.945384279289599,0.033317251639821015,Normal
2022-09-21,0.02971992591398935,0.9502574540015752,0.020022620084435356,0.002553680946209105,0.8754428430284134,0.12200347602537741,Normal
2022-09-22,1.0515646933524593e-25,5.47217236649148e-07,0.9999994527827634,1.9293960478422887e-27,1.0509462403234352e-07,0.9999998949053761,High-Vol
2022-09-23,5.251269927586376e-07,0.14201794295902154,0.8579815319139859,8.420131257162006e-09,0.024415484126870106,0.9755845074529987,High-Vol
2022-09-26,3.567656673651166e-56,6.467758305932586e-17,1.0,5.030957145836601e-58,9.778876232685732e-18,1.0,High-Vol
2022-09-27,5.801976762238706e-37,4.4939021185084485e-11,0.9999999999550611,8.236565386960688e-39,6.8354178331387475e-12,0.9999999999931645,High-Vol
2022-09-28,2.8973394222386283e-12,0.0030622794139416837,0.9969377205831609,4.8792148291338845e-14,0.0005438267896750447,0.9994561732102762,High-Vol
2022-09-29,1.621471691431956e-07,0.09477746148503063,0.9052223763678003,2.486569230542349e-09,0.015583458907798142,0.9844165386056327,High-Vol
2022-09-30,9.020300117339377e-79,9.649370008551478e-11,0.9999999999035063,1.272005276798813e-80,1.4589299901185716e-11,0.9999999999854108,High-Vol
2022-10-04,5.0448557157086094e-55,1.9196709036049248e-07,0.9999998080329097,1.7640972354852134e-56,6.757522486529589e-08,0.999999932424775,High-Vol
2022-10-05,5.33469348569933e-11,0.14935404028898372,0.8506459596576693,4.637379082361677e-12,0.12000267001564309,0.8799973299797197,High-Vol
2022-10-06,0.0027142395335432697,0.8323820635124981,0.1649036969539587,0.00013203260216209525,0.4339078974183891,0.5659600699794488,High-Vol
2022-10-07,6.550961866005332e-23,0.015373901482830247,0.9846260985171698,9.521232273199437e-25,0.0023915785962616105,0.9976084214037384,High-Vol
2022-10-11,2.133356750515718e-21,0.00942261912838257,0.9905773808716174,3.032623463611555e-23,0.0014361316209209835,0.9985638683790791,High-Vol
2022-10-12,7.940079011716247e-149,2.0015950716029854e-21,1.0,3.899051798682142e-150,9.769300255798283e-22,1.0,High-Vol
2022-10-13,1.3868158037560655e-10,0.1339267495830274,0.866073250278291,2.1723153416278796e-11,0.20130762511552416,0.7986923748627528,High-Vol
2022-10-14,0.0002321303465371932,0.8478890797949603,0.15187878985850245,4.711979706364489e-05,0.9047444379972364,0.09520844220569989,Normal
2022-10-17,0.043600670972236695,0.9355436221494112,0.020855706878352046,0.00902203389431085,0.9766874606792566,0.014290505426432586,Normal
2022-10-18,0.13130038707292324,0.8596640622928954,0.009035550634181357,0.01485027798875745,0.9641696030932729,0.02098011891796956,Normal
2022-10-19,0.0007900273083475032,0.8574461278274903,0.14176384486416224,6.831590606507213e-05,0.7377079181924407,0.26222376590149427,Normal
2022-10-20,8.276997945862385e-05,0.9055793271123463,0.094337902908195,5.047898832553486e-06,0.592130586631778,0.40786436546938937,Normal
2022-10-21,2.251160758833669e-15,0.001310176075935143,0.9986898239240627,3.18005295456693e-17,0.00019842516376379835,0.9998015748362361,High-Vol
2022-10-24,2.231679758521076e-15,0.00034204532394997597,0.9996579546760478,3.157495957574351e-17,5.1871342908411185e-05,0.9999481286570917,High-Vol
2022-10-25,3.572153583594519e-14,0.0011572028290901648,0.9988427971708742,7.331432592478181e-16,0.00024650146037579135,0.9997534985396236,High-Vol
2022-10-26,2.1386095662975915e-08,0.057237691224842485,0.9427622873890618,1.3983879658304996e-09,0.03689449582408567,0.9631055027775264,High-Vol
2022-10-27,2.3206928450293638e-05,0.7428065333188902,0.2571702597526596,8.950066072110345e-07,0.3067021574693425,0.6932969475240504,High-Vol
2022-10-28,2.0187151072676502e-10,0.03271740878837057,0.9672825910097578,2.9383107549329468e-12,0.005104023912067412,0.9948959760849944,High-Vol
2022-10-31,7.523643927582494e-25,0.0018710312896638847,0.9981289687103362,1.1426236843589555e-26,0.0003024815408940194,0.999697518459106,High-Vol
2022-11-01,5.665985603724637e-15,0.0065132135102810166,0.9934867864897133,5.445133316655605e-16,0.006124805029374391,0.993875194970625,High-Vol
2022-11-02,7.280231854109879e-08,0.49655521767773103,0.5034447095199505,7.276343295368128e-09,0.47407654414014083,0.5259234485835159,High-Vol
2022-11-03,0.0015474875109919156,0.7151892853961338,0.28326322709287427,0.00014795706941810667,0.670873246702959,0.3289787962276229,Normal
2022-11-04,7.180876017087198e-06,0.6531995924247433,0.3467932266992396,9.113614260518673e-07,0.7237428564756374,0.2762562321629366,Normal
2022-11-07,0.0018183665857525004,0.8515250536656517,0.14665657974859575,0.0010052799585671271,0.9066764439552343,0.09231827608619857,Normal
2022-11-08,0.277666341389048,0.7118204295843243,0.010513229026627666,0.04380814562044448,0.9356469057803956,0.020544948599159764,Normal
2022-11-09,0.09925969700767326,0.8739184636534147,0.026821839338911888,0.008779996133102942,0.8268598200244636,0.16436018384243356,Normal
2022-11-10,6.632260632398684e-15,0.11385048291262878,0.8861495170873646,1.0480246699299972e-16,0.019264724913379924,0.98073527508662,High-Vol
2022-11-11,1.9668757158559947e-14,0.0007449227781676445,0.9992550772218126,1.0772611845464013e-14,0.0012278301170670065,0.9987721698829224,High-Vol
2022-11-14,0.03943556892935313,0.857463271129076,0.1031011599415708,0.004082587893437175,0.8702205121303097,0.12569689997625305,Normal
2022-11-15,1.163694630070999e-05,0.74037862449784,0.25960973855585945,4.60997382169369e-06,0.8313518747529131,0.16864351527326527,Normal
2022-11-16,0.17644859059924026,0.8004837394864679,0.023067669914291853,0.024059538785727832,0.9563177471577674,0.019622714056504793,Normal
2022-11-17,0.028011416484197242,0.9268699052034081,0.045118678312394654,0.0036476479108726503,0.9649286675025535,0.03142368458657387,Normal
2022-11-18,0.023339491117857682,0.9392685342955316,0.03739197458661072,0.003074039133659555,0.9711996820788755,0.02572627878746497,Normal
2022-11-21,0.017474357203190256,0.9458801929052472,0.03664544989156254,0.003280552364964592,0.9726886080613376,0.024030839573697785,Normal
2022-11-22,0.02109638902512432,0.9549387712778843,0.023964839696991473,0.010166232421224632,0.9709360212332061,0.01889774634556931,Normal
2022-11-23,0.3633010551362512,0.6318393369534706,0.004859607910278153,0.04855432035152492,0.9053890269333031,0.04605665271517177,Normal
2022-11-24,2.7294221439627773e-45,6.83060004263248e-06,0.9999931693999574,2.223442457041236e-46,5.458146204153751e-06,0.9999945418537959,High-Vol
2022-11-25,1.0918976727137615e-06,0.26689830829056904,0.7331005998117582,4.4267515378072333e-07,0.3871469461919447,0.6128526111329016,High-Vol
2022-11-28,0.0851501973549048,0.8655750676589776,0.049274734986117556,0.009671486090751547,0.9447982979844715,0.04553021592477706,Normal
2022-11-29,0.0031042669050628936,0.964026700363002,0.03286903273193509,0.0003031410970594136,0.9352601572034942,0.06443670169944646,Normal
2022-11-30,1.616421836182831e-10,0.8048202968296787,0.19517970300867907,1.4690743147236927e-11,0.7216716820864668,0.2783283178988423,Normal
2022-12-01,8.094995350453064e-06,0.9241743356215775,0.07581756938307208,5.60807227278335e-07,0.6771081716470309,0.3228912675457419,Normal
2022-12-02,3.0449263490692253e-13,0.0593602294322694,0.9406397705674261,2.9282531475259456e-13,0.0934603373101147,0.9065396626895924,High-Vol
2022-12-05,0.12891119048051017,0.8104624904885839,0.060626319030906005,0.013385509317680724,0.8402010570512974,0.14641343363102188,Normal
2022-12-06,1.264256989685245e-07,0.5169961371513407,0.4830037364229602,1.5824597721541613e-08,0.6274997139745161,0.3725002702008863,Normal
2022-12-07,0.0001739076074365387,0.9038142226351762,0.09601186975738726,1.8515840241303372e-05,0.9350965855705893,0.06488489858916928,Normal
2022-12-08,8.035092315550058e-06,0.9521448606943004,0.04784710421338419,5.433556342445984e-06,0.9723965949438743,0.02759797149978324,Normal
2022-12-09,0.08975233415046634,0.8932066319829547,0.017041033866579024,0.0612296513391922,0.9291418758036358,0.009628472857172037,Normal
2022-12-12,0.5323724653214209,0.46423506405389964,0.0033924706246793754,0.10987490353449465,0.8861001171079907,0.004024979357514593,Normal
2022-12-13,0.052939513881829374,0.935352754111116,0.011707732007054682,0.005885580439896498,0.9816588453023929,0.01245557425771068,Normal
2022-12-14,0.000510378263956948,0.8529900282095695,0.14649959352647357,0.0006079710837147279,0.9173676036432322,0.08202442527305318,Normal
2022-12-15,0.37460008673866857,0.6171794289316701,0.008220484329661333,0.10552944071013398,0.8868852930662633,0.007585266223602798,Normal
2022-12-16,0.3650741338604281,0.6241654324666345,0.010760433672937357,0.060007273885584744,0.9234575796458271,0.01653514646858823,Normal
2022-12-19,0.06277953121478504,0.9235437857360289,0.013676683049186058,0.005760567712983904,0.9068851036467817,0.0873543286402344,Normal
2022-12-20,7.663290335115907e-13,0.014697744228994503,0.9853022557702392,8.903584281493185e-14,0.016631150046898278,0.9833688499530127,High-Vol
2022-12-21,1.2496958054386453e-05,0.4734977782523665,0.5264897247895791,2.623503060649011e-06,0.5930856681623853,0.40691170833455403,Normal
2022-12-22,0.04109515029665753,0.8737391149796918,0.08516573472365063,0.004757911930267613,0.9362120369147937,0.05903005115493869,Normal
2022-12-23,0.006415544612802341,0.9542596668061026,0.03932478858109506,0.0007801316797972266,0.9740014635918549,0.025218404728347996,Normal
2022-12-26,0.011896565166378874,0.9624867877060843,0.025616647127536762,0.001887113275033627,0.9815408233446793,0.01657206338028705,Normal
2022-12-27,0.059363910873140927,0.9214796076219843,0.019156481504874794,0.0064536470283144175,0.9765954491997113,0.016950903771974307,Normal
2022-12-28,1.6865416079346757e-05,0.95461702433097,0.045366110252950675,2.397637829271464e-06,0.9471830594873538,0.05281454287481694,Normal
2022-12-29,0.050466501971394725,0.928449529119063,0.021083968909542384,0.004400167057753473,0.8668472250748153,0.1287526078674312,Normal
2022-12-30,1.5006423729129233e-29,0.02058615710787589,0.9794138428921242,7.84577591760354e-31,0.010675845665338739,0.9893241543346614,High-Vol
2023-01-02,8.930422951703743e-06,0.6540915868314044,0.3458994827456438,2.831283377639252e-07,0.22233973193927384,0.7776599849323884,High-Vol
2023-01-03,2.107612569244646e-44,8.744003368777921e-06,0.9999912559966312,5.985846673394551e-46,2.5253772632894216e-06,0.9999974746227366,High-Vol
2023-01-04,2.133817678334726e-17,0.06603178657997143,0.9339682134200286,2.8744146113862193e-18,0.08223548290071633,0.9177645170992836,High-Vol
2023-01-05,0.0012180874977648494,0.7170635004874816,0.2817184120147536,0.00011987475685211294,0.6906298033901883,0.30925032185295953,Normal
2023-01-06,9.379198314287487e-05,0.8390648138268876,0.16084139418996948,8.577246372743773e-06,0.7575599284077104,0.24243149434591688,Normal
2023-01-09,3.5729057353643044e-05,0.6009933095149591,0.3989709614276874,5.793903095448633e-06,0.6823867696954745,0.3176074364014301,Normal
2023-01-10,0.033789023486709174,0.9311012833768417,0.035109693136449044,0.0032581762588456964,0.9026871878191045,0.09405463592204988,Normal
2023-01-11,8.795071194520653e-08,0.7251083940732999,0.2748915179759882,7.185996167981702e-09,0.5870304823587895,0.41296951045521446,Normal
2023-01-12,9.660095361573413e-07,0.8912917032370268,0.10870733075343707,5.628912973307218e-08,0.5561605061601258,0.4438394375507445,Normal
2023-01-13,1.1301306324704548e-24,0.006638377702449525,0.9933616222975505,1.2328795864846146e-25,0.006931228268740027,0.9930687717312601,High-Vol
2023-01-16,0.00021370740459059572,0.49945993971856356,0.5003263528768458,2.517433824598017e-05,0.5363766514712806,0.46359817419047344,Normal
2023-01-17,0.005253347933183162,0.8812620463348813,0.11348460573193545,0.00047405808694100894,0.7870374404106933,0.21248850150236567,Normal
2023-01-18,0.0006460435032675169,0.8395577476455941,0.15979620885113852,4.778069270496344e-05,0.6277966649767468,0.3721555543305483,Normal
2023-01-19,7.5455900058232435e-06,0.48610074344428367,0.5138917109657106,6.309766400561345e-07,0.39998848315166435,0.6000108858716956,High-Vol
2023-01-20,5.012463567212114e-11,0.4128021582317785,0.5871978417180969,1.1107304442355243e-11,0.5410351652716042,0.4589648347172885,Normal
2023-01-25,0.025109952744708255,0.9028945305828145,0.07199551667247718,0.004555033563568166,0.9474790870637813,0.04796587937265043,Normal
2023-01-26,0.08469809904418243,0.8966864825540579,0.01861541840175973,0.009352848707240518,0.9690472866250548,0.0215998646677045,Normal
2023-01-27,2.2059497659242124e-10,0.8401283433485001,0.15987165643090503,1.2357599104268096e-10,0.9037601049357235,0.09623989494070052,Normal
2023-01-30,0.242386823495576,0.7443162516312682,0.013296924873155747,0.04308026775672347,0.9459065061868007,0.011013226056475846,Normal
2023-01-31,0.10041605441989428,0.8828885089921319,0.01669543658797385,0.015457218476879798,0.9656361715934446,0.01890660992967562,Normal
2023-02-01,0.08796789412165879,0.8956689078574351,0.016363198020906026,0.008451231222375484,0.9030883965199152,0.08846037225770917,Normal
2023-02-02,4.410767967052777e-11,0.6083681214752581,0.39163187848063413,1.286176847551529e-12,0.19020344363881372,0.8097965563599001,High-Vol
2023-02-03,7.901837353937855e-43,7.349732339123262e-05,0.9999265026766088,1.2346145845597684e-44,1.2189590505891263e-05,0.9999878104094941,High-Vol
2023-02-06,1.0921352232492126e-12,0.005101103177335603,0.9948988968215723,5.560570331406575e-13,0.00875321666134618,0.9912467833380978,High-Vol
2023-02-07,0.020559093003023447,0.8595445261403875,0.11989638085658913,0.003736986887765935,0.9172692718743392,0.07899374123789499,Normal
2023-02-08,0.07705980716380585,0.900142573075037,0.022797619761157285,0.00851874919601246,0.9703041072038456,0.02117714360014184,Normal
2023-02-09,5.102463551111048e-05,0.9043703099476699,0.09557866541681911,6.331840403881083e-06,0.9410075367072507,0.058986131452345464,Normal
2023-02-10,0.008255646773146708,0.9723658777078202,0.019378475519033034,0.0017381777618165903,0.9861643950225656,0.012097427215617712,Normal
2023-02-13,0.048347210590001084,0.9304018027778589,0.021250986632140055,0.01247769990369582,0.9741182650060866,0.013404035090217621,Normal
2023-02-14,0.18180883544744308,0.8066301194294054,0.011561045123151453,0.023058281371234453,0.9654936587143021,0.011448059914463366,Normal
2023-02-15,0.0045583967617658545,0.9268570017614449,0.06858460147678921,0.0011111161793424934,0.9492642256165065,0.049624658204150955,Normal
2023-02-16,0.1388256437445046,0.8516427980506706,0.00953155820482478,0.015126116107132846,0.9463380662760223,0.03853581761684478,Normal
2023-02-17,1.8896367555300924e-07,0.3392256496432715,0.660774161393053,1.0108024369777082e-07,0.4748602327692684,0.5251396661504879,High-Vol
2023-02-20,0.113039269828814,0.8347546507325632,0.052206079438622884,0.017623393804276886,0.9456015279298111,0.0367750782659119,Normal
2023-02-21,0.04291960547481635,0.930128899523924,0.026951495001259693,0.008199482410318589,0.9750008292902775,0.01679968829940382,Normal
2023-02-22,0.09940227201843535,0.8884194332820575,0.012178294699507045,0.012297955480108258,0.9779721435675802,0.009729900952311564,Normal
2023-02-23,0.020141035509750205,0.9612962840110891,0.01856268047916055,0.002127326868761392,0.9662317348018801,0.031640938329358693,Normal
2023-02-24,0.006391328628850052,0.9513172080378756,0.04229146333327442,0.0005033158376574237,0.792924630201509,0.2065720539608334,Normal
2023-02-27,3.2436062418368334e-07,0.23472559946041915,0.7652740761789567,1.3890603665331393e-08,0.10100492356314089,0.8989950625462555,High-Vol
2023-02-28,7.400567440251807e-07,0.20810008923988907,0.7918991707033668,6.538563969182124e-08,0.18023152163414163,0.8197684129802187,High-Vol
2023-03-02,7.989062725974763e-06,0.5017409421212001,0.49825106881607384,8.091077830484102e-07,0.4967724589984244,0.5032267318937925,High-Vol
2023-03-03,1.1448834120823945e-05,0.6525377162913256,0.3474508348745535,1.4422709351924716e-06,0.7074353448414362,0.29256321288762865,Normal
2023-03-06,0.012212693390725235,0.9429687860837132,0.04481852052556151,0.001128466511597742,0.8779397906070447,0.12093174288135757,Normal
2023-03-07,2.7506043427671927e-08,0.8625756215043164,0.1374243509896402,1.6867167735366238e-09,0.5525362445761974,0.4474637537370858,Normal
2023-03-08,3.0643205640940217e-09,0.12033699329931158,0.8796630036363678,2.0250935585230527e-09,0.15162097171282146,0.848379026262085,High-Vol
2023-03-09,0.15017925647109678,0.7980610848648589,0.05175965866404431,0.01218135071629551,0.6932864406172468,0.29453220866645763,Normal
2023-03-10,1.04696219266614e-09,0.04866476769993603,0.9513352312531017,1.5399944896019145e-11,0.007674859016361888,0.9923251409682382,High-Vol
2023-03-13,3.581298098305137e-28,2.8658088365742172e-08,0.9999999713419117,5.678176002860154e-29,3.852458633422748e-08,0.9999999614754137,High-Vol
2023-03-14,0.0023315050231458574,0.7689823904824535,0.22868610449440058,0.00021961004161437698,0.7115931520946401,0.2881872378637456,Normal
2023-03-15,7.399259171308369e-05,0.8675748876249939,0.13235111978329314,6.096916717583286e-06,0.7167339025954973,0.2832600004877852,Normal
2023-03-16,4.0908376113786454e-08,0.3983258509545574,0.6016741081370665,4.370106450749628e-08,0.5151377726012596,0.4848621836976758,Normal
2023-03-17,0.3562802268626061,0.6216886847744856,0.022031088362908346,0.04777983498202973,0.8479362751426971,0.10428388987527311,Normal
2023-03-20,2.069704760150988e-07,0.3416430974789012,0.6583566955506227,1.0155220982434966e-07,0.47389810722033654,0.5261017912274535,High-Vol
2023-03-21,0.09139472469217913,0.8418300175904913,0.0667752577173297,0.015772393793516918,0.940455396538323,0.0437722096681601,Normal
2023-03-22,0.0901110362729907,0.8977241332409142,0.012164830486095218,0.010791179356308833,0.9793730973438085,0.009835723299882703,Normal
2023-03-23,0.013065616346307934,0.936666599409606,0.05026778424408619,0.0014770656159012899,0.9641995099107914,0.034323424473307246,Normal
2023-03-24,0.005122639263030718,0.9544173642602618,0.04045999647670754,0.0008532561155022049,0.974221302899838,0.02492544098465975,Normal
2023-03-27,0.026606132822480845,0.953233103568796,0.020160763608723105,0.006922607695208904,0.9810357606203478,0.012041631684443188,Normal
2023-03-28,0.02787624298448689,0.9593104130557639,0.012813343959749278,0.020657771648975042,0.9719693543238577,0.007372874027167305,Normal
2023-03-29,0.4833029436296368,0.513208796689119,0.0034882596812442026,0.0864922781215578,0.9044656576195984,0.009042064258843888,Normal
2023-03-30,4.285387216824665e-05,0.9107113697204408,0.089245776407391,4.006915056838198e-06,0.8441348040613506,0.15586118902359275,Normal
2023-03-31,6.291017392620375e-09,0.8154308632931137,0.184569130415869,5.391783246571309e-10,0.6935541656438516,0.30644583381697,Normal
2023-04-03,1.66218223878099e-12,0.4948275010140154,0.5051724989843224,2.355033317207405e-13,0.5991418443542532,0.4008581556455114,Normal
2023-04-04,0.0024416808493560103,0.8611835175141603,0.13637480163648363,0.0010438134399730862,0.9162422732280288,0.08271391333199818,Normal
2023-04-05,0.24323453800896722,0.7467133381536576,0.010052123837375219,0.03193302637399137,0.9565696608355563,0.011497312790452414,Normal
2023-04-06,2.074739217709775e-05,0.9036138373021504,0.09636541530567258,5.151075026971534e-06,0.9391289876308857,0.0608658612940874,Normal
2023-04-07,0.05185488919337829,0.9195941630137368,0.02855094779288505,0.014457818910057455,0.9679651131675922,0.017577067922350406,Normal
2023-04-10,0.14453589747227116,0.8429162617976729,0.012547840730055833,0.02655649756674926,0.9647436108547025,0.008699891578548261,Normal
2023-04-11,0.02935059185708682,0.9518010245263633,0.018848383616549908,0.015876081630714335,0.9733729148821828,0.010751003487102678,Normal
2023-04-12,0.37406564693747424,0.6213083576195513,0.004625995442974542,0.05948072928052016,0.9348249813590437,0.00569428936043621,Normal
2023-04-13,0.018718089314742965,0.9093182160425243,0.07196369464273292,0.0020846032053644646,0.9518828830640398,0.04603251373059583,Normal
2023-04-14,0.001424939766716314,0.974274140032842,0.024300920200441778,0.0004410127632376647,0.984434168889577,0.015124818347185374,Normal
2023-04-17,0.032910888932672064,0.9407154385091223,0.026373672558205646,0.022787730768585986,0.9624190344193433,0.01479323481207074,Normal
2023-04-18,0.461647528029223,0.5345052907482157,0.00384718122256138,0.08159327209242989,0.9128809361322712,0.005525791775298914,Normal
2023-04-19,0.008298556082783069,0.9554682229929792,0.0362332209242378,0.0008385430001719373,0.9494181180436364,0.04974333895619168,Normal
2023-04-20,3.882441702447809e-06,0.764480163936648,0.23551595362164962,7.034854279536446e-07,0.8367042376947675,0.16329505881980455,Normal
2023-04-21,0.0015730209174935833,0.9069412378691633,0.09148574121334323,0.006049646541407305,0.9568152266476,0.03713512681099262,Normal
2023-04-24,0.11894021957922091,0.8624572992948919,0.01860248112588729,0.38942464010211836,0.6062961101978962,0.00427924969998555,Normal
2023-04-25,0.5410329680763691,0.45528810104849315,0.003678930875137783,0.6952753403127646,0.3035646042129435,0.0011600554742918457,Low-Vol
2023-04-26,0.8574203895444662,0.14163241722924264,0.0009471932262911965,0.7278259798871195,0.2711627747363511,0.001011245376529667,Low-Vol
2023-04-27,0.9288100858470156,0.07066396453384052,0.0005259496191437761,0.5755730643384361,0.4224964041650512,0.0019305314965125102,Low-Vol
2023-04-28,0.017712490852631137,0.9646703197050511,0.01761718944231766,0.004110004381979565,0.9854465524115141,0.010443443206506359,Normal
2023-05-02,0.09371374867900203,0.8957052043271936,0.01058104699380442,0.01601016094486841,0.9769603409503446,0.007029498104787121,Normal
2023-05-03,0.08898312667356512,0.896000554287252,0.015016319039182829,0.011439753053507263,0.977387246421239,0.011173000525253813,Normal
2023-05-04,0.02919455647097784,0.9351850686180775,0.03562037491094452,0.003128065432137234,0.9725405579117925,0.024331376656070314,Normal
2023-05-08,0.00024245208041186775,0.9690983007893337,0.030659247130254388,2.514833214078163e-05,0.9780860772814544,0.021888774386404852,Normal
2023-05-09,2.7431646985142967e-06,0.9564375081407662,0.043559748694535334,2.856235339257447e-07,0.9689328663941271,0.031066847982338976,Normal
2023-05-10,1.4116973324749568e-06,0.946687988613597,0.05331059968907056,4.907170276190061e-07,0.9675841801883416,0.0324153290946309,Normal
2023-05-11,0.02154753832674063,0.9536526107397426,0.02479985093351682,0.025854113704328677,0.9612536359559484,0.012892250339722987,Normal
2023-05-12,0.33842183662610587,0.6560521186684057,0.005526044705488335,0.14131017168686316,0.8544451809314657,0.004244647381671259,Normal
2023-05-15,0.09390474278231284,0.8899037898833335,0.016191467334353584,0.11790286012105408,0.8738947038317202,0.008202436047225614,Normal
2023-05-16,0.1978503142655597,0.7933108898746118,0.00883879585982849,0.22497860094374292,0.7705579809826508,0.004463418073606288,Normal
2023-05-17,0.5614838762363915,0.43462028517050155,0.0038958385931068297,0.2998480213850563,0.6965336971738704,0.0036182814410733537,Normal
2023-05-18,0.3627394565485524,0.628763172213301,0.008497371238146626,0.22758321959742797,0.7665717852753526,0.005844995127219313,Normal
2023-05-19,0.3839165586978409,0.6085525138495407,0.007530927452618308,0.21955517038616496,0.7750965974025723,0.005348232211262825,Normal
2023-05-22,0.6889709467748282,0.3086952168356959,0.002333836389476052,0.20124139171134892,0.7948132271659081,0.003945381122743097,Normal
2023-05-23,0.06736816226478701,0.904592536471668,0.02803930126354501,0.0199538897583121,0.9620664004058,0.01797970983588787,Normal
2023-05-24,0.24274551582477472,0.7481534752976817,0.009101008877543523,0.03170910498453783,0.956031662691142,0.012259232324319972,Normal
2023-05-25,4.0057816393851366e-05,0.8624992027720308,0.13746073941157536,5.117228216365904e-06,0.9114028686183848,0.08859201415339876,Normal
2023-05-26,0.010160649160334349,0.958708985284188,0.031130365555477678,0.001863713966589093,0.9787632877779229,0.019372998255488022,Normal
2023-05-30,0.08267963211556827,0.9067588144006535,0.010561553483778222,0.00924879952742374,0.9779198901270011,0.012831310345575182,Normal
2023-05-31,0.00041281477127404524,0.8269580957860267,0.17262908944269917,0.0003254759433665677,0.8984278059353709,0.10124671812126254,Normal
2023-06-01,0.39627000166143905,0.5956518253956282,0.008078172942932648,0.06422795789018168,0.92753456020004,0.00823748190977835,Normal
2023-06-02,0.006834527843847021,0.9651571106286557,0.02800836152749734,0.0008980162100545104,0.9802812755747722,0.018820708215173326,Normal
2023-06-05,0.0076109310186449,0.956363157662831,0.0360259113185242,0.0031081950272325997,0.9747478557628984,0.022143949209869108,Normal
2023-06-07,0.2632728342994429,0.7285387904012836,0.008188375299273541,0.03497862152880287,0.9509378389420479,0.01408353952914931,Normal
2023-06-08,2.5354437111914324e-07,0.776695403763342,0.22330434269228683,3.0149784739478296e-07,0.8663092700533459,0.13369042844880655,Normal
2023-06-09,0.059246100402934064,0.908212747374814,0.03254115222225203,0.09607283110917494,0.8883726154749012,0.015554553415923883,Normal
2023-06-12,0.46705682615611643,0.5285168880560195,0.004426285787864042,0.24645467801374618,0.7500067121554168,0.0035386098308369785,Normal
2023-06-13,0.6704176093685824,0.327119487890504,0.002462902740913534,0.20287315229402483,0.7930551265810958,0.004071721124879241,Normal
2023-06-14,0.2742438482866392,0.7053609211840458,0.020395230529314943,0.03814580116173147,0.939953622089081,0.021900576749187696,Normal
2023-06-15,0.0001942986467514536,0.8751133219340758,0.12469237941917274,0.0008406319178182826,0.9501139271707166,0.049045440911464996,Normal
2023-06-16,0.13566205620429436,0.8494792259328703,0.014858717862835293,0.4197660807655768,0.5768836845431964,0.003350234691226794,Normal
2023-06-19,0.5618177417990416,0.4350317866834375,0.003150471517520752,0.703374516993395,0.2955818806877538,0.001043602318851087,Low-Vol
2023-06-20,0.6571289413051585,0.3389236124003552,0.00394744629448625,0.7293908198855216,0.26903410658786947,0.0015750735266088893,Low-Vol
2023-06-21,0.8908745949328319,0.10834006486268334,0.0007853402044846897,0.7225618033281705,0.27630691943756125,0.0011312772342682528,Low-Vol
2023-06-22,0.8822996035088697,0.11680372472633369,0.0008966717647966782,0.5008864160617984,0.49682604148945964,0.0022875424487419833,Low-Vol
2023-06-23,0.5637863329051594,0.4311777424450966,0.005035924649744072,0.11758991984180303,0.8747510116217154,0.007659068536481491,Normal
2023-06-26,0.0007377656222058003,0.940619479875371,0.058642754502423226,0.00013421822048918113,0.9649981568926069,0.03486762488690385,Normal
2023-06-27,0.0026376759933558246,0.9784334729909855,0.018928851015658627,0.008145910487436837,0.983927266619687,0.007926822892876287,Normal
2023-06-28,0.46358822310822406,0.532816437957981,0.0035953389337949923,0.3358165580136552,0.660736734124871,0.0034467078614738855,Normal
2023-06-29,0.8371677320682124,0.16168850334478338,0.001143764587004151,0.3156898124450493,0.6537245849588356,0.030585602596115067,Normal
2023-06-30,2.1180546533614858e-57,1.909099235742726e-06,0.9999980909007643,2.9868005124682743e-59,2.886456928992727e-07,0.9999997113543071,High-Vol
2023-07-03,2.226597929067264e-59,1.3981207986564118e-07,0.9999998601879201,2.397470333528198e-60,1.4704524853879404e-07,0.9999998529547516,High-Vol
2023-07-04,1.279279744554571e-10,0.3989266947845061,0.6010733050875658,5.3522314383388725e-11,0.5381290221596078,0.4618709777868699,Normal
2023-07-05,0.12265672573588483,0.8412671329535322,0.03607614131058305,0.014294474550310004,0.9544850488437706,0.031220476605919117,Normal
2023-07-06,8.733891570854646e-05,0.9426198224218135,0.05729283866247782,9.10545702422671e-06,0.9561646340393561,0.04382626050361971,Normal
2023-07-07,7.435085979358041e-05,0.9362151012479497,0.06371054789225677,8.997388392489423e-06,0.9544497491622246,0.045541253449382854,Normal
2023-07-10,0.016268743634863636,0.9426725254426472,0.04105873092248906,0.0017152977164678345,0.9631657363810128,0.03511896590251933,Normal
2023-07-11,0.0006034452094023314,0.9085590478194059,0.0908375069711918,7.904605305174083e-05,0.940715030961722,0.05920592298522635,Normal
2023-07-12,0.023431937324889004,0.9567670737402486,0.01980098893486243,0.0025287513341291715,0.976177476354164,0.021293772311706642,Normal
2023-07-13,7.803000116503173e-05,0.7494222053827999,0.2504997646160351,0.0004765237019317417,0.9067366401566965,0.0927868361413717,Normal
2023-07-14,0.2507155637171947,0.7334082120974876,0.01587622418531764,0.5189249982524051,0.47688645907294175,0.004188542674653292,Low-Vol
2023-07-17,0.7482067561033705,0.250017547821027,0.0017756960756025882,0.6728690334588758,0.3258540076655139,0.0012769588756104298,Low-Vol
2023-07-18,0.8628839370011439,0.13576857764148847,0.0013474853573676702,0.6005144403637601,0.39710081958426974,0.0023847400519702066,Low-Vol
2023-07-19,0.6819190646934296,0.31244182428121836,0.005639111025352054,0.3507063629084635,0.6423583722958736,0.006935264795663153,Normal
2023-07-20,0.3798953532636724,0.608696035907917,0.011408610828410522,0.21939488457008668,0.7725340435712209,0.008071071858692335,Normal
2023-07-21,0.06703967654126776,0.9207757966882334,0.012184526770498921,0.20223336924115384,0.7936689574518042,0.004097673307041938,Normal
2023-07-24,0.4569249992980904,0.5388035700184615,0.004271430683448097,0.5010240698535531,0.4969293835732263,0.002046546573220597,Low-Vol
2023-07-25,0.7267808935594103,0.27074201002663933,0.0024770964139504193,0.5234243030462663,0.47411955933684263,0.002456137616890989,Low-Vol
2023-07-26,0.8678748063623154,0.1309411625868032,0.0011840310508814307,0.4132932243097077,0.5832446586679828,0.0034621170223094787,Normal
2023-07-27,0.09823133798791311,0.8774303763471771,0.024338285664909688,0.016146559137041393,0.966330040207217,0.017523400655741636,Normal
2023-07-28,0.08996404695481243,0.8902994194476475,0.01973653359754,0.010115269507964184,0.9693323465191629,0.02055238397287288,Normal
2023-07-31,0.0005642871703839951,0.8745117268044431,0.12492398602517281,0.00018733193596973441,0.9243611403987434,0.0754515276652871,Normal
2023-08-01,0.06966101975596248,0.9139095102203902,0.016429470023647235,0.02229298127654675,0.9676122108132279,0.010094807910225361,Normal
2023-08-02,0.09291645058924658,0.8946071750616273,0.012476374349125982,0.0365163147268967,0.9558702705501423,0.007613414722960958,Normal
2023-08-03,0.36050630875554784,0.6333201361700311,0.006173555074421036,0.05500365419981743,0.9386594602268975,0.006336885573284962,Normal
2023-08-04,0.0008968009012247798,0.9606529868821321,0.0384502122166432,9.638761302599406e-05,0.9749115457675501,0.024992066619423835,Normal
2023-08-07,0.003062598513137291,0.9678418616155381,0.02909553987132465,0.00033516897840609903,0.9808442108589867,0.01882062016260727,Normal
2023-08-08,0.0013775798683675214,0.9691135796526729,0.029508840478959505,0.0005791569192598499,0.9818747863539508,0.017546056726789303,Normal
2023-08-09,0.2614411748560108,0.7310762158527928,0.0074826092911963816,0.0348704217980468,0.9545020018197055,0.010627576382247705,Normal
2023-08-10,1.393865775211637e-10,0.8418024142486433,0.15819758561197012,1.1774840796538044e-10,0.9064778181160041,0.09352218176624748,Normal
2023-08-11,0.1628301127621582,0.8189055954357374,0.01826429180210438,0.07047226949505735,0.9176310866797113,0.011896643825231389,Normal
2023-08-14,0.2472349912400154,0.7412029791639198,0.011562029596064942,0.0814764348115183,0.9101279649566497,0.008395600231831921,Normal
2023-08-16,0.3814702595714116,0.6105703513674093,0.007959389061179184,0.06770293677552218,0.9234984993273287,0.008798563897149215,Normal
2023-08-17,0.0234770939668913,0.9244768291961095,0.05204607683699906,0.010040673104464031,0.9579776477233634,0.03198167917217275,Normal
2023-08-18,0.05238907527437239,0.9249933342872363,0.02261759043839129,0.041058964127055786,0.945772427409213,0.013168608463731302,Normal
2023-08-21,0.09630425462338459,0.8853784474265549,0.01831729795006051,0.10644634360709175,0.8835414505487141,0.01001220584419409,Normal
2023-08-22,0.0770237277590865,0.9003104250494912,0.022665847191422193,0.19733417369112718,0.7942100051141768,0.008455821194696074,Normal
2023-08-23,0.14316799869172078,0.8446785049160876,0.012153496392191633,0.4424379362945731,0.5549707409031372,0.0025913228022896658,Normal
2023-08-24,0.4648934830168185,0.5306016404209473,0.004504876562234161,0.7242412132875279,0.2747753738762164,0.0009834128362557807,Low-Vol
2023-08-25,0.5667226530170912,0.4279114633769721,0.005365883605936595,0.7970499627482798,0.20187961877192093,0.0010704184797993821,Low-Vol
2023-08-28,0.6491957381773265,0.3464203792546968,0.004383882567976889,0.843584105853099,0.15558548216408938,0.0008304119828116518,Low-Vol
2023-08-29,0.9078043181434228,0.09154730331000761,0.0006483785465695961,0.8716501994406695,0.12786063510987994,0.0004891654494506008,Low-Vol
2023-08-30,0.9672218583367598,0.03258268830340461,0.00019545335983560614,0.7580045137410382,0.24109124785738267,0.0009042384015791108,Low-Vol
2023-08-31,0.17590770340311193,0.8088207891463037,0.015271507450584157,0.021889241061685147,0.9664038620909329,0.01170689684738194,Normal
2023-09-01,0.0033411051322458124,0.9692150668385651,0.02744382802918909,0.0004078883152214265,0.9825152236388169,0.01707688804596173,Normal
2023-09-04,0.013592615104782652,0.9650913357908177,0.021316049104399715,0.0019931458527350306,0.9851831280557237,0.012823726091541247,Normal
2023-09-05,0.01852763347466695,0.9678008470993419,0.013671519425991234,0.005072452503244043,0.9868499997812908,0.008077547715465098,Normal
2023-09-06,0.17504598485816356,0.8169362982212388,0.008017716920597493,0.02149325274473416,0.9714207978775646,0.007085949377701158,Normal
2023-09-07,0.0016593126635660405,0.9488217548529357,0.04951893248349829,0.00017515136609248458,0.9659077793937346,0.03391706924017281,Normal
2023-09-08,3.735115320437028e-05,0.9412609024587553,0.058701746388040335,9.553016242238941e-05,0.9731665471365549,0.0267379227010227,Normal
2023-09-11,0.042923131296816595,0.9349487963737515,0.02212807232943194,0.26016910870269855,0.7369572566415966,0.002873634655704823,Normal
2023-09-12,0.5556660617408644,0.44138266562202116,0.002951272637114464,0.8875868520043482,0.11223338966585072,0.00017975832980105913,Low-Vol
2023-09-13,0.8510094887028268,0.14788968245989945,0.0011008288372738122,0.9608690277952833,0.03903002777065322,0.00010094443406353185,Low-Vol
2023-09-14,0.8392706863440917,0.1587924516481894,0.0019368620077188778,0.9668342131708986,0.033052984024938545,0.00011280280416286012,Low-Vol
2023-09-15,0.9528190392508578,0.0468693299478047,0.0003116308013376422,0.9799325844016191,0.020006845345296054,6.057025308489593e-05,Low-Vol
2023-09-18,0.9237800312585716,0.07542575856373149,0.0007942101776970334,0.9540488761246723,0.04571651503955963,0.0002346088357680936,Low-Vol
2023-09-19,0.8958051466028899,0.10337736371578238,0.0008174896813276548,0.9149399529000491,0.08471880282013347,0.0003412442798174451,Low-Vol
2023-09-20,0.9637187004858208,0.03606235544688213,0.00021894406729698737,0.8598814656046518,0.139617768696752,0.0005007656985960729,Low-Vol
2023-09-21,0.7821069518568781,0.21510573276627473,0.0027873153768471983,0.48326708539016083,0.5127340063679312,0.003998908241908165,Normal
2023-09-22,0.5570227452728541,0.4352334593076325,0.007743795419513408,0.3037415697842351,0.6888200074381079,0.007438422777657005,Normal
2023-09-25,0.5794645372112952,0.41497641740845764,0.005559045380247086,0.2341605721248852,0.7558464608809213,0.009992966994193393,Normal
2023-09-26,0.6473016600197721,0.3482210242784035,0.004477315701824416,0.13777313459550575,0.7946529108808762,0.06757395452361815,Normal
2023-09-27,1.3434850354554364e-42,0.00040639809468568354,0.9995936019053143,1.895178994228298e-44,6.146624282361096e-05,0.9999385337571765,High-Vol
2023-10-04,1.4320570839412673e-93,1.9712155272800138e-17,1.0,1.6353450201909103e-94,2.1969107595953463e-17,1.0,High-Vol
2023-10-05,9.319746032946354e-09,0.4766452004254173,0.5233547902548367,1.2083625502484651e-09,0.5756322623096741,0.42436773648196313,Normal
2023-10-06,0.0017389842051272993,0.8430477595330967,0.155213256261776,0.00032315408891518465,0.9027648350768531,0.09691201083423173,Normal
2023-10-10,0.030070363548054178,0.9493058607124351,0.02062377573951068,0.007398035123929448,0.979858394029941,0.012743570846129527,Normal
2023-10-11,0.15846417471726884,0.8298409610955264,0.011694864187204834,0.01915180035321771,0.9702058306749429,0.010642368971839407,Normal
2023-10-12,0.0020181942188109776,0.9466385154390657,0.05134329034212324,0.0002128911338258217,0.9588561794673318,0.040930929398842325,Normal
2023-10-13,0.00034734038152183346,0.9127217994815824,0.08693086013689584,0.0001652086514320744,0.9484802700561568,0.0513545212924112,Normal
2023-10-16,0.09550382646741938,0.8883250884016448,0.016171085130935837,0.03817684801160077,0.9520326875807562,0.009790464407643024,Normal
2023-10-17,0.15103415771712653,0.8405908458348198,0.008374996448053711,0.0568120772879881,0.9377667033675212,0.005421219344490695,Normal
2023-10-18,0.3276217041460408,0.6644031433628151,0.007975152491144142,0.06455666520100435,0.928069189635748,0.007374145163247795,Normal
2023-10-19,0.05268829976682515,0.9136890645034306,0.033622635729744346,0.021675548995881186,0.958379428420141,0.019945022583977706,Normal
2023-10-20,0.23964671601515522,0.7522874984193206,0.008065785565524217,0.047340555103980574,0.9463154504860658,0.006343994409953732,Normal
2023-10-23,0.17209437948633668,0.8139062249319644,0.013999395581698859,0.0222574326074139,0.9640128888504658,0.013729678542120344,Normal
2023-10-24,0.019890205512085923,0.9352615507447541,0.04484824374315987,0.0020811539315075942,0.947424852452328,0.0504939936161644,Normal
2023-10-25,0.0011960911138619238,0.9113053947581876,0.08749851412795055,0.000148583443752551,0.8837634855324127,0.11608793102383468,Normal
2023-10-26,0.03327539314979682,0.9323170491784301,0.034407557671773135,0.002668571761333671,0.80165377789043,0.19567765034823634,Normal
2023-10-27,2.7552760464722447e-28,7.170721097761281e-07,0.9999992829278902,7.346062970243089e-28,1.3847780669621478e-06,0.999998615221933,High-Vol
2023-10-30,0.019743023149235796,0.8468199686191816,0.1334370082315825,0.02645710292616758,0.9008127361357856,0.0727301609380468,Normal
2023-10-31,0.3925505068913861,0.600006191080499,0.007443302028114819,0.1431024158359175,0.8499233045810604,0.006974279583022115,Normal
2023-11-01,0.5312112416258646,0.46338471171316997,0.005404046660965357,0.10164889425782625,0.8789309922383843,0.019420113503789457,Normal
2023-11-02,0.00017301334368194233,0.6724986756236019,0.3273283110327161,2.7433313644921287e-05,0.7689507773823602,0.23102178930399486,Normal
2023-11-03,0.019608309332285023,0.9219529327750197,0.05843875789269526,0.003232141663594884,0.9587837158930193,0.03798414244338583,Normal
2023-11-06,0.06517256777917897,0.9122309511426694,0.02259648107815164,0.007157495415841323,0.9749197993461571,0.017922705238001588,Normal
2023-11-07,6.809711344556522e-05,0.9551111180628498,0.044820784823704655,8.753963301418568e-06,0.963473558188388,0.03651768784831066,Normal
2023-11-08,0.02662000663305238,0.9420739435389426,0.03130604982800503,0.002694474414261614,0.9430062225365191,0.054299303049219316,Normal
2023-11-09,3.365692008503729e-09,0.669926647020833,0.3300733496134749,6.510352686145948e-10,0.7748627117679149,0.22513728758104978,Normal
2023-11-10,0.006103829043481815,0.9495028184559898,0.04439335250052839,0.005844880708111948,0.9697168186553221,0.024438300636565956,Normal
2023-11-13,0.322091546558252,0.6718306812267542,0.0060777722149939215,0.09636460451543724,0.8966667530577238,0.0069686424268390465,Normal
2023-11-14,0.4277457790357668,0.5642160790860606,0.008038141878172488,0.06513243331751871,0.883077605012212,0.0517899616702694,Normal
2023-11-15,2.9324821170439776e-07,0.20493599723362768,0.7950637095181605,1.9374861412121713e-06,0.3948094947141851,0.6051885677996736,High-Vol
2023-11-16,0.11511161634966381,0.824779516758496,0.06010886689184019,0.20180741612319483,0.7709756671922386,0.027216916684566595,Normal
2023-11-17,0.0907367610437653,0.886268076906887,0.022995162049347817,0.34712952141153125,0.6478931809952722,0.004977297593196536,Normal
2023-11-20,0.5620546628991099,0.43462701724808783,0.003318319852802252,0.7176108282683061,0.2813685499671738,0.001020621764520218,Low-Vol
2023-11-21,0.7640987634718431,0.23384574063312674,0.0020554958950300944,0.7469668645822459,0.25184858864237586,0.0011845467753781602,Low-Vol
2023-11-22,0.5052861187380335,0.48925989186679947,0.005453989395167148,0.6925962767687007,0.3058288259405032,0.0015748972907961276,Low-Vol
2023-11-23,0.7305327834666091,0.2672352703643084,0.0022319461690825165,0.7393822827670735,0.25944729556502866,0.0011704216678976769,Low-Vol
2023-11-24,0.6933431614992517,0.30230584491165385,0.004350993589094458,0.7013873434205019,0.29638713751690005,0.0022255190625980457,Low-Vol
2023-11-27,0.9404305566346413,0.05920158595819429,0.0003678574071644595,0.6695561987869333,0.3291168505894134,0.0013269506236533192,Low-Vol
2023-11-28,0.5986873334828757,0.39461919794674494,0.006693468570379351,0.13423928582784178,0.8517859044414611,0.013974809730697004,Normal
2023-11-29,0.02044603952285509,0.9026690938339781,0.07688486664316675,0.0021432344126772894,0.924043881089564,0.07381288449775875,Normal
2023-11-30,8.256594836868636e-07,0.9163715305039425,0.08362764383657383,8.34426062315018e-08,0.907046460626276,0.09295345593111767,Normal
2023-12-01,4.077024668719432e-11,0.7924120125026555,0.20758798745657434,8.550825707579272e-12,0.8621480863035929,0.1378519136878561,Normal
2023-12-04,0.02631326827943038,0.930473495216714,0.043213236503855716,0.008897990629665195,0.9651347602895601,0.025967249080774805,Normal
2023-12-05,0.22287455007535126,0.7670466193773958,0.010078830547252862,0.03038894862242862,0.9607356735474959,0.008875377830075474,Normal
2023-12-06,0.02291243191762479,0.954693651045691,0.02239391703668412,0.002374379951022683,0.9702204218591218,0.027405198189855613,Normal
2023-12-07,1.3802067851589922e-09,0.8684831493605033,0.13151684925928986,1.4302289448214405e-10,0.8785358400324501,0.12146415982452713,Normal
2023-12-08,4.449224789208086e-08,0.8366023043369734,0.1633976511707788,5.6209425331238994e-09,0.8942053199181551,0.10579467446090232,Normal
2023-12-11,0.011572962493271015,0.9626567229038258,0.02577031460290332,0.0015582408519305296,0.978682940331755,0.019758818816314545,Normal
2023-12-12,0.035706785923440225,0.9480685450981111,0.016224668978448632,0.0036249006433735358,0.9569066256473369,0.0394684737092896,Normal
2023-12-13,0.001175314461358366,0.9299304418682397,0.06889424367040191,7.923410465611485e-05,0.6718876969900001,0.3280330689053438,Normal
2023-12-14,7.508129636415148e-15,0.001657326602047738,0.9983426733979448,2.089273668490371e-15,0.002762395530819692,0.9972376044691782,High-Vol
2023-12-15,0.007055452040211408,0.835110762941474,0.15783378501831463,0.0011619836781140947,0.899942679445103,0.09889533687678287,Normal
2023-12-18,0.04152222335044471,0.9393308023439675,0.019146974305587802,0.005502647076194535,0.9825024018796943,0.011994951044111204,Normal
2023-12-19,0.03137892994339751,0.9540712368176788,0.014549833238923754,0.0036645358126280105,0.9867249104640347,0.009610553723337498,Normal
2023-12-20,0.013314168776896972,0.9602732729928974,0.02641255823020559,0.0014412872271499766,0.9821943534864582,0.016364359286391746,Normal
2023-12-21,0.00012819096993788747,0.9743247424352999,0.025547066594762264,0.00036042080253123425,0.9885583947657449,0.011081184431724067,Normal
2023-12-22,0.4746117797973624,0.5218525181534661,0.003535702049171578,0.296653633925614,0.7005334498331168,0.00281291624126909,Normal
2023-12-26,0.777994575155783,0.22017607890273205,0.001829345941484981,0.2622365623480332,0.7295459125494133,0.00821752510255356,Normal
2023-12-27,4.493218587647782e-06,0.9081960891176438,0.09179941766376848,4.5451475416551664e-07,0.8655144429293091,0.13448510255593676,Normal
2023-12-28,0.006147032010948257,0.9495861281020354,0.044266839887016275,0.00046126174833083705,0.7639834155897013,0.23555532266196788,Normal
2023-12-29,3.445314067149326e-103,1.5167230817301066e-11,0.9999999999848328,4.8584348243352614e-105,2.2931975180583033e-12,0.9999999999977068,High-Vol
2024-01-02,5.967377428161988e-111,1.4724443942799674e-14,0.9999999999999852,8.437603691257574e-113,2.2316324528050737e-15,0.9999999999999978,High-Vol
2024-01-03,2.597521053848877e-38,0.00014203825891760707,0.9998579617410824,4.165738190308923e-39,0.00021840743902443912,0.9997815925609755,High-Vol
2024-01-04,3.546282807741493e-05,0.732227487020744,0.2677370501511786,2.3705889680793837e-05,0.8284613131212025,0.1715149809891167,Normal
2024-01-05,0.08089906173151677,0.8849761294379737,0.03412480883050957,0.046895686811186374,0.9330851851239419,0.02001912806487167,Normal
2024-01-08,0.4478102898765235,0.5470170118931812,0.0051726982302952645,0.08544353694756192,0.9085312233170433,0.006025239735394883,Normal
2024-01-09,0.09348880744651454,0.8874512101815025,0.019059982371982895,0.010338503029500573,0.9634112606296059,0.02625023634089354,Normal
2024-01-10,2.593942518841909e-09,0.8856253838791258,0.11437461352693176,2.594071038119654e-10,0.8681692910282506,0.13183070871234231,Normal
2024-01-11,7.085647685458865e-10,0.7584393367318937,0.24156066255954156,1.193320763120034e-10,0.8334129038798702,0.16658709600079774,Normal
2024-01-12,0.02297948055349788,0.9191986228585272,0.057821896587974944,0.004847422554570796,0.9601130254901137,0.03503955195531559,Normal
2024-01-15,0.0070099497719599575,0.9757144663054211,0.01727558392261882,0.013117746465956755,0.9785447808150507,0.008337472718992555,Normal
2024-01-16,0.06379886872042814,0.923582353986901,0.012618777292670833,0.20617249601311655,0.7897641877922049,0.004063316194678435,Normal
2024-01-17,0.2880940188698462,0.7045014483533437,0.007404532776809948,0.5286311089057135,0.46924633395201476,0.0021225571422718555,Low-Vol
2024-01-18,0.7013961333043175,0.29631745016647243,0.0022864165292101604,0.6543234837464256,0.34424160426375844,0.0014349119898161191,Low-Vol
2024-01-19,0.7924867429616128,0.20567369258838855,0.0018395644499986492,0.6040198641574394,0.3939845874228763,0.00199554841968436,Low-Vol
2024-01-22,0.8871909592325231,0.11173029462311425,0.0010787461443627425,0.4659006487316653,0.5310403030509923,0.003059048217342428,Normal
2024-01-23,0.1088745624481318,0.8787272188533167,0.012398218698551493,0.0326205995669114,0.9596432286076287,0.007736171825459901,Normal
2024-01-24,0.1089835754305552,0.8820370819281843,0.00897934264126046,0.03906640581314959,0.9553399288620649,0.005593665324785654,Normal
2024-01-25,0.34053033994041276,0.6524740179992247,0.006995642060362697,0.05165441909313928,0.9417769051271034,0.0065686757797572565,Normal
2024-01-26,0.010348731879664898,0.9640857195485488,0.025565548571786296,0.0013448257240283833,0.9808221184742203,0.017833055801751322,Normal
2024-01-29,0.028659452526213595,0.9449882480511631,0.02635229942262337,0.0030126198794159834,0.9705749508571636,0.026412429263420502,Normal
2024-01-30,1.2159889393279098e-05,0.8860484966599652,0.11393934345064151,1.2961904740203916e-06,0.918728354040992,0.08127034976853395,Normal
2024-01-31,1.3229885142030579e-06,0.9347762533854393,0.06522242362604654,3.4941327848578667e-07,0.96080120005913,0.039198450527591494,Normal
2024-02-01,0.1422690706644942,0.8488784113115324,0.00885251802397326,0.016691473723610514,0.9730127367909581,0.010295789485431396,Normal
2024-02-02,0.00017333819237973808,0.8810210206297577,0.11880564117786249,2.20819995154507e-05,0.9187978338855521,0.08118008411493229,Normal
2024-02-05,0.005710480492673667,0.9416046357857812,0.052684883721545,0.002016600304424889,0.9669946971284928,0.030988702567082322,Normal
2024-02-06,0.2142976966852258,0.7751648717244123,0.01053743159036187,0.02767273681006392,0.9642625512238839,0.008064711966052275,Normal
2024-02-07,0.003245470580049972,0.9789952378665691,0.017759291553380845,0.0003367637561320776,0.9877362217463017,0.01192701449756634,Normal
2024-02-08,9.356590535231824e-06,0.9658527644957121,0.034137878913752605,1.0989145322889591e-06,0.9785458068556723,0.021453094229795345,Normal
2024-02-13,0.013097001296634683,0.9666076644199968,0.020295334283368494,0.0014322512050240852,0.984061305030954,0.014506443764021966,Normal
2024-02-14,0.0038463804251938115,0.9491762654920504,0.04697735408275583,0.0005752996177889614,0.9708893682539361,0.028535332128274842,Normal
2024-02-15,0.01012561066023146,0.9719118302878414,0.017962559051927146,0.004902739010315712,0.9848990884450497,0.010198172544634494,Normal
2024-02-16,0.20206697104748525,0.789728796683678,0.008204232268836802,0.04533216724919182,0.948975589987089,0.005692242763719145,Normal
2024-02-19,0.22388150847019653,0.769064358890214,0.0070541326395893765,0.02947608863527315,0.9647832620196449,0.005740649345081891,Normal
2024-02-20,0.002598460220653738,0.9670437716341411,0.030357768145205213,0.0008187759139980661,0.9817467155001639,0.017434508585838025,Normal
2024-02-21,0.17618819096608573,0.8167246780269883,0.007087131006925773,0.02343863153555693,0.9710551122869672,0.005506256177475942,Normal
2024-02-22,0.014247032778505626,0.9631036567278966,0.02264931049359789,0.0028980623173140005,0.9788404900886206,0.01826144759406531,Normal
2024-02-23,0.11628093097462815,0.8736380846745779,0.01008098435079397,0.012149299785835985,0.9411407837876978,0.046709916426466054,Normal
2024-02-26,2.0728937283575404e-12,0.639910581683654,0.36008941831427316,1.1733374326353725e-13,0.3660350497440801,0.6339649502558026,High-Vol
2024-02-27,4.939884130677239e-16,0.269947365462779,0.7300526345372206,5.230065604878835e-17,0.2791840190636859,0.7208159809363139,High-Vol
2024-02-28,1.7162015960037806e-08,0.5848746037610894,0.41512537907689473,1.9921946474346083e-09,0.6465232985385034,0.3534766994693018,Normal
2024-02-29,0.0019694043138443747,0.9384098153053384,0.05962078038081728,0.0001814243305205245,0.8648558909580559,0.1349626847114236,Normal
2024-03-04,5.849718386293321e-08,0.911979892734233,0.08802004876858315,3.6762752331803706e-09,0.6135688758633868,0.3864311204603378,Normal
2024-03-05,2.665257519006713e-23,0.059219703041341526,0.9407802969586585,3.9577689706153134e-25,0.009428451569893144,0.9905715484301069,High-Vol
2024-03-06,4.186409283342482e-49,1.1886339484369584e-05,0.9999881136605157,3.421631193511671e-50,9.499262542010137e-06,0.9999905007374579,High-Vol
2024-03-07,7.096415033164358e-05,0.7992956371283051,0.20063339872136318,3.2232765325857827e-06,0.3871923311238618,0.6128044455996056,High-Vol
2024-03-08,3.7378106525077475e-24,0.03151632491318854,0.9684836750868114,2.7025273602742865e-25,0.02242271241040155,0.9775772875895984,High-Vol
2024-03-11,3.316973768779926e-14,0.22097922489955577,0.779020775100411,3.2942218150603854e-14,0.3426266739499473,0.6573733260500197,High-Vol
2024-03-12,0.19992451935161215,0.7566886964107743,0.04338678423761353,0.027600629440230354,0.9401987947571786,0.03220057580259108,Normal
2024-03-13,0.005564843470739315,0.9752228049092789,0.01921235161998183,0.0029161782082594546,0.9862732594687442,0.010810562322996412,Normal
2024-03-14,0.13447293671224234,0.8569652173072912,0.008561845980466392,0.04833625592678604,0.9462614172943018,0.005402326778912159,Normal
2024-03-15,0.2593301268126442,0.7328875516369222,0.007782321550433556,0.057050149766270083,0.9371053541356289,0.005844496098101086,Normal
2024-03-18,0.23305794332513663,0.7582179311878127,0.008724125487050727,0.030437800527611674,0.9622690747987633,0.007293124673624951,Normal
2024-03-19,8.2134111974895e-05,0.9663445832525482,0.033573282635476875,2.4408198324188754e-05,0.9805822500063661,0.019393341795309754,Normal
2024-03-20,0.06945735918992496,0.9205802970918372,0.009962343718237952,0.0209501672438234,0.9729202082989572,0.006129624457219467,Normal
2024-03-21,0.2148300604183727,0.7749426054412619,0.010227334140365321,0.033458392079141495,0.959036869832968,0.007504738087890375,Normal
2024-03-22,0.0026233371190776257,0.9773038926850105,0.020072770195911933,0.00862118028849085,0.9832747087780622,0.00810411093344689,Normal
2024-03-25,0.41697025392273956,0.5788118330450275,0.004217913032233148,0.3576829129032202,0.639814489405079,0.0025025976917008048,Normal
2024-03-26,0.7881468799527409,0.21032217808428325,0.0015309419629759061,0.36208288615665785,0.6352318374421505,0.002685276401191803,Normal
2024-03-27,0.570847639616225,0.4250844754913843,0.00406788489239079,0.12182393973415617,0.8730262036586678,0.005149856607176066,Normal
2024-03-28,0.012265271197193358,0.9727334418994495,0.015001286903357017,0.0012777740592411974,0.9870184447064076,0.011703781234351162,Normal
2024-03-29,2.1943136338710273e-07,0.9391072377340703,0.060892542834566174,2.3126252006669632e-08,0.9603574977676509,0.039642479106097035,Normal
2024-04-01,0.000153657331520019,0.9668575387534541,0.03298880391502568,1.912878846750784e-05,0.9799427297654518,0.02003814144608064,Normal
2024-04-02,0.015626877151248404,0.9669139245263271,0.01745919832242458,0.002193963375979248,0.9874557621337449,0.010350274490275821,Normal
2024-04-03,0.03678964599462935,0.9529937286171647,0.010216625388205879,0.004381740363100168,0.9893784296432127,0.00623982999368722,Normal
2024-04-04,0.01057816221376925,0.9772468505958348,0.012174987190395933,0.0017598899823879363,0.9910824898320653,0.0071576201855467125,Normal
2024-04-05,0.04637530956369131,0.9439259824531328,0.009698707983175984,0.007454102743656497,0.9863969740759667,0.006148923180376908,Normal
2024-04-08,0.07353730939065531,0.9125760005955471,0.013886690013797644,0.008124723195219013,0.9811965254617325,0.010678751343048505,Normal
2024-04-09,1.3424018203095354e-06,0.9549984913599456,0.04500016623823402,1.8313605258183917e-07,0.9700355055259985,0.02996431133794901,Normal
2024-04-11,0.006800731754751359,0.9544082215623029,0.03879104668294575,0.0034350907992873932,0.9736815626763768,0.022883346524335844,Normal
2024-04-12,0.09484208757580445,0.8881430388148827,0.017014873609313037,0.045706952058577936,0.9440906321057793,0.010202415835642891,Normal
2024-04-15,0.4327699817340992,0.5621373810644636,0.005092637201437112,0.07287085989422834,0.9211499739801089,0.005979166125662858,Normal
2024-04-16,1.3703749763484355e-05,0.9522278340514687,0.047758462198767865,1.5080978701367549e-06,0.9710501959543132,0.02894829594781657,Normal
2024-04-17,0.0045338040235348405,0.9796915909816823,0.015774604994782847,0.0005430639442632046,0.9895235722957494,0.009933363759987306,Normal
2024-04-18,0.002207606568742887,0.9731963924238196,0.024596001007437494,0.001814889936230068,0.984426158919801,0.013758951143969007,Normal
2024-04-19,0.14200605104230005,0.8454307353736309,0.012563213584069068,0.08008905879428908,0.9121534516932795,0.007757489512431485,Normal
2024-04-22,0.1557265392952928,0.8316470284394353,0.012626432265271858,0.10802584722564106,0.8843458043911587,0.007628348383200302,Normal
2024-04-23,0.2255385592045202,0.7616334602701089,0.012827980525370763,0.14655221180020012,0.8456320403269731,0.007815747872826675,Normal
2024-04-24,0.6148723151556664,0.382163353045632,0.002964331798701598,0.16792980983809577,0.828076502299664,0.003993687862240297,Normal
2024-04-25,0.0396010602339162,0.9381478080592852,0.02225113170679859,0.033332635886218175,0.9543853250661258,0.012282039047656023,Normal
2024-04-26,0.15345858626402928,0.8377797400426664,0.008761673693304267,0.1071702658680178,0.8871212734482191,0.0057084606837631245,Normal
2024-04-29,0.6357009462539037,0.361761429439927,0.0025376243061692263,0.14688952320742454,0.837946005755741,0.015164471036834482,Normal
2024-04-30,2.1707162421145994e-06,0.9141563821294186,0.08584144715433928,1.4909860504161e-07,0.6602949817885246,0.33970486911287034,Normal
2024-05-02,2.1480541315147542e-23,0.08336684624873265,0.9166331537512674,3.8951913017231534e-24,0.12992711620579853,0.8700728837942016,High-Vol
2024-05-03,0.0007193051056906868,0.8427971444035703,0.15648355049073895,0.00040115626590587794,0.902195467408893,0.09740337632520096,Normal
2024-05-07,0.026643256306220393,0.9364314834401336,0.036925260253646036,0.04333991561752546,0.9385615677359442,0.018098516646530352,Normal
2024-05-08,0.45213723876291645,0.5436856286279615,0.004177132609122018,0.20152280779322718,0.7949529642701549,0.003524227936617855,Normal
2024-05-09,0.5659876112675687,0.42900826721820806,0.005004121514223458,0.1529914127033728,0.8412107816425213,0.00579780565410604,Normal
2024-05-10,0.05447368611261123,0.9320370077566476,0.013489306130741186,0.04247366994770393,0.9501033826421404,0.007422947410155588,Normal
2024-05-13,0.07608144620047375,0.9149077280615222,0.009010825738004071,0.10774681334214696,0.8878853113382807,0.0043678753195722855,Normal
2024-05-14,0.5312319178419257,0.46552563323574575,0.0032424489223285653,0.2363710219337573,0.7604577684267319,0.0031712096395106627,Normal
2024-05-16,0.027213503670787547,0.9283242444729923,0.04446225185622008,0.1631961492138966,0.8282421445849939,0.00856170620110955,Normal
2024-05-17,0.44561377526962154,0.5500576555093348,0.00432856922104365,0.7796342715427518,0.21977581791475373,0.000589910542494597,Low-Vol
2024-05-20,0.5294848868529176,0.4643868313128141,0.006128281834268383,0.8754657695775475,0.1241344236965992,0.00039980672585308565,Low-Vol
2024-05-21,0.785878821987616,0.21220891263293193,0.001912265379452032,0.9555388207894642,0.04435531963943127,0.00010585957110466596,Low-Vol
2024-05-22,0.9307748125103927,0.06871015564132968,0.000515031848277616,0.9778792419875773,0.02205446961397066,6.628839845207617e-05,Low-Vol
2024-05-23,0.8961680747347072,0.10297449720300685,0.0008574280622859504,0.9658803943834535,0.03400496800547196,0.00011463761107448442,Low-Vol
2024-05-24,0.8974539597169666,0.10154691886360838,0.0009991214194250244,0.9582520472494116,0.04156959064694929,0.0001783621036391696,Low-Vol
2024-05-27,0.9668514382669057,0.032945585325948185,0.0002029764071462712,0.9427180497839052,0.057087271341255325,0.0001946788748395976,Low-Vol
2024-05-28,0.6933082460244963,0.3038224061646912,0.0028693478108125217,0.7820276247751675,0.21694936128779785,0.0010230139370345788,Low-Vol
2024-05-29,0.8317429113954684,0.1666142772299727,0.0016428113745587962,0.775414610130502,0.2233948378170201,0.001190552052478065,Low-Vol
2024-05-30,0.9532215075403334,0.04646929759283971,0.0003091948668269587,0.6830294821622632,0.3157030102599849,0.001267507577751845,Low-Vol
2024-05-31,0.13652153770213266,0.8523476582257358,0.011130804072131479,0.01669403115447559,0.9747668756740595,0.008539093171464888,Normal
2024-06-03,0.010466780940050355,0.9599797190239283,0.029553500036021366,0.0010949904801666078,0.9771418805986326,0.021763128921200782,Normal
2024-06-04,1.408100342935991e-05,0.9439371518570592,0.056048767139511485,4.221649617159108e-06,0.9659559001578576,0.03403987819252529,Normal
2024-06-05,0.1705600700321165,0.8173917234591024,0.012048206508781094,0.020690162075570142,0.9670967812718296,0.012213056652600095,Normal
2024-06-07,6.352845242850827e-08,0.9074170533888389,0.09258288308270868,3.3089804190862765e-08,0.9450246662635575,0.05497530064663838,Normal
2024-06-10,0.03385848281219386,0.9445493000256395,0.021592217162166655,0.04247095439173184,0.9465047712132639,0.011024274395004217,Normal
2024-06-11,0.47892424878430284,0.5173239117757104,0.0037518394399868467,0.1615362974343978,0.8349153551897559,0.0035483473758463977,Normal
2024-06-12,0.12974612106150263,0.8585212897922461,0.01173258914625117,0.09283084428122328,0.9004036537882986,0.006765501930478224,Normal
2024-06-13,0.09963938026264753,0.8897684560943865,0.010592163642966022,0.13824682944587016,0.8566490853316898,0.005104085222440061,Normal
2024-06-14,0.0769344263013701,0.9122584377412941,0.010807135957335824,0.2584465803441931,0.7384331227240999,0.0031202969317069866,Normal
2024-06-17,0.2781790778165175,0.7134322466221715,0.008388675561311006,0.5902052434947789,0.407971303095397,0.0018234534098241677,Low-Vol
2024-06-18,0.6520075605811407,0.344977615100604,0.0030148243182553294,0.7455399340430072,0.25334157622595715,0.0011184897310356995,Low-Vol
2024-06-19,0.7330456642019004,0.2638033314445459,0.003151004353553784,0.7455853851809239,0.25282461469273115,0.0015900001263450421,Low-Vol
2024-06-20,0.832632775244666,0.16580061091494958,0.0015666138403844128,0.7081892423388417,0.2903025428914817,0.0015082147696764817,Low-Vol
2024-06-21,0.17072481268482803,0.8159647387024717,0.013310448612700318,0.5769471065606881,0.4214999765377187,0.0015529169015932735,Low-Vol
2024-06-24,0.643898308950703,0.3534330787773944,0.0026686122719026995,0.8790220437312161,0.12064882533578333,0.00032913093300057384,Low-Vol
2024-06-25,0.8618186469229372,0.13725736366089586,0.0009239894161668531,0.9189795561142895,0.08075969507326003,0.00026074881245025106,Low-Vol
2024-06-26,0.9262212598905537,0.07328523190172534,0.0004935082077210787,0.8922376519991133,0.10736699487396018,0.0003953531269266367,Low-Vol
2024-06-27,0.956939853153387,0.04273058835439926,0.00032955849221374636,0.7678576872490863,0.23108481104077117,0.0010575017101423468,Low-Vol
2024-06-28,0.7527626022032846,0.24457567731165153,0.0026617204850638747,0.2389798624534559,0.7553252666001921,0.00569487094635206,Normal
2024-07-01,6.314721997280741e-05,0.9593511887816444,0.04058566399838273,1.1704839865351695e-05,0.9754942170985084,0.024494078061626352,Normal
2024-07-02,0.0027169919571840926,0.9724203806230131,0.024862627419802916,0.008713553338514798,0.9810980984499977,0.010188348211487383,Normal
2024-07-03,0.33562440417755285,0.6592513625403671,0.005124233282079974,0.34749565834815077,0.6498526106370138,0.0026517310148355426,Normal
2024-07-04,0.639325862628967,0.357614417417562,0.0030597199534710276,0.3860813679848178,0.6109817107738792,0.002936921241303081,Normal
2024-07-05,0.7468487096593266,0.25114849889944235,0.0020027914412310377,0.2939165386867573,0.7028219026051006,0.0032615587081421494,Normal
2024-07-08,0.4651876497551976,0.5297062631559212,0.00510608708888129,0.0825901262302292,0.9118931691256997,0.005516704644071117,Normal
2024-07-09,0.0005728980559451956,0.9752673368535563,0.024159765090498605,0.0002134095611891437,0.9860834636385063,0.013703126800304557,Normal
2024-07-10,0.22691893844410857,0.7670298584962465,0.0060512030596448566,0.029555660827775224,0.965454175433382,0.004990163738842741,Normal
2024-07-11,0.0004982668311588443,0.9680440346479325,0.031457698520908586,0.0002484189835857648,0.9813365513893378,0.018415029627076394,Normal
2024-07-12,0.07974377698522984,0.9037899777178833,0.01646624529688682,0.043093835293112594,0.9472502599964058,0.009655904710481578,Normal
2024-07-15,0.22467664799998935,0.7670661343380767,0.008257217661933932,0.07876193444284242,0.915532370485717,0.005705695071440696,Normal
2024-07-16,0.1335611890216959,0.8553611461402596,0.011077664838044506,0.07133188063329023,0.9219429331179698,0.006725186248739953,Normal
2024-07-17,0.13462306452769382,0.855043891849574,0.010333043622732139,0.09776460435416329,0.8963658573399541,0.005869538305882603,Normal
2024-07-18,0.5399463108434862,0.4565298166041642,0.0035238725523496074,0.14349614241452474,0.8526709088435744,0.0038329487419008876,Normal
2024-07-19,0.17657832809200552,0.8145954225684013,0.008826249339593178,0.043874874625342085,0.9501962249422096,0.005928900432448452,Normal
2024-07-22,0.016224064743400247,0.9712307068364342,0.012545228420165628,0.03465624272207331,0.9596304923728515,0.005713264905075285,Normal
2024-07-23,0.1325124312641177,0.8600431721840921,0.007444396551790274,0.25506408760269156,0.7419716159325539,0.0029642964647545703,Normal
2024-07-24,0.3049503966833667,0.6881936267670405,0.006855976549592721,0.42318678408897153,0.574010112181656,0.0028031037293724703,Normal
2024-07-25,0.42608057678899447,0.5688466479305458,0.0050727752804598245,0.502062329622784,0.4957107146090566,0.0022269557681595855,Low-Vol
2024-07-26,0.8174251299841403,0.18138551084306564,0.0011893591727941072,0.5386238984753916,0.45961927636319255,0.0017568251614158749,Low-Vol
2024-07-29,0.09544488495229964,0.8847125704583094,0.019842544589390936,0.3372214657668399,0.6580262906771339,0.004752243556026168,Normal
2024-07-30,0.574576740025003,0.42224297948145634,0.0031802804935406196,0.6771299114025182,0.3216728721162585,0.0011972164812232933,Low-Vol
2024-07-31,0.8400243407898978,0.1588944775301839,0.0010811816799182388,0.6914292611324397,0.3073668900767697,0.0012038487907905931,Low-Vol
2024-08-01,0.8730996394343273,0.12576566461702426,0.0011346959486485501,0.5413005257867307,0.45527742088035156,0.0034220533329176223,Low-Vol
2024-08-02,0.7555877192691702,0.24178446977884757,0.0026278109519821302,0.22315354053432251,0.739877294673727,0.03696916479195054,Normal
2024-08-05,4.9583907774993416e-05,0.42163224769582075,0.5783181683964044,3.902093010387908e-06,0.32662375138224153,0.6733723465247481,High-Vol
2024-08-06,1.7669335738881053e-05,0.35091246219251643,0.6490698684717446,4.095168407475828e-06,0.48206934502443083,0.5179265598071618,High-Vol
2024-08-07,0.001919111627630731,0.9189042096619027,0.07917667871046657,0.004181580907778647,0.9578121084595167,0.038006310632704654,Normal
2024-08-08,0.04842140643752329,0.9376731336136646,0.01390545994881216,0.21908804600343737,0.7776360196928938,0.0032759343036688204,Normal
2024-08-09,0.46957331751811293,0.526521390186089,0.0039052922957979667,0.6845345276715474,0.3144257383989944,0.0010397339294582338,Low-Vol
2024-08-12,0.8499882922952894,0.1489835359536899,0.0010281717510207194,0.7456605492215255,0.25338284831495395,0.0009566024635204,Low-Vol
2024-08-13,0.2165940868165816,0.773492827478889,0.009913085704529312,0.6153905496158999,0.38329607229982593,0.001313378084274313,Low-Vol
2024-08-14,0.4772065402221165,0.5178056153884101,0.004987844389473393,0.8534468281151141,0.14622115831436,0.0003320135705259046,Low-Vol
2024-08-16,0.751754496499329,0.2461202592831269,0.002125244217544069,0.9514344354959237,0.048468996701041406,9.656780303506527e-05,Low-Vol
2024-08-19,0.9031788896393137,0.09616399131310227,0.0006571190475840508,0.9813650233172452,0.018600341885734437,3.4634797020510836e-05,Low-Vol
2024-08-20,0.9087626663498634,0.09047890271137068,0.000758430938765934,0.9859914562946696,0.01398509105096284,2.345265436743144e-05,Low-Vol
2024-08-21,0.9674870643708509,0.032310922266772665,0.00020201336237649453,0.9935842777492268,0.00640375003334684,1.1972217426525218e-05,Low-Vol
2024-08-22,0.9470228351994677,0.05247218731558623,0.0005049774849459955,0.9887212663970955,0.011244656788138567,3.4076814766019223e-05,Low-Vol
2024-08-23,0.9630960957703245,0.03666280313223964,0.00024110109743596267,0.9850033684852658,0.014952918215891835,4.3713298842354644e-05,Low-Vol
2024-08-26,0.9718446226950719,0.027960274374671603,0.00019510293025652706,0.9594830604935849,0.04035858360100011,0.0001583559054151199,Low-Vol
2024-08-27,0.43928217918078905,0.5452330419632233,0.015484778855987624,0.8270981211804128,0.17165471939274546,0.0012471594268415832,Low-Vol
2024-08-28,0.8079667876115872,0.1904895583630348,0.0015436540253780224,0.9355978759406893,0.06419808004590863,0.00020404401340212914,Low-Vol
2024-08-29,0.9516844184774386,0.04800353229894797,0.0003120492236133872,0.9420227608999951,0.05777612290495789,0.00020111619504700607,Low-Vol
2024-08-30,0.6658066878185185,0.3311230170609082,0.003070295120573366,0.8382326680775999,0.1611087768461196,0.0006585550762805651,Low-Vol
2024-09-02,0.8045960078781232,0.1936947646246992,0.0017092274971775058,0.8590537275655968,0.14032483525612596,0.0006214371782771552,Low-Vol
2024-09-03,0.8794802726228206,0.1195400531771015,0.0009796742000779122,0.8298192786237765,0.16940160587685804,0.0007791154993655655,Low-Vol
2024-09-04,0.8180188120083256,0.17962479385421706,0.002356394137457321,0.7202915003628372,0.2776826173690665,0.0020258822680963755,Low-Vol
2024-09-05,0.7899899329550186,0.20804244329964902,0.0019676237453323405,0.6114221666430307,0.386381292839755,0.0021965405172144313,Low-Vol
2024-09-06,0.7158956483489767,0.2801261539332744,0.003978197717749035,0.47934220880133577,0.5144365347998229,0.0062212563988412635,Normal
2024-09-09,0.8653777492212744,0.13340974042176376,0.0012125103569617854,0.36367088939259945,0.600535346374638,0.03579376423276266,Normal
2024-09-10,4.8346666211225975e-24,0.00807891168160955,0.9919210883183905,6.33985636988788e-25,0.009279624731281078,0.9907203752687188,High-Vol
2024-09-11,0.002097263633919231,0.8077551376982869,0.19014759866779396,0.00015455206934776654,0.5992171062877819,0.4006283416428704,Normal
2024-09-12,1.0474728728786552e-13,0.3059556764305268,0.6940443235693685,2.5664734680669002e-14,0.4209860765292825,0.5790139234706919,High-Vol
2024-09-13,0.01831940142928209,0.8738095383159418,0.10787106025477608,0.004314262998880772,0.9267479604918774,0.06893777650924186,Normal
2024-09-19,0.0020164695560190484,0.9185355536956246,0.0794479767483563,0.014857994794445726,0.9683169379038837,0.016825067301670674,Normal
2024-09-20,0.32933237827530404,0.6642941955487844,0.0063734261759115455,0.7682271166047975,0.2312919805299236,0.00048090286527910245,Low-Vol
2024-09-23,0.7123085151513419,0.285463638157297,0.0022278466913612464,0.9362765748427152,0.06359434420379224,0.00012908095349245188,Low-Vol
2024-09-24,0.9298925873720201,0.06966090716754807,0.0004465054604318549,0.9718929462663505,0.028027688380951286,7.936535269818108e-05,Low-Vol
2024-09-25,0.9489269715104618,0.05063868924190858,0.0004343392476297283,0.9519747981429088,0.04781182558425404,0.00021337627283720775,Low-Vol
2024-09-26,0.9548172670868369,0.04489534514442551,0.00028738776873771065,0.8747689550046112,0.12476896169676883,0.00046208329861991706,Low-Vol
2024-09-27,0.938543542085379,0.06086540693509904,0.0005910509795218566,0.611682493619752,0.3857033143516007,0.002614192028647351,Low-Vol
2024-09-30,0.003673643931355626,0.9749600813867789,0.02136627468186553,0.0003754378570348376,0.9757707645708354,0.023853797572129652,Normal
2024-10-02,2.9334872958363503e-08,0.8549622094723816,0.1450377611927454,3.6552623794468526e-09,0.8954575521556807,0.10454244418905705,Normal
2024-10-04,0.016252396055749685,0.9553693422801643,0.028378261664085976,0.001648976658315837,0.9541916691848479,0.044159354156836236,Normal
2024-10-07,2.954248693706439e-05,0.7061391743724268,0.29383128314063617,2.285829177725354e-05,0.8096399982905079,0.1903371434177149,Normal
2024-10-08,0.33786822779464415,0.6485572886728288,0.01357448353252698,0.05397004384217665,0.9230380432813085,0.022991912876514847,Normal
2024-10-10,0.06748224867345674,0.9142169613951037,0.018300789931439545,0.006044851940941107,0.8778918548882618,0.11606329317079717,Normal
2024-10-11,6.625691903822768e-41,0.0007941496753538904,0.9992058503246461,4.288693045198423e-41,0.0014167390963751346,0.9985832609036248,High-Vol
2024-10-14,0.0009910800674922209,0.8620689107500942,0.13694000918241353,0.005008017908594464,0.9457684908385338,0.04922349125287167,Normal
2024-10-15,0.13368832914634757,0.8492961064748653,0.01701556437878709,0.4894247366960257,0.5080667104333662,0.002508552870608109,Normal
2024-10-16,0.4064255589625872,0.5878631950393658,0.00571124599804708,0.8299442237528916,0.16973092129865833,0.00032485494845008287,Low-Vol
2024-10-17,0.7929314435735273,0.2055551408247075,0.0015134156017652296,0.9599804380171145,0.039948584372809036,7.097761007639811e-05,Low-Vol
2024-10-18,0.8933390205784658,0.10568870032136622,0.0009722791001679929,0.9824492360445491,0.017515307469358418,3.545648609250781e-05,Low-Vol
2024-10-21,0.956822786803033,0.04290554515467978,0.0002716680422871676,0.9911969196759529,0.008786234363643746,1.6845960403339808e-05,Low-Vol
2024-10-22,0.9120739576058603,0.0869404267204342,0.0009856156737055551,0.987104365710475,0.01286866311192493,2.6971177600075695e-05,Low-Vol
2024-10-23,0.9762490846941801,0.023613464085576477,0.00013745122024326782,0.9948379921823152,0.005152254055199514,9.75376248534312e-06,Low-Vol
2024-10-24,0.922695633008404,0.0764472741180436,0.0008570928735522988,0.9867659243070688,0.013197907136968588,3.6168555962719936e-05,Low-Vol
2024-10-25,0.971214542153379,0.02860411825175622,0.00018133959486482461,0.9905770305265433,0.009398235385956695,2.473408749993199e-05,Low-Vol
2024-10-28,0.8779602970112074,0.1203552760138699,0.0016844269749227785,0.9719302245943926,0.027944465247281506,0.00012531015832595164,Low-Vol
2024-10-29,0.9469131432383843,0.05272698266691376,0.0003598740947019365,0.9765371571338336,0.023390762870215243,7.207999595112264e-05,Low-Vol
2024-10-30,0.9776890385888616,0.022176672307139312,0.0001342891039991371,0.9498716339471243,0.049959854714454466,0.0001685113384212383,Low-Vol
2024-10-31,0.9579560962419748,0.04175444514293054,0.0002894586150948172,0.7332298894190924,0.26568369870753544,0.0010864118733721635,Low-Vol
2024-11-01,0.17318571223725382,0.8168816629461405,0.009932624816605541,0.10739483833403551,0.8866490418773431,0.0059561197886214105,Normal
2024-11-04,0.46806703674108263,0.5271850175212633,0.004747945737653992,0.13563960948312773,0.8598318093609102,0.004528581155962066,Normal
2024-11-05,0.17157048712461073,0.8184304170022135,0.009999095873175776,0.06490214317272677,0.9285335564868508,0.006564300340422506,Normal
2024-11-06,0.03523600750783344,0.9491174186382911,0.01564657385387543,0.06938739441533467,0.9234911966953637,0.007121408889301699,Normal
2024-11-07,0.06440326120735886,0.9231827575625277,0.012413981230113573,0.26570920301617856,0.7313957832378862,0.0028950137459353245,Normal
2024-11-08,0.23481637802859356,0.7573515298757433,0.007832092095663117,0.6823582298787675,0.31697357041605745,0.000668199705175139,Low-Vol
2024-11-11,0.655330017430845,0.3419634489853865,0.0027065335837685237,0.9231924609660497,0.0766626645705502,0.0001448744634002083,Low-Vol
2024-11-12,0.8488483435895243,0.14982329020201673,0.0013283662084589696,0.9716785645018671,0.028258774227293254,6.266127083977605e-05,Low-Vol
2024-11-13,0.9130651451610824,0.08613269732549857,0.0008021575134190879,0.9851202872965823,0.01484669674857126,3.301595484637081e-05,Low-Vol
2024-11-14,0.9292197020103579,0.07014723094764372,0.0006330670419985551,0.9903433766377167,0.009642588607402016,1.4034754881343849e-05,Low-Vol
2024-11-15,0.9772063542067986,0.02266132727134096,0.0001323185218605078,0.9967386742102501,0.0032576051997200294,3.7205900299850533e-06,Low-Vol
2024-11-18,0.9735060089218839,0.026306809884723545,0.00018718119339260588,0.9961606208779965,0.003833931599448575,5.4475225549253185e-06,Low-Vol
2024-11-19,0.9739409565294889,0.025882370031419934,0.0001766734390912731,0.9958500724657938,0.004143303841126627,6.6236930795662184e-06,Low-Vol
2024-11-20,0.981435470631619,0.018455050502644125,0.00010947886573685083,0.9940195833582566,0.00596578387909064,1.4632762652959777e-05,Low-Vol
2024-11-21,0.8976947419587488,0.10101306406779394,0.001292193973457256,0.9744688662057804,0.025418907729743877,0.0001122260644757547,Low-Vol
2024-11-22,0.9572431939824334,0.042476205910542734,0.00028060010702390833,0.9741896949166123,0.025725866398488426,8.443868489918968e-05,Low-Vol
2024-11-25,0.9304864899199744,0.06881065401096215,0.0007028560690634888,0.9295942895729369,0.07002198830022148,0.00038372212684186614,Low-Vol
2024-11-26,0.9254480565257197,0.07401224334999437,0.0005397001242859901,0.8486016001902557,0.15051127128473618,0.0008871285250081566,Low-Vol
2024-11-27,0.9575426577803663,0.04214913316887172,0.00030820905076209585,0.6689969834730349,0.3157334334921857,0.015269583034779243,Low-Vol
2024-11-28,6.345787316601363e-47,2.4175769127901174e-05,0.9999758242308721,1.6036106797099923e-47,3.968163119540895e-05,0.9999603183688046,High-Vol
2024-11-29,0.0016185367743875821,0.8137275157233135,0.18465394750229888,0.0008984527173110741,0.8849695595821107,0.11413198770057831,Normal
2024-12-02,0.018278346452307852,0.9487761388069069,0.03294551474078527,0.042009248410703574,0.9430541945751115,0.014936557014184917,Normal
2024-12-03,0.19376077537642725,0.797710639923625,0.008528584699947795,0.27484368224381006,0.7213153491871743,0.003840968569015725,Normal
2024-12-04,0.4283993570550009,0.5662211817588616,0.005379461186137567,0.37835793131943685,0.618481089380735,0.0031609792998281592,Normal
2024-12-05,0.5416047267406942,0.4544677222005982,0.003927551058707526,0.38292426229061993,0.6141093556225912,0.0029663820867888947,Normal
2024-12-06,0.7862253638198543,0.2118445804236487,0.0019300557564969811,0.3400568628390019,0.6561355346060791,0.0038076025549189474,Normal
2024-12-09,0.4984480563395442,0.49056410363335373,0.01098784002710208,0.09327047031285236,0.8929214887513284,0.013808040935819329,Normal
2024-12-10,2.050607045960842e-05,0.9548898153226352,0.045089678606905256,6.821450958729717e-06,0.9739479909248516,0.026045187624189683,Normal
2024-12-11,0.16439040265405702,0.8266396755194403,0.008969921826502714,0.024470936823198758,0.9692936861282442,0.006235377048557122,Normal
2024-12-12,0.03337041317114827,0.9550493155578051,0.011580271271046648,0.0072888872021068096,0.9846957784156759,0.008015334382217118,Normal
2024-12-13,0.13769722625697922,0.8493170266017271,0.01298574714129363,0.015839124473597845,0.9615085644476749,0.022652311078727345,Normal
2024-12-16,0.00038095402066927627,0.7891938255503382,0.21042522042899242,4.7349294780916694e-05,0.824288293146659,0.1756643575585601,Normal
2024-12-17,0.015628313782503487,0.9212043590832608,0.06316732713423572,0.0015581341666432093,0.9037897242120788,0.09465214162127795,Normal
2024-12-18,0.00015183256982157704,0.7103229519868344,0.2895252154433441,1.999138457619443e-05,0.7876727714538702,0.21230723716155364,Normal
2024-12-19,0.013694020703488812,0.9098938635997952,0.07641211569671602,0.0014604359915403407,0.9438087354362971,0.05473082857216249,Normal
2024-12-20,4.847593291006615e-06,0.94018057078527,0.05981458162143895,2.309802237978747e-06,0.9654860614433488,0.03451162875441318,Normal
2024-12-23,0.2777154497019833,0.7145835904811595,0.007700959816857084,0.03929857018503024,0.9534407334312378,0.007260696383732186,Normal
2024-12-24,0.01523686196715113,0.9564077369406062,0.028355401092242813,0.0015831264072402366,0.970781644527837,0.027635229064922842,Normal
2024-12-26,1.0143741658041777e-07,0.9316302034212961,0.06836969514128734,1.0243075761508577e-08,0.9210133786111709,0.07898661114575328,Normal
2024-12-27,0.00012015583933704407,0.8815395171321638,0.11834032702849917,1.2055324197245305e-05,0.8600322263184382,0.13995571835736448,Normal
2024-12-30,0.0010882515418765269,0.9672844189163747,0.031627329541748773,8.626689149099365e-05,0.8221227222198474,0.1777910108886615,Normal
2024-12-31,1.4191310827407478e-69,2.3382064387660873e-07,0.9999997661793562,2.001198525953182e-71,3.535233599700621e-08,0.999999964647664,High-Vol
2025-01-02,1.8627435918686997e-70,4.8013732145752625e-09,0.9999999951986268,8.786994512486122e-72,2.25408401350532e-09,0.999999997745916,High-Vol
2025-01-03,4.3518461440435555e-16,0.1250678662388445,0.874932133761155,7.68831513920926e-17,0.1901874580922993,0.8098125419077007,High-Vol
2025-01-06,0.00024598070292720405,0.8288556551703874,0.17089836412668521,0.00047143186833740374,0.9087036262182617,0.09082494191340089,Normal
2025-01-07,0.20451900242512924,0.7828322002889575,0.012648797285913274,0.1712739079314856,0.821608131923599,0.0071179601449153284,Normal
2025-01-08,0.726621751290403,0.2715616053979556,0.0018166433116415218,0.21496961993375646,0.7814513393989097,0.003579040667333875,Normal
2025-01-09,6.32497474882286e-05,0.964761151290307,0.03517559896220472,9.141613042787578e-06,0.9772239030499076,0.022766955337049585,Normal
2025-01-10,0.038803313127320625,0.9383350851272705,0.022861601745408914,0.00437750277265652,0.9770364198322424,0.01858607739510104,Normal
2025-01-13,0.008248542226884778,0.9421434294610623,0.04960802831205293,0.0008574675581445239,0.9554173301330449,0.043725202308810635,Normal
2025-01-14,1.8701218597175338e-07,0.8879177150543276,0.11208209793348652,6.956330768338395e-08,0.9317664252817891,0.06823350515490312,Normal
2025-01-15,0.20934345455220288,0.7772419138068488,0.01341463164094833,0.026578190101524707,0.9607852508949751,0.012636559003500213,Normal
2025-01-16,2.9654024170486736e-05,0.9353215610981751,0.06464878487765452,9.142511750477974e-06,0.9613751124476191,0.03861574504063048,Normal
2025-01-17,0.1344404699905085,0.8507289952990359,0.01483053471045575,0.021368539136023296,0.968685561454981,0.009945899408995837,Normal
2025-01-20,0.04574191135920008,0.9418353583788002,0.012422730261999724,0.009655643038121586,0.9826237827940811,0.007720574167797233,Normal
2025-01-21,0.022033159061665017,0.9610471772223057,0.016919663716029303,0.01575508655233847,0.9749280552213954,0.00931685822626612,Normal
2025-01-22,0.16713970799107886,0.8259658405675545,0.0068944514413666344,0.07947540232894387,0.915980569547116,0.0045440281239400165,Normal
2025-01-23,0.04653424288794742,0.9307247230292868,0.022741034082765788,0.0945679290403358,0.8952488541196686,0.010183216839995688,Normal
2025-01-24,0.44036413128847396,0.5549502958049196,0.004685572906606398,0.29308565351033705,0.703581614547282,0.003332731942381029,Normal
2025-01-31,0.7844538244007607,0.2141119127842412,0.0014342628149980794,0.27161353895324525,0.7238833346695382,0.004503126377216414,Normal
2025-02-03,3.4651650190493773e-07,0.9195603138981688,0.08043933958532923,3.6253972919529285e-08,0.9370460438471218,0.06295391989890532,Normal
2025-02-04,7.194865853576877e-08,0.9159848151970433,0.08401511285429798,8.61161944737274e-09,0.9463590012347984,0.05364099015358207,Normal
2025-02-05,0.0017371083919674412,0.9661051790278827,0.03215771258014979,0.0013840339777939205,0.9809235420300776,0.017692423992128514,Normal
2025-02-06,0.04361247118688174,0.9443500611165231,0.01203746769659522,0.07639068693228632,0.9180098315048669,0.005599481562846841,Normal
2025-02-07,0.042891676314221035,0.9389142112452358,0.018194112440543194,0.24782803051663516,0.7494396178896733,0.002732351593691646,Normal
2025-02-10,0.4678251962168046,0.5284945177871392,0.00368028599605632,0.8474982143293556,0.15224838756301612,0.0002533981076283269,Low-Vol
2025-02-11,0.8327324066994805,0.16616984559421025,0.0010977477063093847,0.9488355408032563,0.05103704250551942,0.00012741669122425022,Low-Vol
2025-02-12,0.9468046933078407,0.0528409608040865,0.0003543458880728002,0.9537812521433306,0.046057362297250645,0.00016138555941842912,Low-Vol
2025-02-13,0.8869282444979087,0.11200832122150058,0.0010634342805906575,0.8842627009175505,0.11516319399246566,0.000574105089983749,Low-Vol
2025-02-14,0.9634738229877936,0.03628840830000886,0.00023776871219741047,0.8106625341618967,0.1886208187902733,0.0007166470478300098,Low-Vol
2025-02-17,0.6112283831031978,0.3850930881717945,0.0036785287250075942,0.299645803994234,0.696544870248015,0.00380932575775092,Normal
2025-02-18,0.660554295217138,0.33615112982744516,0.0032945749554166874,0.20107704189031797,0.7943344024818593,0.004588555627822586,Normal
2025-02-19,0.047470149299752615,0.9395650186424654,0.012964832057781945,0.04314118578355814,0.9498864303515986,0.0069723838648433414,Normal
2025-02-20,0.1326196831612264,0.8597807729591563,0.0075995438796172465,0.12347354732623037,0.8723650016721681,0.0041614510016015965,Normal
2025-02-21,0.630786492789389,0.3667253939996234,0.0024881132109876017,0.19058478906893464,0.8043329956551358,0.005082215275929444,Normal
2025-02-24,0.3864996539160907,0.6070605145775739,0.006439831506335336,0.05265933167749209,0.8858033540924235,0.06153731423008441,Normal
2025-02-25,2.502390125874876e-32,0.008297811015140672,0.9917021889848594,3.159088268080001e-33,0.010209608148438474,0.9897903918515616,High-Vol
2025-02-26,6.847470537322402e-09,0.47897087168089686,0.5210291214716326,1.453792447327463e-08,0.649479280462544,0.35052070499953153,Normal
2025-02-27,0.3022841957777758,0.6740122771720266,0.023703527050197494,0.1175381606893198,0.8629579223615212,0.0195039169491589,Normal
2025-02-28,0.5204843332823695,0.4736240323204042,0.005891634397226356,0.09811436573367702,0.8828846800172032,0.019000954249119927,Normal
2025-03-04,6.025288158545338e-12,0.69632672727168,0.3036732727222948,1.8409374841700518e-12,0.7961678136991869,0.20383218629897218,Normal
2025-03-05,0.05109213585616854,0.9080875184945464,0.040820345649285016,0.015267320417492446,0.9606025491177932,0.024130130464714364,Normal
2025-03-06,0.004420699265955429,0.9765105034462715,0.019068797287772953,0.029216728618529166,0.9666857059331982,0.004097565448272679,Normal
2025-03-07,0.2782184065848784,0.7155658378151414,0.006215755599980177,0.7424694879602404,0.25713152978615705,0.00039898225360253484,Low-Vol
2025-03-10,0.7754508464777863,0.22309549479403915,0.0014536587281745953,0.9518146877585888,0.04810131176275724,8.400047865390551e-05,Low-Vol
2025-03-11,0.8382540216804757,0.1603362446020875,0.0014097337174368146,0.9755287837020551,0.024435286138038203,3.5930159906656435e-05,Low-Vol
2025-03-12,0.9566176026418423,0.04309629518940487,0.0002861021687527093,0.9941222722967448,0.005871195749827898,6.531953427266489e-06,Low-Vol
2025-03-13,0.9771816370998226,0.022685054948375877,0.00013330795180140084,0.9969716583692508,0.003025380811203445,2.960819545871702e-06,Low-Vol
2025-03-14,0.9811504039398143,0.01873688650650426,0.00011270955368131664,0.9974603120169087,0.002537032756963697,2.655226127738708e-06,Low-Vol
2025-03-17,0.9804078017255602,0.01947330859401661,0.00011888968042318614,0.9972374643616794,0.002759309486812832,3.2261515078748297e-06,Low-Vol
2025-03-18,0.9781645434011548,0.021694227561335204,0.00014122903751004828,0.9964622304915121,0.0035322606222952056,5.508886192734171e-06,Low-Vol
2025-03-19,0.9578931886184409,0.041750396614079276,0.0003564147674798644,0.9938064981936061,0.0061829630289672085,1.053877742663787e-05,Low-Vol
2025-03-20,0.9641517710806079,0.035614014630006324,0.00023421428938574413,0.9952828218474955,0.004712257492680872,4.920659823553203e-06,Low-Vol
2025-03-21,0.9829820125693002,0.016923765841082232,9.42215896175914e-05,0.9975463478682723,0.002450924212769243,2.7279189585555627e-06,Low-Vol
2025-03-24,0.9721559353992604,0.027656948648221994,0.0001871159525176419,0.9961247825152294,0.0038703935170789857,4.823967691748574e-06,Low-Vol
2025-03-25,0.982621876258528,0.01728038239143211,9.774135003980234e-05,0.9965801740395175,0.0034140259694900718,5.799990992484534e-06,Low-Vol
2025-03-26,0.9595386211578225,0.040174347699017815,0.0002870311431596209,0.9897817489800742,0.010192189232829866,2.606178709594555e-05,Low-Vol
2025-03-27,0.9806247675610614,0.019264271929623003,0.00011096050931556221,0.9803725552407513,0.019568412150938106,5.9032608310625776e-05,Low-Vol
2025-03-28,0.9853407049920905,0.014579739891184874,7.955511672464254e-05,0.8898479602860734,0.10977189360034155,0.0003801461135849439,Low-Vol
2025-03-31,0.12955845931115528,0.848755011859759,0.021686528829085668,0.12824776720091785,0.8601337532200332,0.011618479579048982,Normal
2025-04-01,0.2048124394434887,0.7873712213481011,0.007816339208410135,0.2004777330802593,0.7953437683163734,0.004178498603367329,Normal
2025-04-02,0.6124604332190247,0.3844372022267251,0.0031023645542501226,0.2584984427441363,0.7379176617706905,0.003583895485173296,Normal
2025-04-03,0.49583511912639866,0.49594513631959236,0.008219744554008947,0.148760168906081,0.8425077333169235,0.008732097776995677,Normal
2025-04-04,0.28625994247475567,0.6965720733188615,0.017167984206382644,0.06977640936657664,0.916685310914847,0.013538279718576124,Normal
2025-04-07,0.28620274643392823,0.7028871014659366,0.010910152100135108,0.03982888231168336,0.9501227293534442,0.010048388334872455,Normal
2025-04-08,0.00013387488245741316,0.958171074955706,0.041695050161836666,6.963303733090893e-05,0.9761128213846104,0.023817545578058583,Normal
2025-04-09,0.16071264884469946,0.8285108138854556,0.010776537269844975,0.04482582909224559,0.9482637135787996,0.006910457328954768,Normal
2025-04-10,0.006510402225001959,0.9785419517708718,0.014947646004126243,0.041149141634506524,0.9555103152254079,0.0033405431400855097,Normal
2025-04-11,0.3012300755397165,0.6923491259614099,0.006420798498873632,0.7239928169141715,0.27536335715335153,0.0006438259324770374,Low-Vol
2025-04-14,0.6961650864619383,0.30157240579760014,0.002262507740461552,0.9033176678776018,0.09642388127954457,0.0002584508428535378,Low-Vol
2025-04-15,0.7338503364519914,0.2636212802833757,0.002528383264632966,0.9333194319699781,0.0664853129737399,0.00019525505628201532,Low-Vol
2025-04-16,0.8531092882408733,0.14550503110603263,0.0013856806530940838,0.9616458079038844,0.038230057340443914,0.00012413475567159285,Low-Vol
2025-04-17,0.8022144180842544,0.19610465221475162,0.001680929700993935,0.9673446625578785,0.03260294617243126,5.239126969005923e-05,Low-Vol
2025-04-18,0.9415089851358484,0.05808123846462958,0.0004097763995221156,0.9907571414523111,0.009228464083839767,1.4394463849144813e-05,Low-Vol
2025-04-21,0.9649247363878696,0.034821711449874976,0.0002535521622555843,0.9933529244852598,0.006633339522479161,1.3735992261113602e-05,Low-Vol
2025-04-22,0.9262669157580139,0.07292189324847394,0.0008111909935121848,0.9896096308929405,0.010370288490327772,2.008061673172393e-05,Low-Vol
2025-04-23,0.9758577971121899,0.023996926647913787,0.0001452762398963848,0.9959267815738863,0.00406697623333163,6.242192782172362e-06,Low-Vol
2025-04-24,0.9748331604358883,0.025004478327957987,0.0001623612361537554,0.9928891445567511,0.007093024196619192,1.7831246629675144e-05,Low-Vol
2025-04-25,0.9573437690502669,0.04229334771588845,0.0003628832338446708,0.9783140247052581,0.021599031787049576,8.694350769242654e-05,Low-Vol
2025-04-28,0.8528124435130275,0.14600599149486254,0.0011815649921100109,0.9432679523668142,0.05653680327012033,0.0001952443630654949,Low-Vol
2025-04-29,0.9235393933283209,0.07582798924871599,0.0006326174229630802,0.9372103420760952,0.06251763813681009,0.0002720197870945379,Low-Vol
2025-04-30,0.8726211515316076,0.12602525478499613,0.001353593683396314,0.8766239270104789,0.12268361299976481,0.0006924599897564071,Low-Vol
2025-05-02,0.7645333004982414,0.2334310684558764,0.0020356310458822142,0.8110336683964764,0.18811396319139137,0.0008523684121321929,Low-Vol
2025-05-07,0.5034923977366982,0.48841200855948136,0.008095593703820476,0.7818215069953911,0.21678109561056308,0.0013973973940456504,Low-Vol
2025-05-08,0.6135331701743701,0.38275100486524916,0.00371582496038071,0.8501764723835205,0.14926472754569975,0.0005588000707799399,Low-Vol
2025-05-09,0.6055514315568866,0.3897143635417162,0.004734204901397219,0.8928253343243449,0.10680229463026235,0.000372371045392857,Low-Vol
2025-05-12,0.7765576356685826,0.22135068792655244,0.0020916764048649118,0.9490680528958154,0.050792783016598515,0.0001391640875859538,Low-Vol
2025-05-13,0.8431947201606338,0.15508358973937195,0.0017216900999943358,0.9712109604856682,0.02871166931144729,7.737020288453674e-05,Low-Vol
2025-05-14,0.9418180587838085,0.05775418119341451,0.0004277600227770354,0.9858621947993929,0.014101683122328271,3.6122078278972914e-05,Low-Vol
2025-05-15,0.9485945060932107,0.051066619678311206,0.00033887422847808733,0.9798984427574831,0.020042464188079662,5.909305443726052e-05,Low-Vol
2025-05-16,0.9025697080964984,0.09626347748562675,0.0011668144178750193,0.9581101793346993,0.0416654707754451,0.00022434988985567972,Low-Vol
2025-05-19,0.6966545339204699,0.29868099815774607,0.004664467921784093,0.9394514645702999,0.06034333979922789,0.0002051956304721447,Low-Vol
2025-05-20,0.8800854501150638,0.1188933444373745,0.0010212054475616963,0.9801339370845111,0.019829054026289965,3.700888919890545e-05,Low-Vol
2025-05-21,0.9379576652092741,0.06155902665969373,0.00048330813103212775,0.9907737793779887,0.00921189064619091,1.4329975820427988e-05,Low-Vol
2025-05-22,0.9753527460074014,0.02449908451098812,0.00014816948161044054,0.9947708072322166,0.005219127187125613,1.006558065782077e-05,Low-Vol
2025-05-23,0.9676411336484753,0.03216100642395574,0.00019785992756900028,0.9873452632642166,0.012620812026745679,3.392470903782471e-05,Low-Vol
2025-05-26,0.9825657909980697,0.01733517523384601,9.903376808434081e-05,0.962713920920604,0.03716240812177606,0.00012367095761971563,Low-Vol
2025-05-27,0.8880643505473292,0.11075990442932399,0.0011757450233468446,0.7559668309289509,0.24200217772310006,0.002030991347949094,Low-Vol
2025-05-28,0.9367737465224412,0.06279319784996167,0.0004330556275972108,0.5710826886429443,0.41026956344062027,0.018647747916435527,Low-Vol
2025-05-29,8.13634470462866e-36,0.0021563185916203343,0.9978436814083796,1.2771452845016782e-35,0.0040200724467425895,0.9959799275532573,High-Vol
2025-05-30,0.1122685000959356,0.8248466506051313,0.06288484929893308,0.015073771695692996,0.9346112482658517,0.050314980038455255,Normal
2025-06-02,0.036179442767237044,0.946722384121748,0.017098173111014883,0.0036827579937573087,0.959180238442219,0.03713700356402378,Normal
2025-06-04,4.020289600452137e-06,0.590839640899889,0.4091563388105104,1.5518996181405442e-06,0.7166336775693938,0.2833647705309882,Normal
2025-06-05,0.06394179195071328,0.8993098885376551,0.036748319511631516,0.018435116859707272,0.9592452191723292,0.02231966396796359,Normal
2025-06-09,0.22533714572223348,0.7668144141308946,0.007848440146871812,0.029599055801598707,0.9643734206195794,0.006027523578821839,Normal
2025-06-10,0.0010937994844905628,0.9795228901426758,0.01938331037283368,0.0006005110441107854,0.9884848462991439,0.01091464265674528,Normal
2025-06-11,0.18958614856161174,0.8016034523546764,0.008810399083711862,0.04944028404328327,0.9446068035574513,0.005952912399265458,Normal
2025-06-12,0.12460503026279306,0.8671122157586123,0.008282753978594655,0.039278021302290356,0.9553808056174983,0.005341173080211316,Normal
2025-06-13,0.006092244929882132,0.9496850352316518,0.04422271983846613,0.04505937897429936,0.9470539661286936,0.007886654897006993,Normal
2025-06-16,0.4046733437006887,0.5902736502873581,0.0050530060119532315,0.8245696708886571,0.1751199034453189,0.00031042566602396127,Low-Vol
2025-06-17,0.7435981260540478,0.2545521490451112,0.001849724900840821,0.954442451995152,0.045494413304392536,6.313470045547922e-05,Low-Vol
2025-06-18,0.9160281962098358,0.08333088657616133,0.0006409172140030427,0.9877240803766362,0.01225859283690691,1.732678645692766e-05,Low-Vol
2025-06-19,0.9733729699694377,0.026465994022198486,0.00016103600836386815,0.9950186696809818,0.00497272576629388,8.604552724142088e-06,Low-Vol
2025-06-20,0.9672681933360533,0.032512090683909756,0.0002197159800369646,0.9904243264842901,0.009550408232113042,2.526528359686942e-05,Low-Vol
2025-06-23,0.959864967766829,0.03983497943560241,0.00030005279756859416,0.9758769515871665,0.0240335490276434,8.949938519008444e-05,Low-Vol
2025-06-24,0.9423847961142822,0.0570749275085772,0.0005402763771405234,0.9310800209260703,0.06857325976922148,0.00034671930470805805,Low-Vol
2025-06-25,0.9720915635142693,0.02772822035780751,0.00018021612792319572,0.8294071866781212,0.1699292626615416,0.0006635506603372853,Low-Vol
2025-06-26,0.715666020306761,0.2808004416021707,0.003533538091068341,0.2193580388784023,0.7740456341658494,0.006596326955748279,Normal
2025-06-27,0.1477353573766444,0.8328430830840864,0.019421559539269218,0.017440409398614284,0.960716533531877,0.021843057069508884,Normal
2025-06-30,5.842037032929691e-09,0.886939424461108,0.11306056969685495,6.562766807065651e-10,0.9208348377180244,0.07916516162569873,Normal
2025-07-01,0.00019092737829745122,0.9199879787451766,0.07982109387652606,0.0005619271723519322,0.9640018513131919,0.035436221514456176,Normal
2025-07-02,0.07457022288701089,0.9116279200027381,0.013801857110251073,0.29526108844201426,0.7015413590751083,0.0031975524828774956,Normal
2025-07-03,0.42229749853292586,0.5727828123556377,0.004919689111436539,0.6896489160884469,0.3092496859247663,0.0011013979867867969,Low-Vol
2025-07-04,0.8318253015792052,0.16702510674869545,0.0011495916720992716,0.7751880874797383,0.22396770461635995,0.0008442079039015907,Low-Vol
2025-07-07,0.954439406865807,0.04526330458803247,0.00029728854616048277,0.6828159064879185,0.31553323739471845,0.0016508561173630804,Low-Vol
2025-07-08,6.555588480930275e-07,0.9325993331600292,0.06740001128112276,2.8178875440459806e-07,0.9610842193904005,0.03891549882084507,Normal
2025-07-09,0.25500970912487075,0.7379370796139914,0.007053211261137945,0.03406442959534186,0.9593449001182129,0.0065906702864451695,Normal
2025-07-10,5.367329907692111e-08,0.8937964412023479,0.10620350512435305,3.4785009158116746e-07,0.9704231307453438,0.02957652140456459,Normal
2025-07-11,0.2947403772106818,0.695841151733066,0.009418471056252146,0.6451544267251939,0.3531870218413527,0.0016585514334536372,Low-Vol
2025-07-14,0.5400368415840943,0.4550748098869783,0.004888348528927491,0.8038312340553307,0.19536205963605746,0.000806706308611941,Low-Vol
2025-07-15,0.48554383862244266,0.5100221307352233,0.004434030642334015,0.862677835746572,0.13705969320039013,0.00026247105303790666,Low-Vol
2025-07-16,0.7603734770756593,0.2378599519839189,0.001766570940421872,0.9590836220718789,0.04086094460267673,5.543332544436185e-05,Low-Vol
2025-07-17,0.9313599863127883,0.06815812343141281,0.00048189025579890453,0.9897151026267413,0.010270519802368542,1.437757089004627e-05,Low-Vol
2025-07-18,0.9661545614397431,0.03361996332369055,0.00022547523656634482,0.994518793937774,0.005472561286431525,8.644775794448182e-06,Low-Vol
2025-07-21,0.9564524528259319,0.043247663611693986,0.000299883562374078,0.9934286157040251,0.006561913862916562,9.470433058453532e-06,Low-Vol
2025-07-22,0.9596317934519961,0.04005731169529784,0.0003108948527061283,0.9947352949041166,0.005258430547929111,6.274547954326002e-06,Low-Vol
2025-07-23,0.9822801066813751,0.017620382259795866,9.951105882904065e-05,0.9976867767930923,0.002311112906916022,2.110299991672138e-06,Low-Vol
2025-07-24,0.983443944234491,0.016462421461171276,9.363430433775575e-05,0.9977581619933703,0.002239589095845535,2.248910784206589e-06,Low-Vol
2025-07-25,0.9795480676807155,0.020325642029945468,0.00012629028933913624,0.9971811639240269,0.002815650048168621,3.1860278044202348e-06,Low-Vol
2025-07-28,0.97658271120193,0.023269345742804322,0.00014794305526569365,0.9968398861297842,0.003156635706632569,3.478163583322878e-06,Low-Vol
2025-07-29,0.9822575960467759,0.017643090318626833,9.931363459722332e-05,0.9971688977556121,0.0028273561374320315,3.746106955853856e-06,Low-Vol
2025-07-30,0.9644845890592126,0.035272457968727,0.00024295297206028415,0.9942528799312752,0.005737762449351033,9.357619373711303e-06,Low-Vol
2025-07-31,0.9833757660037727,0.01653274009116317,9.149390506408344e-05,0.9933929408818873,0.0065909487093547235,1.6110408757923583e-05,Low-Vol
2025-08-01,0.8670890120696763,0.13155031533135625,0.0013606725989675835,0.9658128966493905,0.034066475420603516,0.00012062793000603913,Low-Vol
2025-08-04,0.8031752441447507,0.19417853799550697,0.0026462178597424016,0.9696071134415137,0.0303257543577471,6.713220073919823e-05,Low-Vol
2025-08-05,0.9550839981137119,0.04462903201078197,0.0002869698755061577,0.9936807361041672,0.006311880324696271,7.383571136543709e-06,Low-Vol
2025-08-06,0.9751711333836937,0.024682864467345286,0.0001460021489610676,0.9962092410838117,0.0037858627315350206,4.896184653202518e-06,Low-Vol
2025-08-07,0.9713515850857449,0.02846280220899872,0.00018561270525640494,0.9949068117816117,0.0050843845829097204,8.803635478555686e-06,Low-Vol
2025-08-08,0.9400229178780161,0.05957305881356223,0.0004040233084216884,0.9915208878319196,0.008468852542256827,1.0259625823588296e-05,Low-Vol
2025-08-11,0.9732278219634819,0.02661079664192433,0.00016138139459375873,0.995989643386453,0.004005208279604101,5.148333942904574e-06,Low-Vol
2025-08-12,0.9779568051956571,0.02190305458744072,0.00014014021690228142,0.9952306052169645,0.004759548641528131,9.846141507386961e-06,Low-Vol
2025-08-13,0.9158876494122198,0.08316181830034154,0.0009505322874385533,0.9870204387545364,0.012949127169476536,3.0434075987138613e-05,Low-Vol
2025-08-14,0.9733369343588392,0.026499331774291913,0.00016373386686879026,0.9934577388606024,0.006527985819209817,1.4275320187797113e-05,Low-Vol
2025-08-18,0.9312522412685703,0.06815161662787958,0.0005961421035501606,0.982900058535927,0.017048646268467017,5.129519560608592e-05,Low-Vol
2025-08-19,0.8520016431463199,0.14682093829939644,0.001177418554283734,0.9778415020132356,0.022128573099661705,2.9924887102711998e-05,Low-Vol
2025-08-20,0.964899825400036,0.0348867824364985,0.0002133921634654701,0.9943895475613144,0.005602550541077237,7.901897608287019e-06,Low-Vol
2025-08-21,0.9587803423148165,0.0409556214209609,0.0002640362642227054,0.9936879973158728,0.006303294153668295,8.708530458919969e-06,Low-Vol
2025-08-22,0.9646919042085897,0.0350828266878955,0.0002252691035146831,0.9944689802827558,0.00552303357069367,7.986146550561594e-06,Low-Vol
2025-08-25,0.9701371701374653,0.029647983826693834,0.00021484603584084265,0.9941150959344508,0.005872263954522657,1.2640111026404276e-05,Low-Vol
2025-08-26,0.9245909599398378,0.07456005267900265,0.0008489873811596115,0.9889077094293172,0.011068399786441186,2.389078424171008e-05,Low-Vol
2025-08-27,0.9617313492415087,0.03799928918658339,0.0002693615719078823,0.9948387931532666,0.005155065737457096,6.141109276295201e-06,Low-Vol
2025-08-28,0.9807840729588964,0.019103537917640953,0.00011238912346267172,0.9970754263266548,0.0029208172693085495,3.7564040366151454e-06,Low-Vol
2025-08-29,0.9662408046372735,0.03352720492698719,0.00023199043573931608,0.9951031198906337,0.004890208122343069,6.671987023188303e-06,Low-Vol
2025-09-01,0.9684561205901803,0.03131206584270219,0.00023181356711751268,0.9957196559504665,0.0042748725070559206,5.4715424775339084e-06,Low-Vol
2025-09-02,0.9796404066936403,0.020237358759049324,0.00012223454731032947,0.9969969120162931,0.002999327807138525,3.76017656825779e-06,Low-Vol
2025-09-03,0.9712048069264096,0.02859430793082772,0.00020088514276258855,0.9956512441134484,0.0043422442286203955,6.511657931225546e-06,Low-Vol
2025-09-04,0.9657606342151054,0.03399226398323996,0.0002471018016546216,0.9950132610184692,0.004979529113674664,7.209867856089555e-06,Low-Vol
2025-09-05,0.9752889829328855,0.024555659417908913,0.00015535764920559744,0.9956269752668769,0.004365676513364995,7.348219757973495e-06,Low-Vol
2025-09-08,0.9507150096984703,0.048958941912724145,0.00032604838880558143,0.9918124567269804,0.008174446009518187,1.309726350139384e-05,Low-Vol
2025-09-09,0.9609159496578995,0.03881448083198256,0.0002695695101178367,0.992353663154119,0.007630802641266371,1.5534204614612885e-05,Low-Vol
2025-09-10,0.9382024240502261,0.061285631836521,0.0005119441132529865,0.9885311040985725,0.011443062015252577,2.5833886174895202e-05,Low-Vol
2025-09-11,0.9221148892093652,0.07733630903807386,0.0005488017525608471,0.9887976681491581,0.011188113606650221,1.421824419169284e-05,Low-Vol
2025-09-12,0.9694139420905512,0.030385177126967252,0.0002008807824815855,0.9954809860798496,0.004512879866009485,6.13405414089747e-06,Low-Vol
2025-09-15,0.9765681779802713,0.023286828416760264,0.00014499360296854174,0.9954159577403352,0.004575669001293245,8.37325837149908e-06,Low-Vol
2025-09-16,0.9253515424931623,0.0740938193588292,0.0005546381480084769,0.9895199609784994,0.010466642718321833,1.3396303178799894e-05,Low-Vol
2025-09-17,0.9752956868550328,0.024555670262444897,0.00014864288252226684,0.9960853757495205,0.003909151947864456,5.4723026150795906e-06,Low-Vol
2025-09-18,0.9629058656035843,0.03682015056363478,0.0002739838327808156,0.9941718713111349,0.005818379571469025,9.749117396138063e-06,Low-Vol
2025-09-19,0.9605858416899712,0.03909737244554453,0.0003167858644842248,0.9939885787576053,0.006001041712206202,1.0379530188516066e-05,Low-Vol
2025-09-22,0.9603042427281515,0.03942803304785278,0.0002677242239956378,0.9945666768010909,0.0054269277824041335,6.3954165049475854e-06,Low-Vol
2025-09-23,0.9824249130539534,0.017476809718171785,9.827722787475343e-05,0.9967903614938198,0.0032045976056618943,5.040900518361171e-06,Low-Vol
2025-09-24,0.9707373609457052,0.029061903818939357,0.00020073523535549657,0.9914779405841732,0.008498992530044214,2.3066885782615082e-05,Low-Vol
2025-09-25,0.9537495783238842,0.045846715220483274,0.00040370645563254486,0.9765770546641829,0.02332556456377345,9.738077204350296e-05,Low-Vol
2025-09-26,0.951178749726153,0.04840480500634191,0.00041644526750499644,0.9422954872742371,0.0574408907306794,0.00026362199508365845,Low-Vol
2025-09-29,0.979633860708443,0.020249626046671996,0.00011651324488491865,0.8402980454954829,0.15908639013990447,0.0006155643646127164,Low-Vol
2025-09-30,0.34130232514769904,0.6504878894943887,0.008209785357912277,0.0496095681981273,0.9322305793081634,0.018159852493709085,Normal
2025-10-01,2.876595201464772e-12,0.7216257006287075,0.27837429936841596,2.1979404871739027e-12,0.8267661540536165,0.1732338459441856,Normal
2025-10-02,0.3342966591899768,0.6521063821687227,0.013596958641300545,0.05417330074593098,0.9343527016769272,0.011473997577141733,Normal
2025-10-10,0.0015083690737328227,0.9780215135041291,0.020470117422138064,0.005977185453211421,0.9864579402594399,0.007564874287348809,Normal
2025-10-13,0.11895285342784714,0.8684909655606188,0.012556181011534119,0.42963744740081855,0.5680891603102284,0.0022733922889530737,Normal
2025-10-14,0.3087223326372091,0.6851124048492568,0.00616526251353401,0.7719152232671399,0.22772901075571922,0.0003557659771410259,Low-Vol
2025-10-15,0.8029916540269453,0.19576210460513388,0.0012462413679208036,0.9596241113730486,0.040308341368074846,6.754725887648269e-05,Low-Vol
2025-10-16,0.8657772459430546,0.13287096304830953,0.0013517910086359144,0.9792390053624805,0.020721562153451306,3.943248406808157e-05,Low-Vol
2025-10-17,0.94982612871243,0.049834938433877006,0.00033893285369294404,0.9930907141637755,0.00690122282776764,8.06300845692706e-06,Low-Vol
2025-10-20,0.9755204349467322,0.0243240573555415,0.00015550769772634872,0.9966110845978979,0.0033849584207773075,3.956981324777653e-06,Low-Vol
2025-10-21,0.9781687492712908,0.021690779820177093,0.0001404709085320834,0.9967167308718119,0.0032787054947900807,4.56363339812822e-06,Low-Vol
2025-10-22,0.9757977486206835,0.024040041108877596,0.00016221027043903893,0.9952559214310618,0.004734526718580424,9.5518503577357e-06,Low-Vol
2025-10-23,0.956646828270043,0.04299227908072203,0.0003608926492349816,0.989415496449243,0.010553419684513338,3.108386624352969e-05,Low-Vol
2025-10-24,0.9538227854003168,0.0458432886499784,0.0003339259497048537,0.9812342517800088,0.018704845836309776,6.0902383681519946e-05,Low-Vol
2025-10-27,0.9445133825203189,0.054983805491412595,0.0005028119882684663,0.9570904707804329,0.042711057699178046,0.000198471520389194,Low-Vol
2025-10-28,0.9399260977898777,0.059663767522578716,0.0004101346875436041,0.8974588220797042,0.10214745577339426,0.0003937221469016627,Low-Vol
2025-10-29,0.9303222684758459,0.06899848411939195,0.0006792474047620754,0.7454189786117635,0.25306819947504083,0.0015128219131956033,Low-Vol
2025-10-30,0.7821614557834111,0.21422986128082155,0.003608682935767314,0.40206570593171653,0.5916308021276375,0.006303491940645882,Normal
2025-10-31,0.4468162145019769,0.5383583711871713,0.014825414310851772,0.18743623277462332,0.8000064038170186,0.012557363408357999,Normal
2025-11-03,0.6047092319891857,0.39158747318700177,0.0037032948238125717,0.13655544035777634,0.8582890771789682,0.005155482463255554,Normal
2025-11-04,0.001904957291640485,0.9740670300168057,0.024028012691553788,0.00020572104229007904,0.9849226817700647,0.014871597187645216,Normal
2025-11-05,0.00355516882387015,0.9781097980755481,0.018335033100581682,0.00043680306469044976,0.9874260617438787,0.012137135191430799,Normal
2025-11-06,0.0014831544652113425,0.9609627945412642,0.0375540509935245,0.0021583862990621383,0.9779608150834863,0.019880798617451664,Normal
2025-11-07,0.09355136601686959,0.889419615829491,0.017029018153639372,0.14799435517380602,0.8440089091940343,0.007996735632159748,Normal
2025-11-10,0.3858399974770001,0.6078097789955613,0.006350223527438646,0.2886539225496938,0.7072195378127221,0.004126539637584028,Normal
2025-11-11,0.6452390470364884,0.3511099970004352,0.00365095596307643,0.288064163883249,0.7069621864463133,0.004973649670437862,Normal
2025-11-12,0.06743845156085101,0.8844876350074086,0.04807391343174039,0.16570895320561405,0.8148428351481687,0.019448211646217264,Normal
2025-11-13,0.326677372982052,0.6650993740972481,0.008223252920700056,0.39650378389007995,0.5996305485464875,0.0038656675634326726,Normal
2025-11-14,0.1241645964906957,0.8520173106026921,0.02381809290661222,0.4540453708144137,0.5418983727689358,0.004056256416650534,Normal
2025-11-17,0.41397600751780333,0.5796442440932732,0.006379748388923451,0.7948530076395043,0.2045114252826081,0.0006355670778876107,Low-Vol
2025-11-18,0.6013450094891145,0.39469918053387165,0.003955809977013833,0.9112907758329845,0.08851934541183187,0.00018987875518364634,Low-Vol
2025-11-19,0.8915582232285699,0.10773367141448575,0.0007081053569443768,0.9738243642405578,0.026117870945228064,5.77648142142457e-05,Low-Vol
2025-11-20,0.939179687311826,0.06031898642688047,0.0005013262612935248,0.9754389466794882,0.02447029780853807,9.075551197377954e-05,Low-Vol
2025-11-21,0.9270809235712775,0.07219847445250732,0.0007206019762151158,0.9537506961249348,0.0460192576130629,0.00023004626200232495,Low-Vol
2025-11-24,0.9285326397123498,0.0707431663260356,0.0007241939616145775,0.9110065877005218,0.08848856868488957,0.0005048436145885021,Low-Vol
2025-11-25,0.8631345062469196,0.13498709850575893,0.001878395247321565,0.8073299373611261,0.19120544634637263,0.0014646162925013417,Low-Vol
2025-11-26,0.9550125899376575,0.04469721167356707,0.0002901983887754516,0.7012555221904746,0.29711224214103693,0.0016322356684884878,Low-Vol
2025-11-27,0.0067530384112350645,0.8079489113290714,0.18529805025969345,0.05112354478627518,0.9044915121232908,0.04438494309043414,Normal
2025-11-28,0.38167709758543994,0.6089567345008624,0.009366167913697574,0.7407017278869922,0.25799092212930247,0.001307349983705191,Low-Vol
2025-12-01,0.47838801816218224,0.5143884288421217,0.0072235529956961924,0.8620424784138346,0.1375434141937911,0.000414107392374204,Low-Vol
2025-12-02,0.78432143489262,0.2138089979703964,0.0018695671369835373,0.9610816650591106,0.03884536391078857,7.297103010086205e-05,Low-Vol
2025-12-03,0.9354284726261869,0.06410878971226865,0.0004627376615444896,0.9862618148287435,0.013707323929601806,3.0861241654625416e-05,Low-Vol
2025-12-04,0.9686308935856048,0.03117298671990749,0.00019611969448755508,0.98422822927047,0.0157249070740614,4.6863655468545647e-05,Low-Vol
2025-12-05,0.9586918665380937,0.04097851287865315,0.00032962058325305185,0.9480577150513307,0.05171208413733055,0.0002302008113386355,Low-Vol
2025-12-08,0.9153876751877217,0.08362796977181654,0.0009843550404617716,0.8369491723784309,0.16195096365297018,0.0010998639685989423,Low-Vol
2025-12-09,0.838747045013371,0.15895107800393862,0.0023018769826903683,0.6687138216533473,0.3286167913416175,0.002669387005035454,Low-Vol
2025-12-10,0.7964543168801484,0.2018913585561984,0.0016543245636531805,0.5062217203838646,0.49143808972736086,0.0023401898887746176,Low-Vol
2025-12-11,0.6259218331748451,0.36967113062315604,0.004407036201998998,0.3188697818630808,0.6763939844497117,0.004736233687207435,Normal
2025-12-12,0.6149157656549514,0.380443293318803,0.0046409410262455136,0.21660316595288,0.7767489888516492,0.0066478451954708265,Normal
2025-12-15,0.07417485629667053,0.8773758261989004,0.04844931750442898,0.09466454475241533,0.8805662392901927,0.02476921595739209,Normal
2025-12-16,0.4712750073158652,0.5242167632615544,0.004508229422580538,0.20392345078659438,0.7919748623877844,0.004101686825621238,Normal
2025-12-17,0.5070965223724516,0.4856692147943691,0.007234262833179289,0.1484485745918184,0.8420978253652357,0.00945360004294584,Normal
2025-12-18,0.01515537221528271,0.8869907635195357,0.09785386426518165,0.06508100023310395,0.9002250845173423,0.034693915249553946,Normal
2025-12-19,0.13235329973822624,0.8496584094581529,0.017988290803620834,0.48505783905149225,0.5122334206899108,0.0027087402585969232,Normal
2025-12-22,0.5426668631497052,0.45408519833657945,0.003247938513715325,0.8260595140653485,0.173486633680984,0.0004538522536674793,Low-Vol
2025-12-23,0.6534380176175917,0.3423085747164034,0.004253407666004894,0.8894997261123285,0.11002174947948606,0.0004785244081853905,Low-Vol
2025-12-24,0.8926523900337224,0.10655070712404821,0.000796902842229433,0.9288915407535285,0.07084679467488075,0.0002616645715908341,Low-Vol
2025-12-26,0.9585102510912988,0.04121076096347852,0.00027898794522262214,0.8893946081768785,0.11018006723761362,0.0004253245855078568,Low-Vol
2025-12-29,0.7948745118610416,0.20313129283125808,0.001994195307700302,0.6357558609636413,0.36222736411475337,0.00201677492160535,Low-Vol
2025-12-30,0.910014712390268,0.0892926493660122,0.0006926382437198121,0.5095016575374516,0.487372976966793,0.003125365495755325,Low-Vol
2025-12-31,3.138912736382066e-06,0.9454136356620192,0.05458322542524451,3.2537922826812846e-07,0.9551814076142339,0.04481826700653796,Normal
2026-01-02,8.8910294309745e-09,0.9042554857463881,0.0957445053625823,2.0402219440396815e-09,0.9424120956875943,0.0575879022721839,Normal
2026-01-05,0.1091950404544081,0.8785561229695301,0.01224883657606181,0.012503278100120285,0.9782467899527002,0.009249931947179497,Normal
2026-01-06,4.089833677511283e-05,0.9633958665331805,0.03656323513004433,4.451279718442876e-06,0.9768251037129458,0.023170445007335665,Normal
2026-01-07,0.004520471773900628,0.9703791970590924,0.025100331167007026,0.0004879580501233658,0.9839646851272752,0.015547356822601412,Normal
2026-01-08,0.0006291345863112198,0.9779642490047835,0.021406616408905246,0.0004064921769630299,0.9876237172028172,0.011969790620219831,Normal
2026-01-09,0.05094527846613688,0.9377320304802347,0.011322691053628375,0.059879857417728895,0.9339954757885597,0.00612466679371148,Normal
2026-01-12,0.06972073727685772,0.9092558147473624,0.021023447975779902,0.16815150310044122,0.8235567457240006,0.008291751175558179,Normal
2026-01-13,0.4145584327437127,0.5804745885573026,0.004966978698984748,0.400265397613625,0.5970329314885137,0.0027016708978612664,Normal
2026-01-14,0.857542671676485,0.1415773833304098,0.0008799449931051511,0.41642646531144956,0.5810134010923869,0.00256013359616353,Normal
2026-01-15,0.05997240970434864,0.8942602328189023,0.04576735747674897,0.056417204392569184,0.9187098825939968,0.024872913013433983,Normal
2026-01-16,0.463117368403015,0.5324707880137535,0.004411843583231534,0.13472517022996933,0.8607637802740593,0.004511049495971343,Normal
2026-01-19,0.37836015410296797,0.61097852478235,0.010661321114681968,0.06580768564413415,0.9199477380769318,0.014244576278934102,Normal
2026-01-20,0.0020672128486827583,0.8486876108780639,0.1492451762732534,0.008857829418411864,0.9306536072823133,0.060488563299274795,Normal
2026-01-21,0.14323378158659011,0.8374719218681748,0.019294296545235273,0.41216217389927867,0.5830568711505973,0.004780954950124018,Normal
2026-01-22,0.3772830294787948,0.616318616656378,0.006398353864827229,0.6704244232457163,0.3282105727108271,0.001365004043456556,Low-Vol
2026-01-23,0.5498048152376968,0.4454632706176913,0.004731914144611921,0.7762851957126335,0.222710805863909,0.0010039984234575584,Low-Vol
2026-01-26,0.43643213354553956,0.5557928039103553,0.007775062544105063,0.824585850818046,0.17479276627439005,0.0006213829075640203,Low-Vol
2026-01-27,0.7570944858364764,0.24083518150847325,0.0020703326550502066,0.9356118606923106,0.0642072547806773,0.00018088452701203023,Low-Vol
2026-01-28,0.9056506436378461,0.0936847494345207,0.0006646069276330956,0.9580178423438583,0.041847659346975465,0.00013449830916609256,Low-Vol
2026-01-29,0.8569332052821642,0.14169638725386358,0.001370407463972235,0.9375611151251295,0.06217235117182036,0.0002665337030501394,Low-Vol
2026-01-30,0.7575841781404552,0.2399706757194586,0.0024451461400862135,0.9258804424285944,0.07384600239772085,0.00027355517368477195,Low-Vol
2026-02-02,0.9475343465690712,0.052137563455522874,0.00032808997540584756,0.9443212964276938,0.05548634189321141,0.0001923616790946862,Low-Vol
2026-02-03,0.5273761717709238,0.4604302572106725,0.012193571018403761,0.8553932032152771,0.1434771905609867,0.001129606223736285,Low-Vol
2026-02-04,0.7615183371831159,0.23618859139896214,0.002293071417921862,0.9303813333253491,0.06938022234146994,0.0002384443331810349,Low-Vol
2026-02-05,0.9293088400182775,0.07019170280939017,0.0004994571723322444,0.9493782521686814,0.0504414414273976,0.00018030640392098534,Low-Vol
2026-02-06,0.933863958105771,0.06566271162852116,0.00047333026570786207,0.8982227294171544,0.1013759747172327,0.00040129586561267493,Low-Vol
2026-02-09,0.9435378803575859,0.056025001370637074,0.0004371182717770386,0.7643130407044025,0.23459766871431323,0.0010892905812843327,Low-Vol
2026-02-10,0.7130092713276696,0.28290913916438004,0.004081589507950445,0.3641024726902036,0.6306583958750878,0.005239131434708819,Normal
2026-02-11,0.7165293749128143,0.2807643118252868,0.0027063132618987754,0.2116758504145157,0.7835989466977685,0.004725202887715919,Normal
2026-02-12,0.009489898223094864,0.9678077773475054,0.02270232442939963,0.006222815436147147,0.9807120245850651,0.013065159978787516,Normal
2026-02-13,0.05173348277689555,0.9309062083701345,0.017360308852969998,0.06522784650593098,0.9259011659998975,0.00887098749417166,Normal
2026-02-19,0.41120762016326406,0.5836753035281919,0.005117076308543874,0.18167607002808364,0.8140614596510841,0.004262470320832109,Normal
2026-02-20,0.08188737916624446,0.8982551536760418,0.019857467157713627,0.1435841489985856,0.8473618577095997,0.009053993291814742,Normal
2026-02-23,0.27889683979287083,0.7134229697458039,0.007680190461325284,0.30426250630553225,0.6918200617109612,0.003917431983506397,Normal
2026-02-24,0.534116065120154,0.4610353000637962,0.004848634816049715,0.3589169831997596,0.6373238468035282,0.003759169996712289,Normal
2026-02-25,0.7843943889027143,0.2138270483020885,0.001778562795197209,0.31354214779561396,0.6824709414359045,0.003986910768481705,Normal
2026-02-26,0.3623345121509766,0.6203773730946472,0.01728811475437619,0.05860726857294614,0.9169606418455382,0.02443208958151577,Normal
2026-02-27,0.04886509961608156,0.9369889601440544,0.014145940239864027,0.00455473175977855,0.9189596405179336,0.07648562772228786,Normal
2026-03-03,2.2257846384723071e-10,0.13862981369501962,0.861370186082402,2.8232904482379717e-11,0.16907690763199507,0.8309230923397721,High-Vol
2026-03-04,6.173763504489298e-05,0.5951661636099561,0.4047720987549989,4.1330326534218575e-05,0.7148817971395541,0.28507687253391173,Normal
2026-03-05,0.10747688784916608,0.8510078746927212,0.04151523745811274,0.0388055032828844,0.9214511820876045,0.03974331462951121,Normal
2026-03-06,0.38153267218588266,0.6110481086065517,0.007419219207565632,0.05115393828886345,0.8783453641370683,0.07050069757406824,Normal
2026-03-09,1.773062555730094e-14,0.0019339583599786833,0.9980660416400036,4.652220913495385e-16,0.0005183396600212208,0.9994816603399784,High-Vol
2026-03-10,1.5638820985920652e-10,0.04151868971621599,0.9584813101273959,8.427476691695761e-11,0.06979368785109995,0.9302063120646253,High-Vol
2026-03-11,0.04753136299192129,0.8502622988710492,0.10220633813702963,0.0054615066326019965,0.9232545845970569,0.0712839087703411,Normal
2026-03-12,0.00043751494568030003,0.9531848067878825,0.04637767826643715,0.00046199420806519276,0.973668578027496,0.025869427764438957,Normal
2026-03-13,0.07863919618891971,0.9021184438861136,0.019242359924966625,0.10244853891488939,0.8879614758615069,0.009589985223603817,Normal
2026-03-16,0.48469258531110987,0.5114535365480687,0.003853878140821464,0.21726254455399274,0.7793482382360448,0.00338921720996251,Normal
2026-03-17,0.5681605520712729,0.42732880320644767,0.004510644722279404,0.15955755251672843,0.8347716104236071,0.005670837059664427,Normal
2026-03-18,0.28943702971090834,0.6943198213600704,0.016243148929021282,0.04973871422607797,0.9342256904522163,0.016035595321705873,Normal
2026-03-19,0.08265081792986319,0.8919426129434492,0.025406569126687525,0.012467589080859027,0.9531698223104621,0.03436258860867889,Normal
2026-03-20,0.08617510855577368,0.8924893924910479,0.021335498953178413,0.007718097167970432,0.8569331459835956,0.13534875684843395,Normal
2026-03-23,1.131767388537714e-14,0.0014390814496710556,0.9985609185503176,8.165952947861831e-16,0.001005873958816871,0.9989941260411823,High-Vol
2026-03-24,3.980201419993668e-06,0.19092264666228306,0.8090733731362969,1.2321929619472138e-05,0.3276040022307731,0.6723836758396075,High-Vol
2026-03-25,0.14341681943643858,0.8007484580338975,0.05583472252966388,0.08778852454403589,0.8769184554618915,0.0352930199940727,Normal
2026-03-26,0.18402420825484436,0.7980278522467527,0.017947939498403086,0.11755652303678524,0.8712778753791858,0.011165601584029041,Normal
2026-03-27,0.37711924139747927,0.6157629565492568,0.007117802053264039,0.14516588774915223,0.847068131549873,0.0077659807009747145,Normal
2026-03-30,0.5674664838949184,0.4275616480004648,0.004971868104617014,0.10983056454138095,0.849951655863769,0.040217779594849935,Normal
2026-03-31,4.19542727186871e-10,0.8197482721209571,0.18025172745950005,1.9458545674643322e-11,0.4076124849941472,0.5923875149863943,High-Vol
2026-04-01,2.044489774080903e-20,0.00037890426491732175,0.9996210957350827,1.9330596646101685e-21,0.00035000445000619225,0.9996499955499938,High-Vol
2026-04-02,1.0240235478394649e-05,0.3588708755236635,0.6411188842408582,1.899261311765384e-06,0.461766811571791,0.5382312891668972,High-Vol
2026-04-03,0.003631679959541011,0.8340598451121214,0.16230847492833755,0.002502182146998207,0.8936028367008364,0.10389498115216526,Normal
2026-04-06,0.37928954019272804,0.6120295695705542,0.008680890236717729,0.05722388821189559,0.9168991707212075,0.025876941066897037,Normal
2026-04-07,3.430387807942998e-07,0.9231554358505834,0.07684422111063585,2.7119237430286324e-08,0.7490395927330606,0.2509603801477019,Normal
2026-04-08,5.366300815680812e-09,0.23803132757697756,0.7619686670567216,7.762856388892752e-10,0.3342839342586384,0.6657160649650761,High-Vol
2026-04-09,6.012781885592619e-07,0.7042396725020488,0.2957597262197627,4.905985463127153e-06,0.9094875377050153,0.09050755630952158,Normal
2026-04-10,0.24810115828434814,0.7338722156847998,0.01802662603085204,0.658851478929681,0.3389150908924052,0.0022334301779135964,Low-Vol
2026-04-13,0.6441752567928865,0.35271368051801605,0.003111062689097662,0.8694939814970537,0.13007296975383847,0.0004330487491078923,Low-Vol
2026-04-14,0.5713140613468528,0.42256069649851064,0.0061252421546366615,0.9066701392706094,0.0930738503255122,0.0002560104038784567,Low-Vol
2026-04-15,0.867439699652864,0.13163883353974218,0.000921466807393841,0.97819763871646,0.02177031062257999,3.2050660959985365e-05,Low-Vol
2026-04-16,0.950528679203576,0.049150979117235205,0.000320341679188842,0.9909353235795685,0.00904862681344774,1.6049606983889124e-05,Low-Vol
2026-04-17,0.94817217862978,0.051396860531646486,0.00043096083857360864,0.9897814129951505,0.010193438495205574,2.5148509644013688e-05,Low-Vol
2026-04-20,0.9730230358268536,0.026808882772484482,0.00016808140066202772,0.9875123009980217,0.01245147104751327,3.622795446512834e-05,Low-Vol
2026-04-21,0.9620726235676423,0.0376228792232582,0.0003044972090993981,0.954738510244642,0.04506554078486013,0.00019594897049780694,Low-Vol
2026-04-22,0.9721516189705462,0.027658037741521667,0.00019034328793215814,0.8493795304762056,0.14995712695771318,0.0006633425660813052,Low-Vol
2026-04-23,0.06793680502341679,0.8794364340178988,0.05262676095868422,0.3117030045278109,0.6778565880287323,0.010440407443456784,Normal
2026-04-24,0.439203006273397,0.5550571125843561,0.005739881142246914,0.756713305003998,0.24237004843059015,0.0009166465654117664,Low-Vol
2026-04-27,0.8251861514177256,0.1735438078698335,0.001270040712440815,0.849935569416774,0.14949547885951428,0.000568951723711815,Low-Vol
2026-04-28,0.8865750832301382,0.11240958844841159,0.0010153283214502885,0.8040174335699536,0.1949757181354214,0.0010068482946249025,Low-Vol
2026-04-29,0.9504660037174978,0.04917081222707594,0.00036318405542614925,0.6623349969661095,0.33507088824150394,0.0025941147923864358,Low-Vol
2026-04-30,0.0024596750240487106,0.8785299810258869,0.1190103439500644,0.00026616462122143323,0.9209524191835371,0.0787814161952416,Normal
2026-05-04,0.00020712137441097566,0.9612200283063094,0.03857285031927963,3.593701622386135e-05,0.9759400481341095,0.02402401484966664,Normal
2026-05-06,0.06369801771216926,0.9152659976489204,0.02103598463891039,0.007476880826270571,0.9785105361053792,0.01401258306835015,Normal
2026-05-07,0.0006245764690207788,0.9700841592914627,0.029291264239516477,0.001231619086917479,0.984682742199346,0.014085638713736578,Normal
2026-05-08,0.367790866543467,0.6273840373817287,0.0048250960748043685,0.2047606359846037,0.7915468633014503,0.0036925007139460312,Normal
2026-05-11,0.6982818629243817,0.2993331998708909,0.0023849372047273793,0.18885764357694712,0.8002272855339094,0.010915070889143431,Normal
2026-05-12,0.0002560122152668239,0.7223610414426486,0.2773829463420846,3.0104730170788058e-05,0.8049282309159912,0.19504166435383816,Normal
2026-05-13,0.00047187789778275623,0.9422697014928374,0.05725842060937972,0.0002473557602801825,0.9607151933420185,0.03903745089770139,Normal
2026-05-14,0.32710551173149177,0.666029298012313,0.0068651902561950905,0.044739816225512735,0.9238438793629963,0.0314163044114909,Normal
2026-05-15,2.9787035004497725e-05,0.5663720445125504,0.4335981684524452,2.967839577649008e-06,0.5332539589599847,0.4667430732004376,Normal
2026-05-18,2.323184471219031e-05,0.37085362004271694,0.6291231481125709,0.00024095604724773477,0.6823683098628714,0.31739073408988094,Normal
2026-05-19,0.2332785936524453,0.7344399833628859,0.032281422984668844,0.4920726124645492,0.49878909129350907,0.009138296241941839,Normal
2026-05-20,0.3866800376830726,0.6039211260987994,0.009398836218128039,0.6497985245911179,0.34792202299495617,0.002279452413926032,Low-Vol
2026-05-21,0.7860128335136849,0.21237981490536564,0.0016073515809494777,0.7439609024723202,0.25500119894964424,0.0010378985780356538,Low-Vol
2026-05-22,0.9326905948237646,0.06683531941305713,0.00047408576317811615,0.6738310690299121,0.32473285152269243,0.0014360794473953662,Low-Vol
2026-05-26,0.6578470698790447,0.3361488752170295,0.006004054903925734,0.21158379098892696,0.7786445996351771,0.009771609375895836,Normal
2026-05-27,0.2039637832064554,0.7699267852814955,0.02610943151204917,0.058763103892010074,0.9151264081411576,0.026110487966832317,Normal
2026-05-28,0.35823023711330054,0.6333978088120141,0.00837195407468544,0.04868307348321374,0.894711560109617,0.05660536640716934,Normal
2026-05-29,5.330430242726197e-07,0.5215310708381676,0.4784683961188081,2.922364198195985e-08,0.28720040017030835,0.7127995706060497,High-Vol
2026-06-01,5.619536753630856e-08,0.18448546977384028,0.8155144740307922,1.6849717161074172e-08,0.2781139079590181,0.7218860751912648,High-Vol
2026-06-02,0.03835957071662631,0.890017573844557,0.07162285543881668,0.004254873643377528,0.9347425454350474,0.061002580921575095,Normal
2026-06-04,0.003255715069506353,0.9042768082108217,0.09246747671967188,0.0004405462013094093,0.9372812742767929,0.0622781795218978,Normal
2026-06-05,0.026020442612570194,0.9374986797658509,0.0364808776215789,0.0030312777377986422,0.9702446738468782,0.02672404841532324,Normal
2026-06-08,0.011761580713290547,0.9423777829095609,0.04586063637714851,0.0013359378875618419,0.9663639119367422,0.03230015017569598,Normal
2026-06-09,0.00840261354232209,0.947218878275241,0.044378508182436806,0.0009635844164320504,0.969700009943638,0.02933640563992991,Normal
2026-06-10,0.01030983141452251,0.9614723856104258,0.028217782975051644,0.001078391340153972,0.9783583218583443,0.020563286801501733,Normal
2026-06-11,4.315461629727233e-05,0.9668943405130638,0.033062504870639046,4.574010340011131e-06,0.9675908779854523,0.03240454800420771,Normal
2026-06-12,0.00042739597022357483,0.8571160582937494,0.14245654573602706,0.00038997747095287615,0.9152083048868548,0.0844017176421923,Normal
2026-06-15,0.08202983148253903,0.8922789583048664,0.02569121021259477,0.07865187894118732,0.9071212213278981,0.014226899730914684,Normal
2026-06-16,0.1855652568617246,0.802683258743678,0.011751484394597451,0.15651272591822976,0.8364503998865501,0.007036874195219983,Normal
2026-06-17,0.0628790608711039,0.9077705037134807,0.029350435415415547,0.20449707919370413,0.7858801672796423,0.009622753526653545,Normal
2026-06-18,0.30005145297422237,0.6917218244916258,0.00822672253415181,0.5239363483624353,0.4735555391747919,0.002508112462772838,Low-Vol
2026-06-19,0.48074208127916096,0.5137031746894128,0.005554744031426163,0.6386164816850003,0.35951814007094873,0.0018653782440508592,Low-Vol
2026-06-22,0.7102644076652622,0.28718717049341325,0.002548421841324489,0.683332596751495,0.31510255263063,0.0015648506178747867,Low-Vol
2026-06-23,0.48110511428303315,0.5089181415937523,0.009976744123214516,0.63742041654678,0.35917515489528273,0.0034044285579372144,Low-Vol
2026-06-24,0.7010459810178422,0.2957542952161081,0.003199723766049755,0.6809536994897714,0.3172152828199577,0.0018310176902709518,Low-Vol
2026-06-25,0.9201725495399881,0.07927278096975926,0.0005546694902526931,0.639046791488015,0.3591844235746553,0.0017687849373297056,Low-Vol
2026-06-26,0.4398336580787112,0.5412800275882413,0.01888631433304748,0.21502972208603693,0.7650139233282873,0.019956354585675778,Normal
2026-06-29,0.6897801991192335,0.3067080477412827,0.003511753139483813,0.17386308337811715,0.7912184384408705,0.03491847818101247,Normal
2026-06-30,4.996710886521157e-09,0.8266824092524981,0.17331758575079098,2.541515369310163e-10,0.4456074129186929,0.5543925868271555,High-Vol
2026-07-01,8.77054295050677e-19,0.05676944237123645,0.9432305576287635,8.796808095390644e-20,0.05567828412798119,0.9443217158720187,High-Vol
2026-07-02,2.916158808656055e-13,0.22780228235729386,0.7721977176424145,3.747107629671081e-12,0.5188268388394643,0.4811731611567887,Normal
2026-07-03,0.22988526834658402,0.7332880811843846,0.036826650469031275,0.42647223128957534,0.5608864729309988,0.012641295779425882,Normal
2026-07-06,0.6389419276162998,0.35757276564492,0.0034853067387802072,0.5597429956654116,0.4379345330938535,0.002322471240735001,Low-Vol
2026-07-07,0.8677094581037111,0.1312366250804931,0.0010539168157958538,0.5147637099751305,0.48282999249632635,0.0024062975285429823,Low-Vol
2026-07-08,0.6961621170516935,0.2983176713179751,0.005520211630331228,0.19156501047551963,0.7984004961928769,0.0100344933316035,Normal
2026-07-09,3.584696129044672e-05,0.9614982460482349,0.038465906990474745,4.401823483892005e-06,0.9768633093779805,0.02313228879853553,Normal
2026-07-10,0.007985083195023612,0.9767899632144855,0.01522495359049096,0.0019686772344572508,0.9889132115183296,0.009118111247213088,Normal
2026-07-13,0.07508978608676443,0.9123509097428294,0.012559304170406183,0.016750983676420007,0.974137883444345,0.009111132879235062,Normal
2026-07-14,0.0307079386865344,0.9377726812451489,0.031519380068316644,0.020206541490050817,0.9556614536997824,0.02413200481016689,Normal
2026-07-15,0.47686924413553067,0.5190915763803681,0.004039179484101355,0.07553228158528694,0.8799172913875881,0.044550427027124834,Normal
2026-07-16,5.058541740129886e-31,0.011416679673420749,0.9885833203265793,1.1796401791042801e-31,0.01710565155420691,0.9828943484457932,High-Vol
2026-07-20,0.009570142700638426,0.837865076486107,0.15256478081325478,0.0009399192739306136,0.8078146063126618,0.1912454744134076,Normal
2026-07-21,1.4970562034268832e-05,0.6878735479405713,0.31211148149739437,5.2307415282643755e-06,0.7790992287439659,0.22089554051450594,Normal
2026-07-22,0.014560826013498283,0.900862801395079,0.08457637259142266,0.018733006041816273,0.936431056378388,0.04483593757979574,Normal
2026-07-23,0.428813504702283,0.5658624298371163,0.005324065460600669,0.13750821375904607,0.8576183288928725,0.0048734573480815535,Normal
2026-07-24,0.452254691290348,0.5402457374898398,0.007499571219812034,0.08188197877710458,0.9082795714279194,0.009838449794975942,Normal
2026-07-27,0.010053104398495888,0.9205907276530546,0.06935616794844954,0.0043890840519763535,0.9548817732471377,0.0407291427008859,Normal
2026-07-28,0.2070603596554088,0.7817194090613283,0.011220231283262902,0.037619131334403484,0.9543028326339186,0.008078036031678084,Normal
2026-07-29,0.07373519009234822,0.9138685499465294,0.012396259961122421,0.016640716308627578,0.9756039098385859,0.00775537385278667,Normal
2026-07-30,0.16863024369713425,0.8223989824648812,0.00897077383798454,0.020506067111789397,0.9718203552993773,0.007673577588833425,Normal
2026-07-31,0.00041262850890105466,0.9537214708922496,0.04586590059884951,5.093275332710773e-05,0.9692071570700372,0.030741910176635683,Normal
2026-08-03,0.01909590938189661,0.9450147814201222,0.03588930919798123,0.0020392527723447317,0.9742793835753276,0.023681363652327706,Normal
2026-08-04,0.000838720480354033,0.9737942431506641,0.02536703636898192,9.126925288394262e-05,0.9813901005528447,0.018518630194271322,Normal
2026-08-05,0.005052715870124475,0.9472580498100963,0.047689234319779256,0.0005817188459837395,0.9659227444230001,0.03349553673101603,Normal
2026-08-06,0.0016015765688173248,0.9444252258606216,0.05397319757056107,0.00115191418426377,0.9688523097058622,0.02999577610987401,Normal
2026-08-07,0.32090892745831434,0.6731871436657516,0.005903928875934048,0.0662851047323181,0.928429304393127,0.005285590874554795,Normal
2026-08-10,0.17890108701555604,0.8026235611429742,0.018475351841469673,0.025885564644247013,0.956654668283886,0.017459767071867156,Normal
2026-08-11,0.006489902503453827,0.9130250011221691,0.08048509637437712,0.006063573166157459,0.9484686300181079,0.0454677968157347,Normal
2026-08-12,0.18136807915334546,0.804934447851756,0.013697472994898473,0.0907921446932968,0.9002599038480719,0.008947951458631245,Normal
2026-08-13,0.5347541628260402,0.46127755240680296,0.0039682847671570045,0.10554357699890712,0.885454575632181,0.009001847368911927,Normal
2026-08-14,0.007203130365405909,0.8634534488878879,0.12934342074670627,0.000924883822514859,0.8913011706812588,0.10777394549622638,Normal
2026-08-18,0.001400985612522254,0.8575841984223208,0.141014815965157,0.002370499977032134,0.9214698176889102,0.07615968233405755,Normal
2026-08-19,0.17807456585265877,0.8060183449090964,0.015907089238244906,0.15660035091615157,0.8341410645630025,0.009258584520846025,Normal
2026-08-20,0.1274508478457547,0.8541612710022175,0.01838788115202781,0.20915673121649428,0.7825759833353858,0.008267285448119941,Normal
2026-08-21,0.32025857574961275,0.6714265038354738,0.008314920414913428,0.3477581145091296,0.6480261042704155,0.004215781220454775,Normal
2026-08-24,0.6197222665802702,0.37668003410456063,0.003597699315169199,0.3938839670993284,0.6026161044481858,0.0034999284524856577,Normal
2026-08-25,0.6457792478925782,0.34937954624834067,0.0048412058590811685,0.31512668653793363,0.6758130677406559,0.009060245721410579,Normal
2026-08-26,0.742141283100143,0.25472452006054414,0.0031341968393127245,0.2008227829809058,0.739034367073987,0.060142849945107345,Normal
2026-08-27,1.629222554456079e-58,1.6271968394492698e-06,0.9999983728031605,2.447508816207463e-59,2.3750898923959977e-06,0.9999976249101077,High-Vol
2026-08-28,1.496313169467576e-05,0.7012697630628988,0.2987152738054065,1.8146801798050582e-06,0.781855854124439,0.21814233119538118,Normal
2026-08-31,0.004188650035169714,0.9226879437125133,0.07312340625231707,0.0005402508941111926,0.9466888715845265,0.05277087752136212,Normal
2026-09-01,0.007421496550633658,0.9309479154689985,0.06163058798036787,0.0025512912884286783,0.9602145943628192,0.0372341143487522,Normal
2026-09-02,0.011509174492653401,0.9640445287456482,0.024446296761698388,0.026725757377850292,0.9620326293823255,0.011241613239824328,Normal
2026-09-03,0.10609186467924067,0.8801141897439296,0.013793945576829753,0.26617346511463197,0.7290998961548701,0.004726638730497953,Normal
2026-09-04,0.6176048635021281,0.3798250664097587,0.002570070088113182,0.49946820133376485,0.4986714798136717,0.001860318852563339,Low-Vol
2026-09-07,0.8265236930381188,0.17191180696097463,0.0015645000009065645,0.4494552396185417,0.5476642766661222,0.002880483715336261,Normal
2026-09-08,0.5234652844115921,0.4719876018474917,0.004547113740916127,0.18454048932685332,0.8109206828656484,0.0045388278074981765,Normal
2026-09-09,0.5254941418809339,0.47040244869858083,0.004103409420485359,0.10229735247951074,0.8917558285449494,0.0059468189755399825,Normal
2026-09-10,8.826646165920172e-05,0.9462454934231406,0.05366624011520021,1.1884261738934424e-05,0.9630202093404048,0.03696790639785636,Normal
2026-09-11,0.0114467842853812,0.9421766420596748,0.046376573654944006,0.0032011898257677004,0.9683535326377584,0.028445277536473856,Normal
2026-09-14,0.16565433203517432,0.8215039697697173,0.01284169819510837,0.020455993138265634,0.9674080643939014,0.012135942467833033,Normal
2026-09-15,0.005953110551030753,0.9289815976243737,0.06506529182459557,0.0006870082984963484,0.9537513321873932,0.04556165951411056,Normal
2026-09-16,0.010131329221130784,0.9568595159686735,0.033009154810195666,0.0010918827651585584,0.9679520042615459,0.03095611297329542,Normal
2026-09-17,0.0008995072461807818,0.8731726251611872,0.125927867592632,0.0004913478912703566,0.9251297109998257,0.07437894110890397,Normal
2026-09-18,0.3021081717576095,0.6882353180654532,0.00965651017693721,0.04375996282069847,0.9471980260667218,0.009042011112579703,Normal
2026-09-21,0.012281959647312178,0.9658496818393912,0.021868358513296535,0.0012827842298449282,0.9752709674874442,0.023446248282710795,Normal
2026-09-22,0.0013879305246688835,0.887491528467225,0.11112054100810609,0.00015095284993021167,0.9047706379643469,0.09507840918572294,Normal
2026-09-23,0.004296101658742979,0.9403000013136126,0.055403897027644505,0.0004293746367150427,0.920092139630628,0.07947848573265703,Normal
2026-09-28,8.538090444119856e-05,0.7156809949503624,0.28423362414519626,6.383879670161418e-05,0.8063655928119539,0.19357056839134457,Normal
2026-09-29,0.052646271902892484,0.9064638536458716,0.04088987445123596,0.052646271902892484,0.9064638536458716,0.04088987445123596,Normal
