date,CALL_O/N,MSB91,Y1Y,Y2Y,Y3Y,Y5Y,Y10Y,Y20Y,Y30Y
2017-01-02,1.26,1.378,1.558,,1.638,1.79,2.055,2.14,2.169
2017-01-03,1.24,1.366,1.536,,1.617,1.782,2.061,2.151,2.179
2017-01-04,1.24,1.34,1.514,,1.63,1.807,2.096,2.17,2.189
2017-01-05,1.24,1.323,1.493,,1.607,1.779,2.064,2.135,2.16
2017-01-06,1.24,1.34,1.502,,1.626,1.79,2.077,2.152,2.17
2017-01-09,1.24,1.349,1.51,,1.663,1.849,2.132,2.182,2.202
2017-01-10,1.25,1.333,1.5,,1.647,1.828,2.104,2.142,2.159
2017-01-11,1.24,1.333,1.503,,1.653,1.838,2.126,2.168,2.183
2017-01-12,1.23,1.303,1.48,,1.624,1.791,2.066,2.118,2.127
2017-01-13,1.24,1.314,1.49,,1.635,1.81,2.096,2.134,2.141
2017-01-16,1.24,1.323,1.49,,1.633,1.814,2.119,2.153,2.162
2017-01-17,1.23,1.32,1.48,,1.628,1.808,2.102,2.152,2.154
2017-01-18,1.23,1.329,1.481,,1.649,1.827,2.123,2.184,2.188
2017-01-19,1.24,1.333,1.489,,1.677,1.876,2.169,2.225,2.227
2017-01-20,1.24,1.326,1.479,,1.655,1.845,2.129,2.207,2.208
2017-01-23,1.24,1.326,1.474,,1.64,1.827,2.125,2.18,2.184
2017-01-24,1.25,1.328,1.47,,1.628,1.801,2.102,2.149,2.145
2017-01-25,1.25,1.339,1.483,,1.647,1.823,2.133,2.179,2.18
2017-01-26,1.26,1.351,1.501,,1.687,1.876,2.193,2.235,2.236
2017-01-31,1.25,1.344,1.494,,1.675,1.85,2.155,2.208,2.215
2017-02-01,1.23,1.342,1.492,,1.685,1.867,2.173,2.219,2.234
2017-02-02,1.23,1.331,1.479,,1.674,1.86,2.155,2.201,2.22
2017-02-03,1.23,1.331,1.478,,1.685,1.883,2.184,2.234,2.254
2017-02-06,1.22,1.319,1.469,,1.662,1.857,2.156,2.216,2.229
2017-02-07,1.21,1.31,1.452,,1.641,1.826,2.134,2.186,2.196
2017-02-08,1.22,1.306,1.455,,1.652,1.834,2.13,2.18,2.191
2017-02-09,1.23,1.304,1.458,,1.648,1.823,2.122,2.175,2.184
2017-02-10,1.23,1.313,1.465,,1.668,1.856,2.151,2.189,2.195
2017-02-13,1.23,1.314,1.463,,1.663,1.85,2.15,2.186,2.19
2017-02-14,1.23,1.311,1.459,,1.653,1.841,2.135,2.174,2.184
2017-02-15,1.23,1.32,1.462,,1.661,1.858,2.153,2.189,2.195
2017-02-16,1.22,1.318,1.459,,1.656,1.85,2.144,2.185,2.19
2017-02-17,1.23,1.317,1.457,,1.655,1.847,2.135,2.183,2.186
2017-02-20,1.23,1.325,1.465,,1.67,1.88,2.184,2.22,2.224
2017-02-21,1.23,1.325,1.465,,1.671,1.886,2.202,2.26,2.261
2017-02-22,1.24,1.332,1.472,,1.69,1.925,2.246,2.3,2.295
2017-02-23,1.24,1.329,1.468,,1.676,1.892,2.206,2.265,2.26
2017-02-24,1.24,1.326,1.463,,1.666,1.863,2.175,2.236,2.233
2017-02-27,1.24,1.325,1.463,,1.663,1.858,2.172,2.243,2.242
2017-02-28,1.26,1.326,1.462,,1.67,1.858,2.162,2.23,2.229
2017-03-02,1.24,1.339,1.48,,1.713,1.913,2.224,2.288,2.286
2017-03-03,1.23,1.339,1.48,,1.713,1.912,2.231,2.288,2.284
2017-03-06,1.2,1.351,1.493,,1.746,1.949,2.264,2.325,2.319
2017-03-07,1.18,1.364,1.513,,1.784,1.993,2.31,2.394,2.39
2017-03-08,1.23,1.363,1.512,,1.784,1.989,2.302,2.371,2.371
2017-03-09,1.24,1.364,1.516,,1.789,2.003,2.318,2.377,2.374
2017-03-10,1.24,1.36,1.508,,1.78,1.995,2.318,2.371,2.376
2017-03-13,1.23,1.352,1.499,,1.765,1.992,2.301,2.348,2.356
2017-03-14,1.23,1.35,1.492,,1.758,1.99,2.29,2.34,2.345
2017-03-15,1.23,1.35,1.494,,1.759,1.978,2.272,2.315,2.316
2017-03-16,1.22,1.332,1.477,,1.695,1.881,2.176,2.223,2.232
2017-03-17,1.2,1.33,1.476,,1.675,1.868,2.179,2.23,2.238
2017-03-20,1.22,1.331,1.477,,1.67,1.862,2.185,2.246,2.247
2017-03-21,1.22,1.33,1.475,,1.67,1.863,2.186,2.252,2.253
2017-03-22,1.22,1.331,1.472,,1.663,1.85,2.153,2.246,2.248
2017-03-23,1.23,1.332,1.476,,1.666,1.85,2.151,2.236,2.236
2017-03-24,1.22,1.337,1.482,,1.678,1.873,2.175,2.274,2.277
2017-03-27,1.23,1.325,1.468,,1.65,1.843,2.15,2.288,2.314
2017-03-28,1.22,1.328,1.472,,1.657,1.849,2.161,2.288,2.318
2017-03-29,1.24,1.323,1.47,,1.653,1.843,2.159,2.285,2.32
2017-03-30,1.25,1.323,1.47,,1.665,1.86,2.184,2.332,2.364
2017-03-31,1.27,1.323,1.467,,1.662,1.847,2.177,2.327,2.365
2017-04-03,1.25,1.318,1.462,,1.668,1.833,2.177,2.308,2.346
2017-04-04,1.23,1.305,1.453,,1.646,1.808,2.139,2.26,2.298
2017-04-05,1.23,1.305,1.455,,1.654,1.824,2.141,2.254,2.299
2017-04-06,1.23,1.313,1.466,,1.679,1.86,2.182,2.29,2.329
2017-04-07,1.23,1.317,1.469,,1.681,1.871,2.193,2.284,2.32
2017-04-10,1.23,1.325,1.486,,1.722,1.926,2.253,2.351,2.378
2017-04-11,1.23,1.312,1.468,,1.693,1.887,2.204,2.328,2.353
2017-04-12,1.23,1.309,1.462,,1.686,1.885,2.205,2.317,2.343
2017-04-13,1.23,1.303,1.457,,1.674,1.855,2.172,2.291,2.31
2017-04-14,1.23,1.308,1.458,,1.677,1.859,2.185,2.296,2.315
2017-04-17,1.23,1.309,1.46,,1.673,1.85,2.173,2.285,2.302
2017-04-18,1.23,1.31,1.463,,1.676,1.85,2.174,2.289,2.31
2017-04-19,1.23,1.307,1.46,,1.67,1.833,2.144,2.263,2.285
2017-04-20,1.24,1.31,1.465,,1.674,1.841,2.144,2.28,2.315
2017-04-21,1.24,1.315,1.475,,1.684,1.853,2.165,2.291,2.328
2017-04-24,1.24,1.32,1.486,,1.701,1.882,2.205,2.338,2.37
2017-04-25,1.23,1.313,1.477,,1.677,1.864,2.194,2.327,2.36
2017-04-26,1.22,1.313,1.478,,1.682,1.871,2.207,2.335,2.365
2017-04-27,1.17,1.308,1.472,,1.673,1.861,2.196,2.326,2.366
2017-04-28,1.21,1.305,1.47,,1.675,1.865,2.196,2.325,2.366
2017-05-02,1.22,1.305,1.469,,1.69,1.894,2.236,2.363,2.407
2017-05-04,1.22,1.3,1.463,,1.681,1.884,2.211,2.341,2.387
2017-05-08,1.23,1.301,1.466,,1.707,1.912,2.242,2.364,2.406
2017-05-10,1.23,1.304,1.476,,1.733,1.952,2.299,2.424,2.459
2017-05-11,1.23,1.3,1.471,,1.727,1.953,2.306,2.42,2.455
2017-05-12,1.23,1.292,1.462,,1.71,1.935,2.289,2.411,2.447
2017-05-15,1.23,1.29,1.461,,1.71,1.939,2.301,2.429,2.465
2017-05-16,1.23,1.284,1.463,,1.717,1.942,2.301,2.428,2.461
2017-05-17,1.23,1.276,1.455,,1.684,1.901,2.249,2.383,2.412
2017-05-18,1.23,1.275,1.455,,1.683,1.9,2.248,2.38,2.41
2017-05-19,1.23,1.269,1.453,,1.671,1.875,2.238,2.369,2.401
2017-05-22,1.23,1.272,1.461,,1.685,1.901,2.272,2.411,2.444
2017-05-23,1.23,1.27,1.461,,1.676,1.89,2.249,2.397,2.43
2017-05-24,1.23,1.274,1.469,,1.691,1.912,2.269,2.41,2.446
2017-05-25,1.22,1.273,1.468,,1.681,1.898,2.246,2.382,2.416
2017-05-26,1.23,1.273,1.468,,1.677,1.889,2.237,2.366,2.401
2017-05-29,1.23,1.273,1.467,,1.672,1.89,2.245,2.375,2.405
2017-05-30,1.24,1.272,1.462,,1.658,1.869,2.223,2.354,2.375
2017-05-31,1.26,1.274,1.465,,1.661,1.876,2.23,2.36,2.381
2017-06-01,1.25,1.271,1.46,,1.645,1.86,2.212,2.34,2.368
2017-06-02,1.22,1.271,1.457,,1.63,1.851,2.209,2.343,2.373
2017-06-05,1.24,1.271,1.454,,1.623,1.831,2.177,2.321,2.348
2017-06-07,1.23,1.27,1.452,,1.621,1.829,2.16,2.291,2.317
2017-06-08,1.24,1.273,1.452,,1.637,1.849,2.173,2.293,2.312
2017-06-09,1.23,1.273,1.45,,1.632,1.85,2.173,2.288,2.308
2017-06-12,1.23,1.291,1.468,,1.697,1.915,2.222,2.333,2.354
2017-06-13,1.23,1.285,1.455,,1.661,1.865,2.177,2.281,2.295
2017-06-14,1.23,1.29,1.459,,1.681,1.871,2.17,2.275,2.284
2017-06-15,1.23,1.287,1.454,,1.682,1.852,2.123,2.217,2.221
2017-06-16,1.23,1.29,1.459,,1.695,1.867,2.153,2.249,2.253
2017-06-19,1.23,1.291,1.457,,1.683,1.857,2.158,2.253,2.263
2017-06-20,1.23,1.292,1.458,,1.685,1.85,2.142,2.24,2.248
2017-06-21,1.23,1.292,1.463,,1.692,1.854,2.138,2.226,2.229
2017-06-22,1.23,1.294,1.468,,1.701,1.87,2.135,2.226,2.232
2017-06-23,1.24,1.293,1.467,,1.688,1.857,2.129,2.2,2.209
2017-06-26,1.25,1.292,1.468,,1.686,1.853,2.124,2.194,2.203
2017-06-27,1.25,1.289,1.466,,1.681,1.853,2.118,2.199,2.211
2017-06-28,1.25,1.295,1.474,,1.711,1.904,2.178,2.248,2.251
2017-06-29,1.27,1.294,1.474,,1.7,1.898,2.184,2.262,2.265
2017-06-30,1.29,1.295,1.473,,1.698,1.908,2.214,2.31,2.315
2017-07-03,1.26,1.293,1.474,,1.716,1.921,2.235,2.329,2.331
2017-07-04,1.23,1.298,1.478,,1.74,1.949,2.272,2.374,2.379
2017-07-05,1.22,1.296,1.478,,1.745,1.958,2.277,2.37,2.373
2017-07-06,1.23,1.297,1.478,,1.75,1.97,2.281,2.368,2.372
2017-07-07,1.24,1.296,1.481,,1.781,2.0,2.323,2.383,2.384
2017-07-10,1.24,1.289,1.476,,1.756,1.969,2.289,2.351,2.349
2017-07-11,1.24,1.285,1.477,,1.762,1.961,2.28,2.336,2.337
2017-07-12,1.24,1.283,1.473,,1.762,1.958,2.272,2.321,2.323
2017-07-13,1.24,1.279,1.465,,1.745,1.937,2.238,2.292,2.294
2017-07-14,1.24,1.28,1.467,,1.75,1.944,2.249,2.299,2.299
2017-07-17,1.23,1.276,1.467,,1.754,1.962,2.272,2.318,2.315
2017-07-18,1.23,1.273,1.463,,1.746,1.943,2.256,2.3,2.295
2017-07-19,1.23,1.273,1.463,,1.747,1.945,2.258,2.298,2.295
2017-07-20,1.23,1.27,1.461,,1.74,1.935,2.237,2.297,2.3
2017-07-21,1.24,1.265,1.456,,1.721,1.917,2.219,2.283,2.283
2017-07-24,1.24,1.261,1.456,,1.72,1.914,2.22,2.289,2.29
2017-07-25,1.24,1.26,1.45,,1.709,1.903,2.207,2.268,2.266
2017-07-26,1.24,1.262,1.452,,1.729,1.932,2.245,2.291,2.29
2017-07-27,1.24,1.26,1.443,,1.712,1.908,2.215,2.285,2.281
2017-07-28,1.23,1.26,1.443,,1.723,1.922,2.229,2.296,2.293
2017-07-31,1.24,1.26,1.442,,1.724,1.926,2.226,2.299,2.286
2017-08-01,1.23,1.262,1.443,,1.733,1.95,2.258,2.337,2.33
2017-08-02,1.21,1.26,1.441,,1.73,1.948,2.247,2.331,2.319
2017-08-03,1.22,1.26,1.439,,1.737,1.954,2.25,2.337,2.325
2017-08-04,1.22,1.26,1.435,,1.742,1.949,2.251,2.345,2.344
2017-08-07,1.2,1.266,1.443,,1.772,1.978,2.285,2.369,2.37
2017-08-08,1.18,1.267,1.452,,1.805,2.006,2.311,2.385,2.381
2017-08-09,1.23,1.276,1.478,,1.833,2.038,2.338,2.406,2.399
2017-08-10,1.23,1.269,1.475,,1.824,2.024,2.322,2.393,2.382
2017-08-11,1.23,1.264,1.476,,1.804,2.004,2.302,2.364,2.356
2017-08-14,1.21,1.262,1.482,,1.802,2.002,2.301,2.355,2.345
2017-08-16,1.21,1.269,1.496,,1.821,2.028,2.332,2.387,2.37
2017-08-17,1.22,1.262,1.488,,1.801,2.011,2.32,2.382,2.365
2017-08-18,1.23,1.26,1.479,,1.777,1.999,2.314,2.388,2.371
2017-08-21,1.23,1.259,1.481,,1.784,1.997,2.304,2.377,2.369
2017-08-22,1.23,1.26,1.488,,1.803,2.01,2.308,2.372,2.369
2017-08-23,1.23,1.26,1.49,,1.797,2.002,2.297,2.373,2.375
2017-08-24,1.24,1.26,1.493,,1.801,1.998,2.289,2.383,2.384
2017-08-25,1.24,1.258,1.478,,1.755,1.96,2.253,2.355,2.361
2017-08-28,1.25,1.258,1.48,,1.758,1.963,2.251,2.35,2.351
2017-08-29,1.25,1.26,1.485,,1.772,1.975,2.261,2.346,2.345
2017-08-30,1.25,1.257,1.471,,1.752,1.958,2.249,2.331,2.332
2017-08-31,1.27,1.257,1.469,,1.747,1.968,2.262,2.337,2.336
2017-09-01,1.26,1.255,1.465,,1.747,1.966,2.271,2.338,2.334
2017-09-04,1.25,1.261,1.478,,1.782,2.001,2.305,2.378,2.372
2017-09-05,1.24,1.26,1.474,,1.78,1.996,2.306,2.368,2.362
2017-09-06,1.24,1.258,1.47,,1.775,1.983,2.28,2.333,2.321
2017-09-07,1.25,1.258,1.475,,1.782,1.98,2.275,2.319,2.307
2017-09-08,1.25,1.255,1.467,,1.758,1.948,2.24,2.294,2.281
2017-09-11,1.25,1.257,1.472,,1.757,1.954,2.251,2.281,2.29
2017-09-12,1.26,1.255,1.469,,1.753,1.955,2.251,2.28,2.289
2017-09-13,1.26,1.253,1.464,,1.742,1.949,2.242,2.278,2.29
2017-09-14,1.26,1.254,1.464,,1.742,1.945,2.244,2.269,2.282
2017-09-15,1.25,1.254,1.464,,1.739,1.949,2.248,2.271,2.278
2017-09-18,1.25,1.255,1.467,,1.742,1.96,2.265,2.296,2.298
2017-09-19,1.24,1.262,1.478,,1.779,1.989,2.294,2.318,2.319
2017-09-20,1.25,1.261,1.477,,1.775,1.983,2.28,2.303,2.303
2017-09-21,1.25,1.262,1.479,,1.781,1.979,2.28,2.308,2.305
2017-09-22,1.25,1.259,1.476,,1.775,1.972,2.268,2.292,2.298
2017-09-25,1.26,1.26,1.479,,1.786,1.982,2.27,2.295,2.302
2017-09-26,1.25,1.268,1.495,,1.832,2.02,2.31,2.328,2.327
2017-09-27,1.26,1.281,1.533,,1.887,2.087,2.36,2.356,2.363
2017-09-28,1.26,1.283,1.535,,1.888,2.09,2.394,2.399,2.392
2017-09-29,1.27,1.281,1.529,,1.888,2.09,2.379,2.376,2.371
2017-10-10,1.26,1.3,1.554,,1.938,2.142,2.418,2.397,2.393
2017-10-11,1.24,1.297,1.551,,1.929,2.135,2.418,2.39,2.38
2017-10-12,1.25,1.294,1.546,,1.9,2.111,2.388,2.378,2.365
2017-10-13,1.25,1.299,1.556,,1.916,2.117,2.391,2.381,2.359
2017-10-16,1.25,1.307,1.569,,1.927,2.13,2.398,2.389,2.372
2017-10-17,1.24,1.311,1.575,,1.947,2.146,2.401,2.393,2.377
2017-10-18,1.24,1.309,1.573,,1.935,2.139,2.392,2.388,2.377
2017-10-19,1.24,1.333,1.642,,2.006,2.21,2.429,2.396,2.385
2017-10-20,1.24,1.358,1.72,,2.088,2.299,2.471,2.377,2.368
2017-10-23,1.24,1.343,1.694,,2.032,2.267,2.454,2.385,2.356
2017-10-24,1.24,1.35,1.706,,2.057,2.292,2.456,2.398,2.349
2017-10-25,1.24,1.363,1.725,,2.094,2.341,2.5,2.44,2.406
2017-10-26,1.25,1.368,1.759,,2.182,2.418,2.543,2.433,2.401
2017-10-27,1.24,1.366,1.757,,2.164,2.411,2.536,2.428,2.401
2017-10-30,1.23,1.365,1.753,,2.137,2.39,2.521,2.451,2.42
2017-10-31,1.26,1.381,1.777,,2.164,2.398,2.571,2.554,2.524
2017-11-01,1.24,1.379,1.765,,2.14,2.373,2.547,2.541,2.52
2017-11-02,1.24,1.371,1.757,,2.126,2.35,2.526,2.49,2.499
2017-11-03,1.24,1.374,1.757,,2.133,2.366,2.526,2.494,2.499
2017-11-06,1.23,1.375,1.759,,2.152,2.387,2.549,2.52,2.517
2017-11-07,1.25,1.37,1.746,,2.133,2.357,2.539,2.501,2.5
2017-11-08,1.23,1.374,1.753,,2.151,2.362,2.538,2.502,2.5
2017-11-09,1.24,1.377,1.753,,2.147,2.35,2.537,2.503,2.502
2017-11-10,1.24,1.381,1.759,,2.157,2.35,2.564,2.502,2.499
2017-11-13,1.25,1.401,1.784,,2.18,2.385,2.583,2.527,2.521
2017-11-14,1.24,1.423,1.803,,2.211,2.417,2.61,2.576,2.556
2017-11-15,1.24,1.42,1.797,,2.177,2.38,2.571,2.564,2.537
2017-11-16,1.24,1.429,1.804,,2.171,2.375,2.564,2.558,2.531
2017-11-17,1.24,1.437,1.8,,2.174,2.383,2.569,2.565,2.539
2017-11-20,1.25,1.445,1.796,,2.156,2.358,2.546,2.557,2.534
2017-11-21,1.25,1.455,1.8,,2.156,2.355,2.543,2.546,2.527
2017-11-22,1.24,1.471,1.812,,2.17,2.362,2.541,2.545,2.52
2017-11-23,1.25,1.482,1.809,,2.134,2.32,2.521,2.533,2.515
2017-11-24,1.25,1.502,1.824,,2.169,2.349,2.537,2.535,2.517
2017-11-27,1.26,1.515,1.824,,2.153,2.345,2.531,2.54,2.52
2017-11-28,1.26,1.512,1.813,,2.119,2.311,2.484,2.451,2.426
2017-11-29,1.26,1.514,1.809,,2.112,2.303,2.48,2.426,2.401
2017-11-30,1.53,1.504,1.798,,2.075,2.262,2.477,2.428,2.408
2017-12-01,1.48,1.509,1.807,,2.081,2.275,2.489,2.437,2.41
2017-12-04,1.48,1.515,1.81,,2.083,2.27,2.485,2.429,2.4
2017-12-05,1.47,1.525,1.822,,2.112,2.296,2.502,2.446,2.412
2017-12-06,1.48,1.52,1.81,,2.084,2.271,2.467,2.419,2.371
2017-12-07,1.49,1.522,1.814,,2.094,2.284,2.482,2.437,2.39
2017-12-08,1.52,1.524,1.814,,2.094,2.29,2.486,2.449,2.406
2017-12-11,1.52,1.523,1.812,,2.087,2.301,2.482,2.462,2.421
2017-12-12,1.51,1.52,1.807,,2.077,2.286,2.456,2.437,2.403
2017-12-13,1.5,1.523,1.809,,2.078,2.27,2.453,2.438,2.409
2017-12-14,1.5,1.525,1.811,,2.08,2.269,2.45,2.44,2.412
2017-12-15,1.51,1.528,1.819,,2.078,2.261,2.433,2.43,2.402
2017-12-18,1.5,1.539,1.832,,2.09,2.271,2.433,2.409,2.395
2017-12-19,1.5,1.541,1.841,,2.097,2.294,2.451,2.412,2.397
2017-12-20,1.51,1.542,1.842,,2.087,2.298,2.467,2.449,2.43
2017-12-21,1.53,1.546,1.845,,2.094,2.308,2.483,2.445,2.44
2017-12-22,1.51,1.561,1.868,,2.131,2.338,2.496,2.444,2.434
2017-12-26,1.52,1.565,1.872,,2.129,2.33,2.491,2.443,2.429
2017-12-27,1.51,1.577,1.883,,2.15,2.36,2.497,2.455,2.442
2017-12-28,1.55,1.573,1.877,,2.134,2.343,2.469,2.445,2.434
2017-12-29,1.58,1.573,1.874,,2.135,2.343,2.469,2.445,2.434
2018-01-02,1.52,1.561,1.851,,2.119,2.338,2.489,2.47,2.455
2018-01-03,1.5,1.551,1.84,,2.127,2.344,2.508,2.49,2.482
2018-01-04,1.48,1.549,1.838,,2.142,2.359,2.523,2.504,2.499
2018-01-05,1.47,1.537,1.816,,2.099,2.343,2.518,2.506,2.498
2018-01-08,1.46,1.535,1.82,,2.135,2.358,2.54,2.534,2.534
2018-01-09,1.49,1.536,1.825,,2.149,2.38,2.565,2.531,2.515
2018-01-10,1.51,1.541,1.836,,2.172,2.449,2.637,2.565,2.547
2018-01-11,1.5,1.535,1.832,,2.152,2.41,2.589,2.547,2.532
2018-01-12,1.5,1.536,1.834,,2.174,2.43,2.623,2.56,2.538
2018-01-15,1.5,1.537,1.851,,2.223,2.483,2.658,2.574,2.554
2018-01-16,1.5,1.535,1.851,,2.225,2.468,2.641,2.572,2.54
2018-01-17,1.49,1.533,1.852,,2.227,2.469,2.636,2.562,2.53
2018-01-18,1.49,1.524,1.825,,2.172,2.43,2.62,2.564,2.534
2018-01-19,1.49,1.527,1.825,,2.17,2.443,2.638,2.595,2.566
2018-01-22,1.49,1.53,1.835,,2.203,2.461,2.652,2.605,2.569
2018-01-23,1.49,1.528,1.831,,2.192,2.461,2.654,2.572,2.536
2018-01-24,1.49,1.523,1.831,,2.197,2.459,2.644,2.551,2.519
2018-01-25,1.49,1.524,1.833,,2.215,2.48,2.661,2.56,2.522
2018-01-26,1.49,1.523,1.834,,2.222,2.492,2.679,2.591,2.538
2018-01-29,1.49,1.536,1.865,,2.281,2.559,2.744,2.655,2.596
2018-01-30,1.49,1.54,1.874,,2.304,2.592,2.784,2.736,2.677
2018-01-31,1.54,1.538,1.859,,2.274,2.57,2.769,2.715,2.683
2018-02-01,1.5,1.535,1.852,,2.249,2.538,2.756,2.688,2.664
2018-02-02,1.46,1.532,1.844,,2.25,2.535,2.756,2.703,2.689
2018-02-05,1.48,1.534,1.856,,2.287,2.557,2.803,2.75,2.725
2018-02-06,1.47,1.526,1.84,,2.253,2.504,2.749,2.709,2.68
2018-02-07,1.49,1.523,1.834,,2.248,2.494,2.718,2.686,2.664
2018-02-08,1.47,1.529,1.845,,2.272,2.516,2.744,2.71,2.673
2018-02-09,1.5,1.53,1.85,,2.278,2.525,2.757,2.73,2.698
2018-02-12,1.51,1.536,1.859,,2.302,2.566,2.806,2.755,2.714
2018-02-13,1.51,1.534,1.852,,2.278,2.541,2.78,2.735,2.701
2018-02-14,1.51,1.532,1.85,,2.265,2.531,2.763,2.727,2.685
2018-02-19,1.5,1.539,1.861,,2.302,2.565,2.798,2.758,2.715
2018-02-20,1.48,1.541,1.869,,2.316,2.571,2.807,2.773,2.73
2018-02-21,1.48,1.539,1.862,,2.306,2.563,2.801,2.766,2.719
2018-02-22,1.49,1.539,1.858,,2.303,2.561,2.803,2.782,2.739
2018-02-23,1.47,1.539,1.85,,2.285,2.542,2.792,2.787,2.774
2018-02-26,1.48,1.538,1.847,,2.263,2.521,2.763,2.759,2.727
2018-02-27,1.5,1.536,1.843,,2.258,2.508,2.73,2.732,2.701
2018-02-28,1.51,1.539,1.844,,2.266,2.519,2.736,2.74,2.717
2018-03-02,1.5,1.544,1.854,,2.29,2.544,2.741,2.734,2.716
2018-03-05,1.46,1.545,1.857,,2.311,2.55,2.737,2.742,2.721
2018-03-06,1.43,1.548,1.862,,2.312,2.549,2.759,2.764,2.741
2018-03-07,1.48,1.548,1.862,,2.297,2.526,2.727,2.74,2.724
2018-03-08,1.5,1.548,1.865,,2.286,2.519,2.73,2.737,2.718
2018-03-09,1.49,1.55,1.866,,2.293,2.533,2.744,2.758,2.728
2018-03-12,1.5,1.551,1.87,,2.305,2.564,2.759,2.77,2.749
2018-03-13,1.5,1.551,1.872,,2.301,2.555,2.746,2.755,2.744
2018-03-14,1.5,1.549,1.87,,2.274,2.512,2.711,2.715,2.701
2018-03-15,1.49,1.548,1.871,,2.268,2.494,2.704,2.677,2.653
2018-03-16,1.5,1.55,1.878,,2.276,2.5,2.713,2.68,2.652
2018-03-19,1.5,1.555,1.885,,2.275,2.5,2.724,2.703,2.678
2018-03-20,1.49,1.558,1.889,,2.286,2.513,2.732,2.705,2.673
2018-03-21,1.49,1.558,1.892,,2.291,2.512,2.723,2.693,2.656
2018-03-22,1.5,1.555,1.886,,2.256,2.484,2.694,2.683,2.647
2018-03-23,1.51,1.553,1.881,,2.223,2.434,2.648,2.653,2.613
2018-03-26,1.5,1.554,1.888,,2.244,2.464,2.687,2.689,2.663
2018-03-27,1.48,1.553,1.886,,2.232,2.462,2.676,2.671,2.653
2018-03-28,1.48,1.552,1.88,,2.222,2.436,2.64,2.638,2.615
2018-03-29,1.48,1.551,1.88,,2.227,2.444,2.642,2.639,2.613
2018-03-30,1.54,1.55,1.878,,2.216,2.427,2.624,2.636,2.615
2018-04-02,1.49,1.552,1.883,,2.225,2.443,2.643,2.668,2.642
2018-04-03,1.44,1.55,1.873,,2.193,2.422,2.634,2.683,2.672
2018-04-04,1.46,1.548,1.86,,2.168,2.394,2.617,2.662,2.657
2018-04-05,1.46,1.549,1.861,,2.175,2.408,2.633,2.659,2.658
2018-04-06,1.44,1.543,1.856,,2.156,2.384,2.607,2.632,2.638
2018-04-09,1.48,1.547,1.864,,2.167,2.402,2.613,2.622,2.632
2018-04-10,1.49,1.549,1.871,,2.185,2.418,2.622,2.628,2.634
2018-04-11,1.48,1.548,1.869,,2.165,2.391,2.596,2.614,2.625
2018-04-12,1.48,1.546,1.863,,2.156,2.379,2.58,2.588,2.607
2018-04-13,1.49,1.548,1.862,,2.155,2.385,2.603,2.6,2.613
2018-04-16,1.46,1.555,1.864,,2.169,2.408,2.625,2.635,2.638
2018-04-17,1.47,1.556,1.868,,2.178,2.42,2.636,2.643,2.636
2018-04-18,1.47,1.557,1.871,,2.196,2.441,2.652,2.665,2.648
2018-04-19,1.47,1.556,1.872,,2.195,2.434,2.647,2.671,2.663
2018-04-20,1.47,1.558,1.882,,2.2,2.45,2.671,2.702,2.689
2018-04-23,1.47,1.562,1.89,,2.235,2.492,2.725,2.746,2.734
2018-04-24,1.48,1.561,1.887,,2.227,2.493,2.726,2.74,2.723
2018-04-25,1.48,1.562,1.895,,2.246,2.521,2.762,2.759,2.734
2018-04-26,1.48,1.561,1.888,,2.234,2.51,2.749,2.75,2.735
2018-04-27,1.46,1.556,1.875,,2.201,2.471,2.7,2.704,2.695
2018-04-30,1.51,1.556,1.874,,2.216,2.486,2.713,2.719,2.703
2018-05-02,1.5,1.559,1.879,,2.237,2.517,2.751,2.766,2.757
2018-05-03,1.49,1.56,1.882,,2.246,2.525,2.751,2.763,2.752
2018-05-04,1.49,1.562,1.894,,2.28,2.556,2.761,2.763,2.751
2018-05-08,1.48,1.564,1.909,,2.311,2.584,2.787,2.775,2.751
2018-05-09,1.48,1.565,1.916,,2.309,2.583,2.805,2.786,2.764
2018-05-10,1.49,1.564,1.913,,2.276,2.55,2.772,2.757,2.745
2018-05-11,1.49,1.567,1.92,,2.286,2.563,2.785,2.763,2.741
2018-05-14,1.49,1.569,1.932,,2.309,2.586,2.795,2.777,2.745
2018-05-15,1.49,1.569,1.931,,2.312,2.593,2.814,2.79,2.752
2018-05-16,1.49,1.567,1.916,,2.285,2.566,2.794,2.777,2.742
2018-05-17,1.48,1.562,1.901,,2.262,2.551,2.796,2.784,2.749
2018-05-18,1.49,1.558,1.871,,2.231,2.514,2.765,2.767,2.742
2018-05-21,1.49,1.563,1.879,,2.251,2.532,2.769,2.772,2.75
2018-05-23,1.5,1.562,1.872,,2.235,2.513,2.747,2.76,2.736
2018-05-24,1.5,1.558,1.853,,2.191,2.48,2.72,2.734,2.704
2018-05-25,1.51,1.558,1.855,,2.198,2.482,2.716,2.717,2.699
2018-05-28,1.51,1.559,1.858,,2.208,2.497,2.726,2.726,2.706
2018-05-29,1.5,1.556,1.85,,2.189,2.479,2.693,2.712,2.695
2018-05-30,1.52,1.557,1.852,,2.192,2.488,2.697,2.704,2.689
2018-05-31,1.55,1.557,1.849,,2.195,2.479,2.695,2.694,2.679
2018-06-01,1.5,1.556,1.848,,2.193,2.479,2.703,2.692,2.667
2018-06-04,1.44,1.556,1.852,,2.213,2.504,2.733,2.724,2.695
2018-06-05,1.48,1.556,1.847,,2.201,2.497,2.716,2.718,2.686
2018-06-07,1.46,1.557,1.852,,2.217,2.522,2.75,2.732,2.702
2018-06-08,1.49,1.554,1.842,,2.189,2.485,2.714,2.701,2.677
2018-06-11,1.47,1.555,1.848,,2.223,2.499,2.732,2.719,2.69
2018-06-12,1.47,1.555,1.85,,2.223,2.497,2.721,2.708,2.678
2018-06-14,1.49,1.557,1.864,,2.227,2.502,2.711,2.699,2.669
2018-06-15,1.49,1.555,1.86,,2.186,2.467,2.672,2.673,2.642
2018-06-18,1.49,1.553,1.857,,2.178,2.451,2.65,2.637,2.612
2018-06-19,1.47,1.551,1.856,,2.164,2.417,2.62,2.613,2.586
2018-06-20,1.49,1.551,1.859,,2.163,2.411,2.618,2.609,2.583
2018-06-21,1.49,1.547,1.847,,2.149,2.392,2.594,2.595,2.576
2018-06-22,1.5,1.548,1.847,,2.147,2.399,2.608,2.602,2.573
2018-06-25,1.5,1.548,1.849,,2.143,2.399,2.605,2.601,2.586
2018-06-26,1.46,1.549,1.852,,2.148,2.403,2.618,2.608,2.589
2018-06-27,1.49,1.545,1.844,,2.122,2.364,2.576,2.578,2.561
2018-06-28,1.53,1.545,1.843,,2.115,2.354,2.558,2.562,2.551
2018-06-29,1.57,1.545,1.844,,2.122,2.352,2.556,2.561,2.552
2018-07-02,1.53,1.546,1.844,,2.123,2.34,2.53,2.546,2.54
2018-07-03,1.47,1.546,1.847,,2.138,2.378,2.577,2.581,2.569
2018-07-04,1.46,1.542,1.836,,2.116,2.348,2.547,2.559,2.55
2018-07-05,1.46,1.541,1.823,,2.093,2.334,2.545,2.556,2.549
2018-07-06,1.43,1.541,1.825,,2.101,2.352,2.555,2.561,2.552
2018-07-09,1.49,1.541,1.826,,2.107,2.353,2.558,2.56,2.546
2018-07-10,1.49,1.54,1.821,,2.095,2.346,2.553,2.552,2.539
2018-07-11,1.48,1.536,1.807,,2.054,2.301,2.512,2.513,2.502
2018-07-12,1.51,1.546,1.852,,2.09,2.331,2.542,2.534,2.519
2018-07-13,1.48,1.546,1.859,,2.105,2.341,2.556,2.547,2.523
2018-07-16,1.49,1.546,1.853,,2.088,2.328,2.546,2.541,2.527
2018-07-17,1.47,1.546,1.845,,2.094,2.334,2.552,2.549,2.531
2018-07-18,1.48,1.545,1.839,,2.087,2.319,2.53,2.529,2.517
2018-07-19,1.48,1.545,1.841,,2.089,2.329,2.54,2.539,2.528
2018-07-20,1.48,1.544,1.832,,2.077,2.315,2.522,2.53,2.515
2018-07-23,1.48,1.544,1.832,,2.077,2.32,2.535,2.543,2.53
2018-07-24,1.5,1.544,1.838,,2.092,2.344,2.575,2.568,2.557
2018-07-25,1.5,1.544,1.837,,2.079,2.323,2.546,2.539,2.524
2018-07-26,1.5,1.544,1.838,,2.071,2.323,2.55,2.545,2.524
2018-07-27,1.49,1.554,1.864,,2.112,2.359,2.571,2.555,2.532
2018-07-30,1.49,1.567,1.881,,2.128,2.368,2.573,2.552,2.533
2018-07-31,1.52,1.568,1.88,,2.123,2.36,2.567,2.545,2.532
2018-08-01,1.5,1.569,1.877,,2.124,2.375,2.589,2.561,2.545
2018-08-02,1.49,1.569,1.878,,2.113,2.362,2.574,2.558,2.543
2018-08-03,1.49,1.569,1.874,,2.108,2.361,2.58,2.567,2.546
2018-08-06,1.49,1.569,1.867,,2.097,2.338,2.561,2.551,2.53
2018-08-07,1.44,1.568,1.859,,2.082,2.326,2.557,2.545,2.524
2018-08-08,1.48,1.567,1.852,,2.07,2.321,2.557,2.536,2.519
2018-08-09,1.49,1.566,1.848,,2.05,2.29,2.521,2.488,2.475
2018-08-10,1.48,1.566,1.848,,2.04,2.263,2.49,2.46,2.452
2018-08-13,1.49,1.568,1.853,,2.051,2.28,2.505,2.468,2.452
2018-08-14,1.49,1.569,1.859,,2.063,2.288,2.503,2.46,2.44
2018-08-16,1.49,1.573,1.856,,2.05,2.268,2.475,2.431,2.412
2018-08-17,1.49,1.571,1.837,,1.997,2.208,2.431,2.408,2.388
2018-08-20,1.5,1.57,1.831,,1.985,2.184,2.407,2.39,2.373
2018-08-21,1.49,1.559,1.791,,1.919,2.132,2.381,2.364,2.345
2018-08-22,1.49,1.564,1.792,,1.962,2.169,2.402,2.366,2.344
2018-08-23,1.5,1.564,1.791,,1.963,2.174,2.395,2.348,2.322
2018-08-24,1.48,1.565,1.79,,1.963,2.173,2.381,2.346,2.32
2018-08-27,1.49,1.566,1.792,,1.963,2.178,2.371,2.341,2.31
2018-08-28,1.49,1.568,1.793,,1.965,2.172,2.354,2.325,2.298
2018-08-29,1.49,1.568,1.793,,1.955,2.161,2.362,2.327,2.295
2018-08-30,1.51,1.579,1.807,,1.98,2.179,2.367,2.329,2.298
2018-08-31,1.55,1.575,1.768,,1.916,2.113,2.311,2.279,2.26
2018-09-03,1.54,1.575,1.764,,1.922,2.103,2.292,2.262,2.241
2018-09-04,1.45,1.573,1.757,,1.917,2.101,2.298,2.254,2.23
2018-09-05,1.49,1.571,1.751,,1.9,2.081,2.269,2.213,2.19
2018-09-06,1.51,1.571,1.756,,1.912,2.085,2.274,2.203,2.177
2018-09-07,1.64,1.574,1.758,,1.919,2.081,2.268,2.207,2.179
2018-09-10,1.55,1.573,1.76,,1.918,2.083,2.258,2.19,2.172
2018-09-11,1.52,1.575,1.766,,1.923,2.092,2.273,2.202,2.19
2018-09-12,1.51,1.573,1.753,,1.893,2.062,2.254,2.184,2.173
2018-09-13,1.52,1.576,1.771,,1.921,2.083,2.262,2.19,2.178
2018-09-14,1.51,1.581,1.797,,1.96,2.124,2.309,2.238,2.22
2018-09-17,1.51,1.586,1.803,,1.967,2.135,2.316,2.272,2.249
2018-09-18,1.51,1.587,1.808,,1.98,2.152,2.337,2.281,2.246
2018-09-19,1.51,1.592,1.82,,1.996,2.177,2.374,2.32,2.278
2018-09-20,1.55,1.604,1.843,,2.035,2.233,2.428,2.406,2.36
2018-09-21,1.6,1.606,1.839,,2.022,2.221,2.412,2.39,2.342
2018-09-27,1.59,1.614,1.844,,2.006,2.193,2.375,2.353,2.304
2018-09-28,1.65,1.614,1.846,,2.005,2.175,2.357,2.336,2.3
2018-10-01,1.55,1.617,1.849,,2.022,2.195,2.384,2.36,2.331
2018-10-02,1.51,1.617,1.844,,2.015,2.182,2.371,2.354,2.338
2018-10-04,1.5,1.624,1.864,,2.066,2.242,2.445,2.417,2.388
2018-10-05,1.5,1.629,1.872,,2.084,2.269,2.453,2.417,2.383
2018-10-08,1.47,1.645,1.877,,2.091,2.286,2.453,2.402,2.365
2018-10-10,1.48,1.643,1.859,,2.059,2.245,2.413,2.353,2.318
2018-10-11,1.5,1.64,1.844,,2.012,2.19,2.361,2.297,2.273
2018-10-12,1.52,1.65,1.859,,2.05,2.233,2.399,2.32,2.301
2018-10-15,1.5,1.657,1.863,,2.051,2.224,2.38,2.311,2.299
2018-10-16,1.49,1.666,1.871,,2.048,2.217,2.38,2.306,2.291
2018-10-17,1.51,1.668,1.87,,2.023,2.183,2.341,2.265,2.244
2018-10-18,1.5,1.667,1.844,,1.981,2.125,2.293,2.213,2.194
2018-10-19,1.5,1.672,1.845,,1.989,2.142,2.318,2.253,2.234
2018-10-22,1.53,1.686,1.856,,2.009,2.163,2.344,2.29,2.258
2018-10-23,1.54,1.687,1.852,,1.989,2.133,2.307,2.256,2.225
2018-10-24,1.56,1.696,1.861,,2.007,2.142,2.309,2.255,2.225
2018-10-25,1.54,1.698,1.862,,1.982,2.099,2.269,2.215,2.179
2018-10-26,1.53,1.699,1.858,,1.968,2.079,2.248,2.197,2.163
2018-10-29,1.49,1.675,1.807,,1.894,1.997,2.171,2.133,2.097
2018-10-30,1.49,1.689,1.832,,1.931,2.039,2.221,2.171,2.132
2018-10-31,1.57,1.692,1.834,,1.939,2.066,2.243,2.187,2.141
2018-11-01,1.51,1.694,1.834,,1.942,2.08,2.251,2.193,2.135
2018-11-02,1.45,1.701,1.852,,1.982,2.118,2.283,2.231,2.15
2018-11-05,1.47,1.7,1.85,,1.982,2.109,2.279,2.224,2.142
2018-11-06,1.44,1.7,1.851,,1.984,2.116,2.295,2.242,2.16
2018-11-07,1.48,1.698,1.841,,1.964,2.089,2.259,2.201,2.126
2018-11-08,1.48,1.698,1.844,,1.966,2.087,2.257,2.187,2.102
2018-11-09,1.49,1.697,1.841,,1.96,2.069,2.233,2.167,2.085
2018-11-12,1.5,1.697,1.836,,1.945,2.045,2.21,2.154,2.076
2018-11-13,1.51,1.697,1.837,,1.94,2.055,2.211,2.15,2.08
2018-11-14,1.5,1.697,1.837,,1.922,2.038,2.195,2.136,2.073
2018-11-15,1.51,1.702,1.847,,1.943,2.071,2.231,2.174,2.109
2018-11-16,1.52,1.704,1.849,,1.947,2.055,2.22,2.173,2.113
2018-11-19,1.51,1.703,1.849,,1.942,2.044,2.201,2.172,2.11
2018-11-20,1.52,1.705,1.853,,1.94,2.045,2.206,2.17,2.098
2018-11-21,1.5,1.705,1.858,,1.946,2.046,2.209,2.169,2.094
2018-11-22,1.53,1.707,1.857,,1.942,2.042,2.206,2.169,2.097
2018-11-23,1.52,1.71,1.848,,1.914,2.006,2.169,2.12,2.048
2018-11-26,1.52,1.717,1.842,,1.914,2.005,2.167,2.121,2.043
2018-11-27,1.49,1.717,1.836,,1.908,1.991,2.15,2.11,2.028
2018-11-28,1.48,1.722,1.841,,1.92,2.005,2.155,2.118,2.05
2018-11-29,1.49,1.722,1.826,,1.889,1.972,2.114,2.075,2.014
2018-11-30,1.76,1.73,1.83,,1.897,1.972,2.106,2.047,1.974
2018-12-03,1.74,1.744,1.845,,1.924,1.998,2.128,2.068,2.008
2018-12-04,1.68,1.745,1.843,,1.914,1.976,2.102,2.048,2.0
2018-12-05,1.73,1.746,1.839,,1.901,1.94,2.058,2.024,1.986
2018-12-06,1.71,1.742,1.82,,1.839,1.878,1.983,1.934,1.897
2018-12-07,1.75,1.745,1.809,,1.834,1.885,1.993,1.951,1.907
2018-12-10,1.76,1.748,1.794,,1.803,1.873,1.978,1.946,1.907
2018-12-11,1.76,1.749,1.79,,1.792,1.877,1.98,1.949,1.908
2018-12-12,1.77,1.75,1.769,,1.803,1.907,2.01,1.974,1.93
2018-12-13,1.75,1.751,1.769,,1.795,1.907,2.018,1.981,1.929
2018-12-14,1.76,1.751,1.76,,1.781,1.896,2.002,1.975,1.932
2018-12-17,1.76,1.751,1.761,,1.795,1.886,2.004,1.969,1.928
2018-12-18,1.75,1.751,1.751,,1.795,1.864,1.981,1.956,1.921
2018-12-19,1.75,1.749,1.743,,1.783,1.829,1.932,1.92,1.877
2018-12-20,1.77,1.748,1.743,,1.8,1.842,1.932,1.921,1.887
2018-12-21,1.78,1.755,1.746,,1.838,1.893,1.97,1.953,1.922
2018-12-24,1.77,1.756,1.748,,1.846,1.903,1.99,1.983,1.954
2018-12-26,1.78,1.756,1.745,,1.807,1.87,1.948,1.958,1.925
2018-12-27,1.82,1.759,1.747,,1.81,1.874,1.943,1.952,1.928
2018-12-28,1.82,1.76,1.748,,1.817,1.884,1.948,1.954,1.927
2018-12-31,1.89,1.76,1.748,,1.817,1.884,1.948,1.954,1.927
2019-01-02,1.83,1.755,1.733,,1.802,1.873,1.948,1.969,1.948
2019-01-03,1.77,1.752,1.731,,1.796,1.869,1.955,1.979,1.962
2019-01-04,1.75,1.744,1.717,,1.797,1.866,1.972,1.977,1.954
2019-01-07,1.74,1.743,1.722,,1.807,1.877,1.977,1.972,1.953
2019-01-08,1.74,1.743,1.725,,1.81,1.892,1.994,1.991,1.964
2019-01-09,1.73,1.742,1.723,,1.809,1.895,1.985,1.994,1.962
2019-01-10,1.75,1.74,1.717,,1.796,1.86,1.964,1.988,1.96
2019-01-11,1.75,1.741,1.72,,1.804,1.877,1.992,2.002,1.979
2019-01-14,1.73,1.74,1.718,,1.797,1.858,1.973,2.004,1.978
2019-01-15,1.74,1.74,1.721,,1.797,1.86,1.968,2.0,1.975
2019-01-16,1.75,1.741,1.722,,1.803,1.871,1.982,2.002,1.985
2019-01-17,1.75,1.741,1.722,,1.795,1.871,1.976,2.006,1.981
2019-01-18,1.75,1.745,1.731,,1.814,1.895,2.008,2.036,2.01
2019-01-21,1.76,1.75,1.736,,1.821,1.898,2.028,2.065,2.047
2019-01-22,1.77,1.748,1.729,,1.803,1.873,1.997,2.045,2.027
2019-01-23,1.78,1.751,1.737,,1.803,1.865,1.984,2.038,2.016
2019-01-24,1.75,1.752,1.745,,1.81,1.876,1.993,2.039,2.019
2019-01-25,1.76,1.753,1.746,,1.812,1.884,2.005,2.055,2.047
2019-01-28,1.76,1.755,1.751,,1.82,1.891,2.019,2.086,2.079
2019-01-29,1.74,1.757,1.757,,1.823,1.898,2.035,2.096,2.081
2019-01-30,1.74,1.758,1.761,,1.827,1.914,2.051,2.107,2.086
2019-01-31,1.81,1.751,1.754,,1.809,1.883,2.001,2.05,2.048
2019-02-01,1.74,1.75,1.751,,1.803,1.876,1.983,2.04,2.037
2019-02-07,1.75,1.752,1.751,,1.801,1.876,1.995,2.061,2.055
2019-02-08,1.75,1.748,1.743,,1.786,1.853,1.965,2.039,2.034
2019-02-11,1.74,1.747,1.741,,1.781,1.837,1.943,2.008,1.994
2019-02-12,1.75,1.751,1.749,,1.796,1.856,1.978,2.035,2.015
2019-02-13,1.74,1.754,1.754,,1.801,1.87,1.987,2.035,2.011
2019-02-14,1.76,1.754,1.753,,1.794,1.864,1.99,2.045,2.019
2019-02-15,1.77,1.752,1.75,,1.779,1.84,1.962,2.018,1.984
2019-02-18,1.78,1.759,1.762,,1.804,1.87,1.997,2.045,2.015
2019-02-19,1.76,1.76,1.763,,1.8,1.867,1.996,2.048,2.029
2019-02-20,1.75,1.761,1.766,,1.802,1.871,1.992,2.051,2.03
2019-02-21,1.76,1.765,1.769,,1.811,1.881,2.01,2.071,2.044
2019-02-22,1.76,1.765,1.771,,1.814,1.885,2.008,2.085,2.053
2019-02-25,1.77,1.767,1.774,,1.819,1.89,2.012,2.075,2.054
2019-02-26,1.76,1.765,1.771,,1.816,1.884,2.003,2.069,2.046
2019-02-27,1.77,1.765,1.77,,1.808,1.873,1.985,2.064,2.047
2019-02-28,1.8,1.766,1.776,,1.813,1.876,1.987,2.069,2.053
2019-03-04,1.76,1.776,1.787,,1.834,1.907,2.027,2.102,2.088
2019-03-05,1.77,1.777,1.788,,1.836,1.911,2.029,2.085,2.064
2019-03-06,1.75,1.776,1.786,,1.828,1.9,2.021,2.077,2.064
2019-03-07,1.76,1.773,1.78,,1.817,1.884,2.005,2.061,2.057
2019-03-08,1.78,1.769,1.773,,1.802,1.863,1.973,2.023,2.018
2019-03-11,1.77,1.77,1.776,,1.81,1.868,1.986,2.037,2.029
2019-03-12,1.76,1.77,1.776,,1.81,1.87,1.991,2.055,2.046
2019-03-13,1.78,1.766,1.77,,1.795,1.853,1.966,2.025,2.02
2019-03-14,1.75,1.767,1.77,,1.793,1.851,1.978,2.029,2.028
2019-03-15,1.73,1.77,1.778,,1.803,1.865,1.989,2.032,2.027
2019-03-18,1.76,1.772,1.781,,1.812,1.871,1.994,2.042,2.035
2019-03-19,1.74,1.772,1.781,,1.81,1.863,1.979,2.029,2.026
2019-03-20,1.74,1.773,1.783,,1.813,1.866,1.981,2.008,2.003
2019-03-21,1.74,1.769,1.773,,1.793,1.829,1.932,1.947,1.951
2019-03-22,1.75,1.77,1.777,,1.8,1.827,1.934,1.929,1.921
2019-03-25,1.75,1.763,1.763,,1.77,1.785,1.888,1.9,1.893
2019-03-26,1.77,1.764,1.76,,1.763,1.788,1.905,1.932,1.929
2019-03-27,1.74,1.755,1.74,,1.722,1.743,1.845,1.876,1.879
2019-03-28,1.76,1.744,1.719,,1.679,1.703,1.81,1.843,1.84
2019-03-29,1.81,1.747,1.722,,1.69,1.708,1.833,1.86,1.865
2019-04-01,1.75,1.756,1.74,,1.726,1.742,1.866,1.895,1.895
2019-04-02,1.75,1.75,1.733,,1.706,1.73,1.856,1.898,1.896
2019-04-03,1.7,1.754,1.743,,1.72,1.754,1.889,1.919,1.903
2019-04-04,1.72,1.754,1.744,,1.72,1.754,1.877,1.915,1.903
2019-04-05,1.75,1.756,1.752,,1.735,1.777,1.893,1.918,1.909
2019-04-08,1.76,1.753,1.749,,1.723,1.76,1.868,1.893,1.876
2019-04-09,1.77,1.753,1.749,,1.725,1.759,1.872,1.892,1.878
2019-04-10,1.75,1.754,1.751,,1.731,1.761,1.871,1.897,1.887
2019-04-11,1.78,1.754,1.753,,1.732,1.76,1.867,1.894,1.878
2019-04-12,1.76,1.755,1.754,,1.733,1.769,1.881,1.901,1.885
2019-04-15,1.77,1.763,1.77,,1.761,1.805,1.926,1.935,1.913
2019-04-16,1.76,1.765,1.772,,1.765,1.807,1.932,1.95,1.936
2019-04-17,1.73,1.767,1.777,,1.778,1.823,1.947,1.962,1.958
2019-04-18,1.72,1.756,1.752,,1.741,1.776,1.893,1.914,1.901
2019-04-19,1.75,1.758,1.758,,1.756,1.788,1.899,1.913,1.903
2019-04-22,1.74,1.763,1.766,,1.769,1.815,1.929,1.949,1.933
2019-04-23,1.75,1.762,1.764,,1.768,1.806,1.923,1.939,1.927
2019-04-24,1.73,1.757,1.755,,1.749,1.791,1.912,1.933,1.918
2019-04-25,1.73,1.749,1.739,,1.724,1.758,1.879,1.91,1.898
2019-04-26,1.73,1.747,1.738,,1.72,1.751,1.876,1.906,1.897
2019-04-29,1.73,1.743,1.734,,1.712,1.743,1.864,1.891,1.882
2019-04-30,1.79,1.738,1.727,,1.699,1.728,1.845,1.872,1.869
2019-05-02,1.75,1.751,1.749,,1.732,1.765,1.885,1.913,1.907
2019-05-03,1.74,1.752,1.752,,1.739,1.775,1.9,1.931,1.923
2019-05-07,1.73,1.745,1.743,,1.723,1.759,1.885,1.917,1.905
2019-05-08,1.73,1.743,1.74,,1.717,1.755,1.878,1.914,1.903
2019-05-09,1.73,1.738,1.734,,1.708,1.744,1.861,1.899,1.888
2019-05-10,1.74,1.74,1.741,,1.719,1.762,1.873,1.908,1.898
2019-05-13,1.75,1.74,1.742,,1.721,1.765,1.874,1.912,1.899
2019-05-14,1.73,1.737,1.735,,1.711,1.759,1.868,1.906,1.892
2019-05-15,1.76,1.736,1.734,,1.71,1.755,1.865,1.899,1.889
2019-05-16,1.75,1.718,1.709,,1.675,1.711,1.82,1.855,1.848
2019-05-17,1.74,1.718,1.707,,1.67,1.706,1.822,1.856,1.846
2019-05-20,1.76,1.721,1.714,,1.681,1.724,1.847,1.878,1.867
2019-05-21,1.73,1.715,1.703,,1.663,1.707,1.83,1.864,1.857
2019-05-22,1.73,1.715,1.704,,1.667,1.709,1.828,1.872,1.863
2019-05-23,1.74,1.702,1.69,,1.648,1.69,1.808,1.853,1.848
2019-05-24,1.73,1.699,1.687,,1.643,1.679,1.792,1.835,1.833
2019-05-27,1.75,1.701,1.69,,1.652,1.687,1.797,1.842,1.839
2019-05-28,1.75,1.7,1.691,,1.654,1.682,1.793,1.832,1.836
2019-05-29,1.75,1.68,1.665,,1.619,1.642,1.741,1.783,1.781
2019-05-30,1.76,1.682,1.669,,1.626,1.651,1.741,1.775,1.774
2019-05-31,1.79,1.647,1.626,,1.587,1.605,1.682,1.715,1.719
2019-06-03,1.77,1.645,1.619,,1.575,1.602,1.691,1.73,1.736
2019-06-04,1.75,1.644,1.616,,1.57,1.594,1.684,1.723,1.727
2019-06-05,1.73,1.628,1.595,,1.542,1.567,1.654,1.692,1.704
2019-06-07,1.77,1.627,1.595,,1.537,1.566,1.656,1.696,1.705
2019-06-10,1.75,1.626,1.592,,1.533,1.577,1.661,1.713,1.72
2019-06-11,1.75,1.63,1.597,,1.542,1.588,1.68,1.734,1.731
2019-06-12,1.75,1.58,1.537,,1.469,1.51,1.6,1.656,1.65
2019-06-13,1.75,1.584,1.543,,1.48,1.524,1.613,1.669,1.665
2019-06-14,1.74,1.579,1.536,,1.47,1.5,1.591,1.641,1.645
2019-06-17,1.76,1.593,1.554,,1.491,1.526,1.621,1.667,1.666
2019-06-18,1.75,1.594,1.556,,1.493,1.526,1.614,1.661,1.66
2019-06-19,1.76,1.587,1.548,,1.484,1.513,1.601,1.639,1.635
2019-06-20,1.75,1.551,1.502,,1.42,1.45,1.545,1.585,1.583
2019-06-21,1.74,1.566,1.519,,1.44,1.475,1.569,1.61,1.608
2019-06-24,1.75,1.565,1.519,,1.44,1.472,1.563,1.605,1.607
2019-06-25,1.75,1.576,1.543,,1.478,1.509,1.584,1.62,1.619
2019-06-26,1.76,1.583,1.56,,1.496,1.528,1.605,1.635,1.636
2019-06-27,1.77,1.588,1.564,,1.494,1.531,1.616,1.645,1.646
2019-06-28,1.83,1.575,1.552,,1.472,1.506,1.596,1.628,1.631
2019-07-01,1.75,1.579,1.556,,1.479,1.524,1.608,1.639,1.64
2019-07-02,1.73,1.571,1.546,,1.463,1.504,1.586,1.614,1.613
2019-07-03,1.73,1.555,1.521,,1.429,1.459,1.534,1.568,1.568
2019-07-04,1.73,1.548,1.512,,1.416,1.445,1.523,1.558,1.557
2019-07-05,1.73,1.548,1.514,,1.423,1.452,1.533,1.565,1.565
2019-07-08,1.73,1.547,1.514,,1.422,1.45,1.53,1.561,1.56
2019-07-09,1.69,1.547,1.514,,1.424,1.454,1.538,1.563,1.561
2019-07-10,1.74,1.551,1.523,,1.438,1.476,1.562,1.583,1.578
2019-07-11,1.75,1.541,1.508,,1.419,1.46,1.547,1.565,1.561
2019-07-12,1.74,1.542,1.511,,1.424,1.475,1.569,1.586,1.582
2019-07-15,1.73,1.544,1.517,,1.434,1.487,1.582,1.601,1.596
2019-07-16,1.72,1.543,1.515,,1.431,1.483,1.573,1.595,1.585
2019-07-17,1.72,1.525,1.491,,1.399,1.454,1.546,1.567,1.56
2019-07-18,1.5,1.495,1.444,,1.345,1.383,1.472,1.495,1.486
2019-07-19,1.49,1.483,1.43,,1.327,1.363,1.456,1.473,1.469
2019-07-22,1.48,1.482,1.434,,1.333,1.376,1.465,1.477,1.475
2019-07-23,1.48,1.484,1.436,,1.339,1.383,1.472,1.479,1.476
2019-07-24,1.48,1.474,1.424,,1.321,1.37,1.465,1.465,1.457
2019-07-25,1.5,1.465,1.415,,1.302,1.343,1.431,1.432,1.423
2019-07-26,1.51,1.465,1.418,,1.308,1.346,1.426,1.406,1.396
2019-07-29,1.5,1.463,1.416,,1.306,1.34,1.412,1.382,1.366
2019-07-30,1.52,1.462,1.414,,1.301,1.338,1.409,1.396,1.385
2019-07-31,1.56,1.459,1.41,,1.292,1.323,1.39,1.382,1.368
2019-08-01,1.51,1.463,1.42,,1.309,1.346,1.41,1.389,1.375
2019-08-02,1.48,1.429,1.382,,1.26,1.29,1.349,1.341,1.331
2019-08-05,1.49,1.384,1.32,,1.172,1.194,1.253,1.259,1.248
2019-08-06,1.49,1.375,1.295,,1.163,1.184,1.256,1.254,1.245
2019-08-07,1.49,1.365,1.244,,1.153,1.181,1.251,1.242,1.236
2019-08-08,1.49,1.364,1.221,,1.165,1.202,1.27,1.255,1.245
2019-08-09,1.5,1.358,1.2,,1.186,1.225,1.286,1.271,1.261
2019-08-12,1.52,1.34,1.19,,1.182,1.223,1.285,1.271,1.258
2019-08-13,1.52,1.316,1.174,,1.15,1.177,1.229,1.231,1.215
2019-08-14,1.52,1.31,1.169,,1.149,1.182,1.231,1.214,1.202
2019-08-16,1.52,1.277,1.125,,1.095,1.127,1.172,1.15,1.142
2019-08-19,1.51,1.28,1.126,,1.093,1.131,1.184,1.179,1.171
2019-08-20,1.51,1.284,1.124,,1.101,1.142,1.198,1.189,1.183
2019-08-21,1.51,1.296,1.15,,1.156,1.222,1.277,1.264,1.265
2019-08-22,1.52,1.28,1.108,,1.13,1.183,1.229,1.24,1.242
2019-08-23,1.53,1.282,1.113,,1.169,1.219,1.261,1.27,1.27
2019-08-26,1.53,1.273,1.08,,1.121,1.147,1.191,1.21,1.21
2019-08-27,1.53,1.28,1.114,,1.171,1.198,1.238,1.262,1.263
2019-08-28,1.51,1.282,1.118,,1.18,1.208,1.244,1.254,1.254
2019-08-29,1.51,1.277,1.115,,1.167,1.216,1.248,1.258,1.256
2019-08-30,1.54,1.277,1.122,,1.168,1.232,1.276,1.272,1.268
2019-09-02,1.5,1.284,1.154,,1.233,1.297,1.344,1.342,1.337
2019-09-03,1.5,1.282,1.15,,1.228,1.29,1.331,1.326,1.31
2019-09-04,1.49,1.281,1.157,,1.241,1.3,1.344,1.328,1.311
2019-09-05,1.5,1.291,1.171,,1.259,1.324,1.367,1.35,1.333
2019-09-06,1.53,1.293,1.174,,1.265,1.33,1.381,1.362,1.34
2019-09-09,1.56,1.29,1.172,,1.235,1.302,1.353,1.326,1.306
2019-09-10,1.51,1.291,1.188,,1.242,1.293,1.37,1.288,1.304
2019-09-11,1.49,1.294,1.202,,1.258,1.315,1.397,1.299,1.323
2019-09-16,1.52,1.318,1.27,,1.348,1.438,1.536,1.459,1.486
2019-09-17,1.52,1.297,1.251,,1.315,1.408,1.5,1.443,1.459
2019-09-18,1.5,1.291,1.254,,1.309,1.391,1.468,1.422,1.425
2019-09-19,1.5,1.295,1.269,,1.329,1.391,1.463,1.411,1.417
2019-09-20,1.51,1.294,1.269,,1.332,1.397,1.455,1.415,1.423
2019-09-23,1.51,1.297,1.277,,1.331,1.402,1.462,1.45,1.428
2019-09-24,1.51,1.294,1.277,,1.325,1.393,1.454,1.436,1.415
2019-09-25,1.53,1.29,1.272,,1.304,1.364,1.424,1.415,1.394
2019-09-26,1.53,1.293,1.272,,1.301,1.366,1.433,1.422,1.402
2019-09-27,1.54,1.295,1.273,,1.301,1.361,1.438,1.416,1.396
2019-09-30,1.58,1.297,1.275,,1.297,1.352,1.456,1.431,1.42
2019-10-01,1.55,1.311,1.287,,1.323,1.381,1.498,1.479,1.465
2019-10-02,1.51,1.309,1.283,,1.303,1.368,1.497,1.478,1.46
2019-10-04,1.52,1.278,1.243,,1.21,1.249,1.373,1.371,1.363
2019-10-07,1.46,1.288,1.259,,1.232,1.277,1.386,1.386,1.378
2019-10-08,1.48,1.298,1.267,,1.264,1.311,1.429,1.425,1.412
2019-10-10,1.51,1.3,1.271,,1.276,1.337,1.459,1.452,1.442
2019-10-11,1.55,1.301,1.272,,1.281,1.35,1.488,1.478,1.471
2019-10-14,1.53,1.299,1.273,,1.281,1.358,1.488,1.473,1.462
2019-10-15,1.52,1.294,1.272,,1.281,1.362,1.499,1.493,1.48
2019-10-16,1.28,1.294,1.276,,1.32,1.399,1.53,1.514,1.5
2019-10-17,1.25,1.301,1.285,,1.375,1.454,1.578,1.556,1.535
2019-10-18,1.25,1.301,1.283,,1.375,1.46,1.587,1.569,1.545
2019-10-21,1.25,1.311,1.3,,1.408,1.515,1.66,1.649,1.627
2019-10-22,1.24,1.301,1.293,,1.379,1.49,1.655,1.656,1.643
2019-10-23,1.24,1.303,1.299,,1.388,1.493,1.654,1.661,1.648
2019-10-24,1.23,1.308,1.311,,1.396,1.497,1.641,1.649,1.642
2019-10-25,1.24,1.316,1.334,,1.435,1.538,1.677,1.677,1.677
2019-10-28,1.24,1.34,1.369,,1.523,1.629,1.765,1.757,1.746
2019-10-29,1.24,1.331,1.36,,1.499,1.621,1.777,1.768,1.759
2019-10-30,1.26,1.326,1.359,,1.481,1.601,1.753,1.738,1.727
2019-10-31,1.29,1.322,1.359,,1.466,1.583,1.728,1.696,1.69
2019-11-01,1.25,1.323,1.364,,1.467,1.592,1.732,1.704,1.693
2019-11-04,1.25,1.326,1.387,,1.55,1.677,1.827,1.781,1.767
2019-11-05,1.25,1.313,1.371,,1.522,1.659,1.817,1.779,1.767
2019-11-06,1.24,1.314,1.377,,1.53,1.665,1.82,1.785,1.77
2019-11-07,1.26,1.316,1.38,,1.541,1.668,1.822,1.784,1.764
2019-11-08,1.28,1.308,1.374,,1.518,1.644,1.803,1.768,1.742
2019-11-11,1.3,1.309,1.372,,1.5,1.625,1.788,1.756,1.733
2019-11-12,1.32,1.321,1.394,,1.564,1.674,1.842,1.798,1.766
2019-11-13,1.32,1.316,1.388,,1.51,1.616,1.787,1.746,1.711
2019-11-14,1.3,1.319,1.392,,1.515,1.61,1.785,1.745,1.707
2019-11-15,1.3,1.321,1.395,,1.513,1.604,1.79,1.749,1.717
2019-11-18,1.3,1.321,1.405,,1.518,1.594,1.781,1.743,1.711
2019-11-19,1.29,1.318,1.399,,1.485,1.564,1.734,1.708,1.676
2019-11-20,1.3,1.316,1.38,,1.45,1.519,1.671,1.643,1.615
2019-11-21,1.29,1.32,1.39,,1.462,1.532,1.672,1.617,1.588
2019-11-22,1.29,1.331,1.391,,1.456,1.541,1.687,1.627,1.604
2019-11-25,1.27,1.342,1.401,,1.475,1.577,1.725,1.677,1.64
2019-11-26,1.27,1.342,1.399,,1.475,1.564,1.707,1.658,1.623
2019-11-27,1.26,1.34,1.39,,1.456,1.528,1.671,1.604,1.567
2019-11-28,1.25,1.336,1.382,,1.43,1.519,1.667,1.627,1.588
2019-11-29,1.28,1.326,1.365,,1.385,1.475,1.63,1.595,1.554
2019-12-02,1.25,1.339,1.376,,1.425,1.522,1.688,1.647,1.609
2019-12-03,1.24,1.342,1.382,,1.46,1.553,1.736,1.695,1.656
2019-12-04,1.24,1.333,1.36,,1.406,1.48,1.657,1.631,1.589
2019-12-05,1.25,1.337,1.37,,1.423,1.493,1.661,1.623,1.59
2019-12-06,1.24,1.339,1.371,,1.43,1.511,1.68,1.627,1.595
2019-12-09,1.26,1.335,1.363,,1.412,1.488,1.664,1.612,1.579
2019-12-10,1.28,1.333,1.351,,1.39,1.478,1.616,1.569,1.525
2019-12-11,1.26,1.331,1.345,,1.381,1.475,1.621,1.573,1.53
2019-12-12,1.3,1.331,1.343,,1.382,1.473,1.619,1.596,1.553
2019-12-13,1.3,1.341,1.352,,1.402,1.498,1.649,1.605,1.565
2019-12-16,1.29,1.332,1.341,,1.369,1.46,1.612,1.57,1.535
2019-12-17,1.28,1.33,1.34,,1.363,1.45,1.605,1.579,1.545
2019-12-18,1.28,1.329,1.336,,1.357,1.444,1.606,1.586,1.55
2019-12-19,1.29,1.33,1.347,,1.383,1.467,1.655,1.638,1.607
2019-12-20,1.28,1.331,1.349,,1.392,1.474,1.673,1.659,1.637
2019-12-23,1.29,1.33,1.342,,1.38,1.462,1.642,1.643,1.613
2019-12-24,1.3,1.329,1.339,,1.37,1.452,1.631,1.631,1.605
2019-12-26,1.31,1.328,1.336,,1.367,1.467,1.641,1.639,1.611
2019-12-27,1.31,1.329,1.337,,1.37,1.485,1.683,1.693,1.683
2019-12-30,1.31,1.325,1.335,,1.36,1.48,1.683,1.69,1.682
2019-12-31,1.39,1.325,1.335,,1.36,1.48,1.683,1.691,1.682
2020-01-02,1.3,1.311,1.319,,1.327,1.441,1.638,1.661,1.652
2020-01-03,1.27,1.295,1.299,,1.27,1.361,1.555,1.601,1.586
2020-01-06,1.29,1.295,1.295,,1.277,1.345,1.541,1.587,1.567
2020-01-07,1.27,1.302,1.312,,1.331,1.42,1.613,1.642,1.624
2020-01-08,1.25,1.299,1.319,,1.363,1.46,1.63,1.643,1.615
2020-01-09,1.28,1.307,1.326,,1.416,1.516,1.687,1.672,1.635
2020-01-10,1.28,1.311,1.33,,1.425,1.546,1.706,1.695,1.66
2020-01-13,1.29,1.305,1.328,,1.418,1.55,1.729,1.717,1.669
2020-01-14,1.27,1.293,1.317,,1.386,1.513,1.716,1.714,1.67
2020-01-15,1.27,1.293,1.32,,1.391,1.502,1.695,1.702,1.66
2020-01-16,1.27,1.3,1.333,,1.426,1.536,1.701,1.685,1.636
2020-01-17,1.28,1.302,1.341,,1.433,1.553,1.741,1.723,1.676
2020-01-20,1.28,1.316,1.355,,1.455,1.583,1.762,1.759,1.716
2020-01-21,1.29,1.303,1.33,,1.395,1.514,1.689,1.709,1.673
2020-01-22,1.28,1.313,1.345,,1.437,1.55,1.723,1.729,1.697
2020-01-23,1.28,1.307,1.338,,1.424,1.537,1.704,1.722,1.694
2020-01-28,1.26,1.27,1.295,,1.352,1.45,1.603,1.631,1.621
2020-01-29,1.25,1.263,1.286,,1.33,1.428,1.582,1.612,1.598
2020-01-30,1.24,1.255,1.265,,1.301,1.39,1.553,1.581,1.568
2020-01-31,1.25,1.254,1.264,,1.303,1.387,1.558,1.588,1.581
2020-02-03,1.22,1.245,1.256,,1.291,1.373,1.547,1.581,1.562
2020-02-04,1.22,1.257,1.272,,1.331,1.442,1.628,1.655,1.638
2020-02-05,1.23,1.245,1.259,,1.307,1.412,1.601,1.628,1.607
2020-02-06,1.23,1.243,1.257,,1.311,1.428,1.63,1.643,1.622
2020-02-07,1.22,1.234,1.238,,1.28,1.398,1.601,1.628,1.615
2020-02-10,1.24,1.235,1.242,,1.296,1.41,1.603,1.618,1.613
2020-02-11,1.26,1.233,1.241,,1.299,1.408,1.602,1.61,1.603
2020-02-12,1.26,1.235,1.242,,1.297,1.421,1.613,1.616,1.605
2020-02-13,1.26,1.231,1.235,,1.275,1.404,1.609,1.623,1.617
2020-02-14,1.24,1.247,1.268,,1.33,1.454,1.653,1.653,1.643
2020-02-17,1.24,1.246,1.264,,1.32,1.435,1.622,1.643,1.633
2020-02-18,1.23,1.226,1.237,,1.271,1.381,1.56,1.578,1.581
2020-02-19,1.24,1.225,1.237,,1.284,1.38,1.559,1.567,1.568
2020-02-20,1.23,1.203,1.209,,1.234,1.331,1.515,1.537,1.548
2020-02-21,1.23,1.173,1.168,,1.182,1.267,1.443,1.472,1.484
2020-02-24,1.24,1.136,1.129,,1.139,1.236,1.416,1.44,1.448
2020-02-25,1.25,1.138,1.139,,1.171,1.263,1.429,1.443,1.447
2020-02-26,1.25,1.122,1.119,,1.135,1.232,1.395,1.424,1.429
2020-02-27,1.23,1.154,1.154,,1.194,1.29,1.443,1.479,1.48
2020-02-28,1.26,1.117,1.113,,1.104,1.18,1.333,1.384,1.397
2020-03-02,1.26,1.119,1.121,,1.128,1.211,1.372,1.415,1.425
2020-03-03,1.26,1.116,1.117,,1.11,1.198,1.371,1.432,1.439
2020-03-04,1.25,1.052,1.038,,1.029,1.116,1.299,1.393,1.398
2020-03-05,1.25,1.057,1.046,,1.051,1.143,1.337,1.412,1.425
2020-03-06,1.24,1.057,1.051,,1.078,1.182,1.37,1.434,1.455
2020-03-09,1.26,1.033,1.014,,1.038,1.127,1.286,1.334,1.35
2020-03-10,1.25,1.052,1.033,,1.082,1.183,1.355,1.386,1.4
2020-03-11,1.24,1.045,1.032,,1.086,1.194,1.369,1.413,1.421
2020-03-12,1.25,1.044,1.022,,1.062,1.187,1.387,1.438,1.448
2020-03-13,1.25,1.077,1.073,,1.149,1.314,1.57,1.576,1.591
2020-03-16,1.27,1.016,1.02,,1.099,1.268,1.524,1.54,1.547
2020-03-17,0.76,0.923,0.981,,1.03,1.196,1.441,1.483,1.482
2020-03-18,0.73,0.918,0.982,,1.05,1.256,1.502,1.54,1.535
2020-03-19,0.72,0.966,1.066,,1.193,1.434,1.657,1.67,1.654
2020-03-20,0.73,0.949,1.019,,1.107,1.388,1.611,1.663,1.645
2020-03-23,0.73,0.964,1.041,,1.153,1.462,1.718,1.802,1.768
2020-03-24,0.72,0.951,1.015,,1.127,1.43,1.708,1.78,1.767
2020-03-25,0.73,0.941,1.013,,1.131,1.408,1.647,1.749,1.732
2020-03-26,0.73,0.926,0.995,,1.067,1.285,1.502,1.599,1.589
2020-03-27,0.75,0.9,0.993,,1.06,1.266,1.532,1.622,1.636
2020-03-30,0.76,0.904,1.005,,1.098,1.316,1.562,1.665,1.661
2020-03-31,0.8,0.899,0.989,,1.07,1.296,1.551,1.671,1.669
2020-04-01,0.76,0.893,0.984,,1.092,1.326,1.545,1.662,1.661
2020-04-02,0.74,0.868,0.959,,1.059,1.303,1.518,1.639,1.645
2020-04-03,0.73,0.846,0.95,,1.066,1.329,1.548,1.651,1.668
2020-04-06,0.75,0.805,0.928,,1.052,1.302,1.543,1.628,1.64
2020-04-07,0.74,0.77,0.911,,1.047,1.318,1.58,1.661,1.67
2020-04-08,0.73,0.745,0.891,,1.024,1.264,1.511,1.598,1.608
2020-04-09,0.73,0.729,0.862,,0.986,1.202,1.438,1.535,1.544
2020-04-10,0.73,0.725,0.856,,0.97,1.194,1.444,1.534,1.537
2020-04-13,0.75,0.725,0.867,,0.996,1.225,1.469,1.561,1.558
2020-04-14,0.74,0.725,0.871,,0.996,1.225,1.464,1.567,1.572
2020-04-16,0.73,0.722,0.868,,0.982,1.184,1.411,1.533,1.547
2020-04-17,0.74,0.734,0.879,,1.006,1.219,1.438,1.564,1.577
2020-04-20,0.75,0.729,0.876,,1.013,1.217,1.444,1.562,1.577
2020-04-21,0.75,0.742,0.886,,1.035,1.23,1.458,1.575,1.596
2020-04-22,0.74,0.746,0.893,,1.046,1.269,1.532,1.627,1.652
2020-04-23,0.74,0.74,0.884,,1.036,1.291,1.545,1.635,1.655
2020-04-24,0.74,0.738,0.873,,1.018,1.277,1.546,1.636,1.659
2020-04-27,0.73,0.739,0.878,,1.026,1.288,1.576,1.673,1.692
2020-04-28,0.73,0.739,0.879,,1.033,1.288,1.56,1.679,1.694
2020-04-29,0.76,0.731,0.872,,1.006,1.246,1.518,1.634,1.656
2020-05-04,0.71,0.72,0.856,,0.975,1.215,1.499,1.622,1.645
2020-05-06,0.72,0.718,0.845,,0.96,1.224,1.508,1.632,1.662
2020-05-07,0.71,0.707,0.834,,0.946,1.209,1.48,1.598,1.62
2020-05-08,0.72,0.695,0.819,,0.914,1.166,1.426,1.54,1.558
2020-05-11,0.73,0.697,0.821,,0.926,1.186,1.462,1.563,1.572
2020-05-12,0.73,0.675,0.799,,0.886,1.142,1.424,1.535,1.546
2020-05-13,0.72,0.664,0.78,,0.856,1.111,1.392,1.499,1.511
2020-05-14,0.72,0.669,0.786,,0.869,1.122,1.381,1.489,1.499
2020-05-15,0.71,0.67,0.784,,0.874,1.118,1.383,1.492,1.505
2020-05-18,0.71,0.675,0.783,,0.887,1.128,1.394,1.509,1.518
2020-05-19,0.73,0.673,0.781,,0.876,1.132,1.391,1.51,1.519
2020-05-20,0.72,0.671,0.772,,0.868,1.111,1.358,1.487,1.5
2020-05-21,0.73,0.67,0.768,,0.856,1.097,1.342,1.47,1.482
2020-05-22,0.72,0.661,0.755,,0.837,1.082,1.347,1.472,1.49
2020-05-25,0.72,0.656,0.743,,0.815,1.05,1.316,1.454,1.481
2020-05-26,0.72,0.661,0.743,,0.839,1.08,1.328,1.454,1.483
2020-05-27,0.74,0.662,0.749,,0.863,1.096,1.34,1.455,1.483
2020-05-28,0.49,0.608,0.7,,0.818,1.076,1.343,1.46,1.49
2020-05-29,0.49,0.597,0.692,,0.826,1.097,1.374,1.499,1.528
2020-06-01,0.49,0.592,0.689,,0.831,1.119,1.395,1.526,1.558
2020-06-02,0.47,0.588,0.692,,0.851,1.127,1.378,1.533,1.572
2020-06-03,0.47,0.596,0.708,,0.866,1.15,1.426,1.546,1.585
2020-06-04,0.46,0.603,0.723,,0.886,1.179,1.432,1.542,1.577
2020-06-05,0.47,0.608,0.73,,0.894,1.189,1.452,1.562,1.585
2020-06-08,0.46,0.61,0.732,,0.902,1.191,1.453,1.566,1.583
2020-06-09,0.5,0.606,0.722,,0.861,1.134,1.397,1.523,1.542
2020-06-10,0.49,0.607,0.72,,0.84,1.122,1.398,1.528,1.546
2020-06-11,0.49,0.605,0.718,,0.837,1.113,1.383,1.515,1.542
2020-06-12,0.46,0.611,0.721,,0.841,1.125,1.388,1.529,1.561
2020-06-15,0.46,0.621,0.736,,0.861,1.153,1.424,1.565,1.583
2020-06-16,0.46,0.623,0.736,,0.86,1.131,1.402,1.553,1.57
2020-06-17,0.47,0.631,0.749,,0.874,1.147,1.409,1.557,1.572
2020-06-18,0.46,0.623,0.73,,0.842,1.105,1.37,1.518,1.557
2020-06-19,0.46,0.624,0.725,,0.844,1.125,1.38,1.541,1.583
2020-06-22,0.47,0.625,0.725,,0.846,1.124,1.39,1.571,1.599
2020-06-23,0.47,0.615,0.709,,0.827,1.109,1.385,1.565,1.594
2020-06-24,0.48,0.613,0.707,,0.819,1.09,1.363,1.552,1.579
2020-06-25,0.47,0.611,0.706,,0.817,1.083,1.344,1.542,1.57
2020-06-26,0.5,0.611,0.701,,0.811,1.071,1.327,1.526,1.551
2020-06-29,0.49,0.621,0.717,,0.842,1.095,1.365,1.558,1.587
2020-06-30,0.57,0.624,0.716,,0.842,1.111,1.373,1.577,1.601
2020-07-01,0.48,0.623,0.712,,0.847,1.132,1.402,1.587,1.603
2020-07-02,0.47,0.611,0.701,,0.831,1.114,1.377,1.571,1.59
2020-07-03,0.5,0.613,0.703,,0.838,1.115,1.387,1.575,1.595
2020-07-06,0.49,0.616,0.71,,0.854,1.136,1.41,1.588,1.608
2020-07-07,0.45,0.607,0.701,,0.843,1.116,1.388,1.565,1.579
2020-07-08,0.48,0.603,0.698,,0.839,1.105,1.377,1.55,1.565
2020-07-09,0.48,0.604,0.702,,0.84,1.116,1.391,1.564,1.577
2020-07-10,0.49,0.604,0.703,,0.849,1.125,1.397,1.57,1.579
2020-07-13,0.5,0.61,0.71,,0.86,1.146,1.42,1.591,1.598
2020-07-14,0.48,0.609,0.704,,0.854,1.149,1.418,1.594,1.602
2020-07-15,0.47,0.606,0.7,,0.847,1.148,1.414,1.598,1.601
2020-07-16,0.49,0.598,0.691,,0.829,1.112,1.378,1.581,1.585
2020-07-17,0.46,0.589,0.682,,0.812,1.08,1.348,1.563,1.57
2020-07-20,0.44,0.582,0.674,,0.801,1.066,1.334,1.535,1.55
2020-07-21,0.46,0.588,0.684,,0.818,1.084,1.356,1.556,1.567
2020-07-22,0.45,0.582,0.68,,0.81,1.071,1.346,1.548,1.557
2020-07-23,0.46,0.574,0.672,,0.798,1.048,1.318,1.514,1.524
2020-07-24,0.48,0.574,0.671,,0.799,1.049,1.305,1.497,1.503
2020-07-27,0.49,0.575,0.671,,0.803,1.053,1.304,1.491,1.493
2020-07-28,0.47,0.58,0.677,,0.813,1.074,1.329,1.506,1.504
2020-07-29,0.48,0.578,0.673,,0.811,1.063,1.309,1.496,1.495
2020-07-30,0.49,0.57,0.664,,0.799,1.037,1.281,1.487,1.491
2020-07-31,0.51,0.57,0.658,,0.796,1.031,1.296,1.493,1.501
2020-08-03,0.51,0.57,0.655,,0.799,1.04,1.306,1.515,1.521
2020-08-04,0.5,0.572,0.657,,0.802,1.055,1.306,1.525,1.534
2020-08-05,0.48,0.569,0.649,,0.795,1.045,1.293,1.51,1.524
2020-08-06,0.49,0.569,0.653,,0.807,1.053,1.306,1.511,1.525
2020-08-07,0.5,0.571,0.655,,0.81,1.058,1.319,1.514,1.529
2020-08-10,0.47,0.581,0.668,,0.83,1.095,1.363,1.552,1.56
2020-08-11,0.47,0.578,0.664,,0.818,1.077,1.345,1.539,1.546
2020-08-12,0.49,0.584,0.672,,0.827,1.087,1.373,1.557,1.562
2020-08-13,0.49,0.581,0.667,,0.815,1.075,1.362,1.546,1.548
2020-08-14,0.52,0.586,0.673,,0.828,1.096,1.396,1.573,1.574
2020-08-18,0.52,0.582,0.664,,0.81,1.07,1.357,1.547,1.548
2020-08-19,0.51,0.582,0.662,,0.805,1.061,1.347,1.541,1.541
2020-08-20,0.5,0.588,0.667,,0.813,1.08,1.379,1.56,1.575
2020-08-21,0.53,0.599,0.683,,0.854,1.126,1.41,1.582,1.593
2020-08-24,0.53,0.59,0.67,,0.824,1.093,1.378,1.569,1.579
2020-08-25,0.52,0.594,0.672,,0.825,1.1,1.387,1.579,1.592
2020-08-26,0.53,0.602,0.677,,0.835,1.114,1.404,1.59,1.601
2020-08-27,0.5,0.605,0.682,,0.852,1.132,1.421,1.595,1.604
2020-08-28,0.49,0.624,0.701,,0.893,1.175,1.486,1.642,1.649
2020-08-31,0.55,0.641,0.722,,0.94,1.21,1.516,1.666,1.663
2020-09-01,0.52,0.662,0.746,,0.977,1.273,1.582,1.729,1.722
2020-09-02,0.49,0.646,0.72,,0.923,1.228,1.539,1.7,1.686
2020-09-03,0.48,0.646,0.721,,0.919,1.218,1.524,1.694,1.683
2020-09-04,0.48,0.65,0.731,,0.929,1.225,1.527,1.694,1.685
2020-09-07,0.49,0.664,0.748,,0.973,1.263,1.572,1.7,1.691
2020-09-08,0.43,0.653,0.733,,0.949,1.234,1.555,1.675,1.663
2020-09-09,0.48,0.637,0.71,,0.915,1.19,1.518,1.652,1.636
2020-09-10,0.47,0.634,0.708,,0.915,1.218,1.517,1.617,1.633
2020-09-11,0.49,0.641,0.714,,0.926,1.228,1.53,1.645,1.651
2020-09-14,0.47,0.64,0.709,,0.919,1.217,1.517,1.659,1.662
2020-09-15,0.46,0.633,0.699,,0.907,1.198,1.503,1.645,1.649
2020-09-16,0.46,0.63,0.7,,0.91,1.188,1.485,1.6,1.615
2020-09-17,0.46,0.634,0.705,,0.914,1.197,1.508,1.624,1.631
2020-09-18,0.47,0.632,0.7,,0.907,1.198,1.503,1.622,1.632
2020-09-21,0.46,0.632,0.699,,0.904,1.197,1.493,1.632,1.639
2020-09-22,0.49,0.628,0.694,,0.897,1.177,1.472,1.61,1.611
2020-09-23,0.47,0.623,0.686,,0.883,1.149,1.447,1.598,1.595
2020-09-24,0.49,0.617,0.674,,0.857,1.129,1.437,1.594,1.594
2020-09-25,0.48,0.617,0.674,,0.855,1.125,1.424,1.573,1.585
2020-09-28,0.48,0.613,0.668,,0.843,1.117,1.426,1.562,1.575
2020-09-29,0.55,0.614,0.668,,0.846,1.107,1.43,1.564,1.577
2020-10-05,0.47,0.628,0.679,,0.881,1.147,1.479,1.615,1.626
2020-10-06,0.46,0.639,0.687,,0.905,1.199,1.531,1.666,1.681
2020-10-07,0.48,0.633,0.685,,0.91,1.2,1.533,1.662,1.675
2020-10-08,0.53,0.631,0.683,,0.907,1.207,1.543,1.66,1.67
2020-10-12,0.54,0.635,0.69,,0.925,1.225,1.553,1.66,1.665
2020-10-13,0.54,0.633,0.689,,0.923,1.211,1.527,1.626,1.628
2020-10-14,0.5,0.628,0.68,,0.901,1.194,1.513,1.619,1.625
2020-10-15,0.47,0.621,0.671,,0.877,1.163,1.478,1.607,1.611
2020-10-16,0.47,0.627,0.674,,0.888,1.178,1.493,1.637,1.643
2020-10-19,0.48,0.625,0.673,,0.891,1.148,1.441,1.592,1.598
2020-10-20,0.49,0.631,0.679,,0.911,1.167,1.462,1.602,1.609
2020-10-21,0.52,0.638,0.685,,0.934,1.224,1.522,1.644,1.649
2020-10-22,0.53,0.633,0.68,,0.925,1.209,1.507,1.633,1.637
2020-10-23,0.55,0.631,0.675,,0.91,1.191,1.495,1.63,1.638
2020-10-26,0.56,0.63,0.673,,0.908,1.192,1.482,1.626,1.636
2020-10-27,0.56,0.636,0.677,,0.917,1.206,1.503,1.632,1.646
2020-10-28,0.49,0.634,0.674,,0.914,1.202,1.497,1.624,1.639
2020-10-29,0.48,0.636,0.678,,0.927,1.218,1.527,1.638,1.652
2020-10-30,0.52,0.637,0.68,,0.935,1.235,1.546,1.645,1.651
2020-11-02,0.48,0.65,0.698,,0.971,1.288,1.602,1.692,1.693
2020-11-03,0.47,0.654,0.702,,0.98,1.296,1.607,1.706,1.707
2020-11-04,0.46,0.648,0.693,,0.955,1.266,1.569,1.685,1.687
2020-11-05,0.46,0.638,0.681,,0.927,1.223,1.527,1.668,1.671
2020-11-06,0.51,0.643,0.689,,0.943,1.254,1.559,1.688,1.689
2020-11-09,0.5,0.646,0.694,,0.959,1.272,1.568,1.691,1.693
2020-11-10,0.49,0.652,0.704,,0.976,1.306,1.624,1.73,1.735
2020-11-11,0.48,0.655,0.71,,0.989,1.34,1.662,1.748,1.754
2020-11-12,0.48,0.646,0.701,,0.969,1.319,1.65,1.74,1.745
2020-11-13,0.48,0.642,0.699,,0.965,1.298,1.627,1.738,1.742
2020-11-16,0.48,0.643,0.7,,0.97,1.302,1.623,1.736,1.739
2020-11-17,0.49,0.643,0.698,,0.96,1.297,1.62,1.733,1.733
2020-11-18,0.48,0.64,0.693,,0.949,1.28,1.602,1.712,1.707
2020-11-19,0.49,0.642,0.695,,0.955,1.292,1.608,1.714,1.707
2020-11-20,0.49,0.645,0.699,,0.963,1.299,1.607,1.712,1.703
2020-11-23,0.51,0.641,0.692,,0.955,1.282,1.581,1.699,1.691
2020-11-24,0.52,0.645,0.699,,0.963,1.289,1.598,1.704,1.699
2020-11-25,0.51,0.65,0.707,,0.971,1.308,1.629,1.726,1.723
2020-11-26,0.53,0.654,0.713,,0.981,1.333,1.655,1.736,1.733
2020-11-27,0.52,0.65,0.712,,0.979,1.324,1.641,1.719,1.718
2020-11-30,0.6,0.655,0.716,,0.983,1.337,1.659,1.734,1.731
2020-12-01,0.51,0.654,0.715,,0.982,1.335,1.649,1.727,1.724
2020-12-02,0.48,0.654,0.716,,0.982,1.35,1.675,1.757,1.749
2020-12-03,0.48,0.652,0.714,,0.975,1.337,1.669,1.747,1.74
2020-12-04,0.48,0.65,0.71,,0.966,1.323,1.655,1.749,1.744
2020-12-07,0.46,0.648,0.709,,0.961,1.319,1.646,1.758,1.753
2020-12-08,0.45,0.648,0.708,,0.959,1.311,1.642,1.756,1.752
2020-12-09,0.48,0.651,0.71,,0.966,1.318,1.656,1.762,1.758
2020-12-10,0.49,0.651,0.71,,0.973,1.301,1.655,1.762,1.757
2020-12-11,0.5,0.653,0.713,,0.98,1.307,1.661,1.763,1.762
2020-12-14,0.5,0.654,0.715,,0.986,1.306,1.67,1.77,1.777
2020-12-15,0.49,0.654,0.715,,0.984,1.317,1.671,1.769,1.784
2020-12-16,0.49,0.659,0.719,,0.989,1.339,1.692,1.786,1.798
2020-12-17,0.48,0.665,0.726,,0.999,1.367,1.732,1.82,1.831
2020-12-18,0.48,0.661,0.722,,0.963,1.345,1.708,1.798,1.811
2020-12-21,0.51,0.658,0.72,,0.959,1.323,1.679,1.802,1.811
2020-12-22,0.52,0.649,0.715,,0.945,1.302,1.657,1.788,1.797
2020-12-23,0.56,0.643,0.71,,0.932,1.279,1.64,1.774,1.783
2020-12-24,0.55,0.657,0.722,,0.95,1.314,1.682,1.801,1.802
2020-12-28,0.55,0.659,0.728,,0.958,1.316,1.681,1.803,1.803
2020-12-29,0.54,0.665,0.736,,0.973,1.327,1.698,1.81,1.808
2020-12-30,0.57,0.668,0.741,,0.978,1.335,1.713,1.825,1.823
2020-12-31,0.61,0.668,0.741,,0.976,1.335,1.713,1.824,1.823
2021-01-04,0.53,0.649,0.726,,0.954,1.322,1.723,1.823,1.823
2021-01-05,0.48,0.632,0.706,,0.936,1.288,1.691,1.802,1.807
2021-01-06,0.48,0.611,0.709,,0.953,1.322,1.731,1.822,1.824
2021-01-07,0.49,0.606,0.706,,0.964,1.321,1.724,1.812,1.814
2021-01-08,0.48,0.587,0.707,,0.978,1.326,1.729,1.818,1.817
2021-01-11,0.51,0.574,0.7,,0.969,1.301,1.692,1.79,1.802
2021-01-12,0.48,0.553,0.702,,0.976,1.315,1.718,1.805,1.816
2021-01-13,0.49,0.543,0.7,,0.979,1.31,1.719,1.803,1.811
2021-01-14,0.49,0.539,0.701,,0.988,1.324,1.734,1.817,1.82
2021-01-15,0.5,0.525,0.699,,0.973,1.314,1.731,1.825,1.828
2021-01-18,0.51,0.52,0.692,,0.968,1.303,1.714,1.819,1.819
2021-01-19,0.48,0.518,0.688,,0.974,1.297,1.711,1.825,1.824
2021-01-20,0.48,0.518,0.686,,0.976,1.281,1.703,1.828,1.825
2021-01-21,0.48,0.518,0.682,,0.971,1.283,1.706,1.828,1.827
2021-01-22,0.49,0.519,0.689,,0.993,1.326,1.758,1.867,1.869
2021-01-25,0.48,0.523,0.689,,1.006,1.353,1.78,1.888,1.893
2021-01-26,0.51,0.522,0.688,,1.007,1.348,1.77,1.901,1.903
2021-01-27,0.45,0.517,0.681,,0.982,1.335,1.757,1.893,1.893
2021-01-28,0.46,0.514,0.677,,0.977,1.329,1.764,1.898,1.902
2021-01-29,0.52,0.512,0.67,,0.971,1.32,1.768,1.899,1.907
2021-02-01,0.49,0.52,0.678,,0.994,1.346,1.803,1.951,1.958
2021-02-02,0.47,0.516,0.67,,0.98,1.314,1.758,1.917,1.924
2021-02-03,0.45,0.513,0.669,,0.978,1.316,1.768,1.917,1.927
2021-02-04,0.47,0.513,0.67,,0.984,1.324,1.793,1.925,1.931
2021-02-05,0.46,0.512,0.67,,0.982,1.311,1.791,1.935,1.942
2021-02-08,0.48,0.514,0.677,,1.001,1.327,1.822,1.98,1.985
2021-02-09,0.49,0.51,0.67,,0.99,1.319,1.813,1.968,1.975
2021-02-10,0.49,0.511,0.673,,0.995,1.337,1.831,1.965,1.974
2021-02-15,0.49,0.509,0.675,,0.998,1.362,1.871,2.004,2.012
2021-02-16,0.5,0.503,0.668,,0.984,1.337,1.85,1.986,1.994
2021-02-17,0.47,0.504,0.669,,0.986,1.344,1.862,1.993,2.006
2021-02-18,0.49,0.503,0.668,,0.985,1.33,1.854,1.983,1.992
2021-02-19,0.51,0.503,0.669,,0.996,1.344,1.875,1.997,2.005
2021-02-22,0.5,0.508,0.675,,1.02,1.389,1.922,2.027,2.034
2021-02-23,0.49,0.503,0.673,,1.02,1.386,1.906,2.024,2.025
2021-02-24,0.5,0.497,0.668,,1.006,1.356,1.851,1.978,1.979
2021-02-25,0.52,0.495,0.665,,0.995,1.374,1.884,2.003,2.004
2021-02-26,0.59,0.499,0.673,,1.02,1.449,1.96,2.044,2.055
2021-03-02,0.47,0.497,0.671,,1.021,1.45,1.966,2.075,2.078
2021-03-03,0.47,0.497,0.669,,1.019,1.423,1.951,2.068,2.074
2021-03-04,0.45,0.498,0.672,,1.03,1.422,1.972,2.086,2.092
2021-03-05,0.47,0.498,0.679,,1.066,1.438,1.992,2.115,2.12
2021-03-08,0.48,0.501,0.687,,1.139,1.497,2.028,2.118,2.124
2021-03-09,0.52,0.506,0.695,,1.206,1.592,2.034,2.115,2.113
2021-03-10,0.49,0.5,0.689,1.013,1.182,1.566,2.036,2.119,2.118
2021-03-11,0.5,0.5,0.684,0.985,1.179,1.525,2.027,2.108,2.103
2021-03-12,0.53,0.504,0.688,0.99,1.223,1.596,2.092,2.164,2.16
2021-03-15,0.51,0.505,0.691,0.983,1.238,1.621,2.152,2.19,2.187
2021-03-16,0.47,0.5,0.685,0.904,1.177,1.602,2.098,2.158,2.151
2021-03-17,0.46,0.501,0.686,0.886,1.177,1.639,2.134,2.181,2.166
2021-03-18,0.48,0.499,0.682,0.875,1.133,1.63,2.15,2.153,2.136
2021-03-19,0.47,0.502,0.687,0.894,1.146,1.578,2.099,2.106,2.084
2021-03-22,0.47,0.502,0.686,0.922,1.13,1.615,2.057,2.08,2.057
2021-03-23,0.49,0.501,0.687,0.928,1.132,1.586,2.032,2.072,2.05
2021-03-24,0.47,0.5,0.682,0.93,1.115,1.537,1.992,2.045,2.015
2021-03-25,0.51,0.5,0.681,0.908,1.089,1.509,1.967,2.062,2.032
2021-03-26,0.48,0.501,0.684,0.917,1.117,1.532,2.005,2.078,2.055
2021-03-29,0.47,0.501,0.686,0.921,1.119,1.53,1.98,2.085,2.065
2021-03-30,0.49,0.504,0.692,0.943,1.155,1.607,2.063,2.145,2.13
2021-03-31,0.59,0.504,0.69,0.911,1.133,1.601,2.057,2.169,2.15
2021-04-01,0.45,0.504,0.693,0.915,1.138,1.58,2.023,2.157,2.142
2021-04-02,0.44,0.504,0.693,0.911,1.151,1.575,2.049,2.187,2.173
2021-04-05,0.45,0.505,0.697,0.948,1.202,1.636,2.094,2.246,2.235
2021-04-06,0.46,0.494,0.684,0.928,1.181,1.606,2.069,2.23,2.221
2021-04-07,0.48,0.493,0.68,0.936,1.181,1.584,2.064,2.23,2.219
2021-04-08,0.46,0.489,0.671,0.918,1.152,1.543,2.012,2.15,2.145
2021-04-09,0.49,0.49,0.667,0.93,1.168,1.578,2.029,2.123,2.121
2021-04-12,0.53,0.488,0.657,0.912,1.14,1.55,2.003,2.112,2.108
2021-04-13,0.52,0.487,0.656,0.928,1.138,1.562,2.027,2.132,2.127
2021-04-14,0.48,0.485,0.648,0.905,1.102,1.524,1.99,2.104,2.093
2021-04-15,0.48,0.489,0.658,0.93,1.147,1.57,2.02,2.102,2.092
2021-04-16,0.48,0.488,0.657,0.928,1.154,1.582,2.023,2.095,2.08
2021-04-19,0.49,0.485,0.651,0.917,1.129,1.548,1.981,2.071,2.06
2021-04-20,0.47,0.484,0.649,0.921,1.134,1.568,2.003,2.093,2.086
2021-04-21,0.48,0.478,0.642,0.905,1.11,1.554,2.005,2.098,2.087
2021-04-22,0.49,0.477,0.641,0.905,1.105,1.544,1.989,2.096,2.081
2021-04-23,0.5,0.479,0.644,0.911,1.12,1.573,2.043,2.133,2.12
2021-04-26,0.47,0.479,0.642,0.91,1.119,1.602,2.089,2.173,2.157
2021-04-27,0.47,0.476,0.638,0.907,1.097,1.584,2.071,2.168,2.161
2021-04-28,0.48,0.475,0.639,0.922,1.105,1.604,2.082,2.177,2.176
2021-04-29,0.48,0.475,0.64,0.936,1.121,1.601,2.098,2.198,2.194
2021-04-30,0.49,0.476,0.642,0.948,1.141,1.63,2.128,2.251,2.255
2021-05-03,0.42,0.477,0.642,0.951,1.149,1.636,2.124,2.263,2.257
2021-05-04,0.49,0.476,0.639,0.949,1.158,1.643,2.13,2.241,2.236
2021-05-06,0.47,0.472,0.627,0.927,1.14,1.629,2.102,2.228,2.227
2021-05-07,0.47,0.474,0.624,0.928,1.137,1.643,2.123,2.241,2.239
2021-05-10,0.47,0.474,0.619,0.931,1.136,1.635,2.134,2.251,2.251
2021-05-11,0.47,0.473,0.612,0.925,1.128,1.627,2.139,2.253,2.251
2021-05-12,0.47,0.475,0.61,0.932,1.121,1.625,2.125,2.227,2.226
2021-05-13,0.46,0.475,0.61,0.929,1.123,1.651,2.156,2.248,2.243
2021-05-14,0.49,0.472,0.609,0.93,1.116,1.651,2.158,2.256,2.252
2021-05-17,0.48,0.469,0.6,0.915,1.107,1.624,2.117,2.232,2.226
2021-05-18,0.48,0.469,0.599,0.903,1.099,1.625,2.118,2.245,2.237
2021-05-20,0.49,0.468,0.598,0.909,1.103,1.642,2.135,2.252,2.244
2021-05-21,0.5,0.465,0.593,0.898,1.095,1.629,2.123,2.254,2.245
2021-05-24,0.48,0.469,0.593,0.91,1.116,1.651,2.12,2.259,2.254
2021-05-25,0.47,0.47,0.593,0.924,1.142,1.654,2.129,2.263,2.26
2021-05-26,0.49,0.47,0.597,0.95,1.161,1.672,2.128,2.254,2.253
2021-05-27,0.43,0.468,0.591,0.925,1.124,1.638,2.111,2.254,2.257
2021-05-28,0.48,0.477,0.611,0.957,1.162,1.673,2.132,2.266,2.271
2021-05-31,0.51,0.482,0.633,0.995,1.227,1.739,2.179,2.294,2.292
2021-06-01,0.49,0.473,0.629,0.984,1.213,1.726,2.186,2.284,2.28
2021-06-02,0.47,0.474,0.632,0.997,1.206,1.731,2.202,2.292,2.289
2021-06-03,0.46,0.47,0.631,0.996,1.191,1.715,2.195,2.294,2.289
2021-06-04,0.48,0.469,0.639,1.03,1.22,1.724,2.173,2.271,2.266
2021-06-07,0.46,0.469,0.643,1.037,1.201,1.699,2.156,2.258,2.247
2021-06-08,0.45,0.467,0.644,1.04,1.174,1.657,2.116,2.227,2.222
2021-06-09,0.48,0.467,0.653,1.031,1.137,1.623,2.103,2.209,2.199
2021-06-10,0.49,0.472,0.719,1.14,1.282,1.638,2.085,2.185,2.178
2021-06-11,0.5,0.475,0.761,1.165,1.276,1.658,2.101,2.191,2.185
2021-06-14,0.47,0.478,0.814,1.139,1.287,1.671,2.096,2.194,2.187
2021-06-15,0.47,0.484,0.849,1.175,1.307,1.693,2.071,2.167,2.158
2021-06-16,0.47,0.486,0.879,1.17,1.286,1.686,2.07,2.153,2.138
2021-06-17,0.48,0.495,0.897,1.181,1.327,1.71,2.079,2.146,2.131
2021-06-18,0.51,0.499,0.889,1.184,1.313,1.678,2.041,2.13,2.114
2021-06-21,0.56,0.513,0.888,1.19,1.351,1.674,2.006,2.092,2.074
2021-06-22,0.56,0.51,0.877,1.176,1.331,1.684,2.05,2.147,2.137
2021-06-23,0.53,0.512,0.869,1.17,1.338,1.677,2.041,2.156,2.147
2021-06-24,0.53,0.526,0.888,1.212,1.384,1.706,2.06,2.158,2.147
2021-06-25,0.57,0.545,0.908,1.289,1.441,1.764,2.1,2.193,2.192
2021-06-28,0.59,0.581,0.943,1.324,1.47,1.793,2.137,2.221,2.213
2021-06-29,0.58,0.598,0.958,1.315,1.459,1.765,2.109,2.21,2.204
2021-06-30,0.63,0.609,0.955,1.3,1.448,1.739,2.092,2.199,2.196
2021-07-01,0.53,0.619,0.955,1.301,1.469,1.756,2.09,2.178,2.168
2021-07-02,0.51,0.625,0.956,1.304,1.484,1.781,2.101,2.174,2.169
2021-07-05,0.47,0.621,0.941,1.288,1.462,1.751,2.089,2.161,2.15
2021-07-06,0.4,0.618,0.937,1.301,1.465,1.768,2.119,2.184,2.178
2021-07-07,0.48,0.602,0.904,1.252,1.41,1.699,2.039,2.12,2.112
2021-07-08,0.51,0.585,0.866,1.208,1.358,1.656,2.002,2.08,2.071
2021-07-09,0.52,0.58,0.857,1.2,1.375,1.684,2.033,2.1,2.09
2021-07-12,0.52,0.574,0.852,1.197,1.384,1.688,2.022,2.096,2.085
2021-07-13,0.58,0.578,0.857,1.225,1.424,1.719,2.035,2.08,2.071
2021-07-14,0.59,0.573,0.85,1.196,1.39,1.689,2.008,2.065,2.054
2021-07-15,0.59,0.594,0.906,1.313,1.497,1.753,2.024,2.081,2.066
2021-07-16,0.56,0.599,0.922,1.297,1.451,1.718,2.008,2.073,2.061
2021-07-19,0.54,0.603,0.93,1.319,1.459,1.703,1.972,2.052,2.045
2021-07-20,0.51,0.594,0.917,1.278,1.41,1.647,1.893,1.974,1.967
2021-07-21,0.5,0.589,0.908,1.257,1.383,1.628,1.878,1.962,1.951
2021-07-22,0.52,0.595,0.915,1.253,1.397,1.662,1.921,1.994,1.989
2021-07-23,0.55,0.598,0.917,1.253,1.393,1.639,1.888,1.969,1.962
2021-07-26,0.57,0.597,0.912,1.225,1.369,1.609,1.863,1.962,1.947
2021-07-27,0.57,0.601,0.916,1.23,1.38,1.617,1.868,1.96,1.946
2021-07-28,0.51,0.607,0.934,1.259,1.419,1.64,1.862,1.95,1.943
2021-07-29,0.51,0.612,0.941,1.263,1.431,1.657,1.889,1.988,1.973
2021-07-30,0.58,0.613,0.936,1.255,1.417,1.638,1.874,1.953,1.958
2021-08-02,0.44,0.62,0.944,1.264,1.435,1.653,1.907,1.972,1.968
2021-08-03,0.49,0.623,0.952,1.28,1.442,1.663,1.89,1.954,1.951
2021-08-04,0.51,0.623,0.944,1.25,1.418,1.636,1.866,1.943,1.938
2021-08-05,0.5,0.623,0.949,1.236,1.414,1.646,1.878,1.95,1.947
2021-08-06,0.48,0.635,0.972,1.268,1.433,1.674,1.9,1.946,1.94
2021-08-09,0.5,0.639,0.978,1.265,1.436,1.671,1.914,1.965,1.961
2021-08-10,0.51,0.64,0.978,1.254,1.432,1.662,1.916,1.964,1.953
2021-08-11,0.49,0.642,0.977,1.244,1.419,1.665,1.934,1.975,1.966
2021-08-12,0.56,0.65,0.986,1.238,1.413,1.664,1.922,1.968,1.962
2021-08-13,0.54,0.656,0.994,1.249,1.407,1.666,1.924,1.974,1.969
2021-08-17,0.51,0.657,0.994,1.245,1.402,1.646,1.886,1.95,1.943
2021-08-18,0.5,0.659,0.993,1.231,1.389,1.632,1.881,1.947,1.938
2021-08-19,0.51,0.656,0.989,1.209,1.36,1.604,1.868,1.944,1.939
2021-08-20,0.5,0.661,0.999,1.213,1.364,1.597,1.853,1.935,1.926
2021-08-23,0.51,0.673,1.015,1.241,1.389,1.636,1.889,1.966,1.955
2021-08-24,0.55,0.689,1.042,1.286,1.438,1.688,1.939,2.008,1.99
2021-08-25,0.57,0.698,1.05,1.294,1.435,1.686,1.936,2.0,1.983
2021-08-26,0.84,0.75,1.059,1.258,1.398,1.658,1.928,1.998,1.982
2021-08-27,0.86,0.765,1.068,1.265,1.408,1.667,1.939,2.009,1.995
2021-08-30,0.86,0.761,1.064,1.256,1.398,1.652,1.913,1.985,1.97
2021-08-31,0.9,0.76,1.064,1.249,1.395,1.651,1.912,1.98,1.965
2021-09-01,0.83,0.762,1.066,1.254,1.417,1.675,1.942,1.994,1.974
2021-09-02,0.76,0.767,1.046,1.265,1.422,1.684,1.941,1.992,1.971
2021-09-03,0.75,0.768,1.043,1.271,1.437,1.696,1.943,1.987,1.966
2021-09-06,0.75,0.766,1.043,1.274,1.459,1.719,1.97,2.014,1.988
2021-09-07,0.75,0.765,1.041,1.28,1.464,1.716,1.975,2.018,1.997
2021-09-08,0.74,0.766,1.047,1.301,1.489,1.745,2.016,2.055,2.029
2021-09-09,0.76,0.767,1.061,1.333,1.499,1.75,2.0,2.033,2.005
2021-09-10,0.88,0.772,1.074,1.364,1.501,1.75,2.006,2.015,2.008
2021-09-13,0.86,0.774,1.086,1.385,1.525,1.76,2.037,2.046,2.041
2021-09-14,0.78,0.776,1.09,1.402,1.535,1.775,2.06,2.067,2.058
2021-09-15,0.76,0.767,1.073,1.367,1.492,1.738,2.025,2.054,2.041
2021-09-16,0.75,0.77,1.078,1.394,1.51,1.762,2.043,2.062,2.052
2021-09-17,0.77,0.773,1.082,1.402,1.535,1.79,2.068,2.089,2.07
2021-09-23,0.75,0.777,1.086,1.418,1.558,1.815,2.099,2.092,2.089
2021-09-24,0.75,0.775,1.085,1.424,1.575,1.859,2.152,2.152,2.146
2021-09-27,0.72,0.772,1.081,1.412,1.566,1.888,2.168,2.169,2.156
2021-09-28,0.76,0.776,1.103,1.446,1.609,1.95,2.256,2.24,2.209
2021-09-29,0.73,0.773,1.1,1.46,1.603,1.933,2.223,2.22,2.191
2021-09-30,0.92,0.769,1.096,1.444,1.593,1.929,2.237,2.244,2.221
2021-10-01,0.71,0.771,1.102,1.477,1.633,1.961,2.258,2.233,2.212
2021-10-05,0.69,0.77,1.102,1.47,1.65,1.989,2.291,2.257,2.219
2021-10-06,0.73,0.78,1.137,1.556,1.719,2.082,2.399,2.326,2.267
2021-10-07,0.67,0.778,1.126,1.549,1.704,2.066,2.387,2.309,2.248
2021-10-08,0.69,0.777,1.124,1.537,1.701,2.049,2.374,2.327,2.271
2021-10-12,0.8,0.8,1.156,1.655,1.815,2.135,2.447,2.376,2.33
2021-10-13,0.8,0.798,1.151,1.656,1.824,2.13,2.401,2.351,2.293
2021-10-14,0.75,0.793,1.142,1.639,1.813,2.101,2.351,2.298,2.248
2021-10-15,0.74,0.791,1.135,1.621,1.795,2.098,2.356,2.312,2.273
2021-10-18,0.72,0.8,1.161,1.665,1.875,2.17,2.4,2.345,2.291
2021-10-19,0.73,0.798,1.157,1.64,1.866,2.134,2.379,2.312,2.264
2021-10-20,0.73,0.799,1.151,1.618,1.847,2.146,2.392,2.314,2.268
2021-10-21,0.76,0.799,1.144,1.6,1.836,2.154,2.388,2.331,2.279
2021-10-22,0.75,0.804,1.17,1.639,1.889,2.203,2.411,2.388,2.311
2021-10-25,0.76,0.81,1.184,1.647,1.919,2.24,2.426,2.433,2.385
2021-10-26,0.77,0.817,1.216,1.665,1.947,2.256,2.457,2.492,2.438
2021-10-27,0.75,0.841,1.299,1.764,2.044,2.338,2.487,2.487,2.443
2021-10-28,0.78,0.877,1.32,1.747,2.017,2.277,2.397,2.396,2.373
2021-10-29,0.76,0.891,1.41,1.832,2.103,2.405,2.575,2.523,2.493
2021-11-01,0.74,0.893,1.471,1.848,2.108,2.376,2.506,2.458,2.421
2021-11-02,0.72,0.885,1.456,1.824,2.038,2.301,2.48,2.444,2.41
2021-11-03,0.68,0.879,1.438,1.799,2.036,2.289,2.47,2.455,2.421
2021-11-04,0.7,0.875,1.429,1.82,2.04,2.252,2.428,2.43,2.392
2021-11-05,0.76,0.857,1.397,1.76,1.944,2.166,2.35,2.349,2.325
2021-11-08,0.78,0.859,1.37,1.746,1.906,2.146,2.329,2.318,2.281
2021-11-09,0.8,0.854,1.332,1.717,1.865,2.117,2.293,2.302,2.264
2021-11-10,0.76,0.856,1.32,1.71,1.877,2.113,2.309,2.321,2.282
2021-11-11,0.84,0.863,1.317,1.731,1.913,2.13,2.341,2.334,2.295
2021-11-12,0.83,0.863,1.314,1.771,1.968,2.166,2.344,2.325,2.287
2021-11-15,0.82,0.859,1.294,1.743,1.912,2.119,2.298,2.293,2.256
2021-11-16,0.8,0.865,1.305,1.784,1.963,2.14,2.333,2.311,2.291
2021-11-17,0.77,0.864,1.298,1.787,1.974,2.159,2.359,2.327,2.305
2021-11-18,0.76,0.863,1.29,1.759,1.953,2.156,2.338,2.322,2.3
2021-11-19,0.75,0.87,1.292,1.761,1.966,2.188,2.372,2.358,2.331
2021-11-22,0.76,0.884,1.307,1.823,2.018,2.238,2.386,2.375,2.332
2021-11-23,0.74,0.902,1.318,1.825,2.031,2.253,2.4,2.414,2.359
2021-11-24,0.74,0.917,1.323,1.815,2.013,2.237,2.394,2.412,2.364
2021-11-25,1.015,0.931,1.305,1.746,1.933,2.168,2.348,2.379,2.347
2021-11-26,1.015,0.995,1.288,1.69,1.863,2.05,2.255,2.3,2.267
2021-11-29,1.019,1.006,1.297,1.7,1.844,2.05,2.266,2.34,2.304
2021-11-30,1.067,1.015,1.292,1.669,1.799,2.008,2.213,2.27,2.226
2021-12-01,0.986,1.02,1.319,1.697,1.813,1.968,2.182,2.198,2.163
2021-12-02,0.975,1.018,1.327,1.708,1.845,1.986,2.198,2.203,2.176
2021-12-03,0.955,1.019,1.343,1.77,1.9,2.027,2.234,2.249,2.225
2021-12-06,0.966,1.004,1.328,1.742,1.865,2.013,2.213,2.246,2.217
2021-12-07,1.014,1.005,1.33,1.757,1.872,2.043,2.24,2.265,2.234
2021-12-08,0.985,0.997,1.32,1.72,1.831,2.002,2.185,2.22,2.2
2021-12-09,1.078,0.999,1.322,1.697,1.794,1.972,2.188,2.224,2.214
2021-12-10,1.036,1.001,1.329,1.708,1.805,2.0,2.201,2.242,2.22
2021-12-13,1.017,0.998,1.328,1.692,1.79,1.982,2.169,2.245,2.225
2021-12-14,1.006,0.994,1.322,1.671,1.784,1.977,2.169,2.24,2.22
2021-12-15,1.001,0.996,1.32,1.684,1.808,1.983,2.166,2.233,2.218
2021-12-16,0.999,0.993,1.285,1.676,1.766,1.938,2.147,2.212,2.19
2021-12-17,0.986,0.992,1.276,1.685,1.767,1.94,2.153,2.22,2.199
2021-12-20,0.985,0.991,1.271,1.658,1.74,1.91,2.107,2.192,2.167
2021-12-21,1.001,0.991,1.281,1.645,1.72,1.892,2.099,2.186,2.168
2021-12-22,0.988,0.995,1.301,1.663,1.757,1.938,2.147,2.209,2.184
2021-12-23,0.991,1.007,1.328,1.709,1.805,2.013,2.212,2.26,2.232
2021-12-24,1.013,0.998,1.327,1.676,1.798,1.997,2.206,2.263,2.235
2021-12-27,1.027,0.992,1.326,1.67,1.776,1.989,2.211,2.284,2.26
2021-12-28,1.03,0.994,1.338,1.682,1.786,1.991,2.198,2.285,2.264
2021-12-29,1.038,0.992,1.338,1.676,1.783,1.974,2.18,2.289,2.265
2021-12-30,1.115,0.997,1.349,1.675,1.799,2.014,2.248,2.325,2.307
2021-12-31,1.437,0.998,1.35,1.675,1.798,2.011,2.25,2.328,2.31
2022-01-03,1.003,1.001,1.363,1.71,1.855,2.08,2.325,2.374,2.344
2022-01-04,1.0,1.005,1.37,1.717,1.868,2.091,2.32,2.361,2.338
2022-01-05,0.987,1.0,1.341,1.791,1.913,2.152,2.375,2.387,2.357
2022-01-06,1.0,1.009,1.394,1.878,2.013,2.293,2.481,2.445,2.393
2022-01-07,1.004,1.006,1.397,1.895,2.015,2.255,2.458,2.441,2.393
2022-01-10,1.068,1.225,1.417,1.902,2.058,2.26,2.484,2.452,2.405
2022-01-11,1.001,1.228,1.417,1.889,2.038,2.25,2.485,2.451,2.401
2022-01-12,1.017,1.216,1.404,1.847,1.998,2.187,2.428,2.408,2.374
2022-01-13,1.034,1.212,1.404,1.808,1.953,2.159,2.397,2.386,2.35
2022-01-14,1.273,1.23,1.431,1.88,2.044,2.239,2.453,2.426,2.385
2022-01-17,1.251,1.242,1.455,1.976,2.148,2.351,2.568,2.521,2.449
2022-01-18,1.277,1.242,1.448,1.969,2.127,2.333,2.553,2.516,2.446
2022-01-19,1.276,1.236,1.433,1.889,2.073,2.301,2.537,2.502,2.429
2022-01-20,1.33,1.252,1.444,1.941,2.119,2.346,2.558,2.532,2.451
2022-01-21,1.575,1.246,1.443,1.948,2.132,2.352,2.54,2.53,2.47
2022-01-24,1.352,1.241,1.438,1.919,2.112,2.336,2.54,2.541,2.474
2022-01-25,1.314,1.265,1.453,1.96,2.174,2.393,2.576,2.582,2.499
2022-01-26,1.261,1.258,1.455,1.963,2.156,2.367,2.573,2.565,2.48
2022-01-27,1.201,1.259,1.473,2.024,2.217,2.432,2.612,2.583,2.498
2022-01-28,1.277,1.253,1.463,2.006,2.189,2.396,2.586,2.594,2.524
2022-02-03,1.223,1.246,1.452,1.969,2.158,2.373,2.566,2.584,2.502
2022-02-04,1.176,1.25,1.467,1.995,2.194,2.418,2.619,2.639,2.559
2022-02-07,1.116,1.23,1.47,2.045,2.237,2.466,2.638,2.675,2.616
2022-02-08,1.217,1.227,1.47,2.095,2.303,2.563,2.733,2.706,2.638
2022-02-09,1.226,1.219,1.46,2.086,2.279,2.507,2.691,2.682,2.615
2022-02-10,1.18,1.219,1.455,2.083,2.264,2.485,2.686,2.692,2.623
2022-02-11,1.193,1.221,1.475,2.151,2.343,2.564,2.747,2.723,2.665
2022-02-14,1.254,1.216,1.474,2.148,2.347,2.541,2.714,2.688,2.624
2022-02-15,1.198,1.224,1.483,2.168,2.345,2.524,2.71,2.692,2.621
2022-02-16,1.198,1.219,1.478,2.145,2.325,2.5,2.702,2.702,2.632
2022-02-17,1.229,1.215,1.481,2.115,2.295,2.483,2.708,2.705,2.63
2022-02-18,1.239,1.218,1.496,2.138,2.322,2.51,2.728,2.725,2.645
2022-02-21,1.243,1.225,1.502,2.159,2.363,2.566,2.77,2.768,2.686
2022-02-22,1.257,1.203,1.492,2.107,2.327,2.524,2.717,2.713,2.629
2022-02-23,1.243,1.207,1.5,2.094,2.317,2.522,2.722,2.711,2.628
2022-02-24,1.258,1.198,1.485,2.018,2.226,2.423,2.624,2.621,2.553
2022-02-25,1.284,1.201,1.498,2.024,2.244,2.468,2.671,2.692,2.62
2022-02-28,1.39,1.203,1.503,1.991,2.242,2.468,2.675,2.695,2.632
2022-03-02,1.289,1.199,1.487,1.958,2.187,2.406,2.613,2.65,2.584
2022-03-03,1.249,1.207,1.512,1.96,2.195,2.441,2.648,2.685,2.625
2022-03-04,1.191,1.204,1.503,1.958,2.214,2.463,2.658,2.702,2.638
2022-03-07,1.228,1.209,1.515,2.055,2.288,2.525,2.707,2.697,2.627
2022-03-08,1.24,1.199,1.507,2.031,2.287,2.523,2.722,2.705,2.634
2022-03-10,1.314,1.205,1.504,2.102,2.267,2.516,2.726,2.705,2.633
2022-03-11,1.318,1.199,1.546,2.061,2.255,2.485,2.7,2.697,2.619
2022-03-14,1.268,1.204,1.56,2.059,2.283,2.525,2.739,2.731,2.646
2022-03-15,1.243,1.204,1.548,2.071,2.285,2.534,2.753,2.755,2.666
2022-03-16,1.245,1.191,1.539,2.043,2.268,2.526,2.768,2.761,2.68
2022-03-17,1.242,1.176,1.508,2.009,2.217,2.469,2.704,2.724,2.647
2022-03-18,1.239,1.179,1.511,2.035,2.231,2.495,2.737,2.748,2.675
2022-03-21,1.215,1.189,1.523,2.071,2.268,2.53,2.741,2.753,2.676
2022-03-22,1.213,1.203,1.569,2.156,2.399,2.631,2.832,2.808,2.715
2022-03-23,1.127,1.204,1.585,2.17,2.426,2.646,2.828,2.811,2.7
2022-03-24,1.189,1.209,1.593,2.178,2.455,2.661,2.856,2.834,2.741
2022-03-25,1.245,1.226,1.632,2.219,2.505,2.713,2.871,2.866,2.769
2022-03-28,1.204,1.278,1.75,2.449,2.747,2.97,3.031,3.009,2.891
2022-03-29,1.218,1.281,1.802,2.406,2.7,2.89,2.972,2.97,2.833
2022-03-30,1.229,1.282,1.792,2.352,2.615,2.801,2.885,2.883,2.739
2022-03-31,1.454,1.291,1.815,2.372,2.663,2.856,2.969,2.954,2.817
2022-04-01,1.238,1.306,1.823,2.483,2.784,2.942,3.007,2.981,2.884
2022-04-04,1.25,1.293,1.844,2.585,2.837,3.019,3.065,3.05,3.02
2022-04-05,1.28,1.293,1.852,2.629,2.879,3.029,3.08,3.078,3.035
2022-04-06,1.241,1.3,1.923,2.748,2.941,3.097,3.129,3.117,3.049
2022-04-07,1.178,1.299,2.012,2.719,2.905,3.046,3.128,3.131,3.05
2022-04-08,1.158,1.317,2.084,2.804,2.987,3.116,3.169,3.135,3.053
2022-04-11,1.168,1.329,2.223,2.981,3.186,3.303,3.305,3.255,3.146
2022-04-12,1.182,1.328,2.224,2.993,3.105,3.27,3.313,3.263,3.149
2022-04-13,1.141,1.328,2.152,2.89,3.001,3.196,3.287,3.213,3.11
2022-04-14,1.333,1.327,2.076,2.776,2.888,3.107,3.22,3.195,3.098
2022-04-15,1.432,1.509,2.023,2.773,2.944,3.166,3.301,3.253,3.16
2022-04-18,1.395,1.511,2.012,2.802,2.99,3.227,3.355,3.349,3.257
2022-04-19,1.399,1.512,1.995,2.782,2.981,3.212,3.35,3.312,3.221
2022-04-20,1.375,1.515,1.997,2.758,2.957,3.203,3.313,3.311,3.223
2022-04-21,1.392,1.509,1.991,2.719,2.927,3.177,3.296,3.292,3.209
2022-04-22,1.449,1.509,1.998,2.763,2.971,3.219,3.314,3.329,3.245
2022-04-25,1.418,1.498,1.972,2.674,2.857,3.097,3.188,3.214,3.145
2022-04-26,1.385,1.482,1.963,2.636,2.83,3.085,3.19,3.191,3.134
2022-04-27,1.359,1.48,1.958,2.686,2.899,3.122,3.185,3.179,3.116
2022-04-28,1.347,1.478,1.96,2.721,2.925,3.135,3.166,3.161,3.09
2022-04-29,1.53,1.477,1.97,2.776,2.958,3.172,3.242,3.231,3.163
2022-05-02,1.454,1.478,2.012,2.888,3.086,3.311,3.38,3.354,3.28
2022-05-03,1.442,1.485,2.01,2.904,3.139,3.353,3.406,3.354,3.283
2022-05-04,1.449,1.483,2.023,2.953,3.178,3.393,3.434,3.38,3.289
2022-05-06,1.415,1.465,2.017,2.925,3.146,3.369,3.431,3.38,3.287
2022-05-09,1.34,1.449,1.989,2.873,3.062,3.319,3.414,3.385,3.297
2022-05-10,1.357,1.449,1.981,2.852,3.046,3.297,3.403,3.383,3.291
2022-05-11,1.478,1.445,1.949,2.732,2.928,3.16,3.269,3.268,3.192
2022-05-12,1.424,1.449,1.95,2.726,2.9,3.098,3.169,3.165,3.089
2022-05-13,1.399,1.457,1.954,2.707,2.911,3.122,3.221,3.188,3.114
2022-05-16,1.459,1.492,2.041,2.821,3.046,3.225,3.277,3.215,3.135
2022-05-17,1.474,1.499,2.04,2.806,3.031,3.23,3.287,3.214,3.142
2022-05-18,1.49,1.509,2.078,2.796,3.069,3.269,3.32,3.255,3.165
2022-05-19,1.5,1.515,2.079,2.776,3.046,3.251,3.307,3.251,3.159
2022-05-20,1.526,1.518,2.072,2.736,3.011,3.203,3.245,3.234,3.133
2022-05-23,1.515,1.523,2.088,2.759,3.018,3.205,3.258,3.235,3.144
2022-05-24,1.491,1.521,2.092,2.719,2.967,3.152,3.214,3.218,3.126
2022-05-25,1.507,1.525,2.091,2.7,2.946,3.116,3.177,3.162,3.075
2022-05-26,1.687,1.718,2.129,2.719,2.955,3.149,3.238,3.225,3.133
2022-05-27,1.758,1.747,2.137,2.693,2.947,3.135,3.212,3.197,3.091
2022-05-30,1.732,1.747,2.131,2.687,2.942,3.144,3.211,3.169,3.07
2022-05-31,1.863,1.761,2.163,2.778,3.027,3.256,3.326,3.236,3.133
2022-06-02,1.709,1.762,2.181,2.842,3.125,3.366,3.421,3.336,3.199
2022-06-03,1.648,1.756,2.18,2.85,3.121,3.365,3.405,3.29,3.16
2022-06-07,1.476,1.758,2.222,2.937,3.232,3.502,3.538,3.385,3.236
2022-06-08,1.558,1.75,2.226,2.905,3.209,3.447,3.472,3.32,3.169
2022-06-09,1.793,1.748,2.234,2.882,3.171,3.414,3.471,3.338,3.18
2022-06-10,1.747,1.749,2.29,3.071,3.275,3.452,3.495,3.404,3.271
2022-06-13,1.739,1.793,2.416,3.303,3.514,3.679,3.654,3.546,3.387
2022-06-14,1.692,1.788,2.451,3.425,3.548,3.703,3.691,3.588,3.429
2022-06-15,1.66,1.805,2.541,3.572,3.666,3.822,3.795,3.665,3.493
2022-06-16,1.698,1.846,2.651,3.623,3.728,3.837,3.767,3.688,3.551
2022-06-17,1.733,1.859,2.819,3.656,3.745,3.855,3.795,3.717,3.57
2022-06-20,1.718,1.864,2.811,3.646,3.675,3.834,3.784,3.712,3.581
2022-06-21,1.715,1.85,2.834,3.591,3.663,3.834,3.775,3.694,3.563
2022-06-22,1.717,1.837,2.83,3.487,3.522,3.707,3.682,3.626,3.5
2022-06-23,1.754,1.839,2.836,3.554,3.608,3.769,3.726,3.648,3.517
2022-06-24,1.842,1.83,2.824,3.477,3.523,3.666,3.635,3.582,3.473
2022-06-27,1.825,1.839,2.876,3.526,3.568,3.726,3.72,3.636,3.534
2022-06-28,1.828,1.836,2.878,3.504,3.552,3.7,3.68,3.597,3.504
2022-06-29,1.808,1.852,2.9,3.523,3.552,3.685,3.667,3.606,3.506
2022-06-30,2.337,1.871,2.981,3.502,3.55,3.653,3.636,3.583,3.477
2022-07-01,1.723,1.876,2.964,3.429,3.439,3.495,3.49,3.451,3.323
2022-07-04,1.66,1.926,2.959,3.434,3.43,3.497,3.489,3.419,3.294
2022-07-05,1.682,1.927,2.954,3.328,3.301,3.367,3.379,3.3,3.168
2022-07-06,1.737,1.912,2.909,3.269,3.239,3.283,3.295,3.231,3.115
2022-07-07,1.741,1.92,2.92,3.284,3.262,3.297,3.307,3.235,3.122
2022-07-08,1.732,1.948,2.959,3.325,3.315,3.345,3.36,3.28,3.177
2022-07-11,1.82,1.972,2.974,3.312,3.324,3.376,3.385,3.304,3.208
2022-07-12,1.832,1.964,2.984,3.279,3.291,3.345,3.349,3.26,3.161
2022-07-13,2.041,2.198,2.97,3.192,3.211,3.278,3.301,3.201,3.101
2022-07-14,2.196,2.497,3.011,3.235,3.26,3.317,3.295,3.162,3.053
2022-07-15,2.177,2.429,2.997,3.182,3.205,3.271,3.242,3.169,3.056
2022-07-18,2.171,2.3,2.996,3.189,3.212,3.282,3.27,3.215,3.114
2022-07-19,2.196,2.292,2.974,3.185,3.192,3.258,3.253,3.202,3.133
2022-07-20,2.173,2.308,2.985,3.278,3.296,3.372,3.36,3.287,3.205
2022-07-21,2.206,2.3,2.973,3.28,3.294,3.373,3.374,3.282,3.196
2022-07-22,2.188,2.276,2.943,3.214,3.218,3.299,3.302,3.24,3.159
2022-07-25,2.183,2.284,2.929,3.174,3.153,3.225,3.211,3.152,3.085
2022-07-26,2.224,2.288,2.931,3.153,3.121,3.201,3.183,3.131,3.069
2022-07-27,2.114,2.294,2.932,3.139,3.09,3.15,3.121,3.095,3.035
2022-07-28,2.143,2.305,2.949,3.153,3.13,3.182,3.201,3.155,3.092
2022-07-29,2.341,2.296,2.902,3.052,3.009,3.067,3.127,3.105,3.048
2022-08-01,2.238,2.328,2.924,3.093,3.081,3.13,3.184,3.183,3.152
2022-08-02,2.19,2.321,2.891,3.02,3.012,3.049,3.088,3.121,3.113
2022-08-03,2.162,2.33,2.901,3.08,3.065,3.108,3.131,3.135,3.13
2022-08-04,2.221,2.325,2.892,3.091,3.114,3.134,3.152,3.155,3.138
2022-08-05,2.242,2.31,2.876,3.061,3.079,3.099,3.124,3.115,3.064
2022-08-08,2.226,2.325,2.9,3.125,3.134,3.151,3.177,3.14,3.075
2022-08-09,2.243,2.323,2.899,3.137,3.134,3.152,3.166,3.145,3.08
2022-08-10,2.217,2.328,2.902,3.151,3.154,3.181,3.207,3.199,3.135
2022-08-11,2.215,2.323,2.894,3.125,3.124,3.172,3.219,3.23,3.181
2022-08-12,2.246,2.33,2.902,3.16,3.181,3.239,3.282,3.27,3.207
2022-08-16,2.176,2.308,2.862,3.053,3.078,3.123,3.156,3.159,3.112
2022-08-17,2.175,2.323,2.882,3.064,3.087,3.142,3.188,3.177,3.138
2022-08-18,2.206,2.344,2.887,3.084,3.125,3.188,3.221,3.198,3.156
2022-08-19,2.241,2.365,2.925,3.148,3.197,3.276,3.31,3.273,3.216
2022-08-22,2.217,2.383,2.961,3.208,3.245,3.316,3.342,3.31,3.253
2022-08-23,2.214,2.404,2.99,3.256,3.281,3.343,3.361,3.338,3.289
2022-08-24,2.258,2.437,3.046,3.284,3.311,3.39,3.433,3.378,3.343
2022-08-25,2.449,2.592,3.19,3.533,3.531,3.598,3.593,3.524,3.47
2022-08-26,2.426,2.617,3.209,3.535,3.525,3.615,3.616,3.552,3.502
2022-08-29,2.421,2.642,3.272,3.683,3.653,3.761,3.715,3.658,3.589
2022-08-30,2.428,2.634,3.244,3.665,3.642,3.742,3.695,3.611,3.555
2022-08-31,2.548,2.652,3.268,3.727,3.685,3.781,3.721,3.638,3.57
2022-09-01,2.502,2.674,3.303,3.791,3.778,3.868,3.805,3.701,3.604
2022-09-02,2.514,2.644,3.25,3.695,3.678,3.769,3.738,3.672,3.594
2022-09-05,2.436,2.602,3.205,3.611,3.616,3.686,3.67,3.59,3.515
2022-09-06,2.405,2.648,3.242,3.658,3.682,3.736,3.712,3.612,3.524
2022-09-07,2.49,2.638,3.232,3.679,3.685,3.753,3.736,3.653,3.552
2022-09-08,2.61,2.605,3.144,3.531,3.543,3.607,3.622,3.533,3.464
2022-09-13,2.52,2.604,3.155,3.54,3.536,3.596,3.62,3.506,3.486
2022-09-14,2.517,2.628,3.21,3.623,3.585,3.619,3.651,3.51,3.488
2022-09-15,2.506,2.645,3.228,3.712,3.77,3.778,3.791,3.65,3.594
2022-09-16,2.514,2.651,3.211,3.746,3.767,3.767,3.772,3.668,3.586
2022-09-19,2.501,2.651,3.194,3.764,3.759,3.782,3.794,3.668,3.608
2022-09-20,2.526,2.651,3.167,3.81,3.823,3.83,3.836,3.667,3.626
2022-09-21,2.558,2.666,3.175,3.858,3.847,3.905,3.891,3.697,3.66
2022-09-22,2.53,2.733,3.278,4.07,4.104,4.114,3.997,3.795,3.735
2022-09-23,2.547,2.797,3.342,4.18,4.199,4.193,4.112,3.93,3.844
2022-09-26,2.537,2.881,3.604,4.516,4.548,4.563,4.335,4.135,4.023
2022-09-27,2.526,2.864,3.484,4.324,4.304,4.348,4.208,4.091,3.971
2022-09-28,2.531,2.883,3.488,4.311,4.338,4.374,4.332,4.206,4.1
2022-09-29,2.546,2.88,3.454,4.311,4.303,4.335,4.229,4.103,3.98
2022-09-30,2.804,2.813,3.382,4.203,4.186,4.175,4.096,3.964,3.837
2022-10-04,2.543,2.776,3.331,4.075,4.081,4.049,4.006,3.897,3.795
2022-10-05,2.51,2.792,3.415,4.089,4.157,4.132,4.102,3.95,3.835
2022-10-06,2.552,2.784,3.43,4.092,4.145,4.13,4.102,3.976,3.86
2022-10-07,2.68,2.795,3.487,4.18,4.276,4.22,4.214,4.062,3.946
2022-10-11,2.784,2.807,3.546,4.303,4.342,4.306,4.306,4.15,4.039
2022-10-12,3.114,3.052,3.455,4.111,4.107,4.118,4.11,4.038,3.94
2022-10-13,3.127,3.064,3.543,4.197,4.203,4.221,4.239,4.127,4.002
2022-10-14,3.071,3.044,3.544,4.208,4.207,4.207,4.181,4.097,3.995
2022-10-17,3.05,3.059,3.568,4.233,4.239,4.245,4.215,4.114,4.03
2022-10-18,3.081,3.057,3.573,4.226,4.242,4.293,4.277,4.14,4.055
2022-10-19,3.079,3.067,3.649,4.316,4.331,4.406,4.396,4.257,4.143
2022-10-20,3.132,3.073,3.674,4.324,4.35,4.463,4.439,4.329,4.198
2022-10-21,3.107,3.114,3.801,4.485,4.495,4.638,4.632,4.537,4.391
2022-10-24,3.134,3.126,3.736,4.324,4.305,4.491,4.503,4.473,4.335
2022-10-25,3.148,3.138,3.71,4.246,4.221,4.383,4.346,4.295,4.183
2022-10-26,3.127,3.147,3.719,4.252,4.208,4.32,4.279,4.186,4.08
2022-10-27,3.072,3.209,3.753,4.276,4.254,4.359,4.313,4.233,4.141
2022-10-28,3.047,3.216,3.728,4.165,4.112,4.192,4.167,4.147,4.066
2022-10-31,3.19,3.259,3.783,4.228,4.185,4.263,4.242,4.152,4.073
2022-11-01,3.085,3.255,3.766,4.096,4.068,4.121,4.135,4.102,4.029
2022-11-02,3.031,3.274,3.863,4.167,4.095,4.158,4.143,4.102,4.033
2022-11-03,3.045,3.301,3.901,4.213,4.158,4.24,4.197,4.123,4.052
2022-11-04,2.992,3.303,3.902,4.185,4.118,4.2,4.182,4.135,4.094
2022-11-07,2.977,3.331,3.93,4.248,4.186,4.284,4.258,4.223,4.174
2022-11-08,2.993,3.333,3.93,4.234,4.156,4.256,4.236,4.207,4.156
2022-11-09,2.986,3.335,3.911,4.167,4.086,4.179,4.177,4.163,4.118
2022-11-10,3.09,3.343,3.905,4.112,4.033,4.097,4.07,4.049,4.011
2022-11-11,3.07,3.326,3.836,3.902,3.834,3.894,3.894,3.892,3.856
2022-11-14,3.078,3.355,3.871,3.928,3.85,3.928,3.928,3.936,3.894
2022-11-15,3.031,3.348,3.831,3.84,3.753,3.816,3.861,3.869,3.843
2022-11-16,3.038,3.364,3.84,3.893,3.808,3.866,3.896,3.898,3.886
2022-11-17,3.029,3.374,3.835,3.89,3.804,3.867,3.853,3.848,3.831
2022-11-18,3.026,3.385,3.831,3.859,3.787,3.85,3.801,3.791,3.775
2022-11-21,3.045,3.375,3.834,3.889,3.837,3.863,3.764,3.768,3.757
2022-11-22,3.07,3.375,3.844,3.92,3.844,3.854,3.773,3.802,3.79
2022-11-23,3.082,3.367,3.84,3.961,3.849,3.864,3.774,3.797,3.788
2022-11-24,3.274,3.345,3.788,3.805,3.689,3.718,3.622,3.663,3.649
2022-11-25,3.28,3.348,3.755,3.762,3.644,3.67,3.623,3.68,3.662
2022-11-28,3.306,3.389,3.748,3.805,3.669,3.673,3.606,3.692,3.675
2022-11-29,3.257,3.398,3.753,3.868,3.723,3.723,3.673,3.715,3.699
2022-11-30,3.366,3.395,3.725,3.827,3.689,3.697,3.667,3.718,3.689
2022-12-01,3.275,3.39,3.702,3.801,3.65,3.682,3.663,3.702,3.679
2022-12-02,3.217,3.359,3.678,3.777,3.616,3.632,3.583,3.586,3.57
2022-12-05,3.224,3.346,3.662,3.761,3.609,3.607,3.549,3.568,3.553
2022-12-06,3.163,3.349,3.663,3.778,3.633,3.597,3.504,3.504,3.493
2022-12-07,3.235,3.362,3.659,3.793,3.672,3.62,3.523,3.517,3.504
2022-12-08,3.295,3.381,3.662,3.799,3.676,3.614,3.53,3.527,3.506
2022-12-09,3.291,3.394,3.656,3.792,3.657,3.566,3.491,3.467,3.463
2022-12-12,3.282,3.398,3.646,3.775,3.623,3.578,3.448,3.471,3.468
2022-12-13,3.236,3.411,3.649,3.769,3.623,3.583,3.469,3.473,3.463
2022-12-14,3.229,3.401,3.622,3.675,3.53,3.471,3.406,3.422,3.413
2022-12-15,3.23,3.418,3.64,3.659,3.536,3.44,3.38,3.403,3.391
2022-12-16,3.236,3.43,3.659,3.669,3.539,3.442,3.36,3.37,3.368
2022-12-19,3.194,3.455,3.691,3.666,3.545,3.445,3.395,3.397,3.397
2022-12-20,3.161,3.489,3.768,3.795,3.685,3.618,3.603,3.575,3.568
2022-12-21,3.212,3.49,3.751,3.756,3.638,3.546,3.566,3.566,3.563
2022-12-22,3.208,3.496,3.742,3.701,3.567,3.491,3.495,3.535,3.531
2022-12-23,3.244,3.511,3.769,3.743,3.623,3.567,3.552,3.583,3.58
2022-12-26,3.269,3.526,3.794,3.775,3.663,3.636,3.639,3.623,3.608
2022-12-27,3.252,3.532,3.775,3.761,3.662,3.646,3.611,3.589,3.571
2022-12-28,3.187,3.538,3.767,3.778,3.668,3.676,3.673,3.624,3.619
2022-12-29,3.212,3.549,3.777,3.809,3.719,3.745,3.726,3.685,3.683
2022-12-30,3.38,3.547,3.773,3.803,3.722,3.743,3.73,3.684,3.683
2023-01-02,3.291,3.541,3.769,3.848,3.782,3.809,3.811,3.745,3.733
2023-01-03,3.119,3.491,3.705,3.733,3.661,3.674,3.661,3.654,3.657
2023-01-04,3.032,3.463,3.669,3.689,3.632,3.616,3.597,3.609,3.612
2023-01-05,3.075,3.432,3.649,3.691,3.644,3.607,3.571,3.563,3.572
2023-01-06,3.118,3.424,3.607,3.701,3.681,3.624,3.573,3.536,3.542
2023-01-09,3.132,3.399,3.583,3.583,3.577,3.494,3.477,3.475,3.477
2023-01-10,3.166,3.406,3.588,3.599,3.556,3.485,3.462,3.477,3.476
2023-01-11,3.232,3.402,3.571,3.533,3.472,3.401,3.417,3.444,3.441
2023-01-12,3.299,3.416,3.596,3.525,3.466,3.403,3.412,3.438,3.433
2023-01-13,3.427,3.425,3.554,3.441,3.369,3.275,3.3,3.353,3.355
2023-01-16,3.394,3.49,3.599,3.495,3.454,3.365,3.383,3.401,3.4
2023-01-17,3.369,3.501,3.605,3.53,3.484,3.446,3.444,3.43,3.42
2023-01-18,3.365,3.494,3.572,3.434,3.39,3.353,3.337,3.326,3.32
2023-01-19,3.387,3.469,3.532,3.34,3.248,3.223,3.222,3.213,3.214
2023-01-20,3.48,3.474,3.548,3.396,3.33,3.295,3.279,3.267,3.267
2023-01-25,3.435,3.486,3.535,3.382,3.285,3.241,3.229,3.243,3.24
2023-01-26,3.463,3.483,3.531,3.375,3.273,3.233,3.231,3.267,3.263
2023-01-27,3.357,3.486,3.506,3.415,3.304,3.268,3.283,3.3,3.289
2023-01-30,3.371,3.463,3.472,3.377,3.271,3.24,3.238,3.282,3.271
2023-01-31,3.343,3.463,3.489,3.45,3.325,3.299,3.297,3.318,3.307
2023-02-01,3.37,3.435,3.447,3.395,3.263,3.243,3.239,3.276,3.27
2023-02-02,3.27,3.411,3.424,3.313,3.183,3.174,3.207,3.245,3.238
2023-02-03,3.488,3.392,3.4,3.24,3.11,3.096,3.148,3.176,3.187
2023-02-06,3.487,3.416,3.459,3.403,3.283,3.268,3.283,3.294,3.29
2023-02-07,3.506,3.412,3.447,3.44,3.315,3.29,3.297,3.294,3.284
2023-02-08,3.483,3.412,3.445,3.432,3.339,3.323,3.32,3.3,3.28
2023-02-09,3.434,3.405,3.46,3.485,3.401,3.389,3.362,3.32,3.296
2023-02-10,3.399,3.402,3.451,3.479,3.398,3.386,3.365,3.331,3.3
2023-02-13,3.402,3.423,3.478,3.532,3.452,3.462,3.43,3.398,3.358
2023-02-14,3.403,3.436,3.493,3.522,3.429,3.421,3.398,3.349,3.309
2023-02-15,3.428,3.458,3.546,3.586,3.502,3.5,3.471,3.385,3.34
2023-02-16,3.397,3.468,3.54,3.598,3.504,3.504,3.476,3.4,3.343
2023-02-17,3.436,3.51,3.61,3.723,3.639,3.651,3.626,3.527,3.483
2023-02-20,3.415,3.52,3.616,3.748,3.677,3.685,3.641,3.563,3.532
2023-02-21,3.395,3.512,3.592,3.723,3.623,3.639,3.6,3.55,3.509
2023-02-22,3.423,3.518,3.607,3.753,3.645,3.682,3.639,3.595,3.554
2023-02-23,3.456,3.509,3.602,3.702,3.599,3.628,3.595,3.546,3.504
2023-02-24,3.432,3.511,3.582,3.673,3.555,3.565,3.525,3.467,3.432
2023-02-27,3.428,3.558,3.652,3.778,3.683,3.692,3.619,3.521,3.476
2023-02-28,3.46,3.573,3.701,3.899,3.797,3.829,3.753,3.637,3.588
2023-03-02,3.407,3.583,3.74,3.976,3.878,3.907,3.84,3.734,3.674
2023-03-03,3.366,3.571,3.707,3.866,3.791,3.818,3.776,3.69,3.626
2023-03-06,3.337,3.568,3.699,3.85,3.774,3.783,3.731,3.649,3.603
2023-03-07,3.428,3.549,3.666,3.798,3.726,3.719,3.661,3.6,3.557
2023-03-08,3.458,3.556,3.696,3.915,3.855,3.822,3.72,3.626,3.584
2023-03-09,3.44,3.557,3.692,3.94,3.858,3.817,3.739,3.639,3.588
2023-03-10,3.429,3.527,3.651,3.758,3.703,3.617,3.584,3.497,3.438
2023-03-13,3.435,3.489,3.538,3.486,3.435,3.398,3.405,3.375,3.344
2023-03-14,3.416,3.454,3.484,3.425,3.381,3.344,3.337,3.305,3.281
2023-03-15,3.37,3.436,3.469,3.523,3.473,3.424,3.418,3.376,3.351
2023-03-16,3.439,3.421,3.385,3.447,3.4,3.364,3.394,3.381,3.359
2023-03-17,3.426,3.42,3.355,3.471,3.415,3.373,3.406,3.391,3.361
2023-03-20,3.479,3.379,3.296,3.35,3.264,3.257,3.304,3.316,3.291
2023-03-21,3.464,3.375,3.301,3.379,3.294,3.274,3.304,3.303,3.287
2023-03-22,3.433,3.36,3.292,3.37,3.284,3.262,3.287,3.288,3.268
2023-03-23,3.45,3.353,3.29,3.29,3.206,3.186,3.266,3.27,3.246
2023-03-24,3.419,3.345,3.285,3.249,3.16,3.159,3.21,3.2,3.188
2023-03-27,3.398,3.345,3.29,3.313,3.22,3.224,3.258,3.242,3.229
2023-03-28,3.44,3.338,3.288,3.351,3.258,3.26,3.281,3.277,3.255
2023-03-29,3.427,3.327,3.287,3.341,3.249,3.25,3.28,3.276,3.257
2023-03-30,3.493,3.3,3.269,3.308,3.24,3.253,3.305,3.321,3.298
2023-03-31,3.569,3.287,3.274,3.341,3.27,3.274,3.34,3.372,3.34
2023-04-03,3.449,3.283,3.308,3.398,3.342,3.338,3.389,3.421,3.396
2023-04-04,3.441,3.263,3.281,3.336,3.279,3.253,3.316,3.354,3.345
2023-04-05,3.463,3.258,3.289,3.315,3.264,3.232,3.326,3.342,3.344
2023-04-06,3.4,3.242,3.275,3.283,3.211,3.194,3.278,3.27,3.268
2023-04-07,3.403,3.241,3.282,3.304,3.24,3.211,3.289,3.254,3.243
2023-04-10,3.419,3.228,3.263,3.261,3.192,3.165,3.236,3.229,3.22
2023-04-11,3.452,3.229,3.279,3.293,3.231,3.191,3.255,3.233,3.214
2023-04-12,3.43,3.23,3.272,3.3,3.233,3.214,3.262,3.239,3.224
2023-04-13,3.438,3.229,3.235,3.255,3.199,3.194,3.273,3.266,3.253
2023-04-14,3.491,3.228,3.235,3.262,3.215,3.203,3.286,3.26,3.244
2023-04-17,3.478,3.232,3.242,3.33,3.287,3.284,3.349,3.316,3.3
2023-04-18,3.469,3.234,3.228,3.343,3.294,3.288,3.352,3.323,3.305
2023-04-19,3.428,3.239,3.237,3.379,3.337,3.334,3.37,3.328,3.306
2023-04-20,3.487,3.241,3.234,3.378,3.334,3.338,3.409,3.387,3.373
2023-04-21,3.512,3.237,3.218,3.323,3.267,3.275,3.343,3.31,3.299
2023-04-24,3.503,3.236,3.217,3.3,3.23,3.252,3.306,3.316,3.308
2023-04-25,3.512,3.235,3.228,3.325,3.265,3.273,3.323,3.346,3.337
2023-04-26,3.499,3.232,3.219,3.328,3.259,3.259,3.309,3.339,3.322
2023-04-27,3.487,3.243,3.253,3.349,3.288,3.273,3.342,3.35,3.34
2023-04-28,3.549,3.253,3.281,3.364,3.293,3.292,3.36,3.369,3.364
2023-05-02,3.512,3.269,3.324,3.406,3.335,3.331,3.372,3.397,3.391
2023-05-03,3.541,3.273,3.335,3.367,3.281,3.269,3.324,3.365,3.363
2023-05-04,3.529,3.269,3.326,3.309,3.21,3.195,3.278,3.335,3.334
2023-05-08,3.591,3.277,3.342,3.371,3.261,3.239,3.31,3.369,3.374
2023-05-09,3.656,3.283,3.344,3.371,3.256,3.24,3.318,3.357,3.36
2023-05-10,3.567,3.289,3.353,3.368,3.273,3.258,3.341,3.358,3.362
2023-05-11,3.559,3.287,3.344,3.327,3.22,3.205,3.292,3.336,3.346
2023-05-12,3.548,3.297,3.35,3.339,3.225,3.2,3.274,3.321,3.333
2023-05-15,3.58,3.328,3.391,3.377,3.279,3.255,3.332,3.378,3.381
2023-05-16,3.598,3.347,3.392,3.346,3.242,3.215,3.303,3.36,3.362
2023-05-17,3.6,3.368,3.416,3.375,3.274,3.238,3.319,3.368,3.367
2023-05-18,3.627,3.389,3.426,3.413,3.316,3.293,3.367,3.407,3.406
2023-05-19,3.603,3.428,3.445,3.442,3.34,3.333,3.419,3.453,3.451
2023-05-22,3.589,3.439,3.447,3.413,3.321,3.322,3.398,3.436,3.435
2023-05-23,3.559,3.462,3.47,3.452,3.373,3.385,3.473,3.505,3.504
2023-05-24,3.551,3.467,3.464,3.453,3.378,3.399,3.502,3.538,3.533
2023-05-25,3.603,3.495,3.513,3.554,3.48,3.498,3.597,3.623,3.606
2023-05-26,3.557,3.527,3.538,3.612,3.524,3.55,3.639,3.67,3.659
2023-05-30,3.537,3.545,3.569,3.65,3.56,3.582,3.651,3.702,3.682
2023-05-31,3.543,3.527,3.54,3.573,3.459,3.45,3.532,3.604,3.598
2023-06-01,3.55,3.517,3.546,3.584,3.478,3.464,3.549,3.61,3.612
2023-06-02,3.504,3.497,3.51,3.549,3.436,3.405,3.495,3.556,3.559
2023-06-05,3.487,3.522,3.538,3.62,3.502,3.489,3.561,3.606,3.611
2023-06-07,3.491,3.506,3.514,3.588,3.471,3.449,3.522,3.588,3.592
2023-06-08,3.561,3.524,3.531,3.636,3.543,3.533,3.632,3.678,3.688
2023-06-09,3.569,3.503,3.503,3.59,3.506,3.495,3.613,3.672,3.677
2023-06-12,3.56,3.504,3.492,3.586,3.493,3.502,3.576,3.659,3.656
2023-06-13,3.539,3.498,3.467,3.559,3.484,3.502,3.578,3.644,3.65
2023-06-14,3.532,3.508,3.489,3.612,3.545,3.574,3.635,3.675,3.678
2023-06-15,3.58,3.523,3.507,3.684,3.626,3.636,3.685,3.692,3.694
2023-06-16,3.592,3.517,3.502,3.634,3.585,3.601,3.657,3.674,3.674
2023-06-19,3.605,3.519,3.514,3.641,3.583,3.593,3.633,3.68,3.67
2023-06-20,3.591,3.52,3.503,3.613,3.567,3.579,3.642,3.694,3.688
2023-06-21,3.605,3.52,3.502,3.636,3.571,3.581,3.621,3.683,3.672
2023-06-22,3.578,3.525,3.506,3.657,3.592,3.598,3.647,3.695,3.686
2023-06-23,3.617,3.528,3.51,3.674,3.609,3.617,3.663,3.725,3.726
2023-06-26,3.559,3.523,3.505,3.632,3.568,3.576,3.611,3.656,3.661
2023-06-27,3.52,3.52,3.501,3.614,3.538,3.565,3.603,3.639,3.645
2023-06-28,3.531,3.521,3.508,3.632,3.557,3.574,3.611,3.646,3.652
2023-06-29,3.534,3.529,3.525,3.654,3.584,3.589,3.626,3.655,3.661
2023-06-30,3.767,3.548,3.563,3.737,3.662,3.663,3.675,3.691,3.686
2023-07-03,3.496,3.548,3.559,3.675,3.613,3.59,3.607,3.601,3.591
2023-07-04,3.454,3.552,3.562,3.676,3.619,3.597,3.623,3.623,3.625
2023-07-05,3.488,3.556,3.564,3.677,3.618,3.606,3.644,3.625,3.626
2023-07-06,3.542,3.566,3.59,3.732,3.676,3.675,3.713,3.675,3.673
2023-07-07,3.588,3.592,3.623,3.78,3.735,3.733,3.761,3.7,3.698
2023-07-10,3.582,3.627,3.665,3.839,3.795,3.81,3.863,3.778,3.77
2023-07-11,3.556,3.624,3.629,3.75,3.703,3.721,3.758,3.692,3.67
2023-07-12,3.527,3.623,3.627,3.76,3.704,3.72,3.756,3.675,3.636
2023-07-13,3.514,3.608,3.574,3.65,3.602,3.61,3.657,3.622,3.588
2023-07-14,3.507,3.601,3.592,3.665,3.614,3.631,3.685,3.65,3.621
2023-07-17,3.506,3.595,3.588,3.662,3.611,3.619,3.66,3.633,3.612
2023-07-18,3.51,3.59,3.58,3.638,3.596,3.609,3.651,3.644,3.634
2023-07-19,3.502,3.577,3.542,3.599,3.543,3.542,3.575,3.597,3.584
2023-07-20,3.528,3.58,3.552,3.639,3.581,3.581,3.606,3.599,3.588
2023-07-21,3.481,3.586,3.551,3.655,3.602,3.601,3.636,3.602,3.603
2023-07-24,3.498,3.585,3.548,3.662,3.617,3.607,3.64,3.595,3.594
2023-07-25,3.49,3.586,3.551,3.691,3.645,3.643,3.684,3.635,3.632
2023-07-26,3.483,3.581,3.524,3.669,3.627,3.622,3.658,3.637,3.633
2023-07-27,3.446,3.572,3.506,3.627,3.587,3.588,3.637,3.638,3.632
2023-07-28,3.461,3.582,3.521,3.675,3.635,3.643,3.728,3.703,3.696
2023-07-31,3.488,3.582,3.523,3.714,3.681,3.697,3.761,3.69,3.678
2023-08-01,3.455,3.575,3.494,3.686,3.647,3.667,3.727,3.672,3.643
2023-08-02,3.436,3.578,3.494,3.717,3.677,3.717,3.793,3.724,3.678
2023-08-03,3.45,3.579,3.494,3.745,3.714,3.755,3.861,3.753,3.704
2023-08-04,3.503,3.58,3.498,3.759,3.738,3.779,3.876,3.8,3.758
2023-08-07,3.535,3.579,3.475,3.724,3.689,3.712,3.814,3.754,3.713
2023-08-08,3.485,3.561,3.466,3.698,3.647,3.656,3.74,3.7,3.67
2023-08-09,3.487,3.557,3.474,3.71,3.672,3.691,3.774,3.71,3.68
2023-08-10,3.592,3.558,3.475,3.726,3.687,3.709,3.786,3.718,3.684
2023-08-11,3.576,3.555,3.476,3.725,3.698,3.734,3.824,3.761,3.721
2023-08-14,3.58,3.572,3.489,3.757,3.747,3.796,3.889,3.815,3.775
2023-08-16,3.569,3.56,3.462,3.731,3.712,3.767,3.867,3.81,3.771
2023-08-17,3.557,3.566,3.49,3.784,3.788,3.865,3.976,3.894,3.841
2023-08-18,3.547,3.556,3.471,3.729,3.729,3.804,3.914,3.832,3.776
2023-08-21,3.545,3.571,3.51,3.796,3.795,3.863,3.973,3.871,3.806
2023-08-22,3.54,3.575,3.514,3.793,3.802,3.867,3.986,3.916,3.852
2023-08-23,3.56,3.571,3.508,3.761,3.771,3.825,3.92,3.868,3.806
2023-08-24,3.572,3.568,3.511,3.762,3.759,3.803,3.878,3.839,3.784
2023-08-25,3.565,3.569,3.539,3.79,3.789,3.843,3.935,3.891,3.834
2023-08-28,3.563,3.565,3.534,3.771,3.759,3.796,3.872,3.836,3.796
2023-08-29,3.564,3.559,3.526,3.751,3.74,3.776,3.844,3.815,3.775
2023-08-30,3.577,3.559,3.515,3.746,3.732,3.78,3.85,3.817,3.776
2023-08-31,3.62,3.559,3.5,3.722,3.711,3.75,3.821,3.772,3.731
2023-09-01,3.567,3.555,3.497,3.714,3.689,3.717,3.778,3.723,3.685
2023-09-04,3.545,3.568,3.518,3.775,3.738,3.778,3.856,3.772,3.725
2023-09-05,3.51,3.579,3.528,3.798,3.765,3.814,3.886,3.81,3.739
2023-09-06,3.496,3.579,3.514,3.795,3.765,3.816,3.893,3.826,3.765
2023-09-07,3.54,3.589,3.568,3.867,3.847,3.893,3.969,3.875,3.818
2023-09-08,3.593,3.59,3.562,3.825,3.795,3.837,3.895,3.817,3.754
2023-09-11,3.602,3.6,3.607,3.891,3.865,3.894,3.961,3.856,3.815
2023-09-12,3.597,3.606,3.622,3.872,3.863,3.89,3.965,3.851,3.818
2023-09-13,3.592,3.612,3.629,3.867,3.853,3.88,3.949,3.834,3.788
2023-09-14,3.587,3.609,3.633,3.853,3.836,3.863,3.917,3.795,3.747
2023-09-15,3.58,3.616,3.645,3.874,3.85,3.881,3.928,3.814,3.772
2023-09-18,3.583,3.622,3.664,3.918,3.891,3.934,3.982,3.862,3.818
2023-09-19,3.609,3.622,3.652,3.902,3.887,3.916,3.952,3.86,3.815
2023-09-20,3.619,3.622,3.653,3.9,3.89,3.916,3.963,3.863,3.82
2023-09-21,3.594,3.629,3.672,3.935,3.93,3.973,4.031,3.907,3.857
2023-09-22,3.618,3.623,3.658,3.886,3.876,3.921,4.001,3.886,3.835
2023-09-25,3.63,3.627,3.651,3.868,3.876,3.927,4.012,3.918,3.866
2023-09-26,3.62,3.631,3.66,3.882,3.891,3.954,4.054,3.959,3.91
2023-09-27,3.829,3.629,3.661,3.88,3.884,3.942,4.03,3.946,3.896
2023-10-04,3.555,3.657,3.757,4.065,4.108,4.203,4.351,4.246,4.199
2023-10-05,3.527,3.657,3.744,4.038,4.081,4.18,4.322,4.238,4.205
2023-10-06,3.502,3.642,3.722,3.978,4.015,4.105,4.24,4.166,4.13
2023-10-10,3.471,3.642,3.723,3.957,3.997,4.087,4.219,4.167,4.129
2023-10-11,3.473,3.64,3.713,3.931,3.953,4.039,4.142,4.117,4.083
2023-10-12,3.512,3.631,3.704,3.905,3.932,4.004,4.101,4.048,4.027
2023-10-13,3.542,3.635,3.728,3.918,3.957,4.036,4.169,4.123,4.096
2023-10-16,3.518,3.63,3.739,3.929,3.973,4.064,4.191,4.162,4.141
2023-10-17,3.493,3.626,3.738,3.936,3.991,4.092,4.224,4.184,4.165
2023-10-18,3.492,3.63,3.753,3.966,4.031,4.151,4.287,4.228,4.204
2023-10-19,3.505,3.634,3.767,3.979,4.07,4.214,4.362,4.305,4.279
2023-10-20,3.523,3.632,3.749,3.942,4.033,4.183,4.327,4.274,4.247
2023-10-23,3.538,3.641,3.761,3.958,4.055,4.225,4.374,4.325,4.307
2023-10-24,3.531,3.635,3.738,3.927,4.004,4.14,4.269,4.237,4.229
2023-10-25,3.561,3.635,3.743,3.952,4.038,4.157,4.281,4.203,4.2
2023-10-26,3.556,3.64,3.761,3.996,4.104,4.237,4.392,4.268,4.241
2023-10-27,3.494,3.634,3.749,3.978,4.073,4.17,4.28,4.093,4.035
2023-10-30,3.515,3.635,3.745,3.995,4.089,4.201,4.312,4.141,4.087
2023-10-31,3.5,3.634,3.74,4.001,4.085,4.203,4.325,4.135,4.069
2023-11-01,3.516,3.634,3.731,3.991,4.071,4.173,4.288,4.097,4.02
2023-11-02,3.49,3.617,3.687,3.904,3.979,4.07,4.168,4.053,4.002
2023-11-03,3.52,3.619,3.693,3.903,3.949,4.021,4.105,3.997,3.944
2023-11-06,3.526,3.608,3.693,3.858,3.877,3.954,4.056,3.951,3.905
2023-11-07,3.463,3.618,3.722,3.885,3.887,3.961,4.055,3.933,3.876
2023-11-08,3.484,3.617,3.731,3.867,3.868,3.929,4.022,3.876,3.812
2023-11-09,3.563,3.616,3.734,3.866,3.847,3.886,3.945,3.8,3.741
2023-11-10,3.593,3.621,3.765,3.878,3.862,3.905,3.969,3.802,3.746
2023-11-13,3.575,3.619,3.793,3.898,3.877,3.927,4.005,3.823,3.774
2023-11-14,3.579,3.611,3.792,3.893,3.857,3.905,3.98,3.832,3.796
2023-11-15,3.57,3.595,3.75,3.798,3.744,3.759,3.815,3.684,3.642
2023-11-16,3.585,3.595,3.75,3.761,3.701,3.724,3.799,3.663,3.622
2023-11-17,3.601,3.594,3.741,3.731,3.681,3.718,3.796,3.684,3.658
2023-11-20,3.597,3.594,3.729,3.717,3.667,3.7,3.755,3.667,3.631
2023-11-21,3.585,3.598,3.715,3.697,3.644,3.676,3.726,3.635,3.597
2023-11-22,3.62,3.605,3.72,3.716,3.666,3.704,3.762,3.67,3.628
2023-11-23,3.598,3.603,3.702,3.704,3.644,3.677,3.712,3.646,3.603
2023-11-24,3.606,3.609,3.707,3.726,3.677,3.721,3.779,3.7,3.661
2023-11-27,3.604,3.613,3.716,3.729,3.689,3.722,3.767,3.7,3.665
2023-11-28,3.581,3.606,3.696,3.688,3.648,3.67,3.726,3.643,3.603
2023-11-29,3.595,3.589,3.656,3.594,3.554,3.578,3.641,3.55,3.508
2023-11-30,3.67,3.586,3.653,3.617,3.583,3.621,3.699,3.589,3.562
2023-12-01,3.552,3.583,3.639,3.617,3.587,3.622,3.699,3.58,3.557
2023-12-04,3.556,3.57,3.595,3.563,3.531,3.559,3.626,3.524,3.509
2023-12-05,3.549,3.562,3.574,3.54,3.484,3.518,3.579,3.495,3.479
2023-12-06,3.516,3.561,3.561,3.514,3.463,3.482,3.533,3.444,3.426
2023-12-07,3.618,3.569,3.576,3.551,3.511,3.52,3.576,3.478,3.465
2023-12-08,3.683,3.562,3.56,3.522,3.461,3.479,3.534,3.462,3.448
2023-12-11,3.712,3.569,3.575,3.563,3.48,3.522,3.566,3.495,3.48
2023-12-12,3.68,3.559,3.561,3.525,3.446,3.491,3.527,3.447,3.432
2023-12-13,3.655,3.561,3.581,3.546,3.465,3.5,3.525,3.413,3.386
2023-12-14,3.674,3.498,3.484,3.338,3.258,3.288,3.332,3.242,3.222
2023-12-15,3.649,3.498,3.489,3.375,3.281,3.312,3.358,3.29,3.273
2023-12-18,3.69,3.495,3.483,3.369,3.277,3.301,3.336,3.269,3.254
2023-12-19,3.719,3.49,3.487,3.395,3.296,3.307,3.328,3.256,3.233
2023-12-20,3.686,3.483,3.462,3.327,3.232,3.25,3.28,3.233,3.208
2023-12-21,3.629,3.484,3.454,3.319,3.236,3.255,3.297,3.248,3.223
2023-12-22,3.638,3.486,3.453,3.312,3.234,3.254,3.301,3.251,3.214
2023-12-26,3.632,3.486,3.459,3.31,3.221,3.227,3.271,3.219,3.185
2023-12-27,3.556,3.486,3.46,3.319,3.22,3.222,3.26,3.179,3.156
2023-12-28,3.6,3.475,3.434,3.262,3.154,3.156,3.183,3.111,3.088
2023-12-29,3.906,3.475,3.434,3.262,3.154,3.156,3.183,3.111,3.088
2024-01-02,3.535,3.477,3.466,3.331,3.24,3.266,3.306,3.243,3.228
2024-01-03,3.422,3.475,3.471,3.371,3.278,3.313,3.338,3.247,3.226
2024-01-04,3.391,3.462,3.451,3.338,3.227,3.256,3.288,3.211,3.181
2024-01-05,3.384,3.467,3.46,3.38,3.283,3.312,3.344,3.252,3.209
2024-01-08,3.378,3.456,3.455,3.393,3.297,3.312,3.344,3.238,3.197
2024-01-09,3.412,3.423,3.424,3.355,3.255,3.274,3.323,3.235,3.184
2024-01-10,3.503,3.426,3.427,3.363,3.269,3.297,3.346,3.257,3.209
2024-01-11,3.393,3.415,3.395,3.33,3.227,3.257,3.307,3.24,3.198
2024-01-12,3.432,3.405,3.371,3.3,3.204,3.241,3.306,3.264,3.216
2024-01-15,3.473,3.398,3.352,3.269,3.191,3.225,3.293,3.24,3.198
2024-01-16,3.492,3.401,3.369,3.303,3.235,3.269,3.322,3.263,3.213
2024-01-17,3.499,3.4,3.372,3.336,3.277,3.315,3.369,3.3,3.233
2024-01-18,3.507,3.398,3.374,3.346,3.285,3.329,3.38,3.293,3.229
2024-01-19,3.525,3.398,3.365,3.36,3.307,3.359,3.422,3.326,3.262
2024-01-22,3.523,3.386,3.329,3.322,3.278,3.318,3.372,3.301,3.241
2024-01-23,3.474,3.392,3.338,3.337,3.286,3.325,3.372,3.32,3.259
2024-01-24,3.449,3.395,3.345,3.353,3.3,3.343,3.4,3.343,3.276
2024-01-25,3.46,3.396,3.347,3.365,3.313,3.361,3.419,3.38,3.313
2024-01-26,3.504,3.388,3.318,3.31,3.263,3.314,3.386,3.355,3.296
2024-01-29,3.484,3.4,3.349,3.342,3.304,3.363,3.436,3.423,3.369
2024-01-30,3.545,3.396,3.331,3.312,3.268,3.305,3.35,3.34,3.298
2024-01-31,3.613,3.399,3.336,3.319,3.261,3.294,3.345,3.326,3.283
2024-02-01,3.573,3.402,3.338,3.32,3.267,3.293,3.339,3.328,3.289
2024-02-02,3.541,3.401,3.333,3.309,3.248,3.26,3.287,3.257,3.208
2024-02-05,3.573,3.424,3.371,3.383,3.312,3.339,3.374,3.328,3.273
2024-02-06,3.572,3.416,3.365,3.373,3.292,3.322,3.382,3.336,3.292
2024-02-07,3.518,3.413,3.367,3.374,3.286,3.318,3.378,3.345,3.301
2024-02-08,3.601,3.418,3.384,3.394,3.305,3.337,3.4,3.365,3.324
2024-02-13,3.62,3.425,3.417,3.43,3.353,3.391,3.453,3.402,3.358
2024-02-14,3.644,3.443,3.454,3.493,3.425,3.457,3.502,3.436,3.377
2024-02-15,3.682,3.43,3.439,3.46,3.405,3.441,3.477,3.405,3.341
2024-02-16,3.661,3.431,3.449,3.465,3.405,3.447,3.482,3.429,3.366
2024-02-19,3.634,3.43,3.45,3.453,3.397,3.437,3.467,3.414,3.35
2024-02-20,3.59,3.439,3.474,3.471,3.405,3.452,3.489,3.462,3.39
2024-02-21,3.625,3.441,3.486,3.474,3.402,3.443,3.474,3.452,3.384
2024-02-22,3.659,3.431,3.466,3.419,3.342,3.391,3.424,3.417,3.354
2024-02-23,3.677,3.445,3.494,3.45,3.374,3.43,3.468,3.445,3.367
2024-02-26,3.568,3.439,3.477,3.428,3.34,3.379,3.402,3.386,3.308
2024-02-27,3.465,3.445,3.49,3.448,3.364,3.4,3.43,3.401,3.321
2024-02-28,3.401,3.45,3.487,3.446,3.359,3.4,3.442,3.426,3.35
2024-02-29,3.463,3.464,3.496,3.469,3.385,3.432,3.475,3.455,3.379
2024-03-04,3.366,3.466,3.469,3.438,3.36,3.403,3.434,3.433,3.366
2024-03-05,3.237,3.471,3.463,3.441,3.349,3.387,3.409,3.396,3.32
2024-03-06,3.477,3.468,3.447,3.42,3.325,3.362,3.381,3.38,3.307
2024-03-07,3.375,3.47,3.442,3.42,3.321,3.364,3.399,3.397,3.332
2024-03-08,3.546,3.46,3.407,3.382,3.271,3.306,3.334,3.343,3.279
2024-03-11,3.4,3.465,3.395,3.345,3.275,3.284,3.342,3.341,3.27
2024-03-12,3.421,3.47,3.361,3.357,3.273,3.284,3.335,3.324,3.25
2024-03-13,3.471,3.468,3.345,3.34,3.251,3.272,3.331,3.315,3.24
2024-03-14,3.486,3.475,3.349,3.363,3.273,3.302,3.354,3.35,3.265
2024-03-15,3.464,3.475,3.351,3.381,3.308,3.344,3.41,3.385,3.308
2024-03-18,3.441,3.473,3.357,3.413,3.348,3.382,3.435,3.407,3.325
2024-03-19,3.513,3.472,3.361,3.444,3.383,3.419,3.472,3.427,3.343
2024-03-20,3.533,3.456,3.346,3.429,3.371,3.399,3.451,3.408,3.324
2024-03-21,3.529,3.441,3.32,3.352,3.306,3.349,3.411,3.37,3.285
2024-03-22,3.476,3.445,3.321,3.335,3.284,3.317,3.362,3.339,3.264
2024-03-25,3.482,3.448,3.328,3.313,3.29,3.331,3.37,3.361,3.277
2024-03-26,3.472,3.453,3.34,3.335,3.301,3.34,3.397,3.385,3.294
2024-03-27,3.44,3.452,3.34,3.331,3.288,3.322,3.373,3.368,3.268
2024-03-28,3.502,3.46,3.356,3.333,3.293,3.324,3.377,3.367,3.277
2024-03-29,3.574,3.468,3.384,3.368,3.322,3.354,3.413,3.392,3.313
2024-04-01,3.501,3.459,3.373,3.337,3.291,3.326,3.381,3.356,3.281
2024-04-02,3.479,3.467,3.396,3.359,3.333,3.368,3.425,3.38,3.303
2024-04-03,3.445,3.465,3.401,3.369,3.341,3.381,3.452,3.394,3.309
2024-04-04,3.499,3.462,3.4,3.365,3.338,3.378,3.457,3.401,3.309
2024-04-05,3.526,3.455,3.392,3.356,3.329,3.368,3.433,3.384,3.295
2024-04-08,3.544,3.468,3.42,3.416,3.383,3.423,3.488,3.431,3.334
2024-04-09,3.461,3.47,3.422,3.432,3.391,3.436,3.503,3.436,3.338
2024-04-11,3.503,3.487,3.458,3.494,3.466,3.511,3.585,3.495,3.388
2024-04-12,3.5,3.464,3.431,3.445,3.403,3.454,3.538,3.454,3.359
2024-04-15,3.494,3.467,3.444,3.467,3.44,3.494,3.561,3.483,3.39
2024-04-16,3.42,3.472,3.455,3.49,3.469,3.532,3.618,3.522,3.426
2024-04-17,3.485,3.462,3.451,3.504,3.475,3.541,3.632,3.526,3.427
2024-04-18,3.519,3.444,3.42,3.448,3.427,3.491,3.562,3.474,3.376
2024-04-19,3.514,3.455,3.447,3.485,3.468,3.536,3.583,3.488,3.387
2024-04-22,3.533,3.471,3.473,3.528,3.512,3.585,3.65,3.544,3.433
2024-04-23,3.532,3.454,3.464,3.502,3.489,3.556,3.625,3.554,3.448
2024-04-24,3.519,3.459,3.472,3.509,3.509,3.579,3.645,3.563,3.465
2024-04-25,3.562,3.469,3.485,3.533,3.543,3.625,3.707,3.617,3.525
2024-04-26,3.581,3.46,3.476,3.522,3.531,3.602,3.694,3.614,3.526
2024-04-29,3.573,3.464,3.481,3.54,3.552,3.62,3.704,3.624,3.537
2024-04-30,3.655,3.457,3.47,3.518,3.529,3.586,3.656,3.572,3.49
2024-05-02,3.489,3.452,3.462,3.503,3.509,3.563,3.638,3.553,3.47
2024-05-03,3.475,3.453,3.46,3.507,3.5,3.549,3.614,3.525,3.431
2024-05-07,3.5,3.443,3.441,3.473,3.448,3.482,3.536,3.472,3.377
2024-05-08,3.485,3.449,3.444,3.473,3.439,3.473,3.53,3.461,3.372
2024-05-09,3.5,3.453,3.45,3.481,3.453,3.49,3.556,3.496,3.418
2024-05-10,3.546,3.449,3.447,3.471,3.44,3.478,3.538,3.474,3.393
2024-05-13,3.574,3.452,3.458,3.482,3.452,3.493,3.554,3.486,3.404
2024-05-14,3.563,3.451,3.46,3.478,3.454,3.489,3.546,3.474,3.39
2024-05-16,3.542,3.435,3.426,3.415,3.375,3.408,3.458,3.393,3.317
2024-05-17,3.534,3.44,3.424,3.421,3.379,3.413,3.454,3.394,3.32
2024-05-20,3.539,3.447,3.435,3.445,3.412,3.444,3.497,3.45,3.362
2024-05-21,3.531,3.446,3.434,3.442,3.411,3.441,3.491,3.429,3.338
2024-05-22,3.531,3.446,3.431,3.447,3.409,3.436,3.478,3.409,3.319
2024-05-23,3.556,3.443,3.42,3.435,3.402,3.421,3.472,3.414,3.322
2024-05-24,3.565,3.447,3.424,3.456,3.423,3.451,3.515,3.453,3.365
2024-05-27,3.555,3.444,3.417,3.448,3.413,3.439,3.498,3.443,3.362
2024-05-28,3.52,3.44,3.402,3.424,3.394,3.421,3.481,3.431,3.355
2024-05-29,3.523,3.446,3.411,3.444,3.425,3.465,3.536,3.475,3.394
2024-05-30,3.528,3.447,3.415,3.462,3.44,3.488,3.564,3.496,3.413
2024-05-31,3.58,3.448,3.41,3.462,3.452,3.502,3.578,3.508,3.429
2024-06-03,3.539,3.446,3.39,3.45,3.434,3.466,3.532,3.451,3.368
2024-06-04,3.483,3.44,3.363,3.411,3.39,3.412,3.47,3.396,3.318
2024-06-05,3.502,3.434,3.349,3.379,3.345,3.368,3.43,3.368,3.297
2024-06-07,3.587,3.435,3.334,3.342,3.308,3.329,3.385,3.328,3.26
2024-06-10,3.599,3.459,3.362,3.404,3.353,3.386,3.433,3.372,3.293
2024-06-11,3.591,3.449,3.349,3.398,3.341,3.369,3.425,3.363,3.28
2024-06-12,3.556,3.44,3.338,3.375,3.307,3.332,3.382,3.328,3.245
2024-06-13,3.531,3.439,3.33,3.347,3.277,3.296,3.345,3.294,3.223
2024-06-14,3.503,3.433,3.324,3.325,3.252,3.266,3.302,3.263,3.2
2024-06-17,3.503,3.429,3.315,3.283,3.212,3.23,3.283,3.254,3.19
2024-06-18,3.506,3.437,3.325,3.279,3.214,3.237,3.279,3.242,3.166
2024-06-19,3.505,3.429,3.314,3.243,3.162,3.188,3.231,3.194,3.119
2024-06-20,3.519,3.444,3.336,3.269,3.196,3.22,3.269,3.235,3.158
2024-06-21,3.56,3.442,3.33,3.246,3.176,3.199,3.255,3.236,3.163
2024-06-24,3.554,3.451,3.343,3.258,3.194,3.215,3.264,3.24,3.171
2024-06-25,3.575,3.452,3.346,3.26,3.201,3.217,3.271,3.245,3.18
2024-06-26,3.552,3.454,3.348,3.27,3.215,3.23,3.278,3.251,3.191
2024-06-27,3.56,3.455,3.348,3.281,3.22,3.241,3.3,3.277,3.219
2024-06-28,3.591,3.443,3.328,3.243,3.182,3.204,3.266,3.25,3.197
2024-07-01,3.512,3.453,3.309,3.263,3.21,3.24,3.312,3.274,3.207
2024-07-02,3.483,3.431,3.261,3.209,3.169,3.204,3.289,3.256,3.191
2024-07-03,3.504,3.421,3.254,3.199,3.16,3.188,3.274,3.239,3.175
2024-07-04,3.514,3.395,3.23,3.156,3.128,3.161,3.234,3.209,3.148
2024-07-05,3.538,3.378,3.216,3.161,3.115,3.159,3.227,3.196,3.127
2024-07-08,3.498,3.369,3.209,3.161,3.119,3.14,3.212,3.181,3.113
2024-07-09,3.44,3.357,3.201,3.159,3.114,3.132,3.191,3.169,3.103
2024-07-10,3.475,3.355,3.201,3.163,3.12,3.131,3.198,3.171,3.098
2024-07-11,3.528,3.367,3.216,3.209,3.163,3.178,3.234,3.197,3.118
2024-07-12,3.528,3.354,3.201,3.161,3.101,3.117,3.177,3.144,3.063
2024-07-15,3.509,3.357,3.192,3.137,3.076,3.103,3.177,3.148,3.069
2024-07-16,3.483,3.357,3.181,3.102,3.035,3.061,3.137,3.115,3.03
2024-07-17,3.517,3.365,3.193,3.105,3.05,3.072,3.139,3.1,3.024
2024-07-18,3.523,3.368,3.202,3.115,3.058,3.081,3.138,3.095,3.012
2024-07-19,3.564,3.376,3.216,3.144,3.074,3.099,3.156,3.111,3.026
2024-07-22,3.51,3.37,3.219,3.126,3.071,3.091,3.145,3.099,3.016
2024-07-23,3.55,3.37,3.229,3.139,3.084,3.11,3.171,3.116,3.031
2024-07-24,3.526,3.354,3.217,3.118,3.046,3.073,3.131,3.089,3.004
2024-07-25,3.557,3.349,3.203,3.103,3.024,3.059,3.128,3.088,3.004
2024-07-26,3.541,3.348,3.193,3.1,3.024,3.045,3.108,3.082,2.993
2024-07-29,3.505,3.335,3.156,3.057,2.978,2.99,3.046,3.03,2.942
2024-07-30,3.513,3.344,3.155,3.076,2.994,3.005,3.052,3.032,2.942
2024-07-31,3.53,3.345,3.152,3.086,3.004,3.023,3.064,3.044,2.948
2024-08-01,3.512,3.336,3.137,3.061,2.976,2.987,3.01,3.006,2.923
2024-08-02,3.542,3.332,3.124,3.041,2.939,2.948,2.976,2.972,2.88
2024-08-05,3.545,3.311,3.083,2.928,2.806,2.817,2.878,2.901,2.825
2024-08-06,3.535,3.321,3.112,3.05,2.935,2.953,2.993,2.993,2.913
2024-08-07,3.487,3.304,3.104,3.031,2.929,2.951,3.001,2.988,2.901
2024-08-08,3.531,3.293,3.093,3.016,2.911,2.934,2.997,2.987,2.899
2024-08-09,3.531,3.297,3.092,3.034,2.941,2.958,3.012,3.003,2.911
2024-08-12,3.534,3.294,3.084,3.034,2.946,2.954,3.0,2.99,2.9
2024-08-13,3.579,3.288,3.072,3.026,2.918,2.93,2.974,2.965,2.876
2024-08-14,3.561,3.274,3.049,3.0,2.888,2.899,2.945,2.93,2.835
2024-08-16,3.554,3.281,3.06,3.04,2.928,2.933,2.973,2.954,2.853
2024-08-19,3.538,3.272,3.055,3.035,2.927,2.942,2.985,2.966,2.864
2024-08-20,3.523,3.274,3.058,3.048,2.944,2.959,2.999,2.993,2.895
2024-08-21,3.536,3.268,3.052,3.044,2.94,2.96,2.997,2.998,2.904
2024-08-22,3.538,3.262,3.042,3.022,2.907,2.933,2.98,2.995,2.903
2024-08-23,3.523,3.266,3.05,3.037,2.92,2.953,3.005,3.012,2.925
2024-08-26,3.528,3.259,3.039,3.011,2.89,2.925,2.974,2.99,2.905
2024-08-27,3.509,3.271,3.055,3.055,2.94,2.995,3.073,3.064,2.977
2024-08-28,3.505,3.262,3.049,3.026,2.919,2.977,3.054,3.059,2.969
2024-08-29,3.503,3.26,3.059,3.057,2.939,3.0,3.075,3.078,2.987
2024-08-30,3.543,3.257,3.06,3.067,2.953,3.01,3.088,3.084,2.978
2024-09-02,3.521,3.256,3.063,3.091,2.989,3.049,3.121,3.118,3.002
2024-09-03,3.507,3.247,3.056,3.088,2.981,3.051,3.12,3.133,3.015
2024-09-04,3.521,3.234,3.028,3.039,2.931,2.996,3.052,3.086,2.973
2024-09-05,3.546,3.234,3.021,3.02,2.905,2.971,3.03,3.07,2.968
2024-09-06,3.555,3.229,3.014,3.008,2.881,2.932,2.99,3.015,2.925
2024-09-09,3.562,3.229,3.01,3.023,2.897,2.962,3.032,3.048,2.966
2024-09-10,3.42,3.212,2.991,2.956,2.877,2.906,3.01,2.926,2.919
2024-09-11,3.48,3.201,2.941,2.914,2.82,2.855,2.943,2.878,2.856
2024-09-12,3.578,3.204,2.941,2.947,2.866,2.897,2.97,2.862,2.867
2024-09-13,3.538,3.189,2.896,2.87,2.822,2.832,2.928,2.823,2.839
2024-09-19,3.517,3.191,2.898,2.882,2.843,2.867,2.979,2.913,2.869
2024-09-20,3.505,3.187,2.886,2.859,2.838,2.868,2.989,2.914,2.869
2024-09-23,3.499,3.184,2.886,2.872,2.864,2.904,3.022,2.94,2.899
2024-09-24,3.509,3.179,2.88,2.866,2.854,2.903,3.026,2.94,2.91
2024-09-25,3.509,3.168,2.865,2.822,2.812,2.873,2.997,2.924,2.89
2024-09-26,3.531,3.162,2.853,2.815,2.807,2.875,3.001,2.924,2.894
2024-09-27,3.535,3.164,2.845,2.83,2.826,2.889,3.0,2.907,2.885
2024-09-30,3.602,3.157,2.826,2.813,2.811,2.887,2.992,2.904,2.872
2024-10-02,3.51,3.151,2.809,2.798,2.78,2.843,2.932,2.841,2.812
2024-10-04,3.494,3.158,2.827,2.851,2.824,2.899,2.996,2.879,2.861
2024-10-07,3.473,3.171,2.861,2.98,2.96,3.018,3.101,2.969,2.942
2024-10-08,3.483,3.139,2.852,2.961,2.932,2.998,3.077,2.947,2.921
2024-10-10,3.517,3.13,2.866,2.982,2.962,3.014,3.088,2.937,2.908
2024-10-11,3.312,3.119,2.856,2.971,2.947,2.998,3.085,2.932,2.911
2024-10-14,3.306,3.105,2.857,2.962,2.938,2.997,3.087,2.938,2.929
2024-10-15,3.291,3.091,2.849,2.936,2.906,2.963,3.05,2.933,2.913
2024-10-16,3.282,3.081,2.842,2.907,2.88,2.924,3.008,2.903,2.884
2024-10-17,3.278,3.083,2.85,2.914,2.897,2.946,3.028,2.933,2.903
2024-10-18,3.278,3.087,2.862,2.93,2.908,2.971,3.072,2.972,2.933
2024-10-21,3.264,3.077,2.862,2.92,2.902,2.963,3.054,2.972,2.922
2024-10-22,3.266,3.077,2.879,2.945,2.943,3.014,3.13,3.024,2.969
2024-10-23,3.269,3.074,2.879,2.942,2.936,3.011,3.128,3.017,2.962
2024-10-24,3.276,3.05,2.853,2.902,2.891,2.956,3.074,2.981,2.929
2024-10-25,3.283,3.051,2.851,2.896,2.882,2.941,3.054,2.982,2.916
2024-10-28,3.277,3.065,2.873,2.938,2.932,3.008,3.117,3.018,2.961
2024-10-29,3.263,3.058,2.867,2.948,2.936,3.009,3.118,3.031,2.971
2024-10-30,3.265,3.055,2.87,2.956,2.937,3.002,3.105,3.022,2.952
2024-10-31,3.285,3.055,2.875,2.964,2.936,2.998,3.1,3.011,2.93
2024-11-01,3.232,3.052,2.875,2.961,2.939,2.995,3.09,3.012,2.923
2024-11-04,3.228,3.051,2.87,2.956,2.935,2.994,3.096,3.03,2.936
2024-11-05,3.192,3.049,2.858,2.939,2.918,2.971,3.073,2.999,2.911
2024-11-06,3.236,3.055,2.867,2.98,2.96,3.023,3.134,3.038,2.948
2024-11-07,3.258,3.049,2.858,2.951,2.922,2.978,3.098,3.014,2.924
2024-11-08,3.273,3.036,2.847,2.925,2.889,2.942,3.049,2.99,2.898
2024-11-11,3.277,3.046,2.858,2.943,2.901,2.948,3.038,2.98,2.888
2024-11-12,3.273,3.044,2.855,2.937,2.9,2.939,3.014,2.955,2.862
2024-11-13,3.276,3.052,2.875,2.973,2.939,2.984,3.067,2.982,2.896
2024-11-14,3.266,3.05,2.873,2.958,2.929,2.986,3.074,3.0,2.917
2024-11-15,3.264,3.06,2.893,2.976,2.941,2.991,3.084,3.005,2.923
2024-11-18,3.267,3.054,2.894,2.961,2.915,2.967,3.063,2.997,2.921
2024-11-19,3.262,3.05,2.89,2.946,2.889,2.937,3.036,2.976,2.908
2024-11-20,3.266,3.05,2.886,2.933,2.873,2.92,3.017,2.962,2.888
2024-11-21,3.271,3.045,2.872,2.892,2.829,2.883,2.978,2.895,2.857
2024-11-22,3.285,3.046,2.866,2.865,2.816,2.872,2.976,2.891,2.856
2024-11-25,3.29,3.043,2.853,2.828,2.773,2.824,2.92,2.866,2.818
2024-11-26,3.267,3.045,2.854,2.825,2.773,2.813,2.903,2.854,2.801
2024-11-27,3.263,3.044,2.846,2.8,2.741,2.783,2.88,2.831,2.778
2024-11-28,3.057,3.009,2.802,2.705,2.638,2.686,2.788,2.742,2.687
2024-11-29,3.065,2.979,2.779,2.674,2.607,2.65,2.751,2.693,2.63
2024-12-02,3.033,2.964,2.754,2.639,2.567,2.596,2.697,2.653,2.589
2024-12-03,3.02,2.969,2.754,2.649,2.585,2.606,2.713,2.648,2.579
2024-12-04,3.038,2.984,2.758,2.684,2.626,2.64,2.765,2.677,2.595
2024-12-05,3.011,2.977,2.739,2.657,2.603,2.62,2.738,2.654,2.573
2024-12-06,3.024,2.979,2.743,2.67,2.62,2.633,2.744,2.647,2.561
2024-12-09,3.022,2.962,2.723,2.635,2.579,2.579,2.677,2.583,2.486
2024-12-10,2.948,2.966,2.717,2.634,2.524,2.586,2.645,2.573,2.497
2024-12-11,2.984,2.968,2.712,2.641,2.536,2.617,2.692,2.601,2.53
2024-12-12,3.022,2.969,2.706,2.662,2.549,2.628,2.7,2.599,2.531
2024-12-13,3.019,2.966,2.694,2.664,2.541,2.623,2.676,2.562,2.489
2024-12-16,3.022,2.964,2.691,2.665,2.553,2.655,2.721,2.648,2.573
2024-12-17,3.011,2.975,2.704,2.715,2.621,2.731,2.79,2.722,2.654
2024-12-18,3.018,2.955,2.664,2.632,2.536,2.65,2.738,2.707,2.64
2024-12-19,3.034,2.971,2.685,2.699,2.603,2.736,2.814,2.755,2.69
2024-12-20,3.104,2.975,2.692,2.73,2.629,2.775,2.873,2.793,2.723
2024-12-23,3.103,2.968,2.689,2.735,2.616,2.757,2.844,2.764,2.696
2024-12-24,3.067,2.971,2.696,2.763,2.626,2.801,2.876,2.818,2.76
2024-12-26,3.16,2.973,2.7,2.792,2.648,2.809,2.904,2.844,2.773
2024-12-27,3.1,2.966,2.695,2.776,2.634,2.784,2.876,2.877,2.805
2024-12-30,3.06,2.962,2.688,2.765,2.597,2.763,2.855,2.876,2.794
2024-12-31,3.327,2.962,2.688,2.765,2.596,2.762,2.855,2.877,2.793
2025-01-02,3.029,2.951,2.659,2.681,2.507,2.681,2.749,2.768,2.692
2025-01-03,2.967,2.938,2.649,2.677,2.482,2.643,2.754,2.74,2.678
2025-01-06,3.032,2.853,2.653,2.699,2.524,2.685,2.817,2.764,2.707
2025-01-07,3.0,2.859,2.643,2.671,2.508,2.661,2.794,2.74,2.693
2025-01-08,3.003,2.86,2.635,2.65,2.505,2.652,2.796,2.725,2.686
2025-01-09,3.079,2.864,2.624,2.609,2.5,2.627,2.778,2.706,2.678
2025-01-10,3.081,2.879,2.636,2.65,2.561,2.684,2.837,2.729,2.708
2025-01-13,3.064,2.889,2.663,2.72,2.664,2.746,2.871,2.769,2.729
2025-01-14,2.99,2.886,2.65,2.709,2.646,2.736,2.841,2.728,2.684
2025-01-15,3.008,2.888,2.653,2.727,2.675,2.774,2.86,2.736,2.691
2025-01-16,3.071,2.879,2.631,2.678,2.626,2.723,2.802,2.717,2.671
2025-01-17,3.069,2.873,2.618,2.651,2.588,2.688,2.813,2.715,2.67
2025-01-20,3.109,2.874,2.628,2.662,2.623,2.715,2.868,2.741,2.684
2025-01-21,3.138,2.873,2.616,2.651,2.579,2.678,2.818,2.721,2.68
2025-01-22,3.106,2.874,2.624,2.646,2.577,2.69,2.827,2.734,2.682
2025-01-23,3.088,2.877,2.632,2.663,2.578,2.695,2.837,2.781,2.716
2025-01-24,3.091,2.872,2.627,2.655,2.57,2.704,2.859,2.798,2.736
2025-01-31,3.074,2.873,2.631,2.644,2.573,2.701,2.859,2.79,2.743
2025-02-03,2.988,2.87,2.644,2.663,2.572,2.689,2.835,2.769,2.722
2025-02-04,2.919,2.871,2.654,2.677,2.584,2.703,2.844,2.782,2.712
2025-02-05,2.98,2.872,2.659,2.668,2.578,2.684,2.818,2.748,2.67
2025-02-06,3.003,2.871,2.66,2.664,2.582,2.67,2.796,2.72,2.661
2025-02-07,3.024,2.877,2.672,2.713,2.635,2.719,2.836,2.739,2.672
2025-02-10,3.034,2.872,2.673,2.708,2.638,2.713,2.83,2.737,2.682
2025-02-11,3.021,2.871,2.673,2.7,2.633,2.715,2.849,2.751,2.682
2025-02-12,3.033,2.87,2.674,2.717,2.651,2.744,2.879,2.772,2.698
2025-02-13,3.054,2.869,2.672,2.693,2.631,2.732,2.872,2.775,2.716
2025-02-14,3.057,2.863,2.666,2.688,2.611,2.711,2.846,2.76,2.693
2025-02-17,3.017,2.865,2.668,2.702,2.623,2.729,2.869,2.774,2.7
2025-02-18,3.001,2.865,2.668,2.712,2.641,2.75,2.878,2.775,2.692
2025-02-19,2.953,2.862,2.66,2.698,2.63,2.745,2.873,2.769,2.686
2025-02-20,2.993,2.86,2.655,2.691,2.628,2.748,2.888,2.779,2.692
2025-02-21,2.985,2.86,2.648,2.674,2.618,2.73,2.856,2.76,2.678
2025-02-24,3.022,2.842,2.638,2.667,2.61,2.717,2.825,2.738,2.648
2025-02-25,2.837,2.847,2.63,2.661,2.596,2.698,2.797,2.734,2.643
2025-02-26,2.792,2.768,2.624,2.654,2.591,2.676,2.752,2.698,2.598
2025-02-27,2.805,2.762,2.623,2.664,2.592,2.68,2.754,2.689,2.582
2025-02-28,2.799,2.758,2.62,2.654,2.566,2.646,2.706,2.645,2.544
2025-03-04,2.691,2.738,2.615,2.653,2.541,2.629,2.703,2.653,2.556
2025-03-05,2.731,2.75,2.627,2.678,2.565,2.678,2.773,2.706,2.605
2025-03-06,2.773,2.762,2.639,2.7,2.594,2.704,2.806,2.723,2.61
2025-03-07,2.779,2.75,2.621,2.669,2.565,2.678,2.773,2.694,2.581
2025-03-10,2.777,2.749,2.63,2.677,2.596,2.658,2.801,2.705,2.596
2025-03-11,2.76,2.743,2.616,2.65,2.56,2.633,2.76,2.674,2.563
2025-03-12,2.763,2.736,2.615,2.633,2.55,2.619,2.763,2.676,2.566
2025-03-13,2.753,2.736,2.604,2.64,2.57,2.625,2.77,2.678,2.575
2025-03-14,2.758,2.741,2.61,2.67,2.596,2.64,2.813,2.693,2.59
2025-03-17,2.752,2.739,2.609,2.67,2.601,2.647,2.805,2.686,2.585
2025-03-18,2.756,2.739,2.602,2.665,2.598,2.644,2.788,2.669,2.568
2025-03-19,2.748,2.736,2.602,2.682,2.621,2.673,2.811,2.67,2.568
2025-03-20,2.766,2.732,2.59,2.655,2.598,2.658,2.792,2.655,2.548
2025-03-21,2.761,2.733,2.592,2.665,2.597,2.662,2.805,2.664,2.548
2025-03-24,2.752,2.658,2.603,2.678,2.604,2.687,2.816,2.694,2.569
2025-03-25,2.749,2.659,2.611,2.692,2.612,2.7,2.821,2.702,2.586
2025-03-26,2.733,2.662,2.615,2.691,2.618,2.713,2.839,2.722,2.613
2025-03-27,2.731,2.663,2.617,2.684,2.622,2.705,2.838,2.713,2.606
2025-03-28,2.732,2.663,2.621,2.694,2.629,2.71,2.842,2.718,2.616
2025-03-31,2.776,2.646,2.607,2.648,2.569,2.645,2.771,2.671,2.574
2025-04-01,2.741,2.664,2.622,2.654,2.581,2.659,2.787,2.695,2.598
2025-04-02,2.753,2.664,2.622,2.653,2.584,2.653,2.767,2.676,2.576
2025-04-03,2.766,2.649,2.592,2.608,2.529,2.606,2.738,2.653,2.559
2025-04-04,2.764,2.643,2.558,2.533,2.461,2.544,2.692,2.615,2.528
2025-04-07,2.782,2.596,2.525,2.466,2.405,2.491,2.648,2.57,2.473
2025-04-08,2.717,2.615,2.535,2.471,2.413,2.508,2.686,2.611,2.511
2025-04-09,2.742,2.619,2.536,2.481,2.434,2.54,2.732,2.652,2.554
2025-04-10,2.791,2.621,2.536,2.486,2.437,2.514,2.702,2.636,2.535
2025-04-11,2.783,2.621,2.513,2.459,2.411,2.51,2.696,2.645,2.544
2025-04-14,2.775,2.508,2.499,2.464,2.408,2.509,2.691,2.625,2.531
2025-04-15,2.756,2.505,2.492,2.444,2.399,2.499,2.664,2.597,2.501
2025-04-16,2.752,2.5,2.467,2.404,2.351,2.463,2.629,2.566,2.464
2025-04-17,2.782,2.503,2.467,2.428,2.385,2.483,2.645,2.579,2.49
2025-04-18,2.781,2.502,2.424,2.403,2.362,2.464,2.62,2.561,2.464
2025-04-21,2.777,2.498,2.416,2.379,2.331,2.441,2.602,2.551,2.454
2025-04-22,2.776,2.5,2.415,2.38,2.33,2.441,2.621,2.578,2.49
2025-04-23,2.776,2.501,2.412,2.383,2.337,2.437,2.598,2.569,2.483
2025-04-24,2.786,2.501,2.411,2.393,2.341,2.444,2.623,2.587,2.502
2025-04-25,2.782,2.5,2.394,2.356,2.305,2.403,2.576,2.555,2.472
2025-04-28,2.752,2.497,2.393,2.367,2.316,2.414,2.588,2.558,2.468
2025-04-29,2.767,2.497,2.39,2.355,2.31,2.419,2.603,2.576,2.495
2025-04-30,2.783,2.493,2.374,2.323,2.267,2.375,2.563,2.545,2.469
2025-05-02,2.75,2.495,2.374,2.329,2.282,2.394,2.593,2.554,2.474
2025-05-07,2.733,2.493,2.35,2.3,2.253,2.379,2.603,2.567,2.486
2025-05-08,2.758,2.499,2.346,2.32,2.281,2.395,2.622,2.598,2.516
2025-05-09,2.772,2.509,2.346,2.358,2.331,2.448,2.67,2.641,2.551
2025-05-12,2.784,2.508,2.341,2.355,2.33,2.451,2.685,2.661,2.575
2025-05-13,2.787,2.519,2.348,2.393,2.37,2.496,2.722,2.682,2.59
2025-05-14,2.779,2.519,2.319,2.369,2.351,2.482,2.718,2.683,2.582
2025-05-15,2.76,2.523,2.314,2.37,2.362,2.496,2.727,2.689,2.589
2025-05-16,2.769,2.519,2.288,2.337,2.319,2.445,2.676,2.665,2.569
2025-05-19,2.749,2.522,2.295,2.363,2.366,2.501,2.747,2.72,2.631
2025-05-20,2.749,2.518,2.281,2.34,2.33,2.467,2.713,2.688,2.599
2025-05-21,2.759,2.52,2.281,2.347,2.345,2.498,2.76,2.72,2.629
2025-05-22,2.751,2.52,2.28,2.341,2.336,2.493,2.755,2.722,2.632
2025-05-23,2.772,2.52,2.282,2.335,2.338,2.502,2.766,2.734,2.636
2025-05-26,2.77,2.517,2.28,2.33,2.348,2.504,2.766,2.732,2.631
2025-05-27,2.751,2.512,2.276,2.33,2.34,2.478,2.709,2.698,2.587
2025-05-28,2.736,2.509,2.27,2.323,2.314,2.467,2.706,2.686,2.575
2025-05-29,2.548,2.509,2.276,2.331,2.341,2.5,2.76,2.718,2.609
2025-05-30,2.582,2.509,2.276,2.343,2.347,2.521,2.786,2.733,2.629
2025-06-02,2.538,2.5,2.271,2.332,2.34,2.515,2.793,2.747,2.65
2025-06-04,2.517,2.507,2.293,2.378,2.414,2.602,2.894,2.865,2.781
2025-06-05,2.494,2.503,2.284,2.376,2.412,2.597,2.891,2.843,2.754
2025-06-09,2.523,2.493,2.278,2.377,2.405,2.57,2.867,2.837,2.749
2025-06-10,2.458,2.495,2.277,2.387,2.385,2.562,2.831,2.829,2.752
2025-06-11,2.484,2.497,2.283,2.404,2.419,2.581,2.837,2.829,2.746
2025-06-12,2.517,2.496,2.285,2.423,2.429,2.581,2.827,2.838,2.749
2025-06-13,2.543,2.498,2.292,2.466,2.462,2.597,2.819,2.81,2.722
2025-06-16,2.543,2.496,2.298,2.47,2.483,2.623,2.864,2.825,2.749
2025-06-17,2.528,2.486,2.279,2.445,2.448,2.612,2.868,2.812,2.736
2025-06-18,2.533,2.489,2.29,2.465,2.472,2.637,2.876,2.828,2.732
2025-06-19,2.529,2.488,2.295,2.483,2.475,2.64,2.874,2.839,2.743
2025-06-20,2.545,2.488,2.292,2.471,2.463,2.636,2.867,2.847,2.748
2025-06-23,2.53,2.453,2.307,2.503,2.498,2.662,2.873,2.86,2.762
2025-06-24,2.528,2.447,2.297,2.463,2.461,2.616,2.823,2.832,2.738
2025-06-25,2.522,2.447,2.298,2.463,2.46,2.619,2.82,2.82,2.728
2025-06-26,2.494,2.444,2.294,2.453,2.454,2.599,2.788,2.785,2.693
2025-06-27,2.466,2.443,2.304,2.464,2.453,2.585,2.785,2.813,2.726
2025-06-30,2.566,2.442,2.302,2.449,2.452,2.591,2.805,2.832,2.747
2025-07-01,2.499,2.441,2.301,2.443,2.454,2.581,2.784,2.79,2.696
2025-07-02,2.484,2.446,2.31,2.461,2.483,2.619,2.832,2.824,2.723
2025-07-03,2.496,2.438,2.302,2.426,2.449,2.595,2.814,2.807,2.712
2025-07-04,2.496,2.442,2.311,2.446,2.467,2.62,2.828,2.825,2.727
2025-07-07,2.5,2.443,2.313,2.453,2.482,2.637,2.84,2.845,2.749
2025-07-08,2.408,2.438,2.31,2.442,2.477,2.635,2.847,2.845,2.748
2025-07-09,2.447,2.431,2.309,2.435,2.478,2.636,2.854,2.843,2.744
2025-07-10,2.529,2.422,2.295,2.403,2.433,2.592,2.814,2.817,2.722
2025-07-11,2.509,2.425,2.303,2.421,2.448,2.604,2.823,2.81,2.717
2025-07-14,2.51,2.429,2.313,2.441,2.474,2.652,2.886,2.855,2.757
2025-07-15,2.478,2.426,2.308,2.431,2.463,2.644,2.877,2.846,2.744
2025-07-16,2.502,2.427,2.307,2.423,2.459,2.642,2.877,2.856,2.755
2025-07-17,2.5,2.431,2.317,2.438,2.479,2.663,2.905,2.881,2.783
2025-07-18,2.51,2.43,2.315,2.437,2.474,2.645,2.873,2.86,2.763
2025-07-21,2.491,2.415,2.311,2.417,2.456,2.628,2.855,2.855,2.757
2025-07-22,2.504,2.415,2.314,2.423,2.463,2.622,2.839,2.835,2.737
2025-07-23,2.502,2.414,2.314,2.419,2.458,2.615,2.83,2.833,2.738
2025-07-24,2.508,2.415,2.316,2.426,2.467,2.626,2.849,2.845,2.753
2025-07-25,2.515,2.415,2.318,2.423,2.485,2.637,2.855,2.844,2.752
2025-07-28,2.506,2.376,2.31,2.402,2.464,2.615,2.829,2.829,2.736
2025-07-29,2.5,2.363,2.3,2.387,2.46,2.613,2.823,2.83,2.737
2025-07-30,2.518,2.361,2.295,2.392,2.454,2.598,2.797,2.81,2.714
2025-07-31,2.514,2.363,2.297,2.401,2.46,2.588,2.785,2.811,2.707
2025-08-01,2.491,2.366,2.303,2.423,2.478,2.623,2.832,2.851,2.748
2025-08-04,2.507,2.356,2.266,2.364,2.421,2.569,2.778,2.803,2.709
2025-08-05,2.504,2.357,2.267,2.354,2.425,2.561,2.766,2.792,2.698
2025-08-06,2.493,2.359,2.269,2.36,2.43,2.569,2.779,2.8,2.713
2025-08-07,2.509,2.357,2.263,2.352,2.408,2.551,2.772,2.796,2.699
2025-08-08,2.532,2.358,2.263,2.351,2.409,2.554,2.776,2.792,2.697
2025-08-11,2.519,2.363,2.266,2.367,2.42,2.565,2.781,2.794,2.698
2025-08-12,2.523,2.366,2.27,2.378,2.431,2.582,2.801,2.818,2.72
2025-08-13,2.512,2.362,2.265,2.367,2.417,2.572,2.809,2.838,2.738
2025-08-14,2.516,2.361,2.261,2.36,2.404,2.556,2.787,2.821,2.726
2025-08-18,2.498,2.369,2.266,2.374,2.426,2.592,2.837,2.862,2.757
2025-08-19,2.472,2.369,2.268,2.381,2.444,2.613,2.858,2.874,2.772
2025-08-20,2.479,2.367,2.267,2.381,2.441,2.611,2.853,2.865,2.76
2025-08-21,2.499,2.366,2.266,2.377,2.438,2.605,2.845,2.856,2.75
2025-08-22,2.513,2.367,2.269,2.382,2.456,2.624,2.86,2.871,2.766
2025-08-25,2.515,2.362,2.258,2.36,2.434,2.602,2.852,2.864,2.768
2025-08-26,2.511,2.357,2.25,2.346,2.422,2.596,2.86,2.887,2.79
2025-08-27,2.505,2.352,2.24,2.334,2.402,2.569,2.825,2.863,2.763
2025-08-28,2.505,2.353,2.244,2.344,2.416,2.576,2.815,2.862,2.765
2025-08-29,2.521,2.355,2.248,2.354,2.426,2.583,2.815,2.856,2.753
2025-09-01,2.518,2.358,2.253,2.372,2.435,2.597,2.847,2.884,2.78
2025-09-02,2.515,2.359,2.258,2.38,2.45,2.619,2.87,2.903,2.796
2025-09-03,2.524,2.362,2.268,2.404,2.475,2.654,2.913,2.929,2.82
2025-09-04,2.534,2.361,2.269,2.409,2.472,2.643,2.883,2.906,2.798
2025-09-05,2.542,2.36,2.27,2.402,2.46,2.62,2.855,2.887,2.783
2025-09-08,2.519,2.36,2.269,2.4,2.448,2.608,2.848,2.875,2.773
2025-09-09,2.51,2.357,2.266,2.397,2.425,2.582,2.818,2.855,2.753
2025-09-10,2.495,2.355,2.275,2.418,2.43,2.566,2.833,2.822,2.75
2025-09-11,2.523,2.351,2.273,2.403,2.42,2.557,2.813,2.812,2.736
2025-09-12,2.522,2.353,2.277,2.408,2.431,2.564,2.813,2.805,2.731
2025-09-15,2.532,2.354,2.278,2.414,2.443,2.584,2.821,2.812,2.73
2025-09-16,2.506,2.348,2.266,2.394,2.417,2.565,2.804,2.794,2.707
2025-09-17,2.512,2.346,2.266,2.388,2.418,2.564,2.787,2.788,2.693
2025-09-18,2.524,2.344,2.262,2.37,2.403,2.544,2.756,2.758,2.667
2025-09-19,2.523,2.351,2.276,2.395,2.441,2.583,2.815,2.793,2.693
2025-09-22,2.541,2.354,2.283,2.409,2.459,2.606,2.833,2.804,2.703
2025-09-23,2.54,2.352,2.285,2.421,2.46,2.598,2.813,2.8,2.709
2025-09-24,2.53,2.356,2.291,2.437,2.489,2.629,2.848,2.825,2.734
2025-09-25,2.526,2.362,2.303,2.467,2.528,2.673,2.885,2.843,2.769
2025-09-26,2.523,2.37,2.318,2.499,2.562,2.716,2.943,2.879,2.812
2025-09-29,2.531,2.371,2.322,2.519,2.563,2.721,2.939,2.887,2.818
2025-09-30,2.575,2.371,2.325,2.525,2.582,2.734,2.951,2.916,2.841
2025-10-01,2.456,2.372,2.326,2.529,2.596,2.748,2.96,2.91,2.829
2025-10-02,2.483,2.365,2.314,2.518,2.581,2.729,2.959,2.911,2.821
2025-10-10,2.539,2.365,2.318,2.524,2.591,2.731,2.964,2.911,2.819
2025-10-13,2.536,2.355,2.303,2.492,2.554,2.677,2.904,2.861,2.767
2025-10-14,2.516,2.35,2.298,2.48,2.533,2.649,2.871,2.837,2.749
2025-10-15,2.522,2.348,2.295,2.473,2.52,2.64,2.856,2.826,2.744
2025-10-16,2.526,2.357,2.311,2.511,2.569,2.684,2.908,2.866,2.792
2025-10-17,2.514,2.352,2.304,2.493,2.555,2.666,2.885,2.845,2.776
2025-10-20,2.517,2.347,2.31,2.513,2.569,2.687,2.892,2.856,2.781
2025-10-21,2.517,2.35,2.321,2.541,2.6,2.711,2.904,2.87,2.79
2025-10-22,2.518,2.34,2.308,2.521,2.572,2.687,2.869,2.845,2.768
2025-10-23,2.511,2.345,2.324,2.556,2.605,2.721,2.912,2.887,2.804
2025-10-24,2.53,2.34,2.318,2.54,2.591,2.716,2.913,2.892,2.809
2025-10-27,2.528,2.342,2.33,2.556,2.62,2.756,2.959,2.937,2.85
2025-10-28,2.506,2.345,2.336,2.574,2.633,2.751,2.935,2.936,2.835
2025-10-29,2.512,2.354,2.372,2.605,2.677,2.798,2.984,2.977,2.882
2025-10-30,2.507,2.373,2.449,2.659,2.732,2.857,3.05,3.035,2.947
2025-10-31,2.511,2.372,2.438,2.636,2.716,2.855,3.061,3.068,2.985
2025-11-03,2.488,2.383,2.448,2.678,2.741,2.883,3.086,3.094,3.009
2025-11-04,2.43,2.382,2.446,2.669,2.729,2.879,3.082,3.104,3.025
2025-11-05,2.489,2.389,2.46,2.693,2.767,2.918,3.125,3.132,3.052
2025-11-06,2.518,2.406,2.505,2.752,2.834,2.993,3.203,3.19,3.121
2025-11-07,2.518,2.418,2.529,2.803,2.894,3.043,3.226,3.213,3.139
2025-11-10,2.52,2.42,2.523,2.795,2.865,3.035,3.23,3.228,3.14
2025-11-11,2.521,2.415,2.506,2.756,2.831,2.991,3.201,3.205,3.126
2025-11-12,2.51,2.444,2.54,2.837,2.923,3.088,3.282,3.275,3.2
2025-11-13,2.52,2.445,2.537,2.831,2.932,3.084,3.267,3.254,3.176
2025-11-14,2.513,2.453,2.537,2.828,2.944,3.126,3.317,3.316,3.242
2025-11-17,2.511,2.447,2.52,2.802,2.914,3.105,3.301,3.311,3.238
2025-11-18,2.497,2.438,2.486,2.754,2.872,3.068,3.268,3.283,3.214
2025-11-19,2.512,2.436,2.478,2.74,2.869,3.072,3.281,3.288,3.223
2025-11-20,2.514,2.437,2.475,2.738,2.908,3.115,3.325,3.322,3.257
2025-11-21,2.518,2.424,2.45,2.691,2.872,3.076,3.271,3.277,3.219
2025-11-24,2.519,2.424,2.458,2.714,2.904,3.107,3.289,3.282,3.217
2025-11-25,2.52,2.424,2.459,2.723,2.902,3.099,3.264,3.25,3.17
2025-11-26,2.533,2.423,2.457,2.734,2.895,3.084,3.251,3.238,3.164
2025-11-27,2.513,2.471,2.522,2.842,3.013,3.197,3.351,3.315,3.237
2025-11-28,2.514,2.468,2.517,2.835,2.991,3.176,3.344,3.313,3.22
2025-12-01,2.511,2.464,2.544,2.891,3.045,3.233,3.387,3.352,3.253
2025-12-02,2.507,2.458,2.535,2.87,3.022,3.211,3.346,3.345,3.254
2025-12-03,2.51,2.465,2.541,2.879,3.041,3.246,3.368,3.366,3.265
2025-12-04,2.522,2.46,2.524,2.85,3.025,3.229,3.376,3.356,3.258
2025-12-05,2.514,2.454,2.509,2.826,2.994,3.198,3.358,3.323,3.211
2025-12-08,2.52,2.435,2.521,2.847,3.034,3.239,3.401,3.34,3.217
2025-12-09,2.513,2.448,2.535,2.882,3.084,3.302,3.453,3.376,3.243
2025-12-10,2.485,2.452,2.544,2.901,3.095,3.336,3.371,3.383,3.269
2025-12-11,2.518,2.453,2.578,2.909,3.101,3.361,3.378,3.377,3.257
2025-12-12,2.533,2.451,2.582,2.909,3.093,3.35,3.409,3.342,3.228
2025-12-15,2.531,2.386,2.557,2.841,3.0,3.259,3.325,3.278,3.178
2025-12-16,2.518,2.39,2.555,2.831,2.999,3.244,3.313,3.265,3.179
2025-12-17,2.527,2.394,2.557,2.836,2.996,3.227,3.324,3.287,3.206
2025-12-18,2.529,2.388,2.545,2.803,2.967,3.196,3.312,3.322,3.238
2025-12-19,2.539,2.414,2.567,2.836,3.01,3.24,3.342,3.341,3.246
2025-12-22,2.555,2.404,2.558,2.823,2.999,3.245,3.359,3.337,3.249
2025-12-23,2.547,2.4,2.553,2.802,2.963,3.242,3.379,3.358,3.259
2025-12-24,2.543,2.398,2.554,2.776,2.939,3.211,3.345,3.336,3.239
2025-12-26,2.553,2.402,2.559,2.795,2.958,3.24,3.374,3.358,3.267
2025-12-29,2.522,2.398,2.55,2.778,2.939,3.226,3.354,3.329,3.233
2025-12-30,2.54,2.404,2.556,2.796,2.952,3.24,3.385,3.357,3.257
2025-12-31,2.625,2.404,2.556,2.796,2.953,3.24,3.385,3.357,3.258
2026-01-02,2.517,2.401,2.551,2.792,2.935,3.239,3.386,3.353,3.255
2026-01-05,2.51,2.415,2.552,2.831,2.933,3.249,3.396,3.373,3.274
2026-01-06,2.443,2.416,2.545,2.829,2.948,3.244,3.398,3.359,3.248
2026-01-07,2.497,2.406,2.523,2.811,2.91,3.185,3.354,3.325,3.224
2026-01-08,2.544,2.406,2.517,2.803,2.902,3.163,3.341,3.323,3.228
2026-01-09,2.567,2.412,2.521,2.822,2.942,3.192,3.386,3.36,3.254
2026-01-12,2.57,2.414,2.523,2.829,2.98,3.212,3.392,3.344,3.24
2026-01-13,2.559,2.416,2.526,2.841,3.003,3.242,3.412,3.373,3.275
2026-01-14,2.565,2.414,2.525,2.828,2.996,3.24,3.418,3.378,3.275
2026-01-15,2.535,2.449,2.558,2.896,3.09,3.324,3.493,3.441,3.334
2026-01-16,2.526,2.448,2.556,2.879,3.08,3.32,3.488,3.433,3.323
2026-01-19,2.53,2.442,2.58,2.91,3.13,3.389,3.565,3.493,3.386
2026-01-20,2.528,2.45,2.601,2.94,3.191,3.472,3.653,3.599,3.494
2026-01-21,2.538,2.442,2.598,2.9,3.138,3.43,3.602,3.575,3.472
2026-01-22,2.524,2.437,2.598,2.878,3.109,3.397,3.558,3.544,3.428
2026-01-23,2.54,2.443,2.615,2.91,3.137,3.42,3.59,3.586,3.47
2026-01-26,2.516,2.435,2.614,2.877,3.096,3.382,3.544,3.575,3.456
2026-01-27,2.514,2.438,2.647,2.885,3.094,3.377,3.53,3.551,3.443
2026-01-28,2.499,2.44,2.672,2.866,3.067,3.357,3.518,3.536,3.437
2026-01-29,2.523,2.45,2.684,2.906,3.106,3.395,3.557,3.571,3.482
2026-01-30,2.546,2.461,2.694,2.933,3.138,3.436,3.607,3.599,3.515
2026-02-02,2.547,2.472,2.706,2.945,3.152,3.448,3.603,3.603,3.522
2026-02-03,2.536,2.485,2.723,2.98,3.189,3.495,3.661,3.675,3.587
2026-02-04,2.526,2.491,2.728,2.996,3.212,3.533,3.712,3.709,3.627
2026-02-05,2.535,2.489,2.716,2.984,3.204,3.505,3.687,3.702,3.609
2026-02-06,2.514,2.495,2.716,3.006,3.233,3.521,3.71,3.716,3.612
2026-02-09,2.533,2.501,2.711,3.009,3.267,3.555,3.754,3.747,3.645
2026-02-10,2.506,2.495,2.69,2.946,3.224,3.494,3.681,3.706,3.611
2026-02-11,2.487,2.49,2.682,2.918,3.2,3.462,3.639,3.68,3.59
2026-02-12,2.546,2.485,2.671,2.888,3.154,3.423,3.618,3.653,3.569
2026-02-13,2.555,2.482,2.662,2.881,3.142,3.397,3.571,3.608,3.52
2026-02-19,2.551,2.486,2.665,2.905,3.178,3.426,3.588,3.62,3.535
2026-02-20,2.523,2.481,2.65,2.879,3.143,3.391,3.54,3.567,3.473
2026-02-23,2.543,2.486,2.653,2.89,3.154,3.405,3.578,3.6,3.51
2026-02-24,2.547,2.488,2.656,2.894,3.158,3.41,3.593,3.626,3.542
2026-02-25,2.56,2.488,2.652,2.873,3.124,3.38,3.556,3.599,3.52
2026-02-26,2.557,2.476,2.643,2.829,3.062,3.314,3.47,3.529,3.442
2026-02-27,2.602,2.476,2.644,2.818,3.041,3.278,3.446,3.508,3.421
2026-03-03,2.538,2.517,2.723,2.973,3.18,3.424,3.594,3.653,3.568
2026-03-04,2.51,2.522,2.732,3.001,3.223,3.477,3.632,3.65,3.555
2026-03-05,2.516,2.519,2.727,2.968,3.189,3.442,3.589,3.6,3.503
2026-03-06,2.507,2.528,2.742,2.992,3.227,3.472,3.616,3.618,3.518
2026-03-09,2.546,2.545,2.831,3.148,3.42,3.652,3.739,3.711,3.599
2026-03-10,2.486,2.526,2.816,3.161,3.283,3.508,3.629,3.633,3.507
2026-03-11,2.492,2.523,2.801,3.135,3.253,3.47,3.608,3.62,3.501
2026-03-12,2.545,2.527,2.806,3.152,3.271,3.496,3.649,3.66,3.555
2026-03-13,2.538,2.537,2.828,3.193,3.338,3.556,3.701,3.698,3.595
2026-03-16,2.528,2.529,2.818,3.165,3.3,3.556,3.68,3.687,3.583
2026-03-17,2.51,2.53,2.819,3.186,3.324,3.578,3.692,3.689,3.572
2026-03-18,2.521,2.521,2.81,3.141,3.261,3.511,3.606,3.624,3.501
2026-03-19,2.536,2.533,2.843,3.211,3.329,3.587,3.693,3.678,3.564
2026-03-20,2.525,2.553,2.894,3.3,3.41,3.621,3.736,3.698,3.586
2026-03-23,2.532,2.567,2.99,3.499,3.617,3.837,3.879,3.836,3.713
2026-03-24,2.541,2.549,2.964,3.432,3.523,3.755,3.835,3.819,3.698
2026-03-25,2.532,2.551,2.985,3.475,3.558,3.786,3.859,3.841,3.716
2026-03-26,2.528,2.551,2.987,3.453,3.552,3.801,3.865,3.88,3.762
2026-03-27,2.518,2.56,3.002,3.499,3.582,3.838,3.915,3.92,3.81
2026-03-30,2.514,2.548,3.01,3.47,3.542,3.796,3.891,3.902,3.79
2026-03-31,2.62,2.549,3.016,3.481,3.552,3.777,3.879,3.873,3.775
2026-04-01,2.527,2.522,2.96,3.326,3.37,3.567,3.689,3.68,3.609
2026-04-02,2.514,2.556,3.0,3.398,3.477,3.679,3.804,3.76,3.705
2026-04-03,2.492,2.55,2.992,3.362,3.448,3.622,3.747,3.694,3.63
2026-04-06,2.495,2.545,2.99,3.338,3.432,3.594,3.725,3.688,3.612
2026-04-07,2.409,2.548,2.996,3.338,3.451,3.622,3.754,3.729,3.64
2026-04-08,2.479,2.533,2.924,3.199,3.315,3.475,3.628,3.612,3.527
2026-04-09,2.54,2.539,2.925,3.213,3.338,3.49,3.66,3.646,3.569
2026-04-10,2.54,2.548,2.932,3.228,3.36,3.511,3.686,3.648,3.576
2026-04-13,2.537,2.539,2.942,3.248,3.382,3.554,3.715,3.682,3.604
2026-04-14,2.526,2.531,2.922,3.206,3.339,3.519,3.658,3.633,3.542
2026-04-15,2.516,2.53,2.919,3.199,3.328,3.516,3.655,3.621,3.529
2026-04-16,2.504,2.536,2.92,3.205,3.34,3.536,3.675,3.64,3.542
2026-04-17,2.515,2.558,2.935,3.237,3.371,3.58,3.717,3.673,3.58
2026-04-20,2.505,2.553,2.923,3.219,3.348,3.568,3.688,3.655,3.569
2026-04-21,2.51,2.553,2.917,3.206,3.33,3.541,3.655,3.619,3.535
2026-04-22,2.511,2.562,2.933,3.24,3.365,3.562,3.697,3.649,3.57
2026-04-23,2.539,2.584,2.975,3.339,3.458,3.652,3.791,3.725,3.647
2026-04-24,2.53,2.588,2.987,3.387,3.496,3.683,3.817,3.755,3.674
2026-04-27,2.531,2.54,2.986,3.381,3.492,3.676,3.82,3.764,3.683
2026-04-28,2.518,2.554,2.998,3.415,3.529,3.718,3.861,3.798,3.711
2026-04-29,2.513,2.554,2.996,3.405,3.525,3.706,3.843,3.774,3.693
2026-04-30,2.554,2.565,3.02,3.475,3.595,3.78,3.923,3.876,3.79
2026-05-04,2.487,2.567,3.024,3.519,3.615,3.797,3.932,3.906,3.815
2026-05-06,2.493,2.566,3.016,3.498,3.595,3.786,3.932,3.931,3.844
2026-05-07,2.546,2.558,2.997,3.452,3.546,3.737,3.888,3.895,3.817
2026-05-08,2.548,2.564,3.008,3.456,3.569,3.748,3.909,3.909,3.833
2026-05-11,2.561,2.571,3.022,3.485,3.598,3.777,3.95,3.939,3.85
2026-05-12,2.583,2.587,3.066,3.547,3.674,3.87,4.056,4.06,3.971
2026-05-13,2.524,2.581,3.068,3.507,3.635,3.853,4.044,4.05,3.968
2026-05-14,2.535,2.586,3.08,3.51,3.654,3.887,4.085,4.08,4.002
2026-05-15,2.527,2.61,3.138,3.605,3.766,4.016,4.217,4.215,4.131
2026-05-18,2.524,2.607,3.147,3.597,3.757,3.99,4.239,4.268,4.196
2026-05-19,2.514,2.607,3.153,3.597,3.751,3.972,4.21,4.262,4.204
2026-05-20,2.517,2.608,3.163,3.607,3.76,3.973,4.198,4.235,4.178
2026-05-21,2.525,2.606,3.165,3.602,3.753,3.985,4.174,4.219,4.174
2026-05-22,2.516,2.604,3.161,3.587,3.736,3.963,4.128,4.2,4.152
2026-05-26,2.538,2.598,3.144,3.527,3.664,3.901,4.073,4.147,4.11
2026-05-27,2.55,2.615,3.157,3.566,3.711,3.95,4.102,4.154,4.1
2026-05-28,2.535,2.628,3.177,3.615,3.766,3.992,4.147,4.188,4.124
2026-05-29,2.592,2.624,3.174,3.617,3.731,3.924,4.068,4.088,4.006
2026-06-01,2.536,2.64,3.197,3.689,3.79,3.996,4.174,4.204,4.133
2026-06-02,2.518,2.64,3.193,3.683,3.773,3.969,4.135,4.171,4.129
2026-06-04,2.514,2.662,3.23,3.774,3.858,4.078,4.229,4.261,4.207
2026-06-05,2.527,2.666,3.239,3.786,3.882,4.12,4.254,4.325,4.269
2026-06-08,2.528,2.685,3.263,3.842,3.94,4.19,4.348,4.407,4.348
2026-06-09,2.513,2.667,3.249,3.754,3.856,4.102,4.273,4.342,4.28
2026-06-10,2.483,2.671,3.25,3.731,3.881,4.07,4.273,4.367,4.322
2026-06-11,2.556,2.673,3.257,3.735,3.904,4.08,4.3,4.397,4.349
2026-06-12,2.538,2.658,3.239,3.668,3.808,3.971,4.195,4.298,4.232
2026-06-15,2.547,2.653,3.238,3.605,3.744,3.917,4.118,4.245,4.181
2026-06-16,2.53,2.651,3.263,3.573,3.717,3.905,4.11,4.253,4.209
2026-06-17,2.538,2.65,3.268,3.571,3.71,3.897,4.071,4.199,4.165
2026-06-18,2.534,2.656,3.283,3.608,3.75,3.949,4.118,4.232,4.204
2026-06-19,2.521,2.663,3.3,3.63,3.784,4.005,4.171,4.264,4.259
2026-06-22,2.538,2.67,3.31,3.67,3.81,4.044,4.195,4.293,4.303
2026-06-23,2.551,2.67,3.303,3.654,3.77,4.016,4.171,4.298,4.311
2026-06-24,2.545,2.677,3.306,3.674,3.772,4.014,4.171,4.316,4.341
2026-06-25,2.543,2.674,3.301,3.66,3.757,3.992,4.144,4.297,4.319
2026-06-26,2.55,2.668,3.294,3.648,3.722,3.946,4.117,4.301,4.335
2026-06-29,2.552,2.675,3.304,3.678,3.733,3.965,4.144,4.333,4.375
2026-06-30,2.65,2.673,3.298,3.651,3.703,3.925,4.091,4.27,4.351
2026-07-01,2.508,2.692,3.34,3.72,3.791,4.028,4.205,4.365,4.438
2026-07-02,2.429,2.689,3.335,3.687,3.747,3.981,4.183,4.336,4.382
2026-07-03,2.435,2.696,3.335,3.677,3.748,3.98,4.197,4.344,4.368
2026-07-06,2.438,2.704,3.337,3.678,3.776,3.991,4.203,4.375,4.4
2026-07-07,2.431,2.712,3.338,3.672,3.78,3.999,4.213,4.396,4.425
2026-07-08,2.426,2.712,3.341,3.659,3.775,3.999,4.245,4.431,4.46
2026-07-09,2.507,2.712,3.341,3.656,3.778,4.016,4.25,4.431,4.459
2026-07-10,2.538,2.72,3.339,3.641,3.768,4.008,4.23,4.413,4.438
2026-07-13,2.556,2.711,3.349,3.681,3.809,4.041,4.263,4.423,4.446
2026-07-14,2.561,2.731,3.375,3.763,3.887,4.128,4.333,4.492,4.491
2026-07-15,2.564,2.732,3.368,3.727,3.866,4.112,4.327,4.468,4.476
2026-07-16,2.74,2.734,3.364,3.693,3.848,4.099,4.297,4.453,4.468
2026-07-20,2.726,2.731,3.38,3.729,3.895,4.154,4.336,4.512,4.52
2026-07-21,2.688,2.738,3.373,3.692,3.867,4.12,4.328,4.541,4.564
2026-07-22,2.686,2.748,3.38,3.728,3.913,4.172,4.394,4.617,4.635
2026-07-23,2.675,2.75,3.381,3.746,3.917,4.164,4.392,4.616,4.628
2026-07-24,2.69,2.756,3.391,3.801,3.959,4.214,4.447,4.642,4.643
2026-07-27,2.713,2.742,3.375,3.723,3.865,4.117,4.333,4.561,4.567
2026-07-28,2.702,2.745,3.37,3.706,3.829,4.068,4.289,4.531,4.543
2026-07-29,2.744,2.747,3.365,3.69,3.8,4.037,4.257,4.485,4.515
2026-07-30,2.763,2.756,3.38,3.713,3.831,4.078,4.311,4.506,4.537
2026-07-31,2.815,2.765,3.365,3.65,3.758,4.015,4.261,4.463,4.507
2026-08-03,2.789,2.776,3.358,3.619,3.742,4.014,4.264,4.513,4.537
2026-08-04,2.741,2.777,3.357,3.603,3.74,4.004,4.26,4.526,4.557
2026-08-05,2.731,2.775,3.344,3.545,3.669,3.916,4.15,4.471,4.511
2026-08-06,2.769,2.787,3.368,3.587,3.742,3.957,4.195,4.483,4.516
2026-08-07,2.78,2.79,3.367,3.573,3.746,3.964,4.208,4.494,4.522
2026-08-10,2.778,2.794,3.384,3.601,3.778,3.994,4.239,4.555,4.585
2026-08-11,2.777,2.799,3.395,3.633,3.808,4.042,4.301,4.639,4.666
2026-08-12,2.781,2.8,3.397,3.627,3.791,4.025,4.294,4.651,4.685
2026-08-13,2.769,2.801,3.396,3.616,3.781,4.016,4.298,4.619,4.68
2026-08-14,2.776,2.743,3.402,3.639,3.796,4.047,4.313,4.558,4.669
2026-08-18,2.774,2.775,3.425,3.676,3.847,4.11,4.382,4.661,4.751
2026-08-19,2.767,2.791,3.396,3.643,3.798,4.068,4.337,4.63,4.721
2026-08-20,2.758,2.808,3.404,3.672,3.811,4.066,4.323,4.601,4.675
2026-08-21,2.76,2.812,3.416,3.709,3.854,4.111,4.376,4.664,4.703
2026-08-24,2.765,2.923,3.407,3.697,3.836,4.068,4.335,4.621,4.677
2026-08-25,2.771,2.917,3.409,3.693,3.83,4.039,4.32,4.576,4.632
2026-08-26,2.771,2.902,3.413,3.705,3.816,4.033,4.288,4.542,4.595
2026-08-27,3.008,2.881,3.399,3.632,3.755,3.974,4.238,4.468,4.51
2026-08-28,3.021,2.978,3.423,3.67,3.788,4.021,4.284,4.491,4.524
2026-08-31,3.056,3.008,3.441,3.696,3.838,4.053,4.313,4.49,4.527
2026-09-01,3.052,3.018,3.458,3.721,3.878,4.106,4.371,4.559,4.627
2026-09-02,3.018,3.022,3.475,3.761,3.93,4.167,4.418,4.614,4.657
2026-09-03,3.013,3.015,3.46,3.711,3.888,4.118,4.367,4.593,4.635
2026-09-04,3.019,3.016,3.469,3.707,3.884,4.101,4.36,4.573,4.636
2026-09-07,3.024,3.018,3.475,3.72,3.9,4.12,4.385,4.567,4.631
2026-09-08,2.985,3.021,3.479,3.721,3.901,4.127,4.401,4.56,4.635
2026-09-09,3.022,3.027,3.486,3.733,3.91,4.136,4.401,4.551,4.641
2026-09-10,3.083,3.036,3.507,3.837,3.93,4.186,4.453,4.548,4.661
2026-09-11,3.067,3.051,3.56,3.92,4.014,4.267,4.54,4.633,4.714
2026-09-14,3.075,3.057,3.573,3.932,4.025,4.279,4.536,4.61,4.698
2026-09-15,3.052,3.071,3.609,4.005,4.091,4.345,4.6,4.618,4.729
2026-09-16,3.03,3.066,3.613,3.978,4.053,4.288,4.547,4.542,4.692
2026-09-17,3.025,3.081,3.666,3.994,4.063,4.262,4.506,4.496,4.607
2026-09-18,3.033,3.097,3.67,3.98,4.035,4.225,4.466,4.48,4.573
2026-09-21,3.078,3.093,3.676,4.013,4.056,4.275,4.457,4.473,4.597
2026-09-22,3.074,3.091,3.674,4.002,4.04,4.267,4.461,4.53,4.635
2026-09-23,3.048,3.089,3.667,3.974,4.006,4.22,4.392,4.461,4.563
2026-09-28,3.05,3.13,3.726,4.078,4.119,4.345,4.539,4.553,4.65
2026-09-29,3.068,3.132,3.724,4.031,4.076,4.276,4.476,4.513,4.603
