date,composite,state,P_High-Vol,t60,sigma20_bp,sigma_ref_bp,D_BM,dur_mult,D_target,curve_view,dY10_20bp,dTERM_20bp,cs_chg60bp,cs_pct1y,st_pct1y,credit_stress,credit_state,cs_bp,cs_z,cs_chg20_bp,w_credit,cp_pickup_bp,regime,verdict,driver,rate_verdict,credit_verdict
2017-03-30,0.0844747995968622,NORMAL,0.004130916956736,0.5470802753078012,2.9499330946917905,,5.927117828407585,1.0,5.927117828407585,neutral,,,,,,0.1009999999999997,NORMAL,52.1,0.0,5.399999999999984,0.1,30.699999999999996,Low-Vol,안정,없음,안정,안정
2017-03-31,0.0770027331043007,NORMAL,0.0008643599619495,0.4916511180967819,2.944057350699969,,5.9287626644517815,1.0,5.9287626644517815,neutral,,,,,,0.0980000000000002,NORMAL,52.1,0.0,5.200000000000017,0.1,30.699999999999996,Low-Vol,안정,없음,안정,안정
2017-04-03,0.060348857723412,NORMAL,0.0005578473657921,0.3468429873834512,2.8234497376529704,,5.928611965250204,1.0,5.928611965250204,neutral,,,,,,0.0875000000000002,NORMAL,51.60000000000002,0.0,4.500000000000014,0.2,31.19999999999998,Low-Vol,안정,없음,안정,안정
2017-04-04,0.0509575426767974,NORMAL,0.0066802316749153,0.3198545523767859,2.654782179586985,,5.937698378828298,1.0,5.937698378828298,neutral,,,,,,0.083,NORMAL,51.500000000000014,0.0,4.200000000000003,0.2,32.49999999999999,Low-Vol,안정,없음,안정,안정
2017-04-05,0.0459911115405817,NORMAL,0.0007783340255401,0.2732954017934712,2.665268822227288,,5.937047646541153,1.0,5.937047646541153,neutral,,,,,,0.0845000000000007,NORMAL,51.500000000000014,0.0,4.300000000000047,0.2,32.49999999999999,Low-Vol,안정,없음,안정,안정
2017-04-06,0.0463004994012185,NORMAL,0.0004064223001896,0.2161688505835573,2.837085235162831,,5.927214605740412,1.0,5.927214605740412,neutral,,,,,,0.0754999999999998,NORMAL,51.30000000000001,0.0,3.6999999999999886,0.2,31.699999999999996,Low-Vol,안정,없음,안정,안정
2017-04-07,0.0673764778810274,NORMAL,0.0001624696124094,0.3875655244094951,2.861518735511652,,5.924699291540912,1.0,5.924699291540912,neutral,,,,,,0.0784999999999998,NORMAL,51.69999999999999,0.0,3.899999999999992,0.2,31.299999999999994,Low-Vol,안정,없음,안정,안정
2017-04-10,0.0950716703959686,NORMAL,0.002816728499618,0.537809428517024,3.2064737148790914,,5.910258456250712,1.0,5.910258456250712,neutral,,,,,,0.0634999999999995,NORMAL,51.2,0.0,2.89999999999997,0.2,30.499999999999993,Low-Vol,안정,없음,안정,안정
2017-04-11,0.0926388924546163,NORMAL,0.0007147483307537,0.5911549980585249,3.368601146501396,,5.921934898570397,1.0,5.921934898570397,neutral,,,,,,0.0589999999999996,NORMAL,51.2,0.0,2.59999999999998,0.2,31.799999999999983,Low-Vol,안정,없음,안정,안정
2017-04-12,0.0789537731890359,NORMAL,0.0001449557354806,0.470360885487865,3.354694275818664,,5.921886772077748,1.0,5.921886772077748,neutral,,,,,,0.0708333333333332,NORMAL,51.29999999999999,0.0,2.499999999999993,0.2,32.099999999999994,Low-Vol,안정,없음,안정,안정
2017-04-13,0.046004263887229,NORMAL,0.0001754005709182,0.2271828632376261,2.6635156822278527,,5.92958282905568,1.0,5.92958282905568,neutral,,,,,,0.0446666666666663,NORMAL,51.29999999999999,0.0,1.1999999999999815,0.2,32.699999999999996,Low-Vol,안정,없음,안정,안정
2017-04-14,0.0628065856953834,NORMAL,8.26694634776232e-05,0.3564034789699935,2.6791789787171774,,5.926592329652983,1.0,5.926592329652983,neutral,,,,,,0.0348333333333334,NORMAL,51.29999999999999,0.0,0.1000000000000085,0.2,32.19999999999998,Low-Vol,안정,없음,안정,안정
2017-04-17,0.0447727764448579,NORMAL,8.761492944778259e-05,0.2151529109995218,2.689237810235461,,5.929383600146867,1.0,5.929383600146867,neutral,,,,,,0.0399999999999999,NORMAL,51.39999999999998,0.0,-0.4000000000000483,0.2,32.099999999999994,Low-Vol,안정,없음,안정,안정
2017-04-18,0.0230607181404956,NORMAL,7.731115579555151e-05,0.0219480837266203,2.689237810235461,,5.929083945583626,1.0,5.929083945583626,neutral,,,,,,0.0399999999999999,NORMAL,51.49999999999999,0.0,-0.1999999999999957,0.2,31.999999999999986,Low-Vol,안정,없음,안정,안정
2017-04-19,0.0229702182117956,NORMAL,0.0001863666917375,0.0663027299407489,2.6709893692275024,,5.935971289636548,1.0,5.935971289636548,neutral,,,,,,0.0399999999999999,NORMAL,51.500000000000014,0.0,-0.0999999999999659,0.2,32.3,Low-Vol,안정,없음,안정,안정
2017-04-20,0.0249499497286559,NORMAL,0.0002057823671667,0.0839987026936539,2.670752899957537,,5.935870842034424,1.0,5.935870842034424,neutral,,,,,,0.0333333333333333,NORMAL,51.69999999999999,0.0,-0.1000000000000369,0.2,31.999999999999986,Low-Vol,안정,없음,안정,안정
2017-04-21,0.050287809771516,NORMAL,9.709475426121718e-05,0.2789329555562312,2.657165090051705,,5.93090258296641,1.0,5.93090258296641,neutral,,,,,,0.0333333333333333,NORMAL,51.8,0.0,-0.29999999999999,0.2,31.499999999999993,Low-Vol,안정,없음,안정,안정
2017-04-24,0.0613495305047321,NORMAL,0.0007023928389888,0.3168324728039313,2.738012148679367,,5.921510306916625,1.0,5.921510306916625,neutral,,,,,,0.0333333333333333,NORMAL,51.90000000000001,0.0,-0.4999999999999929,0.2,30.999999999999982,Low-Vol,안정,없음,안정,안정
2017-04-25,0.024485197199374,NORMAL,0.000218783095235,0.0045552444203011,2.747300110060213,,5.924575716340845,1.0,5.924575716340845,neutral,,,,,,0.0378333333333328,NORMAL,52.59999999999998,0.0,0.2999999999999687,0.2,31.699999999999996,Low-Vol,안정,없음,안정,안정
2017-04-26,0.0525811742247532,NORMAL,0.0001310943006656,0.2402423933994844,2.7572679078735685,,5.921539578262024,1.0,5.921539578262024,neutral,,,,,,0.0266666666666666,NORMAL,52.49999999999999,0.0,-0.0999999999999872,0.2,31.699999999999996,Low-Vol,안정,없음,안정,안정
2017-04-27,0.0360164051029405,NORMAL,0.0108274114011534,0.1064538922416188,2.719210411711072,,5.9242281953420015,1.0,5.9242281953420015,neutral,1.200000000000001,0.40000000000000036,,,,0.0341666666666664,NORMAL,52.59999999999998,0.0,0.4999999999999858,0.2,32.19999999999998,Normal,안정,없음,안정,안정
2017-04-28,0.0452180825478439,NORMAL,0.0061681012365233,0.1904790539151691,2.713412107137044,,5.924177974188039,1.0,5.924177974188039,neutral,1.9000000000000128,0.6000000000000005,,,,0.0326666666666669,NORMAL,52.500000000000014,0.0,0.4000000000000199,0.2,32.49999999999999,Normal,안정,없음,안정,안정
2017-05-02,0.0574127758234233,NORMAL,0.0067982854559016,0.239639746475491,2.850018467160852,,5.914855579338211,1.0,5.914855579338211,neutral,5.900000000000016,3.7000000000000144,,,,0.0416666666666666,NORMAL,52.60000000000002,0.0,1.0,0.2,32.49999999999999,Normal,안정,없음,안정,안정
2017-05-04,0.0547804904473831,NORMAL,0.0015270884160751,0.2539161680667752,2.7652733756547945,,5.920669655899417,1.0,5.920669655899417,neutral,7.200000000000006,3.699999999999992,,,,0.0416666666666663,NORMAL,52.49999999999999,0.0,0.9999999999999788,0.2,32.999999999999986,Low-Vol,안정,없음,안정,안정
2017-05-08,0.0867726052652356,NORMAL,0.0004767420652258,0.496809245116638,2.8316770184542777,,5.913089299196761,1.0,5.913089299196761,bear_steep,10.099999999999998,4.799999999999982,,,,0.0401666666666661,NORMAL,52.39999999999998,0.0,0.899999999999963,0.2,32.9,Low-Vol,안정,없음,안정,안정
2017-05-10,0.1256429534665417,NORMAL,0.0030002424775154,0.753843846431292,2.958355695492453,,5.899738800088105,1.0,5.899738800088105,bear_steep,11.7,6.2999999999999945,,,,0.041666666666666,NORMAL,52.29999999999997,0.0,0.9999999999999574,0.2,32.59999999999999,Low-Vol,안정,없음,안정,안정
2017-05-11,0.1343260706401674,NORMAL,0.000229021407719,0.8216117653067381,2.956041983891013,,5.898333336193336,1.0,5.898333336193336,bear_steep,11.299999999999999,6.699999999999995,,,,0.045333333333333,NORMAL,52.49999999999997,0.0,0.799999999999983,0.2,32.999999999999986,Low-Vol,안정,없음,안정,안정
2017-05-12,0.1087319952420526,NORMAL,0.0001286590262104,0.6181239857547539,2.7013836610541877,,5.90253968776341,1.0,5.90253968776341,neutral,3.600000000000003,4.800000000000004,,,,0.0558333333333335,NORMAL,52.70000000000002,0.0,1.5000000000000142,0.2,33.79999999999998,Low-Vol,안정,없음,안정,안정
2017-05-15,0.1171762813366902,NORMAL,0.0001538128029339,0.6757991102360527,2.428184290240018,,5.89987099754798,1.0,5.89987099754798,bear_steep,9.699999999999998,8.000000000000007,,,,0.0558333333333335,NORMAL,52.70000000000002,0.0,1.5000000000000142,0.2,33.999999999999986,Low-Vol,안정,없음,안정,안정
2017-05-16,0.1248059645622148,NORMAL,8.602523983150062e-05,0.7452443586189218,2.4291215652880296,,5.899695406360002,1.0,5.899695406360002,bear_steep,9.600000000000009,6.499999999999995,,,,0.0350000000000003,NORMAL,52.30000000000001,0.0,1.000000000000021,0.2,34.59999999999999,Low-Vol,안정,없음,안정,안정
2017-05-17,0.0804410276514067,NORMAL,0.0005862188196491,0.4195908095714253,2.614790924519085,,5.912104283604478,1.0,5.912104283604478,bear_steep,7.699999999999996,6.699999999999995,,,,0.0416666666666667,NORMAL,52.29999999999999,0.0,1.0,0.2,35.399999999999984,Low-Vol,안정,없음,안정,안정
2017-05-18,0.0842363625568881,NORMAL,0.0001088519300767,0.4550284160621995,2.607736465535621,,5.9123525161825015,1.0,5.9123525161825015,bear_steep,6.300000000000017,5.700000000000016,,,,0.0364999999999998,NORMAL,52.39999999999998,0.0,1.0999999999999872,0.2,35.5,Low-Vol,안정,없음,안정,안정
2017-05-19,0.0820662506036979,NORMAL,0.0001094505921467,0.4505546972954007,2.601998219992111,,5.914885976367177,1.0,5.914885976367177,bear_steep,6.499999999999995,6.699999999999995,,,,0.035,NORMAL,52.39999999999998,0.0,1.0,0.2,36.1,Low-Vol,안정,없음,안정,안정
2017-05-22,0.0806853640912069,NORMAL,0.0006045426521488,0.3895038584965254,2.690118369534185,,5.9069516121584495,1.0,5.9069516121584495,bear_steep,9.799999999999986,8.899999999999974,,,,0.0364999999999998,NORMAL,52.59999999999998,0.0,1.0999999999999872,0.2,35.79999999999999,Low-Vol,안정,없음,안정,안정
2017-05-23,0.0565088199948647,NORMAL,0.000129159886387,0.2074171987927749,2.6465220473988915,,5.912305136460338,1.0,5.912305136460338,bear_steep,10.499999999999998,9.899999999999999,,,,0.0431666666666665,NORMAL,52.6,0.0,1.0999999999999872,0.2,35.999999999999986,Low-Vol,안정,없음,안정,안정
2017-05-24,0.0480946054245426,NORMAL,0.0001018267720431,0.1030526459098632,2.66337241698921,,5.907469341355691,1.0,5.907469341355691,bear_steep,12.5,10.799999999999986,,,,0.0386666666666671,NORMAL,52.500000000000014,0.0,0.8000000000000256,0.2,35.59999999999999,Low-Vol,안정,없음,안정,안정
2017-05-25,0.052869219123625,NORMAL,0.0003031262201095,0.1812478400147772,2.716320072605971,,5.9128490309969886,1.0,5.9128490309969886,bear_steep,8.099999999999996,8.399999999999984,,,,0.0319999999999998,NORMAL,52.59999999999998,0.0,0.7999999999999758,0.2,34.70000000000002,Low-Vol,안정,없음,안정,안정
2017-05-26,0.0625920504738541,NORMAL,0.000156093562746,0.2836640905763763,2.593189460673356,,5.914958616064162,1.0,5.914958616064162,bear_steep,3.200000000000003,5.600000000000005,,,,0.0253333333333336,NORMAL,52.70000000000002,0.0,0.8000000000000043,0.2,33.70000000000002,Low-Vol,안정,없음,안정,안정
2017-05-29,0.0694787803481615,NORMAL,9.48221760307213e-05,0.3338841060242293,2.5793665072934804,,5.9132981872649,1.0,5.9132981872649,bear_steep,5.100000000000016,5.600000000000027,,,,0.0193333333333338,NORMAL,53.0,0.0,0.4000000000000199,0.2,33.70000000000002,Low-Vol,안정,없음,안정,안정
2017-05-30,0.0596600294230731,NORMAL,0.000163930867937,0.2777878556374027,2.6230958005660745,,5.918563713687015,1.0,5.918563713687015,neutral,1.6000000000000014,4.0000000000000036,,,,0.0090000000000005,NORMAL,53.100000000000016,0.0,0.6000000000000227,0.2,32.800000000000004,Low-Vol,안정,없음,안정,안정
2017-05-31,0.0332114267334892,NORMAL,0.0002286922490562,0.0284671122821416,2.611331582082015,,5.916924005787294,1.0,5.916924005787294,neutral,3.399999999999981,4.599999999999982,,,,0.0090000000000005,NORMAL,53.2,0.0,0.6000000000000227,0.2,32.60000000000001,Low-Vol,안정,없음,안정,안정
2017-06-01,0.0270996930854625,NORMAL,0.0001421929113583,-0.0898689778991929,2.648256626140062,,5.921350181672295,1.0,5.921350181672295,neutral,1.6000000000000014,4.600000000000004,,,,0.0134999999999996,NORMAL,53.39999999999998,0.0,0.899999999999963,0.2,32.90000000000002,Low-Vol,안정,없음,안정,안정
2017-06-02,0.0265966035071991,NORMAL,0.0013837470737772,-0.2635398021237327,2.482629124219133,,5.922398402097186,1.0,5.922398402097186,neutral,-2.7000000000000135,3.299999999999992,,,,0.0149999999999998,NORMAL,53.6,0.0,0.9999999999999788,0.2,32.90000000000002,Low-Vol,안정,없음,안정,안정
2017-06-05,0.0212289462687387,NORMAL,0.0005714990634852,-0.6474688475429505,2.52234226985867,,5.929742790387522,1.0,5.929742790387522,neutral,-3.399999999999981,2.4000000000000243,,,,0.0150000000000002,NORMAL,53.49999999999999,0.0,1.0,0.2,32.90000000000002,Low-Vol,안정,없음,안정,안정
2017-06-07,0.0183696220960971,NORMAL,0.0010993510699028,-0.6897569064208009,2.421156748333324,,5.933607945245052,1.0,5.933607945245052,neutral,-8.199999999999985,0.40000000000002256,,,,0.0180000000000005,NORMAL,53.6,0.0,1.2000000000000242,0.2,33.00000000000001,Low-Vol,안정,없음,안정,안정
2017-06-08,0.0205593236636809,NORMAL,0.0003222724973731,-0.7051872153614583,2.0000263156163447,,5.930288033736917,1.0,5.930288033736917,bull_flat,-12.599999999999989,-2.9999999999999805,,,,0.0195000000000007,NORMAL,53.6,0.0,1.300000000000033,0.2,32.70000000000002,Low-Vol,안정,없음,안정,안정
2017-06-09,0.0205593236636809,NORMAL,0.0001210984874056,-0.7051872153614583,1.981566366074548,,5.930413717402354,1.0,5.930413717402354,bull_flat,-13.3,-3.799999999999981,,,,0.0195000000000004,NORMAL,53.8,0.0,1.300000000000033,0.2,32.70000000000002,Low-Vol,안정,없음,안정,안정
2017-06-12,0.0288036940806217,NORMAL,0.0017332282761326,-0.3737507941144826,2.320679346997111,,5.917808033335886,1.0,5.917808033335886,bull_flat,-6.700000000000017,-5.400000000000027,,,,0.0014999999999998,NORMAL,52.8,0.0,0.0999999999999872,0.2,30.900000000000016,Low-Vol,안정,없음,안정,안정
2017-06-13,0.0212638682104802,NORMAL,0.0022832579054815,-0.5240067120886864,2.4676005818565807,,5.928787783302271,1.0,5.928787783302271,bull_flat,-12.400000000000011,-7.500000000000018,,,,0.0089999999999995,NORMAL,53.29999999999999,0.0,0.599999999999973,0.2,31.500000000000018,Low-Vol,안정,없음,안정,안정
2017-06-14,0.0200865202120656,NORMAL,0.0005025318212783,-0.4742203352236891,2.463304370363642,,5.9298557988418885,1.0,5.9298557988418885,bull_flat,-13.100000000000023,-9.50000000000002,,,,0.0134999999999998,NORMAL,53.2,0.0,0.8999999999999915,0.2,31.000000000000007,Low-Vol,안정,없음,안정,안정
2017-06-15,0.0121767658603129,NORMAL,0.0327007826854977,-0.2674632210152304,2.416848752970863,,5.940394234605266,1.0,5.940394234605266,bull_flat,-12.599999999999989,-12.399999999999988,,,,0.0105000000000005,NORMAL,53.00000000000003,0.0,0.7000000000000384,0.2,31.30000000000002,Normal,안정,없음,안정,안정
2017-06-16,0.017245715107369,NORMAL,0.0036507899261845,-0.1296618914326527,2.5484515422424376,,5.933321149553283,1.0,5.933321149553283,bull_flat,-9.50000000000002,-10.700000000000026,,,,0.012,NORMAL,53.19999999999998,0.0,0.8000000000000043,0.2,31.000000000000007,Low-Vol,안정,없음,안정,안정
2017-06-19,0.0180883856784483,NORMAL,0.0007486556344354,-0.1346691261245756,2.554253418577677,,5.9324992979775235,1.0,5.9324992979775235,bull_flat,-8.000000000000007,-9.200000000000014,,,,0.0135000000000005,NORMAL,53.30000000000001,0.0,0.9000000000000341,0.2,30.900000000000016,Low-Vol,안정,없음,안정,안정
2017-06-20,0.0153929858829711,NORMAL,0.0002076895581205,-0.2188116308053512,2.402958702582248,,5.9360442900776755,1.0,5.9360442900776755,bull_flat,-12.99999999999999,-12.999999999999995,,,,0.0105000000000001,NORMAL,53.29999999999999,0.0,0.70000000000001,0.2,30.800000000000004,Low-Vol,안정,없음,안정,안정
2017-06-21,0.0147182194981712,NORMAL,0.0002618757636435,-0.0755943589135376,2.3716472179301387,,5.936768024322468,1.0,5.936768024322468,bull_flat,-11.100000000000021,-12.700000000000028,,,,0.0105000000000001,NORMAL,53.30000000000001,0.0,0.70000000000001,0.2,30.800000000000004,Low-Vol,안정,없음,안정,안정
2017-06-22,0.0142119726441429,NORMAL,0.0001173839720431,-0.0806293146682644,2.295785612583924,,5.9372169123365595,1.0,5.9372169123365595,bull_flat,-13.400000000000034,-14.400000000000034,,,,0.0134999999999994,NORMAL,53.39999999999998,0.0,0.899999999999963,0.2,30.600000000000005,Low-Vol,안정,없음,안정,안정
2017-06-23,0.0131992207501914,NORMAL,0.0001938443332475,-0.233537575451128,2.2635033396089845,,5.938893105255626,1.0,5.938893105255626,bull_flat,-11.7,-12.399999999999995,,,,0.0135000000000001,NORMAL,53.49999999999999,0.0,0.9000000000000128,0.2,30.700000000000017,Low-Vol,안정,없음,안정,안정
2017-06-26,0.0123548304190104,NORMAL,0.0001174102596526,-0.1330073911196763,2.2623404276382213,,5.9400686936963085,1.0,5.9400686936963085,bull_flat,-11.299999999999999,-12.199999999999994,,,,0.0134999999999997,NORMAL,53.6,0.0,0.8999999999999844,0.2,30.800000000000004,Low-Vol,안정,없음,안정,안정
2017-06-27,0.011341131382524,NORMAL,9.275236858967272e-05,-0.2202804358979372,2.2394254432307963,,5.941545206468695,1.0,5.941545206468695,bull_flat,-12.700000000000022,-13.60000000000004,,,,0.0104999999999998,NORMAL,53.69999999999999,0.0,0.6999999999999886,0.2,31.100000000000016,Low-Vol,안정,없음,안정,안정
2017-06-28,0.0314796917564688,NORMAL,0.0005116522007844,0.0929460021599349,2.6506950429135165,,5.927308391432532,1.0,5.927308391432532,bull_flat,-4.499999999999993,-9.800000000000015,,0.8833333333333333,0.6166666666666667,0.0059999999999996,NORMAL,53.49999999999999,0.0,0.3999999999999772,0.2,30.500000000000014,Low-Vol,안정,없음,안정,안정
2017-06-29,0.0224923351337509,NORMAL,0.0007383788328135,0.0,2.648952126487194,,5.926239155014226,1.0,5.926239155014226,bull_flat,-4.599999999999982,-8.499999999999975,2.000000000000024,1.0,0.6147540983606558,0.0135000000000001,NORMAL,54.100000000000016,0.0,0.9000000000000128,0.2,30.600000000000005,Low-Vol,안정,없음,안정,안정
2017-06-30,0.0469658115680084,NORMAL,0.0229885052433672,0.1804624783327313,2.715821093247176,,5.919571846807104,1.0,5.919571846807104,bear_flat,0.19999999999997797,-5.100000000000016,2.100000000000035,1.0,0.6129032258064516,0.0120000000000007,NORMAL,54.20000000000002,0.0,0.8000000000000469,0.2,30.500000000000014,Normal,안정,없음,안정,안정
2017-07-03,0.0614226386143243,NORMAL,0.0055718155802145,0.2815021331083798,2.7541547561915616,,5.914426538004392,1.0,5.914426538004392,bear_flat,2.59999999999998,-6.0000000000000275,2.3999999999999577,0.9682539682539683,0.6111111111111112,0.0059999999999996,NORMAL,53.99999999999998,0.0,0.3999999999999772,0.2,30.700000000000017,Normal,안정,없음,안정,안정
2017-07-04,0.1070450346818074,NORMAL,0.0160854213481545,0.6479531328886315,2.7472234787336154,,5.9055719306110745,1.0,5.9055719306110745,neutral,9.499999999999975,-2.200000000000024,2.499999999999969,0.9609375,0.609375,0.0074999999999997,NORMAL,53.99999999999998,0.0,0.4999999999999858,0.2,30.200000000000003,Normal,안정,없음,안정,안정
2017-07-05,0.1094495456201756,NORMAL,0.0043033132589461,0.6625082539787723,2.699176287606816,,5.904333026125798,1.0,5.904333026125798,bear_flat,11.7,-0.7000000000000117,2.499999999999991,0.9692307692307692,0.6076923076923076,0.0059999999999999,NORMAL,54.0,0.0,0.3999999999999986,0.2,30.400000000000006,Normal,안정,없음,안정,안정
2017-07-06,0.0913069624226745,NORMAL,0.0010505592997661,0.4913637258925671,2.694126164357128,,5.903317139085914,1.0,5.903317139085914,bear_flat,10.80000000000001,-0.49999999999998934,2.6999999999999913,0.9621212121212122,0.30303030303030304,0.0059999999999999,NORMAL,54.0,0.0,0.3999999999999986,0.2,30.300000000000015,Low-Vol,안정,없음,안정,안정
2017-07-07,0.1139673655007564,NORMAL,0.0006431441967112,0.6332448014000944,2.810974732609381,,5.893204817839335,1.0,5.893204817839335,bear_steep,14.999999999999991,0.09999999999998899,2.000000000000024,0.8955223880597015,0.30597014925373134,0.0,NORMAL,53.70000000000002,0.0,-0.0999999999999872,0.2,30.400000000000006,Low-Vol,안정,없음,안정,안정
2017-07-10,0.0593147127951559,NORMAL,0.0003433576572724,0.1801717029976755,2.778540889330975,,5.901386395334215,1.0,5.901386395334215,neutral,6.700000000000017,0.8000000000000229,2.6999999999999913,0.9117647058823529,0.3088235294117647,0.0164999999999998,NORMAL,53.89999999999999,0.0,1.0999999999999872,0.2,31.100000000000016,Low-Vol,안정,없음,안정,안정
2017-07-11,0.0799720970592568,NORMAL,0.0001500634528883,0.3925222819826623,2.556575629111798,,5.9032390829131005,1.0,5.9032390829131005,bear_steep,10.299999999999976,0.19999999999997797,2.59999999999998,0.8840579710144928,0.3115942028985507,0.0074999999999998,NORMAL,53.79999999999998,0.0,0.4999999999999929,0.2,31.500000000000018,Low-Vol,안정,없음,안정,안정
2017-07-12,0.0737131085674818,NORMAL,0.0001236696258734,0.3456436943677822,2.55917338628171,,5.905020617459773,1.0,5.905020617459773,bear_steep,10.199999999999987,2.0999999999999908,2.400000000000002,0.85,0.3142857142857143,0.0074999999999997,NORMAL,53.69999999999999,0.0,0.4999999999999858,0.2,31.700000000000017,Low-Vol,안정,없음,안정,안정
2017-07-13,0.0674756636747195,NORMAL,0.0001821669679544,0.3401663579966714,2.433294279907704,,5.913029457297465,1.0,5.913029457297465,bear_steep,11.499999999999977,5.19999999999996,2.1999999999999797,0.7323943661971831,0.16901408450704225,0.0074999999999991,NORMAL,53.49999999999997,0.0,0.4999999999999431,0.2,31.100000000000016,Low-Vol,안정,없음,안정,안정
2017-07-14,0.0682418966624244,NORMAL,8.391939787747769e-05,0.3300530134505564,2.3698989540973168,,5.910448861937181,1.0,5.910448861937181,neutral,9.600000000000009,4.10000000000002,2.200000000000024,0.7777777777777778,0.1736111111111111,0.0045000000000004,NORMAL,53.500000000000014,0.0,0.3000000000000327,0.2,31.000000000000007,Low-Vol,안정,없음,안정,안정
2017-07-17,0.0909870435787979,NORMAL,0.0001330146735771,0.5085607971744918,2.404622740954548,,5.905221058008136,1.0,5.905221058008136,bear_steep,11.399999999999988,4.299999999999998,2.400000000000002,0.8835616438356164,0.1780821917808219,0.0074999999999995,NORMAL,53.79999999999998,0.0,0.4999999999999716,0.2,31.400000000000006,Low-Vol,안정,없음,안정,안정
2017-07-18,0.0789811383086116,NORMAL,0.0001115892343396,0.4195116451168476,2.404622740954548,,5.908987655434342,1.0,5.908987655434342,bear_steep,11.399999999999988,5.299999999999999,2.4000000000000243,0.918918918918919,0.18243243243243243,0.0090000000000003,NORMAL,53.90000000000001,0.0,0.6000000000000227,0.2,31.700000000000017,Low-Vol,안정,없음,안정,안정
2017-07-19,0.0971576858007617,NORMAL,7.758504649443581e-05,0.5911481224221163,2.395610020103653,,5.908516606237324,1.0,5.908516606237324,bear_steep,12.00000000000001,6.5,2.299999999999991,0.8866666666666667,0.18666666666666668,0.0074999999999998,NORMAL,53.8,0.0,0.4999999999999929,0.2,31.700000000000017,Low-Vol,안정,없음,안정,안정
2017-07-20,0.0819670020936589,NORMAL,9.515719480928708e-05,0.4789021391767778,2.464036055785405,,5.913378086953681,1.0,5.913378086953681,bear_steep,10.200000000000031,6.300000000000039,2.200000000000002,0.9013157894736842,0.19078947368421054,0.0075000000000002,NORMAL,53.89999999999999,0.0,0.5000000000000142,0.2,32.00000000000001,Low-Vol,안정,없음,안정,안정
2017-07-21,0.0577718075123272,NORMAL,0.0001218912213717,0.2781526680316954,2.5067277894750144,,5.917876656223836,1.0,5.917876656223836,bear_steep,8.999999999999986,5.699999999999977,2.299999999999991,0.974025974025974,0.19480519480519481,0.009,NORMAL,54.1,0.0,0.6000000000000014,0.2,32.500000000000014,Low-Vol,안정,없음,안정,안정
2017-07-24,0.0368583769097886,NORMAL,9.268034456931294e-05,0.0789374550714104,2.4983362885180798,,5.917678146389363,1.0,5.917678146389363,bear_steep,9.600000000000009,6.200000000000011,1.9999999999999796,0.8846153846153846,0.1987179487179487,0.0044999999999998,NORMAL,53.89999999999999,0.0,0.29999999999999,0.2,32.90000000000002,Low-Vol,안정,없음,안정,안정
2017-07-25,0.0335751696430238,NORMAL,0.0001306342905825,0.0683653693605157,2.519079823644879,,5.9208619766691175,1.0,5.9208619766691175,bear_steep,8.899999999999997,6.1,1.3000000000000345,0.9050632911392406,0.20253164556962025,0.0030000000000003,NORMAL,53.90000000000001,0.0,0.2000000000000241,0.2,33.00000000000001,Low-Vol,안정,없음,안정,안정
2017-07-26,0.0534857840663993,NORMAL,0.0001298903526916,0.1964045125373144,2.3024643548300903,,5.911867883326645,1.0,5.911867883326645,neutral,6.700000000000017,4.900000000000021,0.9999999999999787,0.65625,0.20625,0.0,NORMAL,53.49999999999997,0.0,-2.131628207280301e-14,0.2,32.800000000000004,Low-Vol,안정,없음,안정,안정
2017-07-27,0.0380528381354126,NORMAL,0.0001538371653253,0.0971560238389467,2.4184542692868045,,5.918996916448142,1.0,5.918996916448142,neutral,3.0999999999999694,1.8999999999999684,1.2000000000000233,0.8395061728395061,0.20987654320987653,0.0,NORMAL,53.8,0.0,-0.3000000000000113,0.2,33.00000000000001,Low-Vol,안정,없음,안정,안정
2017-07-28,0.0479449613382285,NORMAL,0.000116157637732,0.1683336693735318,2.344730935074372,,5.91559131851892,1.0,5.91559131851892,neutral,1.5000000000000124,-1.0000000000000009,0.8999999999999897,0.6341463414634146,0.21341463414634146,0.0,NORMAL,53.400000000000006,0.0,-0.8000000000000185,0.2,33.00000000000001,Low-Vol,안정,없음,안정,안정
2017-07-31,0.029620398006088,NORMAL,8.849175958240545e-05,-0.0521072485261686,2.2965592111953743,,5.916236627497264,1.0,5.916236627497264,neutral,-0.8999999999999897,-1.6999999999999904,0.9999999999999565,0.7108433734939759,0.21686746987951808,0.0,NORMAL,53.59999999999998,0.0,-0.3999999999999986,0.2,33.00000000000001,Low-Vol,안정,없음,안정,안정
2017-08-01,0.0606253663642759,NORMAL,0.0007030799720174,0.2436830376114651,2.256009518456965,,5.908867543540713,1.0,5.908867543540713,neutral,-1.399999999999979,-0.6999999999999895,1.29999999999999,0.8095238095238095,0.22023809523809523,0.0,NORMAL,53.79999999999998,0.0,-0.1999999999999957,0.2,32.800000000000004,Low-Vol,안정,없음,안정,안정
2017-08-02,0.0358900870029682,NORMAL,0.0004149222008252,0.0262132550687541,2.2630905742741336,,5.911396473409853,1.0,5.911396473409853,neutral,-3.000000000000025,-1.5000000000000124,1.6000000000000236,0.9529411764705882,0.2235294117647059,0.0,NORMAL,54.0,0.0,0.0,0.2,33.00000000000001,Low-Vol,안정,없음,안정,안정
2017-08-03,0.0336440853182016,NORMAL,0.0001191546373494,-0.2695410630261044,2.261921632967026,,5.910551589851606,1.0,5.910551589851606,neutral,-3.100000000000014,-1.8000000000000238,1.6000000000000014,0.8488372093023255,0.22674418604651161,0.0,NORMAL,53.89999999999997,0.0,-0.1000000000000298,0.2,33.00000000000001,Low-Vol,안정,없음,안정,안정
2017-08-04,0.0338112255709495,NORMAL,0.0001189219483428,-0.3028183093670825,2.019223404652084,,5.910203156941395,1.0,5.910203156941395,neutral,-7.200000000000006,-3.300000000000014,1.2000000000000233,0.7471264367816092,0.22988505747126436,0.0,NORMAL,53.69999999999999,0.0,-2.8421709430404014e-14,0.2,33.00000000000001,Low-Vol,안정,없음,안정,안정
2017-08-07,0.0394935111290495,NORMAL,0.0004110365882538,-0.0217182648709446,2.052623481765413,,5.90187564761864,1.0,5.90187564761864,neutral,-0.40000000000000036,-2.0000000000000018,0.7999999999999785,0.6420454545454546,0.23295454545454544,0.0,NORMAL,53.49999999999999,0.0,-0.3999999999999986,0.2,32.400000000000006,Low-Vol,안정,없음,안정,안정
2017-08-08,0.0494174903368489,NORMAL,0.0009154580958198,0.0538688980109235,2.1216862707711925,,5.895268565684901,1.0,5.895268565684901,neutral,3.100000000000014,-1.1999999999999789,-0.10000000000001119,0.38764044943820225,0.23595505617977527,0.0,NORMAL,52.6,0.0,-1.1999999999999815,0.2,32.30000000000002,Low-Vol,안정,없음,안정,안정
2017-08-09,0.0688666652151519,NORMAL,0.011276643788526,0.1972652391693779,2.1822489606632454,,5.888576187100227,1.0,5.888576187100227,neutral,6.600000000000028,-0.49999999999996714,0.6999999999999895,0.46111111111111114,0.2388888888888889,0.0,NORMAL,53.0,0.0,-0.6999999999999886,0.2,31.400000000000006,Normal,안정,없음,안정,안정
2017-08-10,0.0872054510629108,NORMAL,0.0022448747645397,0.4041613876406446,2.0536488707202505,,5.89235066766205,1.0,5.89235066766205,neutral,8.400000000000007,0.5000000000000115,0.6000000000000227,0.45054945054945056,0.24175824175824176,0.0,NORMAL,52.90000000000001,0.0,-0.5999999999999588,0.2,32.100000000000016,Low-Vol,안정,없음,안정,안정
2017-08-11,0.0729351731340921,NORMAL,0.0008152053840532,0.2969428540652496,2.1156745844690894,,5.897293470327008,1.0,5.897293470327008,neutral,5.299999999999994,-0.10000000000001119,1.000000000000023,0.6032608695652174,0.24456521739130435,0.0,NORMAL,53.400000000000006,0.0,-0.1000000000000085,0.2,32.60000000000001,Low-Vol,안정,없음,안정,안정
2017-08-14,0.0779096359780718,NORMAL,0.0005127515814967,0.3470558145217895,2.061546430282512,,5.897565809108668,1.0,5.897565809108668,neutral,2.900000000000036,-1.8999999999999684,1.2000000000000233,0.7204301075268817,0.24731182795698925,0.0,NORMAL,53.6,0.0,-0.1999999999999815,0.2,32.800000000000004,Low-Vol,안정,없음,안정,안정
2017-08-16,0.0814312417282944,NORMAL,0.0002619791338249,0.3314967720658984,2.11923521458494,,5.890206854934442,1.0,5.890206854934442,neutral,7.600000000000007,0.10000000000001119,1.2000000000000233,0.8351063829787234,0.25,0.0,NORMAL,53.8,0.0,-0.1000000000000085,0.2,32.100000000000016,Low-Vol,안정,없음,안정,안정
2017-08-17,0.0858587653138254,NORMAL,0.0001721175467742,0.3947854545579287,2.148414347961386,,5.8933700673661376,1.0,5.8933700673661376,neutral,6.199999999999983,0.8000000000000007,1.29999999999999,0.8789473684210526,0.25263157894736843,0.0014999999999998,NORMAL,53.89999999999999,0.0,0.0999999999999872,0.2,32.800000000000004,Low-Vol,안정,없음,안정,안정
2017-08-18,0.070106820961632,NORMAL,0.0003254413841376,0.2514594403022003,2.085103809103248,,5.895303156042274,1.0,5.895303156042274,neutral,7.699999999999996,4.0000000000000036,2.0999999999999908,1.0,0.2552083333333333,0.0105000000000001,NORMAL,54.6,0.0,0.70000000000001,0.2,33.00000000000001,Low-Vol,안정,없음,안정,안정
2017-08-21,0.0760439487515921,NORMAL,0.0001115041341421,0.3264509857085984,2.048330514037437,,5.897349568343511,1.0,5.897349568343511,neutral,8.499999999999996,2.200000000000002,1.5000000000000346,0.9742268041237113,0.25773195876288657,3.1974423109204507e-16,NORMAL,54.100000000000016,0.0,2.131628207280301e-14,0.2,33.100000000000016,Low-Vol,안정,없음,안정,안정
2017-08-22,0.0842274196449106,NORMAL,0.000157443214849,0.4002207199118678,2.046923236675508,,5.895985099596409,1.0,5.895985099596409,neutral,8.799999999999963,0.49999999999996714,1.100000000000012,0.826530612244898,0.2602040816326531,0.0,NORMAL,53.800000000000026,0.0,-0.0999999999999659,0.2,33.00000000000001,Low-Vol,안정,없음,안정,안정
2017-08-23,0.071427636955507,NORMAL,9.743586442628515e-05,0.2926660513834062,2.0384462607326093,,5.8985802577916955,1.0,5.8985802577916955,neutral,9.00000000000003,0.2000000000000446,0.8999999999999897,0.8585858585858586,0.26262626262626265,0.0,NORMAL,53.89999999999999,0.0,-2.131628207280301e-14,0.2,33.00000000000001,Low-Vol,안정,없음,안정,안정
2017-08-24,0.078329308825241,NORMAL,0.0001200200195565,0.3741676604474079,1.895035064249961,,5.900259525708231,1.0,5.900259525708231,neutral,4.400000000000004,-2.7999999999999803,0.6999999999999895,0.79,0.265,0.0045000000000004,NORMAL,53.8,0.0,0.3000000000000327,0.2,33.00000000000001,Low-Vol,안정,없음,안정,안정
2017-08-25,0.0473001147349136,NORMAL,0.0003777704434107,0.1276852668583913,1.9525691577481905,,5.909431214180669,1.0,5.909431214180669,neutral,3.8000000000000256,-0.49999999999996714,1.9000000000000128,1.0,0.26732673267326734,0.0195000000000001,NORMAL,55.100000000000016,0.0,1.3000000000000114,0.2,33.20000000000001,Low-Vol,안정,없음,안정,안정
2017-08-28,0.0561642916234936,NORMAL,0.0001472152844166,0.2176607413898855,1.9330641070862769,,5.9098021913647525,1.0,5.9098021913647525,neutral,2.1999999999999797,-1.3000000000000123,1.6000000000000014,0.9901960784313726,0.2696078431372549,0.0239999999999997,NORMAL,54.99999999999999,0.0,1.59999999999998,0.2,33.20000000000001,Low-Vol,안정,없음,안정,안정
2017-08-29,0.0652506151922851,NORMAL,0.0001476336743831,0.2898872280097751,1.9403946966912096,,5.907221393525502,1.0,5.907221393525502,neutral,3.500000000000014,-1.29999999999999,1.4000000000000012,0.9902912621359223,0.529126213592233,0.0276666666666671,NORMAL,55.00000000000001,0.0,1.400000000000027,0.2,33.00000000000001,Low-Vol,안정,없음,안정,안정
2017-08-30,0.07507816332042,NORMAL,0.0001064655469162,0.4073569204919261,1.825398298281343,,5.910398742560681,1.0,5.910398742560681,neutral,-0.8999999999999897,-2.7999999999999803,2.0000000000000018,1.0,0.5288461538461539,0.0321666666666668,NORMAL,55.49999999999999,0.0,1.70000000000001,0.2,33.30000000000002,Low-Vol,안정,없음,안정,안정
2017-08-31,0.0946968726481902,NORMAL,0.0001885997277701,0.5790431715683728,1.8312707695966064,,5.907624823678491,1.0,5.907624823678491,neutral,1.5000000000000124,-0.20000000000000018,2.0999999999999686,1.0,0.5285714285714286,0.0321666666666663,NORMAL,55.69999999999997,0.0,1.6999999999999744,0.2,33.30000000000002,Low-Vol,안정,없음,안정,안정
2017-09-01,0.0939311917004573,NORMAL,9.8521979522668e-05,0.5570175459397653,1.84004433585029,,5.905619241304587,1.0,5.905619241304587,neutral,2.0999999999999908,1.0999999999999899,1.8999999999999906,0.9858490566037735,0.5283018867924528,0.030666666666667,NORMAL,55.49999999999999,0.0,1.6000000000000227,0.2,33.50000000000002,Low-Vol,안정,없음,안정,안정
2017-09-04,0.1184650830285384,NORMAL,0.0003977535495477,0.7379383923134276,1.982051037634874,,5.897177404961459,1.0,5.897177404961459,neutral,5.400000000000027,1.4000000000000234,1.4999999999999902,0.9719626168224299,0.5280373831775701,0.0306666666666668,NORMAL,55.3,0.0,1.6000000000000083,0.2,32.90000000000002,Low-Vol,안정,없음,안정,안정
2017-09-05,0.0923125878137588,NORMAL,0.0001695107799228,0.4871556223092497,1.84004433585029,,5.8970052600314276,1.0,5.8970052600314276,neutral,2.0999999999999908,1.29999999999999,2.5000000000000133,0.9722222222222222,0.5277777777777778,0.033666666666667,NORMAL,55.30000000000002,0.0,1.8000000000000256,0.2,33.00000000000001,Low-Vol,안정,없음,안정,안정
2017-09-06,0.100128861374686,NORMAL,0.0008861881305293,0.6122730973624377,1.836322125164436,,5.902913457079835,1.0,5.902913457079835,neutral,-3.100000000000014,-0.10000000000001119,1.6000000000000014,0.926605504587156,0.5275229357798165,0.0411666666666665,NORMAL,54.89999999999999,0.0,2.29999999999999,0.2,33.20000000000001,Low-Vol,안정,없음,안정,안정
2017-09-07,0.1005110461587526,NORMAL,0.0002670774023056,0.6245090886985478,1.7095013123253548,,5.903851506450346,1.0,5.903851506450346,neutral,-6.300000000000017,-1.2000000000000233,1.200000000000001,0.9090909090909091,0.5272727272727272,0.0276666666666667,NORMAL,54.400000000000006,0.0,1.4000000000000057,0.2,33.20000000000001,Low-Vol,안정,없음,안정,안정
2017-09-08,0.1027146376828772,NORMAL,0.000192222850214,0.7091226956644595,1.8330015648771556,,5.912257127031593,1.0,5.912257127031593,neutral,-8.199999999999985,-1.5999999999999792,1.29999999999999,0.9009009009009009,0.527027027027027,0.0276666666666666,NORMAL,54.30000000000001,0.0,1.3999999999999986,0.2,33.50000000000002,Low-Vol,안정,없음,안정,안정
2017-09-11,0.0936140897686516,NORMAL,9.810260287331006e-05,0.6020138350241298,1.8225127246685928,,5.909827246763183,1.0,5.909827246763183,neutral,-5.100000000000016,-0.40000000000000036,1.4000000000000234,0.9151785714285714,0.5267857142857143,0.0246666666666666,NORMAL,54.6,0.0,1.1999999999999955,0.2,33.30000000000002,Low-Vol,안정,없음,안정,안정
2017-09-12,0.0905730635538517,NORMAL,9.295211957024754e-05,0.5713984418021307,1.8230974221160825,,5.909927474956237,1.0,5.909927474956237,neutral,-5.000000000000027,-0.10000000000001119,1.5000000000000124,0.9203539823008849,0.5265486725663717,0.024666666666667,NORMAL,54.800000000000026,0.0,1.2000000000000242,0.2,33.50000000000002,Low-Vol,안정,없음,안정,안정
2017-09-13,0.0934923950453607,NORMAL,8.649953410767761e-05,0.6167496430784609,1.6471666262818836,,5.9122115976074054,1.0,5.9122115976074054,neutral,-8.999999999999986,-1.0999999999999899,1.6000000000000014,0.9254385964912281,0.5263157894736842,0.0231666666666665,NORMAL,54.89999999999999,0.0,1.0999999999999872,0.2,33.70000000000002,Low-Vol,안정,없음,안정,안정
2017-09-14,0.0975213964821826,NORMAL,8.582202641032487e-05,0.654167222798831,1.643359844631531,,5.911765166201994,1.0,5.911765166201994,neutral,-7.599999999999962,-1.6999999999999682,1.5999999999999792,0.9217391304347826,0.5260869565217391,0.0216666666666667,NORMAL,54.89999999999999,0.0,1.0,0.2,33.60000000000001,Low-Vol,안정,없음,안정,안정
2017-09-15,0.1024869667408615,NORMAL,9.822918611638204e-05,0.6976175989453207,1.651506489303184,,5.910947693993977,1.0,5.910947693993977,neutral,-6.599999999999984,-2.8000000000000025,1.7000000000000126,0.9482758620689655,0.5258620689655172,0.0141666666666666,NORMAL,55.1,0.0,0.4999999999999929,0.2,33.60000000000001,Low-Vol,안정,없음,안정,안정
2017-09-18,0.1192248061630077,NORMAL,0.0001711740636401,0.8370586828511445,1.7033944439204165,,5.907081473315569,1.0,5.907081473315569,neutral,-3.89999999999997,0.3000000000000336,1.7000000000000126,0.9572649572649573,0.5256410256410257,0.0231666666666665,NORMAL,55.2,0.0,1.0999999999999872,0.2,33.50000000000002,Low-Vol,안정,없음,안정,안정
2017-09-19,0.1439687936845758,NORMAL,0.0002367604510783,1.0336077632293186,1.8359279884971968,,5.899698041658043,1.0,5.899698041658043,neutral,-1.399999999999979,1.000000000000023,1.100000000000012,0.8813559322033898,0.5254237288135594,0.0201666666666665,NORMAL,54.70000000000002,0.0,0.8999999999999915,0.2,32.800000000000004,Low-Vol,안정,없음,안정,안정
2017-09-20,0.1365442866388961,NORMAL,0.0001401261403578,0.981207207815098,1.8459842617792932,,5.902913457079835,1.0,5.902913457079835,neutral,-1.7000000000000348,0.49999999999996714,1.000000000000023,0.8781512605042017,0.5252100840336135,0.0186666666666671,NORMAL,54.70000000000002,0.0,0.8000000000000256,0.2,32.90000000000002,Low-Vol,안정,없음,안정,안정
2017-09-21,0.1031469925989679,NORMAL,8.104269356883356e-05,0.6602477972161745,1.8383273289653976,2.4636702130745234,5.902763205828984,1.2,7.083315846994781,neutral,-0.9000000000000341,1.0999999999999677,1.3000000000000345,0.8875,0.525,0.021666666666667,NORMAL,54.800000000000026,0.0,1.000000000000021,0.2,32.800000000000004,Low-Vol,안정,없음,안정,안정
2017-09-22,0.0896530346006138,NORMAL,9.019151996831792e-05,0.5418458510072623,1.664134040653925,2.463304370363642,5.905586139464599,1.2,7.0867033673575195,neutral,1.499999999999968,-0.5000000000000338,0.6000000000000005,0.8677685950413223,0.5247933884297521,0.0066666666666667,NORMAL,54.70000000000002,0.0,-0.3999999999999986,0.2,33.100000000000016,Low-Vol,안정,없음,안정,안정
2017-09-25,0.0727805017735266,NORMAL,9.950278268320951e-05,0.3677515200445134,1.6630583747706322,2.448299325135673,5.904865091329597,1.2,7.0858381095955165,neutral,1.9000000000000128,-0.8999999999999897,0.5999999999999783,0.8770491803278688,0.5245901639344263,0.0066666666666667,NORMAL,54.8,0.0,-0.1999999999999815,0.2,33.00000000000001,Low-Vol,안정,없음,안정,안정
2017-09-26,0.0907964686370854,NORMAL,0.0003324212984474,0.4808812734201942,1.871243605621392,2.433294279907704,5.894815301329941,1.2,7.073778361595929,neutral,4.899999999999993,-1.100000000000012,0.30000000000001137,0.8130081300813008,0.524390243902439,0.0,NORMAL,54.29999999999999,0.0,-0.700000000000017,0.2,32.2,Low-Vol,안정,없음,안정,안정
2017-09-27,0.1064344059017627,NORMAL,0.0045240863035753,0.551738611853931,2.116719159454081,2.431207922597867,5.882353003430948,1.1485736838253477,6.756315858711782,bear_flat,11.099999999999977,-2.4000000000000297,-0.09999999999996678,0.7258064516129032,0.5241935483870968,0.0,NORMAL,53.90000000000001,0.0,-1.59999999999998,0.2,30.900000000000016,Low-Vol,안정,없음,안정,안정
2017-09-28,0.1290069821346015,NORMAL,0.0054102375607903,0.7188837022540934,2.205829596892361,2.4291215652880296,5.874810718845033,1.1012281133185668,6.46950672401741,bear_flat,13.200000000000012,-0.8999999999999675,0.30000000000001137,0.82,0.524,0.0,NORMAL,54.30000000000001,0.0,-1.399999999999963,0.2,30.700000000000017,Low-Vol,안정,없음,안정,안정
2017-09-29,0.1147359108038685,NORMAL,0.0013687161914673,0.5989644754801459,2.256779260711811,2.428652927764024,5.878124941435469,1.0761588295516338,6.32579605693346,bear_flat,10.80000000000001,-3.2999999999999696,0.09999999999998899,0.7738095238095238,0.5238095238095238,0.0,NORMAL,54.1,0.0,-1.3999999999999986,0.2,30.900000000000016,Low-Vol,안정,없음,안정,안정
2017-10-10,0.1195332463100133,NORMAL,0.0038315674321909,0.583219574000821,2.292613998772672,2.428184290240018,5.868267654155683,1.05913350068521,6.215278863503694,bear_flat,11.299999999999999,-4.299999999999993,0.09999999999998899,0.6259842519685039,0.5236220472440944,0.0,NORMAL,53.8,0.0,-1.499999999999993,0.2,29.000000000000004,Low-Vol,안정,없음,안정,안정
2017-10-11,0.14159664974371,NORMAL,0.0009399881695767,0.8121706255062722,2.293790244161511,2.4246705192866713,5.868492110523885,1.057058519390906,6.20333958140759,bear_flat,11.20000000000001,-3.699999999999992,0.09999999999998899,0.734375,0.5234375,0.0,NORMAL,53.99999999999998,0.0,-1.3000000000000398,0.2,29.300000000000015,Low-Vol,안정,없음,안정,안정
2017-10-12,0.122837361776376,NORMAL,0.0003242692427837,0.6679231192386059,2.3243335207730995,2.421156748333324,5.875836397504127,1.0416563400626,6.120602236630761,bear_flat,10.80000000000001,-1.6999999999999904,0.5000000000000338,0.8217054263565892,0.5232558139534884,0.0,NORMAL,54.30000000000001,0.0,-0.5999999999999801,0.2,29.600000000000005,Low-Vol,안정,없음,안정,안정
2017-10-13,0.1301606323211403,NORMAL,0.0001270199463889,0.7373390899234584,2.3123467232275208,2.4198055088100645,5.87477439303785,1.0464717442687639,6.147785406267787,bear_flat,11.60000000000001,-1.7999999999999794,0.7000000000000117,0.8346153846153846,0.5230769230769231,0.0,NORMAL,54.400000000000006,0.0,0.0,0.2,29.100000000000016,Low-Vol,안정,없음,안정,안정
2017-10-16,0.1581933384652187,NORMAL,8.688824141501202e-05,1.0174902339695966,2.1036059266737333,2.4184542692868045,5.872954212978368,1.1496707813097466,6.751963858631209,bear_flat,15.799999999999992,-1.100000000000012,1.100000000000012,0.8396946564885496,0.5229007633587787,0.0044999999999995,NORMAL,54.59999999999998,0.0,0.2999999999999687,0.2,28.300000000000015,Low-Vol,안정,없음,안정,안정
2017-10-17,0.1537903132850696,NORMAL,0.0001392644796543,0.9680180857773278,2.105006563310187,2.4176515111288337,5.871793234691596,1.1485244527347236,6.743898111445618,bear_flat,14.999999999999991,-4.000000000000031,0.6999999999999673,0.7803030303030303,0.5227272727272727,0.0,NORMAL,54.19999999999998,0.0,-0.4000000000000199,0.2,27.900000000000013,Low-Vol,안정,없음,안정,안정
2017-10-18,0.1326404254923612,NORMAL,8.811751096060378e-05,0.7690443988773703,2.1313388428773847,2.416848752970863,5.8740795713239535,1.1339580100309294,6.660959581461846,bear_flat,14.100000000000001,-4.10000000000002,0.40000000000000036,0.7781954887218046,0.5225563909774437,0.0,NORMAL,54.19999999999998,0.0,-0.600000000000044,0.2,28.100000000000016,Low-Vol,안정,없음,안정,안정
2017-10-19,0.1707098260924469,NORMAL,0.136091128028228,1.0894418753167905,2.196234816321121,2.4107357469627058,5.864149430397033,1.0976675759110732,6.436886690044212,bear_flat,18.69999999999998,-7.700000000000001,0.49999999999998934,0.8283582089552238,0.5223880597014925,0.0,NORMAL,54.400000000000006,0.0,-0.4999999999999858,0.2,25.70000000000001,Normal,안정,없음,안정,안정
2017-10-20,0.1998238517857355,NORMAL,0.9805109134043876,1.302451634408486,2.305205779146528,2.404622740954548,5.852872427298917,1.043127152771944,6.105290150625735,bear_flat,22.69999999999999,-11.900000000000022,0.39999999999997815,0.7703703703703704,0.5222222222222223,0.0,NORMAL,54.19999999999998,0.0,-0.70000000000001,0.2,23.2,High-Vol,주의,금리,주의,안정
2017-10-23,0.1997716094348317,NORMAL,0.1934463689702091,1.3314922147691926,2.386827888311404,2.404622740954548,5.85800029853142,1.0074554402226856,5.901674269581595,bear_flat,20.599999999999994,-8.700000000000003,1.3000000000000123,0.9595588235294118,0.5220588235294118,0.0015000000000001,NORMAL,55.2,0.0,0.1000000000000085,0.2,24.70000000000001,Normal,안정,없음,안정,안정
2017-10-24,0.2131681133510825,NORMAL,0.0120494858230311,1.4675121674405007,2.3882332161530764,2.404622740954548,5.856938874992416,1.0068626148780695,5.897132790855882,bear_flat,19.099999999999984,-12.400000000000011,1.200000000000001,0.9671532846715328,0.5218978102189781,0.0014999999999999,NORMAL,55.3,0.0,0.0999999999999943,0.2,24.0,Normal,안정,없음,안정,안정
2017-10-25,0.243372655103894,NORMAL,0.0050446328025889,1.683191389385444,2.4745228141794864,2.404622740954548,5.846360815414976,0.9717520999101736,5.681213399212059,bear_flat,20.599999999999994,-10.900000000000004,1.5000000000000346,0.9782608695652174,0.5217391304347826,0.0105000000000001,NORMAL,55.40000000000003,0.0,0.70000000000001,0.2,22.70000000000001,Low-Vol,안정,없음,안정,안정
2017-10-26,0.2813968424162392,NORMAL,0.5904299104616966,1.9800248403584872,2.5079400227865825,2.404622740954548,5.8347677797971444,0.9588039263725143,5.59439825674134,bear_flat,26.300000000000033,-14.399999999999968,0.8000000000000007,0.8525179856115108,0.5215827338129496,0.0,NORMAL,54.70000000000002,0.0,0.0,0.2,22.199999999999996,High-Vol,주의,금리,주의,안정
2017-10-27,0.2554907234685294,NORMAL,0.0245284101807883,1.743549464104286,2.5320264403708093,2.4107357469627058,5.836743799203267,0.9520973827625825,5.557148495077163,bear_flat,25.600000000000023,-12.7,1.7000000000000348,0.9428571428571428,0.07142857142857142,0.0059999999999996,NORMAL,55.2,0.0,0.3999999999999772,0.2,22.4,Normal,안정,없음,안정,안정
2017-10-30,0.2639172207822391,NORMAL,0.0230405288041969,1.861646764290327,2.548327624974968,2.416848752970863,5.840694305849213,0.9484058208546099,5.539348477499768,bear_flat,25.30000000000001,-10.899999999999999,2.200000000000002,1.0,0.07446808510638298,0.0194999999999998,NORMAL,56.00000000000001,0.0,1.29999999999999,0.2,22.500000000000007,Normal,안정,없음,안정,안정
2017-10-31,0.2891396084387516,NORMAL,0.861586314046258,2.0094938032146503,2.6660585929519023,2.4176515111288337,5.829101772185931,0.9068260980911045,5.28598161544731,bear_flat,30.100000000000016,-7.700000000000001,3.0000000000000027,1.0,0.528169014084507,0.024,NORMAL,56.400000000000006,0.0,1.6000000000000014,0.2,22.90000000000001,High-Vol,주의,금리,주의,안정
2017-11-01,0.2710831348717121,NORMAL,0.0657411026257633,1.86019143504939,2.7340494355057885,2.4184542692868045,5.83493509718726,0.8845685955343379,5.161400343952949,bear_flat,23.70000000000001,-7.1000000000000005,2.9000000000000137,1.0,0.8181818181818182,0.0396666666666667,NORMAL,56.49999999999999,0.0,2.200000000000003,0.2,24.10000000000001,Normal,안정,없음,안정,안정
2017-11-02,0.2366964895846757,NORMAL,0.0114478085921389,1.5547229015192163,2.672885292988412,2.4198055088100645,5.839873173457009,0.9053158828617772,5.286929937829041,bear_flat,16.599999999999994,-7.29999999999999,2.4000000000000465,0.9861111111111112,0.9236111111111112,0.0478333333333334,NORMAL,56.20000000000003,0.0,2.3000000000000185,0.2,25.89999999999999,Normal,안정,없음,안정,안정
2017-11-03,0.2435616298850653,NORMAL,0.0013946404550222,1.6247000060250605,2.608165316039137,2.421156748333324,5.839699493430294,0.9282988058480083,5.420986066262561,bear_flat,13.199999999999967,-11.300000000000043,2.0999999999999908,0.9793103448275862,0.9655172413793104,0.0469999999999996,NORMAL,56.1,0.0,1.799999999999983,0.2,26.59999999999998,Low-Vol,안정,없음,안정,안정
2017-11-06,0.2584310417445439,NORMAL,0.0004805020884237,1.7314210052018384,2.5807995497112,2.4246705192866713,5.834200631489173,0.9395036199374724,5.481252612725566,bear_flat,16.999999999999993,-9.40000000000003,2.0000000000000018,0.9657534246575342,0.9931506849315068,0.0536666666666661,NORMAL,55.89999999999997,0.0,1.7999999999999758,0.2,27.499999999999993,Low-Vol,안정,없음,안정,안정
2017-11-07,0.2499656254208124,NORMAL,0.0003943143436806,1.6618789224180426,2.507562246695519,2.428184290240018,5.836856795296389,0.9683445718804764,5.652088594568931,bear_flat,12.1,-7.400000000000012,2.499999999999991,0.9795918367346939,1.0,0.0693333333333328,NORMAL,56.19999999999998,0.0,2.3999999999999773,0.2,28.999999999999982,Low-Vol,안정,없음,안정,안정
2017-11-08,0.230751704447508,NORMAL,0.0002701586765432,1.4811161013544778,2.508931414388467,2.428652927764024,5.836628912140682,0.9680029170331025,5.649873812591924,bear_flat,11.999999999999966,-10.20000000000001,2.3000000000000353,0.9527027027027027,1.0,0.0736666666666672,NORMAL,55.800000000000026,0.0,1.800000000000047,0.2,30.599999999999984,Low-Vol,안정,없음,안정,안정
2017-11-09,0.2153658400131628,NORMAL,0.0001242658597955,1.3337743362847407,2.3698711934795638,2.428184290240018,5.836946698571131,1.024606019483631,5.9805707227610885,bear_flat,14.900000000000002,-9.799999999999986,3.6000000000000254,0.9832214765100671,0.9966442953020134,0.0751666666666668,NORMAL,56.20000000000003,0.0,1.90000000000002,0.2,30.299999999999994,Low-Vol,안정,없음,안정,안정
2017-11-10,0.2197693768837842,NORMAL,8.739873726698846e-05,1.3337743362847403,2.406630096432078,2.4246705192866713,5.830802198971609,1.0074961344833753,5.87451067640106,bear_flat,17.300000000000004,-6.800000000000011,3.300000000000014,0.9866666666666667,0.9933333333333333,0.0751666666666667,NORMAL,56.30000000000002,0.0,1.9000000000000128,0.2,29.89999999999999,Low-Vol,안정,없음,안정,안정
2017-11-13,0.2439588227343953,NORMAL,0.0001849213530512,1.545240921645815,2.417235262813597,2.421156748333324,5.826089472341751,1.00162230196624,5.835541148748222,bear_flat,18.500000000000007,-6.800000000000006,3.2999999999999696,0.9635761589403974,0.9900662251655629,0.0706666666666666,NORMAL,56.19999999999998,0.0,1.6000000000000014,0.2,28.89999999999999,Low-Vol,안정,없음,안정,안정
2017-11-14,0.2765496232097385,NORMAL,0.0005312466344579,1.8273078983334212,2.443999095529171,2.4246705192866713,5.819444320697264,0.9920914143225922,5.773420746692126,bear_flat,20.900000000000006,-5.499999999999966,2.6000000000000023,0.944078947368421,0.9868421052631579,0.0736666666666669,NORMAL,56.00000000000001,0.0,1.8000000000000256,0.2,27.699999999999992,Low-Vol,안정,없음,안정,안정
2017-11-15,0.2441665631984567,NORMAL,0.0004594576148758,1.5503811538330632,2.6527989191160306,2.428184290240018,5.8287795707173755,0.9153291916483218,5.335252092760988,bear_flat,17.900000000000027,-6.299999999999972,2.59999999999998,0.9607843137254902,0.9673202614379085,0.0699999999999998,NORMAL,56.19999999999998,0.0,2.0,0.2,28.000000000000004,Low-Vol,안정,없음,안정,안정
2017-11-16,0.2217794220154511,NORMAL,0.000105884624334,1.3456492762979586,2.589630130062273,2.428652927764024,5.830455153538228,0.9378377628412988,5.4680210175408135,bear_flat,13.500000000000023,-2.9999999999999805,2.6000000000000023,0.9902597402597403,0.9577922077922078,0.0633333333333332,NORMAL,56.400000000000006,0.0,2.0,0.2,27.09999999999999,Low-Vol,안정,없음,안정,안정
2017-11-17,0.2329898275673506,NORMAL,8.136112793993871e-05,1.4506015024493737,2.4531183162832217,2.4291215652880296,5.8292900915470724,0.9902178582924813,5.772267149817324,neutral,9.799999999999986,1.200000000000001,1.900000000000035,0.9129032258064517,0.9387096774193548,0.0506666666666672,NORMAL,55.800000000000026,0.0,1.600000000000044,0.2,26.29999999999999,Low-Vol,안정,없음,안정,안정
2017-11-20,0.2182835930729349,NORMAL,0.0001520441576147,1.337121869277012,2.4847746906224555,2.431207922597867,5.83475675913309,0.9784420019139967,5.708971084087404,neutral,9.199999999999964,-3.200000000000042,1.0999999999999899,0.9038461538461539,0.9006410256410257,0.0274999999999997,NORMAL,55.7,0.0,0.4999999999999929,0.2,25.49999999999999,Low-Vol,안정,없음,안정,안정
2017-11-21,0.2221115210753143,NORMAL,9.9138430471018e-05,1.3808743006458606,2.4900380466338725,2.433294279907704,5.835412208130964,0.9772116868644329,5.702433007456965,neutral,8.700000000000019,-1.200000000000001,1.6999999999999682,0.9044585987261147,0.9363057324840764,0.0341666666666663,NORMAL,55.79999999999998,0.0,0.4999999999999858,0.2,26.49999999999999,Low-Vol,안정,없음,안정,안정
2017-11-22,0.2182208431553839,NORMAL,0.0001466424385301,1.345404386099272,2.310496642897826,2.431207922597867,5.83550219708323,1.0522447327811932,6.140376450013909,neutral,4.0999999999999925,-3.500000000000009,1.6000000000000014,0.870253164556962,0.8924050632911392,0.0199999999999998,NORMAL,55.40000000000003,0.0,0.0,0.2,24.899999999999988,Low-Vol,안정,없음,안정,안정
2017-11-23,0.2091919234567577,NORMAL,0.0005925052169204,1.285881446575788,2.1464536235136205,2.4291215652880296,5.84076872841565,1.131690682099014,6.609943546243298,neutral,-2.200000000000024,2.59999999999998,2.3000000000000353,0.9685534591194969,0.839622641509434,0.0358333333333333,NORMAL,56.20000000000003,0.0,1.5000000000000142,0.2,23.799999999999997,Low-Vol,안정,없음,안정,안정
2017-11-24,0.2257847158407032,NORMAL,0.0007604677842732,1.423578128806145,2.1746082526817543,2.428652927764024,5.836401255512982,1.1168231909213895,6.518228273679612,neutral,0.09999999999998899,-0.40000000000000036,1.4999999999999902,0.84375,0.628125,0.0214999999999997,NORMAL,55.3,0.0,0.0999999999999943,0.2,21.799999999999997,Low-Vol,안정,없음,안정,안정
2017-11-27,0.2451098023271387,NORMAL,0.0001980209176418,1.6381326378721854,2.151009554898157,2.428184290240018,5.83810978497552,1.1288579749498064,6.590396789402116,neutral,1.000000000000023,-0.5999999999999783,0.19999999999997797,0.8416149068322981,0.9347826086956522,0.0399999999999999,NORMAL,55.3,0.0,-0.70000000000001,0.2,23.50000000000001,Low-Vol,안정,없음,안정,안정
2017-11-28,0.2068467293528011,NORMAL,0.1659559737879114,1.3142245082409656,2.068122718541473,2.4246705192866713,5.84924893065683,1.1724016653115494,6.857669187123867,neutral,-8.700000000000019,-4.200000000000026,0.7000000000000117,0.8919753086419753,0.9660493827160493,0.0399999999999998,NORMAL,55.7,0.0,-0.70000000000001,0.2,25.8,Normal,안정,없음,안정,안정
2017-11-29,0.1980984229372829,NORMAL,0.0115746971553067,1.234829490021296,2.015799436556389,2.421156748333324,5.850300491470248,1.2,7.020360589764298,neutral,-6.700000000000017,-3.9000000000000092,0.6000000000000005,0.8773006134969326,0.950920245398773,0.0266666666666665,NORMAL,55.60000000000001,0.0,-0.8999999999999844,0.2,25.6,Normal,안정,없음,안정,안정
2017-11-30,0.2030711874765076,NORMAL,0.9999999858833176,1.2897956481618915,1.9725684565534016,2.4198055088100645,5.85187790947748,1.2,7.022253491372976,neutral,-4.899999999999993,0.19999999999997797,0.09999999999996678,0.8719512195121951,0.006097560975609756,0.0,NORMAL,55.59999999999996,0.0,-0.6000000000000725,0.2,28.6,High-Vol,주의,금리,주의,안정
2017-12-01,0.2044854120836219,NORMAL,0.0589988490478354,1.2845027348758689,1.9984928531797463,2.4184542692868045,5.84909557549259,1.2,7.0189146905911075,neutral,-3.699999999999992,1.5000000000000124,-0.09999999999996678,0.8757575757575757,0.006060606060606061,0.0,NORMAL,55.60000000000001,0.0,-0.4999999999999858,0.2,29.100000000000016,Normal,안정,없음,안정,안정
2017-12-04,0.1962861394641756,NORMAL,0.0037618422825368,1.2103390409124055,1.9110757510668648,2.4178447660502007,5.849923396015473,1.2,7.019908075218567,neutral,-6.400000000000006,0.49999999999998934,-0.3000000000000336,0.7891566265060241,0.009036144578313253,0.0,NORMAL,55.19999999999996,0.0,-0.70000000000001,0.2,28.500000000000014,Low-Vol,안정,없음,안정,안정
2017-12-05,0.1901847862268367,NORMAL,0.0011231349801136,1.12804661451109,1.955363743251124,2.417235262813597,5.84547558173606,1.2,7.014570698083271,neutral,-3.7000000000000366,-1.6000000000000403,-0.20000000000002238,0.7724550898203593,0.011976047904191617,0.0,NORMAL,55.09999999999997,0.0,-1.1000000000000083,0.2,27.500000000000014,Low-Vol,안정,없음,안정,안정
2017-12-06,0.1620936513840551,NORMAL,0.0005290636440096,0.9005567594621611,2.0906999583367907,2.41704200789223,5.853850414046249,1.1560922447308284,6.767591065493217,neutral,-7.099999999999973,-0.40000000000000036,-2.220446049250313e-14,0.8214285714285714,0.01488095238095238,0.0,NORMAL,55.3,0.0,-0.5000000000000284,0.2,28.000000000000004,Low-Vol,안정,없음,안정,안정
2017-12-07,0.1888954872828513,NORMAL,0.0002021268570135,1.1426703041585065,2.1311906728893386,2.416848752970863,5.850308468676655,1.1340368479063614,6.634465375097966,neutral,-5.499999999999972,-0.19999999999998352,0.20000000000002238,0.7781065088757396,0.01775147928994083,0.0,NORMAL,55.100000000000016,0.0,-1.1000000000000156,0.2,27.800000000000004,Low-Vol,안정,없음,안정,안정
2017-12-08,0.194836987892013,NORMAL,0.0010108644057266,1.1949616323776604,2.021437737432388,2.4117394247014703,5.849430776411327,1.1930812312650498,6.978846072920502,neutral,-7.799999999999985,-1.499999999999968,0.7000000000000117,0.7764705882352941,0.020588235294117647,0.0,NORMAL,55.100000000000016,0.0,-1.2000000000000028,0.2,27.6,Low-Vol,안정,없음,안정,안정
2017-12-11,0.2143152666316961,NORMAL,0.0002342276127458,1.4039636517896674,1.9484069065993863,2.406630096432078,5.850482326750942,1.2,7.020578792101131,bull_flat,-10.099999999999998,-0.8000000000000007,0.9999999999999787,0.8216374269005848,0.023391812865497075,0.0,NORMAL,55.3,0.0,-0.8999999999999844,0.2,27.700000000000014,Low-Vol,안정,없음,안정,안정
2017-12-12,0.1872410708093346,NORMAL,0.0002162720352346,1.1727533830358596,1.8473594241796203,2.405626418693313,5.8564418307829,1.2,7.027730196939479,bull_flat,-15.399999999999991,-2.0000000000000018,0.5000000000000115,0.7703488372093024,0.02616279069767442,0.0,NORMAL,55.100000000000016,0.0,-0.8999999999999915,0.2,28.000000000000004,Low-Vol,안정,없음,안정,안정
2017-12-13,0.1849666766911168,NORMAL,0.0001557081640327,1.155027151279424,1.6954738508592144,2.404622740954548,5.85707663498283,1.2,7.0284919619793955,bull_flat,-11.800000000000033,-1.9000000000000072,0.20000000000000018,0.7456647398843931,0.028901734104046242,0.0,NORMAL,55.00000000000003,0.0,-1.199999999999953,0.2,27.700000000000014,Low-Vol,안정,없음,안정,안정
2017-12-14,0.1881104598435743,NORMAL,8.265124326831241e-05,1.1915754629515134,1.696466916859862,2.404622740954548,5.857686736355274,1.2,7.029224083626328,bull_flat,-11.399999999999988,-2.300000000000008,-0.09999999999998899,0.6982758620689655,0.031609195402298854,0.0,NORMAL,54.8,0.0,-1.6000000000000014,0.2,27.500000000000014,Low-Vol,안정,없음,안정,안정
2017-12-15,0.1737713016514215,NORMAL,0.000102847303408,1.0753843023960756,1.6947597252459716,2.404622740954548,5.861477892662792,1.2,7.03377347119535,bull_flat,-13.600000000000012,-4.0000000000000036,-0.19999999999997797,0.68,0.03428571428571429,0.0,NORMAL,54.70000000000002,0.0,-1.1000000000000083,0.2,27.200000000000003,Low-Vol,안정,없음,안정,안정
2017-12-18,0.1714436871077207,NORMAL,0.0006107160165739,1.052470084240564,1.6566532527961335,2.403790721768398,5.8611797993394195,1.2,7.033415759207303,bull_flat,-11.299999999999999,-4.699999999999976,-0.49999999999996714,0.6647727272727273,0.036931818181818184,0.0,NORMAL,54.60000000000002,0.0,-1.099999999999973,0.2,26.100000000000012,Low-Vol,안정,없음,안정,안정
2017-12-19,0.1749511784374615,NORMAL,0.0001780582201033,1.0576576575769083,1.7388441411950744,2.402958702582248,5.8570445417490795,1.2,7.028453450098895,neutral,-9.200000000000008,-3.299999999999992,-0.6000000000000227,0.6468926553672316,0.03954802259887006,0.0,NORMAL,54.59999999999998,0.0,-1.2000000000000028,0.2,25.900000000000013,Low-Vol,안정,없음,안정,안정
2017-12-20,0.1706054226741093,NORMAL,0.0027215965107911,0.9920430307524432,1.79856668079423,2.3992843613429504,5.85377589365307,1.2,7.0245310723836845,neutral,-7.399999999999984,0.8999999999999897,0.39999999999995595,0.7556179775280899,0.042134831460674156,0.0,NORMAL,55.09999999999997,0.0,-0.300000000000054,0.2,25.8,Low-Vol,안정,없음,안정,안정
2017-12-21,0.1908657287857087,NORMAL,0.0006715651158257,1.1665729545271633,1.8069747908415483,2.395610020103653,5.850089022242864,1.2,7.020106826691436,neutral,-3.799999999999981,0.20000000000001683,0.19999999999997797,0.723463687150838,0.0446927374301676,0.0,NORMAL,54.89999999999999,0.0,-1.3000000000000398,0.2,25.4,Low-Vol,안정,없음,안정,안정
2017-12-22,0.2004675919233505,NORMAL,0.0042855400407089,1.2396524929316604,1.792521012135529,2.3919216181283645,5.846319202713675,1.2,7.0155830432564095,neutral,-4.0999999999999925,-0.29999999999996696,-0.10000000000001119,0.675,0.04722222222222222,0.0,NORMAL,54.70000000000002,0.0,-0.5999999999999801,0.2,23.90000000000001,Low-Vol,안정,없음,안정,안정
2017-12-26,0.2039718473861305,NORMAL,0.0003451078971548,1.2834905962843413,1.7915004002819928,2.3882332161530764,5.847465200607106,1.2,7.016958240728527,neutral,-4.0000000000000036,-1.6000000000000014,0.19999999999997797,0.7237569060773481,0.049723756906077346,0.0,NORMAL,54.89999999999999,0.0,-0.4000000000000057,0.2,23.50000000000001,Low-Vol,안정,없음,안정,안정
2017-12-27,0.207286089177642,NORMAL,0.0002160687152142,1.306468837585413,1.4503266419745098,2.3875305522322403,5.845628693242574,1.2,7.014754431891089,neutral,1.29999999999999,-1.7999999999999738,-0.49999999999998934,0.6016483516483516,0.0521978021978022,0.0,NORMAL,54.30000000000001,0.0,-1.3999999999999844,0.2,22.300000000000008,Low-Vol,안정,없음,안정,안정
2017-12-28,0.1634057916077288,NORMAL,0.0026844287265618,0.920994436486528,1.5839574024043652,2.386827888311404,5.852169829068893,1.2,7.022603794882671,neutral,-1.100000000000012,-3.299999999999997,0.10000000000001119,0.6202185792349727,0.0546448087431694,0.0,NORMAL,54.400000000000006,0.0,-1.2000000000000028,0.2,22.70000000000001,Low-Vol,안정,없음,안정,안정
2017-12-29,0.135834469719332,NORMAL,0.0043644249084601,0.6574246081605754,1.5829353147006104,2.3792375531207712,5.852145020895108,1.2,7.022574025074129,bull_flat,-0.8000000000000007,-6.799999999999962,0.40000000000000036,0.5978260869565217,0.057065217391304345,0.0,NORMAL,54.30000000000001,0.0,-1.2999999999999474,0.2,22.70000000000001,Low-Vol,안정,없음,안정,안정
2018-01-02,0.1311963931901087,NORMAL,0.035094340370727,0.5806437173661952,1.6254554017744998,2.3716472179301387,5.848152010025754,1.2,7.017782412030905,neutral,0.0,-3.800000000000031,-4.440892098500626e-14,0.5783783783783784,0.05945945945945946,0.0,NORMAL,54.29999999999997,0.0,-1.3000000000000398,0.2,23.90000000000001,Normal,안정,없음,안정,안정
2018-01-03,0.1549526170801728,NORMAL,0.0119533112554196,0.7883172937386392,1.676234815858072,2.3707730860137275,5.843788735141677,1.2,7.012546482170013,neutral,2.300000000000013,-2.0999999999999464,-0.39999999999995595,0.3978494623655914,0.06182795698924731,0.0,NORMAL,53.70000000000004,0.0,-1.4999999999999218,0.2,24.900000000000013,Normal,안정,없음,안정,안정
2018-01-04,0.1438388259195048,NORMAL,0.0058839538880752,0.6568253655807593,1.6668517441098702,2.3698989540973168,5.840132617166712,1.2,7.008159140600054,neutral,2.100000000000035,-0.8999999999999453,-0.39999999999997815,0.3048128342245989,0.06417112299465241,0.0,NORMAL,53.40000000000003,0.0,-1.699999999999946,0.2,25.100000000000012,Normal,안정,없음,안정,안정
2018-01-05,0.1399023866190901,NORMAL,0.0078948218363164,0.6250248293396778,1.445674127945351,2.3698850737884403,5.8422940378334065,1.2,7.010752845400088,neutral,5.099999999999971,3.599999999999959,0.5000000000000115,0.6382978723404256,0.06648936170212766,0.0,NORMAL,54.49999999999999,0.0,-0.8000000000000043,0.2,26.30000000000001,Normal,안정,없음,안정,안정
2018-01-08,0.1763771624346393,NORMAL,0.0024351234562179,0.9622409320867144,1.485331789976845,2.3698711934795638,5.836588617788126,1.2,7.003906341345751,neutral,5.799999999999983,1.6999999999999904,-0.7000000000000117,0.36243386243386244,0.06878306878306878,0.0,NORMAL,53.6,0.0,-1.5000000000000142,0.2,26.500000000000014,Low-Vol,안정,없음,안정,안정
2018-01-09,0.1934062331899919,NORMAL,0.0058547084461458,1.0905352534889243,1.5655753944762614,2.357301064276968,5.830782394662991,1.2,6.99693887359559,neutral,7.899999999999974,2.399999999999963,-0.8999999999999897,0.3394736842105263,0.07105263157894737,0.03430597030163,NORMAL,53.500000000000014,0.3430597030163003,-1.6000000000000014,0.23430597030163003,26.400000000000002,Low-Vol,안정,없음,안정,안정
2018-01-10,0.2370666668361226,NORMAL,0.0088957218940811,1.374727734636374,2.168646194239509,2.344730935074372,5.814544299557968,1.0811956977134352,6.286660280846255,bear_steep,15.49999999999998,6.999999999999979,-1.100000000000012,0.3089005235602094,0.07329842931937172,0.0342297812328804,NORMAL,53.49999999999997,0.3422978123288043,-1.8000000000000256,0.23422978123288044,25.900000000000013,Normal,안정,없음,안정,안정
2018-01-11,0.1965258362244296,NORMAL,0.0024883354098451,1.036041044607927,2.3930326498311554,2.357301064276968,5.825476481231428,0.9850684922511572,5.73849333401122,bear_steep,13.3,5.799999999999978,-0.40000000000000036,0.4192708333333333,0.07552083333333333,0.0435031915992991,NORMAL,53.79999999999998,0.4350319159929918,-1.300000000000033,0.2435031915992992,26.500000000000014,Low-Vol,안정,없음,안정,안정
2018-01-12,0.2244746598761451,NORMAL,0.0005333760543461,1.2580464783209628,2.456677259612009,2.3698711934795638,5.817535009987465,0.9646652543418932,5.611973890052426,bear_steep,17.000000000000036,7.400000000000029,-0.8999999999999897,0.25906735751295334,0.07772020725388601,0.0277918326027211,NORMAL,53.29999999999999,0.277918326027211,-1.7000000000000384,0.22779183260272112,26.400000000000002,Low-Vol,안정,없음,안정,안정
2018-01-15,0.2286794812966228,NORMAL,0.0037460167949321,1.249581420999912,2.509434828381635,2.3698850737884403,5.808726409772246,0.9443899666112501,5.485702940178698,bear_steep,20.799999999999976,6.499999999999989,-1.6999999999999904,0.19845360824742267,0.07989690721649484,0.0089569474207576,NORMAL,52.70000000000002,0.0895694742075765,-2.099999999999987,0.20895694742075765,26.30000000000001,Low-Vol,안정,없음,안정,안정
2018-01-16,0.1937097028837132,NORMAL,0.0002776554666769,0.9432264772025072,2.5094348283816323,2.3698989540973168,5.8123635776014515,0.9443954978602477,5.489169994613693,bear_steep,20.80000000000002,6.099999999999994,-2.1999999999999797,0.08717948717948718,0.08205128205128205,0.0,NORMAL,52.0,-0.1301360641285023,-2.700000000000017,0.18698639358714977,26.500000000000014,Low-Vol,안정,없음,안정,안정
2018-01-17,0.1997155996041928,NORMAL,0.0001839978295241,1.0151348049762925,2.522796067858045,2.3707730860137275,5.813399239616332,0.9397402811185641,5.463085435691498,bear_steep,20.30000000000003,6.600000000000028,-3.399999999999981,0.08163265306122448,0.16581632653061223,0.0066666666666666,NORMAL,51.800000000000026,-0.1927149914781931,-2.799999999999997,0.1807285008521807,26.700000000000014,Low-Vol,안정,없음,안정,안정
2018-01-18,0.1864921145878748,NORMAL,0.0108855393106421,0.909631474834365,2.580998378840824,2.3716472179301387,5.818236456536976,0.9188875271573362,5.346304909963925,bear_steep,16.900000000000006,9.39999999999998,-2.400000000000002,0.2233502538071066,0.16751269035532995,0.0220630823487457,NORMAL,52.89999999999999,0.1539641568207905,-1.6999999999999886,0.21539641568207907,27.6,Low-Vol,안정,없음,안정,안정
2018-01-19,0.1758207670182147,NORMAL,0.0027986324370326,0.7837967591627567,2.58446268466408,2.3792375531207712,5.814376821129237,0.9205927279348655,5.352673019004615,bear_steep,17.09999999999998,8.800000000000002,-2.300000000000013,0.25,0.1691919191919192,0.0283400218007083,NORMAL,53.100000000000016,0.2167335513404165,-1.9999999999999571,0.22167335513404166,27.30000000000001,Low-Vol,안정,없음,안정,안정
2018-01-22,0.1623849642959813,NORMAL,0.0005084139384652,0.635272740877127,2.5818139278218224,2.386827888311404,5.810522221397776,0.9244771137806508,5.371694812796152,bear_steep,16.900000000000006,6.000000000000011,-1.9000000000000128,0.2185929648241206,0.1708542713567839,0.0188172709992763,NORMAL,52.8,0.1215060433260962,-2.099999999999987,0.21215060433260963,27.0,Low-Vol,안정,없음,안정,안정
2018-01-23,0.1680679056448078,NORMAL,0.00096397320125,0.6886673564025322,2.583327108085314,2.3875305522322403,5.810361042126291,0.924207602188562,5.369979846593374,bear_steep,15.799999999999992,9.699999999999948,-1.9000000000000128,0.2825,0.1725,0.0346212507835208,NORMAL,53.29999999999999,0.2795458411685419,-1.400000000000027,0.2279545841168542,27.200000000000003,Low-Vol,안정,없음,안정,안정
2018-01-24,0.1646525635254205,NORMAL,0.0004529096714205,0.7196587453133992,2.5988408347204595,2.3882332161530764,5.812405901332982,0.9189609399107211,5.341373990231579,bear_steep,15.300000000000002,8.499999999999991,-2.6000000000000245,0.30845771144278605,0.17412935323383086,0.0377340383469146,NORMAL,53.39999999999998,0.3106737168024792,-1.5000000000000142,0.23106737168024793,27.700000000000014,Low-Vol,안정,없음,안정,안정
2018-01-25,0.1483140098124977,NORMAL,0.000162216285665,0.5468889554295272,2.6067927460871605,2.3906329329921157,5.808274307572026,0.9170782512650826,5.326642044856062,bear_steep,16.400000000000013,9.90000000000002,-3.0999999999999694,0.30198019801980197,0.17574257425742573,0.0344932517018767,NORMAL,53.30000000000004,0.2782658503521002,-0.9999999999999716,0.22782658503521003,27.6,Low-Vol,안정,없음,안정,안정
2018-01-26,0.1770585070306151,NORMAL,0.0002050026016353,0.8083103801246783,2.469924354264616,2.3930326498311554,5.804203166354033,0.968868801872131,5.623511367607861,bear_steep,20.999999999999996,12.199999999999989,-2.9999999999999805,0.37438423645320196,0.17733990147783252,0.0407992368199086,NORMAL,53.500000000000014,0.3413257015324193,-0.8999999999999915,0.23413257015324196,27.700000000000014,Low-Vol,안정,없음,안정,안정
2018-01-29,0.2347541281173651,NORMAL,0.002880227533688,1.2584970324780116,2.737627670659018,2.394321334967404,5.788709627608071,0.8745971413968902,5.062788892682676,bear_steep,27.500000000000036,12.9,-3.3000000000000362,0.22303921568627452,0.17892156862745098,0.0216026541090118,NORMAL,52.89999999999999,0.1493598744234515,-1.40000000000002,0.21493598744234516,26.400000000000002,Low-Vol,안정,없음,안정,안정
2018-01-30,0.2624935985932504,NORMAL,0.1142741476599098,1.458059060239853,2.7975318068837627,2.395610020103653,5.7795369096887805,0.8563298598460548,4.949190031848894,bear_steep,29.499999999999993,11.000000000000037,-3.1999999999999584,0.23414634146341465,0.18048780487804877,0.0215739234763162,NORMAL,52.900000000000034,0.1490725680964958,-1.3999999999999346,0.2149072568096496,26.0,Normal,안정,없음,안정,안정
2018-01-31,0.2381733989935661,NORMAL,0.0260692664548335,1.2433317514732944,2.8726431987576224,2.3992843613429504,5.78350197416898,0.8352183669662167,4.830487074211306,bear_steep,26.100000000000012,11.399999999999988,-2.3999999999999577,0.38106796116504854,0.1820388349514563,0.040741498626758,NORMAL,53.500000000000014,0.3407483196009139,-0.2000000000000241,0.2340748319600914,26.200000000000003,Normal,안정,없음,안정,안정
2018-02-01,0.2342357031231933,NORMAL,0.0103370285435809,1.224571770914767,2.9302909860895907,2.402958702582248,5.78691686945673,0.8200409836392882,4.745509001868088,bear_steep,23.299999999999965,12.599999999999945,-2.1999999999999797,0.5676328502415459,0.18357487922705315,0.065683619069575,NORMAL,54.0,0.5001695240290875,0.599999999999973,0.2500169524029088,26.500000000000014,Normal,안정,없음,안정,안정
2018-02-02,0.234822874095336,NORMAL,0.0174839665351196,1.2303793354969077,2.917443004449364,2.403790721768398,5.7868921360801915,0.8239375090112814,4.768037491518886,bear_steep,23.799999999999997,8.700000000000019,-2.200000000000024,0.40865384615384615,0.18509615384615385,0.0437392889533164,NORMAL,53.6,0.3707262228664976,-0.8999999999999915,0.23707262228664977,26.8,Normal,안정,없음,안정,안정
2018-02-05,0.2641357034761032,NORMAL,0.0095901093103461,1.4588803871419007,3.014923408296593,2.404622740954548,5.775878255232314,0.7975734091079748,4.606686910618258,bear_steep,26.29999999999999,11.099999999999982,-3.200000000000003,0.24641148325358853,0.18660287081339713,0.0243756679080773,NORMAL,53.00000000000003,0.1770900124141067,-0.599999999999973,0.21770900124141068,26.6,Normal,안정,없음,안정,안정
2018-02-06,0.2069418148796203,NORMAL,0.008035137046477,0.9738453959873108,3.3503495497131577,2.404622740954548,5.788324950776847,0.7177229436135766,4.154413622263469,bear_steep,18.400000000000016,8.000000000000007,-2.800000000000047,0.34523809523809523,0.1880952380952381,0.0404432409003256,NORMAL,53.49999999999997,0.3377657423365898,-4.263256414560601e-14,0.233776574233659,27.400000000000002,Normal,안정,없음,안정,안정
2018-02-07,0.1738336405366995,NORMAL,0.002949181037157,0.7021219132288075,3.117771640130175,2.404622740954548,5.795131499237938,0.771263267008917,4.469572052848535,neutral,8.099999999999996,0.49999999999998934,-3.100000000000014,0.25118483412322273,0.1895734597156398,0.0274720899003462,NORMAL,53.099999999999966,0.2080542323367959,-0.4000000000000057,0.2208054232336796,27.700000000000014,Low-Vol,안정,없음,안정,안정
2018-02-08,0.1775168917988202,NORMAL,0.0013684209456111,0.6973865279161692,2.8989789491075,2.405626418693313,5.788932070320948,0.8298185191837719,4.803763038249176,bear_steep,15.500000000000025,3.500000000000064,-2.9999999999999805,0.24528301886792453,0.19103773584905662,0.0242003654950266,NORMAL,53.00000000000003,0.1753369882835995,-0.7999999999999545,0.21753369882835996,27.100000000000012,Low-Vol,안정,없음,안정,안정
2018-02-09,0.2095523338101268,NORMAL,0.0017967745716787,0.9904956784539888,2.836250304446644,2.406630096432078,5.785984638652667,0.8485252844782382,4.90955426149947,bear_steep,13.39999999999999,2.9999999999999805,-3.200000000000003,0.2300469483568075,0.19248826291079812,0.0241673523112787,NORMAL,52.99999999999998,0.175006856446121,-0.3000000000000113,0.2175006856446121,27.0,Low-Vol,안정,없음,안정,안정
2018-02-12,0.2461991547087331,NORMAL,0.0009207910620675,1.253890289487109,2.925639831054505,2.4117394247014703,5.774864201357252,0.8243459769387242,4.76048607175631,bear_steep,14.800000000000013,6.9,-3.100000000000014,0.29439252336448596,0.1939252336448598,0.0428644441238773,NORMAL,53.29999999999999,0.2719777745721102,0.599999999999973,0.22719777745721104,26.400000000000002,Low-Vol,안정,없음,안정,안정
2018-02-13,0.2242584766250339,NORMAL,0.0002378539028311,1.0802941737927962,2.971704277984182,2.416848752970863,5.781038631680509,0.8132870995529548,4.701644141163023,bear_steep,13.899999999999979,8.599999999999985,-2.000000000000046,0.4744186046511628,0.19534883720930232,0.0770489205873407,NORMAL,53.79999999999998,0.4338225392067431,1.799999999999983,0.2433822539206743,26.6,Low-Vol,안정,없음,안정,안정
2018-02-14,0.2250562097741974,NORMAL,0.0001016435585997,1.1152250786305309,3.008982167479651,2.41704200789223,5.785014948449102,0.8032756172552411,4.646961453546249,bear_steep,12.699999999999978,8.899999999999958,-1.5000000000000124,0.6180555555555556,0.19675925925925927,0.0922896870424097,NORMAL,54.19999999999998,0.5628968704241042,2.399999999999956,0.25628968704241045,26.8,Low-Vol,안정,없음,안정,안정
2018-02-19,0.2502499355175397,NORMAL,0.0002506186296098,1.2946695785329116,3.025662171979447,2.417235262813597,5.776580480912904,0.7989111557792304,4.614974588457871,bear_steep,17.799999999999994,4.80000000000001,-1.8999999999999684,0.5506912442396313,0.19815668202764977,0.0613941962288097,NORMAL,53.90000000000001,0.4639419622880938,1.000000000000021,0.2463941962288094,26.100000000000012,Low-Vol,안정,없음,안정,안정
2018-02-20,0.2576386295708117,NORMAL,0.0003650818428926,1.350845960114475,3.0180989136593253,2.4178447660502007,5.774304007601939,0.801115150702155,4.625882425250086,bear_steep,16.900000000000006,2.3000000000000185,-1.8000000000000238,0.4197247706422018,0.19954128440366972,0.0440121755631779,NORMAL,53.6,0.3651217556317817,0.4999999999999858,0.2365121755631782,25.900000000000013,Low-Vol,안정,없음,안정,안정
2018-02-21,0.2648336064870701,NORMAL,0.0001162984245553,1.4311955897817925,3.031844149584282,2.4184542692868045,5.775837970207108,0.7976842311035072,4.6072948702430985,bear_steep,14.900000000000002,4.599999999999982,-2.300000000000013,0.5525114155251142,0.2009132420091324,0.062734465623914,NORMAL,53.90000000000001,0.4623446562391394,1.1000000000000083,0.24623446562391396,26.100000000000012,Low-Vol,안정,없음,안정,안정
2018-02-22,0.2577340843331562,NORMAL,0.0002429275762537,1.3618919799193656,3.031844149584282,2.4198055088100645,5.775482993439672,0.7981299134857778,4.6095857418925865,bear_steep,14.900000000000002,3.800000000000031,-1.399999999999979,0.5522727272727272,0.20227272727272727,0.0551344563263958,NORMAL,53.90000000000001,0.4613445632639548,0.6000000000000227,0.2461344563263955,26.100000000000012,Low-Vol,안정,없음,안정,안정
2018-02-23,0.2531111170605581,NORMAL,0.0022720792519242,1.3340022492988426,3.0349542613392173,2.421156748333324,5.778288309959743,0.7977572443760499,4.609671359363827,bear_steep,14.799999999999969,5.999999999999966,-0.7000000000000117,0.6968325791855203,0.20361990950226244,0.0869381477574072,NORMAL,54.59999999999998,0.6893814775740723,1.2000000000000028,0.26893814775740726,26.100000000000012,Low-Vol,안정,없음,안정,안정
2018-02-26,0.2601835182047642,NORMAL,0.0008197723503658,1.455897893453139,3.131150788952508,2.4246705192866713,5.785064396380894,0.7743704097041644,4.479782686790447,bear_steep,10.199999999999987,5.399999999999983,-0.6999999999999673,0.795045045045045,0.20495495495495494,0.1073416039337392,NORMAL,55.00000000000003,0.8184160393373944,1.6999999999999886,0.28184160393373947,26.200000000000003,Low-Vol,안정,없음,안정,안정
2018-02-27,0.2374287440361439,NORMAL,0.0010093617051878,1.2812106379865045,3.2267753171499933,2.428184290240018,5.792295525845198,0.7525111145280111,4.358766761829382,neutral,5.100000000000016,1.500000000000018,-0.49999999999998934,0.820627802690583,0.2062780269058296,0.1088712023997322,NORMAL,55.100000000000016,0.848712023997322,1.6000000000000014,0.28487120239973224,26.400000000000002,Low-Vol,안정,없음,안정,안정
2018-02-28,0.2433299983041228,NORMAL,0.0002340975690356,1.328209864472687,2.8764744502876938,2.428652927764024,5.790804216688326,0.8443158351436494,4.88926769836657,neutral,-0.8000000000000007,0.7000000000000117,-0.49999999999994493,0.8191964285714286,0.20758928571428573,0.1176145619657202,NORMAL,55.100000000000016,0.8461456196571993,2.200000000000024,0.28461456196571994,26.100000000000012,Low-Vol,안정,없음,안정,안정
2018-03-02,0.2404115551691283,NORMAL,0.0006484016189056,1.2933397319945563,2.719960332528092,2.4291215652880296,5.789133556342606,0.8930724232401802,5.1701155336239335,neutral,-4.2999999999999705,-2.899999999999997,-0.6000000000000227,0.7755555555555556,0.2088888888888889,0.1125860572051787,NORMAL,54.99999999999999,0.8108605720517945,2.099999999999952,0.2810860572051795,25.6,Low-Vol,안정,없음,안정,안정
2018-03-05,0.2397668433972939,NORMAL,0.0051992505992327,1.2933397319945568,2.703681700356409,2.431207922597867,5.789476822089817,0.8992212072439506,5.206020337270476,bull_flat,-3.200000000000003,-6.9,-0.9999999999999343,0.6216814159292036,0.21017699115044247,0.0651112644574744,NORMAL,54.20000000000002,0.5461126445747428,0.70000000000001,0.2546112644574743,25.50000000000001,Normal,안정,없음,안정,안정
2018-03-06,0.2458455769578095,NORMAL,0.0105915506343029,1.3163139300607556,2.739049969759974,2.433294279907704,5.784714300262639,0.8883716276709389,5.138976058535677,bear_flat,0.30000000000001137,-5.999999999999966,-0.49999999999994493,0.7026431718061674,0.21145374449339208,0.0766306897034839,NORMAL,54.60000000000002,0.6763068970348359,0.6000000000000227,0.2676306897034836,25.2,Normal,안정,없음,안정,안정
2018-03-07,0.2425900107348644,NORMAL,0.0124378604400398,1.3357274310664646,2.831862879523135,2.4386466877184376,5.7919785921697144,0.8611457515658696,4.987737757807416,bull_flat,-2.8999999999999915,-7.600000000000007,-0.49999999999998934,0.7368421052631579,0.21271929824561403,0.0920331548342941,NORMAL,54.8,0.7403315483429412,1.2000000000000028,0.27403315483429413,25.2,Normal,안정,없음,안정,안정
2018-03-08,0.2366948916479474,NORMAL,0.0068139218858992,1.2760390410588476,2.596814850623944,2.443999095529171,5.791603400104194,0.9411526181552545,5.450782703324936,bull_flat,-7.299999999999995,-7.200000000000012,0.0,0.8209606986899564,0.21397379912663755,0.1151968247237554,NORMAL,55.100000000000016,0.8369682472375566,2.099999999999987,0.2836968247237557,25.2,Normal,안정,없음,안정,안정
2018-03-09,0.2442699421088564,NORMAL,0.002270625168011,1.3257859553295386,2.334833477664107,2.4386466877184376,5.788413119030803,1.0444627897652858,6.045782114616892,neutral,-0.49999999999998934,-4.499999999999998,0.19999999999997797,0.8652173913043478,0.21521739130434783,0.1170252457571586,NORMAL,55.3,0.9002524575715829,1.8000000000000256,0.2900252457571583,25.0,Low-Vol,안정,없음,안정,안정
2018-03-12,0.2569456116563566,NORMAL,0.0006003865833487,1.4226654340918274,2.240647227923219,2.433294279907704,5.784887166055921,1.0859783055465824,6.282261962371581,neutral,4.0999999999999925,-1.6000000000000014,-0.09999999999998899,0.841991341991342,0.21645021645021645,0.1179582037753544,NORMAL,55.2,0.8645820377535389,2.100000000000037,0.2864582037753539,24.900000000000013,Low-Vol,안정,없음,안정,안정
2018-03-13,0.2627543235510585,NORMAL,0.0001532180720586,1.50217753930382,2.190385690622592,2.431207922597867,5.78778469543413,1.1099451265620823,6.424123416287719,neutral,0.19999999999997797,-2.7000000000000632,0.09999999999998899,0.8405172413793104,0.21767241379310345,0.1191998988811062,NORMAL,55.2,0.8619989888110666,2.1999999999999744,0.2861998988811067,24.900000000000013,Low-Vol,안정,없음,안정,안정
2018-03-14,0.2378863988050974,NORMAL,0.0004104816001412,1.3097404846053662,2.3017384734152584,2.4291215652880296,5.7959996941368646,1.055342122201991,6.11676261749249,neutral,-4.600000000000026,-4.200000000000031,0.8999999999999897,0.944206008583691,0.21888412017167383,0.1524557755029423,NORMAL,55.90000000000002,1.0895577550294175,2.900000000000041,0.3089557755029418,25.100000000000012,Low-Vol,안정,없음,안정,안정
2018-03-15,0.2345181639188658,NORMAL,0.0023020825106695,1.2881836507908964,1.96010203816026,2.428652927764024,5.7976598282109695,1.2,6.9571917938531636,bull_flat,-10.199999999999987,-6.799999999999962,1.100000000000012,0.9423076923076923,0.22008547008547008,0.1475512656138073,NORMAL,55.90000000000002,1.0855126561380697,2.60000000000003,0.30855126561380697,25.2,Low-Vol,안정,없음,안정,안정
2018-03-16,0.25051284323384,NORMAL,0.0002394117511625,1.4282765459536209,1.9195051445620035,2.428184290240018,5.795518450182065,1.2,6.954622140218478,bull_flat,-6.699999999999973,-6.49999999999995,1.200000000000001,0.9404255319148936,0.30638297872340425,0.1463178995501728,NORMAL,55.90000000000002,1.0815123288350568,2.100000000000037,0.3081512328835057,26.0,Low-Vol,안정,없음,안정,안정
2018-03-19,0.258209371018482,NORMAL,0.0003571760985096,1.4840670667791394,1.916816165031565,2.4246705192866713,5.793169302367771,1.2,6.951803162841324,neutral,-3.89999999999997,-4.899999999999949,1.6999999999999904,0.9851694915254238,0.3072033898305085,0.1590366693982265,NORMAL,56.30000000000002,1.2087000273155932,2.100000000000037,0.32087000273155936,25.50000000000001,Low-Vol,안정,없음,안정,안정
2018-03-20,0.25430945175178,NORMAL,0.0001684587824619,1.4361992077575867,1.7287354672677564,2.421156748333324,5.791172170066036,1.2,6.949406604079243,neutral,-6.599999999999984,-4.999999999999982,1.6000000000000014,0.959915611814346,0.3080168776371308,0.1582626147216454,NORMAL,56.19999999999998,1.1709594805497925,2.2999999999999687,0.31709594805497926,25.2,Low-Vol,안정,없음,안정,안정
2018-03-21,0.2392829491228565,NORMAL,0.0001525285191415,1.3075770547588226,1.7080613818626438,2.4198055088100645,5.792989645586903,1.2,6.951587574704284,bull_flat,-8.400000000000007,-5.900000000000022,0.8000000000000451,0.930672268907563,0.3088235294117647,0.1479724595031008,NORMAL,55.90000000000002,1.0680579283643388,2.3000000000000185,0.3068057928364339,25.2,Low-Vol,안정,없음,안정,안정
2018-03-22,0.2094033846044024,NORMAL,0.0003554459895219,1.0646023973781715,1.795982358370745,2.4184542692868045,5.8001175706622305,1.2,6.960141084794676,bull_flat,-10.70000000000002,-5.699999999999999,1.8000000000000238,1.0,0.3179916317991632,0.1879278907155697,NORMAL,56.70000000000002,1.3259455738223629,2.8000000000000043,0.3325945573822363,26.500000000000014,Low-Vol,안정,없음,안정,안정
2018-03-23,0.1688541746994772,NORMAL,0.0005270117345158,0.7450203656709952,2.001545455523383,2.4178447660502007,5.810894500121271,1.2,6.973073400145525,bull_flat,-15.49999999999998,-7.499999999999979,2.7000000000000135,1.0,0.31875,0.220617897269858,NORMAL,57.40000000000003,1.5478456393652449,3.500000000000014,0.3547845639365245,26.700000000000014,Low-Vol,안정,없음,안정,안정
2018-03-26,0.1974182076796044,NORMAL,0.0006531982687046,0.9464457516976408,2.2550236315718166,2.417235262813597,5.80192800537202,1.0719334507056648,6.219280707544264,bull_flat,-10.499999999999998,-6.400000000000006,2.1999999999999797,0.995850622406639,0.31950207468879666,0.1950081288466299,NORMAL,57.09999999999997,1.441747955132967,2.499999999999993,0.3441747955132967,26.6,Low-Vol,안정,없음,안정,안정
2018-03-27,0.1866342811900617,NORMAL,0.0005075963323992,0.8624027707696266,2.1902355076446334,2.41704200789223,5.804604985905847,1.1035534760786994,6.4056920094601475,bull_flat,-8.699999999999974,-5.60000000000001,3.1999999999999584,1.0,0.3202479338842975,0.207237350223654,NORMAL,57.49999999999997,1.564040168903216,2.499999999999943,0.35640401689032164,26.700000000000014,Low-Vol,안정,없음,안정,안정
2018-03-28,0.1762717462141399,NORMAL,0.0005429020972702,0.818480405102732,2.211810403980837,2.416848752970863,5.812654829493976,1.0927015935095503,6.351497194709051,bull_flat,-8.999999999999986,-5.399999999999988,2.9999999999999805,0.9917695473251029,0.32098765432098764,0.200120533526155,NORMAL,57.399999999999984,1.5228720019282216,2.2999999999999687,0.35228720019282217,26.8,Low-Vol,안정,없음,안정,안정
2018-03-29,0.1776398637196014,NORMAL,0.0001137564315072,0.8281253089686353,2.2036094792049887,2.4117394247014703,5.8120970945932,1.0944495598973236,6.361047107258041,bull_flat,-9.40000000000003,-5.500000000000021,2.8999999999999915,0.9877049180327869,0.32172131147540983,0.1898390465267208,NORMAL,57.2,1.4500571319338764,2.099999999999987,0.3450057131933877,26.900000000000013,Low-Vol,안정,없음,안정,안정
2018-03-30,0.154927913877431,NORMAL,0.0171202923367314,0.6453303281864362,2.210328625245332,2.406630096432078,5.816277458161007,1.0888109889835762,6.332826811423167,bull_flat,-11.7,-4.30000000000001,3.600000000000003,1.0,0.3224489795918367,0.2236237524774195,NORMAL,57.89999999999998,1.6679041914408637,2.8999999999999915,0.3667904191440864,27.0,Normal,안정,없음,안정,안정
2018-04-02,0.1580207908618535,NORMAL,0.0142000808051062,0.6453303281864342,2.279219626377222,2.405626418693313,5.811929621508949,1.055460558014329,6.134262481457844,neutral,-9.40000000000003,-0.8000000000000396,3.999999999999959,0.9959349593495935,0.3231707317073171,0.2251891305861,NORMAL,57.7,1.5935579725276712,3.499999999999972,0.3593557972527671,26.8,Normal,안정,없음,안정,안정
2018-04-03,0.1441285071581859,NORMAL,0.0756394315185808,0.5308862867573402,2.191820920460518,2.404622740954548,5.8146752182256,1.0970890543600245,6.379216536573792,bull_flat,-12.5,-0.6000000000000227,5.799999999999983,1.0,0.32388663967611336,0.2885509561688091,NORMAL,59.20000000000001,2.0621762283547604,4.599999999999987,0.4,27.0,Normal,안정,없음,안정,안정
2018-04-04,0.1350255913476812,NORMAL,0.0072156935066321,0.4718168798914749,2.123676058159523,2.404622740954548,5.8189876157050655,1.132292626135507,6.588796768836682,bull_steep,-10.999999999999988,1.9000000000000072,5.099999999999971,1.0,0.3245967741935484,0.3024095188947435,WARNING,59.599999999999966,2.170761855614108,4.799999999999962,0.4,27.200000000000003,Normal,주의,신용,안정,주의
2018-04-05,0.1345968440653943,NORMAL,0.0015451282335252,0.4442946017640133,2.1704413812571977,2.404622740954548,5.815338293967962,1.1078957311262212,6.442788470941947,neutral,-9.699999999999998,1.400000000000029,6.600000000000028,1.0,0.3253012048192771,0.3236560952496262,WARNING,60.20000000000003,2.338227619162927,5.100000000000016,0.1,27.100000000000012,Low-Vol,주의,신용,안정,주의
2018-04-06,0.1038990529235038,NORMAL,0.001239376969724,0.2002643303247865,2.171895849010105,2.403790721768398,5.82145949684935,1.106770715024841,6.443020889816106,bull_steep,-13.700000000000001,0.0,7.199999999999962,1.0,0.326,0.3411897839560489,WARNING,60.69999999999997,2.4685645062271595,5.399999999999977,0.1,27.700000000000014,Low-Vol,주의,신용,안정,주의
2018-04-09,0.0831262020387582,NORMAL,0.0060645805851376,-0.1218909622123191,2.1332209400217623,2.402958702582248,5.819881976660817,1.1264462379399547,6.5557841578641245,bull_flat,-14.59999999999999,-0.7999999999999508,7.200000000000051,1.0,0.32669322709163345,0.3399065920052145,WARNING,60.70000000000002,2.44073258671881,5.500000000000014,0.1,27.30000000000001,Normal,주의,신용,안정,주의
2018-04-10,0.1027080678013104,NORMAL,0.0017228320601329,0.172731859606678,2.158849596184813,2.3992843613429504,5.817479720453745,1.1113717072199198,6.465382368637941,bull_flat,-12.400000000000011,-0.8000000000000007,6.200000000000028,0.9880952380952381,0.3273809523809524,0.3053963926077254,WARNING,60.00000000000001,2.200630592743921,4.800000000000004,0.4,27.100000000000012,Low-Vol,주의,신용,안정,주의
2018-04-11,0.0803595601633904,NORMAL,0.000527719971223,-0.1422686396033124,2.10435013096304,2.395610020103653,5.8236299942873915,1.138408473407094,6.629669731484473,bull_flat,-11.499999999999977,-0.5999999999999783,7.200000000000006,0.9920634920634921,0.32936507936507936,0.3155118641072916,WARNING,60.5,2.331785307739586,4.59999999999998,0.4,27.200000000000003,Low-Vol,주의,신용,안정,주의
2018-04-12,0.0777488491652127,NORMAL,0.000252583222705,-0.4172796962651081,2.1167502400962004,2.394321334967404,5.827338076192834,1.1311307728296698,6.591481421663762,bull_flat,-12.400000000000011,-1.200000000000051,7.899999999999974,0.9920634920634921,0.33134920634920634,0.3176496435852413,WARNING,60.59999999999999,2.338163102519085,4.699999999999967,0.4,27.400000000000002,Low-Vol,주의,신용,안정,주의
2018-04-13,0.0815068501650948,NORMAL,0.0001247264080125,-0.2023577759570175,2.191490720707557,2.3930326498311554,5.822354482163709,1.0919656776180768,6.3578112574485415,bull_steep,-10.999999999999988,1.100000000000012,8.899999999999997,1.0,0.3333333333333333,0.3220480375169321,WARNING,60.9,2.403813708502657,4.999999999999979,0.4,27.200000000000003,Low-Vol,주의,신용,안정,주의
2018-04-16,0.0850944323552862,NORMAL,0.0014095645011073,-0.0581751168447592,2.2481512872861265,2.3906329329921157,5.817224420462269,1.063377249792645,6.185904105657781,neutral,-9.90000000000002,0.6999999999999618,8.999999999999986,0.996031746031746,0.3353174603174603,0.3090395935742431,WARNING,60.80000000000001,2.3487292690757653,4.499999999999993,0.4,26.500000000000014,Low-Vol,주의,신용,안정,주의
2018-04-17,0.0957371362972009,NORMAL,0.0002150224036148,0.0847840085425038,2.258224733583523,2.3882332161530764,5.814612671373881,1.0575711002700985,6.1493663205093325,neutral,-9.600000000000009,1.200000000000001,7.800000000000029,0.9900793650793651,0.3373015873015873,0.3037095864726583,WARNING,60.70000000000002,2.29542919805991,4.500000000000036,0.4,26.400000000000002,Low-Vol,주의,신용,안정,주의
2018-04-18,0.0972371773766556,NORMAL,0.0001225029747875,0.0742570760631704,2.302510071982075,2.3875305522322403,5.810695582431386,1.036925128486833,6.0252562634105375,neutral,-7.099999999999973,2.400000000000002,6.799999999999962,0.9642857142857143,0.3392857142857143,0.2705302092751187,NORMAL,59.89999999999998,2.0386354260845265,3.999999999999957,0.4,26.30000000000001,Low-Vol,안정,없음,안정,안정
2018-04-19,0.0886747374890073,NORMAL,0.0001161623829157,-0.0265844073028154,2.224096504911118,2.386827888311404,5.811804664854014,1.0731674111446836,6.237039366259978,neutral,-4.700000000000015,1.399999999999979,7.500000000000018,0.9722222222222222,0.3412698412698413,0.2679065871830155,NORMAL,60.30000000000002,2.139065871830155,3.6000000000000014,0.4,26.400000000000002,Low-Vol,안정,없음,안정,안정
2018-04-20,0.1019510704056752,NORMAL,0.0002283236462827,0.0896584407171815,2.044575621904012,2.3792375531207712,5.806479622590044,1.1636828335579514,6.756900660212087,neutral,2.2999999999999687,4.5999999999999375,7.299999999999995,0.9781746031746031,0.34325396825396826,0.2687531424283043,NORMAL,60.59999999999999,2.207531424283049,3.19999999999996,0.4,26.200000000000003,Low-Vol,안정,없음,안정,안정
2018-04-23,0.1449755505870538,NORMAL,0.0005096210759792,0.4116993523923993,2.211429639991192,2.3716472179301387,5.79394278046216,1.0724497741377768,6.213712626273846,neutral,3.8000000000000256,4.70000000000006,6.8000000000000504,0.9623015873015873,0.34523809523809523,0.2537190071286378,NORMAL,60.20000000000003,2.0721900712863697,3.1000000000000583,0.4,25.8,Low-Vol,안정,없음,안정,안정
2018-04-24,0.1365877976468797,NORMAL,0.0001375300727819,0.3314622526718295,2.190770112131924,2.3707730860137275,5.793925044625326,1.0821642457531226,6.269978525867094,bear_steep,4.999999999999982,5.500000000000021,6.999999999999984,0.9662698412698413,0.3472222222222222,0.2503995049903075,NORMAL,60.30000000000002,2.0839950499030686,2.800000000000047,0.4,25.900000000000013,Low-Vol,안정,없음,안정,안정
2018-04-25,0.1517766981158829,NORMAL,0.0001370681894778,0.4181541651256972,2.1150836738456515,2.3698989540973168,5.785699943647032,1.1204752716890671,6.482733716269328,bear_steep,12.199999999999989,9.799999999999992,6.800000000000006,0.9642857142857143,0.3492063492063492,0.2501884391983772,NORMAL,60.30000000000002,2.066884391983767,2.900000000000034,0.4,25.8,Low-Vol,안정,없음,안정,안정
2018-04-26,0.1079802063584009,NORMAL,9.718854111966426e-05,0.0265782953446591,2.156575013644014,2.3698850737884403,5.788794958949699,1.0989114956794344,6.361373326520984,bear_steep,10.70000000000002,10.000000000000014,7.200000000000006,0.9484126984126984,0.35119047619047616,0.2428291124150278,NORMAL,60.1,1.9932911241502795,2.8999999999999915,0.399329112415028,25.900000000000013,Low-Vol,안정,없음,안정,안정
2018-04-27,0.0973165126548991,NORMAL,0.0013166483549527,-0.4421920533448629,2.4276044072078,2.3698989540973168,5.80018184941954,0.9762294659957158,5.662308429536881,bear_steep,7.600000000000007,9.10000000000002,7.599999999999962,0.9702380952380952,0.3531746031746032,0.2481384510273838,NORMAL,60.5,2.091384510273835,2.6000000000000227,0.4,26.400000000000002,Low-Vol,안정,없음,안정,안정
2018-04-30,0.0994189779084153,NORMAL,0.0082999299127593,-0.2947559404843506,2.411485674412091,2.3707730860137275,5.797002589302036,0.9831172173940909,5.699133054820957,bear_steep,7.000000000000028,7.900000000000018,6.799999999999962,0.9523809523809523,0.3551587301587302,0.2407956454902481,NORMAL,60.299999999999976,2.017956454902485,2.59999999999998,0.4,26.400000000000002,Normal,안정,없음,안정,안정
2018-05-02,0.1055578546097713,NORMAL,0.0095109516166809,-0.0258389613715655,2.510247419132853,2.3716472179301387,5.78829008084256,0.9447862389395095,5.468696815370112,bear_steep,11.7,7.300000000000001,6.199999999999983,0.9404761904761905,0.35714285714285715,0.2124354163367948,NORMAL,60.19999999999999,1.974354163367952,0.9999999999999788,0.39743541633679524,26.100000000000012,Normal,안정,없음,안정,안정
2018-05-03,0.1055578546097713,NORMAL,0.001884203312709,-0.0258389613715655,2.4570200179121557,2.3792375531207712,5.788067433706804,0.9683427630933671,5.604833211726381,bear_steep,13.39999999999999,5.60000000000001,6.499999999999995,0.9345238095238095,0.35912698412698413,0.2006751452864237,NORMAL,60.1,1.9317514528642328,0.5000000000000284,0.3931751452864233,26.0,Low-Vol,안정,없음,안정,안정
2018-05-04,0.1071681304333529,NORMAL,0.0025164597760348,-0.2236370976914296,2.448716097532702,2.386827888311404,5.785074456962884,0.9747262619445121,5.638864000506111,bear_steep,12.800000000000011,2.300000000000013,6.599999999999984,0.9206349206349206,0.3611111111111111,0.1778516613859711,NORMAL,59.60000000000001,1.7785166138597113,-0.6000000000000227,0.37785166138597115,25.8,Low-Vol,안정,없음,안정,안정
2018-05-08,0.1328972739911305,NORMAL,0.0011563439087977,0.2091897768905343,2.361088063183003,2.3792375531207712,5.778719683244883,1.007686917832832,5.823140226628955,bear_steep,17.99999999999997,2.4999999999999964,5.500000000000016,0.9087301587301587,0.3630952380952381,0.1600141378370075,NORMAL,58.99999999999999,1.6001413783700755,-1.6999999999999886,0.3600141378370076,25.6,Low-Vol,안정,없음,안정,안정
2018-05-09,0.1639398508852331,NORMAL,0.0002188500688532,0.4844839423815251,2.3682994120809893,2.3716472179301387,5.774905803821628,1.001413590626283,5.783069156533578,bear_steep,19.200000000000017,4.999999999999982,6.400000000000006,0.9126984126984127,0.36507936507936506,0.1730631205959996,NORMAL,59.49999999999997,1.7306312059599964,-1.2000000000000457,0.37306312059599966,25.50000000000001,Low-Vol,안정,없음,안정,안정
2018-05-10,0.1248612508409716,NORMAL,0.0002608877203904,0.1546482549499877,2.5529137120264465,2.3792375531207712,5.782807500499126,0.9319694363003695,5.38939984647372,bear_steep,14.999999999999991,5.900000000000022,7.499999999999973,0.9682539682539683,0.36706349206349204,0.2071667925589261,NORMAL,60.5,1.996667925589263,0.4999999999999929,0.39966679255892634,25.6,Low-Vol,안정,없음,안정,안정
2018-05-11,0.1269508595802404,NORMAL,0.0001101108804705,0.1546482549499901,2.4295277860436006,2.386827888311404,5.779766778646518,0.9824246102565749,5.678185124885705,bear_steep,18.900000000000006,6.800000000000011,7.500000000000018,0.9662698412698413,0.36904761904761907,0.198181322921832,NORMAL,60.5,1.9818132292183204,0.0,0.39818132292183206,25.30000000000001,Low-Vol,안정,없음,안정,안정
2018-05-14,0.1126465910873784,NORMAL,0.0001301774778587,-0.063034894156625,2.354586789092397,2.3792375531207712,5.777051456652493,1.0104692526699668,5.837532868039587,bear_steep,21.499999999999986,6.199999999999983,6.699999999999973,0.9166666666666666,0.37103174603174605,0.1830402995760365,NORMAL,59.999999999999964,1.8304029957603656,-0.6000000000000227,0.3830402995760366,25.100000000000012,Low-Vol,안정,없음,안정,안정
2018-05-15,0.135556339354608,NORMAL,8.945256785168841e-05,0.1959250876775355,2.3453144778472725,2.3716472179301387,5.772901931316998,1.0112278077552468,5.837718964391718,bear_steep,21.099999999999987,5.399999999999983,6.200000000000028,0.9186507936507936,0.373015873015873,0.1818578740071081,NORMAL,60.00000000000001,1.818578740071081,-0.8999999999999915,0.38185787400710813,25.100000000000012,Low-Vol,안정,없음,안정,안정
2018-05-16,0.1305776124238483,NORMAL,0.0001816571821875,0.1782939697116508,2.424105912225008,2.3792375531207712,5.777858966966566,0.981490759591831,5.670915186302486,bear_steep,16.900000000000006,5.299999999999999,6.499999999999995,0.9821428571428571,0.375,0.1997276654640073,NORMAL,60.69999999999997,1.9972766546400729,-0.1000000000000369,0.3997276654640073,25.30000000000001,Low-Vol,안정,없음,안정,안정
2018-05-17,0.1128122242472828,NORMAL,0.0004340648248633,-0.0117433200192248,2.427474320965599,2.386827888311404,5.777998194156937,0.983255669358419,5.681249481947515,bear_steep,15.99999999999997,7.599999999999962,7.099999999999973,1.0,0.376984126984127,0.2108604573775547,NORMAL,60.99999999999999,2.063604573775552,0.2999999999999687,0.4,25.8,Low-Vol,안정,없음,안정,안정
2018-05-18,0.1078394844581744,NORMAL,0.0007046691489875,-0.2430124229091696,2.569307709337901,2.3875305522322403,5.78542569197441,0.9292505306215331,5.376109894138671,bear_steep,11.299999999999999,7.8000000000000345,7.699999999999996,1.0,0.37896825396825395,0.2338191843779372,NORMAL,61.3,2.128191843779369,1.40000000000002,0.4,26.200000000000003,Low-Vol,안정,없음,안정,안정
2018-05-21,0.1084828190334588,NORMAL,0.0001928308752456,-0.1851764906435478,2.55752758898532,2.3882332161530764,5.784070647781544,0.9338054558780303,5.401196728082379,bear_steep,12.200000000000033,6.600000000000033,7.299999999999995,0.996031746031746,0.38095238095238093,0.2219265031187965,NORMAL,61.20000000000001,2.084265031187967,0.8999999999999915,0.4,25.70000000000001,Low-Vol,안정,없음,안정,안정
2018-05-23,0.1049456819050511,NORMAL,0.0001451066489642,-0.3216320820717211,2.594650366873311,2.3906329329921157,5.789200927478245,0.9213699708885837,5.333995890018793,neutral,7.600000000000007,4.100000000000042,7.600000000000007,1.0,0.38293650793650796,0.2282683045153009,NORMAL,61.50000000000002,2.147683045153004,0.9000000000000341,0.4,25.8,Low-Vol,안정,없음,안정,안정
2018-05-24,0.1005965322450235,NORMAL,0.0002393001216939,-0.4096031256874624,2.3942639787625746,2.3930326498311554,5.796110816088651,0.9994857171379843,5.7931299756295935,neutral,-0.49999999999998934,3.9000000000000146,8.10000000000004,1.0,0.38492063492063494,0.2821046751395256,NORMAL,62.70000000000002,2.446046751395257,2.499999999999993,0.4,26.200000000000003,Low-Vol,안정,없음,안정,안정
2018-05-25,0.0999507350659867,NORMAL,0.0001982576855852,-0.2708584307157256,2.395500167529022,2.3936483142968648,5.796800686209167,0.9992269450625556,5.7923194408173115,neutral,-0.9999999999999787,1.9000000000000128,7.499999999999973,0.996031746031746,0.3869047619047619,0.2699178889784863,NORMAL,62.5,2.3691788897848665,2.199999999999981,0.4,26.200000000000003,Low-Vol,안정,없음,안정,안정
2018-05-28,0.1015657769411808,NORMAL,9.263915626564636e-05,-0.023431743706495,2.2533250285323945,2.3930326498311554,5.7943953736894205,1.0620006521605778,6.153651665734399,neutral,-3.600000000000003,0.19999999999997797,6.999999999999984,0.9920634920634921,0.3888888888888889,0.2512741352277766,NORMAL,62.1,2.242741352277769,1.799999999999983,0.4,26.100000000000012,Low-Vol,안정,없음,안정,안정
2018-05-29,0.0962406689455008,NORMAL,0.0001381276668388,-0.2475142341411269,2.348033891981699,2.3906329329921157,5.801992070118068,1.0181424302076252,5.90725430631538,neutral,-5.600000000000005,-1.100000000000012,7.299999999999995,0.9920634920634921,0.39087301587301587,0.2645700765254328,NORMAL,62.40000000000001,2.3007007652543257,2.3000000000000185,0.4,26.400000000000002,Low-Vol,안정,없음,안정,안정
2018-05-30,0.0968879471180594,NORMAL,0.0002366617756238,-0.2533149804799839,2.0833361403489845,2.3882332161530764,5.8010530944547005,1.1463503991981907,6.650039530598045,neutral,-0.30000000000001137,0.5999999999999783,7.500000000000018,0.9940476190476191,0.39285714285714285,0.2605540614322801,NORMAL,62.5,2.3055406143228008,2.0,0.4,26.30000000000001,Low-Vol,안정,없음,안정,안정
2018-05-31,0.0965644180690696,NORMAL,0.0010326307589646,-0.2418378914440422,2.0603780950924606,2.3875305522322403,5.801411084814579,1.1587827292083002,6.722574970120723,neutral,-1.8000000000000238,0.30000000000001137,7.899999999999974,0.9821428571428571,0.3948412698412698,0.2452641570758337,NORMAL,62.1,2.1826415707583333,1.8000000000000256,0.4,26.30000000000001,Low-Vol,안정,없음,안정,안정
2018-06-01,0.0978587542647826,NORMAL,0.0081944504846753,-0.3248852628432444,1.8619175175354212,2.386827888311404,5.7997317922784655,1.2,6.959678150734159,neutral,-4.800000000000004,-0.40000000000000036,7.499999999999973,0.9801587301587301,0.3968253968253968,0.244965213001606,NORMAL,62.1,2.1646521300160586,1.9000000000000128,0.4,26.400000000000002,Normal,안정,없음,안정,안정
2018-06-04,0.1062327015294812,NORMAL,0.033545821612392,0.0348523063211063,1.998130705381779,2.3792375531207712,5.792762114770098,1.190731690731,6.897625426922682,neutral,-1.7999999999999794,1.5000000000000124,7.299999999999995,0.9781746031746031,0.39880952380952384,0.2447100528422268,NORMAL,62.1,2.1471005284222677,2.000000000000007,0.4,26.400000000000002,Normal,안정,없음,안정,안정
2018-06-05,0.0999676292562754,NORMAL,0.0077780755708265,-0.0809378510627945,2.011774550516352,2.3716472179301387,5.796726388623429,1.1788831990748765,6.833663349182144,neutral,-4.499999999999993,3.399999999999981,7.499999999999973,0.996031746031746,0.4007936507936508,0.270559927460953,NORMAL,62.59999999999999,2.255599274609534,2.9999999999999787,0.4,26.400000000000002,Normal,안정,없음,안정,안정
2018-06-07,0.1089343032177252,NORMAL,0.0032706917685713,0.0341337061500063,2.077770819639976,2.3707730860137275,5.789000358351394,1.1410176057937522,6.6053513288252805,bull_steep,-3.699999999999992,5.699999999999994,7.200000000000006,0.9880952380952381,0.4027777777777778,0.2736179594481825,NORMAL,62.5,2.2111795944818238,3.500000000000014,0.4,26.30000000000001,Low-Vol,안정,없음,안정,안정
2018-06-08,0.0996614264995163,NORMAL,0.0044105994113834,-0.2517393841020028,2.155647417708584,2.3698989540973168,5.797455332697936,1.0993908069699443,6.37366909658699,neutral,-9.10000000000002,2.8999999999999915,7.699999999999996,1.0,0.40476190476190477,0.2802037579752469,NORMAL,62.9,2.2920375797524657,3.400000000000027,0.4,26.6,Low-Vol,안정,없음,안정,안정
2018-06-11,0.1025689445169721,NORMAL,0.0013163055127799,-0.0780887750306674,2.1023796041628624,2.3698850737884403,5.79273016854277,1.1272393763219057,6.52979354238924,neutral,-3.999999999999959,1.3000000000000345,5.800000000000027,0.9444444444444444,0.40674603174603174,0.1876450199587666,NORMAL,61.00000000000003,1.801450199587662,0.5000000000000284,0.3801450199587662,26.500000000000014,Low-Vol,안정,없음,안정,안정
2018-06-12,0.1065799551502292,NORMAL,0.0002974339630518,0.0567766300520009,2.080637554111465,2.3698711934795638,5.795102689222466,1.1390120248462092,6.600691648242993,neutral,-6.400000000000006,-0.09999999999998899,5.100000000000016,0.9424603174603174,0.4087301587301587,0.1865668462490528,NORMAL,61.00000000000003,1.7906684624905236,0.5000000000000284,0.3790668462490524,26.500000000000014,Low-Vol,안정,없음,안정,안정
2018-06-14,0.103227849215571,NORMAL,0.0003904516551102,0.0397099067395092,2.061833624407372,2.3690853027802765,5.797162132417474,1.1490186573425472,6.661047449787383,neutral,-8.400000000000007,-0.19999999999997242,6.000000000000005,0.9563492063492064,0.4107142857142857,0.2287063678334606,NORMAL,61.90000000000002,2.0020636783345984,1.9000000000000556,0.4,26.30000000000001,Low-Vol,안정,없음,안정,안정
2018-06-15,0.0928793055303642,NORMAL,0.0003476020765443,-0.2273891952913291,2.125261593805629,2.3682994120809893,5.80660987871152,1.1143566603677062,6.470634392499101,bull_flat,-14.19999999999999,-1.6000000000000014,6.999999999999984,0.998015873015873,0.4126984126984127,0.2667702917679736,NORMAL,62.9,2.2327029176797377,2.8999999999999915,0.4,26.500000000000014,Low-Vol,안정,없음,안정,안정
2018-06-18,0.0893129898317059,NORMAL,0.0005092793093785,-0.4084991350683176,2.132110395087949,2.3646937376319963,5.811575193783884,1.1090859756042104,6.445536543595027,bull_flat,-14.400000000000013,-3.699999999999992,6.599999999999984,0.996031746031746,0.4146825396825397,0.2544082572448899,NORMAL,62.9,2.214082572448896,2.200000000000024,0.4,26.700000000000014,Low-Vol,안정,없음,안정,안정
2018-06-19,0.0844407379557767,NORMAL,0.0006199614786028,-0.6115013665645052,2.178990591994372,2.361088063183003,5.81843474738108,1.0835696454393418,6.304679276231663,bull_flat,-17.599999999999973,-7.79999999999999,6.899999999999995,1.0,0.4166666666666667,0.2559216460521211,NORMAL,63.09999999999998,2.244216460521212,2.0999999999999943,0.4,26.900000000000013,Low-Vol,안정,없음,안정,안정
2018-06-20,0.0841150928812293,NORMAL,0.0002172619170299,-0.5737321639556381,2.1191544987267146,2.3578374261377,5.818894200565418,1.1126312062449422,6.474283273386799,bull_flat,-14.700000000000024,-7.9000000000000234,7.500000000000018,1.0,0.41865079365079366,0.2612421984838921,NORMAL,63.400000000000034,2.297421984838916,2.100000000000037,0.4,26.900000000000013,Low-Vol,안정,없음,안정,안정
2018-06-21,0.0802066876707068,NORMAL,0.0001259697794402,-0.5484797964262328,2.1326719095266857,2.354586789092397,5.824462094504202,1.104054861216305,6.4305256894074665,bull_flat,-17.50000000000003,-7.300000000000045,6.999999999999984,1.0,0.42063492063492064,0.2723974855225997,NORMAL,63.7,2.348974855225998,2.499999999999993,0.4,27.30000000000001,Low-Vol,안정,없음,안정,안정
2018-06-22,0.0824912417123788,NORMAL,9.487007210109676e-05,-0.2256210437306973,2.16660661185327,2.351310340537048,5.8214651615807504,1.0852502377096442,6.317746450423922,bull_flat,-13.899999999999979,-5.099999999999971,6.699999999999973,1.0,0.4226190476190476,0.281247846362296,NORMAL,64.1,2.4224784636229644,2.599999999999973,0.4,27.200000000000003,Low-Vol,안정,없음,안정,안정
2018-06-25,0.0820022769790151,NORMAL,8.086938193868764e-05,-0.4749597613530278,2.115575074237934,2.348033891981699,5.822216940639306,1.1098797299015735,6.461960565505119,bull_flat,-11.500000000000021,-6.700000000000017,7.000000000000028,0.998015873015873,0.4246031746031746,0.260965065773692,NORMAL,64.1,2.3996506577369243,1.3999999999999702,0.4,27.200000000000003,Low-Vol,안정,없음,안정,안정
2018-06-26,0.0841216644629536,NORMAL,0.0029691636802279,-0.3353527115984079,2.156727540560124,2.3466741849144857,5.819266117975131,1.0880716923126186,6.331778733002683,neutral,-9.800000000000031,-4.800000000000054,6.499999999999995,0.9920634920634921,0.42658730158730157,0.2579122181473823,NORMAL,63.99999999999997,2.354122181473828,1.4999999999999716,0.4,27.100000000000012,Low-Vol,안정,없음,안정,안정
2018-06-27,0.0772819788050862,NORMAL,0.0027570235153817,-0.3672101541896758,2.277695049132367,2.3453144778472725,5.829053312526793,1.029687656712721,6.002104246229237,bull_flat,-14.999999999999991,-6.399999999999961,7.100000000000017,1.0,0.42857142857142855,0.2808974982765447,NORMAL,64.5,2.448974982765448,2.3999999999999986,0.4,27.500000000000014,Low-Vol,안정,없음,안정,안정
2018-06-28,0.0743402202326579,NORMAL,0.0094593796833849,-0.479794384700943,2.213089053313204,2.3450227064608224,5.833153465974095,1.0596151578040212,6.180897830343214,bull_flat,-13.500000000000023,-6.100000000000039,7.499999999999973,1.0,0.4305555555555556,0.2816639835274314,NORMAL,64.69999999999997,2.47163983527432,2.2999999999999616,0.4,27.500000000000014,Normal,안정,없음,안정,안정
2018-06-29,0.0740128580700973,NORMAL,0.0113877862497338,-0.3902182746724058,2.201787551298405,2.344730935074372,5.833416314484433,1.0649215151078824,6.212130539875801,bull_flat,-14.100000000000001,-7.099999999999978,6.500000000000039,0.9920634920634921,0.43253968253968256,0.2664274110408665,NORMAL,64.4,2.379274110408665,1.9000000000000057,0.4,27.500000000000014,Normal,안정,없음,안정,안정
2018-07-02,0.0697564264864321,NORMAL,0.0087745965540362,-0.6465134059033476,2.2379207925403017,2.3397822063692395,5.83907266190316,1.045516094299885,6.104844443806224,bull_flat,-16.500000000000004,-9.300000000000042,6.599999999999984,0.9880952380952381,0.43452380952380953,0.2665088225194252,NORMAL,64.29999999999998,2.3350882251942555,2.199999999999981,0.4,27.400000000000002,Normal,안정,없음,안정,안정
2018-07-03,0.0774677495626188,NORMAL,0.034325647164325,-0.3143717714421364,2.536906528991976,2.344730935074372,5.828438347114876,0.9242480589168715,5.386922828837583,bull_flat,-12.599999999999989,-7.099999999999978,5.100000000000016,0.9880952380952381,0.4365079365079365,0.2644734696358886,NORMAL,64.30000000000003,2.314734696358882,2.200000000000024,0.4,27.400000000000002,Normal,안정,없음,안정,안정
2018-07-04,0.0725652923240034,NORMAL,0.0083406722358726,-0.3826328742539968,2.4378808744265443,2.3450227064608224,5.835530595040165,0.9619102930993031,5.613256945065036,bull_flat,-18.599999999999994,-8.900000000000002,4.900000000000038,0.9940476190476191,0.4384920634920635,0.2699841024859171,NORMAL,64.5,2.3398410248591714,2.3999999999999986,0.4,27.800000000000004,Normal,안정,없음,안정,안정
2018-07-05,0.0722376284236985,NORMAL,0.0027203283167681,-0.4832272740060271,2.436018105541564,2.3453144778472725,5.836538552420912,0.9627656184131165,5.619218648813515,bull_flat,-17.100000000000026,-6.300000000000022,4.699999999999971,1.0,0.44047619047619047,0.2753731241781535,NORMAL,64.9,2.4087312417815334,2.3000000000000185,0.4,27.900000000000013,Low-Vol,안정,없음,안정,안정
2018-07-06,0.0738762264395385,NORMAL,0.0034965622816793,-0.2877220641255728,2.2687522654766146,2.3450227064608224,5.8341559136043415,1.0336177916579117,6.030287351607666,bull_flat,-19.499999999999986,-7.899999999999974,4.100000000000037,0.996031746031746,0.44246031746031744,0.2709630766420574,NORMAL,64.80000000000001,2.364630766420573,2.300000000000012,0.4,27.900000000000013,Low-Vol,안정,없음,안정,안정
2018-07-09,0.0644963192298686,NORMAL,0.0142868084817285,-0.3044747852102631,2.1977500456507557,2.344730935074372,5.8333520539243064,1.066877891648545,6.223474340534474,bull_flat,-15.600000000000014,-7.400000000000029,4.099999999999948,0.9920634920634921,0.4444444444444444,0.2628806759881611,NORMAL,64.79999999999997,2.343806759881616,1.8999999999999704,0.4,27.900000000000013,Normal,안정,없음,안정,안정
2018-07-10,0.0626856998724765,NORMAL,0.0036552365204468,-0.382484011711122,2.114231227706781,2.3397822063692395,5.834741577085749,1.106682266209408,6.457205031275512,bull_flat,-17.900000000000027,-5.100000000000065,4.999999999999982,1.0,0.44642857142857145,0.2967328494283731,NORMAL,64.99999999999999,2.3673284942837376,3.999999999999957,0.4,28.000000000000004,Normal,안정,없음,안정,안정
2018-07-11,0.052067720324362,NORMAL,0.0037583846317308,-0.4587549161460498,2.232646529640504,2.334833477664107,5.84472575289997,1.0457694250598895,6.112235490242932,bull_flat,-20.900000000000006,-4.0000000000000036,4.900000000000038,1.0,0.44841269841269843,0.3093542935719521,WARNING,65.40000000000003,2.4335429357195206,4.400000000000006,0.4,28.400000000000002,Low-Vol,주의,신용,안정,주의
2018-07-12,0.0570349476375346,NORMAL,0.004926939647214,-0.2052488812149385,2.4090782251178204,2.3397822063692395,5.837268556562378,0.9712354634124876,5.669362231596004,bull_flat,-16.900000000000006,-3.200000000000008,4.800000000000049,0.998015873015873,0.4503968253968254,0.2936229756073176,NORMAL,65.40000000000003,2.411229756073174,3.500000000000014,0.4,27.400000000000002,Low-Vol,안정,없음,안정,안정
2018-07-13,0.059347076049846,NORMAL,0.0024032241783204,-0.2551725914691226,2.346015659300724,2.344730935074372,5.833838286166141,0.9994523803704127,5.8306435618047985,bull_flat,-11.60000000000001,-3.5000000000000195,4.0999999999999925,0.9900793650793651,0.4523809523809524,0.2618588477657131,NORMAL,64.99999999999999,2.3035884776571334,2.099999999999987,0.4,27.400000000000002,Low-Vol,안정,없음,안정,안정
2018-07-16,0.0576975210644883,NORMAL,0.000525176763283,-0.4318373867097866,2.3175758660153587,2.3397822063692395,5.836444269258814,1.0095817102169176,5.8923673869440405,bull_flat,-10.40000000000001,-1.400000000000029,4.499999999999993,0.9920634920634921,0.45436507936507936,0.2708539558842658,NORMAL,65.3,2.3485395588426585,2.3999999999999986,0.4,27.400000000000002,Low-Vol,안정,없음,안정,안정
2018-07-17,0.0586880953287454,NORMAL,0.0002959739598245,-0.4598581673192061,2.2537454206393046,2.334833477664107,5.834984770393569,1.0359792442758688,6.0449231127935334,neutral,-6.800000000000006,0.20000000000002793,4.499999999999993,0.9880952380952381,0.45634920634920634,0.2622172471463584,NORMAL,65.20000000000002,2.3071724714635797,2.100000000000037,0.4,27.400000000000002,Low-Vol,안정,없음,안정,안정
2018-07-18,0.05505784206701,NORMAL,0.0001484061184738,-0.6668987553660125,2.291264877058546,2.3295834992186033,5.839966448601455,1.0167237854268727,5.937632794388001,neutral,-8.800000000000008,-1.20000000000004,5.400000000000027,0.9900793650793651,0.4583333333333333,0.259415856250995,NORMAL,65.3,2.309158562509956,1.899999999999963,0.4,27.500000000000014,Low-Vol,안정,없음,안정,안정
2018-07-19,0.0567110429012531,NORMAL,8.749458327795585e-05,-0.5837312368709116,2.264160120802324,2.3243335207730995,5.837730468588121,1.0265764772632124,5.992876779655315,neutral,-5.399999999999983,0.6000000000000227,5.200000000000005,1.0,0.4603174603174603,0.2602027007275522,NORMAL,65.50000000000003,2.3320270072755185,1.8000000000000256,0.4,27.500000000000014,Low-Vol,안정,없음,안정,안정
2018-07-20,0.0537378107968922,NORMAL,9.040277618325435e-05,-0.8182160977448931,2.2529746418551,2.3225064338851054,5.841965032382617,1.030862216883521,6.022261024237955,neutral,-8.60000000000003,-1.6000000000000514,4.900000000000038,0.998015873015873,0.4623015873015873,0.252243282430318,NORMAL,65.50000000000003,2.312432824303175,1.400000000000034,0.4,27.6,Low-Vol,안정,없음,안정,안정
2018-07-23,0.0558884305159617,NORMAL,0.0001021048836954,-1.0945502713639756,2.285998572546412,2.320679346997111,5.839121527362439,1.0151709519276155,5.927706559353559,neutral,-6.999999999999984,-0.40000000000000036,5.599999999999961,1.0,0.4642857142857143,0.2610587368716595,NORMAL,65.8,2.3555873687165945,1.7000000000000028,0.4,27.6,Low-Vol,안정,없음,안정,안정
2018-07-24,0.0624984098522074,NORMAL,0.0003442575447856,-0.84432609844514,2.461551714286191,2.3225064338851054,5.830016098790638,0.9435131589581872,5.500696906147042,neutral,-4.2999999999999705,1.30000000000004,5.299999999999994,0.996031746031746,0.4662698412698413,0.2534296597925876,NORMAL,65.60000000000001,2.294296597925871,1.600000000000037,0.4,27.6,Low-Vol,안정,없음,안정,안정
2018-07-25,0.057722468432493,NORMAL,0.0002891601022188,-1.2244886754110855,2.366098276198945,2.3243335207730995,5.836667842188252,0.9823486810138169,5.73364295628939,neutral,-3.000000000000025,1.29999999999994,5.6999999999999496,1.0,0.46825396825396826,0.2582753454988575,NORMAL,65.99999999999997,2.35775345498858,1.4999999999999716,0.4,27.6,Low-Vol,안정,없음,안정,안정
2018-07-26,0.058382842793226,NORMAL,0.0001018809656225,-1.1287703283806183,2.3363038735305217,2.3295834992186033,5.83599290302762,0.9971235016180653,5.819205678885078,neutral,-0.8000000000000007,3.599999999999998,6.000000000000005,1.0,0.47023809523809523,0.256816854714301,NORMAL,66.10000000000001,2.3581685471430047,1.400000000000034,0.4,27.6,Low-Vol,안정,없음,안정,안정
2018-07-27,0.0618486294188402,NORMAL,0.0010855968975804,-0.751360861786805,2.384130648133291,2.334833477664107,5.8303916787553876,0.9793227898362944,5.709835444677042,neutral,1.5000000000000124,2.4999999999999964,5.399999999999983,0.9920634920634921,0.4722222222222222,0.2522694237005566,NORMAL,65.89999999999998,2.29769423700557,1.4999999999999716,0.4,26.6,Low-Vol,안정,없음,안정,안정
2018-07-30,0.0621781151518392,NORMAL,0.0002274353464893,-0.8184618142645821,2.2994907903135595,2.3295834992186033,5.829558482199775,1.0130866838135675,5.905848070829023,neutral,4.300000000000015,3.8000000000000203,5.500000000000016,0.9861111111111112,0.4742063492063492,0.2483971175496649,NORMAL,65.8,2.258971175496648,1.5000000000000142,0.4,25.30000000000001,Low-Vol,안정,없음,안정,안정
2018-07-31,0.0611898259905665,NORMAL,0.0006605866174931,-1.1078410657219326,2.046948949045879,2.3243335207730995,5.830991081630526,1.1355112309256732,6.621155860618901,neutral,-0.9999999999999787,0.49999999999998934,5.600000000000005,0.9841269841269841,0.47619047619047616,0.2466291807143072,NORMAL,65.8,2.241291807143077,1.4999999999999716,0.4,25.2,Low-Vol,안정,없음,안정,안정
2018-08-01,0.0648154010159642,NORMAL,0.0003061547482962,-0.9645811785113492,1.981732362831764,2.3225064338851054,5.826171046258688,1.1719576656488557,6.828025819044283,neutral,4.1999999999999815,3.399999999999981,5.499999999999972,0.9722222222222222,0.4781746031746032,0.2349040951296313,NORMAL,65.59999999999997,2.1840409512963186,1.099999999999966,0.4,25.100000000000012,Low-Vol,안정,없음,안정,안정
2018-08-02,0.06234804065226,NORMAL,0.0001912369051225,-1.1138463203462348,2.016895738766053,2.320679346997111,5.829712707607483,1.1506193911723541,6.707780486337057,neutral,2.8999999999999915,0.8999999999999897,6.099999999999994,0.9761904761904762,0.4801587301587302,0.230785545657273,NORMAL,65.7,2.187855456572731,0.7999999999999972,0.4,25.100000000000012,Low-Vol,안정,없음,안정,안정
2018-08-03,0.0633362431515274,NORMAL,0.0001085646623949,-1.2504975378221352,2.009942392471153,2.319127606506235,5.828528946836756,1.153827898348345,6.725119305191146,neutral,2.499999999999991,1.7999999999999794,6.700000000000017,0.9742063492063492,0.48214285714285715,0.2306734914615189,NORMAL,65.7,2.171734914615191,0.8999999999999915,0.4,25.100000000000012,Low-Vol,안정,없음,안정,안정
2018-08-06,0.0588725764401723,NORMAL,0.0001028175570918,-1.480656153104162,2.0594518943794715,2.3175758660153587,5.832945595573576,1.1253362471540818,6.564025106376699,neutral,0.30000000000001137,1.300000000000029,6.300000000000017,0.9821428571428571,0.29365079365079366,0.2325680453714985,NORMAL,65.8,2.175680453714981,1.0000000000000284,0.4,24.10000000000001,Low-Vol,안정,없음,안정,안정
2018-08-07,0.0582125931161618,NORMAL,0.0099923297860282,-1.3259796751898312,2.0582567994863066,2.3149612946214395,5.8341911919991745,1.1247193718486441,6.561827852710204,neutral,0.40000000000000036,1.7000000000000404,5.600000000000005,0.998015873015873,0.29563492063492064,0.2383714083314716,NORMAL,66.10000000000001,2.2187140833147128,1.1000000000000227,0.4,24.2,Normal,안정,없음,안정,안정
2018-08-08,0.0563947324039413,NORMAL,0.0059425913255073,-1.4134174576635512,1.8162642399920013,2.3123467232275208,5.8344893479953095,1.2,7.001387217594371,neutral,4.499999999999993,2.8999999999999915,5.700000000000038,1.0,0.2976190476190476,0.2341619849710783,NORMAL,66.20000000000003,2.2216198497107835,0.7999999999999972,0.4,24.30000000000001,Normal,안정,없음,안정,안정
2018-08-09,0.0504473002850971,NORMAL,0.010440998893892,-1.6722815525127035,1.883858023480439,2.3114216830626733,5.842854943613137,1.2,7.011425932335764,neutral,-2.0999999999999908,1.9000000000000183,6.40000000000005,1.0,0.2996031746031746,0.239381320888465,NORMAL,66.40000000000002,2.2438132088846525,0.9999999999999858,0.4,24.4,Normal,안정,없음,안정,안정
2018-08-10,0.0429071501836855,NORMAL,0.0029192277061456,-1.9736456248328456,1.9617661215826687,2.310496642897826,5.849895352839085,1.1777635557462969,6.889793551503499,neutral,-6.599999999999984,-0.09999999999998344,6.299999999999972,0.996031746031746,0.30158730158730157,0.2402487869661723,NORMAL,66.29999999999998,2.2074878696617235,1.2999999999999972,0.4,24.4,Low-Vol,안정,없음,안정,안정
2018-08-13,0.0454024435672013,NORMAL,0.0006214461748526,-1.7544097446635036,1.996173971956306,2.307851211022177,5.846333630570919,1.1561373124008918,6.75916445104721,neutral,-4.0999999999999925,-0.40000000000000036,5.299999999999994,0.9781746031746031,0.30357142857142855,0.2238537555078463,NORMAL,65.99999999999997,2.133537555078467,0.6999999999999744,0.4,24.2,Low-Vol,안정,없음,안정,안정
2018-08-14,0.0450701619826077,NORMAL,0.0002930857192548,-1.7799868518575224,1.9871892342279844,2.305205779146528,5.846473549200413,1.1600333473234077,6.782104281316719,neutral,-4.899999999999993,-1.8000000000000294,4.800000000000004,0.9603174603174603,0.3055555555555556,0.2170383829436545,NORMAL,65.8,2.0803838294365486,0.5999999999999801,0.4,24.10000000000001,Low-Vol,안정,없음,안정,안정
2018-08-16,0.0404174289681262,NORMAL,0.0002314883073763,-1.7666702231854017,2.0224724316643043,2.3038579255643015,5.852938383687769,1.139129458327619,6.667254530635178,neutral,-5.499999999999972,-1.7999999999999405,4.400000000000004,0.9444444444444444,0.30753968253968256,0.2107443953017101,NORMAL,65.7,2.0474439530171,0.4000000000000057,0.4,23.70000000000001,Low-Vol,안정,없음,안정,안정
2018-08-17,0.0330885901524671,NORMAL,0.0030036927842819,-2.0061184054299823,2.196282744715912,2.302510071982075,5.863932953353151,1.048366872399165,6.147553050265242,bull_flat,-10.899999999999999,-1.7000000000000126,4.99999999999996,0.9880952380952381,0.30952380952380953,0.2234264443177559,NORMAL,66.19999999999997,2.129264443177568,0.699999999999946,0.4,23.90000000000001,Low-Vol,안정,없음,안정,안정
2018-08-20,0.029076090876378,NORMAL,0.0003756101289763,-2.0154850207752992,2.218314912863274,2.3024872134060823,5.869522298718971,1.0379442522135702,6.092236933194738,bull_flat,-11.499999999999977,-2.299999999999991,4.99999999999996,1.0,0.3115079365079365,0.2321358794283604,NORMAL,66.49999999999999,2.1713587942836106,0.9999999999999574,0.4,24.0,Low-Vol,안정,없음,안정,안정
2018-08-21,0.0247203490372147,NORMAL,0.004268316761801,-2.0110554929814817,2.216231984817097,2.3024643548300903,5.876909102941801,1.0389094510880412,6.1055764102315795,bull_steep,-15.400000000000036,0.3999999999999504,4.599999999999982,1.0,0.3134920634920635,0.2531345647558586,NORMAL,67.30000000000001,2.3063456475585844,1.5000000000000142,0.4,25.100000000000012,Low-Vol,안정,없음,안정,안정
2018-08-22,0.0282462232141835,NORMAL,0.0040325219544749,-1.8399377330154976,2.0342527400808232,2.3021014141226743,5.871198634607336,1.1316693195316572,6.644255363661279,bull_flat,-17.300000000000004,-4.299999999999998,3.8999999999999924,0.9880952380952381,0.31547619047619047,0.2240038051025883,NORMAL,66.39999999999999,2.1200380510258863,0.799999999999983,0.4,24.6,Low-Vol,안정,없음,안정,안정
2018-08-23,0.0270730297169963,NORMAL,0.0011954788536222,-1.947516316878016,1.9770991509359344,2.3017384734152584,5.87271903250417,1.1641998188738505,6.837018433938369,bull_flat,-15.09999999999998,-3.49999999999997,4.0999999999999925,0.9761904761904762,0.31746031746031744,0.2098361476793306,NORMAL,66.19999999999999,2.0683614767933043,0.200000000000017,0.4,24.6,Low-Vol,안정,없음,안정,안정
2018-08-24,0.0247252466223593,NORMAL,0.0003952190794824,-1.8584155565533933,1.9626713803814528,2.300614631864409,5.875811977087797,1.1721853463911396,6.887540697691866,bull_flat,-16.900000000000006,-6.099999999999989,3.699999999999992,0.9642857142857143,0.3194444444444444,0.2036335457012967,NORMAL,66.10000000000001,2.0363354570129677,0.0,0.4,24.50000000000001,Low-Vol,안정,없음,안정,안정
2018-08-27,0.0230462630819883,NORMAL,0.0001479318260525,-1.944082333779297,1.8361859784260488,2.2994907903135595,5.878023108638347,1.2,7.053627730366016,bull_flat,-20.000000000000018,-5.100000000000016,-0.7000000000000117,0.753968253968254,0.32142857142857145,0.1222622534029717,NORMAL,61.79999999999999,1.222622534029718,-4.099999999999987,0.3222622534029718,24.4,Low-Vol,안정,없음,안정,안정
2018-08-28,0.0201895649321421,NORMAL,0.0001033816290008,-2.029199607806455,1.8199117965902707,2.2980250007544667,5.88173580309904,1.2,7.058082963718848,bull_flat,-21.899999999999984,-5.599999999999977,-4.000000000000026,0.6071428571428571,0.32341269841269843,0.0525312774998458,NORMAL,58.09999999999997,0.5253127749984581,-7.700000000000024,0.25253127749984583,24.2,Low-Vol,안정,없음,안정,안정
2018-08-29,0.0215358360279882,NORMAL,0.0001177026629675,-2.029199607806455,1.8662867721198368,2.2965592111953743,5.880213854637974,1.2,7.0562566255655685,bull_flat,-20.500000000000007,-3.699999999999992,-6.899999999999995,0.39880952380952384,0.3253968253968254,0.0,NORMAL,55.2,-0.0210423519674887,-10.599999999999994,0.19789576480325113,24.2,Low-Vol,안정,없음,안정,안정
2018-08-30,0.0223766832976766,NORMAL,0.0003101664565141,-2.2253357546074435,1.746545462514958,2.296172411889649,5.8784844519239705,1.2,7.054181342308764,bull_flat,-22.199999999999996,-7.799999999999979,-10.099999999999998,0.00992063492063492,0.3273809523809524,0.0,NORMAL,52.0,-0.6236259936257966,-13.599999999999966,0.13763740063742036,23.10000000000001,Low-Vol,안정,없음,안정,안정
2018-08-31,0.0129631963101732,NORMAL,0.0320047521602919,-2.3605692820955664,2.014754784609104,2.295785612583924,5.892494946894331,1.1394863683271237,6.714417667422549,bull_flat,-26.29999999999999,-6.599999999999978,-12.599999999999989,0.003968253968253968,0.32936507936507936,0.0,NORMAL,50.0,-0.9987407427339838,-15.700000000000005,0.10012592572660162,23.50000000000001,Normal,안정,없음,안정,안정
2018-09-03,0.0097541318722145,NORMAL,0.0043106171560532,-2.744329332830592,1.9666696401999544,2.2947879283727177,5.896568724418273,1.1668395552897248,6.880349628135518,bull_flat,-28.800000000000026,-10.20000000000001,-14.3,0.003968253968253968,0.33134920634920634,0.0,NORMAL,48.2,-1.3339989445874196,-17.500000000000007,0.1,23.50000000000001,Normal,안정,없음,안정,안정
2018-09-04,0.0107691572649595,NORMAL,0.0790638667036488,-2.5226974913346485,2.014754784609104,2.293790244161511,5.895359123261931,1.1384959905215188,6.711842724518165,bull_flat,-26.29999999999999,-8.29999999999999,-15.999999999999993,0.003968253968253968,0.3333333333333333,0.0,NORMAL,46.900000000000006,-1.572486065727858,-18.89999999999999,0.1,23.70000000000001,Normal,안정,없음,안정,안정
2018-09-05,0.0058657032376177,NORMAL,0.0174848943454335,-2.8167638727632003,2.032473214687235,2.2932021214670915,5.902237992320716,1.1282815954944716,6.659386498963704,bull_flat,-28.799999999999983,-10.599999999999987,-15.200000000000014,0.003968253968253968,0.3353174603174603,0.0,NORMAL,45.80000000000002,-1.770606339991435,-20.29999999999999,0.1,23.90000000000001,Normal,안정,없음,안정,안정
2018-09-06,0.0067132103137417,NORMAL,0.0082541615563518,-2.711949097866907,2.0540781002934803,2.292613998772672,5.900824684723326,1.1161279595187303,6.586075414838001,bull_flat,-28.29999999999999,-12.5,-15.600000000000014,0.003968253968253968,0.3373015873015873,0.0,NORMAL,45.40000000000002,-1.8359077144528395,-20.80000000000001,0.1,23.90000000000001,Normal,안정,없음,안정,안정
2018-09-07,0.0056966340510016,NORMAL,0.5664575781856925,-2.687915875686524,1.9948024569127816,2.291939437915609,5.901986651462723,1.1489555920553085,6.781120567433881,bull_flat,-25.30000000000001,-12.200000000000038,-17.300000000000004,0.003968253968253968,0.3392857142857143,0.0,NORMAL,44.600000000000016,-1.9738912849770744,-21.800000000000004,0.1,23.599999999999998,High-Vol,주의,금리,주의,안정
2018-09-10,0.0040014761899449,NORMAL,0.1289571396057853,-2.5606807362501485,1.9478463140499325,2.291264877058546,5.904240581164969,1.1763068064105033,6.945198382309459,bull_flat,-23.20000000000002,-11.00000000000001,-18.0,0.007936507936507936,0.3412698412698413,0.0,NORMAL,44.9,-1.907162604189691,-21.399999999999984,0.1,23.70000000000001,Normal,안정,없음,안정,안정
2018-09-11,0.0065463743078029,NORMAL,0.021725617195849,-2.3215187155230543,1.947846314049936,2.288631724802479,5.900772965120761,1.1749549788884455,6.933142574658974,bull_flat,-23.199999999999974,-10.39999999999996,-17.899999999999984,0.011904761904761904,0.34325396825396826,0.0,NORMAL,45.000000000000014,-1.878246615888732,-20.99999999999996,0.1,23.50000000000001,Normal,안정,없음,안정,안정
2018-09-12,0.00332694670231,NORMAL,0.0071947312706479,-2.271491740676306,1.9408286347521024,2.285998572546412,5.905756567126138,1.1778466844592888,6.956075791813193,bull_flat,-24.900000000000013,-7.899999999999991,-18.099999999999987,0.011904761904761904,0.34523809523809523,0.0,NORMAL,44.99999999999999,-1.8680942544843853,-20.800000000000004,0.1,23.70000000000001,Normal,안정,없음,안정,안정
2018-09-13,0.0046846843785526,NORMAL,0.0031816904202662,-2.2016667950989404,1.9559019994823288,2.282609099461817,5.903273952256975,1.1670365386742065,6.889336400087584,bull_flat,-21.300000000000008,-8.40000000000003,-18.500000000000032,0.00992063492063492,0.3472222222222222,0.0,NORMAL,44.9,-1.8763344369744817,-20.800000000000004,0.1,23.4,Low-Vol,안정,없음,안정,안정
2018-09-14,0.0126559690644603,NORMAL,0.002824883703858,-1.6859023705654288,2.1843703175539075,2.279219626377222,5.891842041610504,1.0434218081344047,6.147676476299535,bull_flat,-12.199999999999989,-8.499999999999968,-19.099999999999984,0.005952380952380952,0.3492063492063492,0.0,NORMAL,44.600000000000016,-1.9207609870100943,-21.59999999999996,0.1,22.90000000000001,Low-Vol,안정,없음,안정,안정
2018-09-17,0.0138384387628669,NORMAL,0.0014138898048749,-1.7339351588946188,2.16052503365563,2.2784573377547943,5.890112803702131,1.0545850208917142,6.211624734146765,bull_flat,-9.10000000000002,-7.300000000000018,-19.500000000000036,0.003968253968253968,0.35119047619047616,0.0,NORMAL,44.599999999999966,-1.9100876260757935,-21.90000000000002,0.1,22.4,Low-Vol,안정,없음,안정,안정
2018-09-18,0.0173837371496754,NORMAL,0.000227993218626,-1.5730258989340964,2.170520189893859,2.277695049132367,5.885129177910723,1.0493774993374971,6.175722139994094,bull_flat,-4.3999999999999595,-10.499999999999948,-19.89999999999999,0.003968253968253968,0.3531746031746032,0.0,NORMAL,44.20000000000001,-1.971759630124216,-23.1,0.1,22.300000000000008,Low-Vol,안정,없음,안정,안정
2018-09-19,0.0236190652963395,NORMAL,0.0003558139690697,-1.398164362496838,2.286896310907455,2.2784573377547943,5.876537592488168,0.9963098575512975,5.854852331666732,bull_flat,-2.8000000000000025,-6.2,-19.799999999999958,0.005952380952380952,0.3551587301587302,0.0,NORMAL,44.20000000000001,-1.9603964432726029,-22.19999999999998,0.1,21.799999999999997,Low-Vol,안정,없음,안정,안정
2018-09-20,0.0323547466861071,NORMAL,0.0859390633110784,-0.823944668716273,2.594381581316383,2.279219626377222,5.863648124522346,0.878521356608133,5.1513401050281065,neutral,3.299999999999992,-3.9000000000000092,-20.400000000000023,0.003968253968253968,0.35714285714285715,0.0,NORMAL,44.09999999999998,-1.9671418937649912,-22.10000000000001,0.1,20.599999999999994,Normal,안정,없음,안정,안정
2018-09-21,0.0296787491415999,NORMAL,0.0250358822988335,-0.8135568195915205,2.60110806347886,2.282609099461817,5.867498294428536,0.8775525828822869,5.149038283333175,neutral,3.100000000000014,-2.799999999999958,-20.59999999999995,0.007936507936507936,0.35912698412698413,0.0,NORMAL,44.10000000000003,-1.9559002024208152,-21.99999999999998,0.1,20.399999999999995,Normal,안정,없음,안정,안정
2018-09-27,0.0234820888076505,NORMAL,0.008742865818032,-0.9903932130002532,2.731030266362766,2.285998572546412,5.876067502118656,0.8370462241676087,4.918540115602413,neutral,0.40000000000000036,-3.89999999999997,-19.99999999999997,0.01984126984126984,0.6190476190476191,0.0066666666666666,NORMAL,44.40000000000004,-1.891437062204793,-17.39999999999995,0.1,20.599999999999994,Normal,안정,없음,안정,안정
2018-09-28,0.0201214370478242,NORMAL,0.0173484641956614,-0.9510422981214856,2.7344344166476864,2.286447441726933,5.880075262381884,0.8361683234407324,4.916732673851185,neutral,0.30000000000001137,-3.69999999999997,-19.89999999999999,0.01984126984126984,0.621031746031746,0.0066666666666666,NORMAL,44.39999999999999,-1.8813193242712003,-13.699999999999982,0.1,20.599999999999994,Normal,안정,없음,안정,안정
2018-10-01,0.0239934161112771,NORMAL,0.0804282950349776,-1.0881138124621994,2.795466254303093,2.286896310907455,5.873679789142411,0.8180733025795641,4.8051006233985705,neutral,2.1999999999999797,-4.499999999999988,-20.100000000000012,0.015873015873015872,0.623015873015873,0.0066666666666666,NORMAL,44.20000000000001,-1.906770918078971,-10.999999999999991,0.1,20.300000000000008,Normal,안정,없음,안정,안정
2018-10-02,0.0198623202218761,NORMAL,0.0272217477063243,-1.0024713987451936,2.811180684713322,2.289080593983001,5.876728141068768,0.8142772915418051,4.7852862738369835,neutral,0.40000000000000036,-3.100000000000019,-20.000000000000025,0.031746031746031744,0.625,0.0066666666666666,NORMAL,44.49999999999998,-1.8435277771802112,-7.500000000000021,0.1,20.300000000000008,Normal,안정,없음,안정,안정
2018-10-04,0.0323173862276806,NORMAL,0.0183316697413543,-0.5216850442056943,2.9431633536580626,2.291264877058546,5.859134575111906,0.7785041473184726,4.561360566421675,bear_flat,13.39999999999999,-1.6000000000000014,-20.900000000000013,0.003968253968253968,0.626984126984127,0.0066666666666666,NORMAL,43.99999999999999,-1.922129709218389,-6.000000000000014,0.1,19.599999999999994,Normal,안정,없음,안정,안정
2018-10-05,0.0336554104050459,NORMAL,0.0065083130869973,-0.5324336988450935,2.880328014946248,2.291939437915609,5.856927576571586,0.7957216768446356,4.66048423238713,bear_flat,16.1,-0.10000000000001119,-21.000000000000043,0.003968253968253968,0.628968253968254,0.0066666666666666,NORMAL,43.79999999999997,-1.9467556355525972,-4.400000000000027,0.1,19.100000000000005,Normal,안정,없음,안정,안정
2018-10-08,0.0336554104050459,NORMAL,0.012961921584168,-0.5482405111323616,2.8856952094954944,2.292613998772672,5.856753704791751,0.7944754495307524,4.6530470324053255,bear_flat,15.49999999999998,-1.9000000000000405,-21.09999999999999,0.003968253968253968,0.6309523809523809,0.0066666666666666,NORMAL,43.69999999999997,-1.9534633755258308,-3.2000000000000317,0.1,17.500000000000004,Normal,안정,없음,안정,안정
2018-10-10,0.0269698388004229,NORMAL,0.0084286872312399,-0.7168941917953894,2.9687140579541715,2.2932021214670915,5.86635758169456,0.7724563823595071,4.531505355183047,bear_flat,14.399999999999968,-1.5000000000000624,-21.200000000000017,0.00992063492063492,0.6329365079365079,0.0066666666666666,NORMAL,43.79999999999997,-1.925204788994266,-2.0000000000000497,0.1,17.700000000000003,Normal,안정,없음,안정,안정
2018-10-11,0.0182490454879209,NORMAL,0.0129563962623152,-0.7634149918699126,3.251117216880176,2.293790244161511,5.879015506853531,0.7055390781519311,4.147875181146348,neutral,8.700000000000019,-1.29999999999999,-21.100000000000037,0.03968253968253968,0.6349206349206349,0.0066666666666666,NORMAL,44.3,-1.8278860531396823,-1.1000000000000227,0.1,18.000000000000014,Normal,안정,없음,안정,안정
2018-10-12,0.0246501010709949,NORMAL,0.0072166858078573,-0.7175507748789222,3.3254164756977524,2.2947879283727177,5.869670315169976,0.6900753469958123,4.05051477949194,bear_steep,13.100000000000023,4.9960036108132044e-14,-21.799999999999997,0.003968253968253968,0.3611111111111111,0.0,NORMAL,43.60000000000004,-1.9401028028493728,-0.9999999999999788,0.1,17.000000000000014,Normal,안정,없음,안정,안정
2018-10-15,0.0214599109842248,NORMAL,0.0020575652472064,-0.8832575928362624,3.354949211318448,2.295785612583924,5.873842572457287,0.6842981720375172,4.0194597351686685,bear_flat,12.199999999999989,-1.1000000000000398,-21.60000000000002,0.003968253968253968,0.20634920634920634,0.0,NORMAL,43.39999999999997,-1.9640497912699613,-1.5000000000000284,0.1,16.300000000000004,Low-Vol,안정,없음,안정,안정
2018-10-16,0.0214599109842248,NORMAL,0.0005670455200039,-0.8335316251008699,3.3507697466010407,2.296172411889649,5.873917163386665,0.6852671432344297,4.025202434149665,bear_flat,10.699999999999976,-1.8000000000000294,-21.89999999999999,0.007936507936507936,0.06547619047619048,0.0,NORMAL,43.40000000000001,-1.9531602860100772,-1.6000000000000014,0.1,15.400000000000013,Low-Vol,안정,없음,안정,안정
2018-10-17,0.0149010505891375,NORMAL,0.00145499706261,-1.0435270110549166,3.4554723951558564,2.2965592111953743,5.8831719084472285,0.66461512307691,3.910045022015274,neutral,8.700000000000019,-4.299999999999998,-21.200000000000024,0.02976190476190476,0.06746031746031746,0.0,NORMAL,43.99999999999999,-1.839479541580144,-1.000000000000007,0.1,15.200000000000014,Low-Vol,안정,없음,안정,안정
2018-10-18,0.006801846875541,NORMAL,0.0025340946502283,-1.1491077780332069,3.645974709038354,2.2980250007544667,5.894875554128436,0.6302909877728097,3.715486935809401,neutral,3.100000000000014,-2.8999999999999915,-21.100000000000012,0.04365079365079365,0.003968253968253968,0.0,NORMAL,44.19999999999999,-1.796046488484207,-0.70000000000001,0.1,15.300000000000002,Low-Vol,안정,없음,안정,안정
2018-10-19,0.0110373929509306,NORMAL,0.0023616352856401,-1.068241345087286,3.5330730622445143,2.2994907903135595,5.889120688451103,0.6508472227440221,3.832917844482764,neutral,0.8999999999999897,-2.0000000000000293,-21.200000000000045,0.05952380952380952,0.003968253968253968,0.0,NORMAL,44.299999999999976,-1.7703383376214812,-0.3000000000000398,0.1,14.800000000000013,Low-Vol,안정,없음,안정,안정
2018-10-22,0.0154330003125089,NORMAL,0.0035295535077081,-0.8500834478391314,3.5768848546127154,2.300614631864409,5.882855384554369,0.643189458250958,3.7837905677602555,neutral,2.8000000000000025,-1.399999999999979,-21.300000000000015,0.05357142857142857,0.005952380952380952,0.0,NORMAL,44.20000000000001,-1.7791076987823309,-0.3999999999999559,0.1,13.400000000000013,Low-Vol,안정,없음,안정,안정
2018-10-23,0.0091915370984918,NORMAL,0.0016310329601647,-1.0781503812418711,3.64410121761326,2.3017384734152584,5.891563943174114,0.6316340672125471,3.7213124956698573,neutral,-3.000000000000025,-3.900000000000042,-21.500000000000014,0.06547619047619048,0.007936507936507936,0.0014999999999994,NORMAL,44.299999999999976,-1.7537201819038226,0.0999999999999659,0.1,13.3,Low-Vol,안정,없음,안정,안정
2018-10-24,0.009529974537185,NORMAL,0.0007599641395105,-1.2860641231083887,3.5317917027450627,2.3021014141226743,5.890671420887044,0.6518225331163728,3.839672367318816,bull_flat,-6.499999999999995,-7.600000000000012,-21.80000000000004,0.023809523809523808,0.00992063492063492,0.0,NORMAL,43.79999999999997,-1.8305171778761564,-0.4000000000000412,0.1,12.400000000000011,Low-Vol,안정,없음,안정,안정
2018-10-25,0.0027623764506112,NORMAL,0.0015766873252912,-1.328871844388137,3.350644085765245,2.3024643548300903,5.9001933483259785,0.6871706740240768,4.054439840041537,bull_flat,-15.89999999999998,-10.599999999999971,-21.59999999999995,0.08333333333333333,0.011904761904761904,0.0045000000000005,NORMAL,44.40000000000002,-1.7199872946706651,0.3000000000000398,0.1,12.20000000000001,Low-Vol,안정,없음,안정,안정
2018-10-26,0.0,NORMAL,0.0004475903527817,-1.445700741227837,3.3588218485841503,2.3024872134060823,5.905224480801133,0.6855044170850125,4.048057465467727,bull_flat,-16.39999999999997,-10.999999999999993,-21.600000000000026,0.09325396825396826,0.013888888888888888,0.0059999999999992,NORMAL,44.49999999999998,-1.6954401637609204,0.3999999999999488,0.1,12.1,Low-Vol,안정,없음,안정,안정
2018-10-29,0.0,NORMAL,0.0520657893642326,-1.824749855828097,3.646137105139307,2.302510071982075,5.924298832963419,0.6314930035781261,3.741153264122457,bull_flat,-20.40000000000002,-9.200000000000031,-20.89999999999999,0.12103174603174603,0.015873015873015872,0.0089999999999992,NORMAL,44.99999999999999,-1.603677732720976,0.5999999999999517,0.1,14.500000000000002,Normal,안정,없음,안정,안정
2018-10-30,0.0084999999999999,NORMAL,0.0088955385854261,-1.5555999015279298,3.879175170058705,2.3038579255643015,5.912177332495579,0.5939040709856462,3.511266186158183,bull_flat,-13.600000000000012,-6.200000000000033,-20.500000000000014,0.13095238095238096,0.017857142857142856,0.0134999999999997,NORMAL,45.299999999999976,-1.5466791269014022,0.8999999999999844,0.1,13.100000000000001,Normal,안정,없음,안정,안정
2018-10-31,0.012224105,NORMAL,0.0430871563018627,-1.4211249162471389,3.8577979811231535,2.305205779146528,5.907063228566175,0.5975444516343995,3.5297328576833005,bull_flat,-14.100000000000001,-5.800000000000027,-20.400000000000023,0.1349206349206349,0.01984126984126984,0.0179999999999994,NORMAL,45.39999999999997,-1.5239794319481412,1.1999999999999602,0.1,12.800000000000011,Normal,안정,없음,안정,안정
2018-11-01,0.0135757926086002,NORMAL,0.0141404156499822,-1.4909337359764263,3.869312464426775,2.307851211022177,5.905203206537583,0.5964499461441342,3.5221581345095094,bull_flat,-12.00000000000001,-4.699999999999993,-20.399999999999952,0.13095238095238096,0.021825396825396824,0.0105000000000005,NORMAL,45.20000000000002,-1.5519829932342246,0.7000000000000384,0.1,12.600000000000012,Normal,안정,없음,안정,안정
2018-11-02,0.0189788664527048,NORMAL,0.0425179298472019,-1.2675182804890253,3.5095208849792106,2.310496642897826,5.8970756627663246,0.658351016740427,3.882345758377437,bull_flat,-16.199999999999992,-7.800000000000012,-20.8,0.11507936507936507,0.023809523809523808,0.0135000000000001,NORMAL,44.9,-1.5964702126908856,0.9000000000000128,0.1,11.899999999999999,Normal,안정,없음,안정,안정
2018-11-05,0.0183053192672988,NORMAL,0.0043350996668285,-1.3125790796512948,3.490754706514428,2.3114216830626733,5.897966113029851,0.662155286577172,3.90536944179573,bull_flat,-17.39999999999999,-7.1999999999999895,-20.700000000000014,0.12698412698412698,0.025793650793650792,0.0180000000000003,NORMAL,44.99999999999999,-1.5734353308968214,1.2000000000000242,0.1,12.00000000000001,Normal,안정,없음,안정,안정
2018-11-06,0.0210004240330954,NORMAL,0.0046697158239257,-1.157429912680448,3.529857608578865,2.3123467232275208,5.8943560183536166,0.6550821533445597,3.861287433082552,bull_flat,-15.799999999999992,-5.099999999999971,-20.6,0.1388888888888889,0.027777777777777776,0.0225000000000002,NORMAL,45.19999999999999,-1.5339178895294157,1.5000000000000142,0.1,12.00000000000001,Normal,안정,없음,안정,안정
2018-11-07,0.0149446853306365,NORMAL,0.0111196913386069,-1.2846162588279229,3.511799658594616,2.3149612946214395,5.902870616494009,0.6591951476946899,3.8911436678624134,bull_flat,-15.399999999999991,-5.899999999999972,-20.6,0.15873015873015872,0.02976190476190476,0.0255000000000004,NORMAL,45.5,-1.478087717565907,1.7000000000000313,0.1,12.20000000000001,Normal,안정,없음,안정,안정
2018-11-08,0.0146072259271428,NORMAL,0.0034378622427603,-1.293432589621175,3.354274570564679,2.3175758660153587,5.9032667333920665,0.69093206809996,4.078756292648276,bull_flat,-10.40000000000001,-5.8000000000000105,-20.800000000000047,0.15476190476190477,0.061507936507936505,0.0164999999999999,NORMAL,45.39999999999999,-1.489603776991198,1.0999999999999943,0.1,13.200000000000012,Low-Vol,안정,없음,안정,안정
2018-11-09,0.0105570246680339,NORMAL,0.0008503942413059,-1.2488261636447275,3.2177304849356534,2.319127606506235,5.908772669526236,0.7207339512627365,4.258653073220912,bull_flat,-16.599999999999994,-7.600000000000012,-20.800000000000026,0.16666666666666666,0.06349206349206349,0.0299999999999992,NORMAL,45.59999999999999,-1.4509750016833145,1.9999999999999505,0.1,13.3,Low-Vol,안정,없음,안정,안정
2018-11-12,0.0066676636512601,NORMAL,0.00030779726093,-1.2182933260081148,3.225963748287197,2.320679346997111,5.914288406848596,0.7193755194023057,4.254594294571744,bull_flat,-16.999999999999993,-6.399999999999978,-20.199999999999974,0.1746031746031746,0.06547619047619048,0.0405000000000005,NORMAL,46.10000000000001,-1.3626847702797669,2.7000000000000384,0.1,13.3,Low-Vol,안정,없음,안정,안정
2018-11-13,0.0068370968998496,NORMAL,0.0001316767162639,-1.2836384839117714,3.227427686824948,2.3225064338851054,5.914189342233277,0.719615328134562,4.255941304161128,bull_flat,-16.900000000000006,-6.099999999999989,-19.79999999999995,0.17857142857142858,0.14087301587301587,0.042,NORMAL,46.20000000000002,-1.341761321706188,2.8000000000000043,0.1,14.3,Low-Vol,안정,없음,안정,안정
2018-11-14,0.0041263953516335,NORMAL,0.000124122845743,-1.343312658682468,3.152960179694136,2.3243335207730995,5.9182199275527685,0.7371908899269954,4.362857815176304,bull_flat,-14.600000000000035,-4.50000000000001,-18.99999999999997,0.18253968253968253,0.14285714285714285,0.0420000000000004,NORMAL,46.80000000000002,-1.2377149565742744,2.8000000000000327,0.1,14.3,Low-Vol,안정,없음,안정,안정
2018-11-15,0.0102337685818572,NORMAL,0.0003242709217991,-1.0530301202416257,3.14172262503099,2.3295834992186033,5.909643223295085,0.7414987818014724,4.381993250954633,neutral,-6.200000000000028,-2.400000000000019,-19.100000000000033,0.18253968253968253,0.14484126984126985,0.0426666666666663,NORMAL,46.599999999999966,-1.2676043665617818,2.3999999999999773,0.1,13.800000000000011,Low-Vol,안정,없음,안정,안정
2018-11-16,0.0083733371554814,NORMAL,0.0001433936475447,-0.92441394863943,3.074667290515912,2.334833477664107,5.912001930411462,0.7593776031852653,4.489441855942517,bull_flat,-9.799999999999986,-5.599999999999983,-19.79999999999998,0.18253968253968253,0.14682539682539683,0.0448333333333335,NORMAL,46.39999999999999,-1.2972858271125614,2.100000000000016,0.1,13.600000000000012,Low-Vol,안정,없음,안정,안정
2018-11-19,0.0051568600949878,NORMAL,0.000115360009774,-0.9041002898767216,3.000399096260721,2.3355686755973144,5.916377521225548,0.7784193371168661,4.605422668205518,bull_flat,-14.29999999999998,-7.599999999999979,-20.200000000000003,0.18253968253968253,0.1488095238095238,0.0448333333333329,NORMAL,46.29999999999998,-1.3101312794267963,2.099999999999973,0.1,13.700000000000001,Low-Vol,안정,없음,안정,안정
2018-11-20,0.0060046684294474,NORMAL,9.58395525926812e-05,-0.7714856170400399,2.926552669322019,2.3363038735305217,5.91530816706607,0.7983126010411978,4.722265048810755,bull_flat,-10.099999999999998,-5.199999999999977,-20.800000000000026,0.19047619047619047,0.15079365079365079,0.0463333333333333,NORMAL,46.49999999999998,-1.2730551277806696,2.200000000000003,0.1,13.5,Low-Vol,안정,없음,안정,안정
2018-11-21,0.0065131372389981,NORMAL,0.0002000191805259,-0.8554359538753684,2.927905664284185,2.340517404302447,5.9144872241450965,0.7993827918887738,4.727939309827591,bull_flat,-10.000000000000009,-3.899999999999987,-20.100000000000012,0.18452380952380953,0.3115079365079365,0.0575000000000002,NORMAL,46.29999999999998,-1.302651673770271,2.500000000000014,0.1,14.500000000000002,Low-Vol,안정,없음,안정,안정
2018-11-22,0.0060047980889939,NORMAL,0.0004374181517813,-0.8378283527164427,2.809621626520299,2.344730935074372,5.915258297712603,0.8345361926823962,4.936497138506027,neutral,-6.300000000000017,-2.300000000000008,-19.799999999999972,0.19444444444444445,0.4742063492063492,0.0566666666666666,NORMAL,46.40000000000002,-1.2822763323821382,2.0,0.1,15.300000000000002,Low-Vol,안정,없음,안정,안정
2018-11-23,0.0,NORMAL,0.0014551131106842,-0.930358591823328,2.8848925912688568,2.3450227064608224,5.924248413380008,0.8128630901400096,4.815602872057122,neutral,-7.900000000000018,-2.500000000000008,-18.700000000000006,0.21428571428571427,0.47619047619047616,0.0701666666666669,NORMAL,47.4,-1.1127392584732034,2.90000000000002,0.1,15.000000000000014,Low-Vol,안정,없음,안정,안정
2018-11-26,0.0,NORMAL,0.000161285795655,-0.8956062812830493,2.3168944732119354,2.344730935074372,5.924697236972199,1.0120145574968058,5.9958798525769685,neutral,-0.40000000000000036,-2.400000000000002,-14.399999999999991,0.21626984126984128,0.4781746031746032,0.0626666666666667,NORMAL,47.4,-1.1100645727896588,2.4000000000000057,0.1,14.3,Low-Vol,안정,없음,안정,안정
2018-11-27,0.0,NORMAL,0.0009021580105892,-0.8956062812830496,2.017939282379036,2.340517404302447,5.928664548741743,1.159855217022739,6.876392506835873,neutral,-7.100000000000017,-4.799999999999999,-10.899999999999977,0.21428571428571427,0.4801587301587302,0.0551666666666669,NORMAL,47.2,-1.140588811106523,1.90000000000002,0.1,14.3,Low-Vol,안정,없음,안정,안정
2018-11-28,0.00085,NORMAL,0.0003089590704175,-0.909307800664684,1.9389090801408488,2.3363038735305217,5.927241820342974,1.2,7.112690184411569,bull_flat,-8.800000000000008,-6.900000000000003,-8.400000000000013,0.20634920634920634,0.48214285714285715,0.0476666666666669,NORMAL,46.79999999999999,-1.204097775122454,1.40000000000002,0.1,13.800000000000011,Low-Vol,안정,없음,안정,안정
2018-11-29,0.0,NORMAL,0.0005314787460372,-1.0974307558139742,2.0785306044617693,2.3355686755973144,5.937238430422118,1.1236633564999177,6.671457263068421,bull_flat,-13.700000000000001,-8.400000000000007,-4.900000000000021,0.21825396825396826,0.48412698412698413,0.055166666666666,NORMAL,47.09999999999998,-1.1512397190885664,1.899999999999963,0.1,13.800000000000011,Low-Vol,안정,없음,안정,안정
2018-11-30,0.0,NORMAL,0.9999999833707264,-0.9131740541887482,1.866681547559732,2.334833477664107,5.9388414368370395,1.2,7.126609724204447,bull_flat,-17.700000000000003,-9.200000000000008,-3.0000000000000027,0.21825396825396826,0.003968253968253968,0.0315,NORMAL,47.0,-1.1649564915737112,2.1000000000000014,0.1,24.0,High-Vol,주의,금리,주의,안정
2018-12-03,0.00374,NORMAL,0.0985977453731083,-0.7277897041700788,1.98877772566601,2.3295834992186033,5.93321261108019,1.1713644361329836,6.949954244635054,bull_flat,-15.09999999999998,-9.299999999999978,-1.8000000000000071,0.19246031746031747,0.005952380952380952,0.0209999999999999,NORMAL,46.39999999999999,-1.2613625463298526,1.3999999999999986,0.1,22.599999999999998,Normal,안정,없음,안정,안정
2018-12-04,0.0,NORMAL,0.0358603721990282,-0.8659214938160422,1.9483528806067008,2.3243335207730995,5.939318905152879,1.1929735849746692,7.085450566588057,bull_flat,-19.300000000000004,-12.3,-0.09999999999998899,0.21626984126984128,0.007936507936507936,0.0240000000000004,NORMAL,46.80000000000002,-1.191730645557086,1.6000000000000298,0.1,22.499999999999986,Normal,안정,없음,안정,안정
2018-12-05,0.0,NORMAL,0.0128395498018085,-0.9231354788450852,2.0124546415287314,2.3225064338851054,5.949579642365519,1.154066474820445,6.866210404528259,bull_flat,-20.10000000000001,-13.800000000000006,1.2999999999999623,0.23214285714285715,0.00992063492063492,0.0239999999999997,NORMAL,47.09999999999998,-1.1390522970265031,1.59999999999998,0.1,22.4,Normal,안정,없음,안정,안정
2018-12-06,0.0,NORMAL,0.0700077272331012,-1.2161162585931815,2.468986580936011,2.3243335207730995,5.968137481929202,0.9414119698827718,5.6184760633941755,bull_flat,-27.400000000000002,-14.7,2.59999999999998,0.25,0.011904761904761904,0.0390000000000001,NORMAL,48.0,-0.987346709844706,2.6000000000000085,0.10126532901552941,22.799999999999997,Normal,안정,없음,안정,안정
2018-12-07,0.0017,NORMAL,0.013430110145222,-1.147063447550358,2.511028306868468,2.3295834992186033,5.96598936330356,0.9277408354364007,5.534891956115925,bull_flat,-24.0,-11.400000000000007,3.299999999999992,0.25,0.013888888888888888,0.0345000000000002,NORMAL,47.900000000000006,-1.001849292311774,2.3000000000000185,0.1,22.499999999999986,Normal,안정,없음,안정,안정
2018-12-10,0.0,NORMAL,0.0061466092112744,-1.16710633755722,2.498926085130842,2.334833477664107,5.97017514634116,0.9343347494577283,5.578142099575424,bull_flat,-23.2,-8.999999999999991,4.10000000000002,0.2619047619047619,0.015873015873015872,0.0435000000000001,NORMAL,49.00000000000002,-0.8175161956911597,2.900000000000013,0.11824838043088404,22.199999999999996,Normal,안정,없음,안정,안정
2018-12-11,0.0003400000000002,NORMAL,0.0012337006264536,-1.22503447051263,2.501678383973866,2.3355686755973144,5.969995546016275,0.9336006940617644,5.573591985306436,bull_flat,-23.099999999999987,-8.300000000000002,4.199999999999954,0.26587301587301587,0.017857142857142856,0.0449999999999993,NORMAL,49.19999999999997,-0.7829218832262749,2.9999999999999574,0.12170781167737252,22.099999999999987,Low-Vol,안정,없음,안정,안정
2018-12-12,0.0054391329999998,NORMAL,0.0004467925460698,-1.011414896570774,2.6647553457365576,2.3363038735305217,5.9629042296811745,0.8767423535779606,5.227930688490649,bull_flat,-18.500000000000007,-6.600000000000011,3.8999999999999977,0.2619047619047619,0.01984126984126984,0.0314999999999995,NORMAL,48.89999999999999,-0.8313627102529545,2.099999999999973,0.11686372897470455,21.999999999999996,Low-Vol,안정,없음,안정,안정
2018-12-13,0.0067954343895602,NORMAL,0.0002765594318396,-1.0114148965707743,2.4817809818969208,2.340517404302447,5.961289320681781,0.9430797565841201,5.621971281476089,bull_flat,-21.300000000000008,-6.5,4.399999999999987,0.27380952380952384,0.021825396825396824,0.0405000000000003,NORMAL,49.29999999999999,-0.7635172125372298,2.700000000000024,0.12364827874627703,21.90000000000001,Low-Vol,안정,없음,안정,안정
2018-12-14,0.0040846761803299,NORMAL,0.000140513858911,-1.3016742236503345,2.4846687802136525,2.344730935074372,5.96527111879535,0.9436794770177587,5.629303929653936,bull_flat,-21.80000000000004,-5.200000000000027,5.000000000000004,0.2777777777777778,0.023809523809523808,0.0480000000000004,NORMAL,49.60000000000002,-0.7124382799604378,3.2000000000000317,0.12875617200395623,21.90000000000001,Low-Vol,안정,없음,안정,안정
2018-12-17,0.0044239817853795,NORMAL,8.744941859117309e-05,-1.324043611252523,2.492995450414913,2.3450227064608224,5.964466484800732,0.9406445992793676,5.610443186510603,bull_flat,-19.700000000000006,-5.000000000000012,4.200000000000031,0.2619047619047619,0.025793650793650792,0.0375000000000002,NORMAL,48.8,-0.8442129973121894,2.500000000000014,0.11557870026878107,21.90000000000001,Low-Vol,안정,없음,안정,안정
2018-12-18,0.0005226306697698,NORMAL,0.0001246218116461,-1.5163581985089876,2.483816036920436,2.3453144778472725,5.9696930156567545,0.9442383988933074,5.636813374988294,bull_flat,-22.499999999999986,-7.99999999999999,4.499999999999998,0.2619047619047619,0.027777777777777776,0.0330000000000004,NORMAL,48.70000000000001,-0.859321902608497,2.2000000000000317,0.11406780973915032,21.90000000000001,Low-Vol,안정,없음,안정,안정
2018-12-19,0.0,NORMAL,0.0004164769712406,-1.8846141873669704,2.596409464099056,2.3456650685739984,5.98115690612071,0.903426482227808,5.403535543349193,bull_flat,-27.700000000000014,-11.400000000000013,4.699999999999976,0.2718253968253968,0.02976190476190476,0.0390000000000001,NORMAL,48.89999999999999,-0.8245417612235012,2.6000000000000085,0.11754582387764989,22.099999999999987,Low-Vol,안정,없음,안정,안정
2018-12-20,0.0,NORMAL,0.0002838794047254,-2.192443304814075,2.603863526215973,2.346015659300724,5.980731345548754,0.90097489199445,5.38848877810361,bull_flat,-27.400000000000002,-13.200000000000012,4.200000000000009,0.2619047619047619,0.031746031746031744,0.0284999999999995,NORMAL,48.29999999999999,-0.922821602631786,1.8999999999999704,0.1077178397368214,22.199999999999996,Low-Vol,안정,없음,안정,안정
2018-12-21,0.0064599999999999,NORMAL,0.0005920792412127,-1.915460089762131,2.784444572791378,2.347024775641212,5.971119989500997,0.842905906109793,5.033092305240636,bull_flat,-19.900000000000006,-12.300000000000022,3.0999999999999694,0.2400793650793651,0.03373015873015873,0.0,NORMAL,47.2,-1.1037423905548054,-0.2000000000000028,0.1,21.500000000000007,Low-Vol,안정,없음,안정,안정
2018-12-24,0.0098490179999999,NORMAL,0.0006913522219182,-1.671372651952804,2.859936510152849,2.348033891981699,5.966371120964577,0.8210090971062182,4.8984449670237415,bull_flat,-17.69999999999998,-10.899999999999999,2.2999999999999687,0.21031746031746032,0.03571428571428571,0.0,NORMAL,46.70000000000001,-1.184169277561521,-0.6999999999999886,0.1,21.4,Low-Vol,안정,없음,안정,안정
2018-12-26,0.0027441789942599,NORMAL,0.0003919532889297,-1.756767247889882,2.9506288357426094,2.351310340537048,5.9769066529548525,0.7968844851152803,4.762904180722021,bull_flat,-20.199999999999996,-10.100000000000001,2.800000000000008,0.24603174603174602,0.003968253968253968,0.0,NORMAL,47.2,-1.0983306403803086,0.0,0.1,21.4,Low-Vol,안정,없음,안정,안정
2018-12-27,0.0018953452703327,NORMAL,0.0035138133200773,-1.915122616353932,2.9321089948865704,2.354586789092397,5.977971613260414,0.8030352190858734,4.800521744143708,bull_flat,-21.199999999999974,-10.199999999999978,2.999999999999986,0.24801587301587302,0.005952380952380952,0.006,NORMAL,47.2,-1.0958455387271508,0.4000000000000057,0.1,21.10000000000001,Low-Vol,안정,없음,안정,안정
2018-12-28,0.002744539748593,NORMAL,0.0005388974082646,-1.8349284502037928,2.860640340534744,2.3578374261377,5.976656458288292,0.8242341383247591,4.926164285960357,bull_flat,-16.599999999999994,-9.39999999999998,2.5000000000000187,0.23214285714285715,0.003968253968253968,0.0,NORMAL,47.0,-1.1265370911392865,-0.0999999999999801,0.1,20.999999999999996,Low-Vol,안정,없음,안정,안정
2018-12-31,0.002744539748593,NORMAL,0.0233196927444101,-2.3067712724297267,2.866668706649621,2.361088063183003,5.976656458288292,0.8236347847611912,4.922582155613861,bull_flat,-15.799999999999992,-7.799999999999979,3.000000000000008,0.23412698412698413,0.005952380952380952,0.0,NORMAL,47.0,-1.1239264952587162,0.0,0.1,20.999999999999996,Normal,안정,없음,안정,안정
2019-01-02,0.002744539748593,NORMAL,0.025072834089416,-2.3489922477779173,2.7869998961343043,2.363593169690974,5.9770317749921835,0.8480779539925298,5.06898887868371,bull_flat,-18.000000000000014,-5.800000000000019,3.0000000000000195,0.21626984126984128,0.007936507936507936,0.0059999999999999,NORMAL,46.79999999999999,-1.1544697501708767,0.3999999999999986,0.1,21.500000000000007,Normal,안정,없음,안정,안정
2019-01-03,0.0039329067474427,NORMAL,0.0384066736325409,-2.3122127304520435,2.77873030452096,2.366098276198945,5.975586591818962,0.8515033907210543,5.088232244481114,bull_flat,-14.69999999999998,-2.899999999999989,3.2000000000000304,0.23214285714285715,0.01984126984126984,0.0014999999999998,NORMAL,46.900000000000006,-1.1351689062326522,0.0999999999999872,0.1,21.799999999999997,Normal,안정,없음,안정,안정
2019-01-04,0.0068172236971926,NORMAL,0.0090363349042349,-2.0570301239413,2.6885918834567395,2.367198844139967,5.97169045943859,0.8804604591368641,5.257837323740532,neutral,-8.599999999999985,1.8000000000000183,2.400000000000019,0.17857142857142858,0.09523809523809523,0.0266666666666665,NORMAL,46.19999999999999,-1.2483911366252758,-0.8999999999999915,0.1,22.599999999999998,Normal,안정,없음,안정,안정
2019-01-07,0.0076643263771212,NORMAL,0.0041072757084341,-1.829934945872551,2.115382259844108,2.366098276198945,5.97030253418777,1.118520430616315,6.677905361449381,neutral,-0.6000000000000005,2.5999999999999996,1.7999999999999794,0.1746031746031746,0.09722222222222222,0.0266666666666665,NORMAL,46.09999999999998,-1.2616906729367607,-1.90000000000002,0.1,22.69999999999999,Normal,안정,없음,안정,안정
2019-01-08,0.0105432514255063,NORMAL,0.0009324233277189,-1.9627175829372316,2.138980327657379,2.363593169690974,5.966362448247009,1.105009307065293,6.592886034637813,neutral,0.09999999999998899,2.499999999999991,2.2999999999999687,0.1746031746031746,0.0992063492063492,0.0266666666666665,NORMAL,45.900000000000006,-1.2914290087563658,-2.0,0.1,22.69999999999999,Low-Vol,안정,없음,안정,안정
2019-01-09,0.0090213170128472,NORMAL,0.0002320888643256,-1.9176170430052204,2.1208923146935863,2.361088063183003,5.968433071845533,1.113252213148841,6.644371326262775,neutral,0.7000000000000117,0.10000000000001119,2.7000000000000357,0.18452380952380953,0.10119047619047619,0.0266666666666665,NORMAL,46.10000000000001,-1.2549320768424157,-2.900000000000013,0.1,22.799999999999997,Low-Vol,안정,없음,안정,안정
2019-01-10,0.0054674200637152,NORMAL,0.0005387008778445,-2.0157736201676224,2.1731858738049232,2.3578374261377,5.973536598529227,1.084968135748775,6.481096867133335,neutral,-1.6000000000000014,-1.9999999999999991,2.8999999999999693,0.20238095238095238,0.10317460317460317,0.0266666666666665,NORMAL,46.29999999999998,-1.21866708049717,-2.8999999999999915,0.1,23.0,Low-Vol,안정,없음,안정,안정
2019-01-11,0.0102144076039638,NORMAL,0.0001420416803761,-1.6887554345876297,2.15867893324647,2.354586789092397,5.966967049456022,1.0907535867556266,6.508490711246794,neutral,-1.7999999999999794,-1.8999999999999906,1.8000000000000016,0.17063492063492064,0.10515873015873016,0.0266666666666665,NORMAL,45.79999999999999,-1.29810158620489,-3.1000000000000014,0.1,22.899999999999988,Low-Vol,안정,없음,안정,안정
2019-01-14,0.0070009038722445,NORMAL,0.0003938537515294,-1.5791796627861117,2.1843642938898866,2.351310340537048,5.971462893972138,1.0764277493063514,6.42784836302482,neutral,-4.499999999999971,-4.699999999999971,1.8000000000000294,0.18253968253968253,0.10714285714285714,0.0266666666666665,NORMAL,46.00000000000002,-1.2616444229519554,-3.2999999999999687,0.1,23.0,Low-Vol,안정,없음,안정,안정
2019-01-15,0.0061538792563897,NORMAL,0.0001161702903976,-1.747580239909371,2.161651415493552,2.348033891981699,5.972600883974993,1.0862222628275116,6.487572047156912,neutral,-3.399999999999981,-4.99999999999998,1.8000000000000294,0.19444444444444445,0.10912698412698413,0.0266666666666665,NORMAL,46.10000000000001,-1.2418973570915532,-3.500000000000014,0.1,23.0,Low-Vol,안정,없음,안정,안정
2019-01-16,0.0085265561400746,NORMAL,0.0001158728449683,-1.821929461055764,2.188943508684164,2.347024775641212,5.9692653722667055,1.0722180660806888,6.40035417337423,neutral,-2.200000000000002,-3.0,1.29999999999999,0.16468253968253968,0.1111111111111111,0.0266666666666665,NORMAL,45.5,-1.3375143471318054,-3.299999999999997,0.1,22.899999999999988,Low-Vol,안정,없음,안정,안정
2019-01-17,0.007510904683706,NORMAL,8.15871826837685e-05,-1.6872297141503911,2.1316845327975797,2.346015659300724,5.970830355170154,1.1005454246186515,6.57117002855667,neutral,-0.5000000000000115,-0.5000000000000115,1.7000000000000126,0.1865079365079365,0.1130952380952381,0.0266666666666665,NORMAL,45.99999999999999,-1.2515566633424111,-2.700000000000017,0.1,22.899999999999988,Low-Vol,안정,없음,안정,안정
2019-01-18,0.0129304750229666,NORMAL,0.0001657048630386,-1.5079231565302946,1.91520233917986,2.3456650685739984,5.963082935606708,1.2,7.155699522728049,neutral,7.600000000000007,4.49999999999999,1.5000000000000069,0.1488095238095238,0.11507936507936507,0.0266666666666665,NORMAL,45.299999999999976,-1.363422759700622,-3.600000000000016,0.1,22.499999999999986,Low-Vol,안정,없음,안정,안정
2019-01-21,0.0163084932154276,NORMAL,0.0006847691310498,-1.2176079269409283,1.94627850011246,2.3453144778472725,5.958371287604335,1.2,7.150045545125201,bear_steep,9.600000000000009,7.50000000000001,0.5999999999999728,0.12896825396825398,0.11706349206349206,0.0266666666666665,NORMAL,44.99999999999999,-1.408793365610568,-3.299999999999997,0.1,21.999999999999996,Low-Vol,안정,없음,안정,안정
2019-01-22,0.0110814660950504,NORMAL,0.0002424499657142,-1.2609827553008874,1.9383321642451716,2.3450227064608224,5.965856034667707,1.2,7.159027241601248,bear_steep,2.7000000000000135,6.20000000000002,0.7000000000000117,0.14484126984126985,0.11904761904761904,0.0266666666666665,NORMAL,45.19999999999999,-1.3718366184179245,-2.000000000000007,0.1,22.199999999999996,Low-Vol,안정,없음,안정,안정
2019-01-23,0.0088837111150856,NORMAL,0.0001344658835148,-1.0106066356193164,1.911488810766156,2.344730935074372,5.968810582746402,1.2,7.162572699295682,neutral,-0.6000000000000005,3.700000000000009,0.29999999999998916,0.15873015873015872,0.12103174603174603,0.0266666666666665,NORMAL,45.299999999999976,-1.3515428419779842,-1.400000000000034,0.1,21.90000000000001,Low-Vol,안정,없음,안정,안정
2019-01-24,0.0104069150760826,NORMAL,0.0006960677598764,-1.2848294359221342,1.6479253304494244,2.340517404302447,5.966589672451973,1.2,7.159907606942368,neutral,4.500000000000015,4.200000000000001,-0.19999999999997797,0.14285714285714285,0.12301587301587301,0.0399999999999998,NORMAL,45.1,-1.3805181129502568,-2.0999999999999943,0.1,21.799999999999997,Low-Vol,안정,없음,안정,안정
2019-01-25,0.0124363000227052,NORMAL,0.000281911793341,-1.3503191307867526,1.652398575595967,2.3363038735305217,5.963814012978123,1.2,7.1565768155737475,bear_steep,6.199999999999983,5.9999999999999805,-0.49999999999996714,0.11706349206349206,0.125,0.0399999999999998,NORMAL,44.9,-1.409276000357038,-2.299999999999997,0.1,21.70000000000001,Low-Vol,안정,없음,안정,안정
2019-01-28,0.0148015008256781,NORMAL,0.0004525801018562,-1.3124378794066676,1.6700063031712131,2.3355686755973144,5.960436941163111,1.2,7.152524329395733,bear_steep,7.100000000000017,6.800000000000001,-0.5000000000000393,0.1111111111111111,0.12698412698412698,0.0466666666666665,NORMAL,44.69999999999998,-1.437809332306065,-2.3000000000000185,0.1,21.500000000000007,Low-Vol,안정,없음,안정,안정
2019-01-29,0.0175013707845552,NORMAL,0.0002977326847736,-1.4238644292668932,1.690305173318526,2.334833477664107,5.95673500426437,1.2,7.148082005117244,bear_steep,8.700000000000019,8.10000000000002,-0.2999999999999836,0.10714285714285714,0.12896825396825398,0.0466666666666665,NORMAL,44.600000000000016,-1.4497992654663292,-2.3999999999999844,0.1,21.300000000000008,Low-Vol,안정,없음,안정,안정
2019-01-30,0.0201975689202882,NORMAL,0.0001119931888863,-1.300376245095057,1.7064197669543786,2.3295834992186033,5.953012205260071,1.2,7.143614646312085,bear_steep,10.30000000000002,7.800000000000029,-0.5000000000000115,0.09523809523809523,0.13095238095238096,0.0466666666666665,NORMAL,44.49999999999998,-1.4616934739326144,-2.300000000000012,0.1,21.199999999999996,Low-Vol,안정,없음,안정,안정
2019-01-31,0.0117834085881995,NORMAL,0.054812654711329,-1.6323243297651573,2.103655965468843,2.3243335207730995,5.9647973544407416,1.1049019226178811,6.590516064947626,neutral,4.599999999999982,3.299999999999989,-0.5000000000000115,0.12103174603174603,0.13293650793650794,0.0399999999999998,NORMAL,44.69999999999998,-1.4246591860059188,-2.200000000000024,0.1,21.90000000000001,Normal,안정,없음,안정,안정
2019-02-01,0.0087414372033394,NORMAL,0.0220577821468005,-1.5519954368918227,2.1204455837592784,2.3225064338851054,5.969037969381237,1.0952916932523207,6.537837704570968,neutral,1.100000000000012,0.5000000000000115,-0.7000000000000117,0.12698412698412698,0.1349206349206349,0.0,NORMAL,44.79999999999999,-1.4041856782523752,-1.3999999999999986,0.1,21.999999999999996,Normal,안정,없음,안정,안정
2019-02-07,0.0107725209373921,NORMAL,0.0064051513658066,-1.4670212710049064,2.1339116540682834,2.320679346997111,5.966360454015408,1.087523629468332,6.488557975667161,neutral,1.8000000000000016,2.3999999999999995,-0.5999999999999728,0.13095238095238096,0.13690476190476192,0.0,NORMAL,44.80000000000002,-1.4001256878504666,-1.2999999999999616,0.1,21.799999999999997,Normal,안정,없음,안정,안정
2019-02-08,0.0056999908657822,NORMAL,0.0017788673301479,-1.4941758504700355,2.204892884377599,2.319127606506235,5.973559235941119,1.0518096470527105,6.283047231603687,neutral,-2.8999999999999915,-0.4999999999999921,-0.8000000000000007,0.12896825396825398,0.1388888888888889,0.0,NORMAL,44.79999999999999,-1.3961007317791352,-1.1000000000000156,0.1,22.199999999999996,Low-Vol,안정,없음,안정,안정
2019-02-11,0.0019706498487011,NORMAL,0.0021795718292514,-1.4894502557265812,2.247079976559057,2.3175758660153587,5.978697493088358,1.0313722209230183,6.1662625116734215,neutral,-4.200000000000004,-1.4000000000000012,-1.29999999999999,0.13690476190476192,0.14087301587301587,0.0,NORMAL,44.80000000000002,-1.3921103089987668,-1.29999999999999,0.1,22.299999999999986,Low-Vol,안정,없음,안정,안정
2019-02-12,0.007914787165401,NORMAL,0.000459266913844,-1.2698480131467722,2.345903484351978,2.319127606506235,5.97035034025579,0.9885861127602446,5.902205434690274,neutral,1.4000000000000012,1.4000000000000012,-1.6000000000000292,0.10714285714285714,0.14285714285714285,0.0,NORMAL,44.59999999999999,-1.420568163648447,-1.6999999999999955,0.1,21.90000000000001,Low-Vol,안정,없음,안정,안정
2019-02-13,0.0094387323532194,NORMAL,0.000185700309939,-1.133448450399663,2.2666634416901754,2.3175758660153587,5.968178572440772,1.0224613956305837,6.102232192550336,neutral,-0.49999999999998934,-0.19999999999997797,-2.2000000000000295,0.10912698412698413,0.14484126984126985,0.0,NORMAL,44.59999999999999,-1.416429256917094,-1.2000000000000028,0.1,21.599999999999998,Low-Vol,안정,없음,안정,안정
2019-02-14,0.0099463254764695,NORMAL,0.000298236112357,-1.3447903963229868,2.2238598498059545,2.317235169613647,5.967671859371729,1.0419879516309627,6.218242176752486,neutral,1.6999999999999904,1.9999999999999796,-1.7999999999999794,0.1388888888888889,0.14682539682539683,0.0,NORMAL,44.79999999999999,-1.3799730992487602,-1.2000000000000313,0.1,21.599999999999998,Low-Vol,안정,없음,안정,안정
2019-02-15,0.0052099977311033,NORMAL,0.0003636715324166,-1.4279071979876894,2.313370746449071,2.3168944732119354,5.974417644018776,1.0015232001910084,5.983517878115309,neutral,-0.6000000000000005,1.1999999999999984,-1.200000000000001,0.1984126984126984,0.1488095238095238,0.0,NORMAL,45.19999999999999,-1.3114410495571596,-0.9000000000000199,0.1,21.799999999999997,Low-Vol,안정,없음,안정,안정
2019-02-18,0.0111444979878534,NORMAL,0.0002574688003431,-1.1071890186441211,2.426579789268062,2.317235169613647,5.965831009601395,0.9549387907465441,5.69700345010699,neutral,1.5000000000000124,1.4000000000000012,-1.6000000000000014,0.13095238095238096,0.09523809523809523,0.0,NORMAL,44.69999999999998,-1.3888044669713977,-0.8000000000000185,0.1,21.10000000000001,Low-Vol,안정,없음,안정,안정
2019-02-19,0.0109754452701822,NORMAL,0.0002593032930839,-1.140871499342157,2.421830538641124,2.3175758660153587,5.96615828932301,0.956952119084161,5.7093278177591875,neutral,2.0000000000000018,1.4999999999999902,-1.5999999999999792,0.16666666666666666,0.09523809523809523,0.0,NORMAL,44.9,-1.352626108273315,-1.0999999999999943,0.1,20.999999999999996,Low-Vol,안정,없음,안정,안정
2019-02-20,0.0102991769215741,NORMAL,0.0001517685586798,-1.179658800299328,2.310525116892152,2.317235169613647,5.967017100247549,1.002904124552656,5.984346061114496,neutral,-1.6000000000000014,-0.40000000000000036,-1.3000000000000123,0.17857142857142858,0.09523809523809523,0.0,NORMAL,44.999999999999964,-1.3328343812534795,-0.3000000000000113,0.1,20.900000000000006,Low-Vol,안정,없음,안정,안정
2019-02-21,0.0133434191808841,NORMAL,0.0001301778442164,-1.0582158161681277,2.3014640649172167,2.3168944732119354,5.96270404759795,1.0067046053553192,6.002681625087659,neutral,-1.8000000000000238,-0.8000000000000201,-1.7000000000000182,0.1388888888888889,0.09722222222222222,0.0,NORMAL,44.7,-1.377655883929778,-0.29999999999999,0.1,20.500000000000007,Low-Vol,안정,없음,안정,안정
2019-02-22,0.0130056875621447,NORMAL,9.832360093233234e-05,-0.8845468165594094,2.190523849868365,2.315132609830503,5.963082935606708,1.056885370122597,6.302295115470438,neutral,1.0999999999999899,-1.942890293094024e-14,-2.80000000000003,0.10515873015873016,0.0992063492063492,0.0,NORMAL,44.599999999999966,-1.3899532496768898,-0.6000000000000227,0.1,20.500000000000007,Low-Vol,안정,없음,안정,안정
2019-02-25,0.0136812656283735,NORMAL,0.000122705203898,-0.851013044923659,2.168045445241311,2.313370746449071,5.9620500271065255,1.0670305604187114,6.36168958166787,neutral,2.8000000000000025,1.200000000000001,-2.7999999999999803,0.125,0.10119047619047619,0.0,NORMAL,44.600000000000016,-1.3860785120429058,-0.6999999999999602,0.1,20.300000000000008,Low-Vol,안정,없음,안정,안정
2019-02-26,0.0121617317965796,NORMAL,0.0001012781846506,-0.8091728343641056,2.1721926831272573,2.312858734838296,5.964168047984446,1.0647576307588535,6.350393440219575,neutral,1.0000000000000009,0.40000000000000036,-2.6999999999999966,0.10317460317460317,0.10317460317460317,0.0,NORMAL,44.5,-1.3983072772606864,-0.6000000000000014,0.1,20.500000000000007,Low-Vol,안정,없음,안정,안정
2019-02-27,0.0091203392462284,NORMAL,9.865604476457952e-05,-0.933229689469997,2.1920910468990003,2.3123467232275208,5.968458093617685,1.054858887589837,6.295881065260111,neutral,-1.9999999999999796,-1.5999999999999819,-2.200000000000002,0.11904761904761904,0.10515873015873016,0.0,NORMAL,44.59999999999999,-1.378336013740972,-0.3000000000000113,0.1,20.500000000000007,Low-Vol,안정,없음,안정,안정
2019-02-28,0.0094587887885566,NORMAL,0.0007265134513322,-0.7133658104995131,2.1651303595128457,2.3114359200598367,5.967878299315069,1.0675735573630356,6.371149065909452,neutral,-3.200000000000003,-2.499999999999991,-2.2999999999999634,0.1746031746031746,0.10714285714285714,0.0015000000000005,NORMAL,44.80000000000002,-1.3424629883612187,0.1000000000000369,0.1,20.399999999999995,Low-Vol,안정,없음,안정,안정
2019-03-04,0.0162266289066752,NORMAL,0.0051650856611068,-0.4321132164000809,2.328179772404097,2.3123467232275208,5.958272840200711,0.993199387193272,5.917752933617662,neutral,-0.8000000000000007,-1.9000000000000183,-2.2999999999999963,0.15674603174603174,0.10912698412698413,0.0014999999999998,NORMAL,44.7,-1.3549492891061838,0.0999999999999872,0.1,19.399999999999995,Low-Vol,안정,없음,안정,안정
2019-03-05,0.016563870379761,NORMAL,0.0018667041529498,-0.5460073733035772,2.297114895277395,2.3114359200598367,5.95776950180535,1.006234352844903,5.994912339048206,neutral,-2.200000000000024,-3.1000000000000387,-1.7000000000000126,0.1488095238095238,0.1111111111111111,0.003,NORMAL,44.69999999999998,-1.351329986260792,0.2000000000000028,0.1,19.300000000000004,Low-Vol,안정,없음,안정,안정
2019-03-06,0.0152151338116193,NORMAL,0.000602041907232,-0.4506394252765023,1.999210370437078,2.310525116892152,5.959783259793145,1.1557188533325848,6.887833875118869,neutral,2.0000000000000018,0.09999999999999176,-1.8000000000000294,0.2222222222222222,0.1130952380952381,0.0045000000000001,NORMAL,44.99999999999999,-1.2996967081652846,0.3000000000000113,0.1,19.399999999999995,Low-Vol,안정,없음,안정,안정
2019-03-07,0.0125158263936033,NORMAL,0.0001694974361129,-0.3026682513809757,1.9896839209440185,2.310510879894989,5.963688923878586,1.1612451885316297,6.9253050687533815,neutral,2.1999999999999797,0.7999999999999785,-1.8999999999999628,0.25595238095238093,0.11507936507936507,0.0060000000000004,NORMAL,45.20000000000002,-1.264398261561765,0.400000000000027,0.1,19.700000000000006,Low-Vol,안정,없음,안정,안정
2019-03-08,0.0071098694413938,NORMAL,0.0013035737181208,-0.0619814171849992,2.102855201862458,2.310496642897826,5.97133775546179,1.0987426242432026,6.5609633156786025,neutral,-2.200000000000002,-2.300000000000008,-2.700000000000019,0.26785714285714285,0.11706349206349206,0.0074999999999993,NORMAL,45.299999999999976,-1.2453167531979716,0.4999999999999573,0.1,20.10000000000001,Low-Vol,안정,없음,안정,안정
2019-03-11,0.0093120130356609,NORMAL,0.0002147257915307,-0.0433279133951563,2.0095757604136506,2.307851211022177,5.968180696594285,1.148427074253289,6.85402029600473,neutral,2.0999999999999908,-0.3000000000000086,-2.800000000000008,0.2400793650793651,0.11904761904761904,0.0045000000000001,NORMAL,45.1,-1.2743353962948654,0.3000000000000113,0.1,19.999999999999996,Low-Vol,안정,없음,안정,안정
2019-03-12,0.0181436988751101,NORMAL,0.0002560606152871,0.0807846516748399,1.935920833527086,2.305205779146528,5.967044169573693,1.1907541564840933,7.10528264684405,neutral,4.800000000000004,1.8999999999999906,-3.800000000000031,0.251984126984127,0.1488095238095238,0.0059999999999995,NORMAL,45.19999999999999,-1.2552299158575215,0.3999999999999701,0.1,20.999999999999996,Low-Vol,안정,없음,안정,안정
2019-03-13,0.0059296412979101,NORMAL,0.0004693825472563,-0.0859577849646043,1.8678442400968984,2.3038579255643015,5.9731062538819,1.2,7.16772750465828,neutral,-1.200000000000001,-1.0999999999999899,-3.8999999999999426,0.2857142857142857,0.15079365079365079,0.0105000000000005,NORMAL,45.300000000000026,-1.2362397112025705,0.7000000000000384,0.1,21.4,Low-Vol,안정,없음,안정,안정
2019-03-14,0.0079635930637864,NORMAL,0.0007115335598988,-0.1994398619776896,1.877140883028454,2.302510071982075,5.970425433247395,1.2,7.164510519896874,neutral,-0.9000000000000119,-0.10000000000001119,-3.5999999999999863,0.2857142857142857,0.1527777777777778,0.0105000000000002,NORMAL,45.3,-1.2333332165134026,0.700000000000017,0.1,21.300000000000008,Low-Vol,안정,없음,안정,안정
2019-03-15,0.0098261471042717,NORMAL,0.0008922053065118,-0.1805283844617934,1.893333178897944,2.3024872134060823,5.9676738932823,1.2,7.16120867193876,neutral,-0.09999999999998899,-0.9999999999999787,-4.000000000000009,0.2777777777777778,0.12103174603174603,0.0074999999999997,NORMAL,45.299999999999976,-1.2304471381372115,0.4999999999999858,0.1,20.999999999999996,Low-Vol,안정,없음,안정,안정
2019-03-18,0.0106719709917526,NORMAL,0.0007784028673019,-0.0500162950386582,1.7771650991041004,2.3024643548300903,5.966312407996457,1.2,7.159574889595748,neutral,3.200000000000003,-0.10000000000000842,-4.400000000000054,0.24603174603174602,0.12301587301587301,0.0,NORMAL,45.19999999999997,-1.2435375539139086,-2.131628207280301e-14,0.1,20.799999999999997,Low-Vol,안정,없음,안정,안정
2019-03-19,0.0081355777547671,NORMAL,0.0003207645191925,-0.1556475473493579,1.6280113797610798,2.3021014141226743,5.9697725168112665,1.2,7.1637270201735195,neutral,-1.8000000000000016,-2.3999999999999995,-3.6000000000000085,0.25793650793650796,0.125,0.0075000000000001,NORMAL,45.19999999999999,-1.240609355442747,0.5000000000000071,0.1,20.799999999999997,Low-Vol,안정,없음,안정,안정
2019-03-20,0.0084741947065491,NORMAL,0.000485491517192,0.0,1.62929594093826,2.3017384734152584,5.969242570387649,1.2,7.1630910844651785,neutral,-1.4999999999999902,-2.7999999999999803,-3.499999999999992,0.27380952380952384,0.12698412698412698,0.0045000000000002,NORMAL,45.20000000000002,-1.2377017574749305,0.3000000000000185,0.1,20.700000000000006,Low-Vol,안정,없음,안정,안정
2019-03-21,0.0001794897275022,NORMAL,0.0048265301568897,0.0,1.9547512966050056,2.3016012691662375,5.980906553302565,1.1774394385432243,7.042155254100063,bull_flat,-6.000000000000005,-5.099999999999988,-3.4999999999999973,0.31547619047619047,0.12896825396825398,0.0060000000000004,NORMAL,45.39999999999999,-1.2029455520640362,0.400000000000027,0.1,21.10000000000001,Low-Vol,안정,없음,안정,안정
2019-03-22,0.0017580625928287,NORMAL,0.0016219309969355,0.0125790506787062,1.8961456750610275,2.3014640649172167,5.980274927532121,1.2,7.176329913038545,bull_flat,-7.5999999999999845,-6.499999999999989,-2.899999999999997,0.31746031746031744,0.13095238095238096,0.0104999999999998,NORMAL,45.39999999999999,-1.200238215740421,0.6999999999999886,0.1,20.999999999999996,Low-Vol,안정,없음,안정,안정
2019-03-25,0.0,NORMAL,0.0006350312677734,-0.510028112513937,2.116601048851675,2.3004774276153883,5.991540195984309,1.0868734232478399,6.5120458033365,bull_flat,-12.00000000000001,-7.600000000000009,-1.699999999999996,0.3333333333333333,0.13293650793650794,0.0135000000000005,NORMAL,45.5,-1.1816243496648984,0.9000000000000341,0.1,21.70000000000001,Low-Vol,안정,없음,안정,안정
2019-03-26,0.00289,NORMAL,0.0050646328087502,-0.5299332933945847,2.168257850271312,2.2994907903135595,5.987825846915504,1.0605246004416986,6.35023661381454,bull_flat,-10.7,-5.099999999999991,-1.29999999999999,0.3273809523809524,0.1349206349206349,0.012,NORMAL,45.40000000000002,-1.194948989148877,0.8000000000000043,0.1,21.599999999999998,Low-Vol,안정,없음,안정,안정
2019-03-27,0.0,NORMAL,0.0123258163012639,-0.6206944229336864,2.4895359956594776,2.3004774276153883,6.002603008521846,0.924058712798805,5.5467576094969315,bull_flat,-15.800000000000015,-6.4,-0.7000000000000173,0.41865079365079366,0.13690476190476192,0.0299999999999996,NORMAL,46.49999999999998,-1.0171610055789366,1.999999999999979,0.1,22.500000000000007,Normal,안정,없음,안정,안정
2019-03-28,0.0,NORMAL,0.0049494518803062,-0.7859307527428033,2.554021596578519,2.3014640649172167,6.011729856894443,0.9011137838459785,5.417252638805994,bull_flat,-17.500000000000004,-4.599999999999999,-2.7755575615628914e-14,0.47619047619047616,0.1388888888888889,0.0389999999999997,NORMAL,47.19999999999997,-0.9037321575505484,2.59999999999998,0.10962678424494517,23.599999999999998,Low-Vol,안정,없음,안정,안정
2019-03-29,0.00391,NORMAL,0.0161245961447949,-0.6726908851115306,2.6421880884480675,2.3016012691662375,6.006162859715578,0.8710966790097524,5.231948520689957,bull_flat,-15.400000000000013,-3.100000000000011,0.2999999999999836,0.49603174603174605,0.14087301587301587,0.0374999999999994,NORMAL,47.29999999999998,-0.8862931620861235,2.4999999999999645,0.11137068379138765,23.299999999999986,Normal,안정,없음,안정,안정
2019-04-01,0.00950903245,NORMAL,0.0189936016778173,-0.4699675060823255,2.5795705476932262,2.3017384734152584,5.9976836615450555,0.8922952215722814,5.351704471698797,bull_flat,-16.1,-5.299999999999991,0.10000000000001119,0.47619047619047616,0.14285714285714285,0.036,NORMAL,47.10000000000001,-0.9167429585297192,2.4000000000000057,0.10832570414702808,22.4,Normal,안정,없음,안정,안정
2019-04-02,0.0078171151275825,NORMAL,0.0059418612338521,-0.5266564425824353,2.5688979820353475,2.3021014141226743,6.000479193632246,0.8961435721549015,5.3772908592227635,bull_flat,-17.299999999999983,-4.2999999999999705,0.4000000000000059,0.49206349206349204,0.20238095238095238,0.0441666666666668,NORMAL,47.2,-0.8992636451168012,2.500000000000014,0.11007363548831989,23.0,Normal,안정,없음,안정,안정
2019-04-03,0.0134051881196497,NORMAL,0.0143394112626572,-0.3710279458909009,2.732725649179629,2.3024643548300903,5.992564441951977,0.8425523270223982,5.049049115398318,bull_flat,-13.199999999999989,-2.39999999999998,0.40000000000000036,0.5079365079365079,0.27380952380952384,0.0545000000000001,NORMAL,47.30000000000001,-0.8818379254186433,2.3000000000000185,0.11181620745813568,22.599999999999998,Normal,안정,없음,안정,안정
2019-04-04,0.0113788614115315,NORMAL,0.0035674964905067,-0.5359778872954288,2.7269416066934404,2.3024872134060823,5.995312762561477,0.8443478245938565,5.062129288828567,bull_flat,-12.79999999999999,-3.099999999999989,1.2000000000000066,0.5158730158730159,0.2757936507936508,0.0529999999999995,NORMAL,47.4,-0.8644635274483706,2.199999999999981,0.11355364725516294,22.599999999999998,Normal,안정,없음,안정,안정
2019-04-05,0.0140833861600122,NORMAL,0.0067563934844026,-0.4719065781652313,2.7008770505347486,2.302510071982075,5.991272731287821,0.8525045860662925,5.1075874797967895,neutral,-8.000000000000007,-1.3000000000000123,1.0999999999999899,0.48214285714285715,0.3373015873015873,0.0551666666666664,NORMAL,47.19999999999997,-0.8950167130035991,1.8999999999999917,0.1104983286996401,22.4,Normal,안정,없음,안정,안정
2019-04-08,0.0098633133556023,NORMAL,0.0032794887286842,-0.7057225872443174,2.708641143102069,2.3038579255643015,5.9973003148952655,0.8505585656599051,5.101055153669014,bull_flat,-11.799999999999988,-3.0999999999999917,1.4000000000000012,0.5138888888888888,0.3392857142857143,0.0596666666666666,NORMAL,47.30000000000001,-0.8776017400665834,2.20000000000001,0.11223982599334166,22.70000000000001,Low-Vol,안정,없음,안정,안정
2019-04-09,0.0105399598290616,NORMAL,0.0005722202260793,-0.6330434135786057,2.706614704366832,2.305205779146528,5.996333200340759,0.8516933627188703,5.107037187381026,bull_flat,-11.899999999999999,-3.4000000000000004,1.0999999999999899,0.498015873015873,0.3412698412698413,0.0499999999999999,NORMAL,47.2,-0.892168160750292,2.000000000000007,0.1107831839249708,22.70000000000001,Low-Vol,안정,없음,안정,안정
2019-04-10,0.0103708557256467,NORMAL,0.0003210720473007,-0.524115364801353,2.67067407221473,2.307851211022177,5.996411966360606,0.8641455859525111,5.1817729322833355,neutral,-9.499999999999996,-3.100000000000011,0.7000000000000173,0.4623015873015873,0.34325396825396826,0.0454999999999994,NORMAL,47.0,-0.9226606253537952,1.6999999999999744,0.10773393746462048,22.599999999999998,Low-Vol,안정,없음,안정,안정
2019-04-11,0.0096943818165935,NORMAL,0.0005086224345126,-0.7147368009151613,2.64166514472257,2.310496642897826,5.997303918946589,0.8746364570519692,5.245460651531335,bull_flat,-11.099999999999998,-4.999999999999999,1.2000000000000066,0.4642857142857143,0.34523809523809523,0.0454999999999998,NORMAL,47.0,-0.921128591439862,1.6999999999999955,0.10788714085601381,22.599999999999998,Low-Vol,안정,없음,안정,안정
2019-04-12,0.012062845502232,NORMAL,0.0002180459450864,-0.5264459549356115,2.6523872067887924,2.310510879894989,5.994070407199258,0.871106177100097,5.221471757684167,bull_flat,-10.80000000000001,-3.8000000000000203,1.0999999999999899,0.4861111111111111,0.3472222222222222,0.053666666666667,NORMAL,47.10000000000001,-0.9036339997915384,1.800000000000033,0.10963660002084617,22.500000000000007,Low-Vol,안정,없음,안정,안정
2019-04-15,0.0196667051181858,NORMAL,0.0002707705590339,-0.232305327230035,2.876291471944204,2.310525116892152,5.983077560232677,0.8033000617042378,4.8062065733161505,neutral,-6.800000000000006,-1.6999999999999904,0.8000000000000007,0.4523809523809524,0.3492063492063492,0.0521666666666671,NORMAL,46.900000000000006,-0.9341116807200568,1.7000000000000384,0.10658883192799433,21.70000000000001,Low-Vol,안정,없음,안정,안정
2019-04-16,0.0206766750985756,NORMAL,0.0001992859458588,-0.2772980418279696,2.8700403444807843,2.3114359200598367,5.981607707361501,0.8053670480642654,4.81738974195619,neutral,-4.700000000000015,-0.20000000000000018,1.4000000000000068,0.45436507936507936,0.35119047619047616,0.0521666666666667,NORMAL,46.900000000000006,-0.9325512270140004,1.700000000000017,0.10674487729859997,21.500000000000007,Low-Vol,안정,없음,안정,안정
2019-04-17,0.0232003123378248,NORMAL,0.0011435964520949,-0.1602906687992323,2.895022952367883,2.3123467232275208,5.977860562645665,0.7987317410855819,4.774706975168808,neutral,-3.400000000000003,0.09999999999999176,1.1000000000000176,0.49603174603174605,0.3531746031746032,0.0551666666666664,NORMAL,47.10000000000001,-0.8990457135412158,1.8999999999999917,0.11009542864587843,21.300000000000008,Low-Vol,안정,없음,안정,안정
2019-04-18,0.0141268017714553,NORMAL,0.0031223679867999,-0.6196180505632755,2.939830822200132,2.312858734838296,5.991122321663551,0.7867319157866988,4.71340714183482,neutral,-3.8999999999999924,1.29999999999999,2.0999999999999908,0.5476190476190477,0.3551587301587302,0.0566666666666662,NORMAL,47.39999999999997,-0.8496533045579601,1.999999999999979,0.115034669544204,22.4,Low-Vol,안정,없음,안정,안정
2019-04-19,0.0151395971025518,NORMAL,0.001900671799961,-0.6994091647943314,2.944017126666432,2.313370746449071,5.989373518928798,0.7857871224643811,4.706372582803425,neutral,-3.499999999999992,0.9000000000000091,2.2000000000000295,0.5357142857142857,0.35714285714285715,0.0536666666666669,NORMAL,47.20000000000002,-0.8803293077305039,1.8000000000000256,0.11196706922694961,22.199999999999996,Low-Vol,안정,없음,안정,안정
2019-04-22,0.0202009911299403,NORMAL,0.0008306278291308,-0.3679156466618439,2.8311193620377915,2.315132609830503,5.982192260274473,0.8177446139763285,4.891905500610329,neutral,4.100000000000015,4.200000000000029,2.0000000000000293,0.5376984126984127,0.4365079365079365,0.0588333333333335,NORMAL,47.20000000000002,-0.8789451792966644,1.700000000000017,0.11210548207033356,21.70000000000001,Low-Vol,안정,없음,안정,안정
2019-04-23,0.0191912936354168,NORMAL,0.0001719366539648,-0.3306229564111914,2.813856690324548,2.3168944732119354,5.983587248095856,0.8233875169188899,4.92681104647718,neutral,1.8000000000000016,1.29999999999999,1.7000000000000182,0.4742063492063492,0.4384920634920635,0.0573333333333329,NORMAL,47.0,-0.9095505829503716,1.59999999999998,0.10904494170496284,21.799999999999997,Low-Vol,안정,없음,안정,안정
2019-04-24,0.0173392374949661,NORMAL,0.0002719970520394,-0.4390720247836561,2.44481728948144,2.317235169613647,5.98657637159044,0.9478152742060925,5.674168525194706,neutral,6.699999999999995,3.9999999999999813,1.8999999999999684,0.4642857142857143,0.44047619047619047,0.0408333333333331,NORMAL,46.99999999999997,-0.90808358685278,0.4999999999999929,0.109191641314722,22.300000000000008,Low-Vol,안정,없음,안정,안정
2019-04-25,0.0117778740561396,NORMAL,0.0002329799542285,-0.6750818069613852,2.4286610996271403,2.3175758660153587,5.994754229866351,0.9542607103029583,5.720558429483928,neutral,6.899999999999995,2.3999999999999995,2.1999999999999797,0.49603174603174605,0.44246031746031744,0.0333333333333332,NORMAL,47.09999999999998,-0.8906274754124772,-0.0999999999999872,0.11093725245875229,23.099999999999987,Low-Vol,안정,없음,안정,안정
2019-04-26,0.0112708774140239,NORMAL,9.138180726970148e-05,-0.7691249287945613,2.387748333736863,2.319127606506235,5.995541895826248,0.9712613233727043,5.823237956076694,neutral,4.299999999999993,1.29999999999999,2.400000000000002,0.498015873015873,0.46825396825396826,0.0399999999999999,NORMAL,47.09999999999998,-0.8892227273884789,-0.2000000000000028,0.11107772726115211,23.299999999999986,Low-Vol,안정,없음,안정,안정
2019-04-29,0.0092423737089863,NORMAL,9.709742129338736e-05,-0.9232404493571742,2.291839068475244,2.3175758660153587,5.998493436900785,1.0112297577496299,6.065855065059925,neutral,-0.20000000000000018,1.200000000000001,2.6000000000000023,0.5555555555555556,0.47023809523809523,0.0415,NORMAL,47.20000000000002,-0.8718209809457275,0.1000000000000085,0.11281790190542726,23.69999999999999,Low-Vol,안정,없음,안정,안정
2019-04-30,0.0060273001425263,NORMAL,0.0163542097889134,-1.114107063878845,2.320951483653565,2.319127606506235,6.003179996609104,0.9992141683442434,5.9984625077325635,neutral,-1.100000000000012,-0.4000000000000198,2.6999999999999913,0.5238095238095238,0.4722222222222222,0.0333333333333332,NORMAL,47.19999999999997,-0.870476035250195,-2.8421709430404014e-14,0.11295239647498051,24.2,Normal,안정,없음,안정,안정
2019-05-02,0.0128068073220415,NORMAL,0.0115746828511976,-0.6312886647114018,2.3787657126731667,2.320679346997111,5.993179372261819,0.9755813002656827,5.846833724716653,neutral,-0.40000000000000036,-1.6000000000000014,2.2000000000000295,0.45634920634920634,0.4444444444444444,0.0133333333333333,NORMAL,46.900000000000006,-0.9171659431684688,-0.4000000000000057,0.10828340568315313,21.90000000000001,Normal,안정,없음,안정,안정
2019-05-03,0.0153404786427058,NORMAL,0.0047827693539884,-0.4516268563735252,2.3848811070443,2.320815415325338,5.989570816423326,0.9731367356092809,5.828671391994811,neutral,2.299999999999991,0.3999999999999809,1.7000000000000182,0.4246031746031746,0.35912698412698413,0.0066666666666666,NORMAL,46.50000000000001,-0.979721435852352,-0.8999999999999915,0.1020278564147648,20.799999999999997,Normal,안정,없음,안정,안정
2019-05-07,0.0128100377529756,NORMAL,0.0015921807047691,-0.5985943374598496,2.384025785801912,2.320951483653565,5.993405049110737,0.9735429446594134,5.834837200047863,neutral,-0.8000000000000007,0.40000000000000036,1.7999999999999738,0.43253968253968256,0.3611111111111111,0.0,NORMAL,46.6,-0.9620409387969237,-0.599999999999973,0.10379590612030765,21.499999999999986,Low-Vol,안정,없음,안정,안정
2019-05-08,0.0116276597254387,NORMAL,0.0002743933346157,-0.4790606147892488,2.3193692427490995,2.320815415325338,5.995158889147653,1.0006235197697648,5.9988969892379185,neutral,0.9999999999999787,1.5999999999999819,1.9000000000000183,0.4384920634920635,0.2777777777777778,0.0,NORMAL,46.70000000000001,-0.9444196992968904,-0.6000000000000014,0.10555803007031096,20.699999999999985,Low-Vol,안정,없음,안정,안정
2019-05-09,0.0087544616937424,NORMAL,0.0001241419882184,-0.4527931232337538,2.350022396309852,2.320951483653565,5.999281872881781,0.9876295167646335,5.925067857049059,neutral,-1.100000000000012,0.6000000000000005,2.0000000000000018,0.45634920634920634,0.27976190476190477,0.0,NORMAL,46.80000000000002,-0.926855315713348,-0.3999999999999772,0.10731446842866521,21.199999999999996,Low-Vol,안정,없음,안정,안정
2019-05-10,0.0107855321428147,NORMAL,0.0001093922894901,-0.5904439638746745,2.3666320728877683,2.3226425022133323,5.996254474507006,0.9814125857676053,5.884799608746493,neutral,0.20000000000000018,1.3999999999999986,2.1999999999999797,0.4444444444444444,0.28174603174603174,0.0,NORMAL,46.79999999999997,-0.9253608074691558,-0.2000000000000312,0.10746391925308442,20.999999999999996,Low-Vol,안정,없음,안정,안정
2019-05-13,0.0109546153725825,NORMAL,0.0001014984373704,-0.6365474251777422,2.3647131794474854,2.3243335207730995,5.995975131722574,0.9829240776321886,5.893588325853951,neutral,0.7000000000000117,1.799999999999999,1.8999999999999906,0.42063492063492064,0.2837301587301587,0.0,NORMAL,46.49999999999998,-0.9719185904114088,-0.5000000000000213,0.10280814095885912,20.999999999999996,Low-Vol,안정,없음,안정,안정
2019-05-14,0.0099402022264225,NORMAL,0.0002034161685854,-0.6873373938543678,2.3461670869739866,2.3262566465885985,5.997601300606493,0.9915136306804696,5.946703440938251,neutral,-1.29999999999999,0.9000000000000091,1.8000000000000016,0.4384920634920635,0.2857142857142857,0.0,NORMAL,46.6,-0.9542702802801624,-0.5000000000000142,0.10457297197198377,21.299999999999986,Low-Vol,안정,없음,안정,안정
2019-05-15,0.0094327369779898,NORMAL,0.0004308431558605,-0.5526219802979692,2.08565905272423,2.3243335207730995,5.998314278979127,1.1144359945778863,6.68473733928484,neutral,-6.099999999999994,-1.0000000000000009,1.29999999999999,0.4226190476190476,0.21626984126984128,0.0,NORMAL,46.49999999999998,-0.968713257013578,-0.400000000000027,0.1031286742986422,20.399999999999995,Low-Vol,안정,없음,안정,안정
2019-05-16,0.0018188171969304,NORMAL,0.0007265775087525,-1.001235778857423,2.2725825791260856,2.3226425022133323,6.009528847673563,1.0220277685603385,6.1419053582867935,bull_flat,-11.199999999999989,-2.200000000000002,2.400000000000002,0.5357142857142857,0.21825396825396826,0.0029999999999996,NORMAL,47.09999999999998,-0.8709739702562403,0.1999999999999744,0.11290260297437597,22.199999999999996,Low-Vol,안정,없음,안정,안정
2019-05-17,0.002158507998007,NORMAL,0.0001892076902065,-0.9839367521456448,2.2287298719461863,2.320951483653565,6.009194314564821,1.0413785505673905,6.257846065379317,bull_flat,-12.5,-1.6999999999999904,2.6000000000000076,0.6349206349206349,0.22023809523809523,0.0059999999999999,NORMAL,47.50000000000001,-0.8055380909772949,0.3999999999999986,0.11944619090227052,22.199999999999996,Low-Vol,안정,없음,안정,안정
2019-05-20,0.0064039211685114,NORMAL,0.000274765120646,-0.8099581842274314,2.029026211861505,2.320815415325338,6.003172528387898,1.1438075081327486,6.866473810586333,neutral,-4.600000000000004,1.3999999999999986,2.60000000000003,0.6388888888888888,0.2222222222222222,0.0030000000000003,NORMAL,47.6,-0.7883604505718921,0.2000000000000241,0.12116395494281079,21.899999999999984,Low-Vol,안정,없음,안정,안정
2019-05-21,0.0035231748345998,NORMAL,0.0007270364392623,-1.0090672339572857,2.044627105366648,2.320679346997111,6.007530418352624,1.1350134901889413,6.818628067550642,neutral,-6.899999999999995,2.400000000000002,3.1999999999999806,0.6428571428571429,0.22420634920634921,0.0104999999999995,NORMAL,47.899999999999984,-0.7391304231941583,0.6999999999999673,0.12608695768058417,22.499999999999986,Low-Vol,안정,없음,안정,안정
2019-05-22,0.0031837737743218,NORMAL,0.0001587748740143,-1.0090672339572868,1.8883228426025915,2.3200242948731056,6.007889779665353,1.2,7.209467735598423,bull_steep,-10.099999999999998,0.09999999999999176,3.1000000000000414,0.6428571428571429,0.2261904761904762,0.0074999999999998,NORMAL,47.70000000000001,-0.7702561066113714,0.4999999999999929,0.12297438933886286,22.499999999999986,Low-Vol,안정,없음,안정,안정
2019-05-23,0.0,NORMAL,0.0001411529156918,-1.139422229339494,1.917749503427059,2.3193692427490995,6.012968986800034,1.2,7.215562784160041,bull_steep,-11.5,0.5000000000000088,3.69999999999997,0.6646825396825397,0.22817460317460317,0.0194999999999998,NORMAL,48.29999999999999,-0.672851700347164,1.29999999999999,0.1327148299652836,23.799999999999997,Low-Vol,안정,없음,안정,안정
2019-05-24,0.0,NORMAL,0.0001467606282227,-1.1761607348894334,1.928184310910681,2.318472554382229,6.016780902428043,1.2,7.220137082913651,bull_flat,-11.99999999999999,-1.3999999999999817,3.7999999999999865,0.6666666666666666,0.23015873015873015,0.0195000000000002,NORMAL,48.29999999999999,-0.6720183451162998,1.3000000000000185,0.13279816548837003,24.099999999999987,Low-Vol,안정,없음,안정,안정
2019-05-27,0.00085,NORMAL,0.0001680014270472,-1.0503801819362846,1.8330015648771556,2.3175758660153587,6.015402336557698,1.2,7.218482803869238,neutral,-8.200000000000006,-1.0000000000000009,3.299999999999992,0.6488095238095238,0.23214285714285715,0.012,NORMAL,47.899999999999984,-0.7354905414819203,0.8000000000000043,0.126450945851808,23.899999999999988,Low-Vol,안정,없음,안정,안정
2019-05-28,0.0001702890000001,NORMAL,9.328265209920724e-05,-1.084353987705324,1.8328220977785208,2.317235169613647,6.016273984800394,1.2,7.219528781760473,neutral,-8.299999999999997,-1.6999999999999877,2.7999999999999803,0.6408730158730159,0.23412698412698413,0.0075000000000002,NORMAL,47.6,-0.7827634774622559,0.5000000000000142,0.1217236522537744,24.0,Low-Vol,안정,없음,안정,안정
2019-05-29,0.0,NORMAL,0.0009343760812047,-1.5893196166222066,2.1189061229546544,2.3168944732119354,6.029162464856464,1.0934389438552385,6.592521037904299,bull_flat,-12.3,-3.0000000000000013,3.7000000000000197,0.6825396825396826,0.2361111111111111,0.018,NORMAL,48.40000000000002,-0.6530009710324727,1.2000000000000028,0.13469990289675274,26.0,Low-Vol,안정,없음,안정,안정
2019-05-30,0.0,NORMAL,0.000258531091659,-1.6010154039545812,2.100776798685364,2.315132609830503,6.028986452053723,1.1020364520777648,6.644162839246196,bull_flat,-10.399999999999988,-3.099999999999971,3.7000000000000197,0.6825396825396826,0.23809523809523808,0.0180000000000004,NORMAL,48.4,-0.6522122414831815,1.2000000000000313,0.13477877585168185,25.8,Low-Vol,안정,없음,안정,안정
2019-05-31,0.0,NORMAL,0.009865906880229,-1.8045233310005568,2.1455645803426764,2.313370746449071,6.043647135714257,1.0782107272108274,6.516325173204103,bull_flat,-20.300000000000008,-5.80000000000001,3.800000000000031,0.6984126984126984,0.19444444444444445,0.0285000000000001,NORMAL,48.80000000000002,-0.58699553714778,1.9000000000000128,0.141300446285222,28.29999999999999,Normal,안정,없음,안정,안정
2019-06-03,0.00153,NORMAL,0.0027315152859214,-1.6691133504817517,2.112487932073907,2.312858734838296,6.041858735912041,1.0948506259951398,6.614932819187502,bull_flat,-20.899999999999984,-4.499999999999971,4.699999999999971,0.7261904761904762,0.3392857142857143,0.0509999999999997,NORMAL,49.89999999999999,-0.4089855016325085,3.3999999999999844,0.15910144983674915,28.499999999999993,Low-Vol,안정,없음,안정,안정
2019-06-04,0.0003409103500002,NORMAL,0.0013013483384968,-1.5524501100082373,2.110992532834782,2.3123467232275208,6.0436104268422435,1.0953836582843555,6.620072098599931,bull_flat,-20.10000000000001,-4.80000000000001,4.699999999999998,0.7301587301587301,0.3412698412698413,0.0509999999999997,NORMAL,49.99999999999998,-0.3924461036161411,3.3999999999999844,0.1607553896383859,28.6,Low-Vol,안정,없음,안정,안정
2019-06-05,0.0,NORMAL,0.0017730369103943,-1.7760015871553911,2.155677937081755,2.3114359200598367,6.05129269148727,1.0722547558235618,6.4885273673275865,bull_flat,-22.4,-4.900000000000001,5.699999999999977,0.7380952380952381,0.34325396825396826,0.0614999999999994,NORMAL,50.799999999999976,-0.2628575156801193,4.099999999999966,0.17371424843198807,30.200000000000003,Low-Vol,안정,없음,안정,안정
2019-06-07,0.0003400000000002,NORMAL,0.0034340082344159,-1.7934686719093125,2.1705868718899626,2.310525116892152,6.050953091091224,1.0644702346699182,6.441059456850542,bull_flat,-20.500000000000007,-3.4000000000000004,5.800000000000033,0.7420634920634921,0.34523809523809523,0.063,NORMAL,51.00000000000002,-0.2302903404319049,4.200000000000003,0.17697096595680953,30.299999999999994,Low-Vol,안정,없음,안정,안정
2019-06-10,0.0011898555000002,NORMAL,0.0010535229935506,-1.6395636659716315,2.138223561744656,2.310510879894989,6.049890196271619,1.0805749787967716,6.537359970559001,bull_flat,-21.199999999999996,-2.5999999999999774,6.199999999999983,0.746031746031746,0.3472222222222222,0.0705000000000006,NORMAL,51.500000000000014,-0.149189294297475,4.7000000000000455,0.18508107057025253,30.400000000000006,Low-Vol,안정,없음,안정,안정
2019-06-11,0.0044179338833678,NORMAL,0.0002484596586011,-1.595213208534771,2.225711004080316,2.310496642897826,6.045245109892181,1.0380937321431558,6.275531057848136,bull_flat,-19.400000000000016,-1.5000000000000098,5.799999999999988,0.746031746031746,0.3492063492063492,0.0690000000000001,NORMAL,51.09999999999999,-0.213833860314496,4.6000000000000085,0.17861661396855041,30.000000000000004,Low-Vol,안정,없음,안정,안정
2019-06-12,0.0,NORMAL,0.0180474910247358,-1.939591886795028,2.7209518458378508,2.310510879894989,6.065730410488623,0.8491553731203662,5.150747569966018,bull_flat,-26.8,-2.5999999999999996,7.700000000000023,0.7579365079365079,0.4583333333333333,0.1120951203338223,NORMAL,53.0,0.0942845366715555,6.400000000000006,0.1,34.999999999999986,Normal,안정,없음,안정,안정
2019-06-13,0.00221,NORMAL,0.000925471340047,-1.893807053981125,2.776101014391452,2.310525116892152,6.062415785078805,0.8322914421752917,5.045696776829492,bull_flat,-25.2,-2.1999999999999993,7.0000000000000115,0.7579365079365079,0.4603174603174603,0.0988333333333333,NORMAL,52.19999999999998,-0.0355611426822536,5.700000000000003,0.1,34.59999999999999,Low-Vol,안정,없음,안정,안정
2019-06-14,0.0,NORMAL,0.000412741057108,-1.9245129026410777,2.6808237147327816,2.3114359200598367,6.0678093310565275,0.8622110836147372,5.231732458497862,bull_flat,-22.90000000000001,-2.3999999999999995,6.700000000000022,0.753968253968254,0.4623015873015873,0.0853333333333338,NORMAL,51.90000000000001,-0.0842344686685892,4.800000000000033,0.1915765531331411,35.099999999999994,Low-Vol,안정,없음,안정,안정
2019-06-17,0.0051000000000001,NORMAL,0.0003910197133702,-1.758451919115676,2.824046182714661,2.3123467232275208,6.0602707074528865,0.8188062707263305,4.962187657561518,bull_flat,-20.10000000000001,-2.2000000000000215,6.199999999999961,0.75,0.5615079365079365,0.0784999999999996,NORMAL,51.39999999999998,-0.1654005440482341,3.89999999999997,0.1834599455951766,33.699999999999996,Low-Vol,안정,없음,안정,안정
2019-06-18,0.0039130345,NORMAL,0.0001294426136556,-1.5899339786885855,2.703073299627275,2.312858734838296,6.0618542352384,0.8556404057400939,5.186767417376691,bull_flat,-23.299999999999986,-4.49999999999999,6.000000000000011,0.753968253968254,0.5634920634920635,0.0770000000000001,NORMAL,51.4,-0.1652595786023757,3.800000000000004,0.18347404213976243,33.59999999999999,Low-Vol,안정,없음,안정,안정
2019-06-19,0.0017073584031226,NORMAL,0.0001588589316365,-1.6648832506282585,2.7003849628096384,2.313370746449071,6.065118072561594,0.856681835482488,5.1958764828200765,bull_flat,-22.90000000000001,-5.0000000000000115,5.7000000000000215,0.75,0.5654761904761905,0.0680000000000004,NORMAL,51.10000000000001,-0.213937693752916,3.200000000000024,0.1786062306247084,34.3,Low-Vol,안정,없음,안정,안정
2019-06-20,0.0,NORMAL,0.0028150987562345,-1.695438926235013,2.865819438246515,2.315132609830503,6.079848370695144,0.8078431526192187,4.911563875229185,bull_flat,-28.300000000000015,-3.6000000000000005,6.400000000000011,0.7678571428571429,0.5674603174603174,0.0830000000000001,NORMAL,51.90000000000001,-0.0834618514632725,4.200000000000003,0.19165381485367275,37.9,Low-Vol,안정,없음,안정,안정
2019-06-21,0.0040799999999998,NORMAL,0.0005110068205932,-1.653332985963358,2.984957903256011,2.3168944732119354,6.073716261901538,0.776189999425001,4.714357821832974,bull_flat,-23.90000000000001,-3.1000000000000085,5.499999999999994,0.7420634920634921,0.4642857142857143,0.0523333333333336,NORMAL,50.90000000000001,-0.2463881561631724,2.6000000000000227,0.17536118438368276,35.399999999999984,Low-Vol,안정,없음,안정,안정
2019-06-24,0.0030620807999999,NORMAL,0.0001324690386376,-1.4420456281353176,2.986191906971679,2.317235169613647,6.0751220159445225,0.775983339919896,4.714193472353522,bull_flat,-22.90000000000001,-2.5999999999999996,4.400000000000031,0.7440476190476191,0.5734126984126984,0.0590000000000004,NORMAL,50.90000000000001,-0.2461727674647159,2.6000000000000227,0.1753827232535284,35.5,Low-Vol,안정,없음,안정,안정
2019-06-25,0.0066266149857718,NORMAL,0.0004342219657712,-1.160473070096828,3.053259690370622,2.3175758660153587,6.069244899107831,0.759049704590977,4.606858547758093,bull_flat,-21.299999999999986,-3.8999999999999897,2.1000000000000405,0.7222222222222222,0.5753968253968254,0.0410000000000004,NORMAL,49.30000000000001,-0.5070812280558559,1.400000000000027,0.14929187719441442,34.399999999999984,Low-Vol,안정,없음,안정,안정
2019-06-26,0.0101847864780224,NORMAL,0.0001551395860092,-1.1723648704816991,3.132075148658171,2.318472554382229,6.063880598351018,0.7402352894934523,4.488698410174094,bull_flat,-18.799999999999994,-3.000000000000011,1.3000000000000178,0.6904761904761905,0.621031746031746,0.0416666666666668,NORMAL,48.6,-0.6208206926274337,1.000000000000007,0.13791793073725664,33.699999999999996,Low-Vol,안정,없음,안정,안정
2019-06-27,0.0120452637026655,NORMAL,0.0001314529542188,-1.3057131987254365,2.994885992030944,2.3193692427490995,6.061362066601498,0.7744432505680287,4.694180941728607,bull_steep,-12.5,0.0,1.8999999999999906,0.7142857142857143,0.623015873015873,0.0356666666666664,NORMAL,49.0,-0.5547928812147546,0.5999999999999801,0.14452071187852455,33.19999999999999,Low-Vol,안정,없음,안정,안정
2019-06-28,0.0086657406509598,NORMAL,0.0189910017087739,-1.353910223289975,3.006287271352282,2.3200242948731056,6.066589690762985,0.7717240853797438,4.6817333804782475,bull_steep,-14.500000000000002,0.8999999999999897,2.300000000000013,0.7341269841269841,0.625,0.0431666666666669,NORMAL,49.500000000000014,-0.4724827423541335,1.1000000000000156,0.15275172576458665,34.5,Normal,안정,없음,안정,안정
2019-07-01,0.0106969015954956,NORMAL,0.0285387481687998,-1.4867019463612765,2.7731987990310705,2.320679346997111,6.063608747717843,0.836824012691746,5.074173403658018,neutral,-7.399999999999984,3.40000000000001,2.1999999999999797,0.7341269841269841,0.626984126984127,0.0438333333333329,NORMAL,49.49999999999999,-0.4720102088623955,0.6999999999999673,0.15279897911376045,34.099999999999994,Normal,안정,없음,안정,안정
2019-07-02,0.0069769048014793,NORMAL,0.0120092017910815,-1.5342757907899676,2.785087166735682,2.320815415325338,6.069155639163366,0.8333008183889257,5.057432361044596,bull_steep,-10.499999999999998,0.6999999999999895,2.0999999999999908,0.7361111111111112,0.628968253968254,0.02,NORMAL,49.49999999999999,-0.4715390907512518,-0.4000000000000057,0.15284609092487483,34.9,Normal,안정,없음,안정,안정
2019-07-03,0.0,NORMAL,0.0093658911050125,-1.8486120734406295,2.975248773322644,2.320951483653565,6.08220301213981,0.7800865273735129,4.744644626520865,bull_flat,-14.999999999999991,-0.8999999999999897,2.4000000000000297,0.746031746031746,0.6309523809523809,0.02,NORMAL,49.6,-0.4546927953449244,-0.3999999999999772,0.15453072046550756,36.5,Normal,안정,없음,안정,안정
2019-07-04,0.0,NORMAL,0.0018274389195109,-1.7847149945770615,2.9296083805105924,2.3226425022133323,6.085115793726514,0.7928167183248316,4.824381534208857,bull_flat,-13.100000000000001,-0.49999999999998934,2.6000000000000023,0.7579365079365079,0.5773809523809523,0.0133333333333333,NORMAL,49.90000000000001,-0.4050810979427675,-0.899999999999963,0.15949189020572327,36.19999999999999,Low-Vol,안정,없음,안정,안정
2019-07-05,0.0016999999999998,NORMAL,0.0003185378950459,-1.7500510816791974,2.9473047455527728,2.3243335207730995,6.082589504605231,0.7886301965483268,4.796913756539613,bull_flat,-12.3,-0.9000000000000188,2.8000000000000025,0.7678571428571429,0.5793650793650794,0.0133333333333333,NORMAL,50.0,-0.388297338525737,-1.000000000000021,0.1611702661474263,36.19999999999999,Low-Vol,안정,없음,안정,안정
2019-07-08,0.0011904335000001,NORMAL,0.00010519277025,-1.7607258423048708,2.936785747431329,2.3262566465885985,6.083319404328592,0.7921097576230299,4.818656658906196,bull_flat,-13.100000000000001,-2.0000000000000018,3.0000000000000027,0.7698412698412699,0.5813492063492064,0.0133333333333333,NORMAL,50.0,-0.3879349962654615,-1.5000000000000142,0.16120650037345385,36.3,Low-Vol,안정,없음,안정,안정
2019-07-09,0.0025496240052202,NORMAL,0.0032580388599563,-1.694588964986877,2.8964406469065844,2.328179772404097,6.08139019516822,0.803807174467948,4.88826506961525,bull_flat,-14.19999999999999,-2.39999999999998,2.9000000000000137,0.7599206349206349,0.5833333333333334,0.0133333333333333,NORMAL,49.90000000000001,-0.4039972067095848,-1.1999999999999744,0.15960027932904153,36.3,Low-Vol,안정,없음,안정,안정
2019-07-10,0.0066244227722498,NORMAL,0.0090461686285544,-1.6323708900745604,2.41179121030517,2.331506625034102,6.075406900612461,0.9667116353488535,5.873166540300782,neutral,-3.8000000000000034,-0.6999999999999909,2.8999999999999915,0.7757936507936508,0.5853174603174603,0.0066666666666667,NORMAL,50.0,-0.387182615604233,-3.0,0.16128173843957672,35.9,Normal,안정,없음,안정,안정
2019-07-11,0.0040828689112846,NORMAL,0.0034931484513381,-2.007311201469192,2.401994785041891,2.334833477664107,6.079404391745864,0.9720393617021894,5.909420364482136,neutral,-6.600000000000006,-0.5000000000000115,3.1999999999999806,0.7857142857142857,0.5873015873015873,0.0066666666666667,NORMAL,50.09999999999999,-0.3703766990484109,-2.0999999999999943,0.16296233009515892,36.9,Low-Vol,안정,없음,안정,안정
2019-07-12,0.0078152339464205,NORMAL,0.001057181820498,-1.905099782748806,2.4231123961159016,2.3355686755973144,6.074120603792961,0.9638713744113091,5.854670974717973,neutral,-2.200000000000002,2.3999999999999995,3.400000000000003,0.7896825396825397,0.5892857142857143,0.0066666666666667,NORMAL,50.30000000000001,-0.3371195961435082,-1.6000000000000014,0.16628804038564918,36.79999999999999,Low-Vol,안정,없음,안정,안정
2019-07-15,0.0100165981129098,NORMAL,0.000306617991337,-1.9177532677116969,2.336546033875873,2.3363038735305217,6.070824147878093,0.9998963596942494,6.070194965807248,neutral,-3.8999999999999924,1.8000000000000211,3.200000000000003,0.7916666666666666,0.5912698412698413,0.0,NORMAL,50.30000000000001,-0.3368176230997354,-1.099999999999966,0.16631823769002646,36.59999999999999,Low-Vol,안정,없음,안정,안정
2019-07-16,0.0084942608104663,NORMAL,0.0001565236399198,-1.738931960155223,2.3392475173372405,2.3364249537031974,6.073006850476428,0.9987933882100446,6.065679088810164,neutral,-4.100000000000015,2.0999999999999908,2.900000000000019,0.7896825396825397,0.5932539682539683,0.0,NORMAL,50.29999999999999,-0.3365164602344383,-1.1000000000000083,0.16634835397655617,36.7,Low-Vol,안정,없음,안정,안정
2019-07-17,0.0039237551390263,NORMAL,0.0001972413671631,-1.9090272604339351,2.394044145044337,2.336546033875873,6.08014474700186,0.9759828525770985,5.934117014260536,neutral,-5.499999999999994,3.0000000000000098,3.1999999999999806,0.8015873015873016,1.0,0.0644696370696632,NORMAL,50.4,-0.3197210656807511,-0.70000000000001,0.1680278934319249,38.5,Low-Vol,안정,없음,안정,안정
2019-07-18,0.0,NORMAL,0.999986203954038,-2.362528176088075,2.6272408981366984,2.3378967756065565,6.098920405090231,0.889867684864623,5.427232181051252,neutral,-7.299999999999995,0.20000000000000018,3.299999999999992,0.8055555555555556,1.0,0.171885717108823,NORMAL,50.500000000000014,-0.3029315716837168,-1.3999999999999986,0.16970684283162832,34.5,High-Vol,주의,금리,주의,안정
2019-07-19,0.0,NORMAL,0.1610920483439175,-2.4120622717762044,2.556987330928008,2.3392475173372405,6.103152716476422,0.9148451730843175,5.583439803264895,bull_steep,-11.299999999999999,0.0,3.500000000000014,0.8075396825396826,1.0,0.2210531171045028,NORMAL,50.500000000000014,-0.3026672632248404,-0.3999999999999986,0.16973327367751598,35.699999999999996,Normal,안정,없음,안정,안정
2019-07-22,0.00153,NORMAL,0.0080574218829376,-2.300517545970271,2.577820376740176,2.341989226205806,6.1008759913139485,0.9085152896368234,5.542739118286934,neutral,-9.799999999999986,0.9000000000000091,3.4000000000000306,0.8035714285714286,0.998015873015873,0.2138448497434005,NORMAL,50.4,-0.3189352059345105,-0.5000000000000142,0.16810647940654896,35.80000000000001,Normal,안정,없음,안정,안정
2019-07-23,0.00271908965,NORMAL,0.0010412951744188,-2.108060234449291,2.522196202560488,2.344730935074372,6.099072394084395,0.9296385954011204,5.669933093686366,bull_steep,-11.20000000000001,2.6999999999999913,3.3000000000000194,0.8055555555555556,0.9900793650793651,0.1871553614365014,NORMAL,50.4,-0.3186552883603979,1.0999999999999872,0.16813447116396021,33.60000000000001,Low-Vol,안정,없음,안정,안정
2019-07-24,0.0015307075083417,NORMAL,0.0002443463972157,-2.129200425523281,2.4432506388437814,2.3450227064608224,6.101180089777042,0.9597962113172952,5.85588953473252,bull_steep,-13.99999999999999,3.5000000000000195,3.800000000000031,0.8293650793650794,0.9920634920634921,0.2195298291414148,NORMAL,50.90000000000001,-0.2355953296244667,2.300000000000012,0.17644046703755334,32.60000000000001,Low-Vol,안정,없음,안정,안정
2019-07-25,0.0,NORMAL,0.0006224951052034,-2.2219711899191217,2.475750816472283,2.3453144778472725,6.109695600704793,0.9473144317444394,5.787802816113162,bull_steep,-18.500000000000007,0.6999999999999909,3.49999999999997,0.8214285714285714,0.996031746031746,0.2314132662176468,NORMAL,50.69999999999999,-0.268536290961474,1.6999999999999886,0.1731463709038526,32.49999999999999,Low-Vol,안정,없음,안정,안정
2019-07-26,0.0,NORMAL,0.0018126076385125,-2.1540900091363997,2.4641642118896847,2.345608981099625,6.1107265668603326,0.951888258818943,5.8167288718473396,bull_flat,-17.000000000000014,-0.6000000000000296,3.7000000000000197,0.8293650793650794,0.9940476190476191,0.2263936455503142,NORMAL,50.89999999999999,-0.2351450562875199,1.3999999999999773,0.17648549437124803,31.499999999999993,Low-Vol,안정,없음,안정,안정
2019-07-29,0.0,NORMAL,0.0008472294475908,-2.507198795373048,2.418481472242234,2.345903484351978,6.114092233796626,0.9699902650802749,5.930609946585639,bull_flat,-19.600000000000016,-2.3000000000000203,4.1999999999999815,0.8511904761904762,0.9821428571428571,0.2076731446475099,NORMAL,51.09999999999999,-0.2017594321194706,1.6000000000000014,0.17982405678805297,30.699999999999996,Low-Vol,안정,없음,안정,안정
2019-07-30,0.0,NORMAL,0.0006278525173431,-2.6216003929459304,2.405317573955457,2.3459595718263513,6.114929802944844,0.9753221766756172,5.964026645626768,bull_flat,-17.700000000000003,-1.4999999999999902,4.600000000000004,0.8591269841269841,0.9801587301587301,0.207296355460289,NORMAL,51.10000000000001,-0.2015934998100341,1.6000000000000227,0.1798406500189966,29.800000000000004,Low-Vol,안정,없음,안정,안정
2019-07-31,0.0,NORMAL,0.0056840872506288,-2.6402697091222347,2.1979895119715334,2.345903484351978,6.119663252266993,1.0672951220080071,6.531486737476218,bull_flat,-14.400000000000013,-0.7000000000000104,4.499999999999998,0.8531746031746031,1.0,0.2477155235091953,NORMAL,51.09999999999999,-0.201427976260964,1.4999999999999858,0.17985720237390362,30.099999999999994,Normal,안정,없음,안정,안정
2019-08-01,0.0034,NORMAL,0.0120449280148535,-2.4684041494739577,2.277643056920214,2.345608981099625,6.114490008120448,1.0298404633565863,6.296949223151979,bull_flat,-11.299999999999999,-0.6000000000000005,4.600000000000004,0.8690476190476191,0.998015873015873,0.2522270314110121,NORMAL,51.30000000000001,-0.1679966010728217,1.3999999999999986,0.18320033989271783,29.699999999999992,Normal,안정,없음,안정,안정
2019-08-02,0.0,NORMAL,0.0235905177472037,-2.602439395657977,2.557054226212164,2.345903484351978,6.130218036891639,0.9174242221006906,5.624010513802935,bull_flat,-18.399999999999995,-2.0999999999999908,4.499999999999971,0.8690476190476191,0.9841269841269841,0.229031525317499,NORMAL,51.29999999999999,-0.1678607407999102,1.29999999999999,0.18321392592000899,32.099999999999994,Normal,안정,없음,안정,안정
2019-08-05,0.0,NORMAL,0.0680592788189094,-2.895184662504556,3.202511350076443,2.3459595718263513,6.155379911377393,0.7325374730585589,4.5090464459958115,bull_flat,-27.700000000000014,-2.700000000000019,5.300000000000043,0.9007936507936508,0.9662698412698413,0.2194994533215037,NORMAL,52.100000000000016,-0.0344482840824851,2.100000000000016,0.1965551715917515,35.60000000000001,Normal,안정,없음,안정,안정
2019-08-06,0.00051,NORMAL,0.005074163463749,-2.88427025411834,3.1864680992234087,2.346015659300724,6.154890129101244,0.7362432593856767,4.531496369810228,bull_flat,-28.200000000000003,-2.10000000000002,6.000000000000011,0.9087301587301587,0.9642857142857143,0.2298711588244634,NORMAL,52.49999999999999,0.0322715587774395,2.59999999999998,0.20322715587774395,35.5,Normal,안정,없음,안정,안정
2019-08-07,0.0,NORMAL,0.0008568903623342,-2.879297556521184,3.067739610167312,2.346091373137355,6.156342798386246,0.7647622260252399,4.708138422668321,bull_flat,-31.100000000000016,-2.60000000000003,5.8999999999999995,0.9107142857142857,0.9623015873015873,0.2280164661585419,NORMAL,52.49999999999999,0.0322462710435504,2.499999999999993,0.20322462710435504,36.5,Low-Vol,안정,없음,안정,안정
2019-08-08,0.00323,NORMAL,0.0002010378187796,-2.7524651685494117,3.1636546155223417,2.3461670869739866,6.151486791479408,0.7416002604907039,4.5619442069662535,bull_flat,-27.699999999999992,-2.2999999999999994,6.100000000000022,0.9166666666666666,0.9603174603174603,0.229334955554903,NORMAL,52.6,0.0489204424739222,2.500000000000014,0.20489204424739224,36.59999999999999,Low-Vol,안정,없음,안정,안정
2019-08-09,0.0059456072000001,NORMAL,0.0001377151123171,-2.4871481330929046,3.130541402646551,2.347100489477843,6.14712527199795,0.7497426762966977,4.608762152958809,bull_flat,-28.29999999999999,-4.499999999999998,5.000000000000032,0.9027777777777778,0.9583333333333334,0.2135971704430606,NORMAL,52.100000000000016,-0.0346804851058982,1.8000000000000045,0.1965319514894102,37.19999999999999,Low-Vol,안정,없음,안정,안정
2019-08-12,0.005776112576612,NORMAL,0.0002286872918143,-2.5026824542146717,3.081912427459017,2.348033891981699,6.147466093375114,0.7618756039468688,4.683604442633063,bull_flat,-29.700000000000017,-4.50000000000002,4.899999999999993,0.9126984126984127,0.9563492063492064,0.2193069177371089,NORMAL,52.400000000000006,0.0155234949635385,2.0999999999999943,0.20155234949635387,38.99999999999999,Low-Vol,안정,없음,안정,안정
2019-08-13,0.0,NORMAL,0.0005912679547332,-2.850376802239781,3.2114269659910915,2.349028144145776,6.161696039751993,0.7314593073490098,4.5070299173321295,bull_flat,-34.399999999999984,-6.29999999999998,5.200000000000005,0.9285714285714286,0.9543650793650794,0.2316616570762338,NORMAL,52.8,0.0824659958042287,2.500000000000014,0.20824659958042288,41.39999999999999,Low-Vol,안정,없음,안정,안정
2019-08-14,0.00034,NORMAL,0.0002217756328625,-2.759748888794214,3.230263961839327,2.350022396309852,6.161241439372749,0.7275016605676208,4.482313378301713,bull_flat,-31.499999999999993,-6.499999999999999,5.00000000000001,0.9325396825396826,0.9285714285714286,0.1787335235428243,NORMAL,52.89999999999999,0.0991529414581695,2.499999999999993,0.20991529414581697,40.99999999999999,Low-Vol,안정,없음,안정,안정
2019-08-16,0.0,NORMAL,0.0033275851810994,-2.9504794946226904,3.102800093633595,2.352304592701125,6.1768082989353195,0.7581231538337401,4.682781388215264,bull_flat,-30.000000000000004,-5.00000000000001,5.399999999999983,0.9404761904761905,0.9265873015873016,0.1500052197252342,NORMAL,53.1,0.1326036541815119,2.59999999999998,0.2132603654181512,44.300000000000004,Low-Vol,안정,없음,안정,안정
2019-08-19,0.0020400000000002,NORMAL,0.0021660161730809,-2.7943170507912574,3.1606794739172965,2.354586789092397,6.173968094693022,0.744962217308976,4.599372961417387,bull_flat,-27.200000000000003,-3.8000000000000105,5.200000000000005,0.9444444444444444,0.9246031746031746,0.1624670694595628,NORMAL,53.49999999999999,0.1996050057511982,2.9999999999999787,0.21996050057511984,43.99999999999999,Low-Vol,안정,없음,안정,안정
2019-08-20,0.0044175724000001,NORMAL,0.0002381667892644,-2.645208533731505,3.1814056807114635,2.3578374261377,6.170394223618318,0.7411307022028114,4.573068603818415,bull_flat,-26.700000000000014,-3.500000000000018,5.200000000000005,0.9464285714285714,0.9226190476190477,0.1637144717546702,NORMAL,53.49999999999999,0.1994445327455044,3.0999999999999943,0.21994445327455045,43.599999999999994,Low-Vol,안정,없음,안정,안정
2019-08-21,0.0178179084013339,NORMAL,0.0123633935119186,-2.156499548962817,3.775666549728253,2.361088063183003,6.150040922660729,0.6253433750268381,3.8458873471298296,bull_flat,-19.500000000000007,-1.200000000000001,5.000000000000032,0.9365079365079365,0.9206349206349206,0.1443825910454396,NORMAL,52.90000000000001,0.0984740890653554,2.500000000000014,0.20984740890653555,42.39999999999999,Low-Vol,안정,없음,안정,안정
2019-08-22,0.0097306054676111,NORMAL,0.0025481494752214,-2.3090182337425,3.87007411869728,2.3629006213152444,6.162205382183412,0.6105569425400641,3.7623772774498314,bull_flat,-23.599999999999998,-4.49999999999999,5.200000000000005,0.9305555555555556,0.9186507936507936,0.1334602627222345,NORMAL,52.8,0.0815822346402116,1.8999999999999917,0.20815822346402116,43.99999999999999,Low-Vol,안정,없음,안정,안정
2019-08-23,0.0172270299965378,NORMAL,0.000967199816258,-1.9687898433786504,3.951348870289339,2.3647131794474854,6.153539744251188,0.598457199572542,3.682630162802902,bull_flat,-17.000000000000014,-3.7000000000000197,3.799999999999981,0.9126984126984127,0.9166666666666666,0.1190705695805011,NORMAL,52.2,-0.0194514348855629,1.5000000000000142,0.19805485651144372,43.8,Low-Vol,안정,없음,안정,안정
2019-08-26,0.0139191817598307,NORMAL,0.0048650856381897,-2.1877531957917737,4.18164850394271,2.365405727823215,6.171569015528442,0.5656634520077353,3.491031033627799,bull_flat,-23.499999999999986,-4.799999999999979,4.299999999999993,0.9325396825396826,0.9146825396825397,0.1298178320766223,NORMAL,52.69999999999999,0.0647707889076324,1.7999999999999972,0.20647707889076325,44.7,Low-Vol,안정,없음,안정,안정
2019-08-27,0.0292935077103167,NORMAL,0.0027274750940541,-1.7592753753762864,4.382032693433011,2.366098276198945,6.159001790720432,0.5399545009659148,3.3255807383566265,bull_flat,-17.39999999999999,-3.8999999999999897,3.599999999999981,0.9186507936507936,0.9126984126984127,0.1170283443118965,NORMAL,52.400000000000006,0.0141577382707592,1.3000000000000185,0.20141577382707593,43.99999999999999,Low-Vol,안정,없음,안정,안정
2019-08-28,0.0307053177078651,NORMAL,0.0012663468332821,-1.772429908984973,4.392802126924882,2.3663651745433567,6.157333761231807,0.538691501727144,3.316903370473206,bull_flat,-16.500000000000004,-4.400000000000009,2.200000000000024,0.9047619047619048,0.9107142857142857,0.1108860022113422,NORMAL,52.100000000000016,-0.0364554194031337,1.000000000000007,0.19635445805968665,43.8,Low-Vol,안정,없음,안정,안정
2019-08-29,0.0313989294872467,NORMAL,0.0001960947642606,-1.7270345136740035,4.393284348687327,2.3666320728877683,6.156705526327052,0.5386931245629243,3.3165749369909427,bull_flat,-14.19999999999999,-1.699999999999989,2.4000000000000243,0.9246031746031746,0.9087301587301587,0.1165824022038216,NORMAL,52.400000000000006,0.0142137278784744,1.3000000000000185,0.20142137278784744,44.300000000000004,Low-Vol,안정,없음,안정,안정
2019-08-30,0.037217617668221,NORMAL,0.0007756679992155,-1.48934131639305,4.422799780086909,2.367465742484379,6.149974721594175,0.5352866646018187,3.2919994561076447,bull_steep,-13.39999999999999,0.70000000000002,1.7000000000000348,0.9404761904761905,0.9067460317460317,0.1165472584903153,NORMAL,52.500000000000014,0.0310962503111558,1.2000000000000028,0.2031096250311156,44.300000000000004,Low-Vol,안정,없음,안정,안정
2019-09-02,0.0525812896749476,NORMAL,0.0238329599737864,-1.1802074274625092,4.528607895775941,2.3682994120809893,6.132093827274479,0.5229641131637872,3.206865010217732,neutral,-0.49999999999998934,2.2000000000000006,-0.3000000000000336,0.8234126984126984,0.9047619047619048,0.0952157960049504,NORMAL,50.69999999999999,-0.2732262671869613,-0.6000000000000014,0.1726773732813039,43.599999999999994,Normal,안정,없음,안정,안정
2019-09-03,0.0289716715677562,NORMAL,0.0039562357475944,-1.2487379501097136,3.9480708147011137,2.3690853027802765,6.135317156847791,0.6000615019261316,3.6815676279312495,neutral,7.800000000000007,2.1999999999999993,-0.9000000000000119,0.8214285714285714,0.9027777777777778,0.0949954990142826,NORMAL,50.6,-0.2899179719772308,-1.5000000000000142,0.17100820280227694,43.8,Low-Vol,안정,없음,안정,안정
2019-09-04,0.0313411779139721,NORMAL,0.0009287464751799,-1.2738429761453456,3.9531999030765177,2.3698711934795638,6.13189061222461,0.5994817493634075,3.675956511121465,neutral,8.800000000000008,0.9999999999999996,-1.0999999999999899,0.7777777777777778,0.8690476190476191,0.0806582582798554,NORMAL,50.0,-0.3912331315434062,-2.499999999999993,0.1608766868456594,43.900000000000006,Low-Vol,안정,없음,안정,안정
2019-09-05,0.0357298514321547,NORMAL,0.0003020952652108,-0.91674896899122,3.96771178919352,2.3698850737884403,6.125962569734144,0.597292646165246,3.6589923935857573,bear_steep,11.60000000000001,1.00000000000003,-2.8999999999999915,0.7936507936507936,0.8650793650793651,0.0380783975594467,NORMAL,50.10000000000001,-0.3739551470658699,-2.3999999999999844,0.162604485293413,42.900000000000006,Low-Vol,안정,없음,안정,안정
2019-09-06,0.0378052361928982,NORMAL,0.0009834381317432,-0.912564839671321,3.960525616366432,2.3698989540973168,6.122484541935486,0.5983799080364416,3.6635717371578913,bear_steep,11.099999999999998,1.1000000000000205,-1.7999999999999794,0.8154761904761905,0.8591269841269841,0.0238702017428058,NORMAL,50.4,-0.3227892749326556,-2.200000000000003,0.16772107250673446,42.7,Low-Vol,안정,없음,안정,안정
2019-09-09,0.0353680702760265,NORMAL,0.005033805936457,-0.9343078513637704,4.021164403241269,2.3707730860137275,6.129901126962402,0.589573777213078,3.614028961365927,neutral,6.699999999999995,1.7999999999999794,-1.2000000000000233,0.8412698412698413,0.8571428571428571,0.0238498190968848,NORMAL,50.69999999999999,-0.2716382044469683,-1.400000000000027,0.17283617955530317,42.99999999999999,Low-Vol,안정,없음,안정,안정
2019-09-10,0.0385785465014286,NORMAL,0.0188325310591909,-0.9909242438238098,4.031047271524255,2.3716472179301387,6.125681311579154,0.5883451763723303,3.6040150516617246,neutral,8.500000000000018,2.5000000000000218,-0.7999999999999785,0.8313492063492064,0.8551587301587301,0.0238294885863664,NORMAL,50.6,-0.2883905762871975,-1.8000000000000045,0.17116094237128027,42.900000000000006,Normal,안정,없음,안정,안정
2019-09-11,0.0380663986734348,NORMAL,0.0083735995073985,-0.8503493710325497,3.798670127405392,2.3752064653016527,6.118865524611166,0.6252731576152919,3.825962367596973,bear_steep,16.799999999999994,5.999999999999991,-0.8000000000000007,0.8293650793650794,0.8531746031746031,0.0238092099893343,NORMAL,50.6,-0.2881548783355908,-2.200000000000003,0.17118451216644093,42.599999999999994,Normal,안정,없음,안정,안정
2019-09-16,0.0940872661856487,NORMAL,0.9354846609224596,-0.2225235966665499,4.784500743904326,2.3787657126731667,6.083782715903261,0.49718159532189926,3.0247447962845806,bear_steep,30.499999999999993,10.599999999999989,-0.9000000000000119,0.7857142857142857,0.8511904761904762,0.0237889830851927,NORMAL,50.2,-0.3559015082447883,-2.6999999999999886,0.16440984917552118,40.19999999999999,High-Vol,주의,금리,주의,안정
2019-09-17,0.0821373449350679,NORMAL,0.0683991595782244,-0.1557375361109164,4.621505792431042,2.381395749237539,6.0930825649086575,0.5152856787797854,3.1396781853202334,bear_steep,32.800000000000004,10.80000000000001,-1.200000000000001,0.8452380952380952,0.8492063492063492,0.0237688076546557,NORMAL,50.70000000000001,-0.2705653865539831,-2.3999999999999844,0.1729434613446017,42.300000000000004,Normal,안정,없음,안정,안정
2019-09-18,0.081465528082719,NORMAL,0.0092757801290767,-0.3488825165444089,4.746588802830711,2.384025785801912,6.100776361033178,0.5022608624492934,3.0641811967027857,bear_steep,28.400000000000002,6.8000000000000105,-0.20000000000000018,0.8432539682539683,0.8472222222222222,0.0237486834797381,NORMAL,50.70000000000001,-0.2703472815607822,-2.799999999999983,0.1729652718439218,42.900000000000006,Normal,안정,없음,안정,안정
2019-09-19,0.0813528139801481,NORMAL,0.0027316830287726,-0.3454442679267328,4.765984186205183,2.3840782169676014,6.101449380742469,0.500227890782381,3.05211515444427,bear_steep,26.500000000000014,3.7000000000000184,-0.30000000000001137,0.8194444444444444,0.7936507936507936,0.0094879214445096,NORMAL,50.6,-0.2871612417688972,-2.8999999999999915,0.17128387582311028,42.50000000000001,Low-Vol,안정,없음,안정,안정
2019-09-20,0.071138607192617,NORMAL,0.0004526700132616,-0.4469476416803576,4.525239162042621,2.384130648133291,6.103262178541748,0.5268518552856182,3.2155150020592633,bear_steep,17.800000000000015,0.20000000000000018,1.0999999999999899,0.7936507936507936,0.7916666666666666,0.0094806729149398,NORMAL,50.4,-0.321013966150363,-2.500000000000014,0.1678986033849637,42.599999999999994,Low-Vol,안정,없음,안정,안정
2019-09-23,0.0648670859887907,NORMAL,0.0003793749928464,-0.4968367663329754,4.3238962692655365,2.3845058775887953,6.101634744148927,0.5514715731128839,3.3648781109160373,bear_steep,23.299999999999986,3.1999999999999806,2.0000000000000018,0.8174603174603174,0.7896825396825397,0.0094734409736993,NORMAL,50.6,-0.2866406351994672,-2.200000000000003,0.1713359364800533,42.300000000000004,Low-Vol,안정,없음,안정,안정
2019-09-24,0.0632975839582635,NORMAL,0.0001194771460687,-0.5633813873110624,4.3173182465629365,2.3848811070443,6.103675740666681,0.5523987278313174,3.3716627142391484,bear_steep,19.300000000000004,3.7000000000000197,1.4000000000000012,0.7876984126984127,0.7876984126984127,0.0094662255576113,NORMAL,50.4,-0.3205411277370077,-1.8000000000000045,0.16794588722629925,42.599999999999994,Low-Vol,안정,없음,안정,안정
2019-09-25,0.0469989620236126,NORMAL,0.0003297632533842,-0.5965302446836175,4.010679821623632,2.385854497677852,6.111301350031402,0.594875333806126,3.635462430589759,bear_steep,23.299999999999986,4.99999999999998,0.7999999999999785,0.7638888888888888,0.7857142857142857,0.0094590266038353,NORMAL,50.29999999999999,-0.3373545261886206,-2.3999999999999986,0.16626454738113794,42.99999999999999,Low-Vol,안정,없음,안정,안정
2019-09-26,0.0452764222912346,NORMAL,0.0001132515629021,-0.6072333290417576,3.923461817270428,2.386827888311404,6.109247837023169,0.6083474236463787,3.7165451820702566,bear_steep,19.500000000000007,6.500000000000019,1.000000000000023,0.8015873015873016,0.7837301587301587,0.009451844049865,NORMAL,50.500000000000014,-0.3028978054251177,-1.8999999999999917,0.16971021945748824,42.7,Low-Vol,안정,없음,안정,안정
2019-09-27,0.046128549459632,NORMAL,9.83199174617082e-05,-0.5145348686344451,3.92402854219997,2.3872881110241333,6.108065329216325,0.6083768467407025,3.7160055246748387,bear_steep,19.399999999999995,7.300000000000001,1.000000000000023,0.7996031746031746,0.7817460317460317,0.0094446778335259,NORMAL,50.500000000000014,-0.3026519968272383,-1.6000000000000014,0.16973480031727617,42.50000000000001,Low-Vol,안정,없음,안정,안정
2019-09-30,0.0491854575907415,NORMAL,0.0078694962061028,-0.2747711337231256,3.9258120179142586,2.387748333736863,6.103913263990282,0.6082176942861995,3.7125080515471196,bear_steep,20.799999999999997,7.80000000000001,0.7000000000000117,0.7619047619047619,0.7797619047619048,0.0094375278929728,NORMAL,50.30000000000001,-0.3366302631126512,-2.0999999999999943,0.1663369736887349,42.300000000000004,Normal,안정,없음,안정,안정
2019-10-01,0.0578246064041073,NORMAL,0.0101258855133862,-0.0871196312100446,3.971066408542252,2.38799077494497,6.093350636777092,0.6013474793088597,3.6642210459709394,bear_steep,22.199999999999996,6.6999999999999895,0.20000000000000018,0.7400793650793651,0.7777777777777778,0.0094303941666879,NORMAL,50.10000000000001,-0.3705968793454156,-2.4000000000000057,0.16294031206545845,40.900000000000006,Normal,안정,없음,안정,안정
2019-10-02,0.0548484722284756,NORMAL,0.0129492788915376,-0.125537708541093,3.743945990388669,2.3882332161530764,6.094093103960284,0.6378920054627036,3.887373271561658,bear_steep,15.300000000000002,8.300000000000018,0.30000000000001137,0.7599206349206349,0.7757936507936508,0.0094232765934786,NORMAL,50.30000000000001,-0.3360185272673354,-0.3999999999999772,0.16639814727326646,41.1,Normal,안정,없음,안정,안정
2019-10-04,0.0660219908942726,NORMAL,0.1568362601756236,-0.5028884761470914,4.752938149464141,2.3906329329921157,6.12578162620814,0.5029800215813122,3.081145774552576,bear_steep,4.200000000000004,6.000000000000011,0.7000000000000117,0.8412698412698413,0.7738095238095238,0.0109161751124749,NORMAL,50.70000000000001,-0.26715898838929,0.1000000000000085,0.173284101161071,44.199999999999996,Normal,안정,없음,안정,안정
2019-10-07,0.0681940379287585,NORMAL,0.038538448392093,-0.4865411576551147,4.752938149464141,2.3930326498311554,6.122135605684732,0.5034849128219673,3.082402911712439,bear_steep,4.1999999999999815,5.099999999999999,0.6999999999999895,0.8115079365079365,0.7757936507936508,0.0184090896631273,NORMAL,50.6,-0.2841060194103746,0.6000000000000014,0.17158939805896256,43.199999999999996,Normal,안정,없음,안정,안정
2019-10-08,0.0778387270992671,NORMAL,0.0080736225219882,-0.4227317476467079,4.819794710631524,2.393538397437746,6.111132889804516,0.49660588077705237,3.034824531286985,bear_steep,6.2000000000000055,5.699999999999991,0.20000000000000018,0.7321428571428571,0.7777777777777778,0.0109020201852052,NORMAL,50.2,-0.3525555574874853,0.0999999999999943,0.16474444425125148,42.199999999999996,Normal,안정,없음,안정,안정
2019-10-10,0.0840166025069183,NORMAL,0.0090426104198224,-0.2785020021286211,4.852009892817619,2.394044145044337,6.103737623857703,0.4934128738253845,3.011662722063753,bear_steep,7.800000000000007,6.6999999999999895,0.20000000000000018,0.7380952380952381,0.7797619047619048,0.0093949666187944,NORMAL,50.29999999999999,-0.3350844949780424,-0.1000000000000085,0.16649155050219577,41.99999999999999,Normal,안정,없음,안정,안정
2019-10-11,0.0877218360859623,NORMAL,0.016023370731455,-0.2558580248046209,4.822084611451777,2.394154061903456,6.096770936030358,0.4964977296785036,3.0270329281089583,bear_steep,13.5,8.90000000000002,0.09999999999998899,0.7698412698412699,0.7817460317460317,0.0093879289042944,NORMAL,50.4,-0.3176195245976655,-0.29999999999999,0.16823804754023347,41.900000000000006,Normal,안정,없음,안정,안정
2019-10-14,0.0875727861777431,NORMAL,0.004640231093059,-0.2972338485411334,4.818047213069674,2.3942639787625746,6.096770936030358,0.49693659544634083,3.0297085921671267,bear_steep,11.799999999999988,7.899999999999988,0.29999999999998916,0.8095238095238095,0.7837301587301587,0.0093809069824171,NORMAL,50.6,-0.2829566190388469,0.0,0.17170433809611532,42.1,Normal,안정,없음,안정,안정
2019-10-15,0.0885195437223467,NORMAL,0.0026839180440264,-0.2338784831564383,4.794393655752083,2.3948820731457983,6.094180252714325,0.4995171955211758,3.04414782883639,bear_steep,10.20000000000001,7.900000000000018,0.7000000000000117,0.8650793650793651,0.7857142857142857,0.0153739007941844,NORMAL,51.0,-0.2138689748562644,0.3999999999999986,0.17861310251437357,42.599999999999994,Low-Vol,안정,없음,안정,안정
2019-10-16,0.0604379503612768,NORMAL,0.9999979415666728,-0.050486586893301,3.687261143022302,2.395500167529022,6.085901239892133,0.6496692462540165,3.9538228712971057,neutral,-0.6000000000000005,2.200000000000002,0.29999999999998916,0.8234126984126984,1.0,0.3141666666666663,WARNING,50.69999999999999,-0.265390066001562,0.4999999999999858,0.1734609933998438,40.599999999999994,High-Vol,주의,금리+신용,주의,주의
2019-10-17,0.1122382800843288,NORMAL,0.4467465901959637,0.340303748407892,3.737280181882911,2.3955550938163377,6.073252468821115,0.6409888949266342,3.8928873886001,neutral,7.800000000000007,1.8000000000000016,-0.10000000000001119,0.7559523809523809,0.996031746031746,0.2999999999999999,NORMAL,50.4,-0.3168994745136708,-0.3000000000000113,0.16831005254863293,38.9,Normal,안정,없음,안정,안정
2019-10-18,0.1241069899976532,NORMAL,0.0179114466022515,0.4211687290041916,3.6412078678430495,2.395610020103653,6.071146336010358,0.6579163033399534,3.9943061544238376,bear_steep,11.899999999999999,5.299999999999991,-2.220446049250313e-14,0.7698412698412699,0.9920634920634921,0.2933333333333333,NORMAL,50.49999999999999,-0.2993952063541473,-0.2000000000000241,0.1700604793645853,37.9,Normal,안정,없음,안정,안정
2019-10-21,0.1626546188458537,NORMAL,0.0534138500814826,0.6113822171263836,3.924454370388728,2.398802402572772,6.053278618423887,0.6112448193238043,3.7000351954351562,bear_steep,19.699999999999985,11.799999999999992,0.0,0.75,0.9880952380952381,0.2933333333333333,NORMAL,50.4,-0.3164191386175826,-0.2000000000000028,0.16835808613824174,35.9,Normal,안정,없음,안정,안정
2019-10-22,0.1566771213241395,NORMAL,0.0194324887027767,0.5736107727572315,3.9178404362876433,2.401994785041891,6.0551760228673865,0.613091529403353,3.712377128666278,bear_steep,19.999999999999996,15.300000000000002,0.20000000000000018,0.7996031746031746,0.9841269841269841,0.2575281357914274,NORMAL,50.6,-0.2816199127960874,0.2000000000000028,0.17183800872039126,34.9,Normal,안정,없음,안정,안정
2019-10-23,0.1592541612925369,NORMAL,0.0024159218293984,0.5926700004235511,3.925141633381564,2.4024767438120693,6.055181097128329,0.6120738990359189,3.7062183034879292,bear_steep,19.199999999999996,13.5,-0.30000000000001137,0.7976190476190477,0.9821428571428571,0.25353797552035,NORMAL,50.6,-0.2813992284270957,0.0,0.17186007715729043,34.699999999999996,Low-Vol,안정,없음,안정,안정
2019-10-24,0.1664666010887923,NORMAL,0.0009657057269564,0.6622634992671281,3.9385109395623945,2.402958702582248,6.05800673776456,0.6101185802087017,3.696102469739662,bear_steep,18.700000000000006,11.60000000000001,0.20000000000002238,0.8551587301587301,0.9761904761904762,0.2397323835662247,NORMAL,50.90000000000001,-0.2292874277490986,0.5000000000000142,0.17707125722509015,34.19999999999999,Low-Vol,안정,없음,안정,안정
2019-10-25,0.1873034660549141,NORMAL,0.0006059904126202,0.7877633612739982,3.867309005932736,2.403790721768398,6.048642340337185,0.6215667581982216,3.7596350109838883,bear_steep,25.30000000000001,12.200000000000019,-0.09999999999998899,0.8412698412698413,0.9742063492063492,0.2389667737880719,NORMAL,50.8,-0.2464222054540507,0.5000000000000071,0.17535777945459494,33.399999999999984,Low-Vol,안정,없음,안정,안정
2019-10-28,0.2529183598008584,NORMAL,0.0276639177649393,1.0733860939431903,4.215809842910252,2.404622740954548,6.026031578631315,0.570382163939015,3.437140931784568,bear_steep,33.19999999999999,10.999999999999991,-1.6000000000000014,0.6190476190476191,0.8333333333333334,0.0883405349244018,NORMAL,49.49999999999999,-0.4713729509060118,-1.0000000000000284,0.15286270490939882,30.999999999999982,Normal,안정,없음,안정,안정
2019-10-29,0.2606468988180867,NORMAL,0.0045073570009824,1.11923553320394,4.208572079383747,2.404622740954548,6.023866376513588,0.5713630883819037,3.4418148968847118,bear_steep,33.9,14.09999999999998,-1.6000000000000236,0.6170634920634921,0.8313492063492064,0.088257891710967,NORMAL,49.49999999999999,-0.4709570209602378,-1.0000000000000284,0.15290429790397622,31.899999999999995,Low-Vol,안정,없음,안정,안정
2019-10-30,0.2582860945238715,NORMAL,0.002479669400198,1.1025985472248905,4.306699187862655,2.404622740954548,6.0298638525804265,0.5583447173954871,3.3667426287022812,bear_steep,29.699999999999992,11.29999999999998,-1.0999999999999899,0.6587301587301587,0.8293650793650794,0.0881755799944808,NORMAL,50.0,-0.3838615211319937,-0.3000000000000113,0.16161384788680064,32.399999999999984,Low-Vol,안정,없음,안정,안정
2019-10-31,0.2373155945020147,NORMAL,0.0115629045941659,0.9625959900028596,4.344809365329236,2.4049701574550024,6.0360269151639665,0.5535271988332131,3.3411050704325906,bear_steep,23.0,8.700000000000003,-0.6000000000000005,0.8273809523809523,0.8273809523809523,0.0970935975642243,NORMAL,50.70000000000001,-0.2620960742990423,0.6000000000000014,0.17379039257009576,32.79999999999998,Normal,안정,없음,안정,안정
2019-11-01,0.265514192675351,NORMAL,0.007334086446933,1.1842472828715442,4.338672486760026,2.405317573955457,6.0350754648172344,0.554390215277961,3.345786786158767,bear_steep,23.499999999999986,7.099999999999981,-0.40000000000000036,0.8432539682539683,0.8253968253968254,0.0970119422300657,NORMAL,50.89999999999999,-0.2271684009293878,0.5999999999999801,0.17728315990706123,32.699999999999996,Normal,안정,없음,안정,안정
2019-11-04,0.3440058525204547,WARNING,0.0335342611797446,1.803434961492293,3.392732170234981,2.405973835193768,6.011062733888687,0.7091552514229645,4.262776704370044,bear_steep,45.4,11.399999999999991,-1.8000000000000238,0.6845238095238095,0.8115079365079365,0.0470972494002204,NORMAL,50.29999999999999,-0.3312431478924899,-0.4000000000000199,0.16687568521075102,32.399999999999984,Normal,주의,금리,주의,안정
2019-11-05,0.3368773148128402,WARNING,0.0061699092779211,1.7596174409757102,3.4655408934552367,2.406630096432078,6.014068683039666,0.6944457360110975,4.176444353014772,bear_steep,43.10000000000001,14.099999999999998,-2.100000000000013,0.7063492063492064,0.6825396825396826,0.0,NORMAL,50.39999999999998,-0.3135951105399502,-0.2000000000000241,0.16864048894600497,33.699999999999996,Normal,주의,금리,주의,안정
2019-11-06,0.3407320972661489,WARNING,0.0012101908913474,1.7861998660570513,3.450625420046875,2.4078541607749493,6.013176752968359,0.6978022438443173,4.196008230853807,bear_steep,39.1,12.499999999999996,-2.200000000000002,0.6785714285714286,0.6746031746031746,0.0014999999999998,NORMAL,50.29999999999999,-0.3307444952451138,0.0999999999999872,0.16692555047548863,33.59999999999999,Low-Vol,주의,금리,주의,안정
2019-11-07,0.334118816258529,WARNING,0.0005373673841323,1.7331756738135542,3.4627757347933565,2.4090782251178204,6.012439435162305,0.695707261926272,4.1828977769343085,bear_steep,36.3,9.800000000000008,-1.8999999999999906,0.8214285714285714,0.5595238095238095,0.0060000000000002,NORMAL,50.70000000000001,-0.2608517492474646,0.4000000000000199,0.17391482507525355,33.399999999999984,Low-Vol,주의,금리,주의,안정
2019-11-08,0.3163442057389361,WARNING,0.0006646444389166,1.6173860064090018,3.548887891038245,2.410281949764956,6.017392709210766,0.679165424146384,4.086805071606489,bear_steep,31.499999999999993,7.799999999999993,-1.6000000000000014,0.75,0.5575396825396826,0.0015000000000002,NORMAL,50.500000000000014,-0.2954922897439602,0.1000000000000156,0.170450771025604,34.19999999999999,Low-Vol,주의,금리,주의,안정
2019-11-11,0.3079680256797099,WARNING,0.0005307040527358,1.5699829147440207,3.5994151571726483,2.411485674412091,6.0213036612544855,0.669965972001496,4.034068560128528,bear_steep,30.000000000000004,8.1,-1.29999999999999,0.8849206349206349,0.4662698412698413,0.0075000000000001,NORMAL,51.10000000000001,-0.1906729330491077,0.5000000000000071,0.18093270669508923,34.099999999999994,Low-Vol,주의,금리,주의,안정
2019-11-12,0.36302205997826,WARNING,0.0035299460419566,1.935164496211648,3.7012480114287474,2.4116384423586306,6.007262751652801,0.6515743973146224,3.914178606918754,bear_steep,34.3,5.999999999999983,-2.8000000000000025,0.625,0.46825396825396826,0.0,NORMAL,50.0,-0.3824033965608452,-1.0,0.16175966034391548,32.9,Low-Vol,주의,금리,주의,안정
2019-11-13,0.332960730261358,WARNING,0.0038369249616797,1.7195901689240551,4.017890910467961,2.41179121030517,6.021282032148247,0.6002629897246938,3.6143527545928866,bear_steep,25.69999999999999,6.7,-2.39999999999998,0.7440476190476191,0.47023809523809523,0.0,NORMAL,50.500000000000014,-0.2948301380185755,-0.1999999999999744,0.17051698619814246,33.399999999999984,Low-Vol,주의,금리,주의,안정
2019-11-14,0.3559263683048028,WARNING,0.000890448088239,1.939651694922784,3.942517897032435,2.4143199816380165,6.0216171893767285,0.6123802211412394,3.687519266058409,bear_steep,20.699999999999985,6.7,-2.9999999999999805,0.6388888888888888,0.4722222222222222,0.0,NORMAL,50.10000000000001,-0.3644586356828867,-0.29999999999999,0.16355413643171135,33.099999999999994,Low-Vol,주의,금리,주의,안정
2019-11-15,0.3539052317777182,WARNING,0.0002113060530725,1.917275730879256,3.9442529811039466,2.416848752970863,6.020514631983239,0.6127519620443863,3.6890821532646663,bear_steep,20.300000000000008,6.500000000000017,-2.8999999999999693,0.7896825396825397,0.4742063492063492,0.0015000000000005,NORMAL,50.60000000000002,-0.276791146851402,0.1000000000000369,0.1723208853148598,32.9,Low-Vol,주의,금리,주의,안정
2019-11-18,0.3409692219920078,WARNING,9.356635869172592e-05,1.8413168616550797,3.673443100216243,2.41704200789223,6.0224642342924675,0.6579772551124984,3.962644485892952,bear_steep,12.1,1.0999999999999899,-2.9999999999999805,0.7380952380952381,0.47619047619047616,0.0015000000000002,NORMAL,50.500000000000014,-0.2940675969337112,0.1000000000000156,0.1705932403066289,32.9,Low-Vol,주의,금리,주의,안정
2019-11-19,0.2825698693941434,NORMAL,0.0003373949218374,1.4570873079215565,3.8554779893439663,2.417235262813597,6.034158106769739,0.6269612404725217,3.7831832518276785,neutral,7.899999999999996,-2.7000000000000135,-1.9000000000000128,0.8591269841269841,0.4781746031746032,0.0059999999999999,NORMAL,51.0,-0.2063451595218906,0.3999999999999986,0.17936548404781094,33.19999999999999,Low-Vol,안정,없음,안정,안정
2019-11-20,0.2741848312410919,NORMAL,0.0059792983061177,1.3956942769380265,4.1363949470396,2.4178447660502007,6.0496582695590355,0.5845294748221859,3.536203571159037,neutral,1.7000000000000126,-4.500000000000001,-1.29999999999999,0.9067460317460317,0.4801587301587302,0.0135000000000001,NORMAL,51.500000000000014,-0.1186304656173355,0.9000000000000128,0.18813695343826647,33.399999999999984,Low-Vol,안정,없음,안정,안정
2019-11-21,0.2614041631528983,NORMAL,0.0099421503157429,1.3016545962911468,4.123549186651815,2.4184542692868045,6.049122681039366,0.586498222724126,3.5477997014697884,neutral,3.0999999999999917,-3.5000000000000195,-0.6000000000000005,0.9087301587301587,0.48214285714285715,0.0104999999999998,NORMAL,51.6,-0.1010203346267282,0.6999999999999886,0.18989796653732718,32.999999999999986,Low-Vol,안정,없음,안정,안정
2019-11-22,0.299688311544115,NORMAL,0.000852554532841,1.620894494820582,4.057416860386343,2.4184678707645193,6.04578834023371,0.5960609801710725,3.6036585239865464,neutral,1.0000000000000009,-1.0999999999999899,-1.0999999999999899,0.9067460317460317,0.48412698412698413,0.012,NORMAL,51.6,-0.1009485423810399,0.8000000000000043,0.18990514576189602,31.899999999999995,Low-Vol,안정,없음,안정,안정
2019-11-25,0.2964673393265666,NORMAL,0.0024690592267547,1.5968470048705603,3.620409979691892,2.418481472242234,6.036494529695618,0.6680131492864945,4.0324577214326665,neutral,-3.9999999999999813,0.8000000000000007,-1.100000000000012,0.878968253968254,0.4861111111111111,0.027,NORMAL,51.29999999999999,-0.1535262254565509,1.8000000000000045,0.18464737745434492,30.799999999999983,Low-Vol,안정,없음,안정,안정
2019-11-26,0.2831351261996098,NORMAL,0.0004169085384997,1.512638388446112,3.6215001253478856,2.4198191102877793,6.040666625253829,0.6681814238665333,4.03626122676515,neutral,-6.999999999999984,-4.59999999999999,-0.7000000000000117,0.8908730158730159,0.4880952380952381,0.0285000000000001,NORMAL,51.4,-0.1358542787691611,1.9000000000000128,0.1864145721230839,30.799999999999983,Low-Vol,안정,없음,안정,안정
2019-11-27,0.2596561363851588,NORMAL,0.0042604361409289,1.368136652405437,3.666907488104357,2.421156748333324,6.049506725378207,0.6602721110875268,3.9943205766036605,bull_flat,-8.199999999999985,-5.69999999999998,-0.49999999999998934,0.9126984126984127,0.49007936507936506,0.0285000000000001,NORMAL,51.90000000000001,-0.0478858633150382,1.9000000000000128,0.1952114136684962,30.999999999999982,Low-Vol,안정,없음,안정,안정
2019-11-28,0.2458547897209531,NORMAL,0.0072674265542876,1.266888832608602,3.633828631941221,2.4214936434872243,6.051093853693793,0.6663752996501772,4.032299479966547,neutral,-6.099999999999994,-2.499999999999991,0.20000000000000018,0.9682539682539683,0.49206349206349204,0.0392842892781264,NORMAL,52.70000000000002,0.0928428927812629,2.000000000000007,0.2092842892781263,31.399999999999984,Low-Vol,안정,없음,안정,안정
2019-11-29,0.1968398305610153,NORMAL,0.0073147506645894,0.9370896958830008,3.70687838597668,2.421830538641124,6.06084941075099,0.6533342307109505,3.9597603872279157,bull_flat,-10.20000000000001,-2.00000000000001,3.0000000000000027,1.0,0.49404761904761907,0.0688756764189416,NORMAL,53.69999999999999,0.2687567641894168,2.799999999999997,0.22687567641894169,32.399999999999984,Normal,안정,없음,안정,안정
2019-12-02,0.2350123705152969,NORMAL,0.012184558320898,1.1544843084665062,3.244505476875284,2.4224714673785126,6.04633931953392,0.7466381193202808,4.514427418309072,bull_flat,-13.900000000000002,-1.4000000000000012,2.6000000000000023,0.9880952380952381,0.6031746031746031,0.0615511679478608,NORMAL,53.2,0.1805116794786069,2.900000000000013,0.2180511679478607,32.099999999999994,Normal,안정,없음,안정,안정
2019-12-03,0.2566115816165796,NORMAL,0.0094220140422509,1.2563752560827457,3.467362868688238,2.4231123961159016,6.034326280985789,0.6988343844821198,4.216994692336983,neutral,-8.099999999999996,-1.899999999999985,2.6000000000000023,0.9503968253968254,0.6051587301587301,0.0404649801974598,NORMAL,52.6,0.0746498019745946,2.200000000000024,0.20746498019745946,31.799999999999983,Normal,안정,없음,안정,안정
2019-12-04,0.1995106284260255,NORMAL,0.0182799081880271,0.8977971565106996,3.843966564288567,2.423609154170455,6.054027418074206,0.630496939459985,3.817045758502622,bull_flat,-16.300000000000004,-3.899999999999987,3.200000000000003,0.9880952380952381,0.6071428571428571,0.0648036799747619,NORMAL,53.30000000000001,0.1980367997476162,3.0000000000000213,0.21980367997476163,32.699999999999996,Normal,안정,없음,안정,안정
2019-12-05,0.1961229166843736,NORMAL,0.0039923958810077,0.8671979335576762,3.847004986794413,2.424105912225008,6.052666674967256,0.6301280919952584,3.813955303380402,bull_flat,-16.1,-4.30000000000001,3.0000000000000027,0.9880952380952381,0.6091269841269841,0.062053899556566,NORMAL,53.400000000000006,0.2155389955656613,2.699999999999996,0.22155389955656615,32.3,Low-Vol,안정,없음,안정,안정
2019-12-06,0.2186221840913555,NORMAL,0.0008286099422286,1.0172308976563909,3.883741413691322,2.425342850746535,6.048071473326172,0.6244861828844973,3.776937068190079,bull_flat,-12.3,-3.499999999999992,3.200000000000025,1.0,0.6111111111111112,0.0813662462554472,NORMAL,53.90000000000001,0.3036624625544725,3.3999999999999986,0.23036624625544727,32.099999999999994,Low-Vol,안정,없음,안정,안정
2019-12-09,0.2024822231908952,NORMAL,0.0004652307832746,0.913189185614834,3.885004910922863,2.426579789268062,6.052246743311063,0.6246014728181233,3.78024222973078,bull_flat,-12.400000000000011,-3.599999999999998,3.7000000000000144,1.0,0.6091269841269841,0.0920761045627412,NORMAL,54.30000000000001,0.374094378960745,3.200000000000003,0.23740943789607452,32.49999999999999,Low-Vol,안정,없음,안정,안정
2019-12-10,0.163644489632718,NORMAL,0.0073163264853851,0.6729556420602012,3.719097230582488,2.4270270551168305,6.063989596230784,0.6525849970146405,3.957268632553077,bull_flat,-22.599999999999998,-5.199999999999982,5.300000000000016,1.0,0.6071428571428571,0.1608189692647161,NORMAL,55.90000000000002,0.6565230259804912,5.90000000000002,0.1,32.699999999999996,Low-Vol,안정,없음,안정,안정
2019-12-11,0.1120137917939502,NORMAL,0.001264958793906,0.2882231769522175,3.587712949850687,2.427474320965599,6.0630502656557965,0.6766077316934248,4.102306687388586,bull_flat,-16.599999999999994,-3.699999999999992,5.899999999999994,1.0,0.6051587301587301,0.1597881497865227,NORMAL,56.1,0.6912148311985634,5.59999999999998,0.1,32.9,Low-Vol,안정,없음,안정,안정
2019-12-12,0.1263967775669043,NORMAL,0.0082803012948684,0.4068746763175328,3.587712949850687,2.4275393640867,6.063491731206908,0.6766258611040019,4.10271531392487,bull_flat,-16.599999999999994,-3.299999999999992,5.299999999999994,0.996031746031746,0.6031746031746031,0.1624499938370573,NORMAL,56.00000000000001,0.6728332717039066,5.899999999999999,0.1,32.9,Normal,안정,없음,안정,안정
2019-12-13,0.1579435155469326,NORMAL,0.0016907888561273,0.6204625423352814,3.67888355490172,2.4276044072078,6.055991242902554,0.6598753048253664,3.996199067430072,bull_flat,-14.100000000000001,-2.9999999999999973,5.299999999999994,0.9940476190476191,0.6011904761904762,0.1548826284243327,NORMAL,56.00000000000001,0.6721596175766624,5.399999999999984,0.1,31.899999999999995,Low-Vol,안정,없음,안정,안정
2019-12-16,0.137888200039177,NORMAL,0.0009761068588248,0.5061909140686659,3.739472943442276,2.427894348723909,6.065454974685639,0.6492611085692127,3.938064020841044,bull_flat,-16.89999999999998,-1.9999999999999796,6.000000000000005,1.0,0.6805555555555556,0.1825948129658218,NORMAL,56.60000000000001,0.7776147963248856,6.099999999999994,0.1,33.79999999999998,Low-Vol,안정,없음,안정,안정
2019-12-17,0.1371729019624099,NORMAL,0.0004141114071172,0.5096479393256776,3.627740343519641,2.428184290240018,6.067241914305355,0.6693379515371237,4.061035274401323,bull_flat,-12.9,-0.6999999999999895,6.2999999999999945,1.0,0.6785714285714286,0.1782779778477174,NORMAL,56.7,0.7944464451438413,5.699999999999996,0.1,33.999999999999986,Low-Vol,안정,없음,안정,안정
2019-12-18,0.1347811808340983,NORMAL,0.0001453554731791,0.4893154477761646,3.3762132322283334,2.4284226949335794,6.067160202593673,0.719274088423259,4.363951124038439,neutral,-6.499999999999995,2.800000000000011,6.400000000000006,1.0,0.6765873015873016,0.1804965783392985,NORMAL,57.00000000000001,0.8466324500596527,5.499999999999993,0.1,34.099999999999994,Low-Vol,안정,없음,안정,안정
2019-12-19,0.166590308527249,NORMAL,0.0032946572911847,0.6750855386060497,3.572891354572505,2.4286610996271403,6.055074801187349,0.6797466977323549,4.1159171006294955,bull_steep,-1.6999999999999904,6.200000000000011,6.2000000000000055,0.9900793650793651,0.6746031746031746,0.1658185932165221,NORMAL,56.60000000000001,0.7748525988318862,5.000000000000007,0.1,33.999999999999986,Low-Vol,안정,없음,안정,안정
2019-12-20,0.1901751767158185,NORMAL,0.000647277730074,0.8408263381412266,3.5805174574574967,2.428891332457585,6.050659403156707,0.6783632146238231,4.104544763319247,neutral,-1.4000000000000012,4.999999999999999,6.400000000000028,0.996031746031746,0.6726190476190477,0.169003949316162,NORMAL,56.70000000000002,0.7917061598282836,5.100000000000016,0.1,33.9,Low-Vol,안정,없음,안정,안정
2019-12-23,0.167802462792413,NORMAL,0.0002036296139345,0.7009528778314531,3.519909538311281,2.4291215652880296,6.05817852430648,0.6901090891254636,4.1808040631685905,neutral,-8.300000000000018,1.200000000000001,6.600000000000006,1.0,0.6706349206349206,0.1864976747080453,NORMAL,57.100000000000016,0.861643413747116,5.800000000000026,0.1,33.999999999999986,Low-Vol,안정,없음,안정,안정
2019-12-24,0.1591790868608129,NORMAL,0.0001277523179426,0.646540445257558,3.508875963370006,2.429324675665815,6.060995817703676,0.6923370050768722,4.196251692212411,neutral,-7.600000000000007,2.9,6.999999999999984,1.0,0.6686507936507936,0.1979764683673327,NORMAL,57.49999999999999,0.931431350339994,6.099999999999994,0.1,34.099999999999994,Low-Vol,안정,없음,안정,안정
2019-12-26,0.1574675800218013,NORMAL,0.0001078248526372,0.620355666651391,3.4367212036443906,2.4295277860436006,6.058740585277331,0.7069318813138711,4.283116880342808,bull_steep,-3.0000000000000027,5.900000000000002,7.099999999999995,0.996031746031746,0.6666666666666666,0.187087569104396,NORMAL,57.400000000000006,0.9125423577106276,5.499999999999993,0.1,34.19999999999999,Low-Vol,안정,없음,안정,안정
2019-12-27,0.1643251554097864,NORMAL,0.0300213269442362,0.620355666651391,3.5704341472711696,2.431411032975652,6.048891965031073,0.6809847017718963,4.119202890857105,bear_steep,1.6000000000000014,7.599999999999979,7.299999999999973,0.9920634920634921,0.7003968253968254,0.1816403811918645,NORMAL,57.399999999999984,0.9114038119186492,4.699999999999967,0.2911403811918649,35.099999999999994,Normal,안정,없음,안정,안정
2019-12-30,0.164750414855525,NORMAL,0.0013005129203955,0.6237345583374695,3.4583651446433774,2.433294279907704,6.04914512618152,0.7035966932747417,4.256158507920338,bear_steep,5.300000000000016,7.80000000000001,7.399999999999984,1.0,0.7043650793650794,0.1830055095752029,NORMAL,57.7,0.9633884290853608,4.000000000000007,0.29633884290853607,36.5,Low-Vol,안정,없음,안정,안정
2019-12-31,0.2248567558628549,NORMAL,0.0373307639909049,1.1533296734474188,3.2035958415176946,2.434656192724634,6.04914512618152,0.7599760747508095,4.597205568593422,bull_steep,-0.49999999999998934,6.0,6.999999999999984,0.998015873015873,0.7023809523809523,0.1837127351814369,NORMAL,57.7,0.9621273518143704,4.499999999999993,0.29621273518143704,36.5,Normal,안정,없음,안정,안정
2020-01-02,0.190520531989005,NORMAL,0.0568707481662326,0.922103894972976,3.140717316658392,2.436018105541564,6.060452887895499,0.7756247570008619,4.700637298489118,neutral,-9.800000000000008,3.4999999999999867,7.400000000000007,1.0,0.7003968253968254,0.2023985117832493,NORMAL,58.00000000000001,1.013985117832492,5.400000000000006,0.1,37.9,Normal,안정,없음,안정,안정
2020-01-03,0.1198760350981757,NORMAL,0.0605452437598517,0.4437636292918386,3.191254496770493,2.4369494899840545,6.081302178692794,0.7636337034386367,4.643887304444628,bull_steep,-10.20000000000001,3.399999999999981,8.600000000000009,1.0,0.6984126984126984,0.2179169652085164,NORMAL,58.80000000000001,1.1541696520851636,5.5,0.1,39.5,Normal,안정,없음,안정,안정
2020-01-06,0.098509806656735,NORMAL,0.0064392625902094,0.289808314162583,3.1896213271368614,2.4378808744265443,6.084408875603039,0.7643167085965308,4.650415365556433,bull_steep,-12.00000000000001,2.6000000000000023,8.10000000000002,0.996031746031746,0.8134920634920635,0.2806028630067307,NORMAL,58.400000000000006,1.081587804008453,5.0,0.3081587804008453,39.5,Normal,안정,없음,안정,안정
2020-01-07,0.1283424248812535,NORMAL,0.0155544424272579,0.4304616408987772,3.6017941435667287,2.440565756635163,6.066183857266083,0.6775972360870012,4.110429415279081,neutral,-6.699999999999995,3.1999999999999975,7.600000000000007,0.9900793650793651,0.8690476190476191,0.3216411250039075,WARNING,58.00000000000001,1.009226451195107,4.099999999999994,0.3009226451195107,38.79999999999999,Normal,주의,신용,안정,주의
2020-01-08,0.1383855554795353,NORMAL,0.0201129436954281,0.4883765298612052,3.616351752802816,2.4432506388437814,6.061406232924202,0.67561199956563,4.095158785205493,neutral,-3.400000000000003,1.4999999999999902,7.000000000000006,0.9761904761904762,0.8670634920634921,0.3022414548307121,WARNING,57.60000000000001,0.9370557098497608,3.299999999999997,0.29370557098497607,39.1,Normal,주의,신용,안정,주의
2020-01-09,0.1667209403685214,NORMAL,0.0190991449916281,0.6356843191532906,3.670576464119416,2.443624867186476,6.046799088280689,0.6657332686223472,4.025555321743732,neutral,7.099999999999995,4.499999999999988,5.700000000000016,0.9503968253968254,0.8650793650793651,0.2485039037371458,NORMAL,56.70000000000002,0.7764953900834162,0.7999999999999972,0.27764953900834166,38.3,Normal,안정,없음,안정,안정
2020-01-10,0.1648279696467926,NORMAL,0.0040628952072132,0.5969410829323569,3.686800781165159,2.443999095529171,6.042161534586631,0.6629051149210132,4.005379786456476,neutral,8.499999999999996,4.0999999999999925,5.900000000000016,0.9365079365079365,0.8630952380952381,0.2419678984905988,NORMAL,56.60000000000001,0.7579398650228786,0.5000000000000142,0.27579398650228787,37.9,Normal,안정,없음,안정,안정
2020-01-13,0.15824156284808,NORMAL,0.00165940156522,0.5171293013444246,3.706821592117632,2.4444081925053056,6.03700804536727,0.6594350798277466,3.981014882317514,bear_steep,11.00000000000001,7.400000000000001,6.700000000000017,0.9583333333333334,0.8611111111111112,0.2595691418073346,NORMAL,57.100000000000016,0.8457462658436903,1.1000000000000083,0.28457462658436905,38.5,Low-Vol,안정,없음,안정,안정
2020-01-14,0.1466786316030355,NORMAL,0.0043677174070323,0.4412844716425309,3.6818580835453782,2.44481728948144,6.040829145741924,0.6640172527038978,4.011214773409186,bear_steep,6.699999999999995,8.29999999999999,7.700000000000018,0.9920634920634921,0.8591269841269841,0.2952812357332192,NORMAL,58.20000000000001,1.0396507156025752,2.200000000000003,0.30396507156025754,39.7,Low-Vol,안정,없음,안정,안정
2020-01-15,0.1032642866171154,NORMAL,0.0004754374050579,0.1231704642744415,3.606175259190827,2.446766693507071,6.045573755497089,0.6784935610855723,4.101882866172697,bear_steep,8.299999999999997,6.099999999999989,7.699999999999996,0.9880952380952381,0.8571428571428571,0.2760214380383667,NORMAL,58.1,1.0204925598752317,1.4999999999999858,0.3020492559875232,39.7,Low-Vol,안정,없음,안정,안정
2020-01-16,0.1090203557706252,NORMAL,0.0269993803963958,0.1618851064329262,3.5967236553051456,2.448716097532702,6.043296213667765,0.6808185260273918,4.114388020536206,neutral,9.600000000000009,3.3000000000000087,6.899999999999995,0.9623015873015873,0.8551587301587301,0.2545778696173866,NORMAL,57.49999999999999,0.9128197741162478,0.7999999999999972,0.2912819774116248,38.99999999999999,Normal,안정,없음,안정,안정
2020-01-17,0.1331457830900574,NORMAL,0.0073585823855871,0.3033069450068399,3.679799050577573,2.450917206907962,6.033851299700155,0.66604648058792,4.0188254225561355,bear_steep,13.5,5.899999999999989,7.099999999999973,0.9682539682539683,0.8531746031746031,0.2563343562340658,NORMAL,57.69999999999997,0.9471373811295636,0.6999999999999673,0.29471373811295637,38.79999999999999,Normal,안정,없음,안정,안정
2020-01-20,0.1512207699662723,NORMAL,0.0020550488222046,0.4214394385954602,3.5619738762007884,2.4531183162832217,6.028440433962038,0.6886963244378773,4.151764768962337,bear_steep,10.7,3.4999999999999867,6.999999999999962,0.9761904761904762,0.8511904761904762,0.2685835607636946,NORMAL,57.89999999999998,0.98137210684814,1.2999999999999687,0.298137210684814,37.39999999999999,Low-Vol,안정,없음,안정,안정
2020-01-21,0.0943424614674141,NORMAL,0.0089060153216434,0.0407353631930455,3.951761765672572,2.4548977879476155,6.0468656603450235,0.621216038191463,3.75640992899554,neutral,1.6000000000000014,1.29999999999999,8.299999999999997,1.0,0.8492063492063492,0.3060316755207236,WARNING,59.1,1.1925859702998682,2.3999999999999773,0.3192585970299868,38.7,Low-Vol,주의,신용,안정,주의
2020-01-22,0.0944590439137632,NORMAL,0.0022340192622153,-0.1484434332204882,3.943745881639357,2.456677259612009,6.037917533832976,0.6229299080981364,3.7611994144547025,neutral,8.10000000000002,2.399999999999997,8.400000000000007,0.9722222222222222,0.8472222222222222,0.2604232553247689,NORMAL,57.9,0.9782246142897624,0.799999999999983,0.2978224614289763,37.7,Low-Vol,안정,없음,안정,안정
2020-01-23,0.0921197645928275,NORMAL,0.0003324809559557,-0.2577509631849715,3.963819927929706,2.4568486387620823,6.042650742954104,0.6198184285443281,3.745346287740029,neutral,7.299999999999995,1.9000000000000128,8.699999999999996,0.9841269841269841,0.8452380952380952,0.263937748450162,NORMAL,58.19999999999999,1.0300826149171616,0.6999999999999957,0.30300826149171617,38.3,Low-Vol,안정,없음,안정,안정
2020-01-28,0.0990861043266006,NORMAL,0.0468152847223685,-0.5008070344631017,4.596783772664493,2.4570200179121557,6.067987754002303,0.5345085040813138,3.243391057175502,neutral,-3.8000000000000034,-2.300000000000013,8.799999999999986,0.9920634920634921,0.8432539682539683,0.2847486411591295,NORMAL,58.79999999999998,1.134894926928781,1.3999999999999773,0.3134894926928781,41.99999999999999,Normal,안정,없음,안정,안정
2020-01-29,0.0918835248731869,NORMAL,0.0054956091331716,-0.487906661571084,4.4948479278766325,2.459285866099173,6.073455843107515,0.5471343870939235,3.3229965402606387,bull_flat,-10.099999999999998,-6.099999999999989,8.499999999999975,1.0,0.8412698412698413,0.2908178538661439,NORMAL,59.19999999999999,1.2039475120496776,1.8000000000000045,0.3203947512049678,42.7,Normal,안정,없음,안정,안정
2020-01-30,0.0882156105033642,NORMAL,0.002704086753233,-0.5960037426682935,4.52437841034545,2.461551714286191,6.080984718035676,0.5440640660510632,3.3084452712888677,bull_flat,-13.00000000000001,-7.09999999999999,8.700000000000019,1.0,0.9642857142857143,0.353691079690855,WARNING,59.60000000000001,1.272725024085298,1.9000000000000128,0.3272725024085298,43.50000000000001,Low-Vol,주의,신용,안정,주의
2020-01-31,0.0892284568808182,NORMAL,0.0005306975704132,-0.9489000164691422,4.5295375620824485,2.4624280423249165,6.07976165552933,0.5436378457126247,3.305188528858186,bull_flat,-12.5,-6.7999999999999785,9.300000000000018,0.998015873015873,0.9682539682539683,0.3734251523425617,WARNING,59.60000000000001,1.270521907098535,1.9000000000000128,0.3270521907098535,43.599999999999994,Low-Vol,주의,신용,안정,주의
2020-02-03,0.0840906639121808,NORMAL,0.0011125745290567,-0.9523551202471942,4.439354504998745,2.463304370363642,6.082645712385215,0.5548789508902575,3.375132071525431,bull_flat,-9.099999999999998,-5.4999999999999885,8.90000000000002,0.9920634920634921,0.9662698412698413,0.3583633881359503,WARNING,59.3,1.2153277836328829,1.29999999999999,0.3215327783632883,44.499999999999986,Low-Vol,주의,신용,안정,주의
2020-02-04,0.0970248155968954,NORMAL,0.0151133079211073,-0.6485211986666756,4.428647767957123,2.4636702130745234,6.062683202975822,0.5563030392482494,3.372689091814761,neutral,7.299999999999995,1.1999999999999955,8.90000000000002,0.9880952380952381,0.9642857142857143,0.3423621802655495,WARNING,59.20000000000001,1.195678611254687,0.3999999999999986,0.31956786112546876,43.300000000000004,Normal,주의,신용,안정,주의
2020-02-05,0.0939655489526514,NORMAL,0.0019865762298016,-0.7442101378867377,4.4653048460795,2.464036055785405,6.069595422399272,0.5518181044120218,3.349312640536251,neutral,6.000000000000005,2.9999999999999973,8.699999999999996,0.9920634920634921,0.9503968253968254,0.3072261603558664,WARNING,59.400000000000006,1.2290857198490106,1.0,0.3229085719849011,43.499999999999986,Low-Vol,주의,신용,안정,주의
2020-02-06,0.0893616255662688,NORMAL,0.0003251096281395,-0.5799187984452382,4.211922301477583,2.464100133837545,6.06272364499157,0.5850298171391041,3.5468741053943402,neutral,1.6999999999999904,3.699999999999992,8.799999999999986,0.9861111111111112,0.9484126984126984,0.2893538758116717,NORMAL,59.3,1.209404253714057,1.29999999999999,0.3209404253714057,43.69999999999998,Low-Vol,안정,없음,안정,안정
2020-02-07,0.0858279508336083,NORMAL,0.0003576751669065,-0.6249518891073614,4.24455998587418,2.4641642118896847,6.07028024982679,0.5805464453536713,3.5240796213375383,bull_steep,-2.8999999999999915,5.3999999999999995,8.299999999999997,0.9900793650793651,0.9464285714285714,0.2980227855938152,NORMAL,59.400000000000006,1.2250970653808573,1.7999999999999972,0.32250970653808575,44.599999999999994,Low-Vol,안정,없음,안정,안정
2020-02-10,0.0777939481165369,NORMAL,0.0004315544751595,-0.8140485149529885,4.018064472512003,2.4658823968731327,6.0694069927955905,0.6136990617603303,3.7247893769202416,neutral,-8.400000000000007,3.599999999999981,8.999999999999986,0.9642857142857143,0.9444444444444444,0.2978674260221627,NORMAL,58.99999999999999,1.152510099512403,2.2999999999999687,0.31525100995124034,44.499999999999986,Low-Vol,안정,없음,안정,안정
2020-02-11,0.0762992205984779,NORMAL,0.0004123282003931,-0.6401789425441593,3.9820121863991806,2.4676005818565807,6.069564587707878,0.6196868483438673,3.7612293501762393,bull_steep,-10.399999999999988,2.200000000000019,8.399999999999984,0.9603174603174603,0.9424603174603174,0.2955342528823115,NORMAL,58.9,1.1331084829392437,2.29999999999999,0.3133108482939244,44.69999999999998,Low-Vol,안정,없음,안정,안정
2020-02-12,0.0767774689540655,NORMAL,0.0001140197214916,-0.5944903210395536,3.9461640267880136,2.4682935813962956,6.067045765578254,0.625491886460018,3.794887901150806,bull_steep,-11.60000000000001,0.49999999999998934,9.199999999999985,0.9801587301587301,0.9404761904761905,0.3005313356347275,WARNING,59.3,1.2019734670937348,2.199999999999981,0.3201973467093735,44.499999999999986,Low-Vol,주의,신용,안정,주의
2020-02-13,0.0759932531500416,NORMAL,0.0004172744487635,-0.6258329228689626,3.9426513921471673,2.468986580936011,6.068538028508659,0.6262249271781042,3.8002697849803906,bull_steep,-10.7,0.4000000000000059,9.199999999999985,1.0,0.9384920634920635,0.2997674434349984,NORMAL,59.80000000000001,1.288193288543907,1.6000000000000014,0.3288193288543907,44.899999999999984,Low-Vol,안정,없음,안정,안정
2020-02-14,0.0879936147085104,NORMAL,0.0031289374680546,-0.4369616621256152,4.072617159311172,2.4694554676003135,6.056882489395017,0.6063559060429801,3.6726264696529762,neutral,-4.200000000000004,1.8999999999999906,7.799999999999985,0.9365079365079365,0.9365079365079365,0.2517203603063007,NORMAL,58.3,1.02154632103858,0.2000000000000028,0.302154632103858,43.29999999999998,Low-Vol,안정,없음,안정,안정
2020-02-17,0.0846015599809072,NORMAL,0.0003592803578259,-0.3850525149138648,4.117673717295394,2.469924354264616,6.0643617802298415,0.5998348882987585,3.6376157710474275,neutral,-7.899999999999996,2.6999999999999913,7.5999999999999845,0.9404761904761905,0.9345238095238095,0.2699960453192407,NORMAL,58.59999999999999,1.0730926776156031,1.0999999999999943,0.3073092677615603,43.39999999999999,Low-Vol,안정,없음,안정,안정
2020-02-18,0.0766147546058484,NORMAL,0.003632381734902,-0.3818930134125041,4.175930403735449,2.4722235842220512,6.080104621839613,0.5920174296991637,3.5995279105234936,bull_flat,-18.100000000000005,-1.8999999999999906,7.699999999999996,0.9662698412698413,0.8988095238095238,0.2659541823581062,NORMAL,59.20000000000001,1.1773578757246548,1.5000000000000355,0.3177357875724655,44.39999999999999,Low-Vol,안정,없음,안정,안정
2020-02-19,0.0744308286091643,NORMAL,0.0005234146484265,-0.3887914413055101,4.121225545878314,2.4745228141794864,6.080009152477224,0.6004337269660686,3.6506425554097075,bull_flat,-20.300000000000008,-3.1999999999999975,7.499999999999996,0.9543650793650794,0.7837301587301587,0.2190237219756622,NORMAL,59.1,1.1579125499088303,1.200000000000017,0.31579125499088306,42.499999999999986,Low-Vol,안정,없음,안정,안정
2020-02-20,0.0603333088154486,NORMAL,0.0016634666464856,-0.5867571006095461,3.935279031102063,2.4751368153258846,6.091608884478884,0.6289609442593274,3.8313840760403464,bull_flat,-17.400000000000016,-1.3000000000000067,8.299999999999997,1.0,0.7162698412698413,0.2133389920498353,NORMAL,59.9,1.2970444897739837,0.8000000000000043,0.32970444897739837,42.69999999999998,Low-Vol,안정,없음,안정,안정
2020-02-21,0.0524034945487771,NORMAL,0.0078457284982342,-0.9458719446665468,4.042276586281547,2.475750816472283,6.10990571277864,0.6124644772884538,3.7421002086587074,bull_flat,-28.000000000000004,-2.499999999999986,8.700000000000019,1.0,0.7103174603174603,0.2208108346898218,NORMAL,60.00000000000001,1.3123873872429883,2.1000000000000085,0.3312387387242989,44.7,Low-Vol,안정,없음,안정,안정
2020-02-24,0.0482592880342153,NORMAL,0.0017839036233973,-0.9742827715055612,4.051432495199432,2.4787658991846016,6.11738850715764,0.6118245588743505,3.742768524854745,bull_flat,-28.800000000000004,-0.30000000000001137,8.699999999999996,1.0,0.6865079365079365,0.2057984351077633,NORMAL,60.1,1.327663055179519,1.9000000000000057,0.33276630551795194,47.40000000000002,Low-Vol,안정,없음,안정,안정
2020-02-25,0.0446446353989962,NORMAL,0.0012183519758824,-0.8134416979521669,3.538376077123219,2.4817809818969208,6.11349648364457,0.7013898262376524,4.287944236367965,bull_steep,-17.39999999999999,0.7000000000000117,7.499999999999973,0.9682539682539683,0.6785714285714286,0.160225498284364,NORMAL,59.399999999999984,1.2022083474422125,0.6000000000000014,0.32022083474422125,46.20000000000002,Low-Vol,안정,없음,안정,안정
2020-02-26,0.0389936583952992,NORMAL,0.0005212969885622,-0.9096785601308972,3.5739223624236134,2.482205053058027,6.1224676552135735,0.6945324496010452,4.252252458178651,bull_steep,-18.700000000000006,0.8000000000000007,7.199999999999984,0.9900793650793651,0.6666666666666666,0.1568038566059139,NORMAL,59.9,1.2882118618370686,0.70000000000001,0.32882118618370687,46.8,Low-Vol,안정,없음,안정,안정
2020-02-27,0.0469945642690463,NORMAL,0.0043676818368578,-0.6198406075184432,3.760948928409593,2.482629124219133,6.109600495045298,0.6601071089973487,4.032990719913122,bull_flat,-10.999999999999988,-0.29999999999998916,5.900000000000016,0.9761904761904762,0.6309523809523809,0.127290971550054,NORMAL,59.60000000000001,1.23328934343789,0.0,0.323328934343789,42.600000000000016,Low-Vol,안정,없음,안정,안정
2020-02-28,0.0479083521965643,NORMAL,0.1059247293364724,-1.131940946788368,4.414315825869998,2.4832225805697847,6.137996368262035,0.5625384948709186,3.45285923852529,bull_flat,-22.500000000000007,-2.600000000000033,7.099999999999995,1.0,0.5595238095238095,0.1459226463885546,NORMAL,60.3,1.3542264638855477,0.6999999999999886,0.3354226463885548,45.300000000000004,Normal,안정,없음,안정,안정
2020-03-02,0.0596421184379856,NORMAL,0.0080961930028684,-1.1660204209425893,4.555144575670807,2.483816036920436,6.128105906338898,0.5452771027700389,3.341515834076438,bull_flat,-17.499999999999982,-1.1999999999999815,7.400000000000007,0.9900793650793651,0.5357142857142857,0.1404108330878955,NORMAL,60.00000000000001,1.2991083308789542,0.70000000000001,0.3299108330878954,44.10000000000001,Normal,안정,없음,안정,안정
2020-03-03,0.0406532420436082,NORMAL,0.0058323643066718,-0.9430909665376224,4.045305921682564,2.4842424085670443,6.128802163264511,0.614104954399536,3.7637277729953302,bull_flat,-25.69999999999999,-3.599999999999998,7.499999999999973,1.0,0.5337301587301587,0.1677177049258506,NORMAL,60.79999999999999,1.4371770492585094,1.59999999999998,0.34371770492585096,44.39999999999999,Low-Vol,안정,없음,안정,안정
2020-03-04,0.0361186294633348,NORMAL,0.0843118117617871,-1.1660059100844908,4.2482070521450295,2.4846687802136525,6.148020693518281,0.5848746894196409,3.59582169366703,bull_flat,-30.200000000000003,-2.399999999999997,8.099999999999996,1.0,0.5317460317460317,0.1871953246639881,NORMAL,61.5,1.556953246639882,2.0999999999999943,0.35569532466398823,49.8,Normal,안정,없음,안정,안정
2020-03-05,0.0444828977650183,NORMAL,0.0059741273853794,-1.0972713231036544,4.301808065404473,2.484721735418054,6.138395480881693,0.5775993948684994,3.5455335152207974,bull_flat,-29.299999999999994,-3.299999999999992,7.5999999999999845,0.998015873015873,0.5297619047619048,0.1883540869734471,NORMAL,61.5,1.553540869734471,2.200000000000003,0.3553540869734471,49.30000000000001,Normal,안정,없음,안정,안정
2020-03-06,0.0541839875370402,NORMAL,0.0022120519779239,-0.9339645892653335,4.4148642465866965,2.4847746906224555,6.129855714700177,0.562820180154697,3.450006497669853,bull_flat,-23.099999999999987,-2.8999999999999915,7.099999999999973,0.9920634920634921,0.5277777777777778,0.1832672939592591,NORMAL,61.39999999999999,1.5326729395925935,1.9999999999999856,0.3532672939592594,49.30000000000001,Low-Vol,안정,없음,안정,안정
2020-03-09,0.0501783785410168,NORMAL,0.2146758523023739,-1.025543702757975,4.6864053107730825,2.4871553431409668,6.150897201990423,0.5307170801943886,3.2643862036161915,bull_flat,-31.699999999999996,-5.899999999999989,5.999999999999983,1.0,0.5257936507936508,0.2051693097165617,NORMAL,61.9,1.6166930971656162,2.900000000000013,0.36166930971656164,51.70000000000001,Normal,안정,없음,안정,안정
2020-03-10,0.0752233975489098,NORMAL,0.0274625054458816,-0.8056704736712258,5.0504064453425865,2.4895359956594776,6.133319906130277,0.4929377511695702,3.023344921731418,bull_flat,-24.70000000000001,-3.0000000000000195,6.499999999999995,1.0,0.5238095238095238,0.2289981817294838,NORMAL,62.59999999999999,1.7349818172948404,3.6999999999999886,0.37349818172948407,49.8,Normal,안정,없음,안정,안정
2020-03-11,0.0778503714773994,NORMAL,0.0060404783430162,-0.756047579740492,5.058146113475094,2.4897870211466753,6.129889293078914,0.4922331157088934,3.01733450568282,bull_flat,-24.4,-3.3000000000000087,6.599999999999984,0.998015873015873,0.5218253968253969,0.2225553104756144,NORMAL,62.59999999999999,1.7305531047561458,3.29999999999999,0.3730553104756146,50.500000000000014,Normal,안정,없음,안정,안정
2020-03-12,0.082426477497957,NORMAL,0.0142561203501553,-0.7948494311732114,5.100660431954406,2.4900380466338725,6.126226881906764,0.48817953671928155,2.9906986010464527,bull_flat,-22.199999999999996,-0.9000000000000175,8.499999999999996,1.0,0.5575396825396826,0.2760995687696028,NORMAL,64.5,2.05599568769603,4.699999999999989,0.4,50.6,Normal,안정,없음,안정,안정
2020-03-13,0.1687990840680853,NORMAL,0.6536122495747315,-0.1112807324567133,6.613564609354422,2.4915167485243925,6.080862774117031,0.376728269199989,2.2908329081357524,bull_steep,-8.299999999999997,9.800000000000008,9.499999999999996,1.0,0.5555555555555556,0.3495723530695679,WARNING,66.10000000000001,2.3257235306956776,7.800000000000011,0.1,47.30000000000001,High-Vol,주의,금리+신용,주의,주의
2020-03-16,0.1627393401890498,NORMAL,0.0770102331837101,-0.2131066353435149,6.653997611250425,2.492995450414913,6.092928848604917,0.37466130829380134,2.2827846937593628,bull_steep,-9.800000000000008,12.3,9.899999999999999,1.0,0.5119047619047619,0.3602340049783415,WARNING,66.6,2.4023400497834144,8.000000000000007,0.1,52.400000000000006,Normal,주의,신용,안정,주의
2020-03-17,0.1531381348215119,NORMAL,1.0,-0.4244409212591149,6.764495157574004,2.4956658694664964,6.114252983906702,0.3689360124195186,2.2557681148066817,bull_steep,-11.899999999999999,12.199999999999989,13.99999999999999,1.0,1.0,0.7369999999999999,SEVERE,71.0,3.143887446622373,11.79999999999999,0.1,43.7,High-Vol,위기,신용,주의,위기
2020-03-18,0.1693162424650196,NORMAL,0.9633695787295564,-0.3917529935648129,6.9284520181943305,2.4983362885180798,6.099353008371953,0.36059083355955573,2.1993707854628264,bull_steep,-5.699999999999994,17.7,15.399999999999991,1.0,1.0,0.7735000000000001,SEVERE,72.0,3.291437005468415,12.900000000000006,0.1,45.20000000000001,High-Vol,위기,신용,주의,위기
2020-03-19,0.2231404758958623,NORMAL,0.9792923673651668,-0.0380278039773543,7.693120645301096,2.498631186824461,6.05942909799498,0.3247877294567852,1.9680282185421654,bear_steep,14.200000000000014,18.3,18.69999999999998,1.0,1.0,0.8458333333333335,SEVERE,75.4,3.8356270294512407,15.500000000000009,0.1,44.39999999999999,High-Vol,위기,신용,주의,위기
2020-03-20,0.2112270679366662,NORMAL,0.4821457107174769,-0.0734381108544642,7.573457807230116,2.498926085130842,6.072343636292951,0.32995840852842734,2.0036208422689454,bear_steep,16.799999999999994,24.29999999999999,26.69999999999999,1.0,1.0,0.96,SEVERE,83.80000000000001,5.1700760563337935,23.800000000000004,0.1,52.1,Normal,위기,신용,안정,위기
2020-03-23,0.2690001947141706,NORMAL,0.9432981691257396,0.1998038051972835,7.832113380180349,2.500302234552354,6.046279180943234,0.3192372368969434,1.930197459231832,bear_steep,30.200000000000003,28.800000000000004,28.19999999999998,1.0,1.0,1.0,SEVERE,85.69999999999997,5.38270998506663,25.59999999999998,0.1,59.60000000000001,High-Vol,위기,신용,주의,위기
2020-03-24,0.2610578885607425,NORMAL,0.0767944118150675,0.1538507168640556,7.8522189287655,2.501678383973866,6.049259655575513,0.31859508842899414,1.9272644148980274,bear_steep,27.89999999999999,32.3,30.49999999999997,1.0,1.0,1.0,SEVERE,87.89999999999998,5.624313094642202,28.499999999999996,0.1,70.89999999999999,Normal,위기,신용,안정,위기
2020-03-25,0.2315370008278837,NORMAL,0.0124064215940161,-0.0822240846204558,7.961446575776756,2.5042030867244405,6.063335639081246,0.3145412159573675,1.9071689646742571,bear_steep,25.2,25.6,32.00000000000001,1.0,1.0,1.0,SEVERE,89.39999999999999,5.738876050145979,29.499999999999996,0.1,93.89999999999999,Normal,위기,신용,안정,위기
2020-03-26,0.2332989414179881,NORMAL,0.8310385435874424,-0.3926059424373,8.649701850657236,2.5067277894750144,6.098919132659879,0.3,1.8296757397979637,bear_steep,5.899999999999994,18.599999999999987,39.10000000000002,1.0,1.0,1.0,SEVERE,96.80000000000004,6.702951853183391,37.20000000000002,0.1,112.39999999999996,High-Vol,위기,신용,주의,위기
2020-03-27,0.2232933438221264,NORMAL,0.210761240527654,-0.3267010241714262,8.244518114927546,2.507145018085267,6.092044192615879,0.3040984303916834,1.852581076851259,bear_steep,19.900000000000006,24.30000000000002,40.2,1.0,1.0,1.0,SEVERE,97.9,6.67192345390776,37.6,0.1,120.00000000000001,Normal,위기,신용,안정,위기
2020-03-30,0.22770746449853,NORMAL,0.0195793412007529,-0.1647625478922754,8.230271467032704,2.507562246695519,6.0840365032112755,0.304675520939965,1.8536569910336587,bear_steep,18.999999999999993,21.99999999999997,39.599999999999966,0.996031746031746,1.0,1.0,SEVERE,97.59999999999998,6.447589327040552,37.59999999999997,0.1,126.6,Normal,위기,신용,안정,위기
2020-03-31,0.2262605365165292,NORMAL,0.0231129433689643,-0.0088133778544614,8.240017884497712,2.507751134741051,6.087329615724373,0.30433806939411956,1.8526061430152034,bear_steep,17.999999999999993,21.999999999999993,41.899999999999984,1.0,1.0,1.0,SEVERE,100.7,6.696174567604614,39.9,0.1,130.10000000000002,Normal,위기,신용,안정,위기
2020-04-01,0.2188341879681974,NORMAL,0.0207073924717144,0.0088168608570729,8.027983950892622,2.5079400227865825,6.088176037394586,0.312399730508645,1.901944553371259,bear_steep,24.6,18.299999999999976,42.29999999999998,0.998015873015873,1.0,1.0,SEVERE,100.7,6.511549456714735,39.19999999999999,0.1,132.70000000000002,Normal,위기,신용,안정,위기
2020-04-02,0.2138182774018294,NORMAL,0.009986797521691,-0.211824198484001,8.05000653808169,2.508435718587525,6.095359487201117,0.3116066684816983,1.899354663005053,bear_steep,18.100000000000005,17.30000000000001,45.4,1.0,1.0,1.0,SEVERE,103.4,6.682836592815267,41.900000000000006,0.1,137.20000000000005,Normal,위기,신용,안정,위기
2020-04-03,0.2186010469038476,NORMAL,0.0037147982394392,-0.1825383304031592,8.045587218109723,2.508931414388467,6.088135389404767,0.3118394402264562,1.8985207318548607,bear_steep,17.799999999999994,19.0,45.8,0.998015873015873,0.9900793650793651,1.0,SEVERE,103.4,6.499708052358064,42.000000000000014,0.1,135.4,Normal,위기,신용,안정,위기
2020-04-06,0.2070191854082758,NORMAL,0.0019962197151952,-0.3233848138699934,7.754134720467392,2.5091831213850497,6.089665882896603,0.32359292323899747,1.9705727845953023,bear_steep,25.69999999999999,24.29999999999999,48.09999999999999,1.0,0.9880952380952381,1.0,SEVERE,104.8,6.4989264727716,42.90000000000001,0.1,139.5,Low-Vol,위기,신용,안정,위기
2020-04-07,0.209803555877815,NORMAL,0.0022126630042093,-0.2821748032134988,7.664674607712013,2.5094348283816323,6.081121900664356,0.32740265657940637,1.990975465260719,bear_steep,22.500000000000007,26.00000000000002,48.70000000000001,1.0,0.9801587301587301,1.0,SEVERE,105.3,6.388877697235326,42.70000000000002,0.1,142.0,Low-Vol,위기,신용,안정,위기
2020-04-08,0.2061020700647685,NORMAL,0.0106220197702576,-0.4836594057410742,7.870925846697489,2.5094348283816337,6.097899291580542,0.3188233350507998,1.9441525889456177,bear_steep,14.19999999999999,20.399999999999995,50.199999999999974,1.0,0.9781746031746031,1.0,SEVERE,107.3,6.456957268177334,44.70000000000001,0.1,144.49999999999997,Normal,위기,신용,안정,위기
2020-04-09,0.2012331793449205,NORMAL,0.0145591090497589,-0.6097005122256564,8.065225875389523,2.509434828381635,6.116086759110308,0.3111425355164573,1.9029747416682135,bear_steep,5.099999999999993,12.7,52.49999999999999,1.0,0.9682539682539683,1.0,SEVERE,110.7,6.668868097181883,46.2,0.1,143.1,Normal,위기,신용,안정,위기
2020-04-10,0.1578216810868618,NORMAL,0.0013018011932974,-0.5507099058919894,6.862338100860839,2.509841123757244,6.115077536213193,0.3657413970090456,2.236537000913246,bull_steep,-12.600000000000012,5.299999999999999,54.100000000000016,1.0,0.9642857142857143,1.0,SEVERE,112.20000000000002,6.649328256974963,46.10000000000001,0.1,141.5,Low-Vol,위기,신용,안정,위기
2020-04-13,0.1607650806672891,NORMAL,0.0008770574027463,-0.5081007712327289,6.8297241217304965,2.510247419132853,6.108509023021728,0.3675474110507429,2.245166676791739,neutral,-5.499999999999994,4.80000000000001,54.90000000000001,1.0,0.9603174603174603,1.0,SEVERE,112.4,6.491103277614683,45.80000000000001,0.1,140.49999999999997,Low-Vol,위기,신용,안정,위기
2020-04-14,0.150161529100729,NORMAL,0.0002120764233091,-0.6095708337446397,6.56492073147318,2.5106378630006603,6.109688895741943,0.3824323195502269,2.3365424961288555,bear_steep,2.299999999999991,5.699999999999994,55.30000000000002,1.0,0.9583333333333334,1.0,SEVERE,113.0,6.385614640012153,41.99999999999999,0.1,140.49999999999997,Low-Vol,위기,신용,안정,위기
2020-04-16,0.1394530517438353,NORMAL,0.0003864569172618,-0.7694034265722337,6.512617308772745,2.511028306868468,6.122579650561291,0.38556362024926855,2.360643975334913,neutral,-9.099999999999998,-2.299999999999991,56.20000000000005,1.0,0.9563492063492064,1.0,SEVERE,114.10000000000002,6.336665803199829,42.10000000000002,0.1,140.79999999999998,Low-Vol,위기,신용,안정,위기
2020-04-17,0.1026952693839868,NORMAL,0.0002414487725993,-0.555099711130697,5.395268394865227,2.5150540652566735,6.115575471816152,0.4661592123295099,2.8508318448834884,bull_flat,-21.90000000000001,-3.200000000000003,55.099999999999994,1.0,0.9484126984126984,1.0,SEVERE,114.2,6.191011165703442,38.79999999999998,0.1,137.6,Low-Vol,위기,신용,안정,위기
2020-04-20,0.1017433812107824,NORMAL,0.0001262008084799,-0.619132113239462,5.342508281401361,2.519079823644879,6.113978137475755,0.47151631611212297,2.882840448172627,bull_flat,-16.700000000000003,-7.300000000000001,56.099999999999994,0.9920634920634921,0.9404761904761905,1.0,SEVERE,114.0,6.026611502069142,30.19999999999997,0.1,136.09999999999997,Low-Vol,위기,신용,안정,위기
2020-04-21,0.0783106490339689,NORMAL,9.842667461206312e-05,-0.5457323559434272,4.644861337231209,2.5206380131026833,6.110108807793457,0.5426723921548172,3.3157873630514936,bull_flat,-26.0,-14.199999999999996,57.10000000000004,1.0,0.9365079365079365,1.0,SEVERE,115.30000000000004,6.014677310442959,29.60000000000005,0.1,133.8,Low-Vol,위기,신용,안정,위기
2020-04-22,0.1050365769900808,NORMAL,0.0022733012105637,-0.1590277656096257,5.036665563644268,2.522196202560488,6.092401554043982,0.5007670592159703,3.0508740097814124,bull_flat,-17.599999999999994,-9.499999999999996,56.89999999999999,1.0,0.9325396825396826,1.0,SEVERE,115.69999999999996,5.918238393749114,27.8,0.1,131.4,Low-Vol,위기,신용,안정,위기
2020-04-23,0.1022443421264273,NORMAL,0.0002023936540857,-0.0829182244361443,4.903049534406331,2.522269236209579,6.08960506714576,0.5144286669979522,3.1326674172357682,bull_flat,-10.20000000000001,-0.7000000000000117,57.49999999999999,1.0,0.9246031746031746,0.8866666666666665,SEVERE,116.7,5.881465335163804,27.3,0.1,126.99999999999999,Low-Vol,위기,신용,안정,위기
2020-04-24,0.0651916897478399,NORMAL,0.0001501042175069,-0.0157201038530409,3.632832735512407,2.52234226985867,6.089830210417011,0.6943183057127172,4.228280593774859,bear_steep,4.400000000000004,9.300000000000002,58.699999999999996,1.0,0.9226190476190477,0.8,SEVERE,118.3,5.898293378582645,21.499999999999982,0.1,127.19999999999997,Low-Vol,위기,신용,안정,위기
2020-04-27,0.0764143307540199,NORMAL,0.0007273683606218,0.04033319722555,3.632832735512407,2.5225691688583574,6.082594538663747,0.6943807635840827,4.223636640329704,bear_steep,4.400000000000004,7.800000000000007,59.299999999999976,1.0,0.9206349206349206,0.8,SEVERE,118.89999999999998,5.824736680324785,20.999999999999982,0.1,127.1,Low-Vol,위기,신용,안정,위기
2020-04-28,0.0720421085517452,NORMAL,0.0001209655114711,0.0291193049922763,3.592960954568344,2.522796067858045,6.086163885741221,0.7021495918708451,4.273397488432275,bull_steep,-0.20000000000000018,6.300000000000022,59.800000000000054,1.0,0.9186507936507936,0.8,SEVERE,119.10000000000004,5.720811653792175,21.50000000000007,0.1,127.1,Low-Vol,위기,신용,안정,위기
2020-04-29,0.0606017994852017,NORMAL,0.002761047075859,-0.2495958570880231,3.707499512013317,2.527411254114427,6.096713089929052,0.6817023834864766,4.156143844837836,neutral,-3.299999999999992,3.100000000000019,61.999999999999986,1.0,0.9166666666666666,0.8,SEVERE,121.2,5.781257223438994,20.50000000000001,0.1,127.89999999999999,Low-Vol,위기,신용,안정,위기
2020-05-04,0.0574696713913702,NORMAL,0.0141205041676396,-0.2316495517671945,3.726872542409849,2.5320264403708093,6.101975692981922,0.6793971115345857,4.14566466046617,bull_steep,-4.599999999999982,7.100000000000034,63.39999999999997,1.0,0.9146825396825397,0.8,SEVERE,122.79999999999998,5.7938489884621385,22.099999999999994,0.1,128.99999999999997,Normal,위기,신용,안정,위기
2020-05-06,0.0589557070927559,NORMAL,0.0031561181046183,-0.2776795385458394,3.6880318528137,2.534466484681393,6.100241321896013,0.6872138272742355,4.192170186116601,bull_steep,-1.0000000000000009,8.899999999999997,64.9,1.0,0.9126984126984127,0.8,SEVERE,124.2,5.7872039673677085,20.8,0.1,129.2,Low-Vol,위기,신용,안정,위기
2020-05-07,0.0543360216756367,NORMAL,0.0037066089503172,-0.2754418973060674,3.663532951156651,2.536906528991976,6.107193861397975,0.6924754227175776,4.229081650789757,bull_steep,-6.800000000000006,5.200000000000005,65.8,1.0,0.9246031746031746,0.8,SEVERE,125.2,5.747522607043188,21.8,0.1,129.3,Low-Vol,위기,신용,안정,위기
2020-05-08,0.0454054240151278,NORMAL,0.0090902634888855,-0.4001517018878055,3.8346447032287134,2.542617076983472,6.120768371316436,0.6630645793188158,4.058464705234846,bull_steep,-11.7,2.100000000000002,67.8,1.0,0.9206349206349206,0.8,SEVERE,126.79999999999998,5.754937464726424,21.99999999999997,0.1,129.5,Low-Vol,위기,신용,안정,위기
2020-05-11,0.0513864834176411,NORMAL,0.0011545758539077,-0.3152852818930979,3.828824197693352,2.548327624974968,6.111952128975578,0.6655640200221754,4.067895429144079,bull_steep,-11.800000000000011,0.29999999999997806,68.29999999999998,1.0,0.9246031746031746,0.8,SEVERE,127.19999999999996,5.669157538027335,21.899999999999963,0.1,128.29999999999998,Low-Vol,위기,신용,안정,위기
2020-05-12,0.0450924617590799,NORMAL,0.0010379200109238,-0.4244825738401874,3.616813805722266,2.548389583608703,6.121959356825062,0.7045951825269031,4.313503070444437,bull_steep,-8.699999999999996,5.100000000000005,69.39999999999999,1.0,0.9226190476190477,0.8,SEVERE,128.7,5.669383373770364,21.39999999999999,0.1,130.5,Low-Vol,위기,신용,안정,위기
2020-05-13,0.0397751132550643,NORMAL,0.0006517285560502,-0.4863488943966084,3.310445986808873,2.5484515422424376,6.130311881252468,0.7698212121258728,4.7192441231354145,bull_steep,-4.600000000000004,8.400000000000002,70.09999999999998,1.0,0.9206349206349206,0.788,SEVERE,129.9,5.645822089691738,19.200000000000003,0.1,131.6,Low-Vol,위기,신용,안정,위기
2020-05-14,0.037942302985958,NORMAL,0.0003723433837053,-0.613171896254597,3.3098378080790454,2.5506826271344423,6.132589078836329,0.7706367426550126,4.7259984717561325,neutral,-6.2999999999999945,3.8000000000000034,71.8,1.0,0.9107142857142857,0.7684999999999997,SEVERE,130.1,5.550749724478212,17.899999999999977,0.1,130.1,Low-Vol,위기,신용,안정,위기
2020-05-15,0.0382758527944502,NORMAL,0.000133087753576,-0.5397232600354325,3.2462285809844045,2.5529137120264465,6.131986006014123,0.7864245071899055,4.822344072875054,neutral,-8.600000000000009,3.599999999999992,71.60000000000002,1.0,0.9027777777777778,0.7670000000000001,SEVERE,130.20000000000002,5.453767219342103,17.80000000000001,0.1,129.0,Low-Vol,위기,신용,안정,위기
2020-05-18,0.0401100648720875,NORMAL,9.816920350334229e-05,-0.3780505858962893,3.264078817417835,2.553467654302483,6.129042315158225,0.7822935036607033,4.794709986809836,neutral,-7.000000000000006,3.8999999999999977,70.9,0.996031746031746,0.8690476190476191,0.7565000000000006,SEVERE,130.10000000000002,5.348112556064103,17.100000000000037,0.1,127.49999999999999,Low-Vol,위기,신용,안정,위기
2020-05-19,0.0396102929386301,NORMAL,0.0001885096168797,-0.3826085738983902,3.049417545765269,2.554021596578519,6.130036082067668,0.8375440746464167,5.13417539790451,bull_steep,-2.0000000000000018,8.600000000000001,71.80000000000003,1.0,0.9087301587301587,0.7519999999999998,SEVERE,130.9,5.309374075218432,16.799999999999983,0.1,126.69999999999999,Low-Vol,위기,신용,안정,위기
2020-05-20,0.034111399810323,NORMAL,0.000165384025464,-0.358301665737782,3.0545910226721835,2.554137507578098,6.138080179862893,0.8361634957414743,5.132438580335614,bull_steep,-7.999999999999985,5.800000000000022,71.40000000000002,1.0,0.8968253968253969,0.7565000000000004,SEVERE,131.3,5.245014164014317,17.100000000000023,0.1,125.89999999999999,Low-Vol,위기,신용,안정,위기
2020-05-21,0.0314377913140651,NORMAL,0.0001292236727744,-0.2334154219038739,3.0562963482655072,2.554253418577677,6.142195440727375,0.8357348658376185,5.133246882604724,bull_steep,-10.199999999999987,5.500000000000011,72.10000000000001,1.0,0.8591269841269841,0.7715000000000005,SEVERE,132.10000000000002,5.20990722446399,18.10000000000004,0.1,125.0,Low-Vol,위기,신용,안정,위기
2020-05-22,0.0322744302527566,NORMAL,0.0002532069215048,-0.1597282933037065,3.0332325990599567,2.555414523844737,6.1414928079900335,0.8424723262689111,5.174037732711151,bull_steep,-11.099999999999998,8.700000000000003,72.7,1.0,0.8531746031746031,0.7624999999999997,SEVERE,132.8,5.169284706067943,17.499999999999986,0.1,124.89999999999999,Low-Vol,위기,신용,안정,위기
2020-05-25,0.0270894733764728,NORMAL,0.0002010097695937,-0.2611158970829876,2.433234797332017,2.554253418577677,6.149444438730761,1.0497356939734521,6.4552913254422215,bull_steep,-21.599999999999998,1.5000000000000124,74.30000000000004,1.0,0.8492063492063492,0.7700000000000007,SEVERE,133.70000000000002,5.142810021900682,18.000000000000043,0.1,124.39999999999998,Low-Vol,위기,신용,안정,위기
2020-05-26,0.0291018421136286,NORMAL,0.0003874167659635,-0.1551896268751214,2.428184290240021,2.554137507578098,6.14596682411992,1.0518713583002495,6.464766471355291,bull_flat,-21.699999999999985,-1.9999999999999796,73.80000000000003,0.998015873015873,0.8452380952380952,0.7550000000000003,SEVERE,133.70000000000002,5.06002698889789,17.00000000000003,0.1,122.89999999999999,Low-Vol,위기,신용,안정,위기
2020-05-27,0.0311121582346727,NORMAL,0.0005051483321353,-0.2400610525840247,2.468560202564285,2.554021596578519,6.14249207531583,1.0346199351044625,6.355144752342939,bull_flat,-20.599999999999994,-5.099999999999993,73.70000000000002,0.9920634920634921,0.8412698412698413,0.7249999999999999,SEVERE,133.3,4.956200500766562,15.0,0.1,121.8,Low-Vol,위기,신용,안정,위기
2020-05-28,0.0352218290302124,NORMAL,0.9999994225121211,0.024114065938339,2.304977451653614,2.553467654302483,6.142932896595447,1.1078059147479293,6.805177396748066,bull_flat,-23.30000000000001,-2.500000000000002,73.6,1.0,0.8373015873015873,0.7250000000000003,SEVERE,133.9,4.918841138051777,15.000000000000028,0.1,102.19999999999997,High-Vol,위기,신용,주의,위기
2020-05-29,0.0375229741911934,NORMAL,0.2264937115112761,0.0048307955817239,2.4904237644055294,2.5529137120264465,6.13535511925369,1.025092094170501,6.2893040276754695,bull_steep,-18.599999999999994,2.100000000000002,73.2,0.9841269841269841,0.8333333333333334,0.7114999999999996,SEVERE,133.20000000000002,4.803781667122689,14.099999999999966,0.1,102.30000000000001,Normal,위기,신용,안정,위기
2020-06-01,0.0489649423202613,NORMAL,0.0135382701924995,0.0578956621815971,2.453198771099955,2.5506826271344423,6.130241924377266,1.039737446954116,6.373842087663106,bull_steep,-12.3,5.200000000000005,72.50000000000003,0.9861111111111112,0.8313492063492064,0.6815000000000002,SEVERE,133.3,4.742073604661456,12.100000000000009,0.1,102.8,Normal,위기,신용,안정,위기
2020-06-02,0.0661701808425187,NORMAL,0.0027546101774944,0.1934506241225156,2.4480873307436126,2.5484515422424376,6.133763269677285,1.0409969898697768,6.385229100307854,bull_steep,-12.100000000000023,0.29999999999997806,71.6,0.9761904761904762,0.8293650793650794,0.6545000000000001,SEVERE,133.1,4.665056653103757,10.300000000000011,0.1,103.2,Low-Vol,위기,신용,안정,위기
2020-06-03,0.0777730664088541,NORMAL,0.0008039565343273,0.217387284138693,2.7150457978108853,2.5506826271344423,6.121998911266486,0.9394621001203857,5.751385954113127,neutral,-8.200000000000006,1.19999999999999,71.79999999999995,0.9801587301587301,0.8273809523809523,0.6364999999999992,HIGH,133.29999999999995,4.614688830244965,9.099999999999952,0.1,102.4,Low-Vol,경계,신용,안정,경계
2020-06-04,0.0690035794200707,NORMAL,0.0012233063917709,0.1518929057500615,2.6634761615524014,2.5529137120264465,6.12006632261093,0.9584894165294447,5.866018798680855,neutral,-4.800000000000004,1.19999999999999,71.7,0.9702380952380952,0.8253968253968254,0.6184999999999998,HIGH,133.1,4.542984422248872,7.899999999999991,0.1,100.70000000000002,Low-Vol,경계,신용,안정,경계
2020-06-05,0.1107134022812197,NORMAL,0.0002193315135491,0.4157254220027308,2.410961808512379,2.5506826271344423,6.115133413332362,1.0579523151834056,6.469519552290374,neutral,2.6000000000000023,4.600000000000004,71.10000000000001,0.9642857142857143,0.8234126984126984,0.5930000000000002,HIGH,133.0,4.479848984473625,6.200000000000017,0.1,99.20000000000002,Low-Vol,경계,신용,안정,경계
2020-06-08,0.0861638751198071,NORMAL,0.0001071885422525,0.2489960075085768,2.268659469703133,2.5484515422424376,6.1146921544514665,1.123329250720875,6.868812556248779,neutral,-0.8999999999999897,1.5000000000000124,69.89999999999996,0.9563492063492064,0.8095238095238095,0.5794999999999995,HIGH,132.49999999999994,4.396395699660393,5.299999999999969,0.1,97.00000000000001,Low-Vol,경계,신용,안정,경계
2020-06-09,0.0509774113903197,NORMAL,0.0079113833588792,0.070431611878456,2.453627818900868,2.548389583608703,6.128997589356247,1.038621083433218,6.365706116616766,neutral,-2.6999999999999913,-0.19999999999998908,71.70000000000003,1.0,0.8055555555555556,0.5794096621480078,HIGH,134.3,4.445338703735037,5.600000000000023,0.1,96.4,Normal,경계,신용,안정,경계
2020-06-10,0.0448950042092271,NORMAL,0.0013499828793756,0.0276973736745788,2.3452303219850097,2.548327624974968,6.1292993649564425,1.086600152269077,6.660097623264427,neutral,0.6000000000000005,2.200000000000002,72.00000000000001,1.0,0.7976190476190477,0.5898996105426828,HIGH,136.50000000000003,4.513627101338115,6.600000000000023,0.1,95.30000000000001,Low-Vol,경계,신용,안정,경계
2020-06-11,0.0383505944845263,NORMAL,0.0002355859532787,-0.5325294396148887,2.3570498956378354,2.542617076983472,6.132935414876482,1.078728575788346,6.615772685491617,neutral,0.20000000000000018,3.400000000000003,70.60000000000002,1.0,0.7956349206349206,0.588867901200588,HIGH,136.70000000000002,4.468510364805268,6.600000000000023,0.1,95.5,Low-Vol,경계,신용,안정,경계
2020-06-12,0.0391842954818706,NORMAL,0.0010141752752062,-0.3902280759311006,2.359276204798059,2.536906528991976,6.1316459585708865,1.0752901774843786,6.593298671063061,neutral,0.49999999999998934,3.7999999999999923,70.30000000000001,1.0,0.7896825396825397,0.5859707104435734,HIGH,136.9,4.424935172524664,6.699999999999989,0.1,93.9,Low-Vol,경계,신용,안정,경계
2020-06-15,0.0451843915376957,NORMAL,0.0004326404185481,-0.0498958930284163,2.4822527968296138,2.534466484681393,6.122600543315799,1.0210347986790336,6.251388213136588,bear_steep,3.0000000000000027,5.600000000000005,65.80000000000001,0.996031746031746,0.7857142857142857,0.5816495653374025,HIGH,136.8,4.3667140278174585,6.699999999999989,0.1,91.9,Low-Vol,경계,신용,안정,경계
2020-06-16,0.041528886349871,NORMAL,0.0001262389715636,-0.2979749944220345,2.5361543618968545,2.5361543618968545,6.12783766901485,1.0,6.12783766901485,neutral,1.0999999999999899,2.6999999999999913,64.50000000000003,0.9861111111111112,0.7837301587301587,0.5642599269699557,HIGH,136.50000000000003,4.299942223197093,5.600000000000023,0.1,91.7,Low-Vol,경계,신용,안정,경계
2020-06-17,0.0426941766624926,NORMAL,0.0001833408507569,-0.8390111506457132,2.4123530770641923,2.534090401133832,6.125819452395014,1.0504641402732773,6.434953664529447,neutral,5.099999999999993,4.499999999999993,61.60000000000001,1.0,0.7817460317460317,0.5648832705231801,HIGH,137.0,4.277694378643127,5.699999999999989,0.1,90.9,Low-Vol,경계,신용,안정,경계
2020-06-18,0.0362057078581288,NORMAL,0.0003647095782826,-0.8178939965132549,2.555983691571401,2.5361543618968545,6.135894671815952,0.9922419967936668,6.08829238127828,neutral,2.8000000000000025,4.200000000000004,54.49999999999999,1.0,0.7797619047619048,0.5715192833125231,HIGH,138.3,4.297636468023157,6.199999999999989,0.1,91.7,Low-Vol,경계,신용,안정,경계
2020-06-19,0.0378749330064496,NORMAL,0.0001790252642607,-1.239744973656988,2.562128021781897,2.5365304454444155,6.133467994307285,0.9900092516377542,6.072190058988273,neutral,3.299999999999992,2.599999999999991,52.90000000000001,1.0,0.7777777777777778,0.5646676630966856,HIGH,138.6,4.264725155090232,5.799999999999983,0.1,91.60000000000001,Low-Vol,경계,신용,안정,경계
2020-06-22,0.039542739313394,NORMAL,0.0005663327812655,-1.1646464671834549,2.4486516160618126,2.5361543618968545,6.13104302987435,1.0357350736466846,6.350136304077902,neutral,7.399999999999984,4.299999999999981,50.70000000000001,0.998015873015873,0.7757936507936508,0.5503281176334176,HIGH,138.6,4.217449632441857,4.899999999999977,0.4,91.5,Low-Vol,경계,신용,안정,경계
2020-06-23,0.0387095449776024,NORMAL,0.0001573389954503,-0.9808881063727884,2.4478293284158217,2.534090401133832,6.132717411415059,1.0352398231840112,6.348833288630832,bear_steep,5.699999999999994,6.899999999999995,50.30000000000003,1.0,0.7738095238095238,0.5660003642581886,HIGH,139.70000000000002,4.2273646989745854,6.0,0.1,92.5,Low-Vol,경계,신용,안정,경계
2020-06-24,0.0350419318267103,NORMAL,0.0001216168512502,-0.6137487622003531,2.4984784843664603,2.5320264403708093,6.138148993327834,1.0134273543735781,6.220568095059069,bear_steep,2.299999999999991,6.699999999999995,43.39999999999997,1.0,0.7718253968253969,0.5786841294843523,HIGH,140.2,4.2064195504717405,6.899999999999977,0.1,92.7,Low-Vol,경계,신용,안정,경계
2020-06-25,0.0318685245466108,NORMAL,0.0001096046011448,-0.836819917939765,2.5380214009300563,2.534090401133832,6.142720508336103,0.9984511557724517,6.133206391135324,neutral,0.10000000000001119,0.20000000000001128,42.40000000000003,1.0,0.7698412698412699,0.5703791486235326,HIGH,140.3,4.16609110382463,6.400000000000006,0.1,92.9,Low-Vol,경계,신용,안정,경계
2020-06-26,0.0290245745645809,NORMAL,0.0005685802426359,-1.056099103010808,2.455557606307527,2.5320264403708093,6.146924225317979,1.0311411281359715,6.338346380260713,neutral,-4.700000000000015,-3.200000000000025,43.30000000000007,1.0,0.75,0.5858166999367824,HIGH,140.90000000000003,4.151584208919232,7.700000000000017,0.1,91.9,Low-Vol,경계,신용,안정,경계
2020-06-29,0.0353908251887373,NORMAL,0.0003194097183632,-0.8219403476973204,2.567509544901034,2.534090401133832,6.137082984206861,0.986983828810463,6.05720166148003,neutral,-3.0000000000000027,-4.100000000000003,39.7,0.996031746031746,0.746031746031746,0.5728133598532741,HIGH,140.39999999999998,4.083697156727166,7.099999999999966,0.1,89.9,Low-Vol,경계,신용,안정,경계
2020-06-30,0.0367267594276088,NORMAL,0.0362541233266314,-0.7592335131046675,2.5488645562908605,2.5361543618968545,6.135181889810197,0.9950133896433861,6.10458812825876,neutral,-0.49999999999998934,0.40000000000001146,40.1,0.996031746031746,0.7420634920634921,0.5778656263368209,HIGH,140.79999999999998,4.061553634213457,7.699999999999989,0.1,88.6,Normal,경계,신용,안정,경계
2020-07-01,0.0415662279656197,NORMAL,0.0415726841838171,-0.5101202582761271,2.390023122548358,2.534090401133832,6.128171262770754,1.0602786128829844,6.497568925999942,neutral,-2.400000000000002,-0.5000000000000004,36.999999999999986,0.9900793650793651,0.7380952380952381,0.5649702089850017,HIGH,140.39999999999998,4.0016084092901,7.100000000000023,0.1,87.7,Normal,경계,신용,안정,경계
2020-07-02,0.0374045562000469,NORMAL,0.0089422111061733,-0.755998341980571,2.4408529570407858,2.5320264403708093,6.134514152256362,1.037353124065515,6.363657420467251,neutral,-5.499999999999994,1.1102230246251565e-14,36.999999999999986,0.9880952380952381,0.7361111111111112,0.5673605223240789,HIGH,140.39999999999998,3.962565987704368,7.299999999999983,0.1,88.9,Normal,경계,신용,안정,경계
2020-07-03,0.0390727623272766,NORMAL,0.0056207671898957,-0.6886107784132609,2.401726352789639,2.527411254114427,6.131960290652042,1.0523310664342769,6.452852311994502,neutral,-6.499999999999995,-0.8999999999999897,35.299999999999976,0.9722222222222222,0.7341269841269841,0.5637578203114426,HIGH,140.09999999999997,3.910502457951443,7.099999999999966,0.1,88.7,Normal,경계,신용,안정,경계
2020-07-06,0.0429063750769269,NORMAL,0.0016325259713156,-0.7573140459860779,2.471580572491173,2.522796067858045,6.126095586103553,1.0207217583504673,6.253039058470655,neutral,-4.300000000000015,0.49999999999998934,34.19999999999999,0.9642857142857143,0.7321428571428571,0.5616619705963556,HIGH,139.5,3.8459557219916527,7.000000000000057,0.1,88.4,Low-Vol,경계,신용,안정,경계
2020-07-07,0.0392466099983206,NORMAL,0.0097745498968101,-0.5717895219399889,2.1816157701165118,2.5225691688583574,6.131594620807869,1.1562848066154365,7.089869700365077,neutral,-0.9000000000000119,0.8999999999999897,32.00000000000003,0.9603174603174603,0.7222222222222222,0.5278612914748291,HIGH,139.3,3.8019208917864784,5.0,0.4,88.3,Normal,경계,신용,안정,경계
2020-07-08,0.0374133055786691,NORMAL,0.0040582534334257,-0.3006306343409116,2.19388504232728,2.52234226985867,6.134308763094721,1.149714876210178,7.052706040196457,neutral,-2.0999999999999908,-1.9999999999999907,28.600000000000026,0.9583333333333334,0.7182539682539683,0.4911052196714506,WARNING,139.3,3.7683340073007,2.799999999999983,0.4,87.7,Normal,주의,신용,안정,주의
2020-07-09,0.0397487837450303,NORMAL,0.0008426815589898,-0.2606403102838426,2.192667205410848,2.522269236209579,6.1309597700193335,1.1503201352149435,7.052566471646019,neutral,0.8000000000000007,0.5000000000000004,27.29999999999999,0.9623015873015873,0.7142857142857143,0.4873911188775097,WARNING,139.5,3.744775563897361,2.799999999999983,0.4,86.6,Low-Vol,주의,신용,안정,주의
2020-07-10,0.0407485118653203,NORMAL,0.000213322671227,-0.3568464682079972,2.193885042327281,2.522196202560488,6.12930550981087,1.1496482969248623,7.046545640686242,neutral,0.9000000000000119,0.10000000000001119,26.399999999999977,0.9484126984126984,0.7123015873015873,0.4734099568976324,WARNING,138.79999999999998,3.680864178927444,1.8999999999999773,0.4,86.6,Low-Vol,주의,신용,안정,주의
2020-07-13,0.0445788485246236,NORMAL,0.0001703301962918,-0.2165683352108663,2.100275671129113,2.5206380131026833,6.123573125625108,1.2,7.34828775075013,neutral,-0.40000000000000036,-0.30000000000000027,25.900000000000034,0.9484126984126984,0.7103174603174603,0.475933541675648,WARNING,138.90000000000003,3.6548484879218015,2.1000000000000227,0.4,86.0,Low-Vol,주의,신용,안정,주의
2020-07-14,0.0480261055788003,NORMAL,0.000198953663913,0.0356951797489113,2.037697358862644,2.519079823644879,6.124200642963114,1.2,7.349040771555736,neutral,1.6000000000000014,2.200000000000002,25.099999999999966,0.9484126984126984,0.7083333333333334,0.484461795675014,WARNING,139.2,3.638411295851192,2.69999999999996,0.4,86.1,Low-Vol,주의,신용,안정,주의
2020-07-15,0.0435814707140287,NORMAL,0.0001513622121947,-0.1235684067175602,2.034925318686556,2.5150540652566735,6.125327619790816,1.2,7.350393143748979,neutral,0.49999999999998934,3.1999999999999917,25.2,0.9563492063492064,0.7063492063492064,0.4794946431208108,WARNING,139.39999999999998,3.617842850630233,2.3999999999999773,0.4,86.4,Low-Vol,주의,신용,안정,주의
2020-07-16,0.0375948300144133,NORMAL,0.0003815680476618,-0.3344596212109811,2.0053612353415367,2.511028306868468,6.1343280150211585,1.2,7.36119361802539,neutral,0.7999999999999785,2.0999999999999797,25.8,0.9682539682539683,0.7043650793650794,0.4655320099486061,WARNING,139.79999999999998,3.606562496559811,1.4999999999999716,0.4,87.2,Low-Vol,주의,신용,안정,주의
2020-07-17,0.0325906968309499,NORMAL,0.001061670122492,-0.5532944071502199,2.101728611856141,2.5106378630006603,6.141896822618966,1.1945585404498973,7.336855304021573,neutral,-3.1999999999999806,1.1102230246251565e-14,24.899999999999967,0.9742063492063492,0.7023809523809523,0.4665738237551359,WARNING,140.2,3.595450286528805,1.5999999999999943,0.4,88.1,Low-Vol,주의,신용,안정,주의
2020-07-20,0.0302494797601786,NORMAL,0.0016681856964827,-1.078635487930627,2.10052624985164,2.510247419132853,6.145513080361657,1.1950564385044706,7.34423497459964,neutral,-5.599999999999983,-1.0999999999999899,24.70000000000001,0.9861111111111112,0.7003968253968254,0.469120013750703,WARNING,140.39999999999998,3.575776265502053,1.799999999999983,0.4,88.8,Low-Vol,주의,신용,안정,주의
2020-07-21,0.0339329132330272,NORMAL,0.0005341713897283,-1.0238591117043878,2.171217218641728,2.509841123757244,6.139839274707375,1.1559603996358103,7.097411061690381,neutral,-2.8999999999999915,-1.9999999999999907,23.10000000000001,0.9583333333333334,0.6984126984126984,0.4431705107132392,WARNING,139.79999999999998,3.5218308853397957,0.0999999999999659,0.4,88.2,Low-Vol,주의,신용,안정,주의
2020-07-22,0.0322617562092752,NORMAL,0.0001492967084205,-1.0830015109992563,2.127582022662793,2.509434828381635,6.142424230149119,1.179477360520715,7.244850318174768,neutral,-1.6999999999999904,-0.8000000000000007,21.599999999999998,0.9603174603174603,0.6964285714285714,0.4412252469439512,WARNING,139.9,3.499416606986588,-0.2999999999999829,0.4,88.8,Low-Vol,주의,신용,안정,주의
2020-07-23,0.027578539189053,NORMAL,0.0003648768290056,-1.408857759949355,2.176936524471707,2.5094348283816337,6.149404162639064,1.1527367932744923,7.0886444349893685,neutral,-2.6000000000000023,-0.7000000000000117,20.700000000000006,0.9444444444444444,0.7162698412698413,0.4439189623510338,WARNING,139.6,3.460351478775976,-0.700000000000017,0.4,89.60000000000001,Low-Vol,주의,신용,안정,주의
2020-07-24,0.0253990134748571,NORMAL,0.000595246844368,-1.3937727910326696,2.1635497148022877,2.5094348283816323,6.1524805708495744,1.1598692700301332,7.136073148585873,neutral,-2.200000000000002,-1.0000000000000009,19.89999999999994,0.9166666666666666,0.7142857142857143,0.4434558913442941,WARNING,139.0,3.4094322702273727,-1.900000000000034,0.4,89.60000000000001,Low-Vol,주의,신용,안정,주의
2020-07-27,0.0252311723910025,NORMAL,0.0002196874954744,-1.1961810636925747,1.958644805390762,2.5091831213850497,6.152616527698699,1.2,7.383139833238438,neutral,-6.099999999999994,-2.200000000000002,17.300000000000026,0.8968253968253969,0.7123015873015873,0.4429972626480856,WARNING,138.50000000000003,3.363956619484745,-1.8999999999999488,0.4,89.5,Low-Vol,주의,신용,안정,주의
2020-07-28,0.0294275561496719,NORMAL,0.0002633654604432,-0.9421063720301852,2.0441443970007294,2.508931414388467,6.146396166860452,1.2,7.3756754002325415,neutral,-4.400000000000004,-1.5000000000000013,15.300000000000026,0.8888888888888888,0.7103174603174603,0.4425430056871706,WARNING,138.1,3.323737063920915,-2.6999999999999886,0.4,89.0,Low-Vol,주의,신용,안정,주의
2020-07-29,0.026077582995126,NORMAL,0.0001150044545935,-1.1004043581276002,1.9415877929917933,2.508435718587525,6.151217437908172,1.2,7.381460925489806,bull_flat,-9.299999999999997,-5.700000000000005,13.700000000000001,0.8849206349206349,0.7083333333333334,0.4420930514461124,WARNING,137.9,3.2927909447756263,-2.499999999999972,0.4,89.2,Low-Vol,주의,신용,안정,주의
2020-07-30,0.0213796476426546,NORMAL,0.000190071013353,-1.1004043581276002,1.959215739981047,2.5079400227865825,6.1582151820855575,1.2,7.389858218502669,bull_flat,-9.600000000000009,-6.400000000000016,12.99999999999999,0.8888888888888888,0.7063492063492064,0.4416473324252296,WARNING,138.2,3.283337091192938,-2.1999999999999886,0.4,90.0,Low-Vol,주의,신용,안정,주의
2020-07-31,0.0239023885919102,NORMAL,0.0003129545810473,-0.7461879654257743,1.9821506130038629,2.507751134741051,6.154706984642153,1.2,7.385648381570583,neutral,-9.099999999999998,-4.900000000000004,11.300000000000022,0.8829365079365079,0.7043650793650794,0.4412057825980622,WARNING,138.1,3.2574380969057186,-1.999999999999972,0.4,90.0,Low-Vol,주의,신용,안정,주의
2020-08-03,0.025582071561607,NORMAL,0.0002074570411374,-0.9159072466517147,1.906940233104224,2.507562246695519,6.152241844018835,1.2,7.382690212822602,bull_flat,-10.399999999999988,-4.899999999999993,10.600000000000009,0.873015873015873,0.7023809523809523,0.4407683373702875,WARNING,137.79999999999998,3.223816121506025,-1.700000000000017,0.4,90.0,Low-Vol,주의,신용,안정,주의
2020-08-04,0.025582071561607,NORMAL,0.0001219001155686,-0.7087643399656277,1.867985123348857,2.507145018085267,6.152164752600652,1.2,7.382597703120782,neutral,-8.199999999999985,-4.0999999999999925,8.999999999999986,0.8690476190476191,0.7301587301587301,0.4531697291866285,WARNING,137.7,3.1990955006767545,-1.6000000000000227,0.4,89.8,Low-Vol,주의,신용,안정,주의
2020-08-05,0.0234003397506827,NORMAL,0.0003089486408791,-0.603408572519283,1.8724034652932364,2.5067277894750144,6.155449433956064,1.2,7.386539320747277,neutral,-8.400000000000007,-4.000000000000014,7.400000000000029,0.8650793650793651,0.7281746031746031,0.4593553864697618,WARNING,137.3,3.1626098935024087,-2.0,0.4,90.10000000000001,Low-Vol,주의,신용,안정,주의
2020-08-06,0.0255844823752582,NORMAL,0.0001256374094178,-0.4561156086329778,1.867414480533253,2.5042030867244405,6.152036280530358,1.2,7.382443536636429,bull_flat,-8.499999999999996,-5.200000000000005,6.400000000000028,0.8412698412698413,0.7261904761904762,0.4655457517094484,WARNING,136.50000000000003,3.110603898863562,-2.999999999999972,0.4,90.10000000000001,Low-Vol,주의,신용,안정,주의
2020-08-07,0.0277662115222339,NORMAL,0.0001085008808252,-0.3878318290925953,1.8940071694412224,2.501678383973866,6.148857322387153,1.2,7.378628786864583,neutral,-7.800000000000007,-3.9000000000000146,6.2000000000000055,0.8333333333333334,0.7400793650793651,0.474803914961963,WARNING,136.4,3.087968537190406,-2.3999999999999773,0.4,89.9,Low-Vol,주의,신용,안정,주의
2020-08-10,0.0351423658911405,NORMAL,0.0015538778904107,-0.1816300855557489,2.098188441690146,2.500302234552354,6.137866504607034,1.1916480831141623,7.314176854625596,neutral,-5.699999999999994,-2.6999999999999913,5.999999999999961,0.8293650793650794,0.7440476190476191,0.4840323543806029,WARNING,136.09999999999997,3.0576933441472582,-2.800000000000068,0.4,88.9,Low-Vol,주의,신용,안정,주의
2020-08-11,0.0321361337109542,NORMAL,0.0002529688423646,-0.2681349628539209,2.1251068084612688,2.498926085130842,6.142456766114556,1.1759061121921892,7.2229524551503745,neutral,-7.299999999999995,-3.699999999999992,5.599999999999961,0.8333333333333334,0.748015873015873,0.4932303713778398,WARNING,136.49999999999997,3.0560486301037684,-2.700000000000017,0.4,89.2,Low-Vol,주의,신용,안정,주의
2020-08-12,0.0456764088492378,NORMAL,0.0003149750528356,0.0878513870477345,2.2397074527009617,2.498702284748651,6.13556699959512,1.1156377953448144,6.845070440618698,neutral,-4.0999999999999925,-2.0999999999999908,5.200000000000005,0.8392857142857143,0.7936507936507936,0.5218058609377929,HIGH,136.50000000000003,3.0384147693265118,-2.899999999999949,0.4,88.6,Low-Vol,경계,신용,안정,경계
2020-08-13,0.0468119406962811,NORMAL,0.0001121462802897,0.1174179691661596,2.1060314387616934,2.4984784843664603,6.138489485030029,1.1863443433852623,7.282362277495287,neutral,-1.5999999999999792,-0.19999999999997797,4.800000000000004,0.8571428571428571,0.8095238095238095,0.5502625443062561,HIGH,136.90000000000003,3.036971921441764,-2.899999999999949,0.4,88.9,Low-Vol,경계,신용,안정,경계
2020-08-14,0.0692826196212459,NORMAL,0.0011685252357917,0.2822947127389232,2.125137766432051,2.49840738644227,6.130081772905065,1.1756449044886679,7.206799400414699,neutral,4.799999999999982,3.1999999999999917,3.8999999999999924,0.8412698412698413,0.8095238095238095,0.5592295900438149,HIGH,136.7,3.011773142456084,-3.5,0.4,87.4,Low-Vol,경계,신용,안정,경계
2020-08-18,0.0579649761792561,NORMAL,0.0003396653035525,0.233958094821143,2.293532095629844,2.4983362885180798,6.13980692734592,1.0892964145906112,6.688069672236508,neutral,2.299999999999991,1.3999999999999901,3.499999999999992,0.8611111111111112,0.8075396825396826,0.5584889572750193,HIGH,137.20000000000002,3.014584105549732,-3.19999999999996,0.4,86.8,Low-Vol,경계,신용,안정,경계
2020-08-19,0.0435274203570059,NORMAL,0.0001449540466766,0.1084591184217032,2.2516602062057545,2.4956658694664964,6.142314669645634,1.1083670007527082,6.807938888074493,neutral,-0.9000000000000119,0.39999999999997815,3.499999999999992,0.8591269841269841,0.7996031746031746,0.5478629944682685,HIGH,137.20000000000002,2.9976849618853905,-2.599999999999966,0.4,84.8,Low-Vol,경계,신용,안정,경계
2020-08-20,0.0602829691135292,NORMAL,0.0002125727586007,0.2195182197180119,2.3515448449678247,2.492995450414913,6.134501471611584,1.060152204092465,6.50350525613749,neutral,3.299999999999992,3.0000000000000027,3.699999999999992,0.8511904761904762,0.7857142857142857,0.5254201112934141,HIGH,137.0,2.9732615232474,-2.9000000000000057,0.4,82.19999999999999,Low-Vol,경계,신용,안정,경계
2020-08-21,0.0792041789001051,NORMAL,0.002454707046239,0.3717547112301929,2.3299875762036093,2.491709607410221,6.126095586103553,1.0694089671800375,6.551301553581187,neutral,9.199999999999985,3.599999999999992,1.100000000000012,0.7976190476190477,0.7658730158730159,0.4990892507531759,WARNING,135.0,2.8792785769689457,-4.599999999999994,0.4,80.1,Low-Vol,주의,신용,안정,주의
2020-08-24,0.0366952809787617,NORMAL,0.0008118667863674,0.0221466751592623,2.441585981542155,2.4904237644055294,6.134456412176511,1.0200024833172279,6.257160774221333,neutral,7.299999999999995,4.800000000000004,2.9000000000000137,0.8015873015873016,0.7579365079365079,0.4916447911203557,WARNING,136.10000000000002,2.907059520549069,-2.8999999999999773,0.4,80.0,Low-Vol,주의,신용,안정,주의
2020-08-25,0.0359225055586285,NORMAL,0.000194641648623,-0.0445445702066189,2.441801535105201,2.490230905519701,6.132294079010091,1.019833458910662,6.253918681654233,bear_steep,8.299999999999997,6.100000000000005,3.0000000000000027,0.8015873015873016,0.7559523809523809,0.4903513308647023,WARNING,136.3,2.8995650429379407,-2.200000000000017,0.4,79.6,Low-Vol,주의,신용,안정,주의
2020-08-26,0.0536134733648842,NORMAL,0.0001146629883615,0.1447931374018173,2.4122221683488645,2.4900380466338725,6.128005186371637,1.0322590013913486,6.325688514204991,bear_steep,7.499999999999996,5.299999999999994,3.100000000000014,0.7976190476190477,0.753968253968254,0.4879206243592509,WARNING,136.20000000000002,2.880640943756148,-1.8999999999999773,0.4,78.8,Low-Vol,주의,신용,안정,주의
2020-08-27,0.041594588474654,NORMAL,0.0008613186554735,-0.0287689011143082,2.361845843714974,2.4897870211466753,6.123541643418885,1.0541699949521095,6.455253863331918,bear_steep,11.20000000000001,7.100000000000017,2.70000000000008,0.7857142857142857,0.7103174603174603,0.4755193947261404,WARNING,136.00000000000003,2.85819296462805,-1.8999999999999773,0.4,77.49999999999999,Low-Vol,주의,신용,안정,주의
2020-08-28,0.0826198784979945,NORMAL,0.0017032950834878,0.2910765018699477,2.57168284039439,2.4900380466338725,6.107137353382533,0.9682523861503868,5.913250314960795,bear_steep,20.500000000000007,11.10000000000001,1.6000000000000236,0.7777777777777778,0.7063492063492064,0.4589979741087935,WARNING,134.70000000000002,2.794165056371921,-3.499999999999972,0.4,74.60000000000001,Low-Vol,주의,신용,안정,주의
2020-08-31,0.0852263760588247,NORMAL,0.0253202359392312,0.3425571959677462,2.6078827871625974,2.490230905519701,6.098871604191452,0.95488605461026,5.823727443700923,bear_steep,21.999999999999996,7.600000000000007,-0.6000000000000227,0.7222222222222222,0.6944444444444444,0.4388152735045252,WARNING,132.39999999999998,2.693167272085335,-5.700000000000017,0.4,71.9,Normal,주의,신용,안정,주의
2020-09-01,0.1288214181094469,NORMAL,0.0202281249487152,0.6522002686915491,2.882725318714551,2.4904237644055294,6.082442568589711,0.8639129605022672,5.254700966515351,bear_steep,27.6,9.800000000000008,-1.0999999999999455,0.7142857142857143,0.6468253968253969,0.4045313329560261,WARNING,131.4,2.643013522160111,-6.399999999999977,0.4,66.8,Normal,주의,신용,안정,주의
2020-09-02,0.1289081116517696,NORMAL,0.0169283071894618,0.7308222027401114,3.139942171777258,2.491709607410221,6.093903284954784,0.793552706099639,4.835833442485349,bear_steep,23.299999999999986,11.199999999999989,-0.5000000000000115,0.7658730158730159,0.6031746031746031,0.3995195035921512,WARNING,133.8,2.722055942935826,-3.899999999999977,0.4,66.4,Normal,주의,신용,안정,주의
2020-09-03,0.1129096408606282,NORMAL,0.0045378974797736,0.6459107549642316,3.1485125978702047,2.492995450414913,6.097528856024929,0.791801008546476,4.828029497841778,bear_steep,23.10000000000001,10.70000000000001,-2.300000000000013,0.7698412698412699,0.5595238095238095,0.3965030565134823,WARNING,134.20000000000002,2.724523077970358,-3.0999999999999943,0.4,65.4,Normal,주의,신용,안정,주의
2020-09-04,0.1201665720986462,NORMAL,0.0010624604024227,0.7411307788566486,3.154024163041978,2.4956658694664964,6.096567798383696,0.7912640298416385,4.823994804351849,bear_steep,22.099999999999987,9.899999999999986,-2.800000000000069,0.7619047619047619,0.5555555555555556,0.3908791915742784,WARNING,133.89999999999995,2.7006721586187656,-2.60000000000008,0.4,64.0,Low-Vol,주의,신용,안정,주의
2020-09-07,0.1479184093269553,NORMAL,0.003348841916589,0.9250656691263196,3.244310809953166,2.4983362885180798,6.084885955364062,0.7700668754835315,4.685769115320827,bear_steep,25.30000000000001,9.00000000000002,-5.499999999999994,0.7003968253968254,0.5515873015873016,0.3770874138339337,WARNING,131.4,2.59491256700394,-5.0,0.4,61.6,Low-Vol,주의,신용,안정,주의
2020-09-08,0.1171530246655,NORMAL,0.0211049856987989,0.6648631275742122,3.220722377290376,2.49840738644227,6.089483754694799,0.7757288874256226,4.723788458025799,bear_steep,19.199999999999996,7.299999999999995,-4.79999999999996,0.7023809523809523,0.5476190476190477,0.375030190295339,WARNING,132.00000000000006,2.606282624058626,-4.099999999999909,0.4,61.7,Normal,주의,신용,안정,주의
2020-09-09,0.1024565587647889,NORMAL,0.015144712001174,0.581566424661172,3.3324994571010764,2.4984784843664603,6.099041635925649,0.7497311001934486,4.572641195828187,bear_steep,17.300000000000004,7.599999999999996,-3.600000000000003,0.7182539682539683,0.5436507936507936,0.3740886307538567,WARNING,132.9,2.628606435629144,-3.599999999999966,0.4,62.3,Normal,주의,신용,안정,주의
2020-09-10,0.0980245000407312,NORMAL,0.0159961009966187,0.5415839248339825,3.3068668586824983,2.498702284748651,6.09927674645616,0.7556101867809002,4.60867564161814,bear_steep,14.399999999999991,5.599999999999983,-4.200000000000026,0.7103174603174603,0.5396825396825397,0.3694261990991059,WARNING,132.79999999999998,2.613531040084582,-3.7000000000000455,0.4,61.6,Normal,주의,신용,안정,주의
2020-09-11,0.129091758773498,NORMAL,0.0054988782261004,0.81911109167672,3.280789378696604,2.498926085130842,6.095939856748105,0.7616843986868851,4.643182284218597,bear_steep,16.799999999999994,5.699999999999983,-5.80000000000005,0.7043650793650794,0.5357142857142857,0.3640632032283674,WARNING,132.49999999999994,2.591271339274067,-4.400000000000091,0.4,59.9,Normal,주의,신용,안정,주의
2020-09-14,0.1143653678531643,NORMAL,0.004419142309586,0.6996610497263444,3.256002553988399,2.500302234552354,6.099174274804803,0.767905489352163,4.683589406138106,bear_steep,12.1,2.9999999999999916,-5.800000000000005,0.7083333333333334,0.5317460317460317,0.3609561849585252,WARNING,132.79999999999998,2.591404026930821,-3.9000000000000057,0.4,59.0,Low-Vol,주의,신용,안정,주의
2020-09-15,0.0989625112898199,NORMAL,0.0010637229742102,0.5755984661091734,3.119058562417434,2.501678383973866,6.102775045493927,0.8020620113124565,4.894804027576328,bear_steep,14.59999999999999,4.899999999999993,-5.499999999999994,0.7261904761904762,0.5277777777777778,0.3578624021053204,WARNING,133.1,2.5915124364181006,-4.100000000000023,0.4,58.699999999999996,Low-Vol,주의,신용,안정,주의
2020-09-16,0.0887924280901416,NORMAL,0.0063539445167552,0.5070753641330458,3.147413307196216,2.5042030867244405,6.106937322186606,0.7956384631782722,4.858914225750584,bear_steep,13.800000000000011,3.300000000000014,-7.400000000000029,0.6865079365079365,0.5198412698412699,0.3478377808070895,WARNING,132.29999999999998,2.5513500486280094,-4.900000000000034,0.4,56.99999999999999,Low-Vol,주의,신용,안정,주의
2020-09-17,0.1169354507263322,NORMAL,0.0007709460568406,0.7365967092927646,3.115914160022963,2.5067277894750144,6.101419121757962,0.804491927806041,4.908542431615704,bear_steep,12.9,2.7999999999999914,-7.999999999999985,0.6825396825396826,0.5158730158730159,0.3404463176332399,WARNING,132.20000000000002,2.5372762154118043,-4.799999999999983,0.4,54.599999999999994,Low-Vol,주의,신용,안정,주의
2020-09-18,0.1239331192261173,NORMAL,0.0001667824947361,0.8120642018926122,3.0702777175946028,2.507145018085267,6.102775045493927,0.81658574523007,4.983439108496133,neutral,9.299999999999997,3.9999999999999925,-7.800000000000007,0.6984126984126984,0.5079365079365079,0.3345489741072507,WARNING,132.50000000000003,2.5379325041499383,-2.499999999999972,0.4,52.79999999999999,Low-Vol,주의,신용,안정,주의
2020-09-21,0.1262197151153672,NORMAL,0.0001349014103828,0.8503786975328408,2.969826328432802,2.507562246695519,6.105206327171558,0.8443464261490258,5.154909143249725,bear_steep,11.500000000000021,3.500000000000014,-8.10000000000002,0.7103174603174603,0.503968253968254,0.331585304504548,WARNING,132.80000000000004,2.5385602150645834,-3.299999999999983,0.4,51.79999999999999,Low-Vol,주의,신용,안정,주의
2020-09-22,0.0911285540188432,NORMAL,0.0007908435102707,0.5535886041878586,3.027744514007959,2.507751134741051,6.110335496141162,0.8282571805972593,5.060929250537234,neutral,8.499999999999996,1.29999999999999,-7.299999999999973,0.7301587301587301,0.5,0.3286276238155972,WARNING,133.10000000000002,2.539159765838445,-3.1999999999999886,0.4,51.19999999999999,Low-Vol,주의,신용,안정,주의
2020-09-23,0.0687396856729582,NORMAL,0.0004196820501771,0.3794593571241313,3.079862437119388,2.5079400227865825,6.116596740165116,0.8143026105842156,4.980760693407357,neutral,4.300000000000015,-0.49999999999998934,-7.399999999999984,0.746031746031746,0.49603174603174605,0.3256752665696825,WARNING,133.4,2.5397315693363143,-2.800000000000012,0.4,50.69999999999999,Low-Vol,주의,신용,안정,주의
2020-09-24,0.046040344527039,NORMAL,0.0004678626076588,0.1811040493965682,3.0705048444840517,2.508435718587525,6.119627545445866,0.8169456964361269,4.999403387043978,neutral,1.6000000000000014,1.100000000000001,-6.099999999999972,0.7718253968253969,0.49206349206349204,0.3248843204081721,WARNING,134.3,2.5618432203259616,-1.700000000000017,0.4,50.30000000000001,Low-Vol,주의,신용,안정,주의
2020-09-25,0.0505049523248662,NORMAL,0.0002259114051055,0.2447761926280199,2.683065803379259,2.508931414388467,6.122754491300558,0.9350987259531712,5.725379924139209,neutral,-6.2000000000000055,-2.400000000000002,-5.899999999999972,0.7738095238095238,0.4880952380952381,0.3215583146749935,WARNING,134.50000000000003,2.558536392227448,-0.1999999999999886,0.4,49.30000000000001,Low-Vol,주의,신용,안정,주의
2020-09-28,0.0464789505399793,NORMAL,9.898399082697708e-05,0.2033493715303997,2.5720153883471943,2.5091831213850497,6.122589099967987,0.9755708044178844,5.97301917337594,neutral,-9.000000000000007,0.6999999999999895,-5.19999999999996,0.7777777777777778,0.4861111111111111,0.3593746182312278,WARNING,134.90000000000003,2.562401475207176,2.500000000000057,0.4,49.70000000000001,Low-Vol,주의,신용,안정,주의
2020-09-29,0.0367938979332967,NORMAL,0.0231996958043579,0.1050017062915912,1.9839885398650408,2.508931414388467,6.1215655813308985,1.2,7.345878697597078,bull_flat,-15.200000000000014,-2.100000000000013,-4.800000000000004,0.7698412698412699,0.48412698412698413,0.3695464594983489,WARNING,134.7,2.5448196888937784,3.299999999999983,0.4,49.60000000000001,Normal,주의,신용,안정,주의
2020-10-05,0.0832984941449364,NORMAL,0.047896785220265,0.4662321161328671,2.1771541057077317,2.508435718587525,6.109094934359831,1.152162684309434,7.038671218273188,neutral,-5.999999999999983,-1.7999999999999794,-5.300000000000016,0.75,0.48214285714285715,0.3194648530884024,WARNING,134.0,2.509701191363954,0.1999999999999886,0.4,48.20000000000001,Normal,주의,신용,안정,주의
2020-10-06,0.124546004918654,NORMAL,0.0195442968706633,0.7656000619471377,2.477535915083036,2.5079400227865825,6.096242963416071,1.0122719140087733,6.171055532839702,neutral,0.6999999999999895,2.0999999999999908,-5.600000000000027,0.7261904761904762,0.4801587301587302,0.3143463028390189,WARNING,133.7,2.489211032861387,-0.5000000000000284,0.4,47.10000000000001,Normal,주의,신용,안정,주의
2020-10-07,0.1185803420036336,NORMAL,0.0046639897784873,0.7071240185238411,2.4770738254727345,2.507751134741051,6.095645110480897,1.0123844953480392,6.171136598994945,neutral,0.6000000000000005,2.500000000000002,-6.099999999999994,0.7202380952380952,0.4781746031746032,0.312253526315185,WARNING,133.4,2.468976400815259,-0.4999999999999431,0.4,47.70000000000001,Normal,주의,신용,안정,주의
2020-10-08,0.1223443348611504,NORMAL,0.0140108161784548,0.726632655331396,2.258661690377504,2.507562246695519,6.093374338616459,1.1101982458809114,6.764853502227751,neutral,-2.9000000000000137,3.699999999999981,-5.399999999999983,0.7182539682539683,0.47619047619047616,0.3412431341423715,WARNING,133.4,2.459563413172365,2.0,0.4,47.900000000000006,Normal,주의,신용,안정,주의
2020-10-12,0.1172992696567246,NORMAL,0.0072725066799793,0.6650266297774569,2.241451597326587,2.507145018085267,6.090567247863813,1.1185363186408204,6.812520667859943,neutral,-0.20000000000000018,2.199999999999991,-6.300000000000039,0.6547619047619048,0.4742063492063492,0.3164314023136694,WARNING,132.6,2.422134841469325,0.5999999999999375,0.4,47.50000000000001,Normal,주의,신용,안정,주의
2020-10-13,0.0998314129913155,NORMAL,0.0068091424096328,0.5397718078590108,2.158087603704533,2.5067277894750144,6.096721469215055,1.161550525183506,7.081650024464304,neutral,0.8999999999999897,0.09999999999998899,-6.699999999999973,0.6488095238095238,0.4722222222222222,0.3061202049575042,WARNING,132.50000000000003,2.4097094385104945,-0.3999999999999772,0.4,47.70000000000001,Normal,주의,신용,안정,주의
2020-10-14,0.0921129574953137,NORMAL,0.0106724034616774,0.4889444431484385,2.182128367105458,2.5042030867244405,6.100576093961758,1.1475965962745844,7.001000360744612,neutral,-0.40000000000000036,1.0000000000000009,-5.799999999999983,0.7222222222222222,0.47023809523809523,0.32102033177847,WARNING,133.6,2.439395112777204,0.8000000000000114,0.4,48.20000000000001,Normal,주의,신용,안정,주의
2020-10-15,0.086840760599704,NORMAL,0.0122977286739037,0.4943391337044334,2.2905756573632914,2.501678383973866,6.109433280152123,1.0921614293472313,6.672487383752486,neutral,-5.200000000000005,-0.30000000000000027,-5.499999999999972,0.7579365079365079,0.46825396825396826,0.3374861779538142,WARNING,134.3,2.4547358273933177,1.8000000000000682,0.4,48.90000000000001,Normal,주의,신용,안정,주의
2020-10-16,0.1136959439515069,NORMAL,0.0060236408422894,0.7245649311324714,2.309157969112508,2.500302234552354,6.10561644191339,1.0827766086151782,6.611018664480051,neutral,-2.39999999999998,0.7000000000000228,-5.999999999999983,0.748015873015873,0.4662698412698413,0.3301486415991618,WARNING,134.20000000000002,2.442040574783336,1.400000000000034,0.4,48.30000000000001,Normal,주의,신용,안정,주의
2020-10-19,0.0836085091627441,NORMAL,0.0101150103676429,0.5174406452126499,2.562461809728255,2.501678383973866,6.117809775399343,0.9762792852078311,5.972690954564353,neutral,-6.199999999999983,-4.599999999999982,-6.599999999999984,0.7281746031746031,0.4642857142857143,0.3172852197269828,WARNING,133.8,2.419084336257784,0.700000000000017,0.4,48.50000000000001,Normal,주의,신용,안정,주의
2020-10-20,0.0866226917939942,NORMAL,0.0017895422721882,0.5128453859625255,2.591336781622468,2.5042030867244405,6.112336382400116,0.9663750016918017,5.906809081882773,neutral,-2.300000000000013,-2.4000000000000132,-6.799999999999984,0.6607142857142857,0.4623015873015873,0.3135646944990717,WARNING,133.0,2.3825549445388323,0.700000000000017,0.4,47.900000000000006,Low-Vol,주의,신용,안정,주의
2020-10-21,0.1312131016444109,NORMAL,0.0077829909061096,0.8210908581726108,2.887924040406519,2.5067277894750144,6.097614719185632,0.8680033665712878,5.292750104307767,neutral,1.4000000000000012,-0.6000000000000005,-7.400000000000051,0.6190476190476191,0.4603174603174603,0.3049230525494773,WARNING,132.49999999999994,2.356812276990357,0.2999999999999261,0.4,47.20000000000001,Normal,주의,신용,안정,주의
2020-10-22,0.1357785254715756,NORMAL,0.0014400588742257,0.8880328558553017,2.906906476506927,2.507145018085267,6.101372623029561,0.8624787341276862,5.2623041363518555,neutral,0.40000000000000036,-1.4000000000000012,-7.499999999999996,0.5952380952380952,0.4583333333333333,0.2981553406961181,NORMAL,132.1,2.3348068127347803,-0.4000000000000341,0.4,47.70000000000001,Low-Vol,안정,없음,안정,안정
2020-10-23,0.1343122497451905,NORMAL,0.0010353212642741,0.8930454420327819,2.910941247666885,2.507562246695519,6.1045815625865645,0.8614266085601441,5.258648992137729,neutral,0.20000000000000018,-0.40000000000000036,-6.500000000000039,0.6170634920634921,0.45634920634920634,0.2986622791871658,NORMAL,132.49999999999994,2.340545765117779,-0.3000000000000966,0.4,47.900000000000006,Low-Vol,안정,없음,안정,안정
2020-10-26,0.1258319340140211,NORMAL,0.000243336125037,0.8343811457391636,2.885809199659972,2.507751134741051,6.107695627241609,0.868994088395218,5.307551393790281,neutral,1.0000000000000009,-0.10000000000000009,-6.200000000000028,0.6011904761904762,0.45436507936507936,0.2971041507912527,NORMAL,132.29999999999998,2.325631972610977,-0.8000000000000398,0.4,48.00000000000001,Low-Vol,안정,없음,안정,안정
2020-10-27,0.1273879425649964,NORMAL,0.0001034655139127,0.8170978636918736,2.8550232739396124,2.5079400227865825,6.102518832425602,0.8784306753919754,5.360639739559871,neutral,5.599999999999983,2.1999999999999797,-5.900000000000016,0.5912698412698413,0.4523809523809524,0.2959044649234021,NORMAL,132.2,2.314300540072039,-1.200000000000017,0.4,47.400000000000006,Low-Vol,안정,없음,안정,안정
2020-10-28,0.1338684979144009,NORMAL,0.0250258739328652,0.8873146160828032,2.846974386589165,2.508435718587525,6.104008128730578,0.8810882635276434,5.3781699227018445,neutral,6.000000000000005,0.30000000000000027,-6.099999999999994,0.5753968253968254,0.4503968253968254,0.2936926230508551,NORMAL,131.8,2.292845492803643,-2.5,0.4,47.60000000000001,Normal,안정,없음,안정,안정
2020-10-29,0.1689910911067968,NORMAL,0.006867174294237,1.165073131742957,2.881935570337921,2.508931414388467,6.096619019280063,0.8705716533747084,5.3075436996103385,bear_steep,10.299999999999997,3.0999999999999917,-6.899999999999973,0.5615079365079365,0.44841269841269843,0.2911631534005807,NORMAL,131.3,2.268212123629304,-3.200000000000017,0.4,47.400000000000006,Normal,안정,없음,안정,안정
2020-10-30,0.1741235151306648,NORMAL,0.0088138304300149,1.1826298381752751,2.897185567154153,2.5091831213850497,6.091953149169196,0.8660760808116857,5.276094907920864,bear_steep,12.00000000000001,2.8000000000000025,-6.900000000000017,0.5555555555555556,0.44642857142857145,0.2900197430306819,NORMAL,131.2,2.257437313608128,-3.7000000000000455,0.4,47.30000000000001,Normal,안정,없음,안정,안정
2020-11-02,0.204473101785367,NORMAL,0.015171226003439,1.3603067389464227,3.104224625621639,2.5094348283816323,6.077918941572224,0.808393441527803,4.9133498105045925,bear_steep,17.200000000000017,4.700000000000015,-7.5999999999999845,0.5456349206349206,0.4444444444444444,0.2858335043945096,NORMAL,130.20000000000002,2.216232197676663,-4.499999999999972,0.4,46.00000000000001,Normal,안정,없음,안정,안정
2020-11-03,0.2078563001411598,NORMAL,0.0047141838960312,1.3836526999431455,2.955173875016317,2.5094348283816337,6.076520511142231,0.8491665582174172,5.159978008384189,bear_steep,12.79999999999999,2.8999999999999915,-8.099999999999996,0.5277777777777778,0.39285714285714285,0.2713576729910846,NORMAL,129.6,2.188991859816661,-4.400000000000006,0.4,45.60000000000001,Normal,안정,없음,안정,안정
2020-11-04,0.1875693989222624,NORMAL,0.0024302123668577,1.2485644321386626,2.909132625298985,2.509434828381635,6.08604915383411,0.8626058525343886,5.249861618909267,neutral,3.8000000000000034,-1.19999999999999,-7.100000000000017,0.5436507936507936,0.39087301587301587,0.2726719980671792,NORMAL,130.20000000000002,2.202584312052932,-3.499999999999972,0.4,46.20000000000001,Low-Vol,안정,없음,안정,안정
2020-11-05,0.1516393734611245,NORMAL,0.001397955868297,0.9790830439320426,3.0702477184474217,2.509841123757244,6.096619019280063,0.817471863484173,4.983814510643924,neutral,-0.6000000000000005,-2.300000000000002,-5.500000000000016,0.5515873015873016,0.3968253968253968,0.2775696022724311,NORMAL,131.0,2.2227754587553386,-2.4000000000000057,0.4,47.20000000000001,Low-Vol,안정,없음,안정,안정
2020-11-06,0.1658800123729062,NORMAL,0.0130306101992766,1.0558130481664871,3.147530360206407,2.510247419132853,6.088699568474083,0.7975292155619549,4.855915790637549,neutral,1.6000000000000014,-1.9999999999999907,-5.800000000000005,0.5436507936507936,0.3948412698412698,0.2754788379074822,NORMAL,130.6,2.202360325623505,-2.800000000000012,0.4,46.70000000000001,Normal,안정,없음,안정,안정
2020-11-09,0.1510755745640789,NORMAL,0.0030300451967281,0.9163414571942056,3.14607106688561,2.5106378630006603,6.086181040961253,0.798023251739833,4.856913984985221,neutral,1.5000000000000124,-1.8999999999999795,-6.599999999999984,0.5119047619047619,0.39285714285714285,0.2710562965527014,NORMAL,129.5,2.158626108385977,-3.0999999999999943,0.4,46.400000000000006,Low-Vol,안정,없음,안정,안정
2020-11-10,0.195404050244406,NORMAL,0.00280991104085,1.2199662030867442,3.30920168461726,2.511028306868468,6.07265398440487,0.7588018338504176,4.607940979705461,neutral,9.70000000000002,4.400000000000026,-7.199999999999984,0.5079365079365079,0.39087301587301587,0.2696945838586404,NORMAL,129.29999999999998,2.145498869383584,-3.200000000000045,0.4,45.800000000000004,Low-Vol,안정,없음,안정,안정
2020-11-11,0.2061316715437411,NORMAL,0.000726422955156,1.2568038479751442,3.357234921150066,2.5150540652566735,6.063467515869651,0.7491444966845239,4.54241332033913,bear_steep,14.900000000000002,6.100000000000005,-8.000000000000028,0.5,0.3888888888888889,0.2663361947629472,NORMAL,128.5,2.1124035637919145,-5.099999999999994,0.4,45.50000000000001,Low-Vol,안정,없음,안정,안정
2020-11-12,0.2036414103459637,NORMAL,0.0002128747727063,1.2520623953588026,3.2415720682539564,2.519079823644879,6.0667724288183615,0.7771167108438711,4.714590235321609,bear_steep,17.199999999999992,7.9999999999999964,-8.20000000000003,0.501984126984127,0.3869047619047619,0.2663508634863436,NORMAL,128.7,2.1130375395813648,-5.600000000000023,0.4,46.400000000000006,Low-Vol,안정,없음,안정,안정
2020-11-13,0.172019820185659,NORMAL,0.0001234302790095,1.005553660578759,3.3126710482153565,2.5206380131026833,6.0722355028634825,0.7609080335521491,4.620412775749398,bear_steep,13.39999999999999,5.699999999999994,-7.8999999999999515,0.503968253968254,0.38492063492063494,0.266030971442222,NORMAL,128.80000000000004,2.110324616613401,-5.399999999999977,0.4,46.80000000000001,Low-Vol,안정,없음,안정,안정
2020-11-16,0.1898875828140991,NORMAL,8.859497515280394e-05,1.1784703071670055,3.026531800071184,2.522196202560488,6.073040790717072,0.8333618706736093,5.061040634029115,bear_steep,18.199999999999996,10.299999999999997,-8.800000000000008,0.4880952380952381,0.38293650793650796,0.264048030608577,NORMAL,128.4,2.0909799203601547,-5.400000000000006,0.4,46.70000000000001,Low-Vol,안정,없음,안정,안정
2020-11-17,0.1929840168822355,NORMAL,9.645812399692571e-05,1.21134449811311,3.0244442725721945,2.522269236209579,6.073996724868382,0.8339612202755082,5.0654777206206765,bear_steep,15.800000000000015,10.90000000000002,-8.200000000000006,0.503968253968254,0.38095238095238093,0.2654072428078142,NORMAL,129.0,2.1050554747027923,-4.0,0.4,46.70000000000001,Low-Vol,안정,없음,안정,안정
2020-11-18,0.1654117857092478,NORMAL,0.0001672061450151,0.9923384744129632,2.812752912605093,2.52234226985867,6.078481894050874,0.8967521670869225,5.450891811088743,bear_steep,8.000000000000007,6.500000000000017,-8.000000000000007,0.501984126984127,0.3531746031746032,0.2618341832039524,NORMAL,129.0,2.0990848153466573,-3.499999999999943,0.4,46.00000000000001,Low-Vol,안정,없음,안정,안정
2020-11-19,0.1544357445674551,NORMAL,0.0001151488959944,0.8878159748247982,2.7770630074538154,2.5225691688583574,6.076926507902476,0.9083586371960664,5.520028681058943,bear_steep,10.10000000000002,7.100000000000028,-6.800000000000006,0.47619047619047616,0.34523809523809523,0.2556193474964771,NORMAL,128.2,2.0666596422552543,-3.9000000000000057,0.4,44.800000000000004,Low-Vol,안정,없음,안정,안정
2020-11-20,0.1706245062896509,NORMAL,9.45969971903635e-05,1.040126449441276,2.752300473192717,2.522796067858045,6.076955387398238,0.9166136082996625,5.570220005119173,bear_steep,11.199999999999989,5.899999999999994,-9.00000000000003,0.46825396825396826,0.34325396825396826,0.2513731443656839,NORMAL,127.1,2.0245910966835727,-5.399999999999949,0.4,44.50000000000001,Low-Vol,안정,없음,안정,안정
2020-11-23,0.1482171092556911,NORMAL,0.0002293909541768,0.8734762410016433,2.8132159907348617,2.527411254114427,6.083239463178809,0.898406401228447,5.465221273925343,bear_steep,9.899999999999999,5.200000000000005,-9.900000000000041,0.4603174603174603,0.3412698412698413,0.2484837844064693,NORMAL,126.39999999999998,1.996090035202987,-5.900000000000006,0.3996090035202987,44.900000000000006,Low-Vol,안정,없음,안정,안정
2020-11-24,0.1510331464106998,NORMAL,0.0001428602075935,0.8734762410016442,2.802606869176965,2.5320264403708093,6.079058496682749,0.9034540192625673,5.4921498321602895,neutral,9.50000000000002,4.900000000000027,-10.10000000000002,0.45634920634920634,0.3392857142857143,0.2469373619969778,NORMAL,126.1,1.9810174053931224,-6.099999999999994,0.39810174053931224,44.50000000000001,Low-Vol,안정,없음,안정,안정
2020-11-25,0.1627943311386224,NORMAL,0.0001587449287116,0.9309784171373314,2.849635249050586,2.534090401133832,6.071615500302503,0.889268337755899,5.399295423446958,bear_steep,13.199999999999989,7.499999999999996,-9.800000000000031,0.45634920634920634,0.3373015873015873,0.2467207217141936,NORMAL,126.2,1.97924165680072,-5.6000000000000085,0.39792416568007205,44.00000000000001,Low-Vol,안정,없음,안정,안정
2020-11-26,0.1494343881130897,NORMAL,0.0002319902669003,0.7832394015297112,2.833706889719212,2.5361543618968545,6.06530127865263,0.8949953049477741,5.428416167487835,bear_steep,12.800000000000011,7.400000000000018,-8.799999999999986,0.44841269841269843,0.3353174603174603,0.2451896868918864,NORMAL,125.90000000000003,1.9643210265192432,-5.399999999999977,0.39643210265192436,43.60000000000001,Low-Vol,안정,없음,안정,안정
2020-11-27,0.1249428407460329,NORMAL,0.0001498077217192,0.5824341720838644,2.852491985320171,2.5365304454444155,6.068613262256253,0.8892331542027835,5.396412112832972,bear_steep,9.499999999999996,5.100000000000005,-7.099999999999995,0.4444444444444444,0.3333333333333333,0.2426849648616052,NORMAL,125.29999999999998,1.9396625915989785,-5.900000000000006,0.39396625915989786,44.00000000000001,Low-Vol,안정,없음,안정,안정
2020-11-30,0.1044915239799638,NORMAL,0.034422037499512,0.3751669845046615,2.60935059474878,2.536906528991976,6.064319066010311,0.9722367450726649,5.895953829819968,neutral,5.699999999999994,4.499999999999993,-6.200000000000028,0.4365079365079365,0.33134920634920634,0.2418395229993558,NORMAL,125.19999999999996,1.931596029513952,-5.000000000000043,0.39315960295139524,43.50000000000001,Normal,안정,없음,안정,안정
2020-12-01,0.1209915572879039,NORMAL,0.0404130447745863,0.5483504591298505,2.6243595709991334,2.5374639649610162,6.066672803185899,0.966888833756483,5.865798191454587,neutral,4.200000000000004,4.0000000000000036,-8.799999999999986,0.43253968253968256,0.32936507936507936,0.2406726230207734,NORMAL,125.00000000000004,1.9203139611138065,-4.599999999999966,0.39203139611138066,43.60000000000001,Normal,안정,없음,안정,안정
2020-12-02,0.1469272577604284,NORMAL,0.0198452745956988,0.7501556818271342,2.496755789756825,2.536906528991976,6.060623051237996,1.016081163964803,6.158084924253819,bear_steep,10.600000000000009,7.9000000000000075,-9.10000000000002,0.43253968253968256,0.3273809523809524,0.2404956988490074,NORMAL,125.1,1.918930729302798,-5.100000000000023,0.3918930729302798,43.60000000000001,Normal,안정,없음,안정,안정
2020-12-03,0.1411187143838535,NORMAL,0.0037466947687903,0.7048171470543744,2.255962858970122,2.5365304454444155,6.062197179625052,1.1243671124099874,6.81613513771499,bear_steep,14.200000000000014,9.40000000000002,-8.799999999999963,0.4305555555555556,0.3253968253968254,0.2399930586749437,NORMAL,125.1,1.914289419642166,-5.900000000000006,0.3914289419642166,43.800000000000004,Normal,안정,없음,안정,안정
2020-12-04,0.108064267153496,NORMAL,0.0010410236027085,0.4205271419522566,2.2229899258715347,2.5361543618968545,6.065684972671259,1.1408753284846949,6.920190335681,bear_steep,9.600000000000009,7.300000000000006,-5.999999999999983,0.4444444444444444,0.32341269841269843,0.2404726088234537,NORMAL,125.40000000000002,1.9194690990127663,-5.199999999999974,0.3919469099012767,44.00000000000001,Low-Vol,안정,없음,안정,안정
2020-12-07,0.1109781536637796,NORMAL,0.0007772243755059,0.4624575904045155,2.241451597326588,2.534090401133832,6.067908778287748,1.1305577172205183,6.860121096683341,bear_steep,7.799999999999985,7.5999999999999845,-6.60000000000005,0.44047619047619047,0.32142857142857145,0.2399707743895141,NORMAL,125.4,1.9148340219764173,-4.099999999999994,0.39148340219764177,44.2,Low-Vol,안정,없음,안정,안정
2020-12-08,0.1289354825123092,NORMAL,0.000234725925641,0.6427015901295148,1.8797816222552115,2.5320264403708093,6.068891889913069,1.2,7.282670267895683,neutral,1.7999999999999794,3.499999999999981,-7.70000000000004,0.42658730158730157,0.3194444444444444,0.2388216482595344,NORMAL,125.19999999999996,1.9037251209893111,-4.1000000000000085,0.39037251209893115,44.2,Low-Vol,안정,없음,안정,안정
2020-12-09,0.1393410520440284,NORMAL,0.0005379872530144,0.7191791365758918,1.6983273505051095,2.527411254114427,6.065452181373324,1.2,7.278542617647989,neutral,-0.6000000000000005,1.7000000000000015,-7.999999999999985,0.4087301587301587,0.31746031746031744,0.2370308210830929,NORMAL,124.8,1.88619830611952,-3.700000000000003,0.38861983061195204,43.900000000000006,Low-Vol,안정,없음,안정,안정
2020-12-10,0.1316100179159033,NORMAL,0.00021279376875,0.6476825400392674,1.676109216388711,2.522796067858045,6.065505896494068,1.2,7.278607075792881,neutral,0.5000000000000115,0.10000000000001119,-8.59999999999992,0.4007936507936508,0.31547619047619047,0.2336298047230849,NORMAL,123.90000000000003,1.8525686995486184,-4.7999999999999545,0.38525686995486186,43.900000000000006,Low-Vol,안정,없음,안정,안정
2020-12-11,0.1431096720807961,NORMAL,0.0001213498719713,0.7483626010542966,1.587483941070875,2.5225691688583574,6.063930356301993,1.2,7.276716427562391,neutral,3.400000000000003,1.9000000000000017,-9.299999999999976,0.3968253968253968,0.3134920634920635,0.2318734090562146,NORMAL,123.5,1.83538440357674,-5.300000000000026,0.38353844035767404,43.7,Low-Vol,안정,없음,안정,안정
2020-12-14,0.15734607655024,NORMAL,9.115325020889204e-05,0.8706978741932718,1.589529887469222,2.52234226985867,6.061683298641428,1.2,7.274019958369713,neutral,4.699999999999993,3.0999999999999917,-10.099999999999977,0.39285714285714285,0.3115079365079365,0.2298049818359513,NORMAL,123.0,1.8150788992522755,-5.399999999999992,0.38150788992522755,43.60000000000001,Low-Vol,안정,없음,안정,안정
2020-12-15,0.1683066315927402,NORMAL,0.000100669371271,0.9756402217590696,1.584953925944992,2.522269236209579,6.061501901424427,1.2,7.273802281709313,neutral,5.099999999999993,2.6999999999999913,-9.199999999999985,0.39285714285714285,0.30952380952380953,0.2296912256872426,NORMAL,123.1,1.8143192163191444,-5.899999999999992,0.3814319216319145,43.60000000000001,Low-Vol,안정,없음,안정,안정
2020-12-16,0.1707275452200449,NORMAL,9.702103842484126e-05,0.966172788433697,1.558508058503732,2.522196202560488,6.056494542030126,1.2,7.267793450436152,neutral,8.999999999999986,4.999999999999982,-8.999999999999986,0.39285714285714285,0.30753968253968256,0.2295780105829694,NORMAL,123.20000000000002,1.8135640579814785,-5.799999999999983,0.3813564057981479,43.10000000000001,Low-Vol,안정,없음,안정,안정
2020-12-17,0.200658755752001,NORMAL,0.0003166702766767,1.1816862637385912,1.7494660839660168,2.5206380131026833,6.046964898375248,1.2,7.256357878050297,bear_steep,12.399999999999988,7.999999999999985,-9.50000000000002,0.38095238095238093,0.3055555555555556,0.2284971212665691,NORMAL,123.0,1.8031312751299915,-5.199999999999989,0.38031312751299917,42.50000000000001,Low-Vol,안정,없음,안정,안정
2020-12-18,0.188544090449158,NORMAL,0.0001711868310503,1.1008382462479591,1.8706809905542616,2.519079823644879,6.0534467801386045,1.2,7.264136136166325,bear_steep,10.099999999999998,10.099999999999998,-8.300000000000018,0.40476190476190477,0.30357142857142855,0.2329030191338084,NORMAL,124.5,1.8475654851598344,-2.59999999999998,0.38475654851598345,42.900000000000006,Low-Vol,안정,없음,안정,안정
2020-12-21,0.1790353158489153,NORMAL,0.0011217452825153,1.053488700776962,1.8978935691971817,2.5150540652566735,6.0602816991822825,1.2,7.272338039018739,bear_steep,9.800000000000008,9.40000000000001,-8.90000000000002,0.39880952380952384,0.30158730158730157,0.2314837149868295,NORMAL,124.2,1.8337467995111945,-2.1999999999999744,0.38337467995111946,43.2,Low-Vol,안정,없음,안정,안정
2020-12-22,0.1771915855826089,NORMAL,0.0003603150735217,1.07104210004326,1.966154408456964,2.511028306868468,6.065756834563423,1.2,7.278908201476107,bear_steep,5.899999999999994,7.699999999999996,-8.899999999999997,0.4027777777777778,0.2996031746031746,0.2320031018034667,NORMAL,124.5,1.8393141513625888,-1.59999999999998,0.3839314151362589,44.10000000000001,Low-Vol,안정,없음,안정,안정
2020-12-23,0.1703981495060964,NORMAL,0.0041515154657445,1.0321079371126305,1.89749835309547,2.5106378630006603,6.070049118966397,1.2,7.284058942759676,neutral,1.0999999999999899,4.999999999999982,-9.600000000000009,0.40476190476190477,0.2976190476190476,0.2321975166102468,NORMAL,124.70000000000002,1.841630914361004,-1.4999999999999858,0.3841630914361004,44.7,Low-Vol,안정,없음,안정,안정
2020-12-24,0.2056455087611449,NORMAL,0.0009971316953692,1.291984391508917,2.038904504616975,2.510247419132853,6.0598149093313385,1.2,7.271777891197606,bear_steep,2.6999999999999913,5.799999999999994,-9.899999999999999,0.4007936507936508,0.29563492063492064,0.231428111625702,NORMAL,124.60000000000002,1.8343086140551423,-1.3000000000000114,0.38343086140551425,43.300000000000004,Low-Vol,안정,없음,안정,안정
2020-12-28,0.2038551671099683,NORMAL,0.0001710687549202,1.2765926773908711,2.007879216329618,2.509841123757244,6.059842524181732,1.2,7.271811029018078,bear_steep,4.0000000000000036,6.100000000000005,-11.099999999999998,0.376984126984127,0.29365079365079366,0.2284209536638507,NORMAL,123.80000000000004,1.804607921930372,-1.4999999999999574,0.3804607921930372,43.10000000000001,Low-Vol,안정,없음,안정,안정
2020-12-29,0.2134045541771638,NORMAL,0.0001333141540548,1.3389519427270786,2.0038055898977034,2.509434828381635,6.05551093968146,1.2,7.2666131276177515,neutral,3.8999999999999924,4.899999999999993,-11.799999999999988,0.3531746031746032,0.2916666666666667,0.2251131750606204,NORMAL,122.9,1.7719001646730697,-2.2999999999999687,0.377190016467307,42.50000000000001,Low-Vol,안정,없음,안정,안정
2020-12-30,0.1996814460571363,NORMAL,0.0006582475022209,1.1982044192983288,2.003313045406224,2.5094348283816337,6.051903683070297,1.2,7.262284419684356,bear_steep,6.400000000000006,6.800000000000006,-10.999999999999988,0.35912698412698413,0.2896825396825397,0.2250239045022399,NORMAL,123.0,1.7713766324546758,-2.000000000000014,0.3771376632454676,42.2,Low-Vol,안정,없음,안정,안정
2020-12-31,0.1735673761823629,NORMAL,0.0065538853063597,0.9624933711767276,1.930612120001001,2.5094348283816323,6.051954837530522,1.2,7.262345805036626,neutral,3.8000000000000034,4.400000000000004,-10.499999999999975,0.36706349206349204,0.2876984126984127,0.2252544349560017,NORMAL,123.20000000000002,1.7740502582394395,-1.8999999999999773,0.377405025823944,42.2,Normal,안정,없음,안정,안정
2021-01-04,0.179581661650461,NORMAL,0.0370836305909966,1.0041384178790205,1.9293031193453796,2.5091831213850497,6.050200217145509,1.2,7.26024026057461,bear_steep,5.400000000000005,7.500000000000007,-9.599999999999987,0.375,0.2857142857142857,0.2267594824845897,NORMAL,123.80000000000004,1.7894682059278215,-1.2999999999999687,0.3789468205927822,44.10000000000001,Normal,안정,없음,안정,안정
2021-01-05,0.1503080408349091,NORMAL,0.0326206491786019,0.7695888303470381,2.049544236884725,2.508931414388467,6.058082846783429,1.2,7.2696994161401145,bear_steep,3.600000000000003,6.599999999999994,-9.699999999999998,0.36904761904761907,0.2222222222222222,0.2201206168492563,NORMAL,123.70000000000002,1.7824782563136528,-1.7000000000000028,0.3782478256313653,43.800000000000004,Normal,안정,없음,안정,안정
2021-01-06,0.1721679893741322,NORMAL,0.0057397501955784,0.9090275664947828,2.2009268382589284,2.508435718587525,6.048373007804409,1.139717902014342,6.893438995055017,bear_steep,8.500000000000018,9.300000000000018,-10.299999999999955,0.32936507936507936,0.21825396825396826,0.212304645682304,NORMAL,122.30000000000004,1.734142906993502,-3.09999999999998,0.3734142906993502,44.900000000000006,Normal,안정,없음,안정,안정
2021-01-07,0.18196522724947,NORMAL,0.0016395382178995,1.016158136721746,2.2078567840662564,2.5079400227865825,6.049712664440827,1.1359160797412124,6.87196589335239,bear_steep,8.200000000000006,7.700000000000006,-11.20000000000001,0.3253968253968254,0.21428571428571427,0.2057921105474555,NORMAL,121.3,1.698822192770034,-3.899999999999963,0.36988221927700343,44.400000000000006,Low-Vol,안정,없음,안정,안정
2021-01-08,0.1934222293569671,NORMAL,0.0003361995204674,1.1187401544498106,2.195755474833931,2.507751134741051,6.048196483246322,1.1420903481662579,6.907586827328728,bear_steep,7.300000000000018,6.1000000000000165,-13.600000000000012,0.31746031746031744,0.20634920634920634,0.1983478046531387,NORMAL,120.0,1.6541670475314594,-4.799999999999997,0.36541670475314597,45.300000000000004,Low-Vol,안정,없음,안정,안정
2021-01-11,0.1861204660961365,NORMAL,0.0012434036647834,1.1059954096531806,2.376037169654334,2.507562246695519,6.057006059546526,1.0553548061962008,6.3922904561019385,neutral,3.699999999999992,4.0999999999999925,-15.100000000000001,0.3134920634920635,0.20238095238095238,0.192517637211974,NORMAL,119.20000000000002,1.625639310768338,-4.700000000000017,0.3625639310768338,45.60000000000001,Low-Vol,안정,없음,안정,안정
2021-01-12,0.1959895036126782,NORMAL,0.0009744896900808,1.157037795997058,2.43575882480832,2.507145018085267,6.050795880629085,1.0293075786280133,6.228130056662681,bear_steep,5.699999999999994,6.099999999999994,-15.700000000000003,0.30158730158730157,0.1984126984126984,0.1870211527476245,NORMAL,118.5,1.6004369232288955,-5.000000000000014,0.3600436923228896,46.699999999999996,Low-Vol,안정,없음,안정,안정
2021-01-13,0.2292318194042704,NORMAL,0.0001720172213822,1.494216696275385,2.43169315065602,2.5067277894750144,6.050487408438262,1.030856951996082,6.23718700795334,bear_steep,4.9000000000000155,5.600000000000016,-15.900000000000025,0.29365079365079366,0.19047619047619047,0.1818557671834916,NORMAL,117.89999999999998,1.5785362900993771,-5.100000000000037,0.3578536290099377,47.699999999999996,Low-Vol,안정,없음,안정,안정
2021-01-14,0.2285688204792472,NORMAL,9.722739214037252e-05,1.465437294658391,2.4473992640954125,2.5042030867244405,6.046783123613839,1.0232098715817926,6.187128183395866,bear_steep,6.2999999999999945,5.899999999999994,-16.300000000000026,0.2876984126984127,0.1884920634920635,0.177760657233752,NORMAL,116.7,1.5377214908637686,-6.40000000000002,0.3537721490863769,48.1,Low-Vol,안정,없음,안정,안정
2021-01-15,0.1965221783478344,NORMAL,0.0002511958901927,1.181095153459003,2.413879820843141,2.501678383973866,6.047861273488291,1.0363723837336931,6.267836404495749,bear_steep,3.9000000000000146,5.500000000000016,-15.399999999999903,0.2896825396825397,0.1865079365079365,0.1787547590520591,NORMAL,117.10000000000004,1.5477985773393157,-6.099999999999966,0.3547798577339316,49.5,Low-Vol,안정,없음,안정,안정
2021-01-18,0.1924900611555447,NORMAL,0.0001207108473197,1.168316474855715,2.273393012541764,2.500302234552354,6.051927657841168,1.0998108205483108,6.655975523269312,neutral,-1.8000000000000016,1.3000000000000012,-15.199999999999992,0.2857142857142857,0.1746031746031746,0.1719171038850124,NORMAL,116.9,1.538830531560526,-6.099999999999994,0.3538830531560526,50.0,Low-Vol,안정,없음,안정,안정
2021-01-19,0.1974476669275117,NORMAL,0.0007286150651433,1.223050562652388,2.208661180563092,2.498926085130842,6.0524696938363824,1.131421200826171,6.847892528964367,neutral,0.30000000000001137,-0.7999999999999896,-16.69999999999996,0.27380952380952384,0.17261904761904762,0.1681668721402207,NORMAL,115.8,1.5014252086565003,-8.700000000000017,0.35014252086565006,50.2,Low-Vol,안정,없음,안정,안정
2021-01-20,0.1992175298951682,NORMAL,0.0001894206097068,1.2542568553471816,2.1105250032808702,2.498702284748651,6.05427399849501,1.1839245120831776,7.167803389686073,neutral,2.400000000000002,0.7000000000000006,-16.999999999999993,0.2619047619047619,0.17063492063492064,0.1663312183914613,NORMAL,115.3,1.4831655093648717,-8.900000000000006,0.34831655093648717,50.2,Low-Vol,안정,없음,안정,안정
2021-01-21,0.1896851906605457,NORMAL,8.509272132990327e-05,1.157894873381578,2.0386979849119986,2.4984784843664603,6.053705973549071,1.2,7.264447168258885,neutral,4.899999999999993,2.299999999999991,-17.100000000000005,0.25793650793650796,0.16865079365079366,0.165452032721642,NORMAL,115.09999999999998,1.4744703349343344,-9.400000000000034,0.3474470334934334,50.2,Low-Vol,안정,없음,안정,안정
2021-01-22,0.2284076562866071,NORMAL,0.0004177222134769,1.4368983105729471,2.263648661598776,2.49840738644227,6.041104441544284,1.1037081101966097,6.667615966677187,bear_steep,11.800000000000011,5.700000000000016,-18.69999999999998,0.24206349206349206,0.16666666666666666,0.1588889611591696,NORMAL,113.10000000000002,1.408936146066998,-11.599999999999994,0.3408936146066998,50.1,Low-Vol,안정,없음,안정,안정
2021-01-25,0.227962363138866,NORMAL,0.000183493482434,1.4003745382748989,2.136376666966274,2.4983362885180798,6.0356922455378355,1.169426874552885,7.058300718462395,neutral,9.800000000000008,4.200000000000004,-19.500000000000007,0.2261904761904762,0.16468253968253968,0.1545627287115548,NORMAL,111.8,1.3657701932544442,-12.800000000000011,0.3365770193254444,49.7,Low-Vol,안정,없음,안정,안정
2021-01-26,0.2098718540789557,NORMAL,0.000922236460476,1.240445850603756,2.158819121649619,2.497546039137452,6.037974736384908,1.156903797122661,6.985355899454398,neutral,8.899999999999997,4.0000000000000036,-19.699999999999985,0.2222222222222222,0.1626984126984127,0.1534105939446398,NORMAL,111.5,1.3543450625700078,-12.300000000000026,0.3354345062570008,49.8,Low-Vol,안정,없음,안정,안정
2021-01-27,0.1708810775386153,NORMAL,0.0156969598056338,0.894368829182209,2.171217218641736,2.496755789756825,6.0416168073123275,1.1499336723751383,6.947458602316023,neutral,5.899999999999994,4.999999999999993,-18.099999999999984,0.2261904761904762,0.14682539682539683,0.1521303091710501,NORMAL,112.10000000000002,1.3713730224606722,-10.799999999999985,0.3371373022460672,50.3,Normal,안정,없음,안정,안정
2021-01-28,0.1731787742450671,NORMAL,0.0036697221684107,0.9057005689426552,2.155159048960384,2.4948756200858693,6.040127371573405,1.1576294665070586,6.992229426789202,bear_steep,5.099999999999993,5.199999999999994,-17.599999999999973,0.2222222222222222,0.14484126984126985,0.1516103819488534,NORMAL,112.0,1.3662521389352658,-11.0,0.3366252138935266,50.6,Normal,안정,없음,안정,안정
2021-01-29,0.200652845209157,NORMAL,0.019289798592757,1.1820267669592113,2.15452400409245,2.492995450414913,6.0393570322833785,1.1570980159327755,6.988128039564752,bear_steep,5.499999999999994,5.999999999999995,-18.100000000000005,0.2222222222222222,0.1388888888888889,0.1487468654848803,NORMAL,112.1,1.367459105485619,-11.100000000000025,0.33674591054856196,49.8,Normal,안정,없음,안정,안정
2021-02-01,0.2545739916945689,NORMAL,0.0184715990625236,1.674255492826144,2.2683172524791964,2.491709607410221,6.0306967464793795,1.0984837348862309,6.6246222860389095,neutral,7.999999999999985,3.9999999999999813,-21.4,0.20238095238095238,0.13690476190476192,0.1406633100056588,NORMAL,109.6,1.286685086821605,-14.200000000000015,0.3286685086821605,49.0,Normal,안정,없음,안정,안정
2021-02-02,0.1983992987880465,NORMAL,0.0102720311462855,1.172350043714893,2.3921527411187884,2.4904237644055294,6.041436861896907,1.0410805805154317,6.28962259533096,neutral,6.699999999999995,2.300000000000002,-21.70000000000001,0.1984126984126984,0.13095238095238096,0.1293426616646953,NORMAL,108.9,1.2629214222419476,-14.800000000000026,0.3262921422241948,49.4,Normal,안정,없음,안정,안정
2021-02-03,0.2006065558673472,NORMAL,0.0047874173460374,1.1779845434267917,2.239425443230808,2.490230905519701,6.039177979817865,1.111995450907737,6.715538440779643,neutral,3.699999999999992,1.19999999999999,-20.899999999999984,0.19444444444444445,0.12301587301587301,0.1252522096421181,NORMAL,108.6,1.2518412501058032,-13.700000000000015,0.32518412501058036,48.699999999999996,Normal,안정,없음,안정,안정
2021-02-04,0.1892047594803501,NORMAL,0.0016777532739852,1.0388237144353247,2.286683417666644,2.4900380466338725,6.0332566852869665,1.0889299443010496,6.569793866263471,neutral,6.899999999999995,4.899999999999993,-21.199999999999996,0.19047619047619047,0.12301587301587301,0.1235174456598347,NORMAL,108.1,1.23449394741876,-13.200000000000015,0.323449394741876,48.699999999999996,Low-Vol,안정,없음,안정,안정
2021-02-05,0.1657954090178424,NORMAL,0.000687739096136,0.8125637753924921,2.2895414388038544,2.4897870211466753,6.033768879298451,1.087460999372624,6.561488335465332,bear_steep,6.199999999999983,5.799999999999983,-20.599999999999994,0.1865079365079365,0.12301587301587301,0.122733163357074,NORMAL,107.9,1.2266514610266184,-12.100000000000009,0.32266514610266184,48.8,Low-Vol,안정,없음,안정,안정
2021-02-08,0.1966356904927829,NORMAL,0.0033671482667275,1.070510210509871,2.1641821112203883,2.4895359956594776,6.026144276888885,1.1503357239449785,6.932089039351864,bear_steep,13.00000000000001,9.80000000000002,-21.799999999999997,0.17857142857142858,0.12103174603174603,0.1194313134707362,NORMAL,106.9,1.193633298299619,-12.300000000000026,0.3193633298299619,48.6,Low-Vol,안정,없음,안정,안정
2021-02-09,0.2046050841048331,NORMAL,0.0004330256021777,1.1699584004532604,2.1395707882411275,2.4871553431409668,6.028496417005142,1.1624552722490558,7.00785744368217,bear_steep,9.499999999999996,8.099999999999996,-22.400000000000063,0.1746031746031746,0.11904761904761904,0.1177135752500833,NORMAL,106.39999999999998,1.1764562517316124,-12.100000000000025,0.31764562517316125,49.0,Low-Vol,안정,없음,안정,안정
2021-02-10,0.220868217792061,NORMAL,0.0001697019778741,1.3040573160891913,2.1575814920268632,2.4847746906224555,6.024228060925691,1.1516481300032946,6.937790981078446,bear_steep,11.199999999999989,9.599999999999987,-22.4,0.17063492063492064,0.11706349206349206,0.1163155210331574,NORMAL,106.0,1.1624760447042477,-11.899999999999975,0.31624760447042477,48.9,Low-Vol,안정,없음,안정,안정
2021-02-15,0.2513767338189115,NORMAL,0.0006484536790352,1.535393940724641,2.283643211140808,2.484721735418054,6.014969290841313,1.088051637530889,6.544597186597901,bear_steep,13.700000000000001,12.7,-23.2,0.16666666666666666,0.11507936507936507,0.1155510367271174,NORMAL,105.8,1.1548315362903374,-10.899999999999975,0.3154831536290338,49.1,Low-Vol,안정,없음,안정,안정
2021-02-16,0.2458876512291004,NORMAL,0.0001968499606675,1.5129618730136642,2.358740743434273,2.4846687802136525,6.0201445517843,1.0533878244694375,6.341546972395601,bear_steep,11.899999999999999,10.799999999999999,-23.30000000000001,0.1626984126984127,0.09126984126984126,0.1150356463954578,NORMAL,105.7,1.1503564639545782,-11.400000000000064,0.31503564639545784,49.7,Low-Vol,안정,없음,안정,안정
2021-02-17,0.2513577679809158,NORMAL,0.0006633665673548,1.547873604244227,2.298603695152438,2.4842424085670443,6.017339771550759,1.080761513524973,6.503309238895214,bear_steep,14.800000000000013,13.00000000000001,-22.499999999999986,0.1626984126984127,0.09126984126984126,0.1149041966052505,NORMAL,105.70000000000002,1.1490419660525055,-11.199999999999989,0.3149041966052506,49.6,Low-Vol,안정,없음,안정,안정
2021-02-18,0.2455907709633292,NORMAL,0.0002394473458896,1.5017755137979063,2.313183042794864,2.483816036920436,6.0192008379302475,1.073765452611743,6.4632099121011555,bear_steep,14.3,13.200000000000001,-21.699999999999942,0.15476190476190477,0.09126984126984126,0.1138289740218694,NORMAL,105.40000000000003,1.138289740218694,-10.399999999999949,0.31382897402186943,49.7,Low-Vol,안정,없음,안정,안정
2021-02-19,0.2789438133186788,NORMAL,0.0003497283900368,1.810093487728562,2.3040924689046616,2.4832225805697847,6.014103655551931,1.0777443241027038,6.481666079336416,bear_steep,17.199999999999992,15.199999999999992,-21.699999999999964,0.14285714285714285,0.09126984126984126,0.1114977057808399,NORMAL,104.70000000000002,1.114977057808399,-10.59999999999998,0.3114977057808399,49.7,Low-Vol,안정,없음,안정,안정
2021-02-22,0.3009035456597288,WARNING,0.0003183418629639,1.9356002673739596,2.45305395052994,2.482629124219133,6.002737975694945,1.0120564709483066,6.075109811709209,bear_steep,21.599999999999998,16.700000000000003,-22.199999999999996,0.1388888888888889,0.09126984126984126,0.1088574357365061,NORMAL,103.9,1.0885743573650613,-11.199999999999989,0.30885743573650615,49.2,Low-Vol,주의,금리,주의,안정
2021-02-23,0.2706823028238165,NORMAL,0.0001439299992251,1.6618975288674454,2.319573463512548,2.4824409605243734,6.0063942851609955,1.0702144163889484,6.42812975449549,bear_steep,14.79999999999999,12.099999999999989,-22.80000000000002,0.12698412698412698,0.08928571428571429,0.1071674251827265,NORMAL,103.39999999999998,1.071674251827265,-9.700000000000044,0.30716742518272655,49.7,Low-Vol,안정,없음,안정,안정
2021-02-24,0.2092584393214009,NORMAL,0.0012821980257793,1.116462275793149,2.6761077391575547,2.482629124219133,6.019352560792104,0.9277014852177329,5.584162310695999,bear_steep,7.099999999999995,7.099999999999995,-23.300000000000033,0.12301587301587301,0.0873015873015873,0.1045371706782152,NORMAL,102.6,1.0453717067821526,-9.200000000000005,0.3045371706782153,50.3,Low-Vol,안정,없음,안정,안정
2021-02-25,0.2410235897473743,NORMAL,0.0012719097153886,1.3718130643336004,2.733630706972921,2.4832225805697847,6.012067463511193,0.9083972367721809,5.461345471141502,bear_steep,11.399999999999988,12.599999999999978,-21.299999999999986,0.1388888888888889,0.08531746031746032,0.1088356101000512,NORMAL,104.0,1.0883561010005125,-7.5,0.3088356101000513,50.5,Low-Vol,안정,없음,안정,안정
2021-02-26,0.2786331849762168,NORMAL,0.0609688062395691,1.577940926217159,3.111485514230006,2.483816036920436,5.994070989661971,0.7982733731399362,4.784907267757697,bear_steep,20.300000000000008,16.500000000000004,-21.799999999999997,0.12103174603174603,0.08333333333333333,0.1068316684168865,NORMAL,103.39999999999998,1.0683166841688656,-8.700000000000045,0.3068316684168866,50.1,Normal,안정,없음,안정,안정
2021-03-02,0.2887431733653817,NORMAL,0.3326946433394414,1.667157016047328,3.112098631910122,2.4842424085670443,5.992679121587908,0.7982531090418183,4.78367474029754,bear_steep,20.199999999999996,15.799999999999992,-21.70000000000003,0.11507936507936507,0.08134920634920635,0.1064054045314914,NORMAL,103.3,1.064054045314914,-8.700000000000017,0.30640540453149145,50.3,Normal,안정,없음,안정,안정
2021-03-03,0.2638260803986801,NORMAL,0.02173020061475,1.4524665585516532,3.160325599481302,2.4846687802136525,5.996147117697367,0.7862065796706061,4.714210316606611,bear_steep,18.300000000000004,13.500000000000012,-21.89999999999994,0.1111111111111111,0.07936507936507936,0.1059801814398689,NORMAL,103.20000000000005,1.059801814398689,-8.899999999999949,0.30598018143986894,50.3,Normal,안정,없음,안정,안정
2021-03-04,0.2818535552439347,NORMAL,0.0048362215506276,1.5913219917261303,3.1152384381160623,2.484721735418054,5.991083487518503,0.7976024258742413,4.778502723259868,bear_steep,16.900000000000006,13.3,-22.300000000000008,0.10714285714285714,0.07738095238095238,0.1046121869717036,NORMAL,102.79999999999998,1.0461218697170367,-6.800000000000026,0.30461218697170367,50.2,Normal,안정,없음,안정,안정
2021-03-05,0.3040254994928686,WARNING,0.0022256522906228,1.773837873732922,2.856589796095671,2.4847746906224555,5.9856162157887685,0.8698395177419576,5.206525522530144,bear_steep,23.4,14.800000000000002,-24.00000000000002,0.0992063492063492,0.07539682539682539,0.1001009939503762,NORMAL,101.4,1.0010099395037624,-7.499999999999986,0.30010099395037626,50.2,Low-Vol,주의,금리,주의,안정
2021-03-08,0.3333159829331862,WARNING,0.0724833973152847,1.9918282918707848,2.907159945267621,2.4871553431409668,5.975584833726886,0.8555275216933445,5.112277283466699,bear_steep,26.0,9.899999999999999,-27.6,0.08333333333333333,0.07341269841269842,0.088674920909157,NORMAL,97.8,0.8867492090915704,-10.800000000000011,0.28867492090915703,49.9,Normal,주의,금리,주의,안정
2021-03-09,0.3399546151170201,WARNING,0.5860896140188875,2.04705734946888,2.8969085155331435,2.4895359956594776,5.972520304542668,0.8593768088673337,5.132645440213234,bear_steep,24.099999999999987,1.8999999999999906,-29.89999999999999,0.07142857142857142,0.04365079365079365,0.0807280413450302,NORMAL,95.29999999999998,0.8072804134503023,-12.800000000000011,0.28072804134503027,49.4,High-Vol,주의,금리,주의,안정
2021-03-10,0.3337647100828589,WARNING,0.0672078927426098,1.9854277384755976,2.888065278457465,2.4897870211466753,5.972677540001635,0.8620951332777654,5.149016239872826,bear_steep,24.50000000000001,4.500000000000015,-29.600000000000005,0.06746031746031746,0.041666666666666664,0.080348458772069,NORMAL,95.2,0.8034845877206909,-12.700000000000005,0.2803484587720691,50.0,Normal,주의,금리,주의,안정
2021-03-11,0.3276210639145651,WARNING,0.0054627068880915,1.9387840481229224,2.889887085756304,2.4900380466338725,5.974793333615801,0.8616385252236288,5.148112116492688,bear_steep,20.500000000000007,2.6999999999999913,-29.500000000000014,0.06349206349206349,0.03968253968253968,0.0777647739346895,NORMAL,94.40000000000002,0.7776477393468959,-12.499999999999972,0.2777647739346896,50.0,Normal,주의,금리,주의,안정
2021-03-12,0.3637142121705249,WARNING,0.0182898766707667,2.147705185768358,3.0967682645316765,2.490230905519701,5.958974456493125,0.8041386028270662,4.791841393726557,bear_steep,27.900000000000013,4.600000000000004,-30.900000000000006,0.05952380952380952,0.037698412698412696,0.0720336392992977,NORMAL,92.6,0.7203363929929774,-13.799999999999969,0.27203363929929775,49.6,Normal,주의,금리,주의,안정
2021-03-15,0.3950985325100292,WARNING,0.0054016271352684,2.3227465316445515,3.263591015398449,2.4904237644055294,5.9450844012399235,0.7630930936673986,4.536652847855968,bear_steep,32.100000000000016,7.800000000000007,-31.500000000000018,0.05555555555555555,0.03571428571428571,0.0685141252104433,NORMAL,91.5,0.6851412521044339,-14.5,0.2685141252104434,49.5,Normal,주의,금리,주의,안정
2021-03-16,0.3518169093346427,WARNING,0.0150949809464665,1.9722620371484765,3.5635988609978666,2.491709607410221,5.958790586941853,0.6992115848618554,4.1664554101555185,bear_steep,22.69999999999999,4.799999999999982,-29.400000000000027,0.05952380952380952,0.03373015873015873,0.0754001693002073,NORMAL,93.7,0.7540016930020734,-12.100000000000025,0.2754001693002074,50.0,Normal,주의,금리,주의,안정
2021-03-17,0.3642109674653433,WARNING,0.0054215527838201,2.027566323413771,3.5189113148963123,2.492995450414913,5.95068174470072,0.7084564592070065,4.215798918718444,bear_steep,28.39999999999998,9.099999999999985,-29.400000000000006,0.05952380952380952,0.031746031746031744,0.0756583167713827,NORMAL,93.8,0.7565831677138275,-11.899999999999975,0.27565831677138275,49.9,Normal,주의,금리,주의,안정
2021-03-18,0.3559902105267456,WARNING,0.0029909622733939,1.9383240228712524,3.518731828970568,2.4948756200858693,5.948204601971237,0.7090269282657338,4.217437237631768,bear_steep,28.799999999999983,14.09999999999998,-27.99999999999998,0.06349206349206349,0.02976190476190476,0.0793846177711864,NORMAL,95.0,0.7938461777118643,-10.700000000000005,0.27938461777118645,50.1,Low-Vol,주의,금리,주의,안정
2021-03-19,0.3311551542349433,WARNING,0.0074991177327986,1.7675386396938633,3.784160200236328,2.496755789756825,5.959354091929231,0.6597912502755295,3.93192968714858,bear_steep,24.50000000000001,8.40000000000003,-29.89999999999999,0.05952380952380952,0.027777777777777776,0.0780608239744179,NORMAL,94.60000000000002,0.7806082397441799,-10.800000000000026,0.278060823974418,49.8,Low-Vol,주의,금리,주의,안정
2021-03-22,0.3193116814677973,WARNING,0.0095951579587338,1.689746967723488,3.965363194356593,2.497546039137452,5.969247591624988,0.6298404248800963,3.7596734393235742,bear_steep,18.199999999999996,4.800000000000004,-29.299999999999958,0.05952380952380952,0.025793650793650792,0.0789465880206044,NORMAL,94.90000000000003,0.7894658802060441,-9.799999999999985,0.27894658802060446,49.8,Normal,주의,금리,주의,안정
2021-03-23,0.3123270798423449,WARNING,0.0020158210853654,1.6733015995839038,3.929845316361236,2.4983362885180798,5.974856594792873,0.6357340015691421,3.798419491809451,bear_flat,11.00000000000001,-0.19999999999998908,-30.099999999999994,0.0496031746031746,0.023809523809523808,0.077307556369108,NORMAL,94.40000000000002,0.7730755636910801,-9.499999999999972,0.27730755636910803,49.9,Low-Vol,주의,금리,주의,안정
2021-03-24,0.2967155977364209,NORMAL,0.0019671140708074,1.545988258744649,4.034208981357211,2.49840738644227,5.984366691394193,0.6193053949331454,3.7061505772386414,neutral,8.600000000000009,-0.8999999999999897,-30.299999999999994,0.047619047619047616,0.025793650793650792,0.0772482022313792,NORMAL,94.40000000000002,0.7724820223137921,-8.999999999999957,0.27724820223137925,50.0,Low-Vol,안정,없음,안정,안정
2021-03-25,0.2549093310064833,NORMAL,0.0283826584880429,1.2570075391701,3.8538565783271976,2.4984784843664603,5.990715794598405,0.6483060367158106,3.8838172138868994,bear_steep,11.60000000000001,3.300000000000014,-29.000000000000025,0.07142857142857142,0.027777777777777776,0.0809761086453482,NORMAL,95.6,0.8097610864534822,-7.000000000000014,0.2809761086453482,50.0,Normal,안정,없음,안정,안정
2021-03-26,0.2792965089134363,NORMAL,0.0069993748343333,1.4144437805101444,3.873999021818753,2.498702284748651,5.98136286513747,0.6449930086909439,3.8579372304573014,bear_flat,12.1,-0.10000000000000009,-29.600000000000005,0.03571428571428571,0.02976190476190476,0.0764927160370991,NORMAL,94.20000000000002,0.7649271603709915,-9.799999999999985,0.2764927160370992,49.9,Normal,안정,없음,안정,안정
2021-03-29,0.2540803339990963,NORMAL,0.0024771482959824,1.2221197736070086,3.559716132975836,2.498926085130842,5.986992913179969,0.7020015056767464,4.202878039528348,bear_flat,2.0000000000000018,-7.899999999999996,-28.89999999999999,0.031746031746031744,0.031746031746031744,0.0758031546319552,NORMAL,94.0,0.7580315463195527,-9.399999999999965,0.27580315463195526,49.9,Low-Vol,안정,없음,안정,안정
2021-03-30,0.2993900103504659,NORMAL,0.0140720925397078,1.4373681193837269,4.0051644292417246,2.500302234552354,5.967254070472001,0.62426955964595,3.7251750708690587,neutral,9.70000000000002,-3.699999999999992,-30.70000000000004,0.015873015873015872,0.03373015873015873,0.0703771422110412,NORMAL,92.29999999999998,0.7037714221104128,-11.000000000000014,0.2703771422110413,49.6,Normal,안정,없음,안정,안정
2021-03-31,0.2948267342872276,NORMAL,0.3097696038723868,1.411452318508868,3.98670157820776,2.501678383973866,5.969171173080347,0.6275058052121641,3.7456895634130216,bear_flat,10.599999999999987,-0.8000000000000118,-30.500000000000014,0.01984126984126984,0.03571428571428571,0.071590439530162,NORMAL,92.7,0.7159043953016203,-10.500000000000044,0.27159043953016204,49.6,Normal,안정,없음,안정,안정
2021-04-01,0.2702980955014479,NORMAL,0.639901310542375,1.215123756359016,4.061692024915625,2.5042030867244405,5.976743828623424,0.6165418429961984,3.684912655215641,bear_flat,5.100000000000016,-5.699999999999972,-31.299999999999983,0.011904761904761904,0.037698412698412696,0.070906744028122,NORMAL,92.50000000000004,0.7090674402812204,-10.29999999999994,0.27090674402812204,49.6,High-Vol,주의,금리,주의,안정
2021-04-02,0.3030925740116124,WARNING,0.0930867775764083,1.4620997884715206,4.0774443750441245,2.5067277894750144,5.970522873831124,0.6147791505918183,3.6705529809629205,neutral,5.699999999999994,-2.8000000000000136,-32.10000000000001,0.007936507936507936,0.03968253968253968,0.0680112856263689,NORMAL,91.6,0.6801128562636898,-9.799999999999995,0.268011285626369,49.6,Normal,주의,금리,주의,안정
2021-04-05,0.3139092070159233,WARNING,0.0218556279130036,1.477953070902051,4.120692328135882,2.507145018085267,5.959057010651712,0.6084281034443182,3.6256577553073894,neutral,6.599999999999984,0.29999999999998916,-33.00000000000001,0.003968253968253968,0.041666666666666664,0.0606917476039953,NORMAL,89.30000000000003,0.6069174760399538,-8.499999999999972,0.2606917476039954,49.5,Normal,주의,금리,주의,안정
2021-04-06,0.3025906274634433,WARNING,0.0051209935467174,1.3954235442058247,4.168033109273488,2.507562246695519,5.965236111371426,0.601617640972291,3.5887912771659995,bear_steep,3.500000000000014,6.000000000000005,-31.60000000000003,0.007936507936507936,0.04365079365079365,0.0619173482679041,NORMAL,89.69999999999997,0.6191734826790412,-5.6000000000000085,0.26191734826790414,50.6,Normal,주의,금리,주의,안정
2021-04-07,0.2971148806535883,NORMAL,0.0024833883107867,1.3537008719329562,4.170750279594411,2.507751134741051,5.96636632447317,0.6012709864242748,3.5874029652845576,neutral,2.8000000000000025,2.8999999999999915,-30.800000000000004,0.003968253968253968,0.04563492063492063,0.0602946486628454,NORMAL,89.19999999999999,0.6029464866284545,-6.0,0.26029464866284546,50.7,Low-Vol,안정,없음,안정,안정
2021-04-08,0.2868099436289468,NORMAL,0.0657614348872201,1.2772906873598526,4.334788891842615,2.5079400227865825,5.978882520419162,0.578561052305483,3.459148562624569,neutral,-1.5000000000000124,1.200000000000001,-29.299999999999994,0.015873015873015872,0.047619047619047616,0.0624709201946254,NORMAL,89.90000000000002,0.6247092019462541,-4.5,0.2624709201946254,51.1,Normal,안정,없음,안정,안정
2021-04-09,0.2760019777698123,NORMAL,0.0591741600725015,1.244317404690904,4.076798924853203,2.508435718587525,5.974619894090872,0.6152954229102306,3.6761562744625205,neutral,-6.300000000000017,-0.8000000000000007,-29.699999999999992,0.003968253968253968,0.0496031746031746,0.0589473160245004,NORMAL,88.80000000000001,0.5894731602450048,-3.799999999999997,0.2589473160245005,51.0,Normal,안정,없음,안정,안정
2021-04-12,0.2519656045460663,NORMAL,0.018688969297031,1.127669351527997,3.821197800635157,2.508931414388467,5.981231050721477,0.6565824501342051,3.9271713381014934,bull_flat,-14.900000000000002,-5.099999999999982,-28.799999999999958,0.007936507936507936,0.051587301587301584,0.0598596649938367,NORMAL,89.10000000000002,0.5985966499383674,-2.3999999999999773,0.2598596649938367,51.2,Normal,안정,없음,안정,안정
2021-04-13,0.259819321426835,NORMAL,0.0046198079394257,1.1609467267615186,3.71773487914065,2.5091831213850497,5.975836974828437,0.6749225544466593,4.033227156008005,neutral,-7.099999999999973,-3.1999999999999584,-27.59999999999998,0.007936507936507936,0.17261904761904762,0.0734062784543633,NORMAL,89.1,0.5982111161399049,-4.599999999999994,0.2598211116139905,51.300000000000004,Normal,안정,없음,안정,안정
2021-04-14,0.2372418891197749,NORMAL,0.0139181019712646,1.0127938981229745,3.6670079585979978,2.5094348283816323,5.9851525695851375,0.6843276198781584,4.0958052125518405,bull_flat,-14.399999999999991,-6.900000000000006,-27.000000000000046,0.031746031746031744,0.13095238095238096,0.0696179536384932,NORMAL,90.1,0.6295128697182656,-3.700000000000003,0.26295128697182657,50.5,Normal,안정,없음,안정,안정
2021-04-15,0.2635895226590853,NORMAL,0.029482558565796,1.195018929031245,3.726505347542542,2.5094348283816337,5.977194950084821,0.6734016442607522,4.025052907454183,bull_flat,-12.99999999999999,-14.399999999999991,-28.89999999999999,0.003968253968253968,0.05357142857142857,0.0562533990893538,NORMAL,88.00000000000001,0.5625339908935385,-7.0,0.25625339908935385,49.1,Normal,안정,없음,안정,안정
2021-04-16,0.2668693026141187,NORMAL,0.0048346742853293,1.2190350384540138,3.579855921828789,2.509434828381635,5.976336419346401,0.7009876607267692,4.18933808631383,bull_flat,-7.600000000000007,-8.400000000000018,-28.29999999999999,0.003968253968253968,0.003968253968253968,0.0546329311953247,NORMAL,87.5,0.5463293119532475,-7.100000000000023,0.25463293119532476,48.199999999999996,Normal,안정,없음,안정,안정
2021-04-19,0.2433957990329334,NORMAL,0.0019613757184976,1.069435108668532,3.579855921828788,2.509841123757244,5.9865106987601955,0.701101155622788,4.197149569048957,bull_flat,-7.5999999999999845,-7.499999999999996,-36.80000000000001,0.003968253968253968,0.005952380952380952,0.0260461482470818,NORMAL,78.49999999999999,0.2604614824708187,-16.40000000000005,0.22604614824708189,48.5,Low-Vol,안정,없음,안정,안정
2021-04-20,0.2554233394531852,NORMAL,0.0017890722768474,1.1400160434819675,3.587621261475281,2.510247419132853,5.981383865575541,0.6996968844199021,4.185155655262676,neutral,-2.8999999999999915,-3.0999999999999917,-36.699999999999974,0.003968253968253968,0.007936507936507936,0.0257155798792905,NORMAL,78.4,0.2571557987929055,-16.000000000000014,0.22571557987929056,48.6,Low-Vol,안정,없음,안정,안정
2021-04-21,0.2340396198325846,NORMAL,0.0006415841783931,0.9644663059611758,3.4711252536196096,2.5106378630006603,5.981541260007636,0.7232922120521652,4.326402209432218,neutral,1.29999999999999,1.7999999999999794,-34.20000000000003,0.011904761904761904,0.00992063492063492,0.0272905751809292,NORMAL,78.89999999999999,0.2729057518092924,-15.500000000000028,0.22729057518092927,49.2,Low-Vol,안정,없음,안정,안정
2021-04-22,0.2139656960434124,NORMAL,0.0001765569976711,0.8157024750551201,3.4418324372804374,2.511028306868468,5.9853033835699545,0.7295614625715353,4.366646690451655,neutral,2.200000000000002,0.6000000000000005,-32.70000000000002,0.015873015873015872,0.011904761904761904,0.0279122056869535,NORMAL,79.1,0.2791220568695354,-16.5,0.22791220568695356,49.3,Low-Vol,안정,없음,안정,안정
2021-04-23,0.2508238332015012,NORMAL,0.0005106203505371,1.0469840662385357,3.5490398998216874,2.5150540652566735,5.9726706908013085,0.7086575908552158,4.232578422714813,neutral,3.8000000000000256,3.500000000000014,-32.800000000000004,0.011904761904761904,0.013888888888888888,0.0266266114653408,NORMAL,78.69999999999999,0.2662661146534081,-15.500000000000028,0.22662661146534083,49.1,Low-Vol,안정,없음,안정,안정
2021-04-26,0.2841887420916698,NORMAL,0.004450897007693,1.260572519709342,3.620188276581033,2.519079823644879,5.962297834594708,0.6958422134950232,4.1488185227409655,bear_steep,10.899999999999999,10.899999999999999,-33.70000000000002,0.005952380952380952,0.015873015873015872,0.0256592028584624,NORMAL,78.4,0.2565920285846241,-15.600000000000009,0.22565920285846242,49.1,Low-Vol,안정,없음,안정,안정
2021-04-27,0.2696987067616884,NORMAL,0.0009159014057881,1.161052414083771,3.156180236331651,2.5206380131026833,5.966923434397037,0.7986356368647557,4.765397697152913,bear_steep,0.8000000000000007,6.600000000000017,-33.20000000000001,0.01984126984126984,0.017857142857142856,0.0269189248394445,NORMAL,78.8,0.269189248394445,-13.499999999999986,0.2269189248394445,49.4,Low-Vol,안정,없음,안정,안정
2021-04-28,0.2745924856428792,NORMAL,0.0002076527330895,1.1872449026567968,3.1609250811148684,2.522196202560488,5.964234792454399,0.7979297635459621,4.75904045767574,bear_steep,2.499999999999991,5.299999999999994,-33.60000000000001,0.013888888888888888,0.01984126984126984,0.0259505392490781,NORMAL,78.49999999999999,0.2595053924907812,-14.200000000000015,0.22595053924907813,49.5,Low-Vol,안정,없음,안정,안정
2021-04-29,0.2689659092405784,NORMAL,0.0001820839699183,1.121752170261786,3.0636880080266518,2.522269236209579,5.960216406414917,0.8232787508393176,4.906919517805279,bear_steep,7.499999999999973,9.199999999999974,-31.700000000000017,0.003968253968253968,0.021825396825396824,0.0240270166826006,NORMAL,77.89999999999999,0.2402701668260065,-14.600000000000051,0.22402701668260067,49.5,Low-Vol,안정,없음,안정,안정
2021-04-30,0.3091128153654799,WARNING,0.0048389036356004,1.427626490129591,3.080238370816881,2.52234226985867,5.9529481284606565,0.8188789198122169,4.8747437331320205,bear_steep,7.900000000000018,8.900000000000007,-31.600000000000005,0.003968253968253968,0.023809523809523808,0.0221037044053854,NORMAL,77.3,0.2210370440538548,-14.300000000000011,0.2221037044053855,49.4,Low-Vol,주의,금리,주의,안정
2021-05-03,0.3020200311823143,WARNING,0.0261583128993623,1.3727210450303913,2.927636014189427,2.5225691688583574,5.95364475813374,0.8616402983950788,5.129900245936653,bear_steep,3.000000000000025,8.300000000000008,-31.800000000000004,0.003968253968253968,0.025793650793650792,0.0204992859221972,NORMAL,76.8,0.2049928592219724,-12.500000000000028,0.22049928592219725,49.3,Normal,주의,금리,주의,안정
2021-05-04,0.2945278259840261,NORMAL,0.0302004539820511,1.3031036525616462,2.861261223564478,2.522796067858045,5.952065222647956,0.8817077053577155,5.247981769600389,bear_steep,6.099999999999994,8.400000000000007,-31.899999999999995,0.003968253968253968,0.027777777777777776,0.0185761360531561,NORMAL,76.2,0.1857613605315611,-13.499999999999972,0.21857613605315612,49.4,Normal,안정,없음,안정,안정
2021-05-06,0.2775603616088723,NORMAL,0.0046428431119069,1.1929846102398074,2.940443933544015,2.527411254114427,5.9588303982045225,0.8595339041435917,5.121816756298246,bear_steep,3.799999999999981,7.899999999999996,-31.899999999999995,0.003968253968253968,0.02976190476190476,0.0179291470855404,NORMAL,76.0,0.1792914708554049,-13.199999999999989,0.2179291470855405,49.8,Normal,안정,없음,안정,안정
2021-05-07,0.2765724725924844,NORMAL,0.0010600047160009,1.1582530711467856,2.6774840900800125,2.5320264403708093,5.954175464404963,0.9456737575964993,5.6307074848127225,bear_steep,11.100000000000021,12.600000000000012,-30.600000000000005,0.011904761904761904,0.1111111111111111,0.0188779691572893,NORMAL,76.29999999999998,0.1887796915728931,-13.600000000000035,0.21887796915728933,49.6,Low-Vol,안정,없음,안정,안정
2021-05-10,0.2875469949074535,NORMAL,0.0003340115956813,1.2367725631779107,2.6673217397153097,2.534090401133832,5.951725441122003,0.9500505182416809,5.654439839770155,bear_steep,10.499999999999998,13.700000000000001,-30.099999999999973,0.015873015873015872,0.19642857142857142,0.0255355230413767,NORMAL,76.30000000000001,0.1886885637471011,-12.5,0.21886885637471012,49.6,Low-Vol,안정,없음,안정,안정
2021-05-11,0.2824953023985761,NORMAL,0.0001227869678803,1.1881453842979313,2.5642481200251765,2.5361543618968545,5.950804639116473,0.9890440562639289,5.885607958305962,bear_steep,13.599999999999968,14.799999999999969,-29.600000000000005,0.01984126984126984,0.2638888888888889,0.0426415427034334,NORMAL,76.4,0.1917919571017814,-12.700000000000015,0.21917919571017816,49.7,Low-Vol,안정,없음,안정,안정
2021-05-12,0.2560450300162673,NORMAL,0.0002878442115386,0.9865622104228006,2.570869195632606,2.5365304454444155,5.954132822861444,0.9866431360076485,5.874604280554088,bear_steep,9.799999999999986,11.499999999999977,-29.100000000000016,0.023809523809523808,0.26587301587301587,0.0302560878617431,NORMAL,76.69999999999999,0.2012868931738594,-12.400000000000006,0.22012868931738594,49.5,Low-Vol,안정,없음,안정,안정
2021-05-13,0.2847913439859503,NORMAL,0.0001657548423049,1.1882196383549732,2.4335592300816926,2.5361543618968545,5.947111442480793,1.0421584691865986,6.197832556977888,bear_steep,16.600000000000016,14.500000000000002,-29.200000000000003,0.023809523809523808,0.27380952380952384,0.0557611233409889,NORMAL,76.49999999999999,0.1947950523760418,-13.600000000000025,0.21947950523760418,49.5,Low-Vol,안정,없음,안정,안정
2021-05-14,0.2805414002815197,NORMAL,0.0006873937214278,1.1497386433771564,2.382148521597127,2.534090401133832,5.94684063331292,1.0637835458869014,6.326151215729925,bear_steep,13.79999999999999,16.89999999999998,-29.100000000000037,0.027777777777777776,0.2757936507936508,0.0627337113435883,NORMAL,76.59999999999998,0.197899843456705,-11.400000000000034,0.2197899843456705,49.8,Low-Vol,안정,없음,안정,안정
2021-05-17,0.2579465747502876,NORMAL,0.0002791115726917,1.0068024778811286,2.612137660594239,2.5361543618968545,5.95629092965002,0.9709114493299335,5.783031059137238,bear_steep,9.399999999999986,14.09999999999998,-28.900000000000038,0.027777777777777776,0.2777777777777778,0.0690662741480619,NORMAL,76.50000000000001,0.1946043178003912,-10.999999999999986,0.21946043178003913,50.1,Low-Vol,안정,없음,안정,안정
2021-05-18,0.2491263991292184,NORMAL,0.0001580567659267,0.9321260822372772,2.3735993099532475,2.534090401133832,5.956269644707568,1.0676150732381808,6.359003252960823,bear_steep,13.699999999999978,16.69999999999998,-28.100000000000016,0.03571428571428571,0.27976190476190477,0.0693725222290998,NORMAL,76.6,0.1977122469738656,-1.8999999999999917,0.21977122469738658,50.1,Low-Vol,안정,없음,안정,안정
2021-05-20,0.2388475356423548,NORMAL,0.0001104122455355,0.8275926174466159,2.3593933207723694,2.5320264403708093,5.952341363547552,1.0731684361732137,6.3878648726874605,bear_steep,13.199999999999967,16.299999999999958,-27.29999999999999,0.037698412698412696,0.2896825396825397,0.079108594615175,NORMAL,76.6,0.1976171095470057,-1.8000000000000114,0.2197617109547006,50.2,Low-Vol,안정,없음,안정,안정
2021-05-21,0.2388483331887531,NORMAL,0.0001545891470175,0.8440461378170562,2.3942694743469186,2.527411254114427,5.955245762898422,1.0556085190886149,6.286408160581952,bear_steep,11.800000000000033,13.300000000000045,-26.79999999999998,0.03968253968253968,0.2916666666666667,0.0790930157355169,NORMAL,76.6,0.1975221093320333,-2.299999999999997,0.21975221093320335,50.499999999999986,Low-Vol,안정,없음,안정,안정
2021-05-24,0.2641787479326217,NORMAL,0.0003072618252834,1.0751200008657835,2.3489023192255485,2.522796067858045,5.955385936548041,1.0740319200203399,6.396274591892822,bear_steep,13.100000000000001,11.99999999999999,-26.600000000000023,0.003968253968253968,0.29365079365079366,0.07715394801004,NORMAL,75.99999999999997,0.1781921333134735,-3.1000000000000227,0.21781921333134735,50.1,Low-Vol,안정,없음,안정,안정
2021-05-25,0.2548375288399322,NORMAL,0.0001778195841294,0.985643343807304,2.0693502667059023,2.5225691688583574,5.952697617560181,1.2,7.143237141072217,bear_steep,8.599999999999985,6.399999999999995,-29.200000000000003,0.003968253968253968,0.29563492063492064,0.0732905932132444,NORMAL,74.8,0.1396191994453102,-3.899999999999992,0.21396191994453104,50.0,Low-Vol,안정,없음,안정,안정
2021-05-26,0.2207084672658094,NORMAL,0.0006705711198139,0.7070787570304125,1.8230902047723392,2.52234226985867,5.952438934209551,1.2,7.142926721051461,neutral,3.9000000000000146,-0.30000000000000027,-29.299999999999994,0.003968253968253968,0.2976190476190476,0.0710317906210192,NORMAL,74.1,0.1170917006947162,-4.300000000000011,0.21170917006947162,50.0,Low-Vol,안정,없음,안정,안정
2021-05-27,0.2068312302195262,NORMAL,0.0381078889133871,0.6082363541120851,1.8174591865395089,2.522269236209579,5.957209374007785,1.2,7.148651248809342,neutral,4.0000000000000036,1.299999999999979,-29.000000000000004,0.007936507936507936,0.2996031746031746,0.0716623366173029,NORMAL,74.29999999999998,0.1234576011086621,-4.500000000000014,0.21234576011086623,50.2,Normal,안정,없음,안정,안정
2021-05-28,0.2274143060066507,NORMAL,0.0183038721181688,0.7591082202159928,1.8568507578268416,2.522196202560488,5.95151339870988,1.2,7.141816078451855,neutral,5.000000000000027,-0.6999999999999784,-29.500000000000036,0.003968253968253968,0.30158730158730157,0.0697234640952136,NORMAL,73.70000000000002,0.1041292298252201,-4.799999999999969,0.210412922982522,49.3,Normal,안정,없음,안정,안정
2021-05-31,0.2465013393876711,NORMAL,0.0425182745667607,0.8559896008789858,2.090196414845164,2.5206380131026833,5.939303655568954,1.2,7.127164386682744,neutral,8.099999999999996,-2.5000000000000355,-30.999999999999982,0.003968253968253968,0.30357142857142855,0.0636073718120486,NORMAL,71.8,0.043028574623567,-6.099999999999994,0.2043028574623567,48.8,Normal,안정,없음,안정,안정
2021-06-01,0.2415426498920069,NORMAL,0.0053648774750524,0.8040804740855352,2.0012890582664045,2.519079823644879,5.9380901820254905,1.2,7.125708218430589,neutral,5.799999999999983,-1.4000000000000012,-29.800000000000004,0.003968253968253968,0.3055555555555556,0.0629564173466862,NORMAL,71.6,0.0365792114980003,-5.700000000000003,0.20365792114980005,49.7,Normal,안정,없음,안정,안정
2021-06-02,0.2349234446957429,NORMAL,0.0033300305773821,0.7270347967546138,2.0149180471776256,2.5150540652566735,5.934684183605677,1.2,7.121621020326812,neutral,7.799999999999985,2.100000000000002,-26.0,0.00992063492063492,0.30753968253968256,0.063591976544882,NORMAL,71.8,0.0429948991109052,-5.0,0.20429948991109054,49.6,Low-Vol,안정,없음,안정,안정
2021-06-03,0.2275683987239784,NORMAL,0.0013714880150912,0.6722055911383052,2.028708430193169,2.511028306868468,5.936633071174982,1.2,7.123959685409978,neutral,6.499999999999995,3.1999999999999806,-23.299999999999986,0.015873015873015872,0.30952380952380953,0.0642275454118105,NORMAL,72.0,0.0494105977181759,-4.200000000000003,0.2049410597718176,50.0,Low-Vol,안정,없음,안정,안정
2021-06-04,0.212428696855736,NORMAL,0.0080511978531924,0.5689870039858894,1.9840084358903811,2.5106378630006603,5.940827235328354,1.2,7.128992682394024,neutral,7.100000000000017,-0.9000000000000008,-24.099999999999987,0.003968253968253968,0.3115079365079365,0.0613219913879104,NORMAL,71.10000000000001,0.020414981927669,-4.899999999999992,0.2020414981927669,50.1,Low-Vol,안정,없음,안정,안정
2021-06-07,0.2058601899834908,NORMAL,0.0015473692124376,0.5346210901186236,1.9900476058838867,2.510247419132853,5.945126162175125,1.2,7.13415139461015,neutral,3.299999999999992,-3.100000000000025,-23.40000000000002,0.003968253968253968,0.3134920634920635,0.0543263358249699,NORMAL,71.0,0.0171849321267269,-5.299999999999983,0.2017184932126727,50.1,Low-Vol,안정,없음,안정,안정
2021-06-08,0.1496816424402216,NORMAL,0.0011011600039476,0.1015775189868302,2.181477046696376,2.509841123757244,5.954809892325155,1.150523736914006,6.851150129930427,bull_flat,-1.7999999999999794,-5.599999999999983,-20.899999999999995,0.015873015873015872,0.31547619047619047,0.0499084285583174,NORMAL,71.7,0.0397322802040893,-4.6000000000000085,0.20397322802040893,50.29999999999999,Low-Vol,안정,없음,안정,안정
2021-06-09,0.1360524191787639,NORMAL,0.0020580261658418,-0.2142523542110932,2.192955227901137,2.509434828381635,5.958681340001736,1.1443164896637668,6.818617314015777,neutral,-3.599999999999959,-4.499999999999971,-18.599999999999994,0.031746031746031744,0.31746031746031744,0.040435674549925,NORMAL,72.9,0.0783977426475942,-3.5,0.20783977426475944,50.29999999999999,Low-Vol,안정,없음,안정,안정
2021-06-10,0.1332005793801074,NORMAL,0.7669290696881049,-0.058309082114422,2.206449875395217,2.5094348283816337,5.959056174908987,1.1373178499838554,6.777340956780507,bull_flat,-4.0000000000000036,-20.10000000000001,-33.9,0.003968253968253968,0.3194444444444444,0.0325899418339901,NORMAL,59.79999999999998,-0.3441105429848063,-16.900000000000006,0.16558894570151939,49.8,High-Vol,주의,금리,주의,안정
2021-06-11,0.1357394265921505,NORMAL,0.039833136430063,-0.1496396188591909,2.1118400557458457,2.5094348283816323,5.955598569065755,1.1882693585406812,7.076855291389563,bull_flat,-5.500000000000016,-20.799999999999997,-34.20000000000001,0.003968253968253968,0.32142857142857145,0.0192506584977035,NORMAL,59.60000000000001,-0.3503866944303429,-16.899999999999977,0.1649613305569657,49.5,Normal,안정,없음,안정,안정
2021-06-14,0.1349471158484525,NORMAL,0.0085173238553231,-0.245536932291305,2.109352607093612,2.5091831213850497,5.956447111614008,1.189551293106157,7.085499363938876,bull_flat,-6.199999999999983,-23.299999999999965,-35.60000000000001,0.003968253968253968,0.32341269841269843,0.0192447169230263,NORMAL,59.400000000000006,-0.3566616616522773,-17.199999999999974,0.1643338338347723,49.2,Normal,안정,없음,안정,안정
2021-06-15,0.1309838784696306,NORMAL,0.0275752869195822,-0.1299949043985415,1.984704671123373,2.508931414388467,5.9615840923486925,1.2,7.153900910818431,bull_flat,-4.599999999999982,-24.599999999999977,-35.70000000000002,0.003968253968253968,0.3253968253968254,0.0192387837567455,NORMAL,58.9,-0.3726206346585188,-17.600000000000016,0.16273793653414814,48.6,Normal,안정,없음,안정,안정
2021-06-16,0.1375282589891018,NORMAL,0.0030397098294379,0.0615487033470215,1.9834579055674164,2.508435718587525,5.962342671761366,1.2,7.1548112061136395,bull_flat,-4.800000000000004,-23.50000000000001,-35.600000000000044,0.007936507936507936,0.3273809523809524,0.0192328589790466,NORMAL,59.3,-0.3595087469496384,-17.299999999999997,0.16404912530503618,48.4,Low-Vol,안정,없음,안정,안정
2021-06-17,0.1565884536835644,NORMAL,0.0094686539157802,0.2240028407777979,1.9500607277993312,2.5079400227865825,5.9592698835448425,1.2,7.1511238602538105,bull_flat,-5.599999999999961,-27.999999999999957,-37.10000000000002,0.003968253968253968,0.32936507936507936,0.0125602759035138,NORMAL,57.3,-0.4239418606043882,-19.3,0.1576058139395612,47.5,Normal,안정,없음,안정,안정
2021-06-18,0.1516198129104136,NORMAL,0.0065353658856797,0.2339654777752833,2.0958354696372234,2.507751134741051,5.968218340080531,1.1965400772490637,7.141212433679238,bull_flat,-8.20000000000003,-30.00000000000003,-36.90000000000002,0.007936507936507936,0.33134920634920634,0.0125543678437966,NORMAL,57.49999999999999,-0.4172506602508535,-19.1,0.15827493397491466,47.099999999999994,Normal,안정,없음,안정,안정
2021-06-21,0.1407745938366625,NORMAL,0.1005673637962024,0.184904529814272,2.2062351833407376,2.507562246695519,5.975191312058387,1.1365797561520636,6.79128148442125,bull_flat,-11.400000000000032,-34.90000000000002,-40.1,0.003968253968253968,0.3333333333333333,0.0125484681136088,NORMAL,55.49999999999999,-0.4816902573379937,-20.49999999999998,0.15183097426620062,45.699999999999996,Normal,안정,없음,안정,안정
2021-06-22,0.1508218556659963,NORMAL,0.185565604053263,0.2121817890270101,2.453885211573468,2.507145018085267,5.965724696061187,1.0217042778776306,6.095206442605943,bull_flat,-7.900000000000018,-26.80000000000001,-38.40000000000001,0.007936507936507936,0.3353174603174603,0.0125425766933959,NORMAL,55.8,-0.4717187704826357,-18.999999999999996,0.15282812295173642,46.0,Normal,안정,없음,안정,안정
2021-06-23,0.1577442882071412,NORMAL,0.0169775920965192,0.2895031904190179,2.455343260384544,2.5067277894750144,5.967584776499007,1.0209276356261578,6.092472216269785,bull_flat,-8.700000000000019,-26.400000000000013,-38.50000000000002,0.005952380952380952,0.3373015873015873,0.0125366935636671,NORMAL,55.49999999999999,-0.4811632806424649,-18.6,0.15188367193575353,45.8,Normal,안정,없음,안정,안정
2021-06-24,0.1292701913305873,NORMAL,0.0134083027580644,-0.0154260090990001,2.4894461442785176,2.5042030867244405,5.962120393209187,1.0059278014428386,5.997462659078429,bull_flat,-5.100000000000016,-31.099999999999984,-37.79999999999997,0.003968253968253968,0.28174603174603174,0.0094130200180084,NORMAL,54.500000000000014,-0.5132581095661475,-19.79999999999997,0.14867418904338525,44.39999999999999,Normal,안정,없음,안정,안정
2021-06-25,0.1586763012303997,NORMAL,0.0208023625578627,0.216684428255048,2.617029251892913,2.5067277894750144,5.9516461835177825,0.9578524151619181,5.700798671071721,bull_flat,-3.200000000000003,-31.100000000000016,-39.900000000000006,0.003968253968253968,0.2837301587301587,0.0094086786776639,NORMAL,52.8,-0.567997071246289,-20.900000000000013,0.14320029287537112,42.49999999999999,Normal,안정,없음,안정,안정
2021-06-28,0.2025783757411155,NORMAL,0.0091619965035305,0.5742639228994689,2.5273035349745334,2.507145018085267,5.942581166487417,0.9920237056569189,5.895181389945863,bull_flat,-4.1999999999999815,-28.499999999999957,-40.200000000000024,0.003968253968253968,0.2857142857142857,0.009404343338672,NORMAL,52.30000000000001,-0.5838476766322376,-19.499999999999982,0.14161523233677625,38.9,Normal,안정,없음,안정,안정
2021-06-29,0.1691520396478683,NORMAL,0.0030929103671562,0.3012175416233052,2.581569290179916,2.507562246695519,5.949162641092321,0.9713325364669025,5.778615238026341,bull_flat,-7.699999999999996,-32.300000000000004,-39.800000000000004,0.003968253968253968,0.27380952380952384,0.0062779985849722,NORMAL,51.8,-0.5996887458525106,-19.79999999999999,0.14003112541474894,37.2,Low-Vol,안정,없음,안정,안정
2021-06-30,0.1343789376137629,NORMAL,0.0123215684101402,-0.0102634555833562,2.553326004295292,2.507751134741051,5.953273879878753,0.9821507831441918,5.847012603394779,bull_flat,-10.999999999999988,-35.19999999999999,-37.50000000000002,0.005952380952380952,0.2757936507936508,0.0062751423394557,NORMAL,51.8,-0.5993209700123701,-19.999999999999996,0.140067902998763,36.1,Normal,안정,없음,안정,안정
2021-07-01,0.1455074172264673,NORMAL,0.2140765225523521,0.1086845278996502,2.5542276616168054,2.5079400227865825,5.953194847610627,0.9818780293057655,5.845311225045159,bull_flat,-10.499999999999998,-38.3,-39.09999999999998,0.003968253968253968,0.26785714285714285,0.00314743550677,NORMAL,50.6,-0.6378415528815634,-21.4,0.13621584471184367,35.099999999999994,Normal,안정,없음,안정,안정
2021-07-02,0.1559585740708414,NORMAL,0.030801830068354,0.1912820970582776,2.54690730928813,2.508435718587525,5.9503348943238255,0.9848947817769789,5.860453787245007,bull_flat,-7.200000000000006,-33.599999999999994,-39.19999999999999,0.003968253968253968,0.2698412698412698,0.0031460155410435,NORMAL,50.0,-0.6568856258615151,-21.10000000000001,0.1343114374138485,34.5,Normal,안정,없음,안정,안정
2021-07-05,0.1768482064938618,NORMAL,0.0151298740102484,0.413148744959297,2.535490194482288,2.508931414388467,5.9535972626819165,0.9895251891915742,5.891234457725761,bull_flat,-6.700000000000017,-32.8,-39.90000000000003,0.005952380952380952,0.2718253968253968,0.0031445974954406,NORMAL,50.0,-0.6564626141128024,-21.0,0.13435373858871977,34.9,Normal,안정,없음,안정,안정
2021-07-06,0.188589387282305,NORMAL,0.0494627924652755,0.4788883213846884,2.485595343278218,2.508435718587525,5.946758355998996,1.0091890964356183,6.001403692011589,bear_flat,0.30000000000001137,-28.800000000000004,-38.90000000000002,0.003968253968253968,0.27380952380952384,0.0031431813656375,NORMAL,49.89999999999999,-0.6592833779953948,-21.80000000000001,0.13407166220046052,35.199999999999996,Normal,안정,없음,안정,안정
2021-07-07,0.1450223348098326,NORMAL,0.0916482055341567,0.1772388573802178,3.0577941826025423,2.508931414388467,5.966215390487502,0.8205036914070756,4.895301751624702,bull_flat,-6.400000000000006,-33.699999999999996,-38.60000000000001,0.015873015873015872,0.2757936507936508,0.0031417671473245,NORMAL,50.500000000000014,-0.6393956330982116,-22.39999999999999,0.13606043669017887,36.8,Normal,안정,없음,안정,안정
2021-07-08,0.1201127011470311,NORMAL,0.0300147767984069,-0.1218804557734182,3.1347416581208023,2.5091831213850497,5.9759222653107305,0.8004433522886352,4.783387251061615,bull_flat,-8.300000000000018,-15.900000000000025,-38.40000000000001,0.023809523809523808,0.2777777777777778,0.0031403548362052,NORMAL,50.69999999999999,-0.632501944482632,-9.099999999999994,0.13674980555173682,38.5,Normal,안정,없음,안정,안정
2021-07-09,0.1477147531790167,NORMAL,0.0056142456741041,0.2107282349926203,3.202696232535144,2.5094348283816323,5.9684600237686745,0.7835381960015765,4.676516399931233,bull_flat,-6.800000000000006,-16.700000000000003,-40.19999999999999,0.007936507936507936,0.30158730158730157,0.0062722448123889,NORMAL,49.90000000000001,-0.6580698273176118,-9.699999999999996,0.13419301726823885,39.0,Normal,안정,없음,안정,안정
2021-07-12,0.1243726156583638,NORMAL,0.0012218835090469,0.0098921186692073,3.2070809813680574,2.5094348283816337,5.97072566871006,0.7824669358087659,4.671895418550305,bull_flat,-7.400000000000029,-17.100000000000026,-38.7,0.003968253968253968,0.30357142857142855,0.0062694116728058,NORMAL,49.30000000000001,-0.6771253093662252,-10.099999999999994,0.1322874690633775,39.6,Low-Vol,안정,없음,안정,안정
2021-07-13,0.1317359900078503,NORMAL,0.0730447027403536,0.0592366492249121,3.1867488795091323,2.509434828381635,5.966767528132282,0.7874592329873741,4.698586181117017,bull_flat,-3.600000000000003,-15.300000000000002,-40.300000000000004,0.003968253968253968,0.27976190476190477,0.0031304903661921,NORMAL,47.2,-0.744866882392611,-11.700000000000005,0.1255133117607389,39.2,Normal,안정,없음,안정,안정
2021-07-14,0.1354874453169158,NORMAL,0.0113597378778054,0.1350420355148436,3.2359656494175906,2.509841123757244,5.9737501166391995,0.7756080860156738,4.633288894302438,bull_flat,-6.199999999999983,-16.59999999999997,-30.599999999999984,0.007936507936507936,0.28174603174603174,0.0031290881780644,NORMAL,47.900000000000006,-0.7216177360458028,-11.399999999999991,0.12783822639541972,39.7,Normal,안정,없음,안정,안정
2021-07-15,0.1348621120908941,NORMAL,0.2012594503297414,0.1053321638406845,3.2534799183255227,2.510247419132853,5.967417151789068,0.7715576804373849,4.6042065358366395,bull_flat,-5.500000000000016,-22.500000000000032,-34.300000000000026,0.003968253968253968,0.2837301587301587,0.0031276878724293,NORMAL,44.09999999999998,-0.8445405114791085,-13.200000000000015,0.11554594885208916,37.6,Normal,안정,없음,안정,안정
2021-07-16,0.1226879718249399,NORMAL,0.0363931456516288,0.0149978045075372,3.1639873244805763,2.5106378630006603,5.972208094908799,0.7935043998359966,4.738973400046287,bull_flat,-3.299999999999992,-17.100000000000005,-33.20000000000001,0.007936507936507936,0.24603174603174602,0.0,NORMAL,45.69999999999998,-0.7919286279147917,-11.800000000000011,0.12080713720852083,37.1,Normal,안정,없음,안정,안정
2021-07-19,0.1153386478327687,NORMAL,0.0093802891477777,-0.0838909589514832,3.1696089747209584,2.511028306868468,5.9801881667682535,0.7922202160881786,4.737625961725114,bull_flat,-3.399999999999981,-14.19999999999999,-34.20000000000002,0.007936507936507936,0.24801587301587302,0.0,NORMAL,44.89999999999998,-0.8173423410393224,-10.600000000000016,0.11826576589606777,36.7,Normal,안정,없음,안정,안정
2021-07-20,0.1026831468529658,NORMAL,0.0587536016698745,-0.7145329147479649,3.419645257071352,2.5150540652566735,5.999455566835724,0.7354722131062836,4.412432863173484,bull_flat,-15.699999999999982,-23.599999999999977,-33.299999999999976,0.011904761904761904,0.25,0.0,NORMAL,45.40000000000002,-0.8004901044750753,-10.399999999999984,0.11995098955249248,37.6,Normal,안정,없음,안정,안정
2021-07-21,0.1002640678652033,NORMAL,0.0078400601044674,-1.0323656957324,3.423337091509588,2.519079823644879,6.003573319923414,0.735855031598434,4.417759635035759,bull_flat,-16.300000000000004,-20.799999999999997,-33.20000000000001,0.011904761904761904,0.251984126984127,0.0,NORMAL,45.19999999999999,-0.8064046441027184,-10.300000000000004,0.11935953558972817,38.1,Normal,안정,없음,안정,안정
2021-07-22,0.1072076026971562,NORMAL,0.0051283165334535,-0.7175695750878875,3.56274214320198,2.5206380131026833,5.993382594780471,0.7074994236987593,4.240314731813357,bull_flat,-13.900000000000002,-15.200000000000014,-34.20000000000002,0.007936507936507936,0.25396825396825395,0.0,NORMAL,44.59999999999999,-0.8253126994256189,-9.900000000000029,0.11746873005743812,37.5,Normal,안정,없음,안정,안정
2021-07-23,0.1018983200227219,NORMAL,0.0075076639257057,-0.9204225836927916,3.427811945956513,2.522196202560488,6.001030045345903,0.7358035511649641,4.4155792180131614,bull_flat,-21.200000000000017,-16.400000000000013,-33.7,0.011904761904761904,0.25595238095238093,0.0,NORMAL,44.79999999999999,-0.8181955112724878,-8.000000000000014,0.11818044887275123,37.2,Normal,안정,없음,안정,안정
2021-07-26,0.0978648539527702,NORMAL,0.0060549219714269,-1.1139781990485822,3.2504412655903665,2.522269236209579,6.007366117920109,0.7759774843221072,4.66158084758551,bull_flat,-27.400000000000002,-17.300000000000004,-32.7,0.021825396825396824,0.25793650793650796,0.0,NORMAL,45.19999999999999,-0.8045854269949251,-7.100000000000023,0.1195414573005075,37.3,Normal,안정,없음,안정,안정
2021-07-27,0.0986732613898404,NORMAL,0.0011068111861724,-1.248000947634978,3.2577801612367034,2.52234226985867,6.005941141889965,0.7742518356122441,4.650110953687403,bull_flat,-24.099999999999987,-16.19999999999997,-32.299999999999976,0.01984126984126984,0.25992063492063494,0.0,NORMAL,45.000000000000014,-0.8105005951499269,-6.79999999999999,0.11894994048500732,36.9,Low-Vol,안정,없음,안정,안정
2021-07-28,0.0977035847531493,NORMAL,0.0434671487105101,-1.2575626505176256,3.2582688332109364,2.5225691688583574,6.006330644044834,0.7742053519790242,4.650133330375129,bull_flat,-23.0,-20.100000000000012,-33.40000000000001,0.003968253968253968,0.2619047619047619,0.0,NORMAL,43.39999999999999,-0.8619340398043033,-8.400000000000013,0.11380659601956968,36.3,Normal,안정,없음,안정,안정
2021-07-29,0.1020693550261409,NORMAL,0.0104831351762004,-1.145165987346434,3.3655335074061816,2.522796067858045,5.999840289540524,0.7495976677416488,4.497466287861956,bull_flat,-20.099999999999984,-16.299999999999986,-33.1,0.003968253968253968,0.2638888888888889,0.0,NORMAL,43.1,-0.871024784819419,-7.5,0.1128975215180581,35.8,Normal,안정,없음,안정,안정
2021-07-30,0.0996494934537994,NORMAL,0.032053702394691,-1.089127789942873,3.329971550376348,2.525049801416289,6.003629933022276,0.7582796919483927,4.552430656184281,bull_flat,-22.69999999999999,-15.999999999999993,-33.000000000000014,0.003968253968253968,0.26587301587301587,0.0,NORMAL,42.99999999999999,-0.8735994851301345,-7.000000000000014,0.11264005148698655,35.699999999999996,Normal,안정,없음,안정,안정
2021-08-02,0.104979976624661,NORMAL,0.5166884471100802,-1.0230960660376345,3.4742511499072206,2.5273035349745334,5.995621147764824,0.7274383531662715,4.361444773938914,bull_flat,-18.199999999999996,-15.500000000000004,-33.99999999999999,0.003968253968253968,0.26785714285714285,0.0,NORMAL,42.3,-0.8956862425409222,-7.700000000000003,0.11043137574590778,35.0,High-Vol,주의,금리,주의,안정
2021-08-03,0.1022416726908839,NORMAL,0.0482774184690788,-1.156335375032843,3.3526854907670742,2.529664987672671,5.9993334172991295,0.7545190250141534,4.526611200755368,bull_flat,-22.90000000000003,-20.600000000000023,-34.20000000000002,0.003968253968253968,0.2698412698412698,0.0,NORMAL,42.1,-0.9014788663160492,-7.79999999999999,0.10985211336839508,34.699999999999996,Normal,안정,없음,안정,안정
2021-08-04,0.0964261958714463,NORMAL,0.0105123140177441,-1.289342635397721,2.961023116211167,2.5320264403708093,6.005438571040271,0.8551187684109375,5.135363234635497,bull_flat,-17.300000000000004,-18.100000000000005,-34.1,0.00992063492063492,0.2718253968253968,0.0,NORMAL,42.3,-0.8942521321419141,-8.200000000000017,0.1105747867858086,34.699999999999996,Normal,안정,없음,안정,안정
2021-08-05,0.0983678411516575,NORMAL,0.0021541506602481,-1.1642615155107128,2.91648671124045,2.533758317426549,6.002789214298925,0.8687707396921011,5.215047625922243,bull_flat,-12.399999999999988,-17.99999999999998,-34.49999999999998,0.007936507936507936,0.27380952380952384,0.0,NORMAL,42.20000000000001,-0.896796079638234,-8.499999999999979,0.1103203920361766,34.699999999999996,Low-Vol,안정,없음,안정,안정
2021-08-06,0.1019238932887038,NORMAL,0.0063152583344805,-1.214286425689587,2.862511778877173,2.535490194482288,5.997272525083534,0.8857571218368365,5.312126850689128,bull_flat,-13.3,-19.100000000000012,-34.300000000000004,0.007936507936507936,0.2757936507936508,0.0,NORMAL,42.19999999999999,-0.8960835774869076,-7.700000000000024,0.11039164225130925,33.5,Low-Vol,안정,없음,안정,안정
2021-08-09,0.1041826038556903,NORMAL,0.0024658428662534,-1.1535198049487718,2.8968948893599897,2.5358222781895714,5.993995842894741,0.8753587461883403,5.246896685694464,bull_flat,-10.799999999999986,-15.999999999999993,-34.29999999999998,0.01984126984126984,0.2777777777777778,0.0,NORMAL,42.3,-0.8921189303008858,-7.000000000000014,0.11078810696991143,33.099999999999994,Low-Vol,안정,없음,안정,안정
2021-08-10,0.102408053712387,NORMAL,0.0004491540730041,-0.9652495824939809,2.8704437581010143,2.5361543618968545,5.993639917065728,0.8835408653241428,5.295625798765577,bull_flat,-11.900000000000022,-12.700000000000022,-34.20000000000002,0.021825396825396824,0.1984126984126984,0.0,NORMAL,42.3,-0.8914146708620526,-4.899999999999999,0.11085853291379474,32.99999999999999,Low-Vol,안정,없음,안정,안정
2021-08-11,0.1032154224319941,NORMAL,0.0004623325844695,-0.8791683172297653,2.8731241019599514,2.5365304454444155,5.9898583879525695,0.8828475051648752,5.288131534094827,bull_flat,-7.400000000000007,-10.30000000000002,-34.000000000000014,0.031746031746031744,0.2003968253968254,0.0,NORMAL,42.59999999999999,-0.8809485908651602,-5.3000000000000185,0.11190514091348398,32.8,Low-Vol,안정,없음,안정,안정
2021-08-12,0.097064325343366,NORMAL,0.0202033132593699,-1.0217364622023355,2.840107484993448,2.536906528991976,5.9927495677911296,0.8932431404080571,5.352982443612775,bull_flat,-10.20000000000001,-1.8000000000000016,-33.900000000000006,0.03571428571428571,0.1130952380952381,0.0,NORMAL,42.7,-0.8770071509230014,-1.3999999999999844,0.11229928490769986,31.999999999999996,Normal,안정,없음,안정,안정
2021-08-13,0.0973878244080574,NORMAL,0.003799946666016,-0.9550703834054444,2.8322577937974387,2.5374639649610162,5.992444539547469,0.8959156085713623,5.368724596478808,neutral,-8.400000000000007,-4.0000000000000036,-33.900000000000006,0.037698412698412696,0.031746031746031744,0.0,NORMAL,42.7,-0.8763269197312843,-2.999999999999986,0.11236730802687157,31.399999999999995,Normal,안정,없음,안정,안정
2021-08-17,0.0908924774509296,NORMAL,0.0085609782202477,-1.1078107935133414,2.8444035541651584,2.5380214009300563,6.001260318105694,0.8922859758115349,5.354840419039982,neutral,-8.600000000000009,-2.8999999999999915,-33.19999999999997,0.04365079365079365,0.003968253968253968,0.0,NORMAL,42.80000000000001,-0.872392691967572,-2.099999999999966,0.11276073080324281,31.299999999999994,Normal,안정,없음,안정,안정
2021-08-18,0.0900811067538462,NORMAL,0.0028407297090323,-1.1763507410360703,2.238279414381084,2.5374639649610162,6.002734255213968,1.133667203771635,6.805102958092628,neutral,-1.200000000000001,0.8999999999999897,-32.000000000000014,0.04365079365079365,0.003968253968253968,0.0,NORMAL,42.79999999999999,-0.8717203060590216,-2.60000000000003,0.11282796939409784,31.099999999999994,Low-Vol,안정,없음,안정,안정
2021-08-19,0.0879706463768095,NORMAL,0.0025224116769287,-1.2323351628296837,2.2319451040221487,2.536906528991976,6.006447397340668,1.1366348233297772,6.827137276315909,neutral,-0.9999999999999787,1.3000000000000123,-31.1,0.05357142857142857,0.003968253968253968,0.0,NORMAL,42.99999999999999,-0.8645368439265146,-2.200000000000003,0.11354631560734854,31.399999999999995,Low-Vol,안정,없음,안정,안정
2021-08-20,0.0855328089509404,NORMAL,0.0004282308100431,-1.2235089878428085,2.001946421282104,2.5365304454444155,6.009787062134129,1.2,7.2117444745609545,neutral,-6.800000000000006,-3.500000000000014,-31.3,0.05555555555555555,0.005952380952380952,0.0,NORMAL,42.99999999999999,-0.8638768303040673,-1.6000000000000014,0.11361231696959329,30.899999999999995,Low-Vol,안정,없음,안정,안정
2021-08-23,0.09139107855555,NORMAL,0.0003266600956082,-1.1396705692066773,2.058736198943933,2.5361543618968545,6.000902303707569,1.2,7.201082764449083,neutral,0.10000000000001119,0.5000000000000115,-30.600000000000012,0.06547619047619048,0.003968253968253968,0.0,NORMAL,43.1,-0.8599612376377325,-1.6999999999999886,0.11400387623622676,29.699999999999992,Low-Vol,안정,없음,안정,안정
2021-08-24,0.0944675276635833,NORMAL,0.0127646357377047,-1.1216539162211845,2.2523905429331634,2.5358222781895714,5.988237428088889,1.1258359639919775,6.741773057465294,neutral,7.600000000000007,0.7000000000000117,-29.399999999999988,0.031746031746031744,0.005952380952380952,0.0,NORMAL,42.40000000000001,-0.8821105883925772,-2.799999999999976,0.11178894116074228,28.1,Normal,안정,없음,안정,안정
2021-08-25,0.0939816168831375,NORMAL,0.0047414633265909,-1.169971491116606,2.257245643419621,2.535490194482288,5.988997639942767,1.1232672889961324,6.727245142822746,neutral,6.799999999999984,1.2999999999999678,-28.800000000000008,0.0496031746031746,0.007936507936507936,0.0,NORMAL,42.79999999999999,-0.8683963903434928,-2.200000000000024,0.11316036096565073,27.200000000000003,Normal,안정,없음,안정,안정
2021-08-26,0.0926855243826183,NORMAL,0.9999999857253734,-1.2880623290357749,2.262067056570399,2.533758317426549,5.991758865951304,1.1201075185048097,6.711414154819908,bear_steep,6.599999999999984,8.700000000000003,-27.999999999999986,0.08333333333333333,0.015873015873015872,0.0060000000000002,NORMAL,43.80000000000001,-0.8351511254115083,0.4000000000000199,0.11648488745884918,37.000000000000014,High-Vol,주의,금리,주의,안정
2021-08-27,0.0930100160796216,NORMAL,0.2526355606602209,-1.2003334281113298,2.2013153962311325,2.5320264403708093,5.98899574930202,1.150233376237629,6.88874280099247,bear_steep,5.000000000000004,7.300000000000023,-28.599999999999987,0.08333333333333333,0.017857142857142856,0.0045000000000001,NORMAL,43.40000000000001,-0.8475693295894992,0.3000000000000113,0.11524306704105008,35.50000000000001,Normal,안정,없음,안정,안정
2021-08-30,0.0860298813937716,NORMAL,0.0131424037387146,-1.2169465427177562,2.260292249385375,2.529664987672671,5.995185062781024,1.119176065997901,6.709667633492646,bear_steep,3.8999999999999924,5.800000000000005,-27.699999999999996,0.08531746031746032,0.01984126984126984,0.0060000000000004,NORMAL,43.40000000000001,-0.846936343778248,0.400000000000027,0.11530636562217521,35.90000000000001,Normal,안정,없음,안정,안정
2021-08-31,0.0830972694881,NORMAL,0.008705101642752,-1.14401664512321,2.13907874907327,2.5273035349745334,5.995489491822154,1.1814915818641352,7.083620363742757,neutral,0.49999999999998934,4.499999999999993,-27.60000000000001,0.08134920634920635,0.021825396825396824,0.0164999999999999,NORMAL,43.39999999999999,-0.8463047744393178,1.0999999999999943,0.11536952255606822,36.00000000000001,Normal,안정,없음,안정,안정
2021-09-01,0.0873725213388312,NORMAL,0.0235935660445187,-0.8177583317006872,2.1969835780235782,2.525049801416289,5.988083929917355,1.1493257513048147,6.8822590616285515,bear_steep,5.200000000000005,7.700000000000001,-28.60000000000001,0.07539682539682539,0.023809523809523808,0.015,NORMAL,43.1,-0.8554541998807316,1.0,0.11445458001192685,35.80000000000001,Normal,안정,없음,안정,안정
2021-09-02,0.0872099480031454,NORMAL,0.0563529752621724,-0.762224601780066,2.1088472780420324,2.522796067858045,5.988185601716608,1.1962914973152277,7.163615519679048,bear_steep,7.499999999999996,7.099999999999995,-29.60000000000001,0.08333333333333333,0.025793650793650792,0.015,NORMAL,43.3,-0.848291533868603,1.0,0.1151708466131397,35.30000000000001,Normal,안정,없음,안정,안정
2021-09-03,0.0875351223119849,NORMAL,0.0098723422898722,-0.6697734343703958,2.1000939828593705,2.5225691688583574,5.9873503817972065,1.2,7.184820458156648,neutral,6.500000000000017,4.200000000000009,-17.0,0.051587301587301584,0.027777777777777776,0.0089999999999997,NORMAL,42.79999999999999,-0.8639627853888007,0.5999999999999801,0.11360372146111994,35.20000000000001,Normal,안정,없음,안정,안정
2021-09-06,0.0919242292062789,NORMAL,0.0028753166415397,-0.6142657392075126,2.12640046730818,2.52234226985867,5.980643346499557,1.1862028383824212,7.094256112970717,neutral,7.000000000000006,4.400000000000009,-17.40000000000002,0.00992063492063492,0.02976190476190476,0.0,NORMAL,42.19999999999999,-0.8828749077616901,0.0,0.111712509223831,35.400000000000006,Low-Vol,안정,없음,안정,안정
2021-09-07,0.0927351614088662,NORMAL,0.0004985481776161,-0.5671089971264526,2.1124879320739134,2.522269236209579,5.979379260671642,1.1939804237051272,7.139261783150378,neutral,6.1000000000000165,3.300000000000014,-17.00000000000002,0.03571428571428571,0.031746031746031744,0.0014999999999998,NORMAL,42.399999999999984,-0.8756734327085489,0.0999999999999872,0.11243265672914511,35.50000000000001,Low-Vol,안정,없음,안정,안정
2021-09-08,0.0993819793713564,NORMAL,0.000479883253169,-0.25425255345089,2.2759613353482133,2.522196202560488,5.96943335297791,1.1081893894188681,6.615262702613216,bear_steep,10.000000000000009,4.299999999999993,-17.000000000000014,0.003968253968253968,0.03373015873015873,0.0,NORMAL,41.899999999999984,-0.8913121649344808,-0.4000000000000128,0.11086878350655192,35.400000000000006,Low-Vol,안정,없음,안정,안정
2021-09-09,0.0967971388633015,NORMAL,0.0017370201870218,-0.3228102639261219,2.300594888741885,2.5206380131026833,5.972812875523368,1.0956461850096226,6.544089640843532,neutral,6.600000000000006,-1.4000000000000012,-17.10000000000001,0.015873015873015872,0.003968253968253968,0.0,NORMAL,42.19999999999999,-0.880836786772014,-0.3999999999999986,0.1119163213227986,35.30000000000001,Low-Vol,안정,없음,안정,안정
2021-09-10,0.0977677723224812,NORMAL,0.3742096938089978,-0.3368349931343254,2.2726288973924405,2.519079823644879,5.971400003257411,1.1084431015266991,6.618957140067186,neutral,8.399999999999984,-0.40000000000000036,-13.799999999999995,0.12301587301587301,0.003968253968253968,0.012,NORMAL,43.5,-0.837753567616028,0.8000000000000043,0.11622464323839721,34.80000000000001,Normal,안정,없음,안정,안정
2021-09-13,0.1027801542424116,NORMAL,0.020670155597127,-0.0185360345578257,2.349081567448508,2.5150540652566735,5.9637649097586705,1.070654208056487,6.3851299964927355,bear_flat,11.299999999999999,-0.49999999999998934,-13.799999999999995,0.12698412698412698,0.003968253968253968,0.0150000000000001,NORMAL,43.7,-0.8306136588129852,1.000000000000007,0.11693863411870148,35.59999999999999,Normal,안정,없음,안정,안정
2021-09-14,0.1341089101760499,NORMAL,0.0624277168659518,0.2522953670277329,2.139134109129704,2.511028306868468,5.95830718237707,1.1738526799939941,6.9941748542607876,bear_steep,17.400000000000016,4.100000000000015,-11.499999999999982,0.1349206349206349,0.007936507936507936,0.018,NORMAL,44.000000000000014,-0.8202194576222568,1.2000000000000028,0.11797805423777433,36.39999999999999,Normal,안정,없음,안정,안정
2021-09-15,0.1008560244675143,NORMAL,0.021762281268889,-0.1176855781486463,2.3363489285184924,2.5106378630006603,5.967316578828225,1.074598846240269,6.412471510759239,bear_steep,14.399999999999991,4.0999999999999925,-10.800000000000015,0.15476190476190477,0.00992063492063492,0.033,NORMAL,44.99999999999999,-0.786990090277326,2.200000000000003,0.1213009909722674,38.29999999999999,Normal,안정,없음,안정,안정
2021-09-16,0.104787587047978,NORMAL,0.0055550224249638,0.0093880844684828,2.29779642724343,2.510247419132853,5.962784301666166,1.0924585787367995,6.5140948635123195,bear_steep,17.500000000000004,2.5000000000000133,-10.700000000000005,0.1488095238095238,0.015873015873015872,0.027,NORMAL,44.79999999999999,-0.792971506850171,1.8000000000000045,0.1207028493149829,38.99999999999999,Normal,안정,없음,안정,안정
2021-09-17,0.1118873659990778,NORMAL,0.0029689644075971,0.0374421733926376,2.2538563443690607,2.509841123757244,5.956498518638181,1.1135763510517096,6.633015885430019,bear_steep,21.500000000000007,4.400000000000026,-10.200000000000015,0.14285714285714285,0.01984126984126984,0.0195000000000001,NORMAL,44.3,-0.8087419313839246,1.3000000000000114,0.11912580686160755,39.69999999999999,Low-Vol,안정,없음,안정,안정
2021-09-23,0.1127771912386204,NORMAL,0.0015978234807453,-0.0047138863055693,2.2269875806143515,2.509434828381635,5.948920205459771,1.1268292873413177,6.703417515568599,bear_steep,21.000000000000018,4.100000000000015,-9.000000000000014,0.13095238095238096,0.021825396825396824,0.0104999999999998,NORMAL,43.79999999999999,-0.8244949543434712,0.6999999999999886,0.11755050456565289,40.29999999999999,Low-Vol,안정,없음,안정,안정
2021-09-24,0.1289183328800758,NORMAL,0.009422949252534,0.0695880433197817,2.255817041853311,2.5094348283816337,5.936562179293139,1.1124283493842027,6.604000066127751,bear_steep,21.300000000000008,7.600000000000007,-8.100000000000025,0.14682539682539683,0.023809523809523808,0.0269999999999996,NORMAL,44.19999999999999,-0.8108379602150215,1.7999999999999758,0.11891620397849785,40.49999999999999,Low-Vol,안정,없음,안정,안정
2021-09-27,0.153999118863174,NORMAL,0.0042411042801962,0.2754739273180945,2.235220464812324,2.5094348283816323,5.933196154508751,1.1226788891235084,6.661074067695757,bear_steep,23.20000000000002,10.10000000000002,-6.9,0.17063492063492064,0.017857142857142856,0.0315000000000001,NORMAL,44.9,-0.7873972991804228,2.1000000000000085,0.12126027008195772,40.79999999999999,Low-Vol,안정,없음,안정,안정
2021-09-28,0.2181342059271847,NORMAL,0.0265760770318351,0.7119944294383667,2.761082930186709,2.5094348283816337,5.912427489561621,0.9088589121848439,5.373562416534742,bear_steep,32.79999999999998,11.699999999999978,-6.600000000000011,0.1865079365079365,0.011904761904761904,0.0209999999999996,NORMAL,45.19999999999999,-0.7770501943554273,1.3999999999999773,0.12229498056445727,40.39999999999999,Normal,안정,없음,안정,안정
2021-09-29,0.1972897299648337,NORMAL,0.0072136225649585,0.5706764976632873,2.973496966624704,2.509434828381635,5.919946379944719,0.8439338787118931,4.996043310193176,bear_steep,28.39999999999998,8.899999999999974,-5.20000000000001,0.19444444444444445,0.013888888888888888,0.0299999999999996,NORMAL,45.39999999999999,-0.769981959422056,1.999999999999979,0.1230018040577944,40.69999999999999,Normal,안정,없음,안정,안정
2021-09-30,0.2009476462609828,NORMAL,0.997053266171162,0.5832129487531773,2.8194064324922974,2.509841123757244,5.917070074359035,0.8902019569908537,5.267387359846429,bear_steep,32.400000000000006,12.9,-4.400000000000009,0.20238095238095238,0.015873015873015872,0.0329999999999996,NORMAL,45.59999999999999,-0.762921382790948,2.1999999999999744,0.1237078617209052,41.099999999999994,High-Vol,주의,금리,주의,안정
2021-10-01,0.2202529489191346,NORMAL,0.9996519220683512,0.7238535467405663,2.791547392057899,2.510247419132853,5.911378006680681,0.899231525237451,5.315697461202592,bear_steep,34.60000000000001,10.80000000000001,-4.599999999999982,0.2003968253968254,0.017857142857142856,0.0300000000000004,NORMAL,45.40000000000002,-0.7689440404776248,2.0000000000000284,0.12310559595223752,40.89999999999999,High-Vol,주의,금리,주의,안정
2021-10-05,0.226853352243532,NORMAL,0.2037726550094522,0.7355241952336956,2.7995253357066,2.5106378630006603,5.903601144378226,0.8968084092609133,5.294399151200745,bear_steep,34.9,11.60000000000001,-4.799999999999987,0.18253968253968253,0.01984126984126984,0.03,NORMAL,45.1,-0.7782305333185535,2.0,0.12217694666814466,40.99999999999999,Normal,안정,없음,안정,안정
2021-10-06,0.33151079237996,WARNING,0.1149413879624085,1.4904261316936214,3.414812933151837,2.511028306868468,5.8779360036516906,0.7353340742301848,4.322246629629488,bear_steep,45.8,16.09999999999998,-5.300000000000043,0.1865079365079365,0.005952380952380952,0.0284999999999995,NORMAL,45.19999999999997,-0.7744281320620421,1.8999999999999704,0.12255718679379579,39.99999999999999,Normal,주의,금리,주의,안정
2021-10-07,0.3423590241034689,WARNING,0.0259473486929226,1.6156953324672825,3.473751195526395,2.5150540652566735,5.880962443574063,0.7240167541347343,4.257915339584769,bear_steep,44.39999999999999,17.700000000000003,-5.299999999999999,0.20436507936507936,0.007936507936507936,0.039,NORMAL,45.39999999999999,-0.7673595654162679,2.6000000000000014,0.12326404345837322,40.19999999999999,Normal,주의,금리,주의,안정
2021-10-08,0.3176414648019241,WARNING,0.0101703516767337,1.4343828666933307,3.5587697460306646,2.519079823644879,5.883911270359986,0.7078513091369787,4.16493429557014,bear_steep,40.40000000000001,16.200000000000014,-4.400000000000009,0.21825396825396826,0.00992063492063492,0.0495000000000001,NORMAL,45.5,-0.7635697717386472,3.300000000000012,0.12364302282613529,40.29999999999999,Normal,주의,금리,주의,안정
2021-10-12,0.3652515363597698,WARNING,0.8048606715534184,1.724700358709624,3.726773685812322,2.5206380131026833,5.864953243749226,0.6763592924085117,3.9668156259512317,bear_steep,47.199999999999996,12.1,-4.600000000000009,0.15873015873015872,0.003968253968253968,0.0345000000000002,NORMAL,44.7,-0.7892295775567332,2.3000000000000185,0.1210770422443267,37.999999999999986,High-Vol,주의,금리,주의,안정
2021-10-13,0.332378097702895,WARNING,0.1006246908377571,1.4524995844447777,4.00997112471557,2.522196202560488,5.874864683089103,0.6289811382966977,3.695179075708452,bear_steep,38.49999999999998,4.999999999999982,-2.6000000000000076,0.15674603174603174,0.003968253968253968,0.0405,NORMAL,44.59999999999999,-0.7919578062598908,2.700000000000003,0.12080421937401092,38.19999999999999,Normal,주의,금리,주의,안정
2021-10-14,0.3206544371700473,WARNING,0.0581298644245578,1.33948577012349,4.233136823730254,2.522269236209579,5.88619551450648,0.5958392892169612,3.507226551555606,bear_steep,35.099999999999994,3.7000000000000144,-3.0999999999999917,0.1746031746031746,0.005952380952380952,0.0390000000000004,NORMAL,44.80000000000002,-0.784865713361807,2.60000000000003,0.12151342866381931,38.69999999999999,Normal,주의,금리,주의,안정
2021-10-15,0.3165039157687643,WARNING,0.0133727879630774,1.2976081400707966,4.2346316561370365,2.52234226985867,5.885538623819282,0.5956462036557932,3.505698737747497,bear_steep,35.00000000000001,5.600000000000005,1.30000000000004,0.2261904761904762,0.013888888888888888,0.0285000000000003,NORMAL,45.40000000000002,-0.7646882882682412,1.90000000000002,0.12353117117317589,39.89999999999999,Normal,주의,금리,주의,안정
2021-10-18,0.3514718998091252,WARNING,0.0547533678282439,1.5208637618786935,4.266303095803575,2.5225691688583574,5.873810677552127,0.5912775328456175,3.473052285825266,bear_steep,36.3,1.29999999999999,0.10000000000003895,0.24603174603174602,0.007936507936507936,0.0315000000000002,NORMAL,45.80000000000002,-0.7510790843807958,2.100000000000016,0.12489209156192042,38.99999999999999,Normal,주의,금리,주의,안정
2021-10-19,0.3591079834819515,WARNING,0.0071838283822784,1.5919640758658968,4.352552185363869,2.522796067858045,5.878674428788093,0.5796130546903808,3.4073564432000962,bear_flat,31.899999999999995,-1.2000000000000233,1.0000000000000286,0.25,0.003968253968253968,0.0284999999999998,NORMAL,45.900000000000006,-0.7473072690259697,1.8999999999999917,0.12526927309740304,39.19999999999999,Normal,주의,금리,주의,안정
2021-10-20,0.4056689394212961,WARNING,0.0011169484848702,2.0760354874668434,4.185975959897776,2.525049801416289,5.876276711745193,0.6032165080752045,3.5446671185425807,bear_steep,36.7,1.200000000000001,1.6999999999999904,0.25396825396825395,0.013888888888888888,0.0315000000000002,NORMAL,47.10000000000001,-0.7075101257448428,2.100000000000016,0.12924898742551572,40.099999999999994,Low-Vol,주의,금리,주의,안정
2021-10-21,0.4118852003208649,WARNING,0.0026058788620717,2.129195611700943,4.215744299646268,2.5273035349745334,5.877435285024111,0.5994916568318892,3.5234734169413113,bear_steep,34.49999999999997,1.8999999999999684,2.2000000000000073,0.2619047619047619,0.027777777777777776,0.0390000000000001,NORMAL,47.4,-0.6972328789190473,2.6000000000000085,0.13027671210809527,41.099999999999994,Low-Vol,주의,금리,주의,안정
2021-10-22,0.4070692505064547,WARNING,0.002107152502864,2.0638242709544343,4.2140460617471085,2.529664987672671,5.871033899948243,0.6002936253202447,3.524344224177985,bear_flat,34.3,-1.100000000000012,2.700000000000019,0.2619047619047619,0.04365079365079365,0.0450000000000002,NORMAL,47.30000000000001,-0.7000724433036182,3.000000000000014,0.1299927556696382,41.599999999999994,Low-Vol,주의,금리,주의,안정
2021-10-25,0.4310970940857241,WARNING,0.0043419153231061,2.301271888989024,4.201537938973249,2.5320264403708093,5.866978437441003,0.602642764898982,3.5356921071421556,bear_flat,32.699999999999996,-3.400000000000003,2.0000000000000018,0.25396825396825395,0.06944444444444445,0.045,NORMAL,46.79999999999999,-0.7160205778256629,3.0,0.12839794221743372,41.99999999999999,Low-Vol,주의,금리,주의,안정
2021-10-26,0.4584239687206812,WARNING,0.0160289315457502,2.5580147207747137,4.128702485106709,2.533758317426549,5.859457442257406,0.6136936063003973,3.595911568702649,bear_flat,30.49999999999997,-6.700000000000039,2.4000000000000075,0.27380952380952384,0.07142857142857142,0.051,NORMAL,47.6,-0.689337461917176,3.4000000000000057,0.1310662538082824,41.300000000000004,Normal,주의,금리,주의,안정
2021-10-27,0.4751628208292929,WARNING,0.8668291344018874,2.656433422532169,4.141888076965053,2.535490194482288,5.850453937595202,0.6121580659273042,3.58140256723506,bear_flat,31.899999999999995,-15.90000000000001,1.199999999999951,0.25396825396825395,0.07341269841269842,0.0194999999999995,NORMAL,46.19999999999997,-0.7348153699244175,1.2999999999999687,0.12651846300755826,39.900000000000006,High-Vol,주의,금리,주의,안정
2021-10-28,0.4181637713975354,WARNING,0.4694345937238832,2.112437424851317,4.41557947559131,2.5358222781895714,5.870932695818539,0.5742898054960246,3.37161679596188,bear_flat,14.100000000000001,-26.69999999999999,3.6000000000000307,0.2619047619047619,0.07539682539682539,0.0270000000000004,NORMAL,47.00000000000002,-0.7081025768188454,1.800000000000033,0.12918974231811547,36.3,Normal,주의,금리,주의,안정
2021-10-29,0.5345018044891987,HIGH,0.7265378796253716,2.2555987429480853,5.732584610434425,2.5361543618968545,5.8297429434899435,0.4424102798728095,2.579138207215922,bear_flat,35.20000000000003,-14.79999999999999,3.89999999999997,0.2619047619047619,0.02976190476190476,0.0239999999999997,NORMAL,46.99999999999997,-0.7076556711009275,1.59999999999998,0.12923443288990727,34.9,High-Vol,경계,금리,경계,안정
2021-11-01,0.5064590665385384,HIGH,0.5590460545035958,2.0156077800064507,6.051574392798878,2.5365304454444155,5.844698431236557,0.4191521545967907,2.4498179404212856,bear_flat,26.89999999999997,-24.600000000000044,4.200000000000009,0.2757936507936508,0.031746031746031744,0.0240000000000001,NORMAL,47.2,-0.7006474582911505,1.6000000000000083,0.12993525417088497,34.699999999999996,High-Vol,경계,금리,경계,안정
2021-11-02,0.47979681865689,WARNING,0.3525598035522352,1.8201896620654276,6.111671319351984,2.536906528991976,5.852139168788161,0.4150921076136932,2.4291767816209244,bear_flat,22.199999999999996,-18.29999999999999,8.100000000000001,0.31746031746031744,0.05357142857142857,0.0749999999999996,NORMAL,50.4,-0.5951821294035564,4.999999999999979,0.14048178705964437,36.5,Normal,주의,금리,주의,안정
2021-11-03,0.4764167693189835,WARNING,0.0449682767263676,1.8454917710457075,6.106206937035044,2.5374639649610162,5.854384545665136,0.4155548593630072,2.432817946530838,bear_flat,17.900000000000027,-20.699999999999992,8.200000000000014,0.31746031746031744,0.05555555555555555,0.0780000000000001,NORMAL,50.30000000000001,-0.5981274267991986,5.20000000000001,0.1,37.1,Normal,주의,금리,주의,안정
2021-11-04,0.4477566786735876,WARNING,0.0068271388268438,1.7742919878464338,5.735528700449887,2.5380214009300563,5.8635237670885365,0.4425087090455981,2.5946603326325306,bear_flat,2.8999999999999915,-29.200000000000003,8.100000000000001,0.32341269841269843,0.07142857142857142,0.0780000000000006,NORMAL,50.4,-0.5945030590044351,5.200000000000031,0.1,38.5,Normal,주의,금리,주의,안정
2021-11-05,0.4047635302550551,WARNING,0.1281860026710122,1.4366092336031693,6.000725833290164,2.542464355109093,5.883145208690165,0.4236928041278424,2.4926462905612166,bull_flat,-3.699999999999992,-27.699999999999996,10.199999999999992,0.3531746031746032,0.11904761904761904,0.111666666666667,NORMAL,52.400000000000006,-0.5284622260044878,7.000000000000014,0.1,41.300000000000004,Normal,주의,금리,주의,안정
2021-11-08,0.3842534703418053,WARNING,0.0188018035412621,1.3020403493252275,6.011206639532369,2.54690730928813,5.888748570080679,0.4236931887415971,2.4950226593550036,bull_flat,-4.499999999999993,-24.999999999999982,11.000000000000037,0.3611111111111111,0.12103174603174603,0.1221666666666671,NORMAL,53.20000000000002,-0.501888256811926,7.700000000000024,0.1,42.1,Normal,주의,금리,주의,안정
2021-11-09,0.3493651203398554,WARNING,0.0095123453122958,1.1408504775270083,5.78283303362089,2.547617467131549,5.89776934792599,0.4405483354473355,2.598252469081112,bull_flat,-15.399999999999991,-20.400000000000002,11.500000000000005,0.36507936507936506,0.1488095238095238,0.1631666666666668,NORMAL,53.8,-0.4819005087681141,9.1,0.1,44.60000000000001,Normal,주의,금리,주의,안정
2021-11-10,0.3556430301138514,WARNING,0.0105497292376558,1.1826012021055603,5.732676420954576,2.548327624974968,5.8939128456025625,0.44452668140488444,2.620001517745326,bull_flat,-9.199999999999964,-14.499999999999963,11.699999999999983,0.36904761904761907,0.15079365079365079,0.1743333333333334,NORMAL,53.99999999999998,-0.475075291275417,9.399999999999991,0.1,45.400000000000006,Normal,주의,금리,주의,안정
2021-11-11,0.359258990070224,WARNING,0.0322995100797309,1.221845032379691,5.683910810811804,2.548389583608703,5.885912777034891,0.44835143766879926,2.638957455576748,bull_flat,-0.9999999999999787,-10.999999999999993,11.399999999999993,0.37103174603174605,0.15873015873015872,0.1779999999999996,NORMAL,53.99999999999998,-0.4748323739182127,9.19999999999996,0.1,45.70000000000001,Normal,주의,금리,주의,안정
2021-11-12,0.3644084856234315,WARNING,0.0404822728854377,1.2688678282638244,5.68306811131935,2.5484515422424376,5.883876430062406,0.448428822657697,2.638499780196258,bull_flat,-1.200000000000001,-18.500000000000007,10.400000000000015,0.3611111111111111,0.1626984126984127,0.1555000000000001,NORMAL,53.100000000000016,-0.5042064357754021,7.699999999999996,0.1,46.70000000000001,Normal,주의,금리,주의,안정
2021-11-15,0.3342537263682361,WARNING,0.012758182546913,1.1105953678027567,5.667627369543637,2.548658049266649,5.8954838835872465,0.4496869471275543,2.6511221494500465,bull_flat,-10.199999999999987,-13.899999999999979,11.799999999999994,0.38095238095238093,0.16468253968253968,0.1771666666666664,NORMAL,54.49999999999999,-0.4578579382437704,8.699999999999974,0.1,47.10000000000001,Normal,주의,금리,주의,안정
2021-11-16,0.3714298583564327,WARNING,0.0064827791168231,1.3346775302196123,5.723000685139344,2.5488645562908605,5.886439762698477,0.44537205157241744,2.621655753570475,bull_flat,-4.599999999999982,-14.29999999999998,11.399999999999972,0.38095238095238093,0.16666666666666666,0.1778333333333331,NORMAL,54.19999999999998,-0.467506332239157,8.299999999999976,0.1,46.50000000000001,Normal,주의,금리,주의,안정
2021-11-17,0.3888142729033566,WARNING,0.0070469487911732,1.4261205279739984,5.748617682813672,2.5508891341586537,5.880404459423726,0.4437395692159017,2.6093681416399517,bull_flat,-3.299999999999992,-15.999999999999993,11.500000000000005,0.38492063492063494,0.16865079365079366,0.1546666666666666,NORMAL,54.29999999999999,-0.4639754512917853,7.1999999999999815,0.1,46.60000000000001,Normal,주의,금리,주의,안정
2021-11-18,0.3827146474521379,WARNING,0.0025457086261719,1.3997306713814646,5.764820716617038,2.5529137120264465,5.885580243463499,0.4428435570715492,2.6063912904454107,bull_flat,-4.999999999999982,-16.69999999999998,11.799999999999994,0.3968253968253968,0.17063492063492064,0.1509999999999999,NORMAL,54.79999999999998,-0.4472655389281971,7.399999999999984,0.1,46.70000000000001,Low-Vol,주의,금리,주의,안정
2021-11-19,0.4087369124939894,WARNING,0.0016699618140021,1.5448011520438143,5.79559496968445,2.553119858160869,5.877727166925073,0.44052765445406505,2.5893013623664394,bull_flat,-3.9000000000000146,-11.60000000000001,11.700000000000005,0.3968253968253968,0.1527777777777778,0.1309999999999999,NORMAL,54.7,-0.4503390031060112,7.399999999999984,0.1,46.00000000000001,Low-Vol,주의,금리,주의,안정
2021-11-22,0.4024641149694637,WARNING,0.0058309722446082,1.4841901217319464,5.794098631139148,2.553326004295292,5.873337377423457,0.4406770003142483,2.588244697316523,bull_flat,-4.0000000000000036,-13.899999999999979,11.400000000000038,0.3968253968253968,0.1349206349206349,0.1221666666666674,NORMAL,54.50000000000004,-0.4567090183083048,7.700000000000045,0.1,44.60000000000001,Low-Vol,주의,금리,주의,안정
2021-11-23,0.3896200751859389,WARNING,0.0027890063631708,1.3876068467269955,5.755480225974118,2.5536738004369055,5.869922092071323,0.44369430528356907,2.60445100471026,bull_flat,-5.699999999999994,-14.100000000000001,12.699999999999962,0.4087301587301587,0.12301587301587301,0.1124999999999998,NORMAL,55.09999999999997,-0.4366896071045812,7.499999999999979,0.1,42.800000000000004,Low-Vol,주의,금리,주의,안정
2021-11-24,0.3855138216651344,WARNING,0.0004705847395128,1.3781138068042706,5.703394649357163,2.554021596578519,5.871694661199276,0.4478072715635041,2.6293875656856414,bull_flat,-9.299999999999997,-6.199999999999978,12.800000000000017,0.42063492063492064,0.07341269841269842,0.1410000000000006,NORMAL,55.60000000000001,-0.4199762051540509,9.40000000000004,0.1,41.300000000000004,Low-Vol,주의,금리,주의,안정
2021-11-25,0.3521129116722364,WARNING,0.9999999970156056,1.248866555607928,5.435407794704732,2.5541246290976622,5.883862584330295,0.46990487661035013,2.764855721681983,neutral,-4.899999999999993,3.499999999999992,12.799999999999995,0.42857142857142855,0.26785714285714285,0.2039999999999998,NORMAL,56.60000000000001,-0.3867634558439451,9.599999999999987,0.1,54.89999999999999,High-Vol,주의,금리,주의,안정
2021-11-26,0.236437202988839,NORMAL,0.647032094620301,0.9007605707613904,3.845571615850056,2.5542276616168054,5.906282815384977,0.6641997384964051,3.9229515014645133,bull_flat,-32.00000000000003,-8.000000000000007,13.599999999999973,0.43253968253968256,0.30357142857142855,0.2300000000000003,NORMAL,56.99999999999999,-0.3733713654170573,10.000000000000014,0.1,49.5,High-Vol,주의,금리,주의,안정
2021-11-29,0.2501745670988216,NORMAL,0.1720884840349913,1.010276043189925,3.6776708876535897,2.554240540097241,5.90430535143776,0.6945266768356442,4.100697574756977,bull_steep,-23.99999999999998,2.400000000000019,13.999999999999996,0.44047619047619047,0.3055555555555556,0.2330000000000002,NORMAL,57.400000000000006,-0.3599824785513136,10.20000000000001,0.1,48.4,Normal,안정,없음,안정,안정
2021-11-30,0.2155481414682873,NORMAL,0.1214792642177713,0.8495947478037059,3.7799018366535457,2.554253418577677,5.917264335942619,0.6757459661542508,3.998567505681636,bull_flat,-26.69999999999999,-2.8000000000000025,14.00000000000004,0.4444444444444444,0.2698412698412698,0.171666666666667,NORMAL,57.40000000000003,-0.359814673450045,7.000000000000028,0.1,47.50000000000001,Normal,안정,없음,안정,안정
2021-12-01,0.1849179565203785,NORMAL,0.5307588426762656,0.6757471844142215,3.799224297558372,2.555118555074539,5.923856163039216,0.6725369062091501,3.9840118967184006,bull_flat,-28.800000000000026,-6.5000000000000115,14.099999999999985,0.4365079365079365,0.2718253968253968,0.1701666666666662,NORMAL,57.19999999999998,-0.3662584798360233,6.89999999999997,0.1,47.0,High-Vol,주의,금리,주의,안정
2021-12-02,0.1940818554507426,NORMAL,0.0412799226025744,0.7232797785118964,3.7988225322564015,2.555983691571401,5.919470935573726,0.6728357721025765,3.9828317973755087,bull_flat,-23.0,-3.499999999999992,12.800000000000017,0.42857142857142855,0.27380952380952384,0.1521666666666667,NORMAL,56.100000000000016,-0.4024622165824599,5.700000000000017,0.1,47.199999999999996,Normal,안정,없음,안정,안정
2021-12-03,0.212877383166175,NORMAL,0.0129786658947465,0.8157485552863276,3.598479210941611,2.556279660341599,5.910045816493186,0.7103777764142479,4.198365205626758,bull_flat,-11.60000000000001,-7.200000000000001,13.600000000000017,0.43253968253968256,0.2757936507936508,0.1199999999999998,NORMAL,56.400000000000006,-0.3923459704512133,4.0,0.16076540295487868,48.10000000000001,Normal,안정,없음,안정,안정
2021-12-06,0.190890739578956,NORMAL,0.0041343072161341,0.6808135257149531,3.598479210941611,2.556575629111798,5.915613920081257,0.7104600247066095,4.202807211815693,bull_flat,-11.60000000000001,-7.500000000000012,14.900000000000007,0.4444444444444444,0.2777777777777778,0.1184999999999994,NORMAL,57.1,-0.3689959098739519,3.89999999999997,0.1631004090126048,49.6,Low-Vol,안정,없음,안정,안정
2021-12-07,0.2036655441461151,NORMAL,0.013224374073882,0.7409214858908281,3.595944352944536,2.556781480019903,5.909405131750695,0.711018088454646,4.201693940681455,bull_flat,-5.299999999999994,-6.0,15.00000000000002,0.4583333333333333,0.27976190476190477,0.1006666666666665,NORMAL,57.400000000000006,-0.3588925615229211,3.6000000000000014,0.1641107438477079,49.500000000000014,Normal,안정,없음,안정,안정
2021-12-08,0.1574428620427999,NORMAL,0.0105695738157769,0.4687296410043914,3.74932976466602,2.556987330928008,5.92273343923422,0.6819851790646047,4.039216425108071,bull_flat,-12.400000000000011,-7.800000000000002,15.900000000000002,0.4722222222222222,0.28174603174603174,0.1036666666666666,NORMAL,57.79999999999998,-0.3454799090281586,3.800000000000004,0.16545200909718416,50.3,Normal,안정,없음,안정,안정
2021-12-09,0.1652915221811087,NORMAL,0.1491869718645053,0.522162950967884,3.6485433286522246,2.5570207785700863,5.922986799189285,0.7008333321656487,4.151026574848976,bull_flat,-15.300000000000002,-3.400000000000003,16.899999999999988,0.4801587301587302,0.3353174603174603,0.1231666666666665,NORMAL,59.09999999999997,-0.3022541542446921,5.099999999999994,0.1,51.1,Normal,안정,없음,안정,안정
2021-12-10,0.1700825363724663,NORMAL,0.0126148338842215,0.5414176607575786,3.6706911725464657,2.557054226212164,5.919799646300408,0.6966138272096208,4.123814287923487,bull_steep,-14.29999999999998,2.0000000000000187,15.90000000000001,0.49007936507936506,0.42857142857142855,0.1411666666666664,NORMAL,59.400000000000006,-0.2921764445945662,6.29999999999999,0.1,51.90000000000001,Normal,안정,없음,안정,안정
2021-12-13,0.1406007755166497,NORMAL,0.0099511541811253,0.3659157364735945,3.605474638438202,2.557290907598742,5.927347564000613,0.7092799600738543,4.204148843538212,bull_flat,-12.9,-0.7000000000000117,17.50000000000001,0.503968253968254,0.5238095238095238,0.1538333333333335,NORMAL,61.20000000000001,-0.2323678190697136,6.700000000000017,0.1,53.2,Normal,안정,없음,안정,안정
2021-12-14,0.1317846931619445,NORMAL,0.0026709395491886,0.3026745011530174,3.476325949226163,2.55752758898532,5.927497779646577,0.7356984432241259,4.36085088870045,bull_steep,-16.400000000000013,1.4999999999999902,17.8,0.5079365079365079,0.6130952380952381,0.1761263912904186,NORMAL,61.80000000000001,-0.2123664621769048,7.60000000000003,0.1,54.6,Low-Vol,안정,없음,안정,안정
2021-12-15,0.1437606946601844,NORMAL,0.0009168571851635,0.3936210141730667,3.385460397828217,2.558350487633515,5.927570318814922,0.7556876132046041,4.479391466327702,bull_flat,-19.300000000000004,-2.7000000000000135,17.20000000000002,0.5119047619047619,0.6904761904761905,0.1905443822416371,NORMAL,62.20000000000001,-0.1990029711653517,7.90000000000002,0.1,55.400000000000006,Low-Vol,안정,없음,안정,안정
2021-12-16,0.1263744942703014,NORMAL,0.000885502659741,0.2901142484345656,3.3822252095951693,2.55917338628171,5.932889150270188,0.7566537494373495,4.489142820548108,bull_flat,-19.10000000000003,-0.40000000000002256,18.400000000000023,0.5158730158730159,0.6924603174603174,0.198042170704616,NORMAL,63.20000000000001,-0.1657231757796398,8.400000000000027,0.1,55.7,Low-Vol,안정,없음,안정,안정
2021-12-17,0.1200502732609004,NORMAL,0.0002399039562661,0.2376106199080171,3.2477482077668336,2.5606507040318034,5.931515900876303,0.7884388013541599,4.6766372871000526,bull_flat,-21.899999999999984,-1.9999999999999796,18.800000000000022,0.5158730158730159,0.6944444444444444,0.2113732952271265,NORMAL,63.10000000000002,-0.1689745310239342,8.400000000000027,0.1,55.800000000000004,Low-Vol,안정,없음,안정,안정
2021-12-20,0.0828139525498076,NORMAL,0.000239891962723,0.0222509682387142,3.282084542995268,2.562128021781897,5.942543426240029,0.7806404704748007,4.63898989607695,bull_flat,-27.89999999999999,-0.10000000000001119,19.400000000000002,0.5198412698412699,0.6964285714285714,0.2225377558035713,NORMAL,63.19999999999999,-0.1655814420577251,8.699999999999953,0.1,55.900000000000006,Low-Vol,안정,없음,안정,안정
2021-12-21,0.0784247714444001,NORMAL,0.0002421241727607,-0.1490580478899071,3.2197539951794028,2.562294915755076,5.944848533792744,0.795804561339571,4.7309375796651265,bull_steep,-30.099999999999973,1.0000000000000453,19.30000000000001,0.5277777777777778,0.6984126984126984,0.2247022190950399,NORMAL,63.5,-0.155541533499749,8.400000000000027,0.1,55.900000000000006,Low-Vol,안정,없음,안정,안정
2021-12-22,0.0862647983769071,NORMAL,0.0006629736821441,-0.0585710482330382,3.512724988111833,2.562461809728255,5.933114625101973,0.7294797681003871,4.328087080832402,bull_steep,-24.70000000000003,0.8999999999999675,18.6,0.5297619047619048,0.75,0.2337921348245552,NORMAL,63.5,-0.155476655406063,7.899999999999991,0.1,56.50000000000001,Low-Vol,안정,없음,안정,안정
2021-12-23,0.0968381853658746,NORMAL,0.0030360171048209,-0.1244775991448886,3.816804946548885,2.5633549648767158,5.917337880814951,0.6715970558554412,3.9740666992571962,bull_flat,-13.599999999999968,-0.7999999999999619,18.4,0.5357142857142857,0.751984126984127,0.1536218994943742,NORMAL,63.59999999999999,-0.152085675986656,6.999999999999979,0.1,55.30000000000002,Low-Vol,안정,없음,안정,안정
2021-12-24,0.095867572840411,NORMAL,0.0010796302801478,-0.0482956031915278,3.23394414559716,2.5642481200251765,5.91885560747674,0.7929166381912507,4.693159090219889,neutral,-4.899999999999993,1.6000000000000014,18.600000000000023,0.5396825396825397,0.753968253968254,0.1469516685900557,NORMAL,64.00000000000001,-0.1387123338714438,7.000000000000028,0.1,56.2,Low-Vol,안정,없음,안정,안정
2021-12-27,0.0966768291219539,NORMAL,0.004266077807434,-0.0739177116732804,3.2235767973512104,2.565878832463105,5.918287573354833,0.7959726086164503,4.710794798305567,neutral,-5.500000000000016,1.29999999999999,17.90000000000001,0.5317460317460317,0.7003968253968254,0.1235187343966691,NORMAL,63.5,-0.1552991329042894,6.099999999999994,0.1,56.800000000000004,Low-Vol,안정,없음,안정,안정
2021-12-28,0.0945736570181339,NORMAL,0.0003399957492853,-0.1708046287330572,3.0125832593866813,2.567509544901034,5.920946948275425,0.8522617713223773,5.046196734043038,neutral,-1.5000000000000124,-0.20000000000001683,17.69999999999996,0.5158730158730159,0.7023809523809523,0.1241832145035147,NORMAL,63.09999999999998,-0.16855518028642,5.699999999999953,0.1,56.60000000000001,Low-Vol,안정,없음,안정,안정
2021-12-29,0.0849839426418557,NORMAL,0.0001841661366757,-0.3171806226461924,2.957399284221834,2.5682037634681905,5.925055431640677,0.8683993998273889,5.1453145807807745,neutral,-0.19999999999997797,2.8000000000000194,17.49999999999999,0.5158730158730159,0.7043650793650794,0.1196810306214467,NORMAL,62.59999999999999,-0.1851421154563309,5.400000000000006,0.1,56.800000000000004,Low-Vol,안정,없음,안정,안정
2021-12-30,0.0960527354533857,NORMAL,0.0505649396598848,-0.4450157424540852,3.313528886883372,2.5688979820353475,5.9094448251335,0.7752755656376948,4.581448179410123,bear_steep,5.000000000000027,9.60000000000003,16.60000000000002,0.5079365079365079,0.6150793650793651,0.1142454830825395,NORMAL,61.79999999999999,-0.2117263061776466,5.699999999999974,0.1,56.300000000000004,Normal,안정,없음,안정,안정
2021-12-31,0.0947463738067126,NORMAL,0.9999999999998088,-0.4038858798683079,3.21846645404135,2.5691028456866243,5.909023612810766,0.7982381927456986,4.716808329581725,bear_steep,1.6000000000000014,11.799999999999983,16.300000000000008,0.5079365079365079,0.6170634920634921,0.1082446404677931,NORMAL,61.7,-0.2149707164876453,5.299999999999997,0.1,56.2,High-Vol,주의,금리,주의,안정
2022-01-03,0.1068923656736948,NORMAL,1.0,-0.1409316488328296,3.572615141233165,2.569307709337901,5.890909804587002,0.7191672228235166,4.23654924406866,bear_steep,11.20000000000001,12.20000000000001,14.999999999999996,0.503968253968254,0.5257936507936508,0.0710000000000001,NORMAL,60.5,-0.2549026604239717,3.4000000000000057,0.17450973395760283,55.90000000000002,High-Vol,주의,금리,주의,안정
2022-01-04,0.1060877949291059,NORMAL,0.5056064574535268,-0.3740812821373496,3.543266408570672,2.570088452485254,5.89169475544992,0.7253444015015538,4.273507806221665,bear_steep,7.999999999999963,8.399999999999958,15.90000000000001,0.5079365079365079,0.5277777777777778,0.0680000000000001,NORMAL,60.60000000000001,-0.2514564290493503,3.200000000000003,0.17485435709506497,55.500000000000014,High-Vol,주의,금리,주의,안정
2022-01-05,0.1149418344878123,NORMAL,0.0595397292911004,-0.0761924622889028,3.4312035635818647,2.570869195632606,5.878385299706803,0.7492616360391199,4.404448586926631,bear_steep,18.999999999999993,10.799999999999981,14.699999999999985,0.48412698412698413,0.5297619047619048,0.0424999999999999,NORMAL,59.299999999999976,-0.2947385208585562,1.499999999999993,0.1705261479141444,56.00000000000001,Normal,안정,없음,안정,안정
2022-01-06,0.1880238480871541,NORMAL,0.757811969139304,0.3676152826893923,4.046346630311301,2.5712760180134984,5.85254167454373,0.635456191210114,3.719033841404021,bear_steep,29.29999999999997,7.399999999999984,12.899999999999977,0.4722222222222222,0.5317460317460317,0.0133333333333333,NORMAL,57.7,-0.3480303018591567,-1.3999999999999773,0.16519696981408433,55.100000000000016,High-Vol,주의,금리,주의,안정
2022-01-07,0.1764726694432244,NORMAL,0.0470605744429045,0.2877212168886203,4.133212717538389,2.57168284039439,5.857543830397272,0.6221994889065383,3.6445607775208297,bear_steep,25.70000000000001,4.699999999999993,12.399999999999967,0.4781746031746032,0.5337301587301587,0.0066666666666666,NORMAL,57.79999999999998,-0.3445329814737551,-1.6000000000000227,0.1655467018526245,55.400000000000006,Normal,안정,없음,안정,안정
2022-01-10,0.1689099329183663,NORMAL,0.0365138266932511,0.2381098060467896,4.0034031575779725,2.571849114370792,5.850764059414228,0.6424157181128719,3.758622794737573,bear_steep,31.499999999999993,4.70000000000001,10.80000000000001,0.44047619047619047,0.5357142857142857,0.0,NORMAL,56.60000000000003,-0.3844705805949393,-4.59999999999998,0.16155294194050607,33.5,Normal,안정,없음,안정,안정
2022-01-11,0.1775938546184207,NORMAL,0.0190655652757118,0.3010995436414296,4.0013944937655,2.5720153883471943,5.851041936612576,0.6427797589951715,3.760931325886473,bear_steep,31.599999999999984,6.2,11.400000000000032,0.4603174603174603,0.5376984126984127,0.0,NORMAL,57.30000000000004,-0.3608974307509506,-4.499999999999972,0.16391025692490496,33.20000000000001,Normal,안정,없음,안정,안정
2022-01-12,0.152429050055225,NORMAL,0.0118002071308035,0.1009251102776711,4.305553329559887,2.5749178825436854,5.864568877731676,0.5980457528804767,3.5072805098024524,bear_steep,26.200000000000003,7.200000000000001,10.7,0.49206349206349204,0.4305555555555556,0.0,NORMAL,57.8,-0.3440161066692704,-4.400000000000006,0.16559838933307297,34.400000000000006,Normal,안정,없음,안정,안정
2022-01-13,0.1372965580622441,NORMAL,0.0061104804772325,0.0251345082505828,4.360649396350818,2.577820376740176,5.872526669785188,0.5911551565914491,3.471574423064324,bear_steep,25.0,6.299999999999989,10.999999999999988,0.49603174603174605,0.25793650793650796,0.0,NORMAL,58.399999999999984,-0.3237933471466035,-4.800000000000026,0.16762066528533964,34.80000000000001,Normal,안정,없음,안정,안정
2022-01-14,0.1627249471184571,NORMAL,0.9999995454874951,0.1161128434191557,4.463536478481705,2.578593442016828,5.857921743412887,0.5777018860376716,3.38413243943071,bear_steep,29.999999999999982,2.2999999999999687,8.299999999999997,0.4226190476190476,0.20833333333333334,0.0,NORMAL,55.60000000000001,-0.4173314777804833,-7.500000000000014,0.1582668522219517,39.99999999999999,High-Vol,주의,금리,주의,안정
2022-01-17,0.2287855730864275,NORMAL,0.5978741075088149,0.3745310676131278,4.748237900305206,2.5793665072934804,5.8301527666912945,0.5432260475254799,3.167090843919453,bear_steep,46.09999999999999,5.299999999999966,8.29999999999998,0.4107142857142857,0.21031746031746032,0.0,NORMAL,55.09999999999997,-0.4338683745046858,-8.100000000000016,0.15661316254953142,39.79999999999999,High-Vol,주의,금리,주의,안정
2022-01-18,0.2101456556567697,NORMAL,0.0390535169888606,0.2537013357806905,4.774835351253382,2.5794685274933533,5.833947225257072,0.5402214605821433,3.151623490987517,bear_steep,45.39999999999998,4.699999999999988,8.20000000000003,0.4365079365079365,0.1984126984126984,0.0,NORMAL,55.800000000000026,-0.410226811367205,-7.699999999999974,0.1589773188632795,39.79999999999999,Normal,안정,없음,안정,안정
2022-01-19,0.1916537530044632,NORMAL,0.0076920064252852,0.1323864884876224,4.810678910397932,2.5795705476932262,5.838783685734315,0.5362175684013482,3.1308583903859155,bear_steep,39.000000000000014,7.400000000000001,11.000000000000037,0.46825396825396826,0.17857142857142858,0.0,NORMAL,57.2,-0.3631478820523558,-6.299999999999997,0.16368521179476442,40.39999999999999,Normal,안정,없음,안정,안정
2022-01-20,0.2331941406470058,NORMAL,0.0220215648421985,0.4390688577971963,4.690763600725877,2.580185048702213,5.833054187649595,0.5500565085614078,3.208509420708035,bear_steep,34.599999999999966,3.1999999999999416,9.499999999999975,0.44841269841269843,0.18055555555555555,0.0,NORMAL,56.49999999999999,-0.386435152726704,-7.099999999999994,0.1613564847273296,38.79999999999999,Normal,안정,없음,안정,안정
2022-01-21,0.1703162096654428,NORMAL,0.9999995440202109,-0.1090639085846042,4.729648924324982,2.5807995497112,5.8366630442645056,0.5456640843758891,3.184857395859181,bear_steep,33.400000000000006,0.0,9.100000000000025,0.44047619047619047,0.18253968253968253,0.0,NORMAL,56.1,-0.399662860733667,-7.90000000000002,0.1600337139266333,39.39999999999999,High-Vol,주의,금리,주의,안정
2022-01-24,0.1841658040763054,NORMAL,0.9993165753893054,0.1085290471036586,4.737473788290219,2.5808989642760123,5.837159370695639,0.5447837982038679,3.1799898526888697,bear_flat,32.90000000000002,-0.6999999999999895,9.099999999999975,0.44841269841269843,0.18452380952380953,0.0,NORMAL,56.29999999999997,-0.392772597219152,-7.200000000000031,0.1607227402780848,39.89999999999998,High-Vol,주의,금리,주의,안정
2022-01-25,0.2060740727844065,NORMAL,0.554724185317974,0.3056668090380804,4.703738714547916,2.580998378840824,5.82776374472302,0.5487121065756069,3.1977645209919157,bear_flat,37.80000000000001,-0.9999999999999842,4.700000000000015,0.4166666666666667,0.1527777777777778,0.0,NORMAL,55.100000000000016,-0.4328341814965237,-7.9999999999999645,0.15671658185034765,37.5,High-Vol,주의,금리,주의,안정
2022-01-26,0.2066428588588083,NORMAL,0.1023525312526588,0.3281482778186933,4.653496139010918,2.58128383451037,5.828863990144721,0.5546977492623453,3.2332577360896098,bear_steep,39.29999999999998,1.999999999999963,5.399999999999983,0.4365079365079365,0.1388888888888889,0.0,NORMAL,55.7,-0.4125013283450076,-6.899999999999992,0.15874986716549924,38.19999999999999,Normal,안정,없음,안정,안정
2022-01-27,0.2421142996261091,NORMAL,0.1948803336171963,0.5881233687208783,4.538675902437678,2.581569290179916,5.818860871669447,0.5687934863983967,3.309730162064078,bear_flat,36.39999999999999,-5.400000000000027,6.000000000000005,0.4623015873015873,0.10119047619047619,0.0,NORMAL,56.400000000000006,-0.3888181667799446,-5.399999999999984,0.16111818332200556,38.1,Normal,안정,없음,안정,안정
2022-01-28,0.264568316394609,NORMAL,0.1894775922832815,0.7780213729038563,4.633470905442162,2.5816916090008695,5.825212899509018,0.5571830840609334,3.245710088659967,bear_flat,33.59999999999999,-5.500000000000011,5.200000000000005,0.5198412698412699,0.10317460317460317,0.0,NORMAL,57.60000000000001,-0.3483552567260189,-4.099999999999994,0.16516447432739811,38.7,Normal,안정,없음,안정,안정
2022-02-03,0.2563657411488894,NORMAL,0.0256700481300793,0.7815292245670351,4.490161760068227,2.5818139278218224,5.830341074684473,0.5749935226793683,3.352408352955039,bear_flat,24.099999999999966,-6.200000000000028,4.299999999999993,0.5198412698412699,0.10515873015873016,0.0,NORMAL,57.500000000000014,-0.35155798271253,-2.999999999999986,0.164844201728747,39.39999999999999,Normal,안정,없음,안정,안정
2022-02-04,0.3044813434190337,WARNING,0.0404985824648417,1.0710080697564677,4.560987312321528,2.5825705179535685,5.817908695709431,0.5662305858595008,3.294277849248635,bear_flat,29.900000000000038,-2.699999999999947,3.8999999999999924,0.5297619047619048,0.10714285714285714,0.0,NORMAL,57.7,-0.3446818961168622,-2.900000000000013,0.1655318103883138,38.99999999999999,Normal,주의,금리,주의,안정
2022-02-07,0.3051511795063427,WARNING,0.0474565116173177,1.0804356504078514,4.464630001761806,2.583327108085314,5.812717682365545,0.5786206487583286,3.36335847641936,bear_flat,26.29999999999999,-6.100000000000011,3.8000000000000034,0.5396825396825397,0.10912698412698413,0.0,NORMAL,57.79999999999998,-0.3411679248825932,-1.499999999999993,0.16588320751174068,40.99999999999999,Normal,주의,금리,주의,안정
2022-02-08,0.3390444853650989,WARNING,0.5170324672579184,1.2390484692368575,4.349519029671415,2.583894896374697,5.790536606767496,0.5940645112133003,3.439952298962055,bear_flat,25.200000000000024,-3.799999999999981,2.4000000000000243,0.4642857142857143,0.1111111111111111,0.0,NORMAL,56.400000000000006,-0.3880814793273867,-1.29999999999999,0.16119185206726133,41.29999999999998,High-Vol,주의,금리,주의,안정
2022-02-09,0.315328807548071,WARNING,0.058224808504536,1.0841658710499595,4.450934260295673,2.58446268466408,5.80019758184453,0.5806562248556768,3.36792083129087,bear_flat,23.299999999999965,-3.1000000000000085,4.700000000000015,0.5555555555555556,0.1130952380952381,6.394884621840901e-16,NORMAL,57.800000000000026,-0.3408234303251187,4.263256414560601e-14,0.16591765696748814,42.09999999999998,Normal,주의,금리,주의,안정
2022-02-10,0.328775536833329,WARNING,0.0233761510169116,1.2281783558345083,4.4523086855674165,2.5870464073631765,5.801649691513308,0.5810572873685363,3.3710908320132287,bear_flat,20.199999999999996,-0.40000000000000036,4.100000000000037,0.5634920634920635,0.11507936507936507,0.03,NORMAL,58.60000000000003,-0.313758938296671,2.0,0.1686241061703329,42.09999999999998,Normal,주의,금리,주의,안정
2022-02-11,0.3531238602546435,WARNING,0.0441462535530294,1.2963657118632592,4.58784435105135,2.589630130062273,5.786532489205138,0.5644546614727314,3.266235237295248,bear_flat,26.200000000000003,-4.30000000000001,3.600000000000003,0.5456349206349206,0.11706349206349206,0.0074999999999991,NORMAL,57.79999999999998,-0.3405456170790781,0.4999999999999431,0.16594543829209218,41.899999999999984,Normal,주의,금리,주의,안정
2022-02-14,0.3138739389512656,WARNING,0.0448106388847506,1.1051942512939616,4.423275756840481,2.590483455842371,5.793549352586346,0.5856481933861473,3.392981711635677,bear_flat,28.6,-6.299999999999989,3.6000000000000254,0.5634920634920635,0.11904761904761904,0.0015000000000002,NORMAL,57.90000000000002,-0.3370285621196437,0.1000000000000156,0.16629714378803565,42.39999999999999,Normal,주의,금리,주의,안정
2022-02-15,0.316516200365846,WARNING,0.0150622735413921,1.161737245004817,4.317683955182709,2.591336781622468,5.794462314844052,0.6001682403159617,3.4776522510771093,bear_flat,31.30000000000002,-7.899999999999996,3.499999999999992,0.5674603174603174,0.12103174603174603,0.0,NORMAL,58.299999999999976,-0.3234089847870978,-0.1000000000000085,0.16765910152129024,41.599999999999994,Normal,주의,금리,주의,안정
2022-02-16,0.2925887256371657,NORMAL,0.0115585401455154,1.03365661440725,4.239348882478123,2.592263121147912,5.796683848816899,0.6114767132901309,3.5445371878565433,bear_flat,24.900000000000013,-3.200000000000003,4.09999999999997,0.5793650793650794,0.12301587301587301,0.0479999999999992,NORMAL,58.79999999999996,-0.3064227229985282,3.199999999999953,0.16935772770014718,42.09999999999998,Normal,안정,없음,안정,안정
2022-02-17,0.2745631933102807,NORMAL,0.0097820526032476,1.008966120742692,3.485156494258723,2.593189460673356,5.796128600152271,0.7440668632657529,4.31270722660022,bear_flat,14.000000000000012,-0.6999999999999673,5.499999999999972,0.6150793650793651,0.125,0.0735000000000005,NORMAL,60.00000000000001,-0.2658468994087928,4.900000000000034,0.17341531005912073,42.499999999999986,Normal,안정,없음,안정,안정
2022-02-18,0.2801261412565064,NORMAL,0.0042173359777661,1.0270542589602234,3.456629785453495,2.5937855209948695,5.7911455620918115,0.7503799023865021,4.345559241588479,bear_flat,17.50000000000003,-2.0000000000000018,4.300000000000015,0.5992063492063492,0.12698412698412698,0.0539999999999993,NORMAL,59.399999999999984,-0.2859638316872558,3.599999999999959,0.17140361683127442,42.199999999999996,Normal,안정,없음,안정,안정
2022-02-21,0.3057149133340917,WARNING,0.0036015253000696,1.170576842936561,3.481269429691606,2.594381581316383,5.781089656439009,0.7452401009783981,4.30829983932978,bear_flat,23.30000000000001,-5.699999999999994,2.9999999999999805,0.5753968253968254,0.12896825396825398,0.0209999999999997,NORMAL,58.59999999999999,-0.3128235718713912,1.3999999999999844,0.1687176428128609,41.49999999999998,Low-Vol,주의,금리,주의,안정
2022-02-22,0.2942462957472436,NORMAL,0.0069128814747347,1.1443939825427156,3.7588457074787778,2.594515974094847,5.793395330729853,0.6902427436520405,3.9988490881438943,bear_flat,15.900000000000025,-4.899999999999949,2.299999999999991,0.5892857142857143,0.13095238095238096,0.036,NORMAL,58.9,-0.3025665069849093,2.4000000000000057,0.16974334930150908,43.69999999999998,Low-Vol,안정,없음,안정,안정
2022-02-23,0.3399907914247642,WARNING,0.000842663810664,1.5247303953983304,3.71014257067527,2.594650366873311,5.792563241572578,0.699339800950309,4.050970024353443,bear_flat,18.199999999999996,-0.30000000000001137,2.59999999999998,0.6190476190476191,0.13293650793650794,0.0524999999999995,NORMAL,59.599999999999966,-0.2788103589159997,3.499999999999972,0.17211896410840005,43.29999999999998,Low-Vol,주의,금리,주의,안정
2022-02-24,0.2940082587899273,NORMAL,0.055175312588261,1.1049300652749277,4.416547830245038,2.5955299154861837,5.816029939294416,0.5876829630852609,3.4179817081171326,neutral,8.400000000000007,-2.9999999999999805,3.0000000000000027,0.6349206349206349,0.1349206349206349,0.0615000000000005,NORMAL,60.400000000000006,-0.2516805915715715,4.100000000000037,0.17483194084284287,44.199999999999996,Normal,안정,없음,안정,안정
2022-02-25,0.3447465535762096,WARNING,0.0624617965824614,1.427183726871652,4.4648186148104525,2.596409464099056,5.80539056809416,0.5815263033276175,3.375987316436814,neutral,9.499999999999975,2.499999999999952,3.599999999999959,0.6468253968253969,0.13690476190476192,0.0884999999999995,NORMAL,60.99999999999999,-0.2313089439133091,5.89999999999997,0.1,43.899999999999984,Normal,주의,금리,주의,안정
2022-02-28,0.3602829927716089,WARNING,0.2544286892043762,1.5477516218409757,4.46116576692685,2.5966121573615,5.804574034776959,0.5820478980206603,3.378540115847232,bear_steep,10.199999999999987,1.5999999999999959,4.100000000000015,0.6547619047619048,0.1388888888888889,0.084,NORMAL,61.3,-0.221076128269878,5.600000000000001,0.1,43.69999999999998,Normal,주의,금리,주의,안정
2022-03-02,0.3215692045537879,WARNING,0.2324440808744618,1.2728121916966086,4.6258398952884345,2.596814850623944,5.819386366694377,0.5613715367167987,3.2668378674200103,neutral,0.09999999999998899,3.1000000000000085,6.500000000000017,0.6785714285714286,0.14087301587301587,0.0930000000000004,NORMAL,62.60000000000004,-0.1770407055891897,6.200000000000031,0.1,44.09999999999998,Normal,주의,금리,주의,안정
2022-03-03,0.327508682520169,WARNING,0.0594772491107534,1.2700926032830695,4.646096267439559,2.597827842672202,5.811587771335647,0.559142061019724,3.249503164261638,bear_steep,6.200000000000028,5.600000000000049,7.600000000000007,0.7162698412698413,0.14285714285714285,0.096,NORMAL,64.00000000000001,-0.1296254080457887,6.400000000000006,0.1,43.29999999999998,Normal,주의,금리,주의,안정
2022-03-04,0.3408662799604081,WARNING,0.0307701293676394,1.3703526885210706,4.615922100957215,2.5988408347204595,5.808949191372747,0.563016614639474,3.2705349083393935,neutral,9.200000000000008,3.599999999999998,6.2999999999999945,0.6984126984126984,0.14484126984126985,0.0884999999999996,NORMAL,63.39999999999999,-0.1498718431190083,5.899999999999977,0.1,43.599999999999994,Normal,주의,금리,주의,안정
2022-03-07,0.3561579486994624,WARNING,0.3464820822571143,1.42891391178356,4.594665098613939,2.5999744490996597,5.796517516996575,0.5658681086210151,3.280064403931435,neutral,8.799999999999963,-0.6000000000000227,6.0000000000000275,0.7023809523809523,0.14682539682539683,0.0855000000000005,NORMAL,63.400000000000034,-0.1498118308694604,5.700000000000038,0.1,43.09999999999998,Normal,주의,금리,주의,안정
2022-03-08,0.3887228299698349,WARNING,0.017545538433709,1.6750708962871548,4.588842303262395,2.60110806347886,5.793304221348213,0.5668331774290056,3.2838370395996788,neutral,8.400000000000007,3.40000000000002,6.600000000000028,0.7301587301587301,0.1488095238095238,0.0990000000000003,NORMAL,64.4,-0.1158956732461759,6.600000000000023,0.1,44.09999999999998,Normal,주의,금리,주의,안정
2022-03-10,0.3703202767290834,WARNING,0.0390091001793804,1.6782808559517544,4.062054833909088,2.6015531417354856,5.79293564458666,0.6404524921766998,3.710100070594763,neutral,-0.7000000000000117,2.899999999999997,7.500000000000018,0.7341269841269841,0.15079365079365079,0.1529999999999998,NORMAL,66.6,-0.0413362624971637,10.199999999999989,0.1,43.499999999999986,Normal,주의,금리,주의,안정
2022-03-11,0.3470791462683512,WARNING,0.0063839274611451,1.5476033358244952,3.990841488893495,2.601998219992111,5.798845492992139,0.6519923748496319,3.780803044362029,neutral,0.9000000000000341,3.3000000000000362,7.099999999999995,0.7341269841269841,0.1527777777777778,0.1304999999999996,NORMAL,66.5,-0.0447084061479792,8.699999999999974,0.1,44.09999999999998,Normal,주의,금리,주의,안정
2022-03-14,0.3858417320333474,WARNING,0.0173918889045445,1.7744811355200072,4.079509129398053,2.602930873104042,5.789737477450543,0.638050017916767,3.694142101220696,neutral,5.299999999999994,3.399999999999981,5.200000000000005,0.7341269841269841,0.15476190476190477,0.1169999999999998,NORMAL,66.40000000000002,-0.0480805622396198,7.79999999999999,0.1,43.599999999999994,Normal,주의,금리,주의,안정
2022-03-15,0.3869822681810786,WARNING,0.0121624542235395,1.818721652846707,3.854880706735016,2.603863526215973,5.786672647162883,0.67547188209136,3.9087346640257046,bear_steep,0.6000000000000227,6.4,6.199999999999961,0.746031746031746,0.15674603174603174,0.1536193832089048,NORMAL,67.99999999999997,0.0061938320890503,10.199999999999989,0.1,43.599999999999994,Normal,주의,금리,주의,안정
2022-03-16,0.3967657327943092,WARNING,0.004906469827229,1.876071987816749,3.785443031848237,2.6053281361515666,5.783865334469162,0.6882491994284534,3.980740686050385,bear_steep,5.399999999999983,13.3,5.800000000000005,0.75,0.15873015873015872,0.1521191417720457,NORMAL,68.00000000000001,0.0061914177204581,10.099999999999994,0.1,44.899999999999984,Normal,주의,금리,주의,안정
2022-03-17,0.3722228610322641,WARNING,0.0086188121877915,1.6976633103424,4.068505480161627,2.6067927460871605,5.798921462313602,0.6407248948780087,3.7155133443467108,bull_steep,-0.5999999999999783,12.200000000000038,5.299999999999994,0.753968253968254,0.16071428571428573,0.1553157149477697,NORMAL,68.5,0.0231571494776935,10.200000000000024,0.1,46.4,Normal,주의,금리,주의,안정
2022-03-18,0.3903097691466655,WARNING,0.0014593339350766,1.7754367432808504,4.130486781558743,2.607264605811391,5.7914543765064135,0.6312245368879922,3.6557081067181962,bear_steep,3.500000000000014,12.900000000000045,4.899999999999993,0.751984126984127,0.1626984126984127,0.1386173365708408,NORMAL,68.00000000000001,0.0061733657084001,9.200000000000053,0.1,46.09999999999999,Low-Vol,주의,금리,주의,안정
2022-03-21,0.4129660953391678,WARNING,0.0062572198585067,1.956294288920146,4.129645709284327,2.607736465535621,5.789677269533673,0.631467358004313,3.655992209090053,bear_steep,3.299999999999992,6.000000000000011,4.400000000000026,0.746031746031746,0.16468253968253968,0.1140000000000002,NORMAL,67.60000000000002,-0.0074141511330203,7.600000000000016,0.1,45.09999999999999,Low-Vol,주의,금리,주의,안정
2022-03-22,0.4797944831785898,WARNING,0.336169154408753,2.199191990386294,4.576668519440971,2.607809626349109,5.766900201900244,0.5698052230069848,3.286009855602794,bear_steep,10.399999999999965,2.699999999999969,1.0999999999999899,0.7341269841269841,0.16666666666666666,0.0780000000000001,NORMAL,64.6,-0.1093388615140168,5.20000000000001,0.1,43.69999999999998,Normal,주의,금리,주의,안정
2022-03-23,0.4560904761788956,WARNING,0.2258608953424295,2.053188018010772,4.496887812698901,2.6078827871625974,5.7670916930137786,0.5799305866155069,3.3445128685948973,neutral,5.799999999999983,-0.5000000000000282,1.1999999999999789,0.7380952380952381,0.16865079365079366,0.0914999999999998,NORMAL,64.69999999999997,-0.105897034684814,6.099999999999987,0.1,43.599999999999994,Normal,주의,금리,주의,안정
2022-03-24,0.4410150799714237,WARNING,0.0329498726582241,1.96561948558969,4.328543574192608,2.608024051600867,5.760387988561507,0.6025176845048476,3.4707356327176155,bear_steep,13.899999999999979,1.0999999999999677,1.3000000000000123,0.7420634920634921,0.057539682539682536,0.0900000000000001,NORMAL,64.9,-0.0990551320543658,6.000000000000007,0.1,43.09999999999998,Normal,주의,금리,주의,안정
2022-03-25,0.4521260663858559,WARNING,0.0485529286718817,2.0323085046389133,4.331946809218073,2.608165316039137,5.755954703970089,0.6020769485186539,3.4655276439779032,bear_flat,14.900000000000002,-3.89999999999997,1.7999999999999794,0.746031746031746,0.05952380952380952,0.0930000000000004,NORMAL,65.8,-0.0684028403372234,6.200000000000031,0.1,41.39999999999999,Normal,주의,금리,주의,안정
2022-03-28,0.5433570152429498,HIGH,0.9999990686143538,2.2815105449239814,4.838363685988754,2.6087579553939584,5.716061521836298,0.5391818649244099,3.0819967113663553,bear_flat,40.7,-11.399999999999988,1.2000000000000233,0.7420634920634921,0.17857142857142858,0.0645000000000001,NORMAL,64.70000000000002,-0.1058071857859315,4.300000000000011,0.18941928142140685,37.19999999999999,High-Vol,경계,금리,경계,안정
2022-03-29,0.523882620543944,HIGH,0.1481490648603935,2.1160878831234005,5.104329947263038,2.60935059474878,5.729690174807958,0.5112033551334048,2.9290368412367327,bear_flat,30.100000000000016,-15.49999999999998,3.000000000000025,0.753968253968254,0.18055555555555555,0.0765000000000003,NORMAL,66.10000000000001,-0.05810801779097,5.100000000000023,0.1,36.9,Normal,경계,금리,경계,안정
2022-03-30,0.4978607307694943,WARNING,0.094924739534489,1.8650750509336445,5.590452387306132,2.6103410884153977,5.750268686687363,0.4669284178758995,2.684963860236257,bear_flat,20.999999999999996,-16.30000000000002,4.999999999999982,0.7698412698412699,0.29563492063492064,0.1011666666666662,NORMAL,67.59999999999997,-0.007003502015063,6.299999999999969,0.1,37.79999999999999,Normal,주의,금리,주의,안정
2022-03-31,0.514426242675534,HIGH,0.999996113839736,1.8936270271616185,5.546985905118108,2.611331582082015,5.731230999451463,0.4707658585670074,2.698067882102616,bear_flat,35.59999999999999,-12.00000000000001,5.900000000000016,0.7777777777777778,0.2976190476190476,0.0831666666666661,NORMAL,67.7,-0.0035940052788496,5.099999999999966,0.1,36.9,High-Vol,경계,금리,경계,안정
2022-04-01,0.5337377001556258,HIGH,0.9999339622252432,1.984330582578772,5.552284972968574,2.611734621338127,5.720229238437809,0.47038915222352895,2.6907337819930035,bear_flat,35.9,-23.0,5.700000000000038,0.7698412698412699,0.32142857142857145,0.0643333333333336,NORMAL,67.40000000000003,-0.0138169470576764,3.40000000000002,0.19861830529423238,36.39999999999999,High-Vol,경계,금리,경계,안정
2022-04-04,0.5396132243167069,HIGH,0.4912429215561781,1.9523383187675,5.619446966608575,2.612137660594239,5.706698297009818,0.46483892029160034,2.652695474811958,bear_flat,40.7,-21.60000000000002,5.699999999999994,0.7579365079365079,0.32341269841269843,0.0553333333333332,NORMAL,66.19999999999999,-0.0547247081499788,2.799999999999997,0.19452752918500213,37.7,Normal,경계,금리,경계,안정
2022-04-05,0.5480961750605823,HIGH,0.0409275429773596,2.0072366087582347,5.579499600275431,2.613464292556662,5.702518742866424,0.4684047817527666,2.6710870471934083,bear_flat,37.300000000000026,-21.799999999999997,5.699999999999972,0.7619047619047619,0.3253968253968254,0.0568333333333325,NORMAL,66.29999999999998,-0.0512928104096461,2.899999999999949,0.1948707189590354,37.7,Normal,경계,금리,경계,안정
2022-04-06,0.5550342030029098,HIGH,0.044386972381678,1.9947364427205567,5.619446966608575,2.614790924519085,5.69072133730725,0.4653110777726856,2.647955678766455,bear_flat,40.7,-24.69999999999999,5.80000000000005,0.75,0.3273809523809524,0.0238333333333335,NORMAL,65.10000000000002,-0.0922174666663036,0.700000000000017,0.19077825333336965,36.999999999999986,Normal,경계,금리,경계,안정
2022-04-07,0.5186561820772501,HIGH,0.0903829797338427,1.76749937948541,5.628209026156124,2.615910088205999,5.691805824088922,0.4647855252086429,2.645468959334782,bear_flat,40.20000000000002,-23.599999999999977,8.000000000000007,0.753968253968254,0.32936507936507936,0.0133333333333333,NORMAL,65.7,-0.0717016197870219,-0.8999999999999915,0.19282983802129783,37.1,Normal,경계,금리,경계,안정
2022-04-08,0.5461765608618736,HIGH,0.450287618554946,1.94452636012779,5.538047822492195,2.617029251892913,5.6812307732303875,0.4725544696931156,2.684690995248095,bear_flat,46.899999999999984,-26.300000000000033,7.100000000000017,0.748015873015873,0.33134920634920634,0.0133333333333333,NORMAL,64.9,-0.0989910863882521,-1.5999999999999943,0.1901008913611748,35.3,Normal,경계,금리,경계,안정
2022-04-11,0.6209995102022164,HIGH,0.9990124655928796,2.1272025462085185,6.07965546115204,2.6200625262294936,5.648119711857382,0.43095575776805867,2.4340897103882075,bear_flat,56.60000000000003,-33.69999999999997,6.099999999999994,0.6825396825396826,0.3333333333333333,0.0133333333333333,NORMAL,62.70000000000002,-0.1741026092782032,-3.699999999999996,0.18258973907217968,34.099999999999994,High-Vol,경계,금리,경계,안정
2022-04-12,0.6252011219008456,HIGH,0.4811141745527572,2.1462875930278367,6.088556997827114,2.6230958005660745,5.648420646275952,0.43082388840281954,2.433474546163372,bear_flat,56.00000000000001,-25.99999999999998,9.599999999999964,0.7936507936507936,0.3353174603174603,0.0133333333333333,NORMAL,66.9,-0.0305108534386307,-1.099999999999966,0.19694891465613695,34.19999999999999,Normal,경계,금리,경계,안정
2022-04-13,0.63884681310281,HIGH,0.2262925639450367,2.25332013121409,6.202586472381379,2.6237276857826037,5.656324955000686,0.42300541837916006,2.392656104078549,bear_flat,51.90000000000001,-21.400000000000002,10.90000000000002,0.8293650793650794,0.3373015873015873,0.0269368505887145,NORMAL,68.70000000000003,0.0310351725538099,0.700000000000017,0.203103517255381,34.19999999999999,Normal,경계,금리,경계,안정
2022-04-14,0.6139055960016221,HIGH,0.9999958678626952,2.125407871792937,6.225803689400062,2.6243595709991334,5.672993043680793,0.42152944453859337,2.3913336065740687,bear_flat,51.6,-15.49999999999998,11.100000000000044,0.8333333333333334,0.04365079365079365,0.020838229833106,NORMAL,69.50000000000003,0.0583822983310561,1.0000000000000284,0.20583822983310562,51.30000000000001,High-Vol,경계,금리,경계,안정
2022-04-15,0.6385727777453813,HIGH,0.9813353061672734,2.1699822674558567,6.346370699276212,2.625800234567916,5.654807181587888,0.41374832309549486,2.3396669888103503,bear_flat,56.400000000000006,-14.900000000000002,14.000000000000012,0.8373015873015873,0.0873015873015873,0.0301781033482812,NORMAL,69.60000000000002,0.0617810334828116,1.6000000000000083,0.20617810334828118,34.10000000000002,High-Vol,경계,금리,경계,안정
2022-04-18,0.6280450376179559,HIGH,0.6754062655249627,2.074497199930208,6.3445044599326526,2.6272408981366984,5.642527177142423,0.4140971000538294,2.3365541410295974,bear_flat,61.39999999999999,-10.80000000000006,14.800000000000013,0.8412698412698413,0.2916666666666667,0.0417024757518174,NORMAL,69.89999999999998,0.0720247575181799,2.2999999999999545,0.207202475751818,34.90000000000002,High-Vol,경계,금리,경계,안정
2022-04-19,0.6269228662410166,HIGH,0.0592443668460272,2.104309223946124,6.226336254804651,2.6344530214296342,5.643777404721693,0.42311447914441125,2.387963937005816,bear_flat,51.800000000000026,-6.399999999999956,13.199999999999967,0.8333333333333334,0.32341269841269843,0.076784949936186,NORMAL,69.0,0.0411828326951916,4.400000000000006,0.20411828326951917,35.80000000000001,Normal,경계,금리,경계,안정
2022-04-20,0.6173429594801342,HIGH,0.0074271413174363,2.0368875146983205,6.352196056234582,2.64166514472257,5.65200707138718,0.4158664375810342,2.350480045960601,bear_flat,48.50000000000003,-4.5999999999999375,13.3,0.8492063492063492,0.3551587301587302,0.1095877018963705,NORMAL,70.5,0.0925436856303679,5.800000000000026,0.1,36.5,Normal,경계,금리,경계,안정
2022-04-21,0.6025939082959297,HIGH,0.002683597394267,1.9316903849532527,6.417574554136073,2.6419266165853186,5.65625595874698,0.4116705765237459,2.3285141515032426,bear_flat,43.99999999999999,-3.200000000000003,15.49999999999998,0.876984126984127,0.4007936507936508,0.14755702851922,NORMAL,71.99999999999997,0.1439036185255389,7.099999999999966,0.1,38.1,Low-Vol,경계,금리,경계,안정
2022-04-22,0.6191574395006345,HIGH,0.0236265604884015,2.032352301716009,6.416202762907117,2.6421880884480675,5.6514602804138665,0.4117993439551026,2.3272676358627504,bear_flat,44.300000000000004,-2.3000000000000185,15.600000000000014,0.8670634920634921,0.4027777777777778,0.1285231296160821,NORMAL,71.7,0.1335646294941539,5.900000000000006,0.1,38.1,Normal,경계,금리,경계,안정
2022-04-25,0.5444371360844533,HIGH,0.2288035915074413,1.5990468019627495,6.369109249461733,2.6443550679234793,5.68042062996621,0.41518444170932683,2.3584222679266635,bear_steep,15.700000000000003,4.699999999999971,18.199999999999996,0.9047619047619048,0.40476190476190477,0.1899521131840545,NORMAL,74.49999999999997,0.2295211318405521,9.799999999999956,0.1,39.19999999999999,Normal,경계,금리,경계,안정
2022-04-26,0.5253706311518533,HIGH,0.0263514471397896,1.517859743270455,6.175239181389532,2.6465220473988915,5.680660603051683,0.4285699662249163,2.4345605227850724,bear_steep,21.799999999999997,8.800000000000008,20.299999999999983,0.9126984126984127,0.40674603174603174,0.1855299114219401,NORMAL,75.4,0.260299114219402,9.299999999999995,0.1,40.79999999999999,Normal,경계,금리,경계,안정
2022-04-27,0.5081114807374671,HIGH,0.1272897491561532,1.5126483029145126,5.748500948760012,2.6473893367694767,5.680025174842557,0.460535600562184,2.6158538051044413,bear_steep,30.00000000000003,1.6000000000000403,13.900000000000023,0.8432539682539683,0.4087301587301587,0.0494508115053714,NORMAL,69.60000000000002,0.0611747817203725,2.000000000000057,0.20611747817203727,40.99999999999999,Normal,경계,금리,경계,안정
2022-04-28,0.4769752824799084,WARNING,0.0230246629484031,1.3694325620622991,5.555961710299651,2.648256626140062,5.683363364794209,0.47665134574824725,2.7089827962054462,bear_flat,19.700000000000006,-6.499999999999989,14.700000000000024,0.8650793650793651,0.4107142857142857,0.0755975880194208,NORMAL,71.10000000000002,0.1126425468608726,3.40000000000002,0.21126425468608728,41.19999999999999,Normal,주의,금리,주의,안정
2022-04-29,0.5307672223960654,HIGH,0.9987394421837146,1.606449499700706,5.719852316827404,2.648604376313628,5.666712807539124,0.4630546786184706,2.6239978779182005,bear_steep,23.499999999999986,6.09999999999995,14.59999999999999,0.8968253968253969,0.4126984126984127,0.0937039807857092,NORMAL,72.2,0.1503731411904308,4.799999999999969,0.2150373141190431,41.29999999999998,High-Vol,경계,금리,경계,안정
2022-05-02,0.6251444926317472,HIGH,0.9229732119218856,1.90921891650316,6.309631317947275,2.648952126487194,5.6350473253120406,0.4198267684757503,2.365743708793674,bear_steep,31.499999999999993,6.600000000000028,13.3,0.8571428571428571,0.4146825396825397,0.0858887412991627,NORMAL,70.80000000000001,0.1022207463249577,4.600000000000023,0.2102220746324958,41.19999999999999,High-Vol,경계,금리,경계,안정
2022-05-03,0.62003982911723,HIGH,0.2120520711582222,1.853228128565317,6.313736069705064,2.6498235847003553,5.628415201619457,0.4196918520897465,2.362200000297754,bear_steep,32.60000000000001,6.600000000000028,13.900000000000023,0.876984126984127,0.4166666666666667,0.0991340898323328,NORMAL,71.60000000000002,0.1296742316566561,5.30000000000004,0.1,40.49999999999998,Normal,경계,금리,경계,안정
2022-05-04,0.6258795831677824,HIGH,0.020073825544874,1.8734414722514987,6.273828261327497,2.6506950429135165,5.621722066142594,0.42250041481891765,2.3751799049419087,bear_steep,30.500000000000014,6.800000000000011,13.100000000000023,0.8611111111111112,0.41865079365079366,0.1042225753873648,NORMAL,70.9,0.1055590872069846,5.799999999999983,0.1,40.69999999999998,Normal,경계,금리,경계,안정
2022-05-06,0.592650797775103,HIGH,0.0140590784019558,1.6740905964818795,6.276713437695511,2.6515411248511542,5.623110523376657,0.4224410037468056,2.37543245367446,bear_steep,30.299999999999994,6.199999999999978,16.300000000000026,0.9126984126984127,0.42063492063492064,0.1284089928878248,NORMAL,72.70000000000003,0.1674232622115778,7.000000000000028,0.1,42.499999999999986,Normal,경계,금리,경계,안정
2022-05-09,0.6001348552516086,HIGH,0.6398818333610085,1.7446311325918828,6.284975819574138,2.6523872067887924,5.628633376372611,0.4220202723021001,2.3753973901854586,bear_steep,24.50000000000001,17.00000000000004,15.99999999999997,0.9246031746031746,0.4226190476190476,0.1606868629763442,NORMAL,73.8,0.2052019630967773,8.899999999999991,0.1,44.09999999999998,High-Vol,경계,금리,경계,안정
2022-05-10,0.5702938906726087,HIGH,0.0357748798084961,1.7289247679863702,5.5818220002168895,2.6525930629524117,5.631282088819768,0.47521993049032046,2.676097482820317,bear_steep,9.799999999999986,23.799999999999997,15.09999999999998,0.9226190476190477,0.4246031746031746,0.1918346090071192,NORMAL,73.70000000000002,0.2016794234045273,10.999999999999991,0.1,44.09999999999998,Normal,경계,금리,경계,안정
2022-05-11,0.5054846668692314,HIGH,0.9811652504958333,1.1958064420853365,6.3855593663400105,2.6527989191160306,5.661831242540195,0.4154372024320442,2.352135332043243,bull_steep,-4.400000000000004,13.30000000000001,18.500000000000007,0.9623015873015873,0.42658730158730157,0.1767778370062082,NORMAL,76.29999999999998,0.2911117033954187,9.399999999999975,0.1,44.499999999999986,High-Vol,경계,금리,경계,안정
2022-05-12,0.4779385990881051,WARNING,0.9044329670849104,1.0155692982590634,6.735522485887397,2.6537905493515077,5.683343830722873,0.39399921162936685,2.239232988723438,bull_flat,-11.799999999999988,-1.6999999999999904,17.799999999999994,0.9523809523809523,0.46825396825396826,0.1453662359111978,NORMAL,75.70000000000002,0.2703290257786472,6.999999999999986,0.1,45.09999999999999,High-Vol,주의,금리,주의,안정
2022-05-13,0.5034466913733722,HIGH,0.0934263427477024,1.135435864733183,6.692845748299175,2.654782179586985,5.672225479453253,0.3966596989422076,2.2499432510122466,neutral,0.09999999999998899,-2.2000000000000295,17.900000000000027,0.9603174603174603,0.47023809523809523,0.1692444940454456,NORMAL,76.2,0.2874449404544614,6.699999999999974,0.1,44.29999999999998,Normal,경계,금리,경계,안정
2022-05-16,0.5287177037196231,HIGH,0.9703886061990982,1.2715491652238744,6.555640399887079,2.655973634819345,5.657308266949709,0.4051432770572794,2.292020410595243,bull_flat,-2.400000000000002,-12.599999999999993,14.700000000000069,0.9206349206349206,0.5059523809523809,0.11792754940797,NORMAL,73.50000000000003,0.1942754940797009,3.9000000000000057,0.2194275494079701,41.79999999999999,High-Vol,경계,금리,경계,안정
2022-05-17,0.5270988247832169,HIGH,0.0736158433234718,1.2804359035743629,6.4333342423415445,2.657165090051705,5.655597692773899,0.41303078465336746,2.335935952730178,bull_flat,-6.800000000000006,-10.899999999999993,15.299999999999958,0.9523809523809523,0.5257936507936508,0.1466257244056223,NORMAL,75.29999999999997,0.2562572440562263,5.399999999999992,0.1,42.09999999999998,Normal,경계,금리,경계,안정
2022-05-18,0.5383602146523301,HIGH,0.011436363180741,1.3077700918800246,6.484272470654226,2.660268753520458,5.647843464596926,0.41026480080224825,2.3171113739651377,bull_flat,-3.000000000000025,-11.800000000000033,16.900000000000006,0.9742063492063492,0.5277777777777778,0.1718975458253613,NORMAL,76.29999999999998,0.2906421249202837,7.299999999999983,0.1,41.1,Normal,경계,금리,경계,안정
2022-05-19,0.5156830147277083,HIGH,0.0028479343885023,1.187923263954846,6.437153669784581,2.66337241698921,5.651090659523121,0.41375001337793754,2.338138835977629,bull_flat,-0.6000000000000227,-9.50000000000002,18.90000000000005,1.0,0.5297619047619048,0.1648588731850431,NORMAL,77.50000000000003,0.3319220651837604,7.000000000000028,0.1,40.5,Low-Vol,경계,금리,경계,안정
2022-05-20,0.5081415955001918,HIGH,0.0092486349666777,1.164557001232032,6.575750907691078,2.6634242892708055,5.664803037381476,0.40503728420668006,2.2944564378267454,bull_flat,-5.099999999999971,-13.499999999999988,18.39999999999997,0.996031746031746,0.5932539682539683,0.1386548050994463,NORMAL,77.29999999999997,0.3248813843277969,5.299999999999997,0.1,41.19999999999999,Normal,경계,금리,경계,안정
2022-05-23,0.5126091728570872,HIGH,0.001053438303364,1.182195565930114,6.568473346620445,2.6634761615524014,5.661931362599476,0.4054939437217615,2.295878877302388,bull_flat,-5.600000000000005,-10.29999999999997,18.20000000000004,1.0,0.5079365079365079,0.1390340433692803,NORMAL,77.8,0.3420071003594712,6.099999999999994,0.1,41.7,Low-Vol,경계,금리,경계,안정
2022-05-24,0.5052684030601099,HIGH,0.0125517925766082,1.3301746633184348,5.989385347604986,2.663495921890127,5.672323581055649,0.44470271443716614,2.522497693661394,bear_flat,2.59999999999998,-8.400000000000002,17.09999999999998,0.9920634920634921,0.5099206349206349,0.0914836997515546,NORMAL,77.49999999999999,0.3315036641822113,3.000000000000014,0.23315036641822115,41.900000000000006,Normal,경계,금리,경계,안정
2022-05-25,0.4723566116450817,WARNING,0.0136897954567262,1.1387519743391925,6.050165286998367,2.6635156822278527,5.680554027480854,0.4402384985996452,2.500798576272339,bull_flat,-1.29999999999999,-12.90000000000001,16.400000000000013,0.9880952380952381,0.5119047619047619,0.0761244372696485,NORMAL,77.4,0.3279110393631525,2.0,0.23279110393631527,41.5,Normal,주의,금리,주의,안정
2022-05-26,0.5066326152991072,HIGH,0.9986825680963616,1.2583448868115337,6.203248300179854,2.664135513982205,5.667617695544708,0.42947426655563065,2.434095952911777,neutral,5.299999999999994,-0.3000000000000058,16.500000000000004,0.998015873015873,0.29365079365079366,0.1571597265006155,NORMAL,77.8,0.3415972650061588,8.199999999999974,0.1,38.20000000000001,High-Vol,경계,금리,경계,안정
2022-05-27,0.5167102311395337,HIGH,0.7679996039770811,1.3521486735787265,6.218063668817948,2.6647553457365576,5.673225984806436,0.4285506690932817,2.43126479170619,neutral,4.600000000000026,2.400000000000002,15.49999999999998,1.0,0.3968253968253968,0.1401824464625858,NORMAL,78.10000000000001,0.3518244646258601,6.999999999999986,0.1,37.3,High-Vol,경계,금리,경계,안정
2022-05-30,0.494943753187544,WARNING,0.0795437493331487,1.2726225398481843,5.971200619817198,2.6650120839819227,5.673555851057831,0.4463109270080946,2.5321699713178196,neutral,-3.100000000000014,-1.5000000000000124,14.19999999999999,1.0,0.501984126984127,0.1321800868172057,NORMAL,78.2,0.3551342015053892,6.0,0.1,39.300000000000004,Normal,주의,금리,주의,안정
2022-05-31,0.5365594425269025,HIGH,0.9419661957671356,1.4686862257325328,5.704485769527076,2.665268822227288,5.647619964629934,0.4672233273794719,2.6386997916491333,neutral,-5.399999999999983,0.49999999999998934,14.59999999999999,0.9920634920634921,0.5257936507936508,0.156139982224307,NORMAL,77.99999999999999,0.3480664889097407,7.199999999999974,0.1,38.9,High-Vol,경계,금리,경계,안정
2022-06-02,0.5793091540548657,HIGH,0.993213964233268,1.5487831640430103,6.0832708480328535,2.6656637075895953,5.625671158816411,0.43819579535104713,2.4651454478210044,neutral,1.499999999999968,2.8999999999999524,13.799999999999946,0.9642857142857143,0.623015873015873,0.1426905684806696,NORMAL,77.19999999999997,0.3202390181400366,5.599999999999952,0.1,40.79999999999999,High-Vol,경계,금리,경계,안정
2022-06-03,0.5651779715879527,HIGH,0.7847827441681875,1.4788779487379906,6.059049343533064,2.6660585929519023,5.629055871827294,0.44001268875577587,2.476856009319216,neutral,-2.900000000000036,2.799999999999958,13.099999999999978,0.9742063492063492,0.6388888888888888,0.1653824495665374,NORMAL,77.49999999999999,0.3304911623320424,6.59999999999998,0.1,42.40000000000001,High-Vol,경계,금리,경계,안정
2022-06-07,0.6515273880335029,SEVERE,0.9999882252963628,1.7005584980476345,6.763001124539781,2.666690166333606,5.599156358651857,0.394305740488114,2.2077794941069526,bear_steep,10.699999999999976,2.0999999999999517,10.30000000000002,0.9563492063492064,0.6607142857142857,0.1339578976014463,NORMAL,76.9,0.3095789760144676,4.199999999999974,0.23095789760144678,43.199999999999996,High-Vol,위기,금리,위기,안정
2022-06-08,0.6334583207004143,HIGH,0.3645307416415488,1.599976281087351,6.934801632650393,2.6673217397153097,5.613186864548508,0.38462841203085624,2.1589911501437538,bear_flat,5.799999999999983,-8.900000000000041,10.80000000000001,0.9642857142857143,0.6626984126984127,0.1248307257130397,NORMAL,77.30000000000001,0.3233072571303949,3.500000000000014,0.2323307257130395,43.99999999999999,Normal,경계,금리,경계,안정
2022-06-09,0.6196417186459684,HIGH,0.999999938970014,1.518792979513385,6.927853772615071,2.66899790596502,5.614308550904791,0.3852560971357725,2.1629466004375746,bear_flat,6.800000000000006,-5.699999999999999,12.300000000000022,1.0,0.6646825396825397,0.1521681344751822,NORMAL,78.70000000000003,0.3716813447518201,5.000000000000014,0.1,44.199999999999996,High-Vol,경계,금리,경계,안정
2022-06-10,0.5972356255239374,HIGH,0.1918022581300389,1.539089007744731,6.133952104561354,2.67067407221473,5.606893069313089,0.43539206480415016,2.4411967505843046,bear_flat,22.599999999999998,-12.1,4.100000000000037,0.8928571428571429,0.6666666666666666,0.0542759916976364,NORMAL,72.10000000000001,0.1427599169763644,-4.199999999999974,0.21427599169763645,44.09999999999998,Normal,경계,금리,경계,안정
2022-06-13,0.6735362776213587,SEVERE,0.9999873046985266,1.7582309995571377,6.389207594389974,2.6707134860861337,5.568848829580207,0.41800386771454195,2.3278003494821267,bear_flat,48.499999999999986,-12.899999999999997,2.800000000000047,0.8611111111111112,0.6686507936507936,0.0430960161428604,NORMAL,70.80000000000007,0.0976268280952714,-4.899999999999949,0.20976268280952715,39.7,High-Vol,위기,금리,위기,안정
2022-06-14,0.7131079543301239,SEVERE,0.1900746392330309,1.982138029523265,6.363671565179466,2.670752899957537,5.560568934752826,0.41968741984914454,2.33370082911972,bear_flat,46.99999999999997,-16.70000000000002,3.6999999999999478,0.8928571428571429,0.6369047619047619,0.041282119885373,NORMAL,72.19999999999996,0.1461545321870634,-4.000000000000043,0.21461545321870634,40.19999999999999,Normal,경계,금리,경계,안정
2022-06-15,0.7462020913663283,SEVERE,0.6306677501853356,2.0935834013073986,6.579545657006384,2.67087113459252,5.536867783152159,0.4059354967388029,2.247611173930946,bear_flat,51.79999999999998,-10.200000000000028,2.5000000000000355,0.8571428571428571,0.6388888888888888,0.0287106391152146,NORMAL,70.50000000000006,0.0871063911521466,-2.999999999999972,0.20871063911521467,38.5,High-Vol,위기,금리,위기,안정
2022-06-16,0.741229254559488,SEVERE,0.0633457602577203,2.0227063883397305,6.681947399720502,2.6709893692275024,5.5409989815748055,0.39973217528459243,2.2149155761546084,bear_flat,48.0,-21.70000000000001,3.299999999999992,0.871031746031746,0.5595238095238095,0.0100959615682008,NORMAL,70.9,0.1009596156820084,-4.399999999999963,0.21009596156820085,34.399999999999984,Normal,경계,금리,경계,안정
2022-06-17,0.730865423487261,SEVERE,0.0170303322861631,1.9191287439352207,6.679337738996205,2.6719373311079573,5.53498674071233,0.4000302777786328,2.2141622833882026,bear_flat,47.50000000000001,-20.10000000000001,7.699999999999996,0.9007936507936508,0.6388888888888888,0.0216206374293096,NORMAL,72.29999999999998,0.149539707626428,-4.0,0.2149539707626428,34.10000000000002,Normal,경계,금리,경계,안정
2022-06-20,0.7266603177696442,SEVERE,0.0215025703169518,1.903914623807076,6.673693445950774,2.672885292988412,5.53885504414427,0.40051064895858685,2.218370428217764,bear_flat,47.69999999999999,-15.200000000000022,9.200000000000008,0.9166666666666666,0.7222222222222222,0.0471732275513941,NORMAL,73.89999999999999,0.2050656088472744,-3.600000000000037,0.22050656088472745,36.59999999999999,Normal,경계,금리,경계,안정
2022-06-21,0.7033929340171516,SEVERE,0.0045384683188525,1.828556859807863,6.415072711570529,2.6744965160729834,5.540943734025482,0.4169082154359895,2.3100649639837916,bear_flat,52.99999999999998,-12.19999999999998,9.00000000000003,0.9166666666666666,0.7857142857142857,0.0652495340764321,NORMAL,73.90000000000003,0.2049863886084409,-3.399999999999934,0.2204986388608441,40.99999999999997,Normal,경계,금리,경계,안정
2022-06-22,0.6713319441005776,SEVERE,0.5151760548761483,1.57744383798311,6.948199312355003,2.6761077391575547,5.563005197886644,0.38515126277379663,2.1425984767832356,bear_flat,42.39999999999999,-8.000000000000012,9.500000000000064,0.9246031746031746,0.8690476190476191,0.0934902804010256,NORMAL,75.30000000000005,0.2535755663006461,-2.499999999999943,0.22535755663006463,44.29999999999998,High-Vol,위기,금리,위기,안정
2022-06-23,0.6374849240157239,HIGH,0.2176549512892996,1.4092458073082574,6.790426697700381,2.6767959146187836,5.552090247644479,0.394201430011062,2.188641915171925,bear_flat,51.2,-12.90000000000001,10.80000000000001,0.9285714285714286,0.9682539682539683,0.1142755723533346,NORMAL,75.50000000000003,0.2604305896259487,-1.9999999999999571,0.22604305896259488,46.09999999999999,Normal,경계,금리,경계,안정
2022-06-24,0.6258580135097772,HIGH,0.7081290491970145,1.3290974326940628,7.150259472656627,2.6774840900800125,5.572475226597429,0.37445971021317537,2.086667458521772,bear_flat,45.799999999999976,-11.900000000000018,11.299999999999955,0.9603174603174603,1.0,0.1309213150861231,NORMAL,77.39999999999996,0.3264209060168382,-4.263256414560601e-14,0.23264209060168384,48.0,High-Vol,경계,금리,경계,안정
2022-06-27,0.6999213214789664,SEVERE,0.0950334269964033,1.68999520844269,7.237177408500176,2.6783315343985947,5.5542521307616495,0.37007957428995086,2.0555152640513237,bear_flat,48.20000000000002,-13.099999999999982,10.000000000000053,0.9761904761904762,1.0,0.1749835175616528,NORMAL,77.60000000000002,0.3332466993653011,-0.1999999999999744,0.23332466993653012,48.09999999999999,Normal,경계,금리,경계,안정
2022-06-28,0.6551789886613955,SEVERE,0.0093958176782559,1.4458508929111868,7.29472772840625,2.6791789787171774,5.562691105394936,0.3672760764304117,2.043043363583802,bear_flat,46.8,-13.700000000000001,11.000000000000032,0.998015873015873,0.9940476190476191,0.1644018019626226,NORMAL,78.70000000000003,0.3713981002995607,0.6000000000000227,0.2371398100299561,49.4,Normal,경계,금리,경계,안정
2022-06-29,0.6371575875400357,HIGH,0.003098274947081,1.3424496214755812,7.320741981376942,2.6800013467249792,5.565314339461977,0.3660832950461264,2.0373686113576968,bear_flat,45.599999999999994,-15.399999999999997,13.299999999999956,1.0,0.9702380952380952,0.1764530695209253,NORMAL,80.69999999999999,0.4408760044273915,2.499999999999986,0.24408760044273917,48.799999999999976,Low-Vol,경계,금리,경계,안정
2022-06-30,0.5938708429859543,HIGH,1.0,1.1628346909234175,7.076833963529769,2.6808237147327816,5.57162718431641,0.37881681675002105,2.110626074080625,bear_flat,31.000000000000007,-21.299999999999958,14.900000000000002,1.0,0.9722222222222222,0.1801542643387569,NORMAL,81.1,0.4546121713342143,3.1000000000000085,0.24546121713342145,46.899999999999984,High-Vol,경계,금리,경계,안정
2022-07-01,0.5381330903419782,HIGH,1.0,0.7960833105546321,7.678162814796672,2.6819447590560204,5.603974353324907,0.3492951144364398,1.9574408630434972,bear_flat,6.900000000000039,-24.49999999999997,15.49999999999998,1.0,0.9623015873015873,0.1816750382234016,NORMAL,81.79999999999995,0.4787948518097814,4.59999999999998,0.24787948518097816,46.4,High-Vol,경계,금리,경계,안정
2022-07-04,0.5212029032115435,HIGH,0.999738380326096,0.7013680774353744,7.665479694537614,2.683065803379259,5.604394566743048,0.35001929563406187,1.961646238706765,bear_flat,8.400000000000007,-22.50000000000001,16.599999999999948,0.996031746031746,0.9642857142857143,0.1686338976336677,NORMAL,81.69999999999997,0.4750935717945901,4.199999999999989,0.24750935717945902,41.39999999999999,High-Vol,경계,금리,경계,안정
2022-07-05,0.4598445723114965,WARNING,0.8550323026560707,0.4770002833179067,7.438978070732709,2.6858288434179993,5.630065335760833,0.36104809261165843,2.032724350755465,bull_flat,-15.89999999999998,-22.799999999999983,16.999999999999993,1.0,0.9880952380952381,0.1994877497670253,NORMAL,82.69999999999999,0.5097337242590181,5.799999999999983,0.1,42.300000000000004,High-Vol,주의,금리,주의,안정
2022-07-06,0.4094275070653737,WARNING,0.4758650762871325,0.2367866105262244,7.523316387982382,2.6885918834567395,5.648912822488572,0.35736791393639256,2.0187401913812804,bull_flat,-17.700000000000003,-20.699999999999992,19.80000000000004,1.0,0.9920634920634921,0.2404927323796539,NORMAL,84.70000000000005,0.5792213601267743,7.400000000000034,0.1,44.8,Normal,주의,금리,주의,안정
2022-07-07,0.3713721623785927,WARNING,0.0226075426304154,0.0038868845471292,7.536060676926363,2.6889148468461004,5.645873183992353,0.3568064220978106,2.014483810398285,bull_flat,-16.400000000000013,-25.500000000000036,22.40000000000002,1.0,0.9900793650793651,0.2268518468769345,NORMAL,85.10000000000004,0.5928845360381951,6.400000000000006,0.1,43.99999999999999,Normal,주의,금리,주의,안정
2022-07-08,0.3975331590268224,WARNING,0.0084623271647914,0.0908703770911499,7.628607860857503,2.689237810235461,5.633644972018636,0.3525201267762076,1.985973239748154,bull_flat,-13.500000000000023,-17.50000000000003,20.199999999999996,1.0,0.9880952380952381,0.3627902343362171,WARNING,87.1,0.6623403562823754,14.999999999999986,0.1,41.19999999999999,Normal,주의,금리+신용,주의,주의
2022-07-11,0.3807225813892012,WARNING,0.0676379486232976,0.1895371885056789,6.6177174471660845,2.689237810235461,5.62827637312637,0.4063693912146517,2.287159243335171,bull_flat,-26.900000000000013,-7.90000000000002,18.700000000000028,1.0,0.7400793650793651,0.3295788080751513,WARNING,87.40000000000006,0.6724547474181797,16.599999999999994,0.1,39.80000000000001,Normal,주의,금리+신용,주의,주의
2022-07-12,0.3822592843263386,WARNING,0.0192538779256523,0.251078652347216,6.525488487462074,2.689237810235461,5.636492250005093,0.41211287329714874,2.3228710164667095,bull_flat,-34.19999999999996,-8.499999999999961,17.200000000000017,0.9920634920634921,0.7420634920634921,0.3022675241710544,WARNING,86.70000000000005,0.6476752417105315,14.500000000000083,0.1,42.600000000000016,Normal,주의,금리+신용,주의,주의
2022-07-13,0.3092964432199148,WARNING,0.9999290246278412,1.3936870257782258e-16,5.895591573370739,2.689678089884823,5.64834491260375,0.4562185247081201,2.5768795830706983,bull_flat,-49.39999999999998,-3.89999999999997,18.700000000000028,1.0,0.628968253968254,0.3373169343878031,WARNING,88.30000000000004,0.7031693438780341,17.799999999999983,0.1,58.19999999999999,High-Vol,주의,금리+신용,주의,주의
2022-07-14,0.3089143156586612,WARNING,0.9999996860608816,-0.118369153502868,5.909617495859481,2.690118369534185,5.648406830175837,0.4552102350818799,2.571212601002439,bull_flat,-47.199999999999996,-0.3999999999999601,18.00000000000006,0.996031746031746,0.6309523809523809,0.3305491296777057,WARNING,87.90000000000005,0.6888246301103848,17.000000000000043,0.1,29.300000000000015,High-Vol,주의,금리+신용,주의,주의
2022-07-15,0.2974370102962057,NORMAL,0.4027746547981106,-0.2119559764502044,5.814163740384343,2.6921222669456566,5.660735229808534,0.46302828526251566,2.621080526783358,bull_flat,-55.3,-1.29999999999999,19.600000000000016,1.0,0.6507936507936508,0.3224554052240059,WARNING,88.60000000000001,0.7128873855733924,16.300000000000026,0.1,37.1,Normal,주의,신용,안정,주의
2022-07-18,0.3061942580260811,WARNING,0.119616922056138,-0.0844596148967925,5.937046935622923,2.694126164357128,5.654748589110264,0.45378219063623704,2.5660242022636264,bull_flat,-51.39999999999998,-5.10000000000001,18.69999999999998,1.0,0.6527777777777778,0.3028441074675208,WARNING,89.19999999999999,0.7334410746752086,15.299999999999995,0.1,50.0,Normal,주의,금리+신용,주의,주의
2022-07-19,0.3032997677252829,WARNING,0.0175663078376867,-0.0844596148967917,5.927891255483873,2.696651225981972,5.658761951687442,0.4549090240964371,2.5742218770361838,bull_flat,-52.19999999999998,-5.10000000000002,17.99999999999997,1.0,0.6547619047619048,0.3175961688252991,WARNING,89.99999999999994,0.7609616882530048,16.09999999999991,0.1,50.8,Normal,주의,금리+신용,주의,주의
2022-07-20,0.3522148684149788,WARNING,0.126778961685322,0.0884433456267564,6.4074709683717135,2.699176287606816,5.634102107031378,0.4212545481564217,2.3733911373646466,bull_flat,-32.2,-9.600000000000009,18.400000000000016,1.0,0.6567460317460317,0.2984015015888684,NORMAL,90.10000000000002,0.7640150158886896,14.799999999999969,0.1,49.2,Normal,주의,금리,주의,안정
2022-07-21,0.396802541228848,WARNING,0.0117147285296556,0.3690483577880732,6.293471972900511,2.699780625208227,5.631263927766834,0.4289811151671758,2.415705879534107,bull_flat,-35.19999999999999,-3.79999999999998,16.300000000000036,1.0,0.6587301587301587,0.3083021057616582,WARNING,90.8,0.7880210576165864,15.299999999999969,0.1,50.0,Normal,주의,금리+신용,주의,주의
2022-07-22,0.3575132055701237,WARNING,0.0381549179810678,0.2197952931178985,6.190338397348261,2.7003849628096384,5.647968979264174,0.4362257423546337,2.463789460775457,bull_flat,-33.299999999999976,-2.7999999999999594,16.299999999999983,1.0,0.6607142857142857,0.296399073124342,NORMAL,91.7,0.8189907312434158,14.300000000000026,0.1,52.400000000000006,Normal,주의,금리,주의,안정
2022-07-25,0.3051612379995478,WARNING,0.051782895434838,0.0501996335111875,5.91407553838165,2.7006310066721935,5.668444969440261,0.45664465885588,2.588465119313377,bull_flat,-50.900000000000034,-9.40000000000003,23.299999999999965,1.0,0.6329365079365079,0.3155408396950743,WARNING,92.89999999999998,0.86040839695075,15.299999999999956,0.1,51.6,Normal,주의,금리+신용,주의,주의
2022-07-26,0.2976203500126568,NORMAL,0.0145669279275697,0.0327961513576658,5.904616837695735,2.7008770505347486,5.675060247672971,0.457417835022257,2.595873772111444,bull_flat,-49.70000000000003,-6.600000000000031,23.09999999999993,1.0,0.6190476190476191,0.323027310227677,WARNING,94.19999999999996,0.9052731022767811,15.499999999999927,0.1,52.200000000000024,Normal,주의,신용,안정,주의
2022-07-27,0.2844764473726445,NORMAL,0.2156453275364681,-0.2343965098087121,5.954308479889515,2.701130355794468,5.6887868318986206,0.45364299900105093,2.5806783191001776,bull_flat,-54.59999999999998,-8.39999999999996,22.10000000000004,1.0,0.31547619047619047,0.2948167033391431,NORMAL,94.30000000000004,0.9081670333914238,13.600000000000051,0.1,53.6,Normal,안정,없음,안정,안정
2022-07-28,0.3137520676940288,WARNING,0.0380525332118773,-0.3556398843653706,6.4173182626554,2.7013836610541877,5.671085814207256,0.42095210966463603,2.3872555375797346,bull_flat,-43.50000000000001,-1.5000000000000193,24.399999999999977,1.0,0.015873015873015872,0.3054003781323995,WARNING,95.2,0.939003781323996,14.099999999999994,0.1,54.49999999999999,Normal,주의,금리+신용,주의,주의
2022-07-29,0.2820403667694101,NORMAL,0.9999958665087134,-0.5498839770058287,5.86149567763616,2.7022284803407315,5.68949042526621,0.46101347317388,2.6229317415415108,bull_steep,-36.30000000000004,6.69999999999997,24.399999999999977,1.0,0.06944444444444445,0.3096307422973343,WARNING,96.0,0.9663074229733368,14.200000000000044,0.1,56.400000000000006,High-Vol,주의,금리+신용,주의,주의
2022-08-01,0.2991455893267593,NORMAL,0.6393930322093713,-0.4901009156224312,6.089842708192583,2.703073299627275,5.675818941773148,0.44386586471122924,2.5193022825345124,bull_steep,-30.49999999999997,4.40000000000005,25.30000000000001,1.0,0.07142857142857142,0.3147615457039833,WARNING,96.20000000000002,0.9726154570398268,14.500000000000044,0.1,53.2,High-Vol,주의,금리+신용,주의,주의
2022-08-02,0.2806350832506962,NORMAL,0.4611931028256282,-0.6617857300717381,5.982296249856965,2.703377499991842,5.697606140262472,0.4518962931761326,2.5747270947621836,bull_flat,-29.099999999999994,-0.19999999999998075,24.399999999999967,1.0,0.07341269841269842,0.3163366684311736,WARNING,97.1,1.0033666843117357,14.400000000000006,0.1,53.89999999999997,Normal,주의,신용,안정,주의
2022-08-03,0.2834044215060846,NORMAL,0.1433938992091176,-0.5437760799496659,5.879455757125829,2.703681700356409,5.6872950423579915,0.45985237614545865,2.6153161390686095,bull_steep,-16.400000000000013,0.9999999999999793,24.2,1.0,0.07539682539682539,0.3029072465175424,WARNING,98.0,1.0340724651754314,13.299999999999956,0.1,52.99999999999998,Normal,주의,신용,안정,주의
2022-08-04,0.2873260582850502,NORMAL,0.0361317988276343,-0.4817423725878483,5.8991413291302575,2.7051482023616202,5.681710832649827,0.45856643389834756,2.6054418749698423,bull_flat,-15.49999999999998,-0.6999999999999701,24.000000000000032,0.996031746031746,0.027777777777777776,0.2912819418779035,NORMAL,97.70000000000005,1.0228194187790338,12.600000000000009,0.1,53.49999999999997,Normal,안정,없음,안정,안정
2022-08-05,0.2770476324982868,NORMAL,0.0197249765477627,-0.2873029062998718,5.735907214987656,2.706614704366832,5.688423802583595,0.47187212116935484,2.6842086058353685,bull_steep,-23.599999999999977,0.0,21.40000000000001,0.9920634920634921,0.02976190476190476,0.2612061969189859,NORMAL,97.7,1.0220619691898578,10.600000000000009,0.1,54.999999999999986,Normal,안정,없음,안정,안정
2022-08-08,0.2924869688874952,NORMAL,0.0214941217933453,0.0160722224884148,5.863212699356456,2.7076279237344503,5.675999366180215,0.4617993688053716,2.6211729246417126,bull_flat,-20.799999999999976,-1.79999999999998,22.20000000000003,0.996031746031746,0.017857142857142856,0.2603291394937616,NORMAL,97.90000000000003,1.0282913949376178,10.499999999999986,0.1,53.49999999999997,Normal,안정,없음,안정,안정
2022-08-09,0.2870084359982384,NORMAL,0.0036598777371039,-0.1110983547039236,5.8323304902387445,2.708641143102069,5.678298548675066,0.46441832259598026,2.6371058871748634,bull_flat,-18.300000000000026,-2.6000000000000196,22.299999999999997,1.0,0.01984126984126984,0.2818481368619609,NORMAL,98.5,1.048481368619616,11.799999999999956,0.1,53.69999999999999,Normal,안정,없음,안정,안정
2022-08-10,0.2942405998482001,NORMAL,0.0171823992741395,-0.1418359405881029,5.859773661876467,2.7110266251195565,5.669254678245046,0.46265039941003594,2.6228829412472856,neutral,-9.40000000000003,-3.70000000000004,24.399999999999967,0.9880952380952381,0.007936507936507936,0.2466732634506314,NORMAL,97.9,1.0267326345063217,9.599999999999952,0.1,53.2,Normal,안정,없음,안정,안정
2022-08-11,0.2964867492750898,NORMAL,0.0615737572402575,-0.1377695081706687,5.871483269964565,2.713412107137044,5.667478721243277,0.46213400981953573,2.61913466701505,bull_steep,-7.600000000000007,5.999999999999959,23.4,1.0,0.00992063492063492,0.267390927455009,NORMAL,98.69999999999996,1.0539092745501029,10.799999999999912,0.1,53.69999999999999,Normal,안정,없음,안정,안정
2022-08-12,0.3082529480053074,WARNING,0.0304610330972043,-0.0765218267743899,5.932515220554042,2.714228952473965,5.653006723398664,0.45751740224283505,2.5863489509506374,bear_steep,4.0000000000000036,6.4,21.499999999999986,0.9801587301587301,0.011904761904761904,0.2401678157385335,NORMAL,97.79999999999998,1.0216781573853395,9.199999999999974,0.1,52.99999999999998,Normal,주의,금리,주의,안정
2022-08-16,0.3119427502877248,WARNING,0.4586741800292098,-0.2948829544955673,6.545074483915374,2.7150457978108853,5.6817446306893284,0.41482275021974985,2.356916933748844,bull_steep,-11.399999999999988,2.000000000000039,20.400000000000006,0.9861111111111112,0.013888888888888888,0.2329417849549234,NORMAL,97.90000000000003,1.024417849549225,8.70000000000006,0.1,55.2,Normal,주의,금리,주의,안정
2022-08-17,0.3185360878187088,WARNING,0.0227103332641139,-0.1118557420231448,6.592090555714244,2.7154334455290305,5.6748385332737366,0.4119229586697959,2.3375962785994826,neutral,-6.499999999999995,3.9999999999999996,21.599999999999973,1.0,0.015873015873015872,0.2393581456163793,NORMAL,98.89999999999996,1.058581456163793,8.900000000000006,0.1,53.69999999999999,Normal,주의,금리,주의,안정
2022-08-18,0.3065596469286501,WARNING,0.0129847209395331,-0.0724732348081269,6.132353802406941,2.715821093247176,5.667037938030529,0.4428676460548019,2.5097477517188387,bull_steep,-13.899999999999979,3.2,21.099999999999998,1.0,0.017857142857142856,0.2377773695187335,NORMAL,98.9,1.057773695187337,8.799999999999983,0.1,51.6,Normal,주의,금리,주의,안정
2022-08-19,0.3646576328636635,WARNING,0.0535918437319428,0.1859272466625941,6.486309468898004,2.7160705829265734,5.646819127032227,0.4187389756764137,2.3645432570834557,neutral,-6.400000000000006,3.2999999999999905,21.40000000000001,0.998015873015873,0.01984126984126984,0.2271967780944221,NORMAL,98.9,1.0569677809442202,8.100000000000009,0.1,49.499999999999964,Normal,주의,금리,주의,안정
2022-08-22,0.3860650791639269,WARNING,0.0122923615802947,0.3199563967551305,6.320476331150343,2.716320072605971,5.6390454150367075,0.429765088940946,2.4234648543352844,neutral,4.0000000000000036,1.29999999999999,21.60000000000002,1.0,0.021825396825396824,0.2154655095578699,NORMAL,99.00000000000004,1.0596550955786932,7.30000000000004,0.1,47.69999999999999,Normal,주의,금리,주의,안정
2022-08-23,0.3609584890848829,WARNING,0.0040431717098081,0.2399664599304576,5.935486500700687,2.7177652421585217,5.634256903790785,0.45788415858374676,2.5798369816369098,bear_steep,15.000000000000036,2.20000000000002,21.09999999999994,0.9861111111111112,0.023809523809523808,0.195535614831541,NORMAL,98.89999999999996,1.055356148315415,5.999999999999972,0.1,45.599999999999994,Low-Vol,주의,금리,주의,안정
2022-08-24,0.407721736562361,WARNING,0.0187392385737872,0.427903665166414,6.04095670359728,2.719210411711072,5.618722234284388,0.4501291012550762,2.5291503895203453,bear_steep,25.0,6.000000000000001,20.599999999999984,0.9801587301587301,0.025793650793650792,0.1722573436368193,NORMAL,98.7,1.0475734363681868,4.500000000000043,0.3047573436368187,42.300000000000004,Normal,주의,금리,주의,안정
2022-08-25,0.5034162200270488,HIGH,0.9999999969461758,0.7079780724066831,6.612539921280356,2.7195853721195817,5.580794250903789,0.4112769683805555,2.2952521406673436,bear_steep,47.199999999999996,3.09999999999997,19.399999999999963,0.9404761904761905,0.061507936507936505,0.1503382268864446,NORMAL,97.59999999999997,1.0083822688644577,3.299999999999926,0.3008382268864458,43.79999999999997,High-Vol,경계,금리,경계,안정
2022-08-26,0.472803767370064,WARNING,0.096830868116273,0.54876747020317,6.478131228257607,2.719960332528092,5.576274224479567,0.41986805093784235,2.341299390127164,bear_steep,41.5,1.9999999999999991,19.399999999999995,0.9365079365079365,0.10912698412698413,0.1397337505284436,NORMAL,97.39999999999998,1.0006708386177694,2.1999999999999886,0.30006708386177694,42.300000000000004,Normal,주의,금리,주의,안정
2022-08-29,0.4766657133841671,WARNING,0.4920513223995043,0.5555915652008137,6.298905502253216,2.7204560891829717,5.553229060646128,0.43189345961926595,2.3984033110607026,bear_flat,58.80000000000001,-5.6000000000000005,19.600000000000062,0.9285714285714286,0.4007936507936508,0.1232338205745991,NORMAL,96.80000000000004,0.979004872412652,0.8000000000000398,0.2979004872412652,42.8,Normal,주의,금리,주의,안정
2022-08-30,0.4711993978311599,WARNING,0.047714882819035,0.5478505393164065,6.356387173130416,2.7209518458378508,5.557518245227982,0.428065781980651,2.3789833935152513,bear_flat,51.099999999999966,-5.00000000000003,20.10000000000005,0.9404761904761905,0.49007936507936506,0.1416251056461545,NORMAL,97.60000000000004,1.006251056461541,1.40000000000002,0.30062510564615413,44.600000000000016,Normal,주의,금리,주의,안정
2022-08-31,0.4157635158160764,WARNING,0.5158699049641562,0.3563260597748622,5.677682533161611,2.7239467262656456,5.551259431497484,0.47976383152032614,2.6632934946185802,bear_flat,63.3,-4.0,20.40000000000003,0.9285714285714286,0.5317460317460317,0.1291719343754845,NORMAL,97.30000000000004,0.995052677088172,0.2000000000000454,0.29950526770881725,43.79999999999997,High-Vol,주의,금리,주의,안정
2022-09-01,0.4816115005048215,WARNING,0.280505728717046,0.6466412829035977,5.793653515065568,2.7269416066934404,5.532202004306015,0.47067737129989196,2.6038822968867485,bear_flat,67.40000000000003,-3.8999999999999693,19.599999999999984,0.9206349206349206,0.6031746031746031,0.131371226985406,NORMAL,96.9,0.9803789365207252,-1.1000000000000083,0.29803789365207256,42.600000000000016,Normal,주의,금리,주의,안정
2022-09-02,0.4653810374307546,WARNING,0.8074315045715184,0.5134349720687215,6.214084172688942,2.7289859365281033,5.5480092208757545,0.4391614050743094,2.436471524805021,bear_steep,58.59999999999999,2.1999999999999797,19.000000000000007,0.9464285714285714,0.5337301587301587,0.1340958364091408,NORMAL,97.70000000000005,1.0076250307580727,0.0,0.3007625030758073,45.599999999999994,High-Vol,주의,금리,주의,안정
2022-09-05,0.4344709307121966,WARNING,0.6722266100689197,0.3335701305114544,6.4674163067032095,2.731030266362766,5.563180063989223,0.42227531626998654,2.349193620987933,bear_steep,54.59999999999998,0.8999999999999897,25.89999999999999,0.9662698412698413,0.5357142857142857,0.139570813055616,NORMAL,98.0,1.0173747972228258,0.2999999999999971,0.3017374797222826,49.800000000000026,High-Vol,주의,금리,주의,안정
2022-09-06,0.4019935769750468,WARNING,0.2718263775386939,0.1155891699539718,6.44906153923516,2.7318779577711974,5.553141541663443,0.42360860431410774,2.352358538022744,bear_flat,53.500000000000014,-1.29999999999999,27.199999999999935,0.9642857142857143,0.5376984126984127,0.1431636687968722,NORMAL,98.0,1.016636687968729,0.0999999999999516,0.3016636687968729,45.199999999999996,Normal,주의,금리,주의,안정
2022-09-07,0.3947079493792496,WARNING,0.1763735343636178,0.0898211599025949,6.388435275022982,2.732725649179629,5.548244230520294,0.4277613424156979,2.3733244000975118,bear_steep,57.00000000000003,1.9000000000000101,26.100000000000044,0.9682539682539683,0.5396825396825397,0.1426373966659561,NORMAL,98.3,1.0263739666595604,-0.2000000000000028,0.30263739666595607,46.20000000000002,Normal,주의,금리,주의,안정
2022-09-08,0.390369881095428,WARNING,0.9985496661878948,-0.3441190070832564,7.126368751260875,2.733178178076275,5.574628372397491,0.3835302765651429,2.138038761413502,bear_steep,41.5,2.599999999999979,29.29999999999997,1.0,0.5416666666666666,0.1829654720082207,NORMAL,99.80000000000004,1.0779880534155366,1.900000000000034,0.3077988053415537,49.500000000000014,High-Vol,주의,금리,주의,안정
2022-09-13,0.3903691280408922,WARNING,0.2307721904078454,-0.2927797064421445,7.142274073946513,2.733630706972921,5.575200826193222,0.38273954187009157,2.13384981005095,bear_flat,40.10000000000002,-1.099999999999969,28.000000000000036,0.9920634920634921,0.5873015873015873,0.1609076130044351,NORMAL,98.90000000000003,1.0457427967110071,0.2000000000000881,0.30457427967110073,50.59999999999998,Normal,주의,금리,주의,안정
2022-09-14,0.3885315910422302,WARNING,0.0457529688472834,-0.2866938630801801,7.076534611323769,2.7338400712393547,5.567757654190773,0.38632469441535733,2.150962274334017,bear_flat,36.89999999999998,-3.50000000000001,27.09999999999999,0.996031746031746,0.628968253968254,0.1835751010272454,NORMAL,99.39999999999998,1.062417676939121,1.5999999999999943,0.3062417676939121,49.2,Normal,주의,금리,주의,안정
2022-09-15,0.3971014281441321,WARNING,0.8510671161304744,0.0134109731846943,6.708900215777791,2.7340494355057885,5.535192719246096,0.40752572665724446,2.255733435098654,bear_flat,63.49999999999998,-5.7000000000000295,25.000000000000057,0.9861111111111112,0.5436507936507936,0.166082854664182,NORMAL,98.90000000000003,1.0441618799751542,1.0,0.30441618799751546,48.499999999999986,High-Vol,주의,금리,주의,안정
2022-09-16,0.3919099238878045,WARNING,0.053815918656822,-0.0057445515955892,6.80414734207246,2.7342419260767374,5.53906918428087,0.4018493116940529,2.2258711391290067,bear_flat,58.39999999999996,-9.60000000000001,25.199999999999967,0.9920634920634921,0.5456349206349206,0.1547034608189308,NORMAL,99.1,1.050367941522636,0.2000000000000454,0.3050367941522636,48.900000000000034,Normal,주의,금리,주의,안정
2022-09-19,0.4320887854102638,WARNING,0.0032805245657512,0.217892039199951,6.805359729847623,2.7344344166476864,5.534853883325664,0.4018060066178033,2.223937536072126,bear_flat,57.3,-6.09999999999999,23.899999999999988,0.9920634920634921,0.4246031746031746,0.1498074530561386,NORMAL,99.20000000000005,1.0530745305613822,0.3000000000000398,0.30530745305613827,49.90000000000001,Low-Vol,주의,금리,주의,안정
2022-09-20,0.4315206614913399,WARNING,0.0239654029650334,0.2140689315547579,6.665709580421761,2.736031043653352,5.524941631268179,0.41046358390553145,2.26778734283921,bear_flat,52.59999999999998,-10.0,22.799999999999965,0.9424603174603174,0.4027777777777778,0.1354208438615323,NORMAL,98.3,1.0208751052819909,-0.6000000000000085,0.3020875105281991,49.90000000000001,Normal,주의,금리,주의,안정
2022-09-21,0.4863923812544318,WARNING,0.0200226200844353,0.5042005391443346,6.69583334697978,2.737627670659018,5.513419996879986,0.40885540735476206,2.2541915787422577,bear_flat,54.89999999999999,-5.299999999999991,22.200000000000042,0.996031746031746,0.14087301587301587,0.1355508457527451,NORMAL,99.6,1.0655084575274572,0.5999999999999659,0.3065508457527457,48.4,Normal,주의,금리,주의,안정
2022-09-22,0.5165766143505578,HIGH,0.9999994527827634,0.5414913655145139,6.916996610181567,2.7378199096691924,5.486353710479655,0.3958105033099512,2.1715564234813707,bear_flat,63.599999999999966,-18.70000000000002,21.199999999999932,0.9523809523809523,0.14087301587301587,0.1236783768064666,NORMAL,98.79999999999995,1.0367837680646668,-0.0999999999999943,0.3036783768064667,43.69999999999998,High-Vol,경계,금리,경계,안정
2022-09-23,0.5904411228143456,HIGH,0.8579815319139859,0.8288663359283732,7.112588913513261,2.738012148679367,5.461520316213194,0.38495295903821986,2.102428406573623,bear_flat,67.90000000000003,-20.899999999999952,20.299999999999983,0.9781746031746031,0.42857142857142855,0.1421335977399903,NORMAL,99.00000000000004,1.0430026440665638,0.3000000000000256,0.3043002644066564,42.300000000000004,High-Vol,경계,금리,경계,안정
2022-09-26,0.7161401259599562,SEVERE,1.0,1.1852414456154403,7.805928920749253,2.7385310592196705,5.410044647766634,0.35082705556545246,1.8979900342536036,bear_flat,74.2,-27.49999999999998,17.299999999999972,0.9126984126984127,0.498015873015873,0.1400667026195656,NORMAL,97.99999999999996,1.0073336928623202,0.4000000000000057,0.30073336928623207,36.90000000000002,High-Vol,위기,금리,위기,안정
2022-09-27,0.6928318075625769,SEVERE,0.9999999999550612,0.9881391011308788,8.626055999427736,2.739049969759974,5.440329220941564,0.3175321340299305,1.7274793473509642,bear_flat,59.20000000000001,-18.70000000000001,19.29999999999996,1.0,0.39880952380952384,0.1740370124977978,NORMAL,100.39999999999996,1.0903701249779842,2.999999999999972,0.30903701249779847,40.600000000000016,High-Vol,위기,금리,위기,안정
2022-09-28,0.7975078092884076,SEVERE,0.9969377205831608,1.4825088601949616,8.749151838591951,2.7431367242467948,5.415528433604522,0.31353173140132207,1.6979400062411154,bear_flat,61.7,-6.800000000000001,18.599999999999994,0.998015873015873,0.18253968253968253,0.1629527687523851,NORMAL,100.39999999999996,1.0895276875238658,3.599999999999909,0.3089527687523866,39.69999999999998,High-Vol,위기,금리,위기,안정
2022-09-29,0.764399400432783,SEVERE,0.9052223763678005,1.2764371470239493,9.188843349696588,2.7472234787336154,5.436272933347957,0.3,1.630881880004387,bear_flat,53.40000000000003,-12.699999999999969,25.800000000000047,1.0,0.003968253968253968,0.2821326198810384,NORMAL,107.5,1.3363261988103878,9.899999999999975,0.1,41.000000000000014,High-Vol,위기,금리,위기,안정
2022-09-30,0.7421480783581438,SEVERE,0.9999999999035064,1.2254196465002167,9.858625664868306,2.7472617943969144,5.464959147017231,0.3,1.6394877441051692,bear_flat,37.5,-12.59999999999998,26.700000000000035,1.0,0.003968253968253968,0.3216237660634972,WARNING,109.40000000000003,1.401237660634973,12.099999999999994,0.1,48.69999999999997,High-Vol,위기,금리,위기,주의
2022-10-04,0.7272474784006728,SEVERE,0.9999998080329096,1.2130287654422771,10.018954404947706,2.747300110060213,5.48512086640711,0.3,1.6455362599221328,bear_flat,20.10000000000001,-10.20000000000002,24.6999999999999,0.996031746031746,0.007936507936507936,0.3274775399520774,WARNING,109.39999999999996,1.399775399520781,12.499999999999956,0.1,56.400000000000006,High-Vol,위기,금리,위기,주의
2022-10-05,0.7665217068364765,SEVERE,0.8506459596576693,1.342573688609564,10.0221649095235,2.7498002916264648,5.464466010573237,0.3,1.639339803171971,bear_flat,36.400000000000034,-11.49999999999997,23.399999999999956,0.9920634920634921,0.011904761904761904,0.2986971277040358,NORMAL,108.5,1.3669712770403646,10.799999999999956,0.1,59.80000000000003,High-Vol,위기,금리,위기,안정
2022-10-06,0.7501310851238449,SEVERE,0.1649036969539587,1.2557143629200904,9.827801596009472,2.752300473192717,5.464748455624015,0.3,1.6394245366872044,bear_flat,43.20000000000004,-9.6999999999999,21.50000000000003,0.9920634920634921,0.09523809523809523,0.2959074359422965,NORMAL,108.60000000000002,1.3690743594229615,10.600000000000025,0.1,64.60000000000004,Normal,경계,금리,경계,안정
2022-10-07,0.7920729855889134,SEVERE,0.9846260985171698,1.3836556681168055,10.026905908866562,2.7532276146921393,5.439819648005488,0.3,1.6319458944016465,bear_flat,50.200000000000024,-9.19999999999995,20.79999999999995,0.9841269841269841,0.43452380952380953,0.2883767388190316,NORMAL,108.2,1.3537673881903165,10.200000000000005,0.1,67.50000000000003,High-Vol,위기,금리,위기,안정
2022-10-11,0.8444406644759249,SEVERE,0.9905773808716174,1.5897524853068885,10.137657779939008,2.7541547561915616,5.4204507679199025,0.3,1.6261352303759706,bear_flat,56.999999999999986,-8.69999999999996,22.69999999999999,0.998015873015873,0.6706349206349206,0.3192512673099303,WARNING,109.40000000000003,1.3941793397659654,11.100000000000035,0.1,70.29999999999998,High-Vol,위기,금리,위기,주의
2022-10-12,0.7662209373634229,SEVERE,1.0,1.2735269929720296,10.882743462158691,2.755711332032565,5.4640770734462265,0.3,1.639223122033868,bear_flat,48.80000000000004,-7.59999999999996,21.99999999999993,1.0,0.37896825396825395,0.2999044550895153,NORMAL,110.29999999999998,1.4240445508951596,10.499999999999956,0.1,71.8,High-Vol,위기,금리,위기,안정
2022-10-13,0.8242715657808029,SEVERE,0.866073250278291,1.4628893294276402,11.107393223008094,2.7572679078735685,5.436679794090733,0.3,1.63100393822722,bear_flat,61.89999999999998,-4.8000000000000504,22.799999999999866,1.0,0.2003968253968254,0.3206440204932423,WARNING,110.6999999999999,1.4364402049324452,11.799999999999857,0.1,73.59999999999998,High-Vol,위기,금리,위기,주의
2022-10-14,0.8144768587200091,SEVERE,0.1518787898585024,1.4538776456203202,11.284059553192716,2.7591754190301385,5.447860263592684,0.3,1.6343580790778052,bear_flat,53.00000000000003,-9.19999999999996,22.70000000000003,1.0,0.43452380952380953,0.3240750969653466,WARNING,111.30000000000004,1.4557509696534567,11.900000000000064,0.1,77.59999999999998,Normal,경계,금리,경계,주의
2022-10-17,0.8211013831036416,SEVERE,0.020855706878352,1.4628402468044772,10.967396658901508,2.761082930186709,5.440493795564905,0.3,1.6321481386694714,bear_flat,42.39999999999999,-4.49999999999999,24.200000000000045,1.0,0.6825396825396826,0.3902106387209975,WARNING,113.40000000000003,1.5271063872099784,14.499999999999986,0.1,84.09999999999998,Normal,경계,금리,경계,주의
2022-10-18,0.8489071336959906,SEVERE,0.0090355506341813,1.583274951923397,10.960689327150714,2.7631781529207515,5.428401370020747,0.3,1.6285204110062241,bear_steep,50.500000000000036,3.00000000000003,26.60000000000009,1.0,0.7718253968253969,0.4594729937068439,WARNING,116.60000000000004,1.636396603735098,17.500000000000043,0.1,92.30000000000001,Normal,경계,금리,경계,주의
2022-10-19,0.8666037108198368,SEVERE,0.1417638448641622,1.59736921750241,11.158376603299084,2.7652733756547945,5.4033836941300875,0.3,1.6210151082390263,bear_steep,60.19999999999999,2.99999999999994,30.099999999999973,1.0,0.8412698412698413,0.5359123734086532,HIGH,120.2,1.759123734086533,20.999999999999943,0.1,99.29999999999994,Normal,경계,금리+신용,경계,경계
2022-10-20,0.8754941670961824,SEVERE,0.094337902908195,1.6408192256033194,11.158960289240296,2.7692360873429323,5.394699330975256,0.3,1.6184097992925768,bear_steep,60.30000000000002,7.600000000000049,33.00000000000004,1.0,0.9404761904761905,0.5947833147037911,HIGH,123.80000000000004,1.881291160811024,25.500000000000043,0.1,106.69999999999997,Normal,경계,금리+신용,경계,경계
2022-10-21,0.9261061600602708,SEVERE,0.9986898239240628,1.9979387078368207,11.732611994373888,2.7731987990310705,5.354629270517853,0.3,1.6063887811553557,bear_steep,74.09999999999997,9.299999999999951,32.399999999999984,1.0,1.0,0.7201897835066037,SEVERE,124.09999999999997,1.888689634093143,24.49999999999997,0.1,118.6,High-Vol,위기,금리+신용,위기,위기
2022-10-24,0.9032162647295068,SEVERE,0.9996579546760478,1.9189163651308736,12.174178887257533,2.7746499067112613,5.383535750450632,0.3,1.6150607251351894,bear_steep,50.60000000000002,30.50000000000006,35.80000000000001,1.0,1.0,0.7902796170868431,SEVERE,128.7,2.0446222257012363,29.900000000000038,0.1,129.4,High-Vol,위기,금리+신용,위기,위기
2022-10-25,0.8651723441053918,SEVERE,0.9988427971708742,1.673484178869589,12.630126890223927,2.776101014391452,5.415575933118615,0.3,1.6246727799355845,bear_steep,23.4,21.199999999999967,36.499999999999986,1.0,1.0,0.8208652460115478,SEVERE,130.69999999999996,2.109927912822901,31.69999999999993,0.1,136.20000000000002,High-Vol,위기,금리+신용,위기,위기
2022-10-26,0.8552185627499991,SEVERE,0.9427622873890618,1.6648206034421569,11.707604366393651,2.776582010922634,5.4288131533360104,0.3,1.628643946000803,bull_steep,-5.600000000000005,28.39999999999997,40.19999999999994,1.0,1.0,0.8506210996031176,SEVERE,134.49999999999997,2.2368016014706456,36.5,0.1,141.29999999999998,High-Vol,위기,금리+신용,위기,위기
2022-10-27,0.8559895142829397,SEVERE,0.2571702597526596,1.6046072695875309,11.356930413674828,2.7770630074538154,5.421162808771202,0.3,1.6263488426313606,bear_steep,10.499999999999954,15.50000000000001,41.400000000000034,1.0,1.0,0.8709126831663094,SEVERE,136.60000000000002,2.3043255948010235,36.20000000000008,0.1,139.09999999999997,Normal,위기,신용,경계,위기
2022-10-28,0.8266783210448945,SEVERE,0.9672825910097578,1.4722700991486652,11.475184897031172,2.777801948392395,5.452824029261737,0.3,1.635847208778521,bull_steep,-16.500000000000004,6.09999999999999,41.5,1.0,1.0,0.8835178295512269,SEVERE,137.5,2.3301603322291373,37.10000000000005,0.1,142.39999999999995,High-Vol,위기,금리+신용,위기,위기
2022-10-31,0.8388554946190686,SEVERE,0.9981289687103362,1.4950930953291242,11.391607021237853,2.778540889330975,5.4365210601762595,0.3,1.6309563180528779,bear_steep,1.29999999999999,13.100000000000012,43.300000000000026,1.0,1.0,0.8997960766531641,SEVERE,139.50000000000006,2.393474975465187,32.00000000000004,0.1,142.1,High-Vol,위기,금리+신용,위기,위기
2022-11-01,0.822452808361128,SEVERE,0.9934867864897132,1.4756298123086269,11.244950913749308,2.7786355969259677,5.460107229558629,0.3,1.6380321688675885,bear_steep,3.89999999999997,15.699999999999992,44.699999999999996,1.0,1.0,0.920375367070662,SEVERE,141.79999999999998,2.4665253352164846,32.39999999999995,0.1,147.50000000000006,High-Vol,위기,금리+신용,위기,위기
2022-11-02,0.8203599912156794,SEVERE,0.5034447095199505,1.42714314549981,11.034742979860416,2.77873030452096,5.457907798849048,0.3,1.6373723396547144,bear_steep,13.699999999999957,12.30000000000001,45.80000000000006,1.0,1.0,0.9499314707335604,SEVERE,143.80000000000007,2.5287049895990457,34.40000000000012,0.1,152.59999999999997,High-Vol,위기,금리+신용,위기,위기
2022-11-03,0.8310165134240731,SEVERE,0.2832632270928742,1.4716821769830732,10.89523676707056,2.781587438656169,5.4458979038148465,0.3,1.6337693711444539,bear_steep,9.499999999999975,9.39999999999994,48.09999999999989,1.0,1.0,0.959031503003857,SEVERE,145.79999999999993,2.590315030038571,37.299999999999926,0.1,156.9,Normal,위기,신용,경계,위기
2022-11-04,0.8302132986139195,SEVERE,0.3467932266992396,1.4915171587871845,10.903838049536782,2.784444572791378,5.449759668768883,0.3,1.634927900630665,bear_steep,8.000000000000007,10.699999999999921,49.60000000000001,1.0,1.0,0.9634353138564064,SEVERE,147.3,2.634353138564065,38.69999999999999,0.1,163.70000000000005,Normal,위기,신용,경계,위기
2022-11-07,0.8429383698452277,SEVERE,0.1466565797485957,1.52064569504673,10.744722082565872,2.78476586976353,5.433395961437093,0.3,1.6300187884311277,bear_steep,4.3999999999999595,13.39999999999993,49.69999999999995,1.0,1.0,0.963728901888468,SEVERE,147.6,2.6372890188846805,39.39999999999999,0.1,166.9,Normal,위기,신용,경계,위기
2022-11-08,0.8387291305472286,SEVERE,0.0105132290266276,1.5040262917523242,10.543768426496229,2.785087166735682,5.438367272242725,0.3,1.6315101816728175,bull_steep,-7.000000000000028,11.59999999999995,50.10000000000009,1.0,1.0,0.9663858753870804,SEVERE,148.60000000000008,2.6638587538708043,39.200000000000045,0.1,170.7,Normal,위기,신용,경계,위기
2022-11-09,0.8145544570657018,SEVERE,0.0268218393389118,1.3563954825371467,9.633017508329845,2.786043531434993,5.451487809427958,0.3,1.6354463428283872,bear_steep,6.699999999999928,8.79999999999992,52.900000000000006,1.0,1.0,0.9730636825482746,SEVERE,150.8,2.7306368254827458,40.50000000000003,0.1,174.5,Normal,위기,신용,경계,위기
2022-11-10,0.7633223892193554,SEVERE,0.8861495170873646,1.1727267399504302,9.456686578957314,2.7869998961343043,5.473663047127037,0.3,1.642098914138111,bull_steep,-16.89999999999996,0.10000000000004033,53.100000000000016,1.0,1.0,0.9756325724035846,SEVERE,151.79999999999998,2.7563257240358467,41.10000000000008,0.1,181.70000000000002,High-Vol,위기,금리+신용,위기,위기
2022-11-11,0.6666547513596939,SEVERE,0.9992550772218126,0.8178394999443478,10.126477799885745,2.7892736440961015,5.51313227174627,0.3,1.653939681523881,bull_steep,-28.699999999999992,8.59999999999998,54.89999999999999,1.0,1.0,0.97783731875568,SEVERE,152.69999999999996,2.7783731875568,41.39999999999992,0.1,189.39999999999998,High-Vol,위기,금리+신용,위기,위기
2022-11-14,0.7190311486337477,SEVERE,0.1031011599415708,1.0493453463717572,10.126477799885745,2.791547392057899,5.506004638807596,0.3,1.6518013916422787,bull_steep,-28.699999999999992,10.199999999999982,59.099999999999945,1.0,1.0,0.9913988135362332,SEVERE,156.99999999999997,2.9139881353623327,43.59999999999994,0.1,189.5,Normal,위기,신용,경계,위기
2022-11-15,0.680215854439435,SEVERE,0.2596097385558594,0.9097933393326136,10.02489532692433,2.793506823180496,5.5216213784069295,0.3,1.6564864135220787,bull_steep,-41.599999999999994,7.3,60.400000000000055,1.0,1.0,0.9981227705186528,SEVERE,159.3,2.9812277051865297,42.69999999999997,0.1,194.20000000000002,Normal,위기,신용,경계,위기
2022-11-16,0.6858931887684091,SEVERE,0.0230676699142918,0.912419826587076,9.574197781427673,2.795466254303093,5.513352110356655,0.3,1.6540056331069963,bull_steep,-50.0,2.300000000000049,61.900000000000034,1.0,1.0,1.0,SEVERE,160.80000000000004,3.020999863875586,40.60000000000005,0.1,196.60000000000002,Normal,위기,신용,경계,위기
2022-11-17,0.6415030850222164,HIGH,0.0451186783123946,0.7363154457861314,9.444970814365195,2.796499030593428,5.522003088145554,0.3,1.656600926443666,bull_flat,-58.59999999999999,-4.00000000000001,63.39999999999998,1.0,1.0,1.0,SEVERE,162.29999999999998,3.0602450266289427,38.49999999999994,0.1,199.6,Normal,위기,신용,경계,위기
2022-11-18,0.5560436739501577,HIGH,0.0373919745866107,0.620624025205427,7.867018093547925,2.7975318068837627,5.532788019773553,0.35560256422673503,1.9674736071544348,bull_flat,-83.09999999999995,-12.29999999999993,65.20000000000002,1.0,1.0,1.0,SEVERE,164.20000000000005,3.112178686119037,40.10000000000008,0.1,201.50000000000006,Normal,위기,신용,경계,위기
2022-11-21,0.5241961693887699,HIGH,0.0366454498915625,0.5439893658642295,7.592965927682497,2.798528571295181,5.539010288358358,0.36856856700650836,2.041505084614547,bull_flat,-73.90000000000003,-27.10000000000008,66.60000000000004,1.0,1.0,1.0,SEVERE,165.49999999999997,3.1436169856854006,36.79999999999998,0.1,205.49999999999997,Normal,위기,신용,경계,위기
2022-11-22,0.489288235214926,WARNING,0.0239648396969914,0.4607980839539342,7.103096063281876,2.7995253357066,5.537040121667751,0.39412747775976475,2.1822996574075315,bull_flat,-57.3,-19.59999999999997,68.50000000000001,1.0,1.0,1.0,SEVERE,167.20000000000002,3.187733910921425,36.50000000000006,0.1,207.50000000000003,Normal,위기,신용,주의,위기
2022-11-23,0.4425242102157957,WARNING,0.0048596079102781,0.25105151803064,7.0725469989694325,2.8010661024417827,5.536721120599985,0.3960477184315547,2.192805767405425,bull_flat,-50.499999999999986,-14.59999999999998,71.09999999999998,1.0,1.0,1.0,SEVERE,168.69999999999993,3.224653533546021,34.19999999999996,0.1,210.29999999999998,Normal,위기,신용,주의,위기
2022-11-24,0.3834768986587661,WARNING,0.9999931693999574,0.0081400823137286,7.464475516527741,2.802606869176965,5.571143918479891,0.37545931565740565,2.0917378830613775,bull_flat,-69.09999999999998,-12.60000000000002,73.90000000000003,1.0,1.0,1.0,SEVERE,171.3,3.296881158604425,34.69999999999999,0.1,221.49999999999994,High-Vol,위기,신용,주의,위기
2022-11-25,0.3654664428582176,WARNING,0.7331005998117582,-0.1259922265626159,7.0197915698552285,2.8061142478486323,5.572013976563108,0.3997432430755923,2.227374937453864,bull_flat,-54.39999999999996,-7.59999999999996,76.39999999999998,1.0,1.0,1.0,SEVERE,173.20000000000002,3.34524166091667,35.70000000000002,0.1,223.20000000000002,High-Vol,위기,신용,주의,위기
2022-11-28,0.3475862436721427,WARNING,0.0492747349861175,-0.1218956360086338,6.603954158405082,2.809621626520299,5.574862513910933,0.4254453557864868,2.3717993656915852,bull_flat,-63.60000000000001,-12.000000000000039,75.99999999999997,1.0,1.0,1.0,SEVERE,173.60000000000002,3.344265659998697,34.099999999999966,0.1,220.1,Normal,위기,신용,주의,위기
2022-11-29,0.3613508980367264,WARNING,0.032869032731935,-0.0654978613964658,6.706469774934145,2.81029817956484,5.560024491941767,0.41904284577088635,2.3298884856591044,bull_flat,-46.199999999999974,-11.69999999999999,77.19999999999997,1.0,1.0,1.0,SEVERE,174.5,3.359393401780448,32.70000000000002,0.1,220.19999999999996,Normal,위기,신용,주의,위기
2022-11-30,0.3594685367365118,WARNING,0.195179703008679,-0.1896212730725846,6.679552459007381,2.810974732609381,5.562045063409996,0.42083279528986706,2.3406909715630344,bull_flat,-47.599999999999994,-7.00000000000002,78.70000000000003,1.0,1.0,1.0,SEVERE,175.60000000000002,3.380673996850857,31.799999999999955,0.1,221.50000000000003,Normal,위기,신용,주의,위기
2022-12-01,0.3502468308748346,WARNING,0.075817569383072,-0.1034780437149854,6.445814635543705,2.8110777086613514,5.563782176716806,0.43610898972496387,2.4264154241377267,bull_flat,-53.40000000000003,-2.59999999999998,79.49999999999994,1.0,1.0,1.0,SEVERE,177.2,3.417586138962618,31.400000000000063,0.1,223.0,Normal,위기,신용,주의,위기
2022-12-02,0.342115994693962,WARNING,0.940639770567426,-0.1198324622793995,6.546793108079705,2.811180684713322,5.580793361185997,0.42939812489933604,2.39638220474393,bull_flat,-59.90000000000002,-9.699999999999989,79.0,0.996031746031746,0.998015873015873,1.0,SEVERE,177.0,3.3964532559727747,29.69999999999999,0.1,226.10000000000002,High-Vol,위기,신용,주의,위기
2022-12-05,0.3188238403801584,WARNING,0.060626319030906,-0.2247142282897899,6.053313577137555,2.811966798659207,5.587872980924318,0.4645334762235973,2.5957540605246883,bull_flat,-70.9,-13.200000000000001,78.1,0.9920634920634921,0.996031746031746,1.0,SEVERE,176.1,3.3533549811077017,28.5,0.1,227.4,Normal,위기,신용,주의,위기
2022-12-06,0.3119020694912074,WARNING,0.4830037364229602,-0.3195316307615802,6.04826203832229,2.812752912605093,5.596474556453908,0.4650514304412172,2.6026484979067663,bull_flat,-73.19999999999997,-20.900000000000002,77.09999999999995,0.9841269841269841,0.9940476190476191,1.0,SEVERE,175.39999999999995,3.317210105504249,26.79999999999987,0.1,227.1,Normal,위기,신용,주의,위기
2022-12-07,0.3183979896149527,WARNING,0.0960118697573872,-0.1379445589742025,6.146894808720388,2.812984451669977,5.591667546438954,0.45762690581255644,2.558897517609348,bull_flat,-65.39999999999995,-23.99999999999993,74.09999999999992,0.9761904761904762,0.9920634920634921,1.0,SEVERE,173.89999999999995,3.256292102464133,23.099999999999937,0.1,225.8,Normal,위기,신용,주의,위기
2022-12-08,0.3120668985596707,WARNING,0.0478471042133841,-0.1253950647939076,5.946958532684897,2.8132159907348617,5.590145115101583,0.47305122026212754,2.644424968141175,bull_flat,-54.00000000000005,-18.30000000000002,74.69999999999993,0.9682539682539683,0.9900793650793651,1.0,SEVERE,173.59999999999997,3.2340082249030178,21.799999999999983,0.1,223.90000000000003,Normal,위기,신용,주의,위기
2022-12-09,0.2647348470030886,NORMAL,0.017041033866579,-0.222865538824989,4.823219606074457,2.813536340529705,5.598557938525938,0.5833315856044129,3.265815679378509,bull_flat,-40.300000000000004,-22.59999999999999,74.00000000000003,0.9642857142857143,0.9880952380952381,1.0,SEVERE,173.4,3.215147702648938,20.700000000000045,0.1,222.6,Normal,위기,신용,안정,위기
2022-12-12,0.2527294639250727,NORMAL,0.0033924706246793,-0.4871257350171584,4.673215955679885,2.813856690324548,5.608170494020403,0.6021242581149179,3.3768154980940075,bull_flat,-48.0,-25.3,77.09999999999994,0.9880952380952381,0.9702380952380952,0.985,SEVERE,175.99999999999997,3.284139283633606,19.0,0.1,221.20000000000002,Low-Vol,위기,신용,안정,위기
2022-12-13,0.2554600081345473,NORMAL,0.0117077320070546,-0.4300928790570539,4.661307699957623,2.816631561408423,5.603868717960367,0.6042578054724921,3.386181413670679,bull_flat,-39.20000000000003,-26.20000000000004,75.99999999999994,0.9761904761904762,0.9623015873015873,0.9036666666666652,SEVERE,175.09999999999994,3.242952738442383,15.799999999999926,0.1,218.89999999999995,Normal,위기,신용,안정,위기
2022-12-14,0.2426460077291852,NORMAL,0.1464995935264735,-0.5493374000728033,4.571363956310267,2.8194064324922974,5.61901489692084,0.6167538746505659,3.465549209395178,bull_flat,-48.99999999999998,-21.199999999999957,75.0,0.9682539682539683,0.9503968253968254,0.8276666666666666,SEVERE,174.20000000000005,3.202316659142282,13.400000000000006,0.1,217.90000000000003,Normal,위기,신용,안정,위기
2022-12-15,0.2379520994780362,NORMAL,0.0082204843296613,-0.6469626445475614,4.550913731271305,2.821428085072634,5.624221916136583,0.6199695823028628,3.486846512125804,bull_flat,-47.30000000000003,-20.50000000000004,74.4,0.9444444444444444,0.9424603174603174,0.7560000000000002,SEVERE,172.70000000000002,3.1436069373606914,10.400000000000034,0.1,214.19999999999993,Normal,위기,신용,안정,위기
2022-12-16,0.2331091292608139,NORMAL,0.0107604336729373,-0.7563641742700371,4.501984942339619,2.8234497376529704,5.62827260655296,0.6271566373088895,3.5298085217834925,bull_flat,-44.10000000000003,-19.30000000000004,69.20000000000002,0.9365079365079365,0.9365079365079365,0.6356666666666659,HIGH,168.8,3.011406596781446,4.599999999999966,0.4,211.0,Normal,경계,신용,안정,경계
2022-12-19,0.2443102146569911,NORMAL,0.013676683049186,-0.8677199205757228,4.6612032555418255,2.8237479601838156,5.620918666752969,0.6057980751700944,3.405141709006602,bull_flat,-36.89999999999998,-7.699999999999951,68.40000000000002,0.9246031746031746,0.9325396825396826,0.5740101423614746,HIGH,167.19999999999996,2.9517680902814143,1.6999999999999886,0.4,207.50000000000003,Normal,경계,신용,안정,경계
2022-12-20,0.357609916082834,WARNING,0.9853022557702392,-0.7102268928052993,6.875854013942755,2.824046182714661,5.5750895503584195,0.4107193342075183,2.2897970682705027,bull_flat,-16.999999999999993,-1.1000000000000094,65.79999999999997,0.9166666666666666,0.9285714285714286,0.5068165543228172,HIGH,164.79999999999998,2.868165543228176,-2.400000000000034,0.4,200.10000000000002,High-Vol,경계,신용,주의,경계
2022-12-21,0.3530149648740146,WARNING,0.5264897247895791,-1.135300824228089,6.900678837697979,2.827582772376226,5.5837226718385775,0.40975429213272724,2.2879543308646766,bull_steep,-20.80000000000002,0.30000000000001,65.40000000000006,0.9087301587301587,0.9206349206349206,0.4816196699524669,WARNING,163.40000000000003,2.816196699524669,-5.299999999999898,0.4,197.99999999999994,High-Vol,주의,금리+신용,주의,주의
2022-12-22,0.317686682329203,WARNING,0.0851657347236506,-1.0641334826876865,6.231099843780225,2.8311193620377915,5.599888704481344,0.4543530729753537,2.544326641201071,bull_flat,-12.699999999999978,-0.49999999999998934,62.100000000000044,0.9047619047619048,0.9126984126984127,0.4780099312635162,WARNING,162.5,2.780099312635162,-8.800000000000011,0.4,196.4,Normal,주의,금리+신용,주의,주의
2022-12-23,0.3321092913809061,WARNING,0.039324788581095,-1.1827546169018452,6.389668881957239,2.8313981902460346,5.586928263404474,0.44312127006160923,2.475686747822891,bull_flat,-7.100000000000017,-5.00000000000002,58.80000000000001,0.8888888888888888,0.9067460317460317,0.467089553058143,WARNING,159.19999999999996,2.6708955305814297,-14.000000000000057,0.4,193.9,Normal,주의,금리+신용,주의,주의
2022-12-26,0.356232106277641,WARNING,0.0256166471275367,-0.8932927828302716,6.690549108139112,2.8316770184542777,5.5683227601565415,0.4232353686799067,2.3567111363235695,neutral,3.299999999999992,3.9000000000000097,49.70000000000003,0.8849206349206349,0.8968253968253969,0.4602442653792076,WARNING,157.20000000000005,2.6024426537920764,-16.399999999999977,0.4,189.4,Normal,주의,금리+신용,주의,주의
2022-12-27,0.3392560172842613,WARNING,0.0191564815048747,-0.7475241260539801,6.537656106619639,2.8317699489887063,5.574015830123691,0.4331475842116299,2.4143714911754595,neutral,-6.199999999999983,-0.09999999999998968,46.30000000000001,0.876984126984127,0.8968253968253969,0.4549853238406542,WARNING,155.70000000000005,2.5498532384065418,-18.799999999999955,0.4,184.79999999999998,Normal,주의,금리+신용,주의,주의
2022-12-28,0.3494492794467438,WARNING,0.0453661102529506,-0.5146077319801531,6.696668456856186,2.831862879523135,5.561334418583475,0.42287637468804595,2.3517569373584317,neutral,0.6000000000000227,2.7,44.10000000000005,0.873015873015873,0.8829365079365079,0.4476384382472799,WARNING,153.5,2.4763843824727987,-22.100000000000023,0.4,180.20000000000002,Normal,주의,금리+신용,주의,주의
2022-12-29,0.3610893229562157,WARNING,0.0210839689095423,-0.586000158192548,6.797931186842995,2.8320603366602866,5.54944437749985,0.41660620839198503,2.3119329807924323,neutral,6.300000000000017,-0.5999999999999801,43.40000000000006,0.8650793650793651,0.875,0.4421759527586419,WARNING,151.90000000000006,2.42175952758642,-25.29999999999993,0.4,175.1,Normal,주의,금리+신용,주의,주의
2022-12-30,0.3510747733361091,WARNING,0.9794138428921242,-0.5797189560471386,6.510580457588774,2.8322577937974387,5.548568891725078,0.4350238526729427,2.4137598160994833,bear_steep,14.69999999999998,4.09999999999999,42.29999999999996,0.8571428571428571,0.8690476190476191,0.4385782765578263,WARNING,150.89999999999998,2.3857827655782637,-26.100000000000023,0.4,173.3,High-Vol,주의,금리+신용,주의,주의
2023-01-02,0.3676061340037522,WARNING,0.3458994827456438,-0.6330387075695213,6.63284490840449,2.832982341758325,5.530907539346804,0.4271142143198084,2.3623292281436146,bear_steep,26.200000000000003,8.89999999999999,39.79999999999995,0.8452380952380952,0.8611111111111112,0.4292427448128176,WARNING,147.99999999999994,2.292427448128176,-28.10000000000005,0.4,170.9,Normal,주의,금리+신용,주의,주의
2023-01-03,0.3767255488930968,WARNING,0.9999912559966312,-1.000932635650568,7.478550028335425,2.833706889719212,5.563923817921861,0.37891127009682357,2.10823344057074,bear_steep,15.700000000000003,12.9,37.59999999999999,0.8333333333333334,0.8571428571428571,0.4257298803798193,WARNING,147.00000000000003,2.2572988037981934,-28.39999999999992,0.4,172.89999999999998,High-Vol,주의,금리+신용,주의,주의
2023-01-04,0.3629449656069299,WARNING,0.9339682134200286,-0.8289960659399181,7.641927285153853,2.834978597082928,5.577570018924219,0.3709769134535611,2.069149710191627,bear_steep,7.399999999999984,11.39999999999999,34.30000000000004,0.8253968253968254,0.8492063492063492,0.4180024873550541,WARNING,144.60000000000002,2.1800248735505403,-29.29999999999993,0.4,171.69999999999996,High-Vol,주의,금리+신용,주의,주의
2023-01-05,0.3597552527588851,WARNING,0.2817184120147536,-1.107806625841944,7.6700013724008915,2.836250304446644,5.582563196091131,0.36978484966800346,2.064347292228688,bear_steep,4.100000000000037,7.30000000000004,30.900000000000063,0.8134920634920635,0.8412698412698413,0.4085081538684726,WARNING,141.59999999999997,2.0850815386847263,-32.0,0.4,168.8,Normal,주의,금리+신용,주의,주의
2023-01-06,0.3471528545429388,WARNING,0.1608413941899694,-1.0112544949538709,7.609059697077177,2.8366677698047376,5.581274767511268,0.3728013555859432,2.080706799225821,bear_steep,8.199999999999985,5.79999999999998,26.79999999999998,0.8055555555555556,0.8373015873015873,0.3975559796085816,WARNING,138.10000000000002,1.975559796085816,-35.29999999999998,0.39755597960858163,164.60000000000002,Normal,주의,금리+신용,주의,주의
2023-01-09,0.3421637269074034,WARNING,0.3989709614276874,-1.218690764450021,7.869559942221072,2.837085235162831,5.603329908302752,0.36051383508009777,2.0200779544612377,bear_steep,2.8999999999999915,7.50000000000002,21.89999999999994,0.7936507936507936,0.8333333333333334,0.3847135769312829,WARNING,135.29999999999998,1.887735915288949,-40.69999999999999,0.3887735915288949,163.10000000000002,Normal,주의,금리+신용,주의,주의
2023-01-10,0.3311582592893504,WARNING,0.035109693136449,-1.3564406500931905,7.863658918019484,2.8385963600781396,5.606902071205845,0.36097653645347316,2.023960089897691,bull_steep,-0.6999999999999673,6.00000000000005,16.499999999999915,0.7857142857142857,0.8253968253968254,0.3747816625928437,WARNING,133.09999999999997,1.8184329873742853,-41.99999999999997,0.38184329873742856,159.39999999999998,Normal,주의,금리+신용,주의,주의
2023-01-11,0.3182772317019376,WARNING,0.2748915179759882,-1.669965504584023,7.798209983539072,2.840107484993448,5.6181425291356195,0.36419992421190456,2.0461270833228706,bear_steep,1.0999999999999677,6.899999999999951,10.999999999999988,0.7817460317460317,0.8214285714285714,0.3634525522470123,WARNING,131.2,1.7584813943434787,-43.00000000000006,0.3758481394343479,155.79999999999998,Normal,주의,금리+신용,주의,주의
2023-01-12,0.3166326771256428,WARNING,0.108707330753437,-1.760798506433947,7.774682257849921,2.842255519579303,5.619313670889323,0.3655783510264412,2.0542994257040568,bear_steep,3.200000000000003,10.19999999999999,2.59999999999998,0.7698412698412699,0.8134920634920635,0.3434547714860765,WARNING,126.40000000000002,1.6112979003006145,-46.3,0.36112979003006146,151.39999999999998,Normal,주의,금리+신용,주의,주의
2023-01-13,0.3138840183421643,WARNING,0.9933616222975504,-2.420332603015841,8.171259002394342,2.8444035541651584,5.644749065081381,0.3480985675930345,1.9649290639769494,bull_steep,-6.000000000000005,10.999999999999979,1.000000000000023,0.7658730158730159,0.8194444444444444,0.3435334618901259,WARNING,125.1,1.5701561958697958,-43.70000000000002,0.3570156195869796,153.5,High-Vol,주의,금리+신용,주의,주의
2023-01-16,0.3337548749397546,WARNING,0.5003263528768458,-2.038842942027785,8.357121136145544,2.8456889703771617,5.625567238882215,0.3405106763463339,1.915565705343561,bull_steep,-1.200000000000001,7.899999999999981,-8.000000000000052,0.753968253968254,0.8333333333333334,0.3412760256925514,WARNING,120.69999999999996,1.4356858721861916,-46.500000000000014,0.34356858721861916,142.99999999999997,High-Vol,주의,금리+신용,주의,주의
2023-01-17,0.2914749126107727,NORMAL,0.1134846057319354,-1.680914481442426,6.954701174101778,2.846974386589165,5.612313384389535,0.4093597000530883,2.2974549236376327,bull_steep,-15.900000000000025,4.19999999999998,-11.399999999999988,0.746031746031746,0.8333333333333334,0.3392012595560288,WARNING,119.29999999999995,1.3920125955602882,-45.50000000000003,0.33920125955602887,138.89999999999998,Normal,주의,신용,안정,주의
2023-01-18,0.2868162240837331,NORMAL,0.1597962088511385,-1.737957243778068,7.277251867074692,2.8483048178198755,5.63659065806153,0.39139841108245665,2.2061526274875014,bull_steep,-22.899999999999963,1.9000000000000092,-17.500000000000004,0.7420634920634921,0.8392857142857143,0.3321323062748251,WARNING,116.99999999999996,1.321323062748251,-46.40000000000006,0.33213230627482515,136.60000000000002,Normal,주의,신용,안정,주의
2023-01-19,0.2692629669999996,NORMAL,0.5138917109657106,-1.9888360873812865,7.528910943821823,2.849635249050586,5.663861113021753,0.37849235703723905,2.1437281425991634,bull_steep,-27.30000000000001,4.599999999999979,-21.100000000000097,0.7341269841269841,0.8253968253968254,0.325529611650827,WARNING,115.49999999999994,1.2749045950632742,-47.00000000000006,0.32749045950632744,135.10000000000005,High-Vol,주의,금리+신용,주의,주의
2023-01-20,0.2649069969407421,NORMAL,0.5871978417180969,-1.65080800835325,7.528910943821823,2.849826858105719,5.650039409106042,0.3785178068076724,2.1386405255117364,bull_steep,-27.30000000000001,2.0000000000000004,-25.199999999999978,0.7261904761904762,0.8154761904761905,0.3081592748023545,WARNING,112.30000000000004,1.1773502907549611,-46.899999999999935,0.3177350290754961,130.6,High-Vol,주의,금리+신용,주의,주의
2023-01-25,0.2440864842333586,NORMAL,0.0719955166724771,-1.9070798753552616,7.180126080112788,2.850018467160852,5.661512427436458,0.39693153509584095,2.247232818786534,bull_flat,-40.99999999999997,-3.2,-28.000000000000025,0.7222222222222222,0.7976190476190477,0.2981190962227592,NORMAL,111.50000000000004,1.1523028544342864,-45.70000000000002,0.3152302854434287,125.4,Normal,안정,없음,안정,안정
2023-01-26,0.2449530279851664,NORMAL,0.0186154184017597,-1.7268353157335747,7.194954372409367,2.8512552262405118,5.661385026805637,0.396285379817595,2.243524115641317,bull_steep,-38.000000000000036,0.8999999999999502,-33.00000000000003,0.6944444444444444,0.7817460317460317,0.2824296704297253,NORMAL,108.79999999999995,1.0700372566422771,-46.90000000000008,0.30700372566422773,121.7,Normal,안정,없음,안정,안정
2023-01-27,0.2506999051370617,NORMAL,0.159871656430905,-1.6309258708339127,7.138959086737038,2.852491985320171,5.649835119931787,0.399566932750688,2.2574872894182594,bull_flat,-39.000000000000014,-2.59999999999997,-37.800000000000054,0.6746031746031746,0.7757936507936508,0.26882872167067,NORMAL,106.0,0.9848764637766434,-47.5,0.29848764637766434,118.39999999999998,Normal,안정,없음,안정,안정
2023-01-30,0.2365358116928488,NORMAL,0.0132969248731557,-1.8317570113384511,6.94894160816482,2.8537576296298917,5.659976540010746,0.41067514889991347,2.32441170833893,bull_flat,-48.8,-3.9999999999999996,-41.89999999999996,0.6706349206349206,0.7698412698412699,0.2527739480570036,NORMAL,103.89999999999998,0.9209232790794072,-48.000000000000085,0.2920923279079407,115.7,Normal,안정,없음,안정,안정
2023-01-31,0.2541975217478929,NORMAL,0.0166954365879738,-1.673331948506968,7.172482136610734,2.8550232739396124,5.646428026613923,0.3980523366334542,2.2475738696262955,bull_flat,-43.29999999999998,-3.6000000000000005,-45.40000000000002,0.6666666666666666,0.7619047619047619,0.2347916247518516,NORMAL,101.9,0.8600544138751871,-48.99999999999999,0.2860054413875187,110.70000000000002,Normal,안정,없음,안정,안정
2023-02-01,0.2266468230079362,NORMAL,0.016363198020906,-1.9504687015872464,6.788643768126769,2.855806535017642,5.659961176982987,0.4206740893410676,2.380999013833115,bull_flat,-57.2,-5.29999999999999,-47.10000000000001,0.6626984126984127,0.7599206349206349,0.230224262141404,NORMAL,100.5,0.8173375391235247,-47.49999999999996,0.2817337539123525,109.50000000000001,Normal,안정,없음,안정,안정
2023-02-02,0.1983935787317465,NORMAL,0.3916318784806341,-1.9688811533371384,6.1618606212563405,2.856589796095671,5.668554449837858,0.46359208227485704,2.627896960888739,bull_steep,-45.40000000000002,2.4,-49.20000000000011,0.6408730158730159,0.7619047619047619,0.2311690462044427,NORMAL,99.39999999999998,0.7837063383923931,-47.60000000000005,0.2783706338392393,106.90000000000003,Normal,안정,없음,안정,안정
2023-02-03,0.1883242817554866,NORMAL,0.9999265026766088,-1.9688811533371384,6.1452142269197525,2.85826315312426,5.682644890412472,0.4651201809374423,2.6431128196318805,bull_steep,-44.899999999999984,7.30000000000003,-53.69999999999996,0.5119047619047619,0.75,0.2169777271528195,NORMAL,97.10000000000004,0.7138996718185626,-47.49999999999999,0.27138996718185626,102.8,High-Vol,주의,금리,주의,안정
2023-02-06,0.2445662220661846,NORMAL,0.9948988968215724,-1.4678044936785102,7.079726429445529,2.859936510152849,5.650340532411036,0.40396144380070825,2.2825197194384246,bull_steep,-28.800000000000026,7.29999999999999,-56.39999999999996,0.4880952380952381,0.7440476190476191,0.2046453144741195,NORMAL,95.40000000000002,0.6622433837560311,-46.199999999999946,0.2662243383756031,95.40000000000002,High-Vol,주의,금리,주의,안정
2023-02-07,0.2475219269704275,NORMAL,0.1198963808565891,-1.1693776041228938,7.099414356869613,2.8602884253437963,5.646668533119656,0.40289075711943656,2.2749905605110765,bull_steep,-27.59999999999998,9.000000000000039,-59.79999999999998,0.47023809523809523,0.7380952380952381,0.1899403651400321,NORMAL,92.89999999999998,0.5864680533505563,-45.200000000000045,0.25864680533505563,91.80000000000001,Normal,안정,없음,안정,안정
2023-02-08,0.2349373151514649,NORMAL,0.0227976197611572,-1.1928988317197096,6.869174086568123,2.860640340534744,5.641330111616849,0.4164460391429584,2.3493095804807402,bull_steep,-15.700000000000003,8.09999999999999,-66.5,0.45634920634920634,0.7301587301587301,0.1709875290426124,NORMAL,90.5,0.5137437394206079,-44.8,0.2513743739420608,86.80000000000004,Normal,안정,없음,안정,안정
2023-02-09,0.2448229997134163,NORMAL,0.0955786654168191,-0.9804113611875988,6.955648972711247,2.8609507820496107,5.631166157812643,0.4113132783545917,2.3161734133293486,bull_steep,-10.000000000000009,5.500000000000011,-74.00000000000003,0.4166666666666667,0.7261904761904762,0.1505070212799549,NORMAL,85.29999999999998,0.3564696713440204,-47.79999999999998,0.23564696713440206,85.5,Normal,안정,없음,안정,안정
2023-02-10,0.2429826710628815,NORMAL,0.019378475519033,-1.046917377406818,6.892894892568728,2.861261223564478,5.630619513232406,0.41510298186168787,2.3372869496713773,neutral,-5.19999999999996,2.20000000000002,-77.50000000000006,0.40476190476190477,0.7222222222222222,0.1397157650581141,NORMAL,83.29999999999997,0.2959067401550608,-47.90000000000002,0.2295906740155061,84.79999999999998,Normal,안정,없음,안정,안정
2023-02-13,0.2593179093532293,NORMAL,0.02125098663214,-0.8273185809813428,7.055859826749458,2.861389979538065,5.61595222108094,0.4055338470146833,2.277458708865609,neutral,1.8000000000000238,3.20000000000005,-82.3,0.38095238095238093,0.7162698412698413,0.1250123425817831,NORMAL,79.99999999999999,0.1960562442160185,-46.400000000000034,0.21960562442160186,81.70000000000002,Normal,안정,없음,안정,안정
2023-02-14,0.2372066957557767,NORMAL,0.0115610451231514,-0.7903642287853748,6.593768988498479,2.861518735511652,5.623079223391869,0.43397315564178895,2.4402654349991493,neutral,9.800000000000031,3.8000000000000798,-86.40000000000003,0.3531746031746032,0.7103174603174603,0.1136504134473463,NORMAL,77.8,0.1294694264690038,-47.3,0.2129469426469004,78.39999999999998,Normal,안정,없음,안정,안정
2023-02-15,0.2465919360790317,NORMAL,0.0685846014767892,-0.5688365154079118,6.534958623474699,2.8620152571944124,5.606351175120357,0.4379546102883589,2.455327344039519,neutral,8.800000000000008,4.000000000000051,-90.19999999999997,0.2777777777777778,0.7023809523809523,0.099104435766296,NORMAL,75.30000000000001,0.0538096078733583,-45.399999999999935,0.20538096078733584,74.2,Normal,안정,없음,안정,안정
2023-02-16,0.2423306602680533,NORMAL,0.0095315582048247,-0.5767075794073319,6.398223437634447,2.862511778877173,5.60528014622728,0.4473916559462171,2.5077555666630764,neutral,3.200000000000003,1.2,-93.70000000000003,0.24603174603174602,0.6944444444444444,0.0867607659210835,NORMAL,73.49999999999999,-0.0006703718046278,-45.79999999999997,0.19993296281953724,71.19999999999997,Normal,안정,없음,안정,안정
2023-02-17,0.2762116806468697,NORMAL,0.660774161393053,-0.2751988326576206,6.6770206876389055,2.8641656085618443,5.571525789101997,0.42895862429544995,2.389954037719814,bear_steep,28.89999999999997,4.0,-98.09999999999994,0.19047619047619047,0.6865079365079365,0.0798127672298763,NORMAL,70.6,-0.0884436367239795,-46.39999999999998,0.19115563632760207,66.00000000000001,High-Vol,주의,금리,주의,안정
2023-02-20,0.2576942233640125,NORMAL,0.0522060794386228,0.0368173054070669,5.942928128190858,2.865819438246515,5.56758458270447,0.48222347240785596,2.6848199703961932,bear_flat,41.900000000000006,-0.9999999999999797,-102.10000000000004,0.1626984126984127,0.6785714285714286,0.0705862506376515,NORMAL,69.19999999999997,-0.13080114957589,-46.29999999999997,0.186919885042411,61.999999999999964,Normal,안정,없음,안정,안정
2023-02-21,0.24842138288811,NORMAL,0.0269514950012596,-0.0444262814847489,6.0333699233164,2.866244072448068,5.57717620510347,0.4750651972078254,2.6495223137402713,bear_steep,32.100000000000016,2.8000000000000003,-103.10000000000005,0.17857142857142858,0.6746031746031746,0.0636635569966565,NORMAL,70.09999999999997,-0.1034997488872924,-42.20000000000006,0.18965002511127077,60.80000000000001,Normal,안정,없음,안정,안정
2023-02-22,0.2584072700946105,NORMAL,0.012178294699507,0.0635947163375266,5.845871237575781,2.866668706649621,5.568751925939075,0.49037493132305066,2.7307763432374803,bear_steep,40.99999999999997,4.9999999999999805,-103.90000000000006,0.17063492063492064,0.6666666666666666,0.0544566641422723,NORMAL,69.69999999999996,-0.1155837320103748,-41.80000000000007,0.18844162679896254,58.19999999999999,Normal,안정,없음,안정,안정
2023-02-23,0.24682761246228,NORMAL,0.0185626804791605,-0.1510687116065889,6.0106572020037845,2.8683545255652025,5.578763377973908,0.4772114644317053,2.6622498413208957,bear_steep,36.400000000000034,3.8000000000000203,-103.30000000000004,0.21031746031746032,0.6607142857142857,0.0452569237797687,NORMAL,71.19999999999997,-0.0700860516820941,-37.6,0.1929913948317906,58.099999999999994,Normal,안정,없음,안정,안정
2023-02-24,0.2452596949674098,NORMAL,0.0422914633332744,-0.2726258476886405,6.263335247378398,2.8700403444807843,5.594052246216807,0.4582287600974381,2.5633556247042164,bear_flat,24.2,-0.9000000000000299,-105.60000000000005,0.17063492063492064,0.6547619047619048,0.0429420195144774,NORMAL,69.99999999999997,-0.1064421490053967,-36.00000000000003,0.18935578509946033,56.89999999999999,Normal,안정,없음,안정,안정
2023-02-27,0.2637956933478466,NORMAL,0.7652740761789567,-0.0830670889105343,6.366728896545327,2.8702420512908993,5.5718944636868795,0.45081895238987346,2.511915624946255,bear_flat,38.10000000000002,-3.0999999999999703,-108.89999999999999,0.13095238095238096,0.6507936507936508,0.0406283460211685,NORMAL,68.29999999999998,-0.1579603571543361,-35.599999999999994,0.1842039642845664,51.200000000000045,High-Vol,주의,금리,주의,안정
2023-02-28,0.356292958255536,WARNING,0.7918991707033668,0.3146698079121145,6.819214339682125,2.8704437581010143,5.542166481552236,0.4209346729868032,2.332890035550612,bear_flat,45.599999999999994,-1.5999999999999996,-108.30000000000001,0.1349206349206349,0.6468253968253969,0.0383157709418379,NORMAL,68.69999999999999,-0.1457730676051021,-33.2,0.1854226932394898,48.69999999999997,High-Vol,주의,금리,주의,안정
2023-03-02,0.4034702541894983,WARNING,0.4982510688160738,0.5335677881399685,6.6844261258225375,2.8715434784293183,5.5228390334851865,0.4295871364837571,2.372540605655622,bear_flat,60.099999999999994,-1.40000000000002,-108.10000000000002,0.1130952380952381,0.6428571428571429,0.0337092238717422,NORMAL,67.99999999999997,-0.1669656619913639,-32.500000000000014,0.1833034338008636,47.699999999999946,Normal,주의,금리,주의,안정
2023-03-03,0.3945490605522337,WARNING,0.3474508348745535,0.4968233563437762,6.876311358187381,2.8726431987576224,5.537697314822865,0.41775932605746063,2.3134246981506097,bear_flat,56.89999999999999,-3.9000000000000106,-107.39999999999993,0.11904761904761904,0.6408730158730159,0.0336953326056656,NORMAL,68.00000000000001,-0.1669093457079286,-31.399999999999963,0.18330906542920716,48.89999999999994,Normal,주의,금리,주의,안정
2023-03-06,0.3637493775640915,WARNING,0.0448185205255615,0.3785290003139542,6.789176758093101,2.872883650358787,5.54713111818665,0.42315640801871,2.3473040787806734,bear_flat,58.299999999999976,-8.10000000000003,-105.49999999999993,0.12698412698412698,0.6388888888888888,0.0336814585012729,NORMAL,68.40000000000002,-0.154707349945054,-28.700000000000017,0.1845292650054946,49.19999999999995,Normal,주의,금리,주의,안정
2023-03-07,0.3176434262568721,WARNING,0.1374243509896402,0.2363062328571037,6.653127479851703,2.8731241019599514,5.562375642286968,0.43184564111553636,2.402087675368859,bear_flat,37.80000000000001,-6.49999999999999,-105.19999999999996,0.125,0.6369047619047619,0.0336676015232525,NORMAL,68.40000000000002,-0.1546554367751423,-27.0,0.18453445632248577,51.099999999999966,Normal,주의,금리,주의,안정
2023-03-08,0.3587343897496773,WARNING,0.8796630036363678,0.4121504081565309,6.711519947076071,2.8747077869520776,5.547419516798049,0.4283244048472906,2.376095162970769,bear_flat,42.300000000000004,-11.700000000000008,-105.50000000000001,0.09523809523809523,0.6349206349206349,0.0336537616363946,NORMAL,67.89999999999998,-0.1697954795662009,-25.0,0.1830204520433799,50.399999999999956,High-Vol,주의,금리,주의,안정
2023-03-09,0.3751129428986864,WARNING,0.0517596586640443,0.5254928795364301,6.711535631009924,2.876291471944204,5.543529376357515,0.42855936853774723,2.3757314490022283,bear_flat,41.900000000000006,-10.00000000000001,-107.79999999999998,0.11507936507936507,0.6329365079365079,0.0336399388055907,NORMAL,68.19999999999999,-0.1606202662508762,-22.3,0.18393797337491238,50.29999999999997,Normal,주의,금리,주의,안정
2023-03-10,0.3325713395810354,WARNING,0.9513352312531016,0.1996300826871713,7.751393762618297,2.876382961115949,5.578516294666839,0.3710794534768097,2.0700727778364483,bear_flat,22.199999999999996,-8.0,-105.79999999999994,0.14682539682539683,0.6309523809523809,0.0336261329958331,NORMAL,69.30000000000001,-0.1271226666317283,-15.999999999999972,0.1872877333368272,53.29999999999995,High-Vol,주의,금리,주의,안정
2023-03-13,0.308471736052172,WARNING,0.9999999713419117,-0.0016652255451913,8.842957352426962,2.8764744502876938,5.62149567252851,0.325284216088438,1.8285838130829828,neutral,3.999999999999959,0.29999999999996974,-102.80000000000004,0.21031746031746032,0.628968253968254,0.0336123441722148,NORMAL,71.39999999999999,-0.0632120542888018,-11.899999999999975,0.19367879457111983,57.09999999999997,High-Vol,주의,금리,주의,안정
2023-03-14,0.2976900189038542,NORMAL,0.2286861044944005,-0.0712124577192216,8.84434252710975,2.878401232616971,5.636806744982665,0.3254511258235501,1.8345051012043894,neutral,-9.299999999999997,-2.1999999999999797,-102.3,0.17063492063492064,0.626984126984127,0.0335985722999286,NORMAL,70.40000000000002,-0.0936148619463612,-9.599999999999966,0.1906385138053639,60.599999999999945,Normal,안정,없음,안정,안정
2023-03-15,0.3344116240531191,WARNING,0.1323511197832931,0.0952424979483533,9.019627720173723,2.880328014946248,5.6179131376969735,0.3193400109523335,1.7940244429214098,neutral,2.0000000000000018,-2.40000000000001,-99.20000000000005,0.14285714285714285,0.625,0.0335848173442674,NORMAL,69.59999999999997,-0.1179306446936685,-8.200000000000031,0.18820693553063317,62.39999999999996,Normal,주의,금리,주의,안정
2023-03-16,0.3071797167944972,WARNING,0.6016741081370665,-0.0016434487081675,8.871674321296846,2.8811317926420843,5.624597962371546,0.3247562622678563,1.826623411019184,neutral,-7.699999999999996,2.4999999999999902,-97.39999999999998,0.15476190476190477,0.6031746031746031,0.0312704274576109,NORMAL,69.8,-0.1118030347261166,-5.500000000000014,0.18881969652738834,63.89999999999998,High-Vol,주의,금리,주의,안정
2023-03-17,0.3092803972536226,WARNING,0.0220310883629083,-0.3451707176629986,8.876728890164081,2.881935570337921,5.621769763084243,0.32466188908070276,1.8251743912597052,neutral,-6.999999999999984,1.9000000000000201,-95.29999999999997,0.13293650793650794,0.6011904761904762,0.0312579889227127,NORMAL,69.50000000000003,-0.1209019832826776,-3.999999999999957,0.18790980167173224,63.99999999999997,Normal,주의,금리,주의,안정
2023-03-20,0.2738203813991899,NORMAL,0.6583566955506227,-0.4530610788846819,8.356459839706739,2.882330444526236,5.646446182557474,0.3449224312466017,1.947585945190817,bull_steep,-32.2,5.29999999999999,-91.19999999999999,0.23412698412698413,0.5992063492063492,0.0552455652210624,NORMAL,72.20000000000005,-0.0386123432893653,1.6000000000000512,0.19613876567106348,68.09999999999997,High-Vol,주의,금리,주의,안정
2023-03-21,0.2676641983348841,NORMAL,0.0667752577173297,-0.3325708438201453,8.333778760025528,2.882725318714551,5.645723891877661,0.3459085490176512,1.9529041595936885,bull_steep,-33.70000000000002,4.5999999999999694,-90.3,0.22817460317460317,0.5972222222222222,0.0762331563231969,NORMAL,72.2,-0.0385997533736775,3.0000000000000284,0.19614002466263225,68.49999999999996,Normal,안정,없음,안정,안정
2023-03-22,0.2635640523221457,NORMAL,0.0121648304860952,-0.4639464435355637,8.314431018289511,2.8838089549917036,5.649487037002391,0.34684381272129144,1.959489623833421,bull_steep,-31.30000000000002,2.60000000000002,-86.19999999999992,0.24206349206349206,0.5952380952380952,0.074720762199739,NORMAL,73.00000000000004,-0.0142008650958407,2.9000000000000767,0.19857991349041595,69.99999999999997,Normal,안정,없음,안정,안정
2023-03-23,0.2423020065436399,NORMAL,0.0502677842440861,-0.6616164293720492,8.214510588618554,2.8848925912688568,5.6557237241175535,0.35119470115066387,1.9862602030821839,bull_steep,-37.299999999999976,6.60000000000002,-80.80000000000003,0.3055555555555556,0.5833333333333334,0.1383526423947605,NORMAL,76.40000000000002,0.0894792061310471,6.70000000000006,0.1,69.69999999999996,Normal,안정,없음,안정,안정
2023-03-24,0.2340563506284556,NORMAL,0.0404599964767075,-0.7090274298841894,8.238349029802157,2.885293900382176,5.668484339919434,0.3502271984283077,1.9852573897047183,bull_steep,-38.50000000000002,5.39999999999998,-78.90000000000006,0.3055555555555556,0.6428571428571429,0.127667119622292,NORMAL,76.79999999999998,0.1016508717418343,5.6000000000000085,0.1,69.49999999999999,Normal,안정,없음,안정,안정
2023-03-27,0.2388103057139708,NORMAL,0.0201607636087231,-0.73580833012725,8.278206963244868,2.8856952094954944,5.657047601331568,0.34858940134112903,1.9719868367064413,bull_steep,-26.69999999999999,6.800000000000001,-76.60000000000002,0.3055555555555556,0.5992063492063492,0.1451505182800392,NORMAL,76.89999999999996,0.1046687436890795,6.899999999999992,0.1,68.5,Normal,안정,없음,안정,안정
2023-03-28,0.2275934986109335,NORMAL,0.0128133439597492,-0.7924394768665796,7.938904869458745,2.8857522045777335,5.651357372984302,0.36349499736157903,2.0542401333822693,bull_steep,-33.80000000000001,8.69999999999997,-74.80000000000007,0.30952380952380953,0.5734126984126984,0.1719397696388483,NORMAL,77.1,0.1107388075119197,8.800000000000011,0.1,68.19999999999995,Normal,안정,없음,안정,안정
2023-03-29,0.1946555685084693,NORMAL,0.0034882596812442,-0.8014590679652644,7.120043982714535,2.885809199659972,5.651781625252104,0.40530777712411686,2.290711047321859,bull_steep,-47.30000000000003,7.499999999999959,-73.1,0.35119047619047616,0.5674603174603174,0.1762561404318451,NORMAL,77.8,0.1320746621119511,9.100000000000009,0.1,68.29999999999998,Normal,안정,없음,안정,안정
2023-03-30,0.1846272356369976,NORMAL,0.089245776407391,-0.9112883701326964,6.737629990934266,2.8868666200332456,5.646817350151419,0.42846915368128446,2.419487051012172,bull_steep,-53.49999999999997,10.300000000000011,-68.49999999999996,0.376984126984127,0.5654761904761905,0.2174338139534498,NORMAL,79.5,0.1839510959987984,11.500000000000028,0.1,71.0,Normal,안정,없음,안정,안정
2023-03-31,0.1931154505682375,NORMAL,0.184569130415869,-0.5968349375578064,6.812805280460737,2.887924040406519,5.638856252152088,0.4238964599045775,2.390291203198064,bull_steep,-43.599999999999994,8.49999999999999,-66.60000000000004,0.38095238095238093,0.5634920634920635,0.233667226167785,NORMAL,80.39999999999998,0.2113848045658151,12.399999999999965,0.1,72.29999999999998,Normal,안정,없음,안정,안정
2023-04-03,0.1930647630241389,NORMAL,0.5051724989843224,-0.3872100285426276,6.966831190871878,2.887994659431992,5.6270201038537895,0.4145348983359776,2.332596206685533,bull_steep,-34.20000000000001,8.99999999999998,-64.9,0.373015873015873,0.5615079365079365,0.2150109461380264,NORMAL,79.70000000000002,0.1899214786552174,11.299999999999995,0.1,72.69999999999999,High-Vol,주의,금리,주의,안정
2023-04-04,0.1753417562217052,NORMAL,0.1363748016364836,-0.4711559992158399,6.979132429871512,2.888065278457465,5.643601066207068,0.41381436840146557,2.3354032107223155,bull_steep,-34.50000000000002,10.199999999999982,-61.39999999999992,0.376984126984127,0.5595238095238095,0.2240231134988213,NORMAL,80.20000000000005,0.2051425148234275,11.800000000000026,0.1,74.69999999999999,Normal,안정,없음,안정,안정
2023-04-05,0.1600623833429206,NORMAL,0.0100521238373752,-0.4562456119988585,6.780552686679909,2.8889761821068847,5.641893963319342,0.42606794985638097,2.403830194258564,bull_steep,-39.40000000000001,19.7,-57.3,0.38492063492063494,0.5575396825396826,0.2423409975348525,NORMAL,80.80000000000003,0.2234206061266547,12.900000000000048,0.1,75.19999999999997,Normal,안정,없음,안정,안정
2023-04-06,0.1483022922684116,NORMAL,0.0963654153056725,-0.3718355466992852,6.744703575086862,2.889887085756304,5.653112581681355,0.42846761960462976,2.422175691229993,bull_steep,-46.09999999999999,18.60000000000003,-54.19999999999994,0.3888888888888889,0.5714285714285714,0.2455510245683425,NORMAL,81.10000000000004,0.2325211941057069,12.900000000000048,0.1,76.79999999999998,Normal,안정,없음,안정,안정
2023-04-07,0.119500081261241,NORMAL,0.028550947792885,-0.3232211979742725,6.017682278086809,2.8924550190620937,5.6501322425588185,0.4806593112426146,2.715788672138011,bull_steep,-29.499999999999993,16.799999999999958,-52.19999999999993,0.38095238095238093,0.6468253968253969,0.2569714743049584,NORMAL,80.90000000000002,0.2263226154006021,11.600000000000009,0.1,76.89999999999996,Normal,안정,없음,안정,안정
2023-04-10,0.063109762723632,NORMAL,0.0125478407300558,-0.3377264679719178,4.729245516770591,2.895022952367883,5.66229704064506,0.6121532371499241,3.466193463135309,bull_steep,-16.89999999999996,7.400000000000021,-50.00000000000004,0.3888888888888889,0.6587301587301587,0.2488184136506629,NORMAL,81.19999999999993,0.2354278400189718,9.79999999999994,0.1,78.19999999999996,Normal,안정,없음,안정,안정
2023-04-11,0.0596469385607501,NORMAL,0.0188483836165499,-0.2927010011412359,4.549366641864038,2.895731799637234,5.657405705181085,0.6365131737218588,3.6010132604369627,bull_steep,-8.20000000000003,6.799999999999951,-45.39999999999998,0.376984126984127,0.6626984126984127,0.2871087320038444,NORMAL,81.00000000000006,0.2292245313314247,10.600000000000035,0.1,78.09999999999997,Normal,안정,없음,안정,안정
2023-04-12,0.0442079305027428,NORMAL,0.0046259954429745,-0.0724113248080942,4.099499327581617,2.8964406469065844,5.6559033001510794,0.7065352169761807,3.9960948653685393,bull_steep,-15.600000000000014,8.39999999999996,-44.20000000000002,0.36904761904761907,0.6706349206349206,0.3421530990244792,WARNING,80.89999999999998,0.2260842483680845,11.300000000000011,0.1,77.99999999999999,Normal,주의,신용,안정,주의
2023-04-13,0.0461141431879819,NORMAL,0.0719636946427329,-0.2123526369550281,4.101408615534298,2.896667768133287,5.6544395252445865,0.7062616870608813,3.9935139984829706,bull_steep,-12.1,7.99999999999999,-39.69999999999989,0.375,0.6686507936507936,0.3475796013466311,WARNING,81.00000000000006,0.2290712008878381,11.20000000000006,0.1,78.09999999999997,Normal,주의,신용,안정,주의
2023-04-14,0.0483693457428993,NORMAL,0.0243009202004417,-0.3072161385479298,4.1037851590426815,2.8968948893599897,5.6513569170513085,0.7059080280985686,3.9893382173968948,bull_steep,-12.00000000000001,7.99999999999999,-38.59999999999992,0.35714285714285715,0.6666666666666666,0.346613728822721,WARNING,80.70000000000005,0.2198003575450414,11.200000000000015,0.1,78.19999999999996,Normal,주의,신용,안정,주의
2023-04-17,0.0551282829923047,NORMAL,0.0263736725582056,0.0236564403104116,3.712124515833572,2.8969017024465664,5.636588530335361,0.7803891518428917,4.398732542475784,neutral,4.500000000000037,2.20000000000002,-36.5,0.3492063492063492,0.6646825396825397,0.3024545274402148,WARNING,80.49999999999997,0.2135955137321076,8.299999999999926,0.1,77.79999999999995,Normal,주의,신용,안정,주의
2023-04-18,0.0952080505388825,NORMAL,0.0038471812225613,0.2633986067992449,3.71177358656138,2.8969085155331435,5.635800834364996,0.7804647691932269,4.3985439974116725,neutral,4.800000000000004,4.80000000000001,-34.79999999999994,0.35119047619047616,0.6527777777777778,0.2970448895143538,NORMAL,80.69999999999999,0.2196563580533719,8.499999999999986,0.1,77.59999999999998,Normal,안정,없음,안정,안정
2023-04-19,0.0851930493385788,NORMAL,0.0362332209242378,0.1854589136861536,3.697975975556016,2.897047041343648,5.631053999719979,0.7834142407883159,4.411447894028637,neutral,8.300000000000018,2.9999999999999796,-31.40000000000005,0.3630952380952381,0.6468253968253969,0.279637695778665,NORMAL,80.89999999999998,0.2257168920937365,7.899999999999935,0.1,77.1,Normal,안정,없음,안정,안정
2023-04-20,0.1216057879229985,NORMAL,0.2355159536216496,0.3679164255319413,3.72647356936258,2.897185567154153,5.62309836231387,0.7774603826452797,4.371736204416587,bear_steep,14.29999999999998,1.4999999999999707,-30.30000000000004,0.3888888888888889,0.6408730158730159,0.2227284519336916,NORMAL,81.19999999999999,0.2348452647226648,4.799999999999969,0.2234845264722665,76.89999999999996,Normal,안정,없음,안정,안정
2023-04-21,0.0877127957330813,NORMAL,0.0914857412133432,0.2266818267766944,3.82117025337306,2.8980822581308265,5.638308897718749,0.7584279333203234,4.276250964718422,bear_steep,13.3,2.6000000000000196,-27.199999999999935,0.3888888888888889,0.6309523809523809,0.1926297435260232,NORMAL,81.60000000000002,0.2470421352221662,4.80000000000004,0.22470421352221664,77.29999999999997,Normal,안정,없음,안정,안정
2023-04-24,0.051779298360609,NORMAL,0.0186024811258872,0.0466611493961134,3.8097382145178775,2.8989789491075,5.6468513328295895,0.7609391474879504,4.296910239194545,neutral,4.800000000000004,3.8000000000000203,-23.899999999999988,0.3968253968253968,0.628968253968254,0.2067985892726116,NORMAL,82.10000000000002,0.2623080873252162,5.20000000000006,0.1,77.39999999999996,Normal,안정,없음,안정,안정
2023-04-25,0.0754358123347466,NORMAL,0.0036789308751377,0.1731140449392672,3.7949967061909247,2.9029427128072136,5.642490221030453,0.7649394551704172,4.316163395479442,neutral,4.1999999999999815,3.49999999999997,-22.80000000000002,0.36507936507936506,0.626984126984127,0.1923609678786048,NORMAL,81.09999999999995,0.2315090052409639,3.999999999999957,0.22315090052409642,77.49999999999999,Low-Vol,안정,없음,안정,안정
2023-04-26,0.0486109827451014,NORMAL,0.0009471932262911,0.0246045275578903,3.8116821814825466,2.906906476506927,5.645531406348825,0.7626308643015697,4.30545649586546,neutral,2.900000000000036,1.9000000000000596,-20.899999999999984,0.3531746031746032,0.6190476190476191,0.177708872462786,NORMAL,81.0,0.22835902754074,3.200000000000003,0.222835902754074,77.79999999999995,Low-Vol,안정,없음,안정,안정
2023-04-27,0.0848092206369772,NORMAL,0.0005259496191437,0.212303407335227,3.841775220143055,2.907033210887274,5.638009794412733,0.7566900831795739,4.266226100301424,neutral,3.699999999999992,-1.0999999999999703,-19.89999999999994,0.32142857142857145,0.5992063492063492,0.1269897230905275,NORMAL,80.60000000000005,0.2159908375539949,1.1000000000000512,0.2215990837553995,76.69999999999999,Low-Vol,안정,없음,안정,안정
2023-04-28,0.1047049009155091,NORMAL,0.0176171894423176,0.3159873889136015,3.7829256291644735,2.907159945267621,5.634174306931824,0.76849513584271,4.329835549367078,neutral,2.0000000000000018,-0.30000000000001,-18.19999999999995,0.38095238095238093,0.5972222222222222,0.124307832877213,NORMAL,81.20000000000003,0.2343611349263452,0.800000000000054,0.22343611349263454,75.69999999999996,Normal,안정,없음,안정,안정
2023-05-02,0.1309226559401481,NORMAL,0.0105810469938044,0.4664652121305022,3.622920456148453,2.908146285283303,5.630689866439577,0.8027077382689681,4.519798327583711,neutral,-1.6999999999999904,-0.99999999999998,-16.60000000000007,0.3115079365079365,0.5853174603174603,0.1131477515101316,NORMAL,80.49999999999997,0.2127592514633031,0.7999999999999545,0.22127592514633032,74.09999999999997,Normal,안정,없음,안정,안정
2023-05-03,0.0611811826743975,NORMAL,0.0150163190391828,0.0883755846661988,3.396964589313907,2.909132625298985,5.641898143536531,0.8563918018016636,4.831675316724711,neutral,0.8000000000000007,0.5999999999999797,-14.100000000000001,0.38095238095238093,0.5753968253968254,0.1021206450547137,NORMAL,81.30000000000001,0.2372933143351619,1.099999999999966,0.2237293314335162,73.69999999999996,Normal,안정,없음,안정,안정
2023-05-04,0.0394535968851712,NORMAL,0.0356203749109445,-0.0407679265612254,3.5413943135734667,2.910036936482935,5.653136701060111,0.8217206780192019,4.645299322930349,neutral,-4.800000000000004,0.5999999999999804,-10.899999999999954,0.39285714285714285,0.5734126984126984,0.1057518364493833,NORMAL,82.00000000000003,0.2587490450549539,1.2000000000000028,0.2258749045054954,74.09999999999997,Normal,안정,없음,안정,안정
2023-05-08,0.0447862831016436,NORMAL,0.0306592471302543,-0.0214317649327551,3.449851255374713,2.910941247666885,5.645276230827451,0.8437874656571843,4.763413323744637,neutral,3.200000000000003,-1.8000000000000203,-8.700000000000019,0.3869047619047619,0.5714285714285714,0.0909465126841144,NORMAL,81.79999999999995,0.2525061148057697,0.6999999999999176,0.22525061148057698,73.29999999999997,Normal,안정,없음,안정,안정
2023-05-09,0.0461158284291347,NORMAL,0.0435597486945353,-0.0946832391324534,3.446199279450358,2.9137139794536675,5.643741208408227,0.8454862134143276,4.771705383787474,neutral,2.8999999999999915,1.3000000000000302,-3.999999999999959,0.37103174603174605,0.5694444444444444,0.06488441644687,NORMAL,81.30000000000001,0.2370286174927368,0.3999999999999915,0.2237028617492737,72.69999999999999,Normal,안정,없음,안정,안정
2023-05-10,0.0499356719845558,NORMAL,0.0533105996890705,-0.0515795398580559,3.2261880716542506,2.91648671124045,5.63857746004954,0.9040039348186546,5.09729621066456,bear_steep,10.499999999999998,2.400000000000001,-1.9999999999999574,0.36904761904761907,0.46825396825396826,0.0510928407615527,NORMAL,81.30000000000001,0.2369488737214453,0.1000000000000795,0.22369488737214455,72.09999999999997,Normal,안정,없음,안정,안정
2023-05-11,0.0418136540583715,NORMAL,0.0247998509335168,-0.2980784867108972,3.4257961041732194,2.916964857844907,5.649992558870238,0.851470656496904,4.810802873303865,neutral,3.699999999999992,4.799999999999961,1.200000000000001,0.3551587301587302,0.4523809523809524,0.0499492511592729,NORMAL,81.19999999999999,0.2337889644611328,0.1999999999999318,0.2233788964461133,72.29999999999998,Normal,안정,없음,안정,안정
2023-05-12,0.0388176289490806,NORMAL,0.0055260447054883,-0.2682454997611266,3.451529028065522,2.917443004449364,5.653604922844862,0.8452610366961053,4.778771958154053,neutral,1.200000000000001,1.9999999999999998,3.200000000000003,0.32341269841269843,0.44642857142857145,0.0454979228422028,NORMAL,81.0,0.2275481613072041,0.1000000000000227,0.22275481613072043,71.29999999999997,Normal,안정,없음,안정,안정
2023-05-15,0.0484862580383615,NORMAL,0.0161914673343535,-0.3021581936943647,3.678597415777975,2.9215414177519348,5.640292452977998,0.7941998233405672,4.4795192697442605,neutral,5.899999999999972,-2.1000000000000303,5.700000000000038,0.32936507936507936,0.44047619047619047,0.041663348585964,NORMAL,81.00000000000006,0.2274720719423879,0.0,0.2227472071942388,68.19999999999999,Normal,안정,없음,안정,안정
2023-05-16,0.0436757766644262,NORMAL,0.0088387958598284,-0.3754911410936452,3.737614634749643,2.925639831054505,5.647183307594563,0.7827558796067464,4.420365937236718,neutral,1.6999999999999904,-1.0000000000000204,7.900000000000018,0.373015873015873,0.4384920634920635,0.0533824693077221,NORMAL,81.4,0.2397282202574469,0.6999999999999602,0.2239728220257447,66.29999999999998,Normal,안정,없음,안정,안정
2023-05-17,0.0463363776081628,NORMAL,0.0038958385931068,-0.706988900007855,3.4640256471640747,2.9260962501882624,5.643100807690028,0.8447097534002949,4.766782291676848,neutral,-3.000000000000025,-1.70000000000003,10.399999999999965,0.30952380952380953,0.43253968253968256,0.0421714501711993,NORMAL,80.99999999999996,0.2273118628807713,0.4999999999999858,0.22273118628807714,64.19999999999999,Low-Vol,안정,없음,안정,안정
2023-05-18,0.0543073251875214,NORMAL,0.0084973712381466,-0.6269512926100231,3.63663739998193,2.926552669322019,5.63217740816097,0.8047413991113221,4.53244632748664,neutral,1.5000000000000124,-0.6999999999999701,11.500000000000066,0.2876984126984127,0.42857142857142855,0.0314127379228687,NORMAL,80.70000000000005,0.2179812713130423,5.684341886080803e-14,0.22179812713130426,62.1,Normal,안정,없음,안정,안정
2023-05-19,0.0629072868101925,NORMAL,0.0075309274526183,-0.4122615276807174,3.797433343720461,2.927094341755723,5.620899257046304,0.7708086164556505,4.332637579560455,neutral,4.899999999999993,4.60000000000002,10.70000000000002,0.2896825396825397,0.4246031746031746,0.0293884815252712,NORMAL,80.79999999999998,0.220994710654266,-0.0999999999999943,0.2220994710654266,58.19999999999999,Normal,안정,없음,안정,안정
2023-05-22,0.0594495763171489,NORMAL,0.002333836389476,-0.5511107174616164,3.7298899377017,2.927636014189427,5.625672976582798,0.784912172500562,4.415659197827307,neutral,-1.0999999999999677,0.2000000000000196,10.899999999999999,0.26587301587301587,0.42063492063492064,0.0264382070130707,NORMAL,80.59999999999997,0.2147476831410025,-0.6000000000000227,0.22147476831410026,57.09999999999997,Low-Vol,안정,없음,안정,안정
2023-05-23,0.0718205852681272,NORMAL,0.028039301263545,-0.2757713036528726,3.76010918094562,2.927770839236806,5.609034927321,0.7786398475005208,4.367418100434318,bear_steep,12.99999999999999,2.3999999999999604,9.600000000000009,0.2876984126984127,0.39285714285714285,0.0223990902502923,NORMAL,80.79999999999998,0.2208519728625473,-0.8000000000000398,0.22208519728625475,54.79999999999996,Normal,안정,없음,안정,안정
2023-05-24,0.0765735475254409,NORMAL,0.0091010088775435,-0.0525134221421622,3.646137105139307,2.927905664284185,5.602986358766755,0.8030157889996073,4.499286511639123,bear_steep,19.599999999999973,4.79999999999996,10.499999999999998,0.25396825396825395,0.35912698412698413,0.0211512695918606,NORMAL,80.49999999999997,0.211512695918606,-1.6000000000000512,0.2211512695918606,54.29999999999997,Normal,안정,없음,안정,안정
2023-05-25,0.1002038673543896,NORMAL,0.1374607394115753,-0.0502049849746322,4.1143011173479405,2.928757022397389,5.581203333690894,0.7118480001495983,3.9729684315161338,bear_steep,27.400000000000002,5.900000000000009,11.700000000000044,0.23809523809523808,0.3492063492063492,0.0195994768170436,NORMAL,80.00000000000003,0.1959947681704363,-1.0999999999999233,0.21959947681704364,51.49999999999997,Normal,안정,없음,안정,안정
2023-05-26,0.1067238609359516,NORMAL,0.0311303655554776,-0.272244834564281,4.10641346906852,2.9296083805105924,5.57164209207744,0.7134226503438611,3.974935668097302,bear_steep,32.999999999999964,6.49999999999995,11.700000000000044,0.24603174603174602,0.3472222222222222,0.0208292630515948,NORMAL,80.40000000000003,0.2082926305159489,-0.5999999999999659,0.2208292630515949,48.29999999999997,Normal,안정,없음,안정,안정
2023-05-30,0.1080132176336269,NORMAL,0.0105615534837782,-0.4619276787479568,4.088813365371681,2.9299496833000918,5.5683549820133456,0.7165770167242039,3.9901552010724815,bear_steep,30.89999999999997,3.6999999999999504,11.900000000000022,0.2261904761904762,0.3373015873015873,0.0192766530805856,NORMAL,79.89999999999999,0.1927665308058569,-0.7000000000000597,0.2192766530805857,46.499999999999986,Normal,안정,없음,안정,안정
2023-05-31,0.1251362765873319,NORMAL,0.1726290894426991,-0.5795745249366635,5.072983135664537,2.9302909860895907,5.594922985943579,0.5776267942798387,3.231777428613172,bear_steep,17.200000000000017,0.60000000000002,12.299999999999933,0.23809523809523808,0.3353174603174603,0.0205073141154774,NORMAL,80.29999999999995,0.2050731411547746,-0.9000000000000767,0.22050731411547747,48.29999999999997,Normal,안정,없음,안정,안정
2023-06-01,0.1280188608695189,NORMAL,0.0080781729429326,-0.4339216836595808,5.075977997546769,2.9311999904880803,5.591005342075589,0.5774650701608115,3.228610292131152,bear_steep,17.700000000000003,3.39999999999998,12.299999999999978,0.2698412698412698,0.3333333333333333,0.0247379137464217,NORMAL,80.69999999999999,0.2173791374642149,0.200000000000017,0.2217379137464215,49.29999999999999,Normal,안정,없음,안정,안정
2023-06-02,0.1205924998420559,NORMAL,0.0280083615274973,-0.3979560132853227,5.11298398815778,2.9321089948865704,5.603024489761496,0.5734633634053323,3.2131292691410733,bear_steep,17.100000000000026,1.6000000000000403,12.399999999999967,0.2857142857142857,0.33134920634920634,0.0220401632507834,NORMAL,80.79999999999998,0.2204016325078344,-0.5000000000000284,0.22204016325078346,51.29999999999999,Normal,안정,없음,안정,안정
2023-06-05,0.1308127810577689,NORMAL,0.0360259113185242,-0.3801618864650312,5.097396136109199,2.9344473711589494,5.58798907639079,0.5756757553865117,3.216869832642844,bear_flat,28.29999999999999,-0.8999999999999904,12.600000000000078,0.25,0.32936507936507936,0.0211043169155178,NORMAL,80.50000000000006,0.2110431691551781,-1.4999999999999716,0.22110431691551782,48.8,Normal,안정,없음,안정,안정
2023-06-07,0.128717665876598,NORMAL,0.0081883752992735,-0.5176401592618096,5.212474914744631,2.936785747431329,5.596674123921003,0.5634148452444318,3.1532492854124676,bear_steep,21.199999999999974,0.19999999999998005,11.999999999999966,0.21825396825396826,0.34523809523809523,0.0201685273732486,NORMAL,80.19999999999996,0.2016852737324868,-1.5999999999999943,0.22016852737324868,50.4,Normal,안정,없음,안정,안정
2023-06-08,0.1808695813799426,NORMAL,0.2233043426922868,0.1183944021774431,5.665045175645578,2.9383082848157303,5.57260392992988,0.518673407486267,2.890361468908093,bear_steep,31.400000000000006,2.69999999999997,10.80000000000001,0.21428571428571427,0.34325396825396826,0.019852211422646,NORMAL,80.10000000000002,0.1985221142264603,-1.1999999999999886,0.21985221142264605,48.59999999999998,Normal,안정,없음,안정,안정
2023-06-09,0.2419646962081316,NORMAL,0.032541152222252,0.5736803740000164,5.714192856388379,2.939830822200132,5.577336731017565,0.514478754232708,2.869421253310241,bear_steep,27.19999999999998,3.90000000000002,8.900000000000041,0.2261904761904762,0.3412698412698413,0.0204653292310694,NORMAL,80.30000000000004,0.2046532923106943,-0.9999999999999716,0.22046532923106943,50.69999999999997,Normal,안정,없음,안정,안정
2023-06-12,0.2461434970461188,NORMAL,0.004426285787864,0.6682528024869481,5.65095241157583,2.9401373778720736,5.585155417726475,0.5202905924051454,2.905903820963715,bear_steep,28.400000000000027,1.1000000000000496,10.499999999999954,0.2976190476190476,0.3392857142857143,0.0223180030441585,NORMAL,80.89999999999998,0.2231800304415855,-0.3000000000000113,0.22231800304415855,50.59999999999998,Normal,안정,없음,안정,안정
2023-06-13,0.2151175510555661,NORMAL,0.0024629027409135,0.4584941630154764,5.608508573680939,2.940443933544015,5.584964619001849,0.5242826849445579,2.9281002457706493,bear_steep,30.399999999999984,4.499999999999991,11.7,0.35714285714285715,0.3373015873015873,0.0280505901786863,NORMAL,81.29999999999997,0.2355059017868681,0.2999999999999687,0.22355059017868684,51.19999999999996,Low-Vol,안정,없음,안정,안정
2023-06-14,0.2554980429545466,NORMAL,0.0203952305293149,0.6845409740478443,5.60453528755718,2.941803643601039,5.571949051527435,0.5248969794395331,2.924699226737722,bear_steep,30.299999999999994,3.69999999999999,11.299999999999999,0.33134920634920634,0.3353174603174603,0.0244226296572599,NORMAL,81.1,0.2292262965726093,0.0999999999999374,0.22292262965726095,50.199999999999974,Normal,안정,없음,안정,안정
2023-06-15,0.2761185987420311,NORMAL,0.1246923794191727,0.7859691930899363,5.555168290595892,2.9431633536580626,5.559915471362418,0.5298063352356792,2.9456784401026765,bear_flat,38.20000000000001,-0.19999999999998005,11.60000000000001,0.3353174603174603,0.3333333333333333,0.0229150600914341,NORMAL,81.10000000000004,0.2291506009143419,-0.2999999999999687,0.2229150600914342,48.69999999999997,Normal,안정,없음,안정,안정
2023-06-16,0.3069413194620755,WARNING,0.0148587178628352,1.0389903156083984,5.654332293402158,2.9435902401622474,5.5665452795384125,0.5205902461015635,2.8978891770103985,bear_steep,33.80000000000001,2.7000000000000095,8.799999999999919,0.29563492063492064,0.33134920634920634,0.0225972339643082,NORMAL,80.99999999999996,0.2259723396430828,0.0,0.2225972339643083,49.29999999999999,Normal,주의,금리,주의,안정
2023-06-19,0.2940859027870262,NORMAL,0.0031504715175207,0.9647503246104744,5.675070136362329,2.944017126666432,5.571445602845597,0.5187631264330984,2.8902605396841206,bear_flat,26.6,-0.10000000000002993,8.499999999999952,0.23809523809523808,0.32936507936507936,0.0216587194997022,NORMAL,80.69999999999995,0.2165871949970223,-9.947598300641405e-14,0.22165871949970223,49.099999999999966,Low-Vol,안정,없음,안정,안정
2023-06-20,0.3032690891144113,WARNING,0.0039474462944862,1.043295391619262,5.601717311870105,2.9440372386832006,5.57000720680588,0.5255597658319443,2.9273716832911405,bear_flat,22.299999999999986,-0.4000000000000392,8.29999999999993,0.3551587301587302,0.3273809523809524,0.0310143171319096,NORMAL,81.29999999999997,0.235143171319099,0.4999999999999858,0.22351431713190992,48.99999999999998,Low-Vol,주의,금리,주의,안정
2023-06-21,0.2998770643234419,NORMAL,0.0007853402044846,1.0432953916192622,5.601717311870105,2.944057350699969,5.574161617633996,0.5255633561624892,2.9295750875558526,bear_flat,22.299999999999986,-2.70000000000001,4.2999999999999705,0.2400793650793651,0.3253968253968254,0.0231433008787831,NORMAL,80.69999999999999,0.2164330087878281,0.1000000000000227,0.2216433008787828,48.99999999999998,Low-Vol,안정,없음,안정,안정
2023-06-22,0.3308986708536368,WARNING,0.0008966717647966,1.3047401125422076,5.411692993198299,2.945681048126371,5.568399004294389,0.5443178413536499,3.0309789258133355,bear_flat,17.39999999999999,-4.49999999999999,4.000000000000048,0.26785714285714285,0.32341269841269843,0.0219468503652223,NORMAL,80.80000000000003,0.2194685036522169,4.263256414560601e-14,0.22194685036522172,48.499999999999986,Low-Vol,주의,금리,주의,안정
2023-06-23,0.3206428108543246,WARNING,0.005035924649744,1.218058534654138,5.39380492592635,2.9473047455527728,5.5647603437334086,0.5464240524135368,3.0407188977329547,bear_flat,16.1,-6.99999999999998,4.0999999999999925,0.2896825396825397,0.32142857142857145,0.0300611156759597,NORMAL,80.99999999999996,0.2256111567595996,0.4999999999999858,0.22256111567596,48.199999999999974,Low-Vol,주의,금리,주의,안정
2023-06-26,0.2720140740724997,NORMAL,0.0586427545024232,0.9786642126699808,5.14230134841344,2.9486189201222817,5.576259302979754,0.5734045362845221,3.197452379827358,bear_flat,1.4000000000000234,-7.399999999999979,3.600000000000003,0.23015873015873015,0.32341269841269843,0.0321212487576968,NORMAL,80.69999999999999,0.2162124875769744,0.6999999999999602,0.22162124875769745,48.69999999999997,Normal,안정,없음,안정,안정
2023-06-27,0.2645497003777269,NORMAL,0.0189288510156586,0.9573089887210062,5.051690701870848,2.9499330946917905,5.578598280876983,0.5839496653267606,3.2576205991105565,neutral,-3.599999999999959,-4.9999999999999405,3.200000000000003,0.2976190476190476,0.3253968253968254,0.0315469229655991,NORMAL,81.0,0.2254692296559969,0.5999999999999659,0.2225469229655997,48.99999999999998,Normal,안정,없음,안정,안정
2023-06-28,0.2590076578479592,NORMAL,0.0035953389337949,0.908478867135203,5.046729008398458,2.9502809652171997,5.576522195572922,0.5845927055539385,3.259994197891564,neutral,-3.999999999999959,-3.6999999999999504,1.3000000000000345,0.25793650793650796,0.3273809523809524,0.042084187543117,NORMAL,80.80000000000003,0.2191752087644997,0.9000000000000341,0.22191752087644998,48.89999999999999,Normal,안정,없음,안정,안정
2023-06-29,0.2237558812520028,NORMAL,0.0011437645870041,0.8521723201731531,4.236073156766023,2.9506288357426094,5.572838578559944,0.6965481299655435,3.8817502904957664,neutral,9.399999999999986,-3.10000000000001,0.30000000000001137,0.22023809523809523,0.36507936507936506,0.0409325941099284,NORMAL,80.69999999999999,0.2159926077659484,0.4000000000000341,0.22159926077659486,49.099999999999966,Low-Vol,안정,없음,안정,안정
2023-06-30,0.2356668757370687,NORMAL,0.9999980909007644,0.852172320173153,4.344034021384656,2.9529013553794634,5.561073872599615,0.6797601816291091,3.7801965856912076,bear_flat,12.599999999999989,-5.79999999999998,1.399999999999979,0.32142857142857145,0.36706349206349204,0.0421703120383792,NORMAL,81.1,0.2283697870504611,0.4000000000000057,0.22283697870504612,47.19999999999995,High-Vol,주의,금리,주의,안정
2023-07-03,0.2310439254599088,NORMAL,0.99999986018792,0.8700332971039381,4.456148915587841,2.955173875016317,5.575995412977488,0.6631676658468403,3.6978198627969685,bear_flat,11.20000000000001,-6.4999999999999805,0.5999999999999783,0.251984126984127,0.36904761904761907,0.0352289827012827,NORMAL,80.80000000000003,0.2189564936794903,4.263256414560601e-14,0.22189564936794903,47.19999999999995,High-Vol,주의,금리,주의,안정
2023-07-04,0.2278113625879747,NORMAL,0.6010733050875658,0.8875800856756914,4.234184194089064,2.955607929453665,5.572610388837044,0.6980348029213523,3.889875994529347,bear_flat,6.200000000000028,-5.500000000000011,0.19999999999997797,0.2916666666666667,0.376984126984127,0.0500112590312153,NORMAL,81.0,0.2251125903121662,0.4999999999999431,0.22251125903121663,46.799999999999955,High-Vol,주의,금리,주의,안정
2023-07-05,0.2558505304144971,NORMAL,0.036076141310583,1.1070644121948643,4.131509218318723,2.956041983891013,5.568384855722942,0.7154872052043841,3.984108117923626,bear_flat,12.200000000000033,-2.49999999999995,-0.40000000000004476,0.2123015873015873,0.37896825396825395,0.0424028339407949,NORMAL,80.69999999999999,0.2156950060746151,0.5000000000000284,0.22156950060746153,46.39999999999995,Normal,안정,없음,안정,안정
2023-07-06,0.2800538537876111,NORMAL,0.0572928386624778,1.259980564764753,3.66411833295469,2.9567206340564236,5.5530832658743625,0.806939177554391,4.48100044345571,bear_flat,8.099999999999996,-5.2,-1.0000000000000675,0.1349206349206349,0.3948412698412698,0.0390699871902085,NORMAL,79.89999999999995,0.1906998719020841,-0.2000000000000739,0.21906998719020843,46.40000000000004,Normal,안정,없음,안정,안정
2023-07-07,0.3289650771886725,WARNING,0.0637105478922567,1.5750577309282376,3.7476167865654686,2.957399284221834,5.542035514220269,0.7891413270491204,4.373449260245138,bear_flat,14.800000000000013,-8.1,-1.2999999999999456,0.14087301587301587,0.3888888888888889,0.0323971816795997,NORMAL,79.89999999999999,0.1906384834626615,-0.4000000000000483,0.21906384834626616,43.80000000000002,Normal,주의,금리,주의,안정
2023-07-10,0.3833703241049172,WARNING,0.041058730922489,1.757179161441859,4.14833828494202,2.9578774898571436,5.520224808945355,0.713027069319272,3.9360697175058443,bear_flat,28.699999999999992,-1.5000000000000098,-1.100000000000012,0.14682539682539683,0.39087301587301587,0.032391048760496,NORMAL,79.90000000000003,0.1905771542716243,-0.9999999999999432,0.21905771542716246,40.30000000000005,Normal,주의,금리,주의,안정
2023-07-11,0.3467884687405339,WARNING,0.0908375069711918,1.360154997268703,4.931958082376177,2.958355695492453,5.543398924487503,0.5998339089830913,3.3251186459280033,bear_flat,18.000000000000014,-3.899999999999971,-0.9999999999999787,0.14285714285714285,0.39285714285714285,0.0323849217567058,NORMAL,79.89999999999999,0.1905158842337229,-1.3999999999999773,0.2190515884233723,40.600000000000016,Normal,주의,금리,주의,안정
2023-07-12,0.3367561946041384,WARNING,0.0198009889348624,1.324024317861057,4.804545545078822,2.95968940585181,5.543776340167069,0.6160185969895419,3.415069323093535,bear_flat,12.1,-3.8000000000000203,-0.2000000000001112,0.25,0.3948412698412698,0.0351862242152137,NORMAL,80.79999999999994,0.2185289088188012,-0.300000000000054,0.22185289088188012,40.7,Normal,주의,금리,주의,안정
2023-07-13,0.2908080443189744,NORMAL,0.2504997646160351,0.9760008590214254,5.2240738287682085,2.961023116211167,5.566139318356726,0.5668034589988462,3.154907018914072,neutral,-2.8000000000000025,-0.40000000000000036,-0.09999999999998899,0.2123015873015873,0.3968253968253968,0.0345550759039088,NORMAL,80.60000000000005,0.2122174257057523,-0.4999999999999858,0.22122174257057525,42.20000000000002,Normal,안정,없음,안정,안정
2023-07-14,0.2827692933643382,NORMAL,0.0158762241853176,0.8926778751003158,5.2240738287682085,2.964868587082669,5.56020183483997,0.567539564765638,3.1556345293541783,neutral,2.8000000000000025,-0.09999999999998899,0.1000000000000334,0.21031746031746032,0.3948412698412698,0.0345482085265533,NORMAL,80.60000000000001,0.2121487519321973,-0.3999999999999488,0.22121487519321975,42.90000000000003,Normal,안정,없음,안정,안정
2023-07-17,0.2681049682091156,NORMAL,0.0017756960756025,0.8156095116046111,5.226680037129324,2.9687140579541715,5.565318473689137,0.5679923080932832,3.1610580851448806,neutral,2.7000000000000135,-0.09999999999999037,-0.40000000000004476,0.1765873015873016,0.39285714285714285,0.0336047089390814,NORMAL,80.29999999999995,0.2027137560574788,-0.3999999999999915,0.2202713756057479,43.50000000000001,Low-Vol,안정,없음,안정,안정
2023-07-18,0.2565435026446436,NORMAL,0.0013474853573676,0.7440527789997742,5.228311088879959,2.969270193193487,5.5674949529375155,0.5679214841497854,3.1618999966687134,neutral,0.8999999999999897,-2.0000000000000004,-0.7000000000000117,0.16865079365079366,0.39087301587301587,0.0332858753941767,NORMAL,80.19999999999996,0.1995254206084316,-1.1000000000000083,0.21995254206084316,44.00000000000004,Low-Vol,안정,없음,안정,안정
2023-07-19,0.20994999428138,NORMAL,0.005639111025352,0.4317495845541497,5.485396881481619,2.969826328432802,5.584162242268606,0.5414059169462766,3.023298479152211,neutral,-4.599999999999982,-1.79999999999998,-1.399999999999979,0.1349206349206349,0.3888888888888889,0.0320298613237333,NORMAL,79.80000000000001,0.1869652799039975,-0.8999999999999773,0.21869652799039976,45.300000000000026,Low-Vol,안정,없음,안정,안정
2023-07-20,0.2524017044713305,NORMAL,0.0114086108284105,0.6938645927125728,5.500093300644028,2.970765303208492,5.576962240388585,0.540129983406033,3.012284522357159,neutral,-4.0999999999999925,-2.99999999999998,-1.8000000000000682,0.1349206349206349,0.3869047619047619,0.032023884315197,NORMAL,79.79999999999995,0.1869055098186345,-1.000000000000071,0.21869055098186346,45.000000000000014,Normal,안정,없음,안정,안정
2023-07-21,0.2838972712811317,NORMAL,0.0121845267704989,0.8741352131881003,5.533084701664103,2.971704277984182,5.570384855425996,0.5370791228065651,2.991737411847169,neutral,-2.699999999999969,-1.99999999999996,-2.400000000000002,0.13293650793650794,0.38492063492063494,0.0317053250056283,NORMAL,79.70000000000002,0.1837199167229479,-1.2999999999999403,0.2183719916722948,44.40000000000004,Normal,안정,없음,안정,안정
2023-07-24,0.2748888735511076,NORMAL,0.004271430683448,0.840097767697422,5.403456496101642,2.972600622304443,5.56921764899596,0.5501294633257517,3.0637907163864524,neutral,2.8999999999999915,-2.0,-1.799999999999935,0.12698412698412698,0.38293650793650796,0.0304487366244482,NORMAL,79.30000000000001,0.1711540329111466,-1.3999999999999773,0.21711540329111467,44.50000000000003,Normal,안정,없음,안정,안정
2023-07-25,0.3064223651269103,WARNING,0.0024770964139504,0.9900269089614784,5.480153186487427,2.973496966624704,5.559663877339942,0.5425937679911106,3.0166389719699467,neutral,8.099999999999996,-2.6000000000000196,-2.000000000000046,0.12698412698412698,0.38095238095238093,0.0295049733788291,NORMAL,78.99999999999996,0.1617164004549557,-2.000000000000042,0.21617164004549558,44.40000000000004,Low-Vol,주의,금리,주의,안정
2023-07-26,0.2814672632777439,NORMAL,0.0011840310508814,0.8334758852316625,5.519846965842048,2.9743728699736742,5.565340629453077,0.5388506037177674,2.99888715807581,neutral,4.699999999999971,-2.30000000000001,-2.0000000000000018,0.12698412698412698,0.37896825396825395,0.0282483706515976,NORMAL,78.60000000000005,0.1491503731826404,-2.1999999999999744,0.21491503731826406,44.90000000000003,Low-Vol,안정,없음,안정,안정
2023-07-27,0.2638996904538491,NORMAL,0.0243382856649096,0.7293150891400707,5.53510091193133,2.975248773322644,5.570540737348191,0.5375238537944754,2.994298524858518,neutral,1.100000000000012,0.8,-2.50000000000008,0.13095238095238096,0.4107142857142857,0.0285566429043359,NORMAL,78.69999999999995,0.1522330957100234,-2.000000000000042,0.21522330957100236,45.80000000000002,Normal,안정,없음,안정,안정
2023-07-28,0.3165661986844743,WARNING,0.01973653359754,0.9140781220430028,5.801839544942885,2.9801033382893274,5.551043886038669,0.5136480102913057,2.85128264710348,bear_steep,5.300000000000038,8.00000000000005,-1.699999999999946,0.1349206349206349,0.4087301587301587,0.0288649107856537,NORMAL,78.80000000000003,0.1553157745232017,-2.2999999999999687,0.21553157745232018,44.80000000000004,Normal,주의,금리,주의,안정
2023-07-31,0.3446891855737575,WARNING,0.1249239860251728,1.130753540195618,5.590226433602425,2.984957903256011,5.543321206405712,0.5339601067523233,2.9599123831348115,bear_steep,15.399999999999991,8.59999999999997,-2.700000000000058,0.12698412698412698,0.40674603174603174,0.0282337073030938,NORMAL,78.59999999999997,0.149003739697602,-2.20000000000006,0.21490037396976022,44.80000000000004,Normal,주의,금리,주의,안정
2023-08-01,0.3466934286137234,WARNING,0.0164294700236472,1.1663281936576937,5.662489688616144,2.985574905113845,5.550958706259036,0.5272548065060564,2.926769658591717,bear_steep,10.399999999999965,7.6,-3.2000000000000473,0.1388888888888889,0.40476190476190477,0.0221888592786396,NORMAL,78.79999999999998,0.1552219261197254,-2.200000000000017,0.21552219261197256,45.50000000000001,Normal,주의,금리,주의,안정
2023-08-02,0.3748327919242437,WARNING,0.0124763743491259,1.242748736855239,5.815901523093022,2.986191906971679,5.537005827260702,0.5134529694346608,2.842992083784028,bear_steep,14.900000000000002,8.99999999999999,-2.899999999999947,0.14682539682539683,0.4027777777777778,0.022497320176617,NORMAL,78.90000000000002,0.1583065350994997,-1.7999999999999687,0.21583065350994998,45.20000000000004,Normal,주의,금리,주의,안정
2023-08-03,0.406672508897435,WARNING,0.006173555074421,1.3807977776444815,5.810371851493804,2.9905389495013113,5.522549318944653,0.5146897695940864,2.8423996365396023,bear_steep,14.800000000000013,11.000000000000032,-3.0999999999999694,0.12698412698412698,0.4126984126984127,0.0202982675300524,NORMAL,78.20000000000005,0.1363160086338561,-1.6999999999999034,0.21363160086338562,45.10000000000001,Normal,주의,금리,주의,안정
2023-08-04,0.4033731794276772,WARNING,0.0384502122166432,1.3611719968141685,5.735381875965876,2.994885992030944,5.518992274695057,0.5221772598231021,2.8818922629851342,bear_steep,11.499999999999977,11.199999999999969,-3.200000000000003,0.12698412698412698,0.4166666666666667,0.0339068569365291,NORMAL,78.10000000000001,0.1331380658822163,-1.799999999999983,0.21331380658822163,45.000000000000014,Normal,주의,금리,주의,안정
2023-08-07,0.3720589112413148,WARNING,0.0290955398713246,1.3208475764464696,5.452230350001148,2.9976425441458323,5.532520691252535,0.5498011550713738,3.0417862665069193,bull_steep,-4.899999999999993,5.699999999999999,-3.299999999999992,0.12698412698412698,0.4146825396825397,0.0332752616715714,NORMAL,77.89999999999999,0.1268239317115043,-2.000000000000042,0.21268239317115045,45.10000000000001,Normal,주의,금리,주의,안정
2023-08-08,0.3281421282723187,WARNING,0.0295088404789595,1.1564993631526483,5.182754804968203,3.000399096260721,5.548346444373273,0.5789197461906803,3.2120473153545386,neutral,-1.7999999999999794,3.8000000000000305,-3.2999999999999474,0.11904761904761904,0.42063492063492064,0.0507011101420799,NORMAL,77.70000000000006,0.1205099502625566,-2.199999999999932,0.21205099502625568,46.900000000000034,Normal,주의,금리,주의,안정
2023-08-09,0.3274061247883024,WARNING,0.0074826092911963,1.103330139245409,5.240921975940366,3.0033431838065017,5.540929595294045,0.5730562671213244,3.1752644302612762,bear_steep,1.8000000000000238,5.0000000000000195,-3.4000000000000252,0.11904761904761904,0.41865079365079366,0.050381907575738,NORMAL,77.60000000000002,0.1173343099008371,-3.1999999999999176,0.2117334309900837,47.30000000000003,Normal,주의,금리,주의,안정
2023-08-10,0.3188981941123617,WARNING,0.1581975856119701,1.2107846685841857,4.685641561419868,3.006287271352282,5.538168690062897,0.641595655994075,3.5532649737067517,bear_steep,12.9,4.40000000000001,-3.6999999999999478,0.125,0.42857142857142855,0.0687508067635116,NORMAL,77.70000000000006,0.1204370555954434,-2.8999999999999915,0.21204370555954435,47.200000000000045,Normal,주의,금리,주의,안정
2023-08-11,0.3339372027232981,WARNING,0.0182642918021043,1.2626073395616364,4.71509055558516,3.0076347194159663,5.5303088510145315,0.6378742219178244,3.527641455306152,bear_steep,13.899999999999979,5.499999999999979,-3.299999999999992,0.12301587301587301,0.42063492063492064,0.0597130985637023,NORMAL,77.69999999999997,0.1203996843631471,-2.900000000000034,0.21203996843631473,47.50000000000001,Normal,주의,금리,주의,안정
2023-08-14,0.3540792420627415,WARNING,0.0115620295960649,1.2984012487155014,4.82236838515114,3.008982167479651,5.516192934859094,0.6239635646137691,3.4419034067319694,bear_steep,22.899999999999963,9.3,-3.4000000000000696,0.11904761904761904,0.41865079365079366,0.0584505681746234,NORMAL,77.29999999999997,0.1077981458706781,-2.999999999999986,0.21077981458706782,45.80000000000002,Normal,주의,금리,주의,안정
2023-08-16,0.3251388569865643,WARNING,0.0079593890611791,1.117942699372093,4.859997834090913,3.010782713433166,5.521402199262105,0.6195028920205987,3.420524630451768,bear_steep,21.60000000000002,10.00000000000001,-3.1999999999999584,0.125,0.40476190476190477,0.0503551851517442,NORMAL,77.60000000000002,0.1171908401786056,-2.599999999999937,0.21171908401786058,47.00000000000002,Normal,주의,금리,주의,안정
2023-08-17,0.3882383580795382,WARNING,0.052046076836999,1.4020099605526342,4.881487586036817,3.0125832593866813,5.4979771137064475,0.6171445089820535,3.3930463862329336,bear_steep,40.09999999999998,15.60000000000001,-3.2999999999999474,0.12301587301587301,0.4027777777777778,0.0494070436169517,NORMAL,77.30000000000001,0.1077257165093365,-2.5,0.21077257165093366,46.40000000000004,Normal,주의,금리,주의,안정
2023-08-18,0.3406862738147761,WARNING,0.0226175904383912,1.0679575019183616,5.203986326289732,3.0137533338416373,5.511656108248269,0.579123991663203,3.191932286083613,bear_steep,30.800000000000026,16.000000000000007,-3.599999999999959,0.11904761904761904,0.4007936507936508,0.0490877003772196,NORMAL,77.20000000000002,0.1045485607839577,-2.599999999999937,0.21045485607839579,47.40000000000002,Normal,주의,금리,주의,안정
2023-08-21,0.3594403379125571,WARNING,0.0183172979500605,1.1332511679435582,5.286554444507007,3.014923408296593,5.498403596460505,0.5703002664484518,3.1357410361025515,bear_steep,33.699999999999974,14.399999999999972,-3.699999999999992,0.10912698412698413,0.39880952380952384,0.0478249069215586,NORMAL,76.79999999999998,0.0919368879156034,-2.900000000000034,0.20919368879156036,45.900000000000006,Normal,주의,금리,주의,안정
2023-08-22,0.3331209969243974,WARNING,0.0226658471914221,0.9578614502736944,5.278865508102241,3.0165111609779593,5.495669480499709,0.5714317131868736,3.140399826350764,bear_steep,34.60000000000001,16.1,-3.3000000000000362,0.10714285714285714,0.3968253968253968,0.0475058750393876,NORMAL,76.69999999999999,0.0887628158214367,-2.6000000000000227,0.2088762815821437,45.50000000000001,Normal,주의,금리,주의,안정
2023-08-23,0.2929124568827844,NORMAL,0.0121534963921916,0.6839632496548316,5.552012437419708,3.0180989136593253,5.509466888425083,0.5436044943483562,2.9949709620113287,bear_steep,23.599999999999977,10.999999999999991,-3.900000000000059,0.10714285714285714,0.4166666666666667,0.0559080466022876,NORMAL,76.49999999999997,0.0824420218153267,-2.499999999999986,0.20824420218153267,45.900000000000006,Normal,안정,없음,안정,안정
2023-08-24,0.2689720515933283,NORMAL,0.0045048765622341,0.5491001646786094,5.620451377265929,3.0212715931157597,5.51809492584901,0.5375496361976284,2.966249919894115,bear_steep,22.00000000000002,8.800000000000011,-3.399999999999981,0.1111111111111111,0.4146825396825397,0.0559031567933525,NORMAL,76.50000000000001,0.0824167584702028,-2.100000000000037,0.2082416758470203,46.20000000000002,Normal,안정,없음,안정,안정
2023-08-25,0.3456216602802788,WARNING,0.0053658836059365,1.014093110359517,5.657217095282613,3.0244442725721945,5.506065482064617,0.5346169718489661,2.943636054823503,bear_steep,29.800000000000004,9.600000000000012,-3.7999999999999368,0.1130952380952381,0.4126984126984127,0.0492316048241418,NORMAL,76.50000000000001,0.0823915183358935,-2.199999999999932,0.20823915183358938,46.10000000000003,Low-Vol,주의,금리,주의,안정
2023-08-28,0.303840504427307,WARNING,0.0043838825679768,0.8008872740759307,5.614792492767837,3.0250532222758206,5.5192887418741465,0.5387649189479854,2.973599151666353,bear_steep,14.399999999999968,1.9999999999999505,-4.1999999999999815,0.11507936507936507,0.4107142857142857,0.049226724021071,NORMAL,76.50000000000001,0.0823663013768798,-2.300000000000012,0.20823663013768798,46.50000000000003,Low-Vol,주의,금리,주의,안정
2023-08-29,0.3099807426741209,WARNING,0.0006483785465695,0.8719856893546044,5.632917819203001,3.025662171979447,5.525318375838611,0.537139413194483,2.9678662701106457,neutral,8.299999999999974,2.3999999999999604,-4.499999999999993,0.10317460317460317,0.4087301587301587,0.0485917295487932,NORMAL,76.29999999999998,0.0760399259399405,-2.299999999999983,0.20760399259399406,47.10000000000001,Low-Vol,주의,금리,주의,안정
2023-08-30,0.2868599494461896,NORMAL,0.0001954533598356,0.7306642284800784,5.560885484203123,3.0260969860253155,5.524312561710366,0.544175382611562,3.0061949019345966,bear_steep,12.300000000000022,3.79999999999998,-4.100000000000037,0.10912698412698413,0.40674603174603174,0.0489022071725985,NORMAL,76.40000000000002,0.0791682497114875,-2.399999999999963,0.20791682497114877,47.10000000000001,Low-Vol,안정,없음,안정,안정
2023-08-31,0.2810889340872763,NORMAL,0.0152715074505841,0.7578655340408296,5.426872706119148,3.026531800071184,5.530598401374171,0.5576935306882312,3.0843789492810485,neutral,2.8000000000000025,-0.5999999999999797,-3.999999999999959,0.10317460317460317,0.40476190476190477,0.0482669374379014,NORMAL,76.2,0.0728390781791041,-2.700000000000017,0.20728390781791042,47.10000000000001,Normal,안정,없음,안정,안정
2023-09-01,0.2129197474471472,NORMAL,0.027443828029189,0.3815999980235176,5.275392227872223,3.0271381570395715,5.539723159430068,0.5738223863328807,3.178817162967687,bull_flat,-8.300000000000018,-5.800000000000032,-4.300000000000015,0.10317460317460317,0.42658730158730157,0.0493751641154361,NORMAL,75.8,0.0602030465870744,-2.4000000000000483,0.20602030465870746,47.50000000000001,Normal,안정,없음,안정,안정
2023-09-04,0.2721128209156641,NORMAL,0.0213160491043997,0.6241799625245019,5.575321562593112,3.027744514007959,5.522974158942175,0.5430618628927546,2.999316635463682,neutral,-2.0000000000000018,-2.00000000000001,-4.300000000000015,0.10714285714285714,0.39880952380952384,0.0342928905366677,NORMAL,76.00000000000003,0.066493559069372,-2.09999999999998,0.2066493559069372,46.20000000000002,Normal,안정,없음,안정,안정
2023-09-05,0.2963513995564346,NORMAL,0.0136715194259912,0.7991974701757129,5.422991988308953,3.0297943317961202,5.5163612930698305,0.5586942297403059,3.081959223600887,neutral,7.200000000000006,-0.40000000000000036,-4.699999999999971,0.1130952380952381,0.35912698412698413,0.0258773130082765,NORMAL,76.2,0.0727840571770902,-1.6999999999999886,0.20727840571770903,45.10000000000001,Normal,안정,없음,안정,안정
2023-09-06,0.2876314736838138,NORMAL,0.0080177169205974,0.8121071925807906,5.106165004446245,3.031844149584282,5.514969914443575,0.5937614916369277,3.2745767627327966,bear_steep,15.299999999999958,3.4999999999999183,-5.699999999999994,0.10317460317460317,0.3373015873015873,0.0082700257354864,NORMAL,75.59999999999998,0.0538239948734629,-2.10000000000008,0.2053823994873463,45.10000000000001,Normal,안정,없음,안정,안정
2023-09-07,0.3136192777936538,WARNING,0.0495189324834982,0.8544139194891868,5.302817026925649,3.031844149584282,5.497959723560571,0.5717421766939633,3.143415459724262,bear_steep,19.499999999999986,2.0000000000000004,-5.899999999999972,0.0992063492063492,0.32936507936507936,0.0046275360097032,NORMAL,75.20000000000002,0.0411785499931324,-2.4000000000000057,0.20411785499931326,44.10000000000003,Normal,주의,금리,주의,안정
2023-09-08,0.2672878895388574,NORMAL,0.0587017463880403,0.5300236600069259,5.622649216386014,3.031844149584282,5.513859563419715,0.539219864676711,2.973182607633568,bear_steep,10.899999999999999,0.09999999999998066,-5.400000000000071,0.1111111111111111,0.3273809523809524,0.0062052516547692,NORMAL,75.69999999999996,0.0569572475185062,-2.0000000000000995,0.20569572475185063,44.00000000000004,Normal,안정,없음,안정,안정
2023-09-11,0.3163543231127524,WARNING,0.0221280723294319,0.7604873836882695,5.741563605114802,3.0325383743221193,5.499114610375534,0.5281729129710624,2.9044833825237744,bear_flat,13.700000000000001,-3.000000000000029,-5.299999999999994,0.1130952380952381,0.3333333333333333,0.0085818820928987,NORMAL,75.69999999999996,0.0569399814289874,-2.000000000000014,0.20569399814289874,43.99999999999999,Normal,주의,금리,주의,안정
2023-09-12,0.3212983614646714,WARNING,0.0029512726371144,0.8328059190128881,5.57603896384483,3.0332325990599567,5.498371022466907,0.5439762201676691,2.9909830858809903,neutral,7.600000000000007,-4.000000000000011,-4.899999999999904,0.12301587301587301,0.32142857142857145,0.0065160672770945,NORMAL,75.80000000000004,0.0600828692163828,-1.499999999999929,0.20600828692163828,43.40000000000002,Low-Vol,주의,금리,주의,안정
2023-09-13,0.3090316440837098,WARNING,0.0011008288372738,0.7690097267198461,5.563026438719727,3.034093430199587,5.501773564773296,0.5454033813468361,3.0006859056319914,bear_flat,8.199999999999985,-5.900000000000021,-4.899999999999993,0.14285714285714285,0.30158730158730157,0.0079031192441502,NORMAL,76.39999999999998,0.0790311924415028,-1.2000000000000457,0.20790311924415028,43.79999999999997,Low-Vol,주의,금리,주의,안정
2023-09-14,0.2801985820295251,NORMAL,0.0019368620077188,0.7398203959167233,5.031738738929324,3.0349542613392173,5.508518230996159,0.6031621311850958,3.3225295958795966,bull_flat,-5.900000000000016,-10.70000000000002,-4.699999999999971,0.12896825396825398,0.2857142857142857,0.0066359063619471,NORMAL,76.00000000000003,0.0663590636194711,-1.299999999999983,0.20663590636194712,44.09999999999998,Low-Vol,안정,없음,안정,안정
2023-09-15,0.2695060167657763,NORMAL,0.0003116308013376,0.7032476352730517,4.842041761597333,3.042185903552243,5.506004638807596,0.6282857631836413,3.4593443265858994,bear_flat,1.399999999999979,-10.700000000000019,-5.000000000000071,0.11904761904761904,0.1984126984126984,0.006001299075497,NORMAL,75.79999999999995,0.0600129907549704,-1.4000000000000623,0.20600129907549705,43.39999999999997,Low-Vol,안정,없음,안정,안정
2023-09-18,0.2905147685561474,NORMAL,0.000794210177697,0.7926141590840764,4.811551341905173,3.049417545765269,5.494347934251868,0.6337701354669172,3.482153634593183,bear_flat,0.9000000000000341,-8.699999999999982,-5.299999999999994,0.11507936507936507,0.1884920634920635,0.0056830902010492,NORMAL,75.69999999999996,0.0568309020104922,-1.1000000000000227,0.20568309020104925,43.79999999999997,Low-Vol,안정,없음,안정,안정
2023-09-19,0.2955446027298628,NORMAL,0.0008174896813276,0.852771999957534,4.848450647806011,3.0513386180679456,5.500373676027104,0.6293430292930211,3.461621831514488,bull_flat,-3.4000000000000252,-11.90000000000002,-5.299999999999994,0.10714285714285714,0.14285714285714285,0.0047319040512339,NORMAL,75.4,0.0473190405123395,-1.299999999999983,0.20473190405123395,43.79999999999997,Low-Vol,안정,없음,안정,안정
2023-09-20,0.2955171258526139,NORMAL,0.0002189440672969,0.9007598595337892,4.610888143696851,3.053259690370622,5.498126461974647,0.6621847234668816,3.640775350808626,bear_flat,4.300000000000015,-7.600000000000009,-5.50000000000006,0.1111111111111111,0.08134920634920635,0.0050470623304749,NORMAL,75.49999999999994,0.0504706233047497,-1.0000000000000284,0.20504706233047498,43.79999999999997,Low-Vol,안정,없음,안정,안정
2023-09-21,0.3311795326808761,WARNING,0.0027873153768471,1.038464939235259,4.711494901889026,3.053925356521403,5.483763616261509,0.6481860683531596,3.5544991782026525,bear_flat,15.299999999999958,-1.8000000000000695,-4.900000000000038,0.14285714285714285,0.10317460317460317,0.0063122616259138,NORMAL,75.89999999999999,0.0631226162591381,-0.6000000000000227,0.20631226162591382,44.10000000000003,Low-Vol,주의,금리,주의,안정
2023-09-22,0.3068924916715215,WARNING,0.0077437954195134,0.9235583844910432,4.632846118520956,3.0545910226721835,5.490953578213328,0.6593335812430063,3.6203700871624935,neutral,6.600000000000028,-2.0999999999999517,-3.2999999999999474,0.2261904761904762,0.08928571428571429,0.0245619666930753,NORMAL,77.40000000000005,0.1106196669307481,0.9000000000000341,0.2110619666930748,45.69999999999999,Low-Vol,주의,금리,주의,안정
2023-09-25,0.2851469047400698,NORMAL,0.005559045380247,0.8346930909077288,4.363122976179229,3.0554436854688456,5.488784866264064,0.7002882344023424,3.8437314630103585,bear_steep,13.999999999999968,2.2999999999999687,-4.700000000000015,0.16865079365079366,0.0873015873015873,0.0078899253069452,NORMAL,76.39999999999998,0.0788992530694525,-0.1000000000000369,0.20788992530694525,45.300000000000026,Low-Vol,안정,없음,안정,안정
2023-09-26,0.3323966655625693,WARNING,0.0044773157018244,1.12229119950932,4.348320910057359,3.0562963482655072,5.480164064095736,0.7028681671576974,3.851832871454448,bear_steep,21.000000000000043,5.900000000000059,-4.500000000000037,0.16468253968253968,0.08531746031746032,0.0075705787853645,NORMAL,76.29999999999998,0.0757057878536457,0.0,0.20757057878536458,44.90000000000003,Low-Vol,주의,금리,주의,안정
2023-09-27,0.3162311027854905,WARNING,0.9995936019053144,1.018961974734975,4.415880433163919,3.0570452654340246,5.485050018617795,0.6922844292782838,3.79721472170166,bear_steep,18.000000000000014,2.8000000000000496,-3.599999999999959,0.2361111111111111,0.08333333333333333,0.0260559270434954,NORMAL,77.40000000000005,0.11055927043495,1.0000000000000284,0.21105592704349502,45.10000000000001,High-Vol,주의,금리,주의,안정
2023-10-04,0.5901905585236769,HIGH,1.0,1.3913231920741669,8.170067319184088,3.0577941826025423,5.4172720450298355,0.3742679298887236,2.027511193937369,bear_steep,52.99999999999998,13.3,-4.399999999999915,0.17063492063492064,0.08134920634920635,0.0090639038712798,NORMAL,76.30000000000008,0.075639038712786,0.1000000000000795,0.2075639038712786,43.29999999999998,High-Vol,경계,금리,경계,안정
2023-10-05,0.551472161144823,HIGH,0.5233547902548367,1.2026669542793416,8.11318614809768,3.0607410953145973,5.42349649367565,0.3772551300369531,2.0460418749765665,bear_steep,54.400000000000006,15.199999999999969,-2.4999999999999467,0.23809523809523808,0.14087301587301587,0.0350513347124217,NORMAL,77.4,0.1105133471242166,1.6000000000000083,0.21105133471242166,43.29999999999998,High-Vol,경계,금리,경계,안정
2023-10-06,0.5044421272805327,HIGH,0.155213256261776,0.9334777000814548,8.370663056174216,3.0636880080266518,5.440915598569766,0.36600302598094303,1.9913915731834482,bear_steep,38.400000000000034,10.70000000000007,-1.799999999999935,0.2857142857142857,0.20833333333333334,0.0447693561668873,NORMAL,78.10000000000005,0.1326935616688697,2.1000000000000227,0.21326935616688697,45.799999999999976,Normal,경계,금리,경계,안정
2023-10-10,0.4629556153467676,WARNING,0.0206237757395106,0.7051007256639121,8.413602707896043,3.065713809096982,5.445417480765889,0.3643758703058149,1.9841787337325691,bear_steep,33.30000000000002,10.100000000000039,-1.9000000000000128,0.28174603174603174,0.2976190476190476,0.0399478835002563,NORMAL,78.00000000000003,0.1294788350025592,1.8000000000000256,0.21294788350025592,46.80000000000004,Normal,주의,금리,주의,안정
2023-10-11,0.4703545686277725,WARNING,0.0116948641872048,0.7689498095282445,8.670061919283528,3.067739610167312,5.461456384444465,0.3538313380835488,1.9324344203929253,bear_steep,24.900000000000055,6.100000000000091,-1.699999999999946,0.29563492063492064,0.30357142857142855,0.0525789961880097,NORMAL,78.20000000000005,0.1357899618800873,2.6000000000000654,0.21357899618800874,48.0,Normal,주의,금리,주의,안정
2023-10-12,0.4486580518080505,WARNING,0.0513432903421232,0.6878434357172394,8.613233392500407,3.0689936643073668,5.46997235517548,0.35631144826280425,1.9490137718300777,bear_steep,13.200000000000012,4.700000000000021,-2.099999999999902,0.3134920634920635,0.3194444444444444,0.0682668185605624,NORMAL,78.70000000000003,0.1516295062073562,3.500000000000014,0.21516295062073562,49.90000000000001,Normal,주의,금리,주의,안정
2023-10-13,0.5117165929673133,HIGH,0.0869308601368958,1.0367695417397793,8.498365167861149,3.0702477184474217,5.456093399578094,0.3612750991282874,1.9711506837857706,bear_steep,27.399999999999956,11.199999999999969,-1.5000000000000124,0.3333333333333333,0.33134920634920634,0.0770913682213444,NORMAL,79.10000000000004,0.164291542605008,3.4000000000000767,0.2164291542605008,50.499999999999986,Normal,경계,금리,경계,안정
2023-10-16,0.5099816164273148,HIGH,0.0161710851309358,1.0250435704334566,8.412365585068326,3.070262718021012,5.451429546927967,0.3649701961919758,1.9896093112690338,bear_steep,23.0,12.20000000000003,-0.9999999999999787,0.34523809523809523,0.3968253968253968,0.0976262265695758,NORMAL,79.60000000000002,0.1801311969123857,3.9000000000000634,0.21801311969123857,53.00000000000003,Normal,경계,금리,경계,안정
2023-10-17,0.5350483062475069,HIGH,0.0083749964480537,1.1439008449139447,8.423743073504848,3.0702777175946028,5.444588116505411,0.3644790315663271,1.9844382039814252,bear_steep,25.900000000000034,13.100000000000028,-0.6999999999999673,0.34523809523809523,0.4305555555555556,0.1209047871389004,NORMAL,79.59999999999998,0.1800757053069998,3.79999999999994,0.2180075705307,55.399999999999984,Normal,경계,금리,경계,안정
2023-10-18,0.5700578436055053,HIGH,0.0079751524911441,1.2833761497054446,8.465962810914617,3.0703912810393272,5.43143537594972,0.36267478957985394,1.9698446820891395,bear_steep,33.80000000000001,16.000000000000064,-0.29999999999992255,0.3869047619047619,0.43253968253968256,0.1421370402702287,NORMAL,79.90000000000003,0.1895597630043989,3.500000000000057,0.2189559763004399,57.00000000000003,Normal,경계,금리,경계,안정
2023-10-19,0.6334193272095598,HIGH,0.0336226357297443,1.600492793175938,8.478758287937156,3.0705048444840517,5.416051234035397,0.36214086310875265,1.9613734685348034,bear_steep,44.50000000000003,21.09999999999999,0.39999999999995595,0.4087301587301587,0.4444444444444444,0.1783687900622338,NORMAL,80.19999999999996,0.199043455050627,4.199999999999932,0.21990434550506271,58.59999999999999,Normal,경계,금리,경계,안정
2023-10-20,0.6089936188561069,HIGH,0.0080657855655242,1.460377834179736,8.572752122123227,3.072586067499982,5.423664776472586,0.3584130304631962,1.9439121287520333,bear_steep,39.900000000000006,21.59999999999998,0.7000000000000117,0.44642857142857145,0.4801587301587302,0.2182664364527568,NORMAL,80.49999999999997,0.2085267418832635,4.700000000000017,0.22085267418832635,60.80000000000001,Normal,경계,금리,경계,안정
2023-10-23,0.6212276679248303,HIGH,0.0139993955816988,1.4920261697629735,8.559537616631296,3.074667290515912,5.4140978573533385,0.3592095073619155,1.9447954241490948,bear_steep,39.199999999999946,22.799999999999983,0.8999999999999897,0.4662698412698413,0.5119047619047619,0.2396931473097709,NORMAL,80.60000000000001,0.211644511280099,4.900000000000048,0.22116445112800992,61.89999999999998,Normal,경계,금리,경계,안정
2023-10-24,0.580598170067452,HIGH,0.0448482437431598,1.2374332532018084,8.9439350223607,3.07726486381765,5.435555592246156,0.3440616301576645,1.870166117880822,bear_steep,31.700000000000017,20.000000000000064,1.29999999999999,0.46825396825396826,0.5793650793650794,0.2780291498471887,NORMAL,80.60000000000001,0.2115787276970487,5.200000000000003,0.1,65.50000000000003,Normal,경계,금리,경계,안정
2023-10-25,0.572018091418137,HIGH,0.0874985141279505,1.1771190167510848,8.94367756692136,3.079862437119388,5.432430473071671,0.34436197124440326,1.8707224663551267,bear_steep,31.79999999999996,16.99999999999995,1.6000000000000458,0.47023809523809523,0.5952380952380952,0.3012992454119261,WARNING,80.60000000000001,0.2115130054186426,5.100000000000065,0.1,67.49999999999999,Normal,경계,금리,경계,주의
2023-10-26,0.6396313610424256,HIGH,0.0344075576717731,1.4232355134189267,9.125353634099245,3.0800504039681345,5.40948512883854,0.3375266896461666,1.8258456082270396,bear_steep,36.100000000000065,18.70000000000007,1.5999999999999126,0.4107142857142857,0.6190476190476191,0.3061259456244212,WARNING,80.19999999999996,0.1987062772277016,4.299999999999969,0.21987062772277016,69.0,Normal,경계,금리,경계,주의
2023-10-27,0.597317737097851,HIGH,0.9999992829278902,1.2142765937676163,9.527935381370868,3.080238370816881,5.431798073628928,0.3232849770202471,1.7560187154117506,bear_steep,27.89999999999999,8.19999999999994,2.4000000000000465,0.623015873015873,0.6309523809523809,0.3090285206666505,WARNING,81.1,0.2273204531320468,3.699999999999946,0.2227320453132047,70.6,High-Vol,경계,금리,경계,주의
2023-10-30,0.5838392885358114,HIGH,0.1334370082315825,1.1151607166755662,9.53608106641628,3.0810753991379487,5.425237381575402,0.32309660306776694,1.7528757688232788,bear_steep,30.00000000000007,8.700000000000022,2.799999999999958,0.6785714285714286,0.6329365079365079,0.3421544234512763,WARNING,81.59999999999998,0.243184696809193,5.200000000000003,0.1,71.49999999999999,Normal,경계,금리,경계,주의
2023-10-31,0.5793619661019735,HIGH,0.0074433020281148,1.0780448037835542,9.514889993002926,3.081912427459017,5.42282358793439,0.3239041575599296,1.7564751058460033,bear_steep,27.09999999999999,7.700000000000001,3.700000000000081,0.6984126984126984,0.6468253968253969,0.3654159603233511,WARNING,82.30000000000004,0.2654236308828441,6.000000000000057,0.1,72.60000000000004,Normal,경계,금리,경계,주의
2023-11-01,0.5726662571315919,HIGH,0.0054040466609653,1.071774559384867,9.546280620441156,3.089340345995347,5.430298104494128,0.323617172889328,1.7573377205226663,bear_steep,25.8,7.10000000000002,4.100000000000081,0.7023809523809523,0.6388888888888888,0.350729225490396,WARNING,82.90000000000006,0.2844719320336419,5.500000000000014,0.1,72.60000000000004,Low-Vol,경계,금리,경계,주의
2023-11-02,0.3970128799170933,WARNING,0.3273283110327161,0.6998107967373868,6.734145122160331,3.0967682645316765,5.455768070313615,0.45986063685218376,2.508892979332229,bull_flat,-18.299999999999983,-5.40000000000003,4.2999999999999705,0.7063492063492064,0.6408730158730159,0.3726512674546197,WARNING,83.19999999999999,0.2939496390623367,6.899999999999906,0.1,74.30000000000004,Normal,주의,금리+신용,주의,주의
2023-11-03,0.3481878469581444,WARNING,0.0584387578926952,0.4547830070957248,6.829138421422379,3.0997841790826355,5.468786687002238,0.4539056009406542,2.48231290758,bull_flat,-21.699999999999964,-8.499999999999911,5.7999999999999385,0.7142857142857143,0.6428571428571429,0.3640018040890456,WARNING,83.99999999999999,0.3193785858664765,6.59999999999998,0.1,74.10000000000001,Normal,주의,금리+신용,주의,주의
2023-11-06,0.3144081859762365,WARNING,0.0225964810781516,0.3339488303813321,6.6865615426135045,3.102800093633595,5.480102888651519,0.46403522555792354,2.542960780016036,bull_flat,-18.400000000000016,-4.600000000000032,6.300000000000017,0.7182539682539683,0.6448412698412699,0.3474089031907453,WARNING,84.40000000000003,0.3320394513201601,6.299999999999983,0.1,75.20000000000002,Normal,주의,금리+신용,주의,주의
2023-11-07,0.3340876096659386,WARNING,0.0448207848237046,0.4505005837534339,6.682939788036872,3.103512359627617,5.4800623555522705,0.46439328470132457,2.5449041576629967,bull_flat,-16.40000000000006,-5.400000000000069,6.499999999999995,0.7182539682539683,0.6468253968253969,0.3422057169769156,WARNING,84.39999999999999,0.3319304251623023,6.399999999999963,0.1,74.20000000000005,Normal,주의,금리+신용,주의,주의
2023-11-08,0.3363102806399828,WARNING,0.031306049828005,0.5316423300199582,6.514841356068222,3.104224625621639,5.487004413213212,0.47648506785667494,2.6144756701597722,bull_flat,-12.00000000000001,-3.5000000000000195,6.99999999999994,0.7261904761904762,0.6488095238095238,0.337960453868526,WARNING,84.7,0.341400259166492,6.499999999999957,0.1,74.30000000000004,Normal,주의,금리+신용,주의,주의
2023-11-09,0.2933520072271633,NORMAL,0.3300733496134749,0.3191587135584279,6.664643552674856,3.1078550699258223,5.502707788991246,0.4663197731975454,2.5660214481347645,bull_flat,-15.600000000000014,-7.100000000000022,7.200000000000006,0.7301587301587301,0.6507936507936508,0.3255763581295117,WARNING,84.80000000000003,0.3444813968662987,6.099999999999994,0.1,74.40000000000002,Normal,주의,신용,안정,주의
2023-11-10,0.2938876748285572,NORMAL,0.0443933525005283,0.3413375013938294,6.471069219387573,3.111485514230006,5.4976039428492225,0.48083020112161307,2.6434140095271648,bull_flat,-19.99999999999997,-10.499999999999998,7.199999999999962,0.7341269841269841,0.6527777777777778,0.3146922656142401,WARNING,84.90000000000002,0.3475621976966088,5.799999999999983,0.1,73.90000000000003,Normal,주의,신용,안정,주의
2023-11-13,0.3005569706386309,WARNING,0.0060777722149939,0.3376882107383723,6.514930221381785,3.111792073070064,5.490141058458503,0.47764012312169757,2.6223116511176063,bull_flat,-18.599999999999994,-8.999999999999977,7.300000000000084,0.7380952380952381,0.6547619047619048,0.2956415089050063,NORMAL,85.00000000000006,0.3506426550352237,5.400000000000034,0.1,74.10000000000001,Normal,주의,금리,주의,안정
2023-11-14,0.2649206316317513,NORMAL,0.0080381418781724,0.170744298724183,6.445447189581512,3.112098631910122,5.4955489741493455,0.482836728061406,2.6534528855794863,bull_flat,-24.40000000000002,-11.000000000000039,7.399999999999984,0.7261904761904762,0.6567460317460317,0.2768122636799975,NORMAL,84.69999999999996,0.3409378598825719,5.09999999999998,0.1,74.9,Normal,안정,없음,안정,안정
2023-11-15,0.2310234115558627,NORMAL,0.7950637095181605,-0.0931941748767226,7.034755821894904,3.113668535013092,5.53101166862409,0.4426121693267791,2.4480930732214365,bull_flat,-47.199999999999996,-18.500000000000053,7.099999999999973,0.7321428571428571,0.6587301587301587,0.2589423192042245,NORMAL,84.7,0.3408257057709816,4.799999999999969,0.23408257057709816,76.50000000000001,High-Vol,주의,금리,주의,안정
2023-11-16,0.2141473846337438,NORMAL,0.0601088668918401,-0.3236807399738148,6.647063063370249,3.1152384381160623,5.535233715417392,0.4686638908667956,2.5941641699245843,bull_flat,-56.30000000000002,-19.400000000000002,6.700000000000017,0.7182539682539683,0.6607142857142857,0.2283338720191586,NORMAL,84.00000000000003,0.3183281589944106,3.800000000000068,0.23183281589944107,76.50000000000001,Normal,안정,없음,안정,안정
2023-11-17,0.2144459025585673,NORMAL,0.0229951620493478,-0.2170997730248959,6.668186449576512,3.1155762990695126,5.536310250712043,0.46722993165066323,2.586729860037054,bull_flat,-53.100000000000016,-17.899999999999988,5.099999999999927,0.6984126984126984,0.6626984126984127,0.1795268610166416,NORMAL,82.29999999999995,0.2638446093476483,1.799999999999983,0.22638446093476483,76.60000000000005,Normal,안정,없음,안정,안정
2023-11-20,0.199585852078084,NORMAL,0.0033183198528022,-0.4027218085603073,6.443885310489075,3.115914160022963,5.5448584272809684,0.48354587487009026,2.6811934192503686,bull_flat,-61.89999999999998,-23.09999999999999,3.4000000000000696,0.4226190476190476,0.6646825396825397,0.1324403349278023,NORMAL,80.20000000000005,0.196565545015306,-0.399999999999963,0.2196565545015306,76.60000000000005,Low-Vol,안정,없음,안정,안정
2023-11-21,0.1860541255287902,NORMAL,0.00205549589503,-0.4800294487433652,6.203842188090936,3.116842900076569,5.551231291157109,0.5024052523547013,2.7889677577131016,bull_flat,-54.30000000000001,-18.30000000000007,2.499999999999991,0.3373015873015873,0.6666666666666666,0.1092083056725375,NORMAL,79.19999999999999,0.1644977527334994,-1.40000000000002,0.21644977527334996,76.20000000000005,Low-Vol,안정,없음,안정,안정
2023-11-22,0.1956343140383908,NORMAL,0.0054539893951671,-0.2929053731390715,6.305926619166757,3.117771640130175,5.543478112588975,0.4944192706990533,2.7408024055624054,bull_flat,-51.89999999999997,-14.69999999999994,1.9000000000000572,0.30158730158730157,0.6686507936507936,0.0932834171274256,NORMAL,78.40000000000002,0.1388343388022061,-2.1999999999999886,0.21388343388022063,75.50000000000003,Low-Vol,안정,없음,안정,안정
2023-11-23,0.1553555963689624,NORMAL,0.0022319461690825,-0.3073641403620439,5.43284359002578,3.118415101273804,5.554047346464019,0.5739931675925547,3.1879852293559052,bull_flat,-68.00000000000001,-22.00000000000002,0.8999999999999897,0.2400793650793651,0.6309523809523809,0.0676500599155927,NORMAL,77.4,0.106766100055869,-2.7999999999999545,0.2106766100055869,75.70000000000002,Low-Vol,안정,없음,안정,안정
2023-11-24,0.1706321297995274,NORMAL,0.0043509935890944,-0.2881990178949943,5.553327594192604,3.119058562417434,5.539808741455449,0.5616557837645291,3.1114656205877496,bull_flat,-50.10000000000004,-10.5,0.09999999999994458,0.20634920634920634,0.6329365079365079,0.0583941556143706,NORMAL,76.59999999999995,0.0811054668838796,-4.500000000000043,0.20811054668838797,75.10000000000004,Low-Vol,안정,없음,안정,안정
2023-11-27,0.1630608236972844,NORMAL,0.0003678574071644,-0.1952045596500449,5.4004751252966,3.124799982531992,5.54192752493432,0.5786157532501133,3.2066465692974075,bull_flat,-54.500000000000036,-14.500000000000002,-0.5999999999999783,0.14682539682539683,0.6349206349206349,0.0561254233559407,NORMAL,75.90000000000003,0.0586495674457292,-5.699999999999946,0.20586495674457292,74.70000000000003,Low-Vol,안정,없음,안정,안정
2023-11-28,0.1536083662828236,NORMAL,0.0066934685703793,-0.2190462842479974,5.323085274735435,3.130541402646551,5.551135901152961,0.5881065662248184,3.2646594734743806,bull_flat,-59.90000000000002,-16.200000000000042,-1.399999999999979,0.0992063492063492,0.6369047619047619,0.0528950757862383,NORMAL,74.9,0.0265771956034026,-7.400000000000034,0.20265771956034026,75.40000000000005,Low-Vol,안정,없음,안정,안정
2023-11-29,0.1450494197945801,NORMAL,0.0768848666431667,-0.3835004194343339,5.462915647199855,3.130846095799529,5.570520153306656,0.5731089949017092,3.1925152061412927,bull_flat,-64.70000000000002,-13.000000000000039,-2.100000000000035,0.0992063492063492,0.6388888888888888,0.0509473436459675,NORMAL,74.29999999999998,0.0073306594975474,-8.60000000000008,0.20073306594975476,77.10000000000004,Normal,안정,없음,안정,안정
2023-11-30,0.152507451260827,NORMAL,0.0836276438365738,-0.2227193934176984,5.40949214466181,3.131150788952508,5.558120649077761,0.5788252769795382,3.217180724188126,bull_flat,-46.900000000000034,-7.30000000000004,-2.6000000000000245,0.0992063492063492,0.6408730158730159,0.0501912309491874,NORMAL,73.59999999999998,-0.0151232827821899,-9.600000000000009,0.19848767172178103,77.40000000000005,Normal,안정,없음,안정,안정
2023-12-01,0.1503174257781174,NORMAL,0.2075879874565743,-0.1446384295698576,5.350169697259482,3.1316129688053396,5.558025107687607,0.5853296523303636,3.253276903926219,bull_flat,-40.60000000000006,-4.40000000000009,-3.600000000000003,0.08531746031746032,0.6428571428571429,0.0501682159119322,NORMAL,72.2,-0.0600355590915341,-11.799999999999985,0.1939964440908466,77.70000000000002,Normal,안정,없음,안정,안정
2023-12-04,0.1419715413673432,NORMAL,0.0432132365038557,-0.422203598245939,5.444021346491264,3.132075148658171,5.574105407710898,0.5753238184263972,3.2069156074754637,bull_flat,-43.000000000000014,-8.400000000000048,-3.900000000000059,0.08333333333333333,0.6448412698412699,0.050145232511791,NORMAL,72.09999999999997,-0.0632272059297889,-12.300000000000068,0.19367727940702112,79.00000000000004,Normal,안정,없음,안정,안정
2023-12-05,0.1345417682058481,NORMAL,0.0100788305472528,-0.5629524550405884,5.450021728590189,3.1334084033894865,5.584761486772773,0.5749350295159349,3.2108750102371606,bull_flat,-47.59999999999995,-7.299999999999951,-4.899999999999993,0.07936507936507936,0.6468253968253969,0.0501222806763408,NORMAL,71.30000000000001,-0.0888902359426228,-13.09999999999998,0.19111097640573774,79.80000000000005,Normal,안정,없음,안정,안정
2023-12-06,0.1277346816277649,NORMAL,0.0223939170366841,-0.6584779962511831,5.469289860571234,3.1347416581208023,5.594623348551536,0.5731533230153938,3.206576963241823,bull_flat,-48.900000000000034,-8.40000000000005,-4.899999999999993,0.07539682539682539,0.6488095238095238,0.0500993603333904,NORMAL,70.69999999999999,-0.1081307840346901,-14.000000000000014,0.189186921596531,79.90000000000003,Normal,안정,없음,안정,안정
2023-12-07,0.1366785001025035,NORMAL,0.1315168492592898,-0.724206654314549,5.520438102370607,3.1373419149490305,5.584724552331224,0.5683139375481416,3.1738768004571405,bull_flat,-36.89999999999998,-3.299999999999989,-5.200000000000005,0.06349206349206349,0.6507936507936508,0.0500764714109795,NORMAL,70.00000000000001,-0.1305830986847979,-14.800000000000011,0.18694169013152023,79.10000000000004,Normal,안정,없음,안정,안정
2023-12-08,0.1272171706607492,NORMAL,0.1633976511707788,-0.6690729450645675,5.450144855631669,3.139942171777258,5.5944674992805945,0.5761208655826342,3.223089458159451,bull_flat,-43.50000000000001,-3.399999999999981,-5.099999999999971,0.07738095238095238,0.6527777777777778,0.0500536138373778,NORMAL,70.6,-0.1112665998390423,-14.300000000000026,0.1888733400160958,79.80000000000005,Normal,안정,없음,안정,안정
2023-12-11,0.1316692872372298,NORMAL,0.0257703146029033,-0.736944407034557,5.428528442647372,3.140329744217825,5.587499112526493,0.578486375708544,3.232292110880157,bull_flat,-43.900000000000006,-4.200000000000031,-4.0999999999999925,0.0992063492063492,0.6547619047619048,0.0500307875410842,NORMAL,71.59999999999998,-0.0790947381721433,-13.400000000000077,0.1920905261827857,79.10000000000004,Normal,안정,없음,안정,안정
2023-12-12,0.1257735643367777,NORMAL,0.0162246689784486,-0.8158586341655161,5.441678823768687,3.140717316658392,5.596253718267097,0.5771596263528207,3.2299317050106215,bull_flat,-45.29999999999998,-4.19999999999998,-3.3000000000000362,0.11904761904761904,0.6567460317460317,0.0500079924508256,NORMAL,72.50000000000001,-0.0501379072623424,-12.199999999999946,0.19498620927376578,80.10000000000002,Normal,안정,없음,안정,안정
2023-12-13,0.0832206861251778,NORMAL,0.0688942436704019,-0.7898518450966173,4.297918712953725,3.1412199708446913,5.5962061254621265,0.7308700281783371,4.090099328608288,bull_flat,-29.000000000000004,-1.0999999999999703,-4.2999999999999705,0.10714285714285714,0.6587301587301587,0.0499852284955561,NORMAL,72.10000000000001,-0.062986419506916,-12.599999999999994,0.1937013580493084,79.90000000000003,Normal,안정,없음,안정,안정
2023-12-14,0.1094404763525222,NORMAL,0.9983426733979448,-1.0305269314307404,5.866521878197365,3.14172262503099,5.640798194804582,0.5355341188971007,3.020839891131028,bull_flat,-46.70000000000001,-2.3999999999999995,-3.8000000000000256,0.11507936507936507,0.621031746031746,0.0499624956044558,NORMAL,72.2,-0.0597512916289345,-11.800000000000026,0.19402487083710657,85.19999999999995,High-Vol,주의,금리,주의,안정
2023-12-15,0.1170327153089744,NORMAL,0.1578337850183146,-1.0027690218596044,5.954644361646139,3.1438968459583,5.6348757247744565,0.5279739065876273,2.9750673495449576,bull_flat,-43.79999999999997,-3.79999999999998,-2.8999999999999915,0.13095238095238096,0.6091269841269841,0.0475333993416501,NORMAL,72.89999999999996,-0.0372102283124521,-9.399999999999991,0.1962789771687548,84.19999999999996,Normal,안정,없음,안정,안정
2023-12-18,0.112743858317939,NORMAL,0.0191469743055878,-1.1436431257255333,5.937700689129096,3.14607106688561,5.639514034192507,0.5298466917750708,2.9880778542359834,bull_flat,-41.900000000000006,-2.9000000000000297,-2.8999999999999915,0.13095238095238096,0.6031746031746031,0.0451057012406965,NORMAL,72.79999999999998,-0.0404179938396419,-7.4000000000000625,0.19595820061603583,83.5,Normal,안정,없음,안정,안정
2023-12-19,0.1115414872353134,NORMAL,0.0145498332389237,-1.10534806429138,5.94128286696258,3.146742187040913,5.640710050473098,0.5296401900907393,2.987546743379315,bull_flat,-39.80000000000001,-4.99999999999998,-2.799999999999958,0.13095238095238096,0.5972222222222222,0.0426792585542714,NORMAL,72.60000000000004,-0.0468452984293414,-6.599999999999952,0.19531547015706588,83.0,Normal,안정,없음,안정,안정
2023-12-20,0.0990880324633345,NORMAL,0.0264125582302055,-1.2081308304249336,5.821005519938788,3.147413307196216,5.652191334170018,0.5406992479933799,3.0561356039004273,bull_flat,-48.20000000000002,-4.800000000000041,-1.1999999999999567,0.15674603174603174,0.5992063492063492,0.0434534196015652,NORMAL,74.29999999999998,0.0079163761621785,-4.100000000000037,0.20079163761621785,83.70000000000002,Normal,안정,없음,안정,안정
2023-12-21,0.1032586161692136,NORMAL,0.0255470665947622,-1.309938424540941,5.856788683588515,3.1474718337013114,5.648570739085757,0.5374057361026082,3.035574315966035,bull_flat,-41.5,-0.7000000000000104,-2.0000000000000018,0.15476190476190477,0.6011904761904762,0.042644326871521,NORMAL,73.89999999999999,-0.0049715687127924,-3.500000000000014,0.19950284312872077,83.60000000000002,Normal,안정,없음,안정,안정
2023-12-22,0.09148430959377,NORMAL,0.0035357020491715,-1.249404557089035,5.519715858438251,3.147530360206407,5.6477903403941125,0.5702341281561855,3.2205628007635627,bull_flat,-47.799999999999976,-3.49999999999997,-3.6000000000000476,0.15476190476190477,0.6031746031746031,0.0426268931689249,NORMAL,73.8,-0.008192475143393,-2.7999999999999545,0.19918075248566072,83.4,Normal,안정,없음,안정,안정
2023-12-26,0.0862522634302225,NORMAL,0.0018293459414849,-1.3230248452425544,5.513963136772334,3.148021479038306,5.654323981847346,0.5709181220389947,3.228156029116338,bull_flat,-49.6,-2.8000000000000003,-2.2999999999999687,0.1626984126984127,0.6051587301587301,0.0427574563758582,NORMAL,74.10000000000001,0.0014797554204117,-1.8000000000000256,0.20014797554204117,83.4,Low-Vol,안정,없음,안정,안정
2023-12-27,0.0842007765101973,NORMAL,0.0917994176637684,-1.42459614982166,5.508376396572385,3.1485125978702047,5.656632132133957,0.5715863207585783,3.233253548291201,bull_flat,-46.60000000000002,-3.8000000000000305,-2.499999999999991,0.15674603174603174,0.6071428571428571,0.0425920898225802,NORMAL,73.8,-0.0081933376909,-1.1000000000000083,0.19918066623091002,83.4,Normal,안정,없음,안정,안정
2023-12-28,0.0696315211201684,NORMAL,0.0442668398870162,-1.5100710137622249,5.463939199785019,3.15073638878217,5.674262791549996,0.576641919607403,3.2720177884762505,bull_flat,-45.80000000000002,-5.80000000000002,-3.000000000000025,0.17857142857142858,0.6091269841269841,0.0451907180288389,NORMAL,74.40000000000002,0.0111599793711634,0.1000000000000369,0.20111599793711635,84.50000000000001,Normal,안정,없음,안정,안정
2023-12-29,0.0583102602053535,NORMAL,0.9999999999848328,-2.619207704610094,5.157273861664757,3.152960179694136,5.674262791549996,0.6113617900206616,3.469027457289642,bull_flat,-51.6,-8.69999999999997,-1.9000000000000572,0.18055555555555555,0.6111111111111112,0.0556730465321536,NORMAL,74.40000000000002,0.0111567493427911,0.8000000000000398,0.20111567493427912,84.50000000000001,High-Vol,주의,금리,주의,안정
2024-01-02,0.1147838303368849,NORMAL,0.9999999999999852,-2.170979819556654,6.123919883280816,3.1534921713680566,5.646610293032936,0.5149466732864263,2.907703185742203,bull_flat,-39.29999999999998,-4.59999999999998,-3.4000000000000252,0.16666666666666666,0.5714285714285714,0.067129292993289,NORMAL,73.99999999999997,-0.0017545916629785,1.7999999999999687,0.19982454083370216,83.29999999999997,High-Vol,주의,금리,주의,안정
2024-01-03,0.1189747764491789,NORMAL,0.9998579617410824,-1.936651061326939,6.092480265825545,3.154024163041978,5.6390767575510345,0.5176913219947213,2.919301101446302,bull_flat,-28.799999999999983,-3.49999999999997,-4.200000000000026,0.16666666666666666,0.5654761904761905,0.0647021988441787,NORMAL,73.90000000000003,-0.004982048223078,1.8000000000000682,0.1995017951776922,82.49999999999997,High-Vol,주의,금리,주의,안정
2024-01-04,0.1109609292737132,NORMAL,0.2677370501511786,-1.9934421675452163,6.101291925313423,3.1551021996868145,5.650652911041449,0.5171203473475393,2.9220675960981386,bull_flat,-29.100000000000037,-3.400000000000029,-3.000000000000025,0.1984126984126984,0.5734126984126984,0.096241548296504,NORMAL,75.0,0.0305372686797998,3.6999999999999886,0.20305372686797998,82.79999999999998,Normal,안정,없음,안정,안정
2024-01-05,0.1257964857629741,NORMAL,0.0341248088305095,-1.7045386891584269,6.2490820378508,3.156180236331651,5.637717130449035,0.505063018410482,2.8474024308490704,bull_flat,-18.900000000000006,-0.8999999999999897,-3.3000000000000362,0.19642857142857142,0.5873015873015873,0.1058155628636983,NORMAL,74.9,0.0272986133856108,4.200000000000017,0.20272986133856108,82.3,Normal,안정,없음,안정,안정
2024-01-08,0.121474280840424,NORMAL,0.0051726982302952,-1.6192869853368732,6.132004051222614,3.1582529179064767,5.637380158071006,0.5150441668864808,2.9034997669360587,bull_flat,-23.20000000000002,-1.8000000000000203,-3.900000000000059,0.19444444444444445,0.5892857142857143,0.1144759466661196,NORMAL,74.79999999999998,0.0240599658540121,4.799999999999969,0.20240599658540123,83.4,Normal,안정,없음,안정,안정
2024-01-09,0.1166104777923588,NORMAL,0.0190599823719828,-1.8379380550640612,6.095077824294825,3.160325599481302,5.64273110382119,0.5185045524577758,2.9257817656263776,bull_flat,-21.099999999999987,-0.49999999999998934,-4.20000000000007,0.1984126984126984,0.6329365079365079,0.1096957326095196,NORMAL,74.89999999999996,0.0272847211546755,4.299999999999969,0.20272847211546757,86.7,Normal,안정,없음,안정,안정
2024-01-10,0.1193504706567203,NORMAL,0.1143746135269317,-1.8354432180860287,6.065259138821082,3.1605025366992994,5.637641258400823,0.5210828530755264,2.9376781915438017,bull_flat,-21.999999999999975,-0.8999999999999897,-4.800000000000004,0.1984126984126984,0.6349206349206349,0.0928544727964001,NORMAL,74.80000000000003,0.0240442199261236,3.200000000000045,0.20240442199261238,85.4,Normal,안정,없음,안정,안정
2024-01-11,0.1128505104405306,NORMAL,0.2415606625595415,-1.999924357958292,6.065259138821082,3.1606794739172965,5.646716614443288,0.5211120253192751,2.942571931356542,bull_flat,-22.00000000000002,-0.09999999999999037,-4.699999999999971,0.21031746031746032,0.6706349206349206,0.0835737254991076,NORMAL,74.9,0.027270854029588,2.3999999999999915,0.2027270854029588,86.50000000000003,Normal,안정,없음,안정,안정
2024-01-12,0.1127136435718011,NORMAL,0.0578218965879749,-2.171204064160045,6.06608128079926,3.1608022775160824,5.647478330437994,0.5210616427974435,2.9426843365209847,bull_steep,-21.899999999999984,4.19999999999998,-5.000000000000071,0.20436507936507936,0.6845238095238095,0.0919682421804373,NORMAL,74.89999999999996,0.0272629970748121,2.7999999999999545,0.2027262997074812,87.50000000000004,Normal,안정,없음,안정,안정
2024-01-15,0.0453992623879697,NORMAL,0.0172755839226188,-2.417476033600644,4.30158783413019,3.1609250811148684,5.650484865801191,0.7348275109100564,4.152131729371633,neutral,-3.89999999999997,2.8000000000000496,-5.399999999999938,0.2003968253968254,0.8492063492063492,0.1091993828336596,NORMAL,74.80000000000003,0.0240197175965559,2.6000000000000227,0.2024019717596556,88.20000000000002,Normal,안정,없음,안정,안정
2024-01-16,0.050651920495663,NORMAL,0.0126187772926708,-2.262015434744179,4.31235678633292,3.162289848318605,5.643419867877213,0.7333089549410191,4.138370325606424,neutral,-3.600000000000003,1.0000000000000204,-5.7999999999999385,0.19444444444444445,0.8611111111111112,0.1216771665048986,NORMAL,74.70000000000003,0.0207764444224688,1.8000000000000682,0.20207764444224688,87.90000000000005,Normal,안정,없음,안정,안정
2024-01-17,0.0623637509563015,NORMAL,0.0074045327768099,-2.2620154347441783,4.416985754776072,3.1636546155223417,5.632703656689236,0.7162474119599531,4.034409416441029,neutral,3.3000000000000362,3.30000000000003,-5.799999999999983,0.20634920634920634,0.8690476190476191,0.1407171975730324,NORMAL,74.80000000000003,0.024007764889192,2.000000000000042,0.20240077648891922,88.00000000000003,Normal,안정,없음,안정,안정
2024-01-18,0.0641412149828627,NORMAL,0.0022864165292101,-2.039333147541489,4.415570535943769,3.163820970001459,5.630244432563386,0.7165146483896525,4.034152609945953,bear_steep,5.200000000000005,6.29999999999997,-5.700000000000038,0.21825396825396826,0.8928571428571429,0.1703353871993058,NORMAL,74.89999999999996,0.0272390905426663,2.299999999999926,0.20272390905426665,88.20000000000002,Low-Vol,안정,없음,안정,안정
2024-01-19,0.0679817593047953,NORMAL,0.0018395644499986,-1.9574946684380663,4.330540260448854,3.1639873244805763,5.621076677544329,0.7306218472040331,4.106881425422946,bear_steep,14.200000000000035,6.70000000000006,-5.500000000000016,0.24206349206349206,0.8968253968253969,0.1575248173553359,NORMAL,75.1,0.0337095772313167,0.8000000000000114,0.20337095772313168,88.20000000000002,Low-Vol,안정,없음,안정,안정
2024-01-22,0.0661627641836947,NORMAL,0.0010787461443627,-2.421351361743721,4.505537528536706,3.1667981496007673,5.6320612358917685,0.7028679995545991,3.9585956142402505,neutral,7.499999999999973,3.2999999999999905,-4.999999999999938,0.24801587301587302,0.8988095238095238,0.1653070662039887,NORMAL,75.20000000000002,0.0369399806260692,1.3000000000000256,0.20369399806260693,89.4,Low-Vol,안정,없음,안정,안정
2024-01-23,0.0661912243005058,NORMAL,0.0123982186985514,-2.212943941011533,4.506308443668021,3.1696089747209584,5.631868640105728,0.7033715100382647,3.9612959497283144,neutral,7.099999999999973,1.8999999999999697,-5.599999999999961,0.26587301587301587,0.9007936507936508,0.1722375908801204,NORMAL,75.50000000000003,0.0466524176747516,1.7000000000000313,0.20466524176747516,88.80000000000004,Normal,안정,없음,안정,안정
2024-01-24,0.0693400824032108,NORMAL,0.0089793426412604,-2.2251222075913617,4.465478697743391,3.175507327716211,5.625766759645786,0.7111236090591898,4.000615561844535,bear_steep,12.9,5.00000000000002,-6.49999999999995,0.24603174603174602,0.9027777777777778,0.1603988266262455,NORMAL,75.10000000000004,0.033671242945488,1.0000000000000284,0.2033671242945488,88.50000000000003,Normal,안정,없음,안정,안정
2024-01-25,0.0720738699930955,NORMAL,0.0069956420603626,-2.2079864814803964,4.454149455105998,3.1814056807114635,5.621548514684001,0.7142566078613438,4.01522817302617,bear_steep,15.900000000000025,6.600000000000031,-7.500000000000062,0.2003968253968254,0.9047619047619048,0.1593844235681326,NORMAL,74.79999999999998,0.0239329598300911,0.9999999999999858,0.20239329598300912,88.40000000000003,Normal,안정,없음,안정,안정
2024-01-26,0.0538168941335426,NORMAL,0.0255655485717862,-2.1992976071137424,4.107666132079333,3.183936889967436,5.629538578517336,0.7751206616092973,4.363571667535421,bear_steep,20.30000000000003,9.40000000000003,-8.200000000000074,0.19444444444444445,0.9067460317460317,0.1485188544596219,NORMAL,74.69999999999999,0.0206822979922545,0.2999999999999687,0.20206822979922545,89.20000000000003,Normal,안정,없음,안정,안정
2024-01-29,0.0653046919325717,NORMAL,0.0263522994226233,-1.825363586433548,4.193889665491427,3.1864680992234087,5.618275069574778,0.7597882522858475,4.268699395973369,bear_steep,25.30000000000001,10.300000000000018,-8.499999999999952,0.2003968253968254,0.9087301587301587,0.14847783120865,NORMAL,74.70000000000003,0.0206763786278759,0.3000000000000113,0.2020676378627876,88.00000000000003,Normal,안정,없음,안정,안정
2024-01-30,0.0400445431463192,NORMAL,0.1139393434506415,-1.865937510281394,3.892584042293211,3.1866084893662707,5.636839580491588,0.8186357583403558,4.614518444618665,neutral,4.400000000000004,1.60000000000005,-9.899999999999931,0.17857142857142858,0.9107142857142857,0.1501561457981101,NORMAL,74.10000000000005,0.0011964570070336,0.1000000000000795,0.20011964570070337,88.40000000000003,Normal,안정,없음,안정,안정
2024-01-31,0.0392115620771567,NORMAL,0.0652224236260465,-1.764337223506149,3.830937084757251,3.1867488795091323,5.638040415965244,0.8318457883813203,4.689980174744355,neutral,0.7000000000000117,2.400000000000001,-10.300000000000065,0.1746031746031746,0.9126984126984127,0.15828248954975,NORMAL,74.09999999999997,0.0011961151130563,0.1999999999999318,0.20011961151130564,88.10000000000002,Normal,안정,없음,안정,안정
2024-02-01,0.0382115599738159,NORMAL,0.0088525180239732,-1.7772116806426157,3.648572179273472,3.188185103322997,5.639135064402008,0.8738171938694795,4.9275731778267495,neutral,5.100000000000016,1.1000000000000094,-10.999999999999943,0.14682539682539683,0.9146825396825397,0.1551226602932647,NORMAL,73.40000000000005,-0.0215369179057074,-1.5999999999999517,0.19784630820942928,87.80000000000001,Normal,안정,없음,안정,안정
2024-02-02,0.0295404550689,NORMAL,0.1188056411778624,-1.81780390700652,3.614921561353275,3.1896213271368614,5.650354079502663,0.8823486963691686,4.985582556073388,neutral,-5.699999999999994,-2.20000000000002,-11.299999999999999,0.14682539682539683,0.9166666666666666,0.148415846653672,NORMAL,73.4,-0.0215307677983657,-1.5,0.19784692322016345,87.90000000000005,Normal,안정,없음,안정,안정
2024-02-05,0.0530414477589515,NORMAL,0.052684883721545,-1.3898579171863512,4.136805276386213,3.190437911953677,5.630830824284102,0.7712323154694741,4.342678694629515,neutral,3.000000000000025,1.50000000000005,-11.300000000000043,0.15674603174603174,0.9444444444444444,0.1574556141001036,NORMAL,73.49999999999999,-0.0182752387887015,-1.2999999999999972,0.19817247612112987,85.60000000000004,Normal,안정,없음,안정,안정
2024-02-06,0.0531783577511256,NORMAL,0.0105374315903618,-1.4323493384372192,4.104487274858292,3.191254496770493,5.629664014369913,0.7775038106021832,4.377085223582592,neutral,5.900000000000016,2.2000000000000295,-11.300000000000043,0.16468253968253968,0.9464285714285714,0.1507460047938879,NORMAL,73.59999999999998,-0.0150197137373445,-1.299999999999983,0.19849802862626556,86.40000000000003,Normal,안정,없음,안정,안정
2024-02-07,0.0515875143995814,NORMAL,0.0177592915533808,-1.5397246780733016,4.07939624015742,3.196882923423468,5.630632343510156,0.7836657032610549,4.412533455281328,neutral,3.200000000000003,1.5000000000000098,-11.700000000000044,0.14682539682539683,0.9484126984126984,0.150703140225185,NORMAL,73.30000000000001,-0.0247691558903671,-1.5000000000000142,0.1975230844109633,86.70000000000005,Normal,안정,없음,안정,안정
2024-02-08,0.0518274690502401,NORMAL,0.0341378789137526,-1.4208061598752089,3.986856696169231,3.202511350076443,5.625646451556899,0.803267233847049,4.518897463743577,neutral,9.299999999999997,1.4999999999999694,-11.799999999999988,0.14087301587301587,0.9503968253968254,0.1439936868243733,NORMAL,72.89999999999996,-0.0377707658585014,-2.000000000000042,0.19622292341414987,86.20000000000002,Normal,안정,없음,안정,안정
2024-02-13,0.0543519947816833,NORMAL,0.0202953342833684,-0.949697927718178,4.126968429858967,3.202603791305793,5.613611039585927,0.7760184856600024,4.356265938023743,bear_flat,14.69999999999998,-0.2000000000000196,-12.600000000000033,0.10515873015873016,0.9523809523809523,0.1372843110228319,NORMAL,72.09999999999997,-0.0637847132049437,-2.799999999999997,0.19362152867950563,85.50000000000004,Normal,안정,없음,안정,안정
2024-02-14,0.0651248444360553,NORMAL,0.0469773540827558,-0.7714913852599206,4.19830479573538,3.202696232535144,5.60185837475886,0.7628546254641705,4.273403572379998,bear_flat,20.899999999999963,-2.5000000000000395,-12.400000000000011,0.10317460317460317,0.9186507936507936,0.108162245038561,NORMAL,71.60000000000002,-0.0800365252683763,-3.200000000000003,0.19199634747316238,83.70000000000002,Normal,안정,없음,안정,안정
2024-02-15,0.0627538052419766,NORMAL,0.0179625590519271,-0.827531950474534,4.246097279298145,3.2031460370264195,5.607448249320852,0.7543741526232486,4.230114021460136,bear_flat,15.49999999999998,-1.500000000000011,-11.099999999999932,0.09126984126984126,0.9206349206349206,0.0947892710728665,NORMAL,71.20000000000002,-0.093033309876121,-3.500000000000014,0.1906966690123879,85.00000000000001,Normal,안정,없음,안정,안정
2024-02-16,0.0598283770317392,NORMAL,0.0082042322688368,-0.7111325999441735,4.144403328269145,3.2035958415176946,5.606425523172032,0.7729932604932142,4.333729144869123,bear_flat,11.299999999999999,-1.4999999999999596,-9.200000000000008,0.0873015873015873,0.9226190476190477,0.0880830328671326,NORMAL,71.00000000000004,-0.0995183179283401,-3.799999999999983,0.190048168207166,84.90000000000002,Normal,안정,없음,안정,안정
2024-02-19,0.0581938182396012,NORMAL,0.0070541326395893,-0.6758121176464917,4.16745220665298,3.205034778198393,5.609686776629371,0.7690633555633416,4.31420453609389,neutral,8.700000000000019,-2.4999999999999494,-8.69999999999993,0.07539682539682539,0.8948412698412699,0.0656306901125741,NORMAL,70.50000000000006,-0.1157735106468683,-4.399999999999906,0.1884226489353132,85.00000000000001,Normal,안정,없음,안정,안정
2024-02-20,0.0591961178041239,NORMAL,0.0303577681452052,-0.7146623836428574,4.095732695842028,3.2064737148790914,5.6049943083348595,0.7828815874957589,4.388046842013888,neutral,6.699999999999973,-3.100000000000019,-8.399999999999963,0.06746031746031746,0.8968253968253969,0.0655940060336891,NORMAL,70.00000000000006,-0.1320284644353926,-5.0999999999999375,0.18679715355646076,84.10000000000002,Normal,안정,없음,안정,안정
2024-02-21,0.0504861369492324,NORMAL,0.0070871310069257,-0.627375762586114,3.927085433244344,3.206777348123574,5.608134052241097,0.8165794716297551,4.579487141207872,bear_flat,10.200000000000031,-2.199999999999981,-8.60000000000003,0.03571428571428571,0.8908730158730159,0.0631443468680208,NORMAL,68.79999999999997,-0.1710928322846245,-6.400000000000048,0.18289071677153756,83.90000000000003,Normal,안정,없음,안정,안정
2024-02-22,0.049165234819516,NORMAL,0.0226493104935978,-0.946367868329826,4.115874275610409,3.2070809813680574,5.6198242896544235,0.7791979945481761,4.378955816211855,neutral,5.200000000000005,-0.40000000000000036,-8.499999999999996,0.015873015873015872,0.8928571428571429,0.0631103820053769,NORMAL,68.09999999999997,-0.1938587778084592,-7.4000000000000625,0.1806141222191541,84.90000000000002,Normal,안정,없음,안정,안정
2024-02-23,0.0589643227962212,NORMAL,0.0100809843507939,-0.7902508957687655,4.182847179412096,3.2092539736795747,5.610034281475408,0.7672415070470348,4.304251156704721,neutral,6.800000000000006,-0.60000000000002,-8.800000000000052,0.003968253968253968,0.8948412698412699,0.0630764719024684,NORMAL,67.09999999999998,-0.2264044937905242,-8.000000000000057,0.1773595506209476,83.50000000000004,Normal,안정,없음,안정,안정
2024-02-26,0.0575060519579558,NORMAL,0.3600894183142731,-0.8490719734930421,4.4399235413046805,3.2114269659910915,5.624393385663526,0.723306817361861,4.068162079375387,neutral,-1.6999999999999904,-4.39999999999996,-8.400000000000007,0.003968253968253968,0.8968253968253969,0.0630426164122979,NORMAL,66.5,-0.2459037962279702,-8.299999999999983,0.17540962037720298,84.10000000000002,Normal,안정,없음,안정,안정
2024-02-27,0.0613273017544138,NORMAL,0.7300526345372206,-0.5637445149064363,4.41690532291319,3.2145787254633724,5.6180638341902975,0.7277898189909994,4.088769660965236,bear_flat,4.400000000000004,-5.700000000000001,-8.19999999999994,0.003968253968253968,0.8988095238095238,0.0630088153884194,NORMAL,66.10000000000005,-0.2588778502450444,-8.599999999999937,0.17411221497549556,83.50000000000004,High-Vol,주의,금리,주의,안정
2024-02-28,0.0582730409739018,NORMAL,0.4151253790768947,-0.6957432854111767,4.28007624132782,3.2177304849356534,5.615721919991108,0.7517927960875314,4.221859284280155,neutral,0.6000000000000227,-4.899999999999999,-8.000000000000007,0.003968253968253968,0.9007936507936508,0.0629750686849365,NORMAL,65.59999999999997,-0.2751137489983177,-9.100000000000064,0.17248862510016824,83.0,Normal,안정,없음,안정,안정
2024-02-29,0.049540844622081,NORMAL,0.0596207803808172,-0.6033708315954661,3.819599731027205,3.2180984694885018,5.608337514515482,0.8425224358844162,4.725150183991537,bear_steep,12.5,0.8000000000000007,-6.999999999999984,0.003968253968253968,0.9186507936507936,0.0653548639261016,NORMAL,65.20000000000002,-0.2880846440622734,-8.900000000000034,0.17119153559377268,81.60000000000002,Normal,안정,없음,안정,안정
2024-03-04,0.0450621056614706,NORMAL,0.0880200487685831,-0.5238386885327146,3.9577339343034144,3.21846645404135,5.617339022278162,0.8132094040343366,4.5680729185656475,neutral,8.899999999999997,-0.99999999999998,-7.299999999999951,0.003968253968253968,0.9523809523809523,0.0677320214672684,NORMAL,64.80000000000001,-0.3010543577669077,-9.299999999999956,0.16989456422330923,81.4,Normal,안정,없음,안정,안정
2024-03-05,0.0427083876845415,NORMAL,0.9407802969586584,-0.4663844274868489,4.006639226925329,3.219110224610376,5.622737804534512,0.8034439944024364,4.517554921152794,neutral,6.999999999999984,-1.2000000000000393,-7.000000000000028,0.003968253968253968,0.9503968253968254,0.0676931495546917,NORMAL,64.29999999999998,-0.3172880514307473,-9.100000000000064,0.16827119485692527,80.90000000000002,High-Vol,주의,금리,주의,안정
2024-03-06,0.0339161550833799,NORMAL,0.9999881136605157,-0.418988180737139,3.865107065991691,3.2197539951794028,5.629076060548544,0.8330309976428282,4.689194846526115,neutral,9.399999999999986,1.6999999999999897,-6.999999999999984,0.003968253968253968,0.9484126984126984,0.0676543445046014,NORMAL,63.7,-0.3367859804256546,-9.700000000000005,0.16632140195743456,81.20000000000003,High-Vol,주의,금리,주의,안정
2024-03-07,0.0369242633661024,NORMAL,0.2006333987213631,-0.4910642840108902,3.3677846849539628,3.2202381862348894,5.62546726656096,0.9561888563190345,5.37900911187309,neutral,2.499999999999991,1.5999999999999606,-6.200000000000028,0.007936507936507936,0.9464285714285714,0.0676156061255225,NORMAL,63.79999999999999,-0.3334133235610673,-9.699999999999996,0.16665866764389328,81.0,Normal,안정,없음,안정,안정
2024-03-08,0.0260782699212001,NORMAL,0.9684836750868114,-0.549911648412304,3.6725725961080937,3.220722377290376,5.64007176850868,0.8769662935195472,4.9461528340132945,neutral,-4.800000000000004,-2.7000000000000206,-6.699999999999973,0.011904761904761904,0.9444444444444444,0.0675769342267468,NORMAL,63.90000000000002,-0.3300411705023872,-9.69999999999996,0.16699588294976128,82.00000000000003,High-Vol,주의,금리,주의,안정
2024-03-11,0.0274205366976536,NORMAL,0.779020775100411,-0.6185930197999601,3.6796166848420975,3.2221495873207933,5.638322766643769,0.8756753388455365,4.9373401992012855,neutral,-3.600000000000003,-2.49999999999999,-7.699999999999951,0.013888888888888888,0.9900793650793651,0.0699514666283501,NORMAL,63.90000000000002,-0.3299380531284412,-9.399999999999991,0.16700619468715588,81.50000000000004,High-Vol,주의,금리,주의,안정
2024-03-12,0.0262468519169889,NORMAL,0.0433867842376135,-0.5328118142847402,3.637795023304486,3.2235767973512104,5.639816971080309,0.8861348087784755,4.997638133213851,neutral,-6.499999999999995,-3.2999999999999896,-8.10000000000004,0.023809523809523808,1.0,0.0789896647015533,NORMAL,64.39999999999996,-0.3134881523168097,-8.5,0.16865118476831903,81.0,Normal,안정,없음,안정,안정
2024-03-13,0.0255757758466406,NORMAL,0.0192123516199818,-0.5383637643694806,3.388665317138724,3.2247702728192036,5.64117351638626,0.9516343371265983,5.36833441988236,bull_flat,-12.199999999999989,-1.99999999999996,-7.299999999999995,0.02976190476190476,1.0,0.088024662605567,NORMAL,64.80000000000001,-0.3003103226165776,-7.299999999999954,0.16996896773834225,81.20000000000003,Normal,안정,없음,안정,안정
2024-03-14,0.0386415417824259,NORMAL,0.0085618459804663,0.0720864986634817,3.211394188133699,3.2235767973512104,5.635893642992011,1.003793557720982,5.657273730836017,bull_steep,-14.799999999999969,0.40000000000000036,-7.299999999999995,0.03571428571428571,1.0,0.1037229223421828,NORMAL,64.9,-0.2969471498914278,-6.700000000000017,0.17030528501085723,80.50000000000001,Normal,안정,없음,안정,안정
2024-03-15,0.0604274077589462,NORMAL,0.0077823215504335,0.1681762026609139,3.477487750177063,3.2247702728192036,5.6235181115744295,0.9273275722265328,5.214843397778252,neutral,-6.699999999999973,3.00000000000003,-8.399999999999963,0.027777777777777776,0.998015873015873,0.1036723205617943,NORMAL,64.5,-0.3099439911743549,-6.700000000000017,0.16900560088256453,80.50000000000001,Normal,안정,없음,안정,안정
2024-03-18,0.0841260402688495,NORMAL,0.0087241254870507,0.3201429395011234,3.531106133538857,3.225963748287197,5.617422183244395,0.9135844764468044,5.131989704259996,neutral,-4.700000000000015,0.9999999999999704,-8.299999999999974,0.02976190476190476,0.996031746031746,0.1036218183573865,NORMAL,64.5,-0.3098485456365779,-6.500000000000043,0.16901514543634222,80.70000000000005,Normal,안정,없음,안정,안정
2024-03-19,0.1087984709444429,NORMAL,0.0335732826354768,0.4629071310399824,3.623298148604963,3.2260759099707235,5.608999429428122,0.8903699827221844,4.994084725068659,neutral,0.49999999999998934,1.8999999999999697,-8.700000000000019,0.015873015873015872,0.9940476190476191,0.1102380820694532,NORMAL,63.90000000000002,-0.3293945333841873,-6.600000000000037,0.16706054666158127,80.80000000000003,Normal,안정,없음,안정,안정
2024-03-20,0.1168947668311888,NORMAL,0.0099623437182379,0.5555858995105362,3.61501255730511,3.2261880716542506,5.613588480795605,0.8924417330542505,5.009800632454607,neutral,-3.799999999999981,-0.40000000000000036,-10.799999999999965,0.003968253968253968,0.9920634920634921,0.1101877780399822,NORMAL,63.50000000000002,-0.3423894592155012,-6.500000000000036,0.16576105407844988,82.40000000000003,Normal,안정,없음,안정,안정
2024-03-21,0.0862966298662362,NORMAL,0.0102273341403653,0.3672854039861969,3.704801294479759,3.226481694402122,5.623360692205366,0.870891969080678,4.897339666085616,neutral,-6.300000000000017,3.2999999999999905,-10.299999999999976,0.007936507936507936,0.9484126984126984,0.0895701426754805,NORMAL,63.60000000000001,-0.3390070126669145,-5.19999999999996,0.16609929873330856,81.89999999999999,Normal,안정,없음,안정,안정
2024-03-22,0.0559732475265401,NORMAL,0.0200727701959119,0.1939474606474625,3.698207247046223,3.2267753171499933,5.633978436600511,0.8725241993204235,4.915782524383392,neutral,-6.199999999999983,-0.3999999999999601,-10.399999999999965,0.003968253968253968,0.9464285714285714,0.0895293997191165,NORMAL,63.400000000000034,-0.345452988568546,-4.699999999999932,0.16545470114314542,81.5,Normal,안정,없음,안정,안정
2024-03-25,0.0730687636428957,NORMAL,0.0042179130322331,0.3162948052443254,3.541171379196726,3.2271015019874705,5.632184571804813,0.9113090433707,5.13266073421866,neutral,-9.799999999999986,-1.3999999999999804,-11.60000000000001,0.003968253968253968,0.9444444444444444,0.0894887282742752,NORMAL,62.5,-0.3748353199848553,-4.59999999999998,0.16251646800151448,81.19999999999999,Normal,안정,없음,안정,안정
2024-03-26,0.0932094461332343,NORMAL,0.0015309419629759,0.4366629232097774,3.2989432119679494,3.227427686824948,5.626359826840993,0.9783216865074984,5.504389834693117,neutral,-0.5000000000000338,3.39999999999994,-11.60000000000001,0.003968253968253968,0.9424603174603174,0.0894481281319929,NORMAL,62.19999999999999,-0.3845480886255668,-4.300000000000011,0.16154519113744334,79.70000000000002,Low-Vol,안정,없음,안정,안정
2024-03-27,0.1122968499847478,NORMAL,0.0040678848923907,0.6240510042941514,3.269359344935291,3.2288458243321374,5.6316144118544935,0.9876081163528522,5.561828101317192,neutral,-5.699999999999994,1.9000000000000197,-12.9,0.003968253968253968,0.9742063492063492,0.0984855716094781,NORMAL,61.50000000000002,-0.407372239721169,-4.60000000000003,0.1592627760278831,79.80000000000001,Low-Vol,안정,없음,안정,안정
2024-03-28,0.1146438323669626,NORMAL,0.015001286903357,0.6372224766208398,3.2550972174017727,3.230263961839327,5.63066986841887,0.9923709634754726,5.587713282335147,neutral,-6.500000000000039,0.09999999999995013,-13.400000000000034,0.003968253968253968,0.8908730158730159,0.0802862805364128,NORMAL,60.99999999999999,-0.4236342061341684,-4.59999999999998,0.15763657938658315,78.00000000000003,Normal,안정,없음,안정,안정
2024-03-29,0.0861492458698659,NORMAL,0.0608925428345661,0.3805350102915737,3.2733211848132617,3.2321040537182437,5.622564790956134,0.9874081616902591,5.551766364222372,neutral,-6.200000000000028,0.09999999999994041,-13.599999999999968,0.003968253968253968,0.8888888888888888,0.0735820175669006,NORMAL,60.400000000000006,-0.4431725835000505,-4.800000000000011,0.15568274164999496,77.20000000000002,Normal,안정,없음,안정,안정
2024-04-01,0.0528319040156362,NORMAL,0.0329888039150256,0.1527681684746337,3.224295108604104,3.230263961839327,5.6298940383698115,1.0018512118258949,5.640316164792177,neutral,-5.300000000000038,1.5999999999999597,-13.400000000000034,0.007936507936507936,0.9563492063492064,0.0759558346765591,NORMAL,60.5,-0.4397440482579016,-4.300000000000011,0.15602559517420986,78.10000000000001,Normal,안정,없음,안정,안정
2024-04-02,0.1014260852749093,NORMAL,0.0174591983224245,0.4893909442289132,3.339650155015441,3.2321040537182437,5.619835311581177,0.9677971954230936,5.43886085328793,neutral,1.6000000000000014,3.1999999999999993,-15.700000000000003,0.003968253968253968,0.9543650793650794,0.0759155847082719,NORMAL,59.3,-0.4789706104533934,-4.999999999999986,0.15210293895466068,77.30000000000001,Normal,안정,없음,안정,안정
2024-04-03,0.0936054702975162,NORMAL,0.0102166253882058,0.3916569153365961,3.316382778999136,3.23394414559716,5.614104377110706,0.975142002930417,5.474548986956155,bear_steep,7.100000000000017,5.50000000000001,-16.300000000000026,0.003968253968253968,0.9722222222222222,0.0849531696168657,NORMAL,58.59999999999999,-0.5017782996740576,-5.100000000000016,0.14982217003259424,77.50000000000003,Normal,안정,없음,안정,안정
2024-04-04,0.0966435799625811,NORMAL,0.0121749871903959,0.4097711409966992,3.2992662661168715,3.234954897507375,5.613151972947698,0.980507372420963,5.503736891994492,neutral,5.799999999999983,4.09999999999999,-16.69999999999998,0.003968253968253968,0.9484126984126984,0.0758324716395532,NORMAL,58.1,-0.5180148564449367,-5.699999999999996,0.14819851435550635,76.80000000000003,Normal,안정,없음,안정,안정
2024-04-05,0.0913076922380082,NORMAL,0.0096987079831759,0.3985030247088867,2.9656764560729125,3.23394414559716,5.618289322570599,1.0904575038773723,6.126505750751229,neutral,9.899999999999975,4.099999999999951,-17.599999999999973,0.003968253968253968,1.0,0.1121019417045396,NORMAL,57.3,-0.544095395958289,-6.600000000000023,0.14559046040417112,77.50000000000003,Normal,안정,없음,안정,안정
2024-04-08,0.114058380680963,NORMAL,0.0138866900137976,0.5065105516308837,3.170273107943116,3.2321040537182437,5.60572682021891,1.019503349922822,5.715057271965389,bear_steep,14.59999999999999,3.79999999999998,-18.600000000000037,0.003968253968253968,1.0,0.1235359099229657,NORMAL,56.19999999999998,-0.5800175880954018,-7.700000000000038,0.14199824119045984,76.20000000000005,Normal,안정,없음,안정,안정
2024-04-09,0.140673469416301,NORMAL,0.045000166238234,0.7064792982381467,3.156180236331642,3.230263961839327,5.602470009169787,1.023472590270634,5.733974492198545,bear_steep,16.800000000000015,5.00000000000003,-18.700000000000028,0.005952380952380952,0.996031746031746,0.1077333206316417,NORMAL,56.19999999999998,-0.5798017296653869,-8.199999999999982,0.14201982703346133,76.00000000000003,Normal,안정,없음,안정,안정
2024-04-11,0.1882440772827692,NORMAL,0.0387910466829457,0.9676233067539238,3.5407551974714337,3.2321040537182437,5.583974160030805,0.9128290077852297,5.097213591999281,bear_steep,25.4,3.89999999999997,-19.899999999999984,0.003968253968253968,0.9940476190476191,0.1010107347455747,NORMAL,54.99999999999999,-0.6190014780420685,-9.800000000000026,0.13809985219579315,74.30000000000004,Normal,안정,없음,안정,안정
2024-04-12,0.1650715701843801,NORMAL,0.017014873609313,0.8378146440574005,3.7720021208901686,3.23394414559716,5.595043425254589,0.8573548057374818,4.796937368951923,bear_steep,18.39999999999997,5.399999999999988,-19.00000000000004,0.007936507936507936,0.9880952380952381,0.0942882644387913,NORMAL,55.79999999999998,-0.5924820487244197,-9.100000000000025,0.14075179512755803,75.59999999999998,Normal,안정,없음,안정,안정
2024-04-15,0.1663815878813985,NORMAL,0.0050926372014371,0.8185807806792,3.6258538014478208,3.234954897507375,5.589474366059167,0.8921912119610675,4.986879908879648,bear_steep,15.09999999999998,1.8999999999999697,-20.40000000000002,0.003968253968253968,0.9861111111111112,0.0942325759803361,NORMAL,54.30000000000001,-0.6415452368975866,-10.199999999999989,0.13584547631024135,75.29999999999997,Normal,안정,없음,안정,안정
2024-04-16,0.1797224592962716,NORMAL,0.0477584621987678,0.8479957449191877,3.774467546973721,3.2359656494175906,5.577209697385447,0.8573303675672378,4.781511239859029,bear_steep,18.299999999999983,6.199999999999989,-20.70000000000003,0.003968253968253968,0.9841269841269841,0.0941770023078311,NORMAL,54.1,-0.6478659278643815,-10.400000000000006,0.13521340721356184,74.79999999999998,Normal,안정,없음,안정,안정
2024-04-17,0.1832794006550388,NORMAL,0.0157746049947828,0.8579598662626764,3.719790599652497,3.2387688588357735,5.574231347494626,0.8706858012755716,4.853404087288768,bear_steep,16.000000000000014,6.8000000000000105,-21.70000000000001,0.003968253968253968,0.996031746031746,0.1031961212929279,NORMAL,53.19999999999996,-0.6771901327766143,-10.70000000000006,0.13228098672233857,75.79999999999995,Normal,안정,없음,안정,안정
2024-04-18,0.1296271923678566,NORMAL,0.0245960010074374,0.466136748302179,4.066095372583791,3.2415720682539564,5.589582727781785,0.7972198808003135,4.456126475965686,bear_steep,11.099999999999977,5.499999999999979,-21.799999999999997,0.007936507936507936,0.9940476190476191,0.1031370764128978,NORMAL,53.29999999999999,-0.6736289086758224,-10.200000000000031,0.13263710913241777,77.59999999999998,Normal,안정,없음,안정,안정
2024-04-19,0.1587977721030235,NORMAL,0.012563213584069,0.712543265360089,3.933044889810325,3.242941439103561,5.584332350620591,0.8245371029212827,4.604489218130299,bear_steep,17.200000000000017,1.00000000000003,-23.799999999999997,0.003968253968253968,0.9920634920634921,0.1230781570905095,NORMAL,51.40000000000002,-0.7358190523247446,-12.199999999999989,0.12641809476752552,76.49999999999997,Normal,안정,없음,안정,안정
2024-04-22,0.1954952950397089,NORMAL,0.0126264322652718,0.9180457031428112,3.8940440351090486,3.244310809953166,5.569705052587276,0.8331469240466133,4.6403826324099695,bear_steep,28.799999999999983,5.999999999999971,-24.800000000000022,0.003968253968253968,0.9702380952380952,0.1139458816423557,NORMAL,50.70000000000001,-0.7585186014976362,-12.700000000000024,0.12414813985023639,74.89999999999996,Normal,안정,없음,안정,안정
2024-04-23,0.1726235312802076,NORMAL,0.0128279805253707,0.7418498438429604,3.9912898587852577,3.244408143414225,5.575313016609,0.8128720935346087,4.532016363921712,bear_steep,25.49999999999999,5.600000000000009,-24.800000000000022,0.003968253968253968,0.9682539682539683,0.1138908908997856,NORMAL,50.30000000000001,-0.7713396155812081,-12.199999999999989,0.1228660384418792,76.59999999999995,Normal,안정,없음,안정,안정
2024-04-24,0.1759350970770293,NORMAL,0.0029643317987015,0.7450173123222843,3.9811926274474647,3.244505476875284,5.570787618999087,0.8149581747204966,4.539958909735037,bear_steep,24.800000000000022,4.00000000000005,-25.30000000000002,0.003968253968253968,0.9662698412698413,0.1138360125615367,NORMAL,49.49999999999996,-0.7973054568158627,-12.700000000000031,0.12026945431841374,76.09999999999997,Low-Vol,안정,없음,안정,안정
2024-04-25,0.2270737716844633,NORMAL,0.0222511317067985,1.0473133979789195,4.031468323341412,3.245367028929844,5.557465635915955,0.8050086888044747,4.47380812464463,bear_steep,33.39999999999996,7.899999999999931,-26.10000000000002,0.003968253968253968,0.9484126984126984,0.0980418291025517,NORMAL,48.59999999999997,-0.8265412688060377,-12.900000000000048,0.11734587311939623,75.1,Normal,안정,없음,안정,안정
2024-04-26,0.20088121559189,NORMAL,0.0087616736933042,0.8497280490418873,4.077315293180053,3.2462285809844045,5.560370907911459,0.7961681517282289,4.42699022867528,bear_steep,31.700000000000017,7.900000000000021,-26.600000000000097,0.003968253968253968,0.9464285714285714,0.1113239935676662,NORMAL,48.09999999999994,-0.8426000124208214,-12.900000000000048,0.11573999875791786,75.99999999999997,Normal,안정,없음,안정,안정
2024-04-29,0.2456277911495338,NORMAL,0.0025376243061692,1.2230651803646466,4.051052494820254,3.2469883943756193,5.557854467740345,0.8015172349722139,4.454716145361207,bear_steep,29.100000000000037,6.1000000000000405,-26.900000000000055,0.003968253968253968,0.9444444444444444,0.1112729252337794,NORMAL,47.2,-0.8718015761055248,-13.20000000000001,0.11281984238944753,75.59999999999998,Low-Vol,안정,없음,안정,안정
2024-04-30,0.2222511078788778,NORMAL,0.0858414471543392,1.056968010146551,4.16209398209476,3.2477482077668336,5.5680858605527614,0.7803159231239317,4.34486605831054,bear_steep,27.500000000000036,3.7000000000000393,-27.499999999999947,0.003968253968253968,0.9424603174603174,0.1045552904387614,NORMAL,46.60000000000002,-0.8911114901698418,-13.899999999999975,0.11088885098301582,76.29999999999998,Normal,안정,없음,안정,안정
2024-05-02,0.2137999261182468,NORMAL,0.9166331537512674,1.0137465116548698,4.155817102505069,3.2490947366786003,5.5722032926714276,0.781818510424843,4.356451678060781,bear_steep,21.300000000000008,3.7000000000000406,-27.100000000000037,0.003968253968253968,0.9404761904761905,0.1045044221886528,NORMAL,46.30000000000001,-0.9005372779400357,-12.999999999999986,0.10994627220599644,76.79999999999998,High-Vol,주의,금리,주의,안정
2024-05-03,0.2247400898929389,NORMAL,0.1564835504907389,1.1247031737169315,4.206373610055147,3.2504412655903665,5.577277713613375,0.7727419309165341,4.309796349675352,bear_steep,16.199999999999992,0.30000000000001,-27.59999999999998,0.003968253968253968,0.9087301587301587,0.0887152645264354,NORMAL,45.80000000000002,-0.916533206033636,-12.799999999999969,0.1083466793966364,76.69999999999999,Normal,안정,없음,안정,안정
2024-05-07,0.1566880590415898,NORMAL,0.036925260253646,0.557663058359735,4.626977528866065,3.2507792412352714,5.5943715613848894,0.7025707864269531,3.9304420274467637,neutral,7.900000000000018,-3.099999999999971,-27.099999999999998,0.011904761904761904,0.9067460317460317,0.0953345510194518,NORMAL,46.39999999999999,-0.896331738315023,-11.700000000000005,0.1103668261684977,77.69999999999997,Normal,안정,없음,안정,안정
2024-05-08,0.1482040077846045,NORMAL,0.004177132609122,0.5093339172656928,4.58708427056481,3.251117216880176,5.595810003438964,0.708754630417955,3.9660562508764783,neutral,9.699999999999998,-1.29999999999999,-27.40000000000001,0.007936507936507936,0.9047619047619048,0.075287260090068,NORMAL,46.19999999999997,-0.9024652294094526,-11.10000000000003,0.10975347705905475,77.1,Normal,안정,없음,안정,안정
2024-05-09,0.1607257698522208,NORMAL,0.0050041215142234,0.6107520226364966,4.464408960704764,3.2522985676028493,5.5901798194932475,0.7284947674438482,4.072416747571027,neutral,6.800000000000006,-0.19999999999996965,-27.30000000000002,0.007936507936507936,0.9027777777777778,0.0752400581251203,NORMAL,45.99999999999999,-0.9085934541122564,-10.199999999999989,0.10914065458877437,76.69999999999999,Low-Vol,안정,없음,안정,안정
2024-05-10,0.1411875677648275,NORMAL,0.0134893061307411,0.4733608255568523,4.48023436886955,3.2534799183255227,5.594155900095564,0.7261852060535036,4.06239325500632,neutral,3.49999999999997,-1.4000000000000303,-27.499999999999947,0.003968253968253968,0.9007936507936508,0.0751929448460066,NORMAL,45.40000000000002,-0.92787557207932,-10.799999999999962,0.107212442792068,77.1,Normal,안정,없음,안정,안정
2024-05-13,0.1136589388393804,NORMAL,0.009010825738004,0.3515415807448401,4.0835323975824185,3.2542885678636475,5.590610720479992,0.7969297781965169,4.45532416145519,neutral,-3.100000000000014,-1.6999999999999904,-26.899999999999974,0.003968253968253968,0.8849206349206349,0.0727415937213958,NORMAL,45.19999999999999,-0.9339800461422412,-9.799999999999995,0.10660199538577589,76.79999999999998,Normal,안정,없음,안정,안정
2024-05-14,0.0827745899262837,NORMAL,0.0032424489223285,0.1552646974509635,3.945870593017725,3.2550972174017727,5.592191087956275,0.8249376508093587,4.613208978975681,neutral,0.8000000000000007,-4.300000000000019,-27.000000000000053,0.003968253968253968,0.8690476190476191,0.0702933984404926,NORMAL,44.599999999999966,-0.953238597092986,-11.200000000000015,0.10467614029070141,76.89999999999996,Low-Vol,안정,없음,안정,안정
2024-05-16,0.0647530179311268,NORMAL,0.04446225185622,-0.0642043747004082,4.369183351370671,3.255549885695086,5.6120580836262715,0.7451163349951374,4.181636151051442,bull_flat,-10.299999999999976,-3.7999999999999896,-26.700000000000042,0.003968253968253968,0.8670634920634921,0.0702525844850711,NORMAL,44.49999999999998,-0.9560283070043942,-9.800000000000033,0.10439716929956058,78.49999999999997,Normal,안정,없음,안정,안정
2024-05-17,0.0548234842437532,NORMAL,0.0043285692210436,-0.0946257917703974,4.11820093576896,3.256002553988399,5.612781553150404,0.7906371264471657,4.437673478558494,bull_flat,-16.39999999999997,-7.39999999999999,-26.400000000000023,0.011904761904761904,0.8650793650793651,0.0702118415527111,NORMAL,44.600000000000016,-0.9522354150649563,-9.49999999999998,0.10477645849350437,77.99999999999999,Normal,안정,없음,안정,안정
2024-05-20,0.0795045269738332,NORMAL,0.0061282818342683,0.1004430399639369,4.249442687917397,3.2568913576125516,5.603191526438986,0.7664278816779893,4.294442212244691,bull_flat,-13.500000000000023,-7.200000000000011,-26.400000000000023,0.003968253968253968,0.8630952380952381,0.0701711694376508,NORMAL,44.10000000000003,-0.9681872459016488,-9.09999999999993,0.10318127540983513,77.29999999999997,Low-Vol,안정,없음,안정,안정
2024-05-21,0.0567361309912012,NORMAL,0.001912265379452,0.0067127932403522,3.980541486571352,3.2577801612367034,5.604441545129466,0.8184263804879469,4.586822808436585,bull_flat,-7.099999999999973,-5.499999999999979,-25.80000000000005,0.007936507936507936,0.8611111111111112,0.0701305679349621,NORMAL,44.20000000000001,-0.9643822206292642,-9.09999999999998,0.10356177793707359,77.39999999999996,Low-Vol,안정,없음,안정,안정
2024-05-22,0.0540314314137192,NORMAL,0.0005150318482776,0.0134299105749508,3.94259799464367,3.25802449722382,5.607147690540245,0.8263648745446792,4.633549897846777,bull_flat,-10.499999999999998,-4.59999999999998,-24.899999999999974,0.003968253968253968,0.8591269841269841,0.0700900368405464,NORMAL,43.9,-0.9737421109325948,-7.500000000000021,0.10262578890674053,77.39999999999996,Low-Vol,안정,없음,안정,안정
2024-05-23,0.0700834776886346,NORMAL,0.0008574280622859,0.163521190358779,3.5576307905831306,3.2582688332109364,5.608543329060655,0.9158535623863527,5.136604387718415,bull_flat,-17.799999999999994,-6.8000000000000105,-24.29999999999999,0.003968253968253968,0.8571428571428571,0.0700495759511296,NORMAL,43.79999999999997,-0.9765121440142824,-6.900000000000041,0.10234878559857176,77.69999999999997,Low-Vol,안정,없음,안정,안정
2024-05-24,0.0767905269766995,NORMAL,0.000999121419425,0.1601952663932678,3.7170305069334018,3.2609299243046928,5.599252654402209,0.8772943666246641,4.912192811015255,bull_flat,-10.999999999999988,-4.400000000000009,-23.299999999999972,0.007936507936507936,0.8551587301587301,0.0700091850642587,NORMAL,43.80000000000001,-0.9759893426830248,-6.5,0.10240106573169752,77.29999999999997,Low-Vol,안정,없음,안정,안정
2024-05-27,0.0954765644422747,NORMAL,0.0002029764071462,0.3356066208646136,3.675276573910695,3.263591015398449,5.602963246201112,0.887985148809035,4.975348151949448,bull_flat,-14.69999999999998,-5.0999999999999694,-22.699999999999992,0.00992063492063492,0.7936507936507936,0.0675648905480256,NORMAL,43.80000000000001,-0.9754673802928316,-5.699999999999946,0.10245326197071684,77.59999999999998,Low-Vol,안정,없음,안정,안정
2024-05-28,0.0732052681288677,NORMAL,0.0028693478108125,0.1787188331963681,3.2956270867221544,3.263834916408142,5.606894049723856,0.9903532258118338,5.552805608929197,bull_flat,-22.599999999999998,-7.7,-22.700000000000074,0.003968253968253968,0.6984126984126984,0.065123293995916,NORMAL,43.39999999999997,-0.9881074255732754,-5.200000000000003,0.10118925744267247,77.99999999999999,Low-Vol,안정,없음,안정,안정
2024-05-29,0.1005908814560883,NORMAL,0.0016428113745587,0.3238357669870247,3.612682339233613,3.264078817417835,5.594923050824809,0.903505625714734,5.055044451861257,bull_flat,-15.799999999999992,-5.199999999999962,-22.59999999999996,0.003968253968253968,0.7916666666666666,0.0674926108245455,NORMAL,43.00000000000001,-1.0007341198384778,-5.09999999999993,0.1,77.39999999999996,Low-Vol,안정,없음,안정,안정
2024-05-30,0.1030950836231782,NORMAL,0.0003091948668269,0.3071480048359257,3.681389897708105,3.266719081176563,5.588864286645991,0.8873602557583753,4.9593360427970365,bull_flat,-14.000000000000012,-2.800000000000001,-22.500000000000014,0.003968253968253968,0.8531746031746031,0.0698592187941317,NORMAL,42.7,-1.0100569867982905,-4.5,0.1,77.29999999999997,Low-Vol,안정,없음,안정,안정
2024-05-31,0.1293981381706136,NORMAL,0.0111308040721314,0.5021508341643759,3.577546939630992,3.269359344935291,5.58573127989308,0.9138550521079986,5.104548749847968,neutral,-7.800000000000029,-0.10000000000003062,-22.900000000000016,0.003968253968253968,0.7857142857142857,0.0674152436915601,NORMAL,41.9,-1.0358199205787548,-4.700000000000024,0.1,77.19999999999997,Normal,안정,없음,안정,안정
2024-06-03,0.1124824705830404,NORMAL,0.0295535000360213,0.4247791493086531,3.68868825636316,3.2713402648742766,5.5955222749867275,0.8868573426423503,4.962430015490807,bull_flat,-10.599999999999987,-3.100000000000021,-22.39999999999998,0.005952380952380952,0.7837301587301587,0.0673779990827986,NORMAL,41.9,-1.0352334273214978,-4.400000000000013,0.1,77.39999999999996,Normal,안정,없음,안정,안정
2024-06-04,0.0872443666281736,NORMAL,0.0560487671395114,0.3015990668029161,3.8828367275268576,3.2733211848132617,5.609240700381132,0.8430231334754521,4.728719671653342,bull_flat,-14.399999999999968,-3.3999999999999795,-21.700000000000014,0.011904761904761904,0.8511904761904762,0.0697447124143433,NORMAL,41.99999999999999,-1.0313580378970248,-3.8000000000000327,0.1,77.99999999999999,Normal,안정,없음,안정,안정
2024-06-05,0.0558526948956576,NORMAL,0.012048206508781,0.1042077649442724,3.600891702430314,3.277055281754933,5.618520386105837,0.9100677144894923,5.11323400659596,bull_flat,-10.599999999999987,-0.30000000000001,-21.200000000000017,0.015873015873015872,0.8492063492063492,0.0697048552894192,NORMAL,42.59999999999997,-1.0110378871232657,-3.8000000000000185,0.1,78.59999999999997,Normal,안정,없음,안정,안정
2024-06-07,0.0569972347095553,NORMAL,0.0925828830827086,0.173675633484012,3.708862075453436,3.280789378696604,5.628661223637594,0.8845811227141691,4.979007464583051,bull_flat,-14.500000000000002,-1.3999999999999804,-21.099999999999987,0.023809523809523808,0.8472222222222222,0.0696650664305177,NORMAL,42.80000000000004,-1.0039004249946772,-3.3999999999999275,0.1,78.49999999999997,Normal,안정,없음,안정,안정
2024-06-10,0.0818381288833086,NORMAL,0.0215922171621666,0.3060444402699224,3.842871048413772,3.281436960845936,5.617712422603391,0.8539024389591267,4.7969783390320195,bull_flat,-12.300000000000022,-2.30000000000006,-21.000000000000043,0.027777777777777776,0.8452380952380952,0.0696253456429746,NORMAL,42.899999999999984,-1.0000610697133032,-3.1000000000000085,0.1,76.09999999999997,Normal,안정,없음,안정,안정
2024-06-11,0.0800812298835129,NORMAL,0.0037518394399868,0.3026499565777623,3.833134624903161,3.282084542995268,5.6196429915596005,0.8562403526534593,4.811765096879533,bull_flat,-11.299999999999999,-1.4000000000000192,-20.999999999999996,0.037698412698412696,0.8432539682539683,0.0695856927329022,NORMAL,43.39999999999997,-0.9830659889656804,-2.0000000000000497,0.10169340110343196,77.1,Normal,안정,없음,안정,안정
2024-06-12,0.0562567022888041,NORMAL,0.0117325891462511,0.1696346248200534,3.884435879926848,3.288855814858711,5.629303061889573,0.8466752744855829,4.766191715087886,bull_flat,-17.19999999999997,-2.6999999999999704,-21.000000000000004,0.051587301587301584,0.8412698412698413,0.0695461075071849,NORMAL,43.80000000000001,-0.969379067230901,-1.3999999999999773,0.1030620932769099,77.99999999999999,Normal,안정,없음,안정,안정
2024-06-13,0.0300782450140115,NORMAL,0.010592163642966,-0.0297880886894466,3.935864112973081,3.2956270867221544,5.637655093882499,0.8373325379449386,4.720592047818844,bull_flat,-20.099999999999962,-2.399999999999959,-20.800000000000026,0.06349206349206349,0.8392857142857143,0.0695065897734757,NORMAL,44.09999999999998,-0.958996601378114,-0.4999999999999858,0.1041003398621886,78.09999999999997,Normal,안정,없음,안정,안정
2024-06-14,0.0213614213207025,NORMAL,0.0108071359573358,-0.3604409444053964,3.5792677875141976,3.297285149345052,5.647149443924497,0.9212177867348164,5.202254512092874,bull_flat,-15.600000000000014,-3.2999999999999905,-20.29999999999999,0.07341269841269842,0.8373015873015873,0.0694671393401917,NORMAL,44.20000000000001,-0.9552055451608744,-0.2999999999999687,0.10447944548391257,78.69999999999999,Normal,안정,없음,안정,안정
2024-06-17,0.0181659200161354,NORMAL,0.008388675561311,-0.5085986047087812,3.586594191532795,3.2989432119679494,5.652051357784607,0.9197982921391191,5.198747185972871,bull_flat,-17.100000000000026,-0.4000000000000392,-19.500000000000036,0.09126984126984126,0.8353174603174603,0.07542775601651,NORMAL,44.999999999999964,-0.9283846874986112,0.3999999999999488,0.10716153125013889,79.1,Normal,안정,없음,안정,안정
2024-06-18,0.0174920964289411,NORMAL,0.0030148243182553,-0.6517077027452741,3.3790219699913417,3.29910473904241,5.652832777143954,0.9763490052273509,5.519137658681062,bull_flat,-21.799999999999997,-1.9999999999999991,-18.700000000000035,0.09722222222222222,0.8333333333333334,0.0858884396123666,NORMAL,45.19999999999999,-0.9213335914304416,1.0999999999999588,0.10786664085695585,78.3,Low-Vol,안정,없음,안정,안정
2024-06-19,0.0094034641823708,NORMAL,0.0031510043535537,-0.7357593809133282,3.4760837007668277,3.2992662661168715,5.664061790517619,0.9491331481428511,5.375948798509621,bull_flat,-26.00000000000002,-1.1000000000000107,-17.700000000000003,0.10912698412698413,0.8313492063492064,0.0933491899384483,NORMAL,45.80000000000002,-0.9011253560404732,1.6000000000000083,0.10988746439595269,79.1,Low-Vol,안정,없음,안정,안정
2024-06-20,0.0158330909930619,NORMAL,0.0015666138403844,-0.4740518297702946,3.6583682010886784,3.303066562399685,5.655342145964676,0.902879748795307,5.106093896100099,bull_steep,-20.900000000000006,0.3999999999999504,-18.400000000000023,0.0992063492063492,0.8293650793650794,0.0888100068061898,NORMAL,45.19999999999999,-0.9204289868641352,1.29999999999999,0.10795710131358649,77.59999999999998,Low-Vol,안정,없음,안정,안정
2024-06-21,0.0134719323713436,NORMAL,0.0133104486127003,-0.3614519815204449,3.657620019975597,3.3068668586824983,5.658732513270348,0.90410344448644,5.116079556675131,bull_steep,-21.70000000000001,0.8999999999999897,-17.300000000000054,0.12301587301587301,0.8273809523809523,0.1037708900277738,NORMAL,46.09999999999998,-0.8903462403702639,2.300000000000012,0.11096537596297362,77.79999999999995,Normal,안정,없음,안정,안정
2024-06-24,0.0149916263430796,NORMAL,0.0026686122719026,-0.3580312372296067,3.4682734973804386,3.308034271649879,5.656428529974032,0.9537985612000937,5.395093393420392,bull_flat,-25.100000000000033,-2.20000000000002,-16.299999999999983,0.13095238095238096,0.8253968253968254,0.105231839416122,NORMAL,46.20000000000002,-0.8866219987861819,2.4000000000000057,0.11133780012138182,76.89999999999996,Low-Vol,안정,없음,안정,안정
2024-06-25,0.0161727063254055,NORMAL,0.0009239894161668,-0.4274664132865255,3.493493953050436,3.30920168461726,5.654806363141591,0.9472470051730715,5.356498392319501,bull_flat,-22.70000000000003,-1.5000000000000595,-16.10000000000001,0.125,0.8234126984126984,0.1103595214515612,NORMAL,46.09999999999998,-0.8894846989272072,2.2999999999999687,0.11105153010727929,76.79999999999998,Low-Vol,안정,없음,안정,안정
2024-06-26,0.017353083565142,NORMAL,0.000493508207721,-0.3230775922943928,3.5142229806736367,3.309519746348153,5.65301611045394,0.9417500723627262,5.323728331087655,bull_flat,-20.299999999999983,-2.3999999999999604,-15.399999999999991,0.13095238095238096,0.8214285714285714,0.1229872692818215,NORMAL,46.10000000000003,-0.8890532707479063,2.70000000000006,0.11109467292520937,76.59999999999995,Low-Vol,안정,없음,안정,안정
2024-06-27,0.0210606332988754,NORMAL,0.0003295584922137,-0.2610663759276441,3.260545643713148,3.30920168461726,5.64833499632728,1.0149226682343577,5.732623225553985,bull_flat,-23.600000000000023,-3.1000000000000596,-14.599999999999996,0.1488095238095238,0.6607142857142857,0.1153088227120635,NORMAL,46.39999999999999,-0.8787460278033524,3.3999999999999844,0.11212539721966476,74.50000000000001,Low-Vol,안정,없음,안정,안정
2024-06-28,0.0153414985291089,NORMAL,0.0026617204850638,-0.4995727310308864,3.155262938413573,3.308034271649879,5.656302838289692,1.048417940507081,5.930169372604036,bull_flat,-29.800000000000004,-4.000000000000009,-12.800000000000011,0.1626984126984127,0.5674603174603174,0.1305647004818603,NORMAL,47.6,-0.8388151590946578,4.899999999999999,0.11611848409053423,72.69999999999999,Low-Vol,안정,없음,안정,안정
2024-07-01,0.0231015132698602,NORMAL,0.0405856639983827,-0.2326254111626157,3.3824780701043395,3.30920168461726,5.646091563558834,0.978336478768414,5.523777339096198,bull_flat,-26.6,-2.4000000000000092,-13.39999999999999,0.15873015873015872,0.5654761904761905,0.1350379695713355,NORMAL,47.10000000000001,-0.8548927681498799,5.20000000000001,0.1,71.7,Normal,안정,없음,안정,안정
2024-07-02,0.0192366767283029,NORMAL,0.0248626274198029,-0.4629055655915322,3.303630379478077,3.308034271649879,5.6518449866533516,1.00133304627514,5.659379157560478,bull_steep,-24.29999999999999,2.2000000000000313,-12.800000000000017,0.15476190476190477,0.5575396825396826,0.1236071618589474,NORMAL,46.49999999999998,-0.8742506442019901,4.59999999999998,0.112574935579801,72.9,Normal,안정,없음,안정,안정
2024-07-03,0.0167112034911318,NORMAL,0.0051242332820799,-0.6084615972316445,3.090665062137232,3.3068668586824983,5.655173418609081,1.0699531628949015,6.050770685959959,bull_steep,-19.600000000000016,3.3999999999999795,-12.199999999999994,0.15079365079365079,0.5833333333333334,0.1253910608870907,NORMAL,46.39999999999999,-0.8771272014905629,4.400000000000006,0.11228727985094372,73.90000000000003,Normal,안정,없음,안정,안정
2024-07-04,0.0099680215830013,NORMAL,0.003059719953471,-0.756579654249399,3.090665062137232,3.3052486190802877,5.664258885663964,1.0694295734506634,6.057525964009742,bull_steep,-19.600000000000016,2.0999999999999908,-11.799999999999988,0.14484126984126985,0.5654761904761905,0.1124579616050973,NORMAL,46.30000000000001,-0.8800016143460695,3.7000000000000384,0.11199983856539306,75.50000000000003,Low-Vol,안정,없음,안정,안정
2024-07-05,0.0087839525558433,NORMAL,0.002002791441231,-0.7005676347812317,2.977618264035154,3.303630379478077,5.666030224108312,1.109487545593277,6.286389966603255,bull_steep,-15.799999999999992,3.49999999999997,-10.600000000000037,0.17063492063492064,0.5555555555555556,0.115431380348581,NORMAL,46.69999999999996,-0.8664062666437456,3.89999999999992,0.11335937333562544,76.19999999999996,Low-Vol,안정,없음,안정,안정
2024-07-08,0.0062451520953521,NORMAL,0.0051060870888812,-0.9577534195088468,2.672762221885211,3.3014483227974742,5.669058193678584,1.2,6.8028698324143,bull_steep,-22.099999999999966,1.3000000000000302,-10.100000000000003,0.12698412698412698,0.5436507936507936,0.1025000138534795,NORMAL,46.09999999999998,-0.8857597387714862,3.199999999999996,0.11142402612285139,76.09999999999997,Normal,안정,없음,안정,안정
2024-07-09,0.0026862996918424,NORMAL,0.0241597650904986,-1.0835857870437056,2.6807500914168614,3.2992662661168715,5.673559182825967,1.2,6.80827101939116,bull_flat,-23.4,-0.6999999999999701,-10.399999999999965,0.11507936507936507,0.5416666666666666,0.0904755123262255,NORMAL,45.80000000000002,-0.8952153686657415,2.4000000000000483,0.11047846313342585,76.29999999999998,Normal,안정,없음,안정,안정
2024-07-10,0.0038747013435258,NORMAL,0.0060512030596448,-1.4109749355343648,2.6055810545018345,3.29910473904241,5.67195336236159,1.2,6.8063440348339075,bull_steep,-18.400000000000016,0.2999999999999711,-9.399999999999991,0.1111111111111111,0.5476190476190477,0.081451043820373,NORMAL,45.59999999999999,-0.9013690414743784,1.7999999999999758,0.10986309585256217,75.50000000000003,Normal,안정,없음,안정,안정
2024-07-11,0.0099828447574144,NORMAL,0.0314576985209085,-1.1080416198814933,2.705058614016174,3.2989432119679494,5.663413275327155,1.2,6.796095930392586,bull_steep,-11.100000000000021,0.30000000000001,-10.699999999999982,0.09523809523809523,0.5277777777777778,0.0670210181789525,NORMAL,45.1,-0.9173998648242556,1.000000000000021,0.10826001351757444,73.29999999999997,Normal,안정,없음,안정,안정
2024-07-12,0.0003412116402641,NORMAL,0.0164662452968868,-1.3828929715481328,2.8226294199035764,3.297285149345052,5.676797238447878,1.168160838293002,6.6314122208846715,bull_steep,-12.5,2.59999999999998,-9.200000000000014,0.09722222222222222,0.5178571428571429,0.0630925454235527,NORMAL,45.1,-0.9169453224832732,0.8999999999999915,0.10830546775167268,73.59999999999998,Normal,안정,없음,안정,안정
2024-07-15,0.0003412116402641,NORMAL,0.0082572176619339,-1.632165154371496,2.809401509593316,3.2956270867221544,5.677402144624919,1.1730708748708631,6.659995100788868,bull_steep,-10.599999999999987,3.0000000000000195,-7.9000000000000234,0.15674603174603174,0.5158730158730159,0.0675718308479429,NORMAL,46.19999999999997,-0.8802524595354844,1.2000000000000028,0.11197475404645157,72.29999999999998,Normal,안정,없음,안정,안정
2024-07-16,0.0,NORMAL,0.0110776648380445,-1.8248978640150144,2.914013329449689,3.288855814858711,5.686764246125068,1.1286344443317322,6.4182780049709285,bull_steep,-14.19999999999999,3.6999999999999895,-7.099999999999978,0.14484126984126985,0.4107142857142857,0.0582377594381402,NORMAL,46.09999999999998,-0.8831273222801428,0.8999999999999915,0.11168726777198573,71.30000000000001,Normal,안정,없음,안정,안정
2024-07-17,0.00034,NORMAL,0.0103330436227321,-1.602033729439556,2.7547853101944426,3.282084542995268,5.68598184669147,1.1914120969243904,6.774347555040702,neutral,-9.200000000000008,2.0000000000000004,-7.399999999999984,0.1349206349206349,0.47619047619047616,0.0486274294706758,NORMAL,45.900000000000006,-0.8892949232281595,0.0999999999999872,0.11107050767718406,70.5,Normal,안정,없음,안정,안정
2024-07-18,0.0001700289000003,NORMAL,0.0035238725523496,-1.6947532979978954,2.569143826258064,3.281436960845936,5.6859976048862855,1.2,6.823197125863542,bull_steep,-13.100000000000023,0.7000000000000104,-5.900000000000022,0.11904761904761904,0.5277777777777778,0.0564230000107649,NORMAL,45.5,-0.9020475822598822,0.3000000000000113,0.10979524177401179,70.20000000000005,Low-Vol,안정,없음,안정,안정
2024-07-19,0.0032297687557834,NORMAL,0.0088262493395931,-1.9537715924056367,2.6194565527183062,3.280789378696604,5.681841447248916,1.2,6.818209736698699,neutral,-9.899999999999975,0.30000000000005994,-5.60000000000001,0.0992063492063492,0.5257936507936508,0.0519006169408176,NORMAL,45.1,-0.914789235204966,-0.9999999999999788,0.1085210764795034,69.40000000000003,Normal,안정,없음,안정,안정
2024-07-22,0.0013627885895701,NORMAL,0.0125452284201656,-1.9025938170215364,2.601512717834099,3.277055281754933,5.68421664861152,1.2,6.821059978333824,bull_steep,-11.899999999999977,0.40000000000000036,-5.200000000000049,0.09523809523809523,0.5,0.0494705295886594,NORMAL,45.099999999999966,-0.9143386181695984,-1.1000000000000512,0.10856613818304017,68.99999999999994,Normal,안정,없음,안정,안정
2024-07-23,0.0057797768267873,NORMAL,0.0074443965517902,-1.8732616060968572,2.6846542460906493,3.2733211848132617,5.678462410681281,1.2,6.814154892817537,bull_steep,-10.000000000000009,1.6999999999999904,-4.599999999999982,0.09126984126984126,0.42658730158730157,0.0470418392018834,NORMAL,44.89999999999998,-0.9204794785181172,-1.2000000000000028,0.10795205214818829,67.99999999999997,Normal,안정,없음,안정,안정
2024-07-24,0.0,NORMAL,0.0068559765495927,-2.352898373844392,2.7781620202080077,3.2713402648742766,5.687755167112693,1.1775196122756524,6.697443259097376,bull_steep,-14.700000000000024,2.1999999999999797,-2.2999999999999634,0.19444444444444445,0.4623015873015873,0.0500229626939347,NORMAL,46.30000000000001,-0.8738850201923537,0.1999999999999815,0.11261149798076464,68.6,Normal,안정,없음,안정,안정
2024-07-25,0.0,NORMAL,0.0050727752804598,-2.311454631017729,2.694126164357121,3.269359344935291,5.6889171341164815,1.2,6.826700560939778,bull_steep,-17.19999999999997,2.4000000000000394,-2.0999999999999464,0.15674603174603174,0.3353174603174603,0.0421862549312951,NORMAL,45.99999999999999,-0.8833601717397304,-0.3999999999999986,0.11166398282602696,67.09999999999994,Normal,안정,없음,안정,안정
2024-07-26,0.0,NORMAL,0.0011893591727941,-2.439790717218447,2.6423474411969243,3.266719081176563,5.693113235702259,1.2,6.83173588284271,bull_steep,-15.799999999999992,0.0,-1.399999999999979,0.14484126984126985,0.32341269841269843,0.0397609947656328,NORMAL,45.80000000000002,-0.8895315171142114,-1.7999999999999758,0.11104684828857886,65.20000000000002,Low-Vol,안정,없음,안정,안정
2024-07-29,0.0,NORMAL,0.0198425445893909,-2.470744767660365,2.585811488224062,3.264078817417835,5.707274345825733,1.2,6.84872921499088,bull_flat,-26.6,-3.40000000000002,-1.0000000000000286,0.13690476190476192,0.25793650793650796,0.0325164936598306,NORMAL,45.59999999999999,-0.8956978593462364,-1.500000000000021,0.11043021406537637,63.50000000000002,Normal,안정,없음,안정,안정
2024-07-30,0.00102,NORMAL,0.0031802804935406,-2.369774211614345,2.6097539710619566,3.263834916408142,5.705621205552491,1.2,6.84674544666299,bull_flat,-23.70000000000001,-6.20000000000003,-0.6000000000000283,0.14285714285714285,0.24603174603174602,0.0276843428470902,NORMAL,45.69999999999998,-0.8919699141669294,-0.7999999999999972,0.11080300858330706,60.60000000000003,Low-Vol,안정,없음,안정,안정
2024-07-31,0.0030589595999999,NORMAL,0.0010811816799182,-2.219588723657836,2.6619146255438357,3.263591015398449,5.7028503546702325,1.2,6.843420425604279,bull_flat,-20.999999999999996,-5.39999999999998,-0.3000000000000169,0.13293650793650794,0.23412698412698413,0.0204415572903706,NORMAL,45.5,-0.8981352013790421,-0.8999999999999915,0.11018647986209579,57.49999999999997,Low-Vol,안정,없음,안정,안정
2024-08-01,0.0,NORMAL,0.0011346959486485,-2.172557982805908,2.7601678057301973,3.262068329555799,5.714923902048343,1.1818369603411938,6.7541082929780485,bull_flat,-22.40000000000002,-7.200000000000001,-0.8999999999999897,0.1349206349206349,0.2261904761904762,0.013199330981382,NORMAL,45.5,-0.8977019181004161,-0.8000000000000114,0.1102298081899584,54.400000000000006,Low-Vol,안정,없음,안정,안정
2024-08-02,0.0,NORMAL,0.0026278109519821,-2.2760776859822256,2.804221441815324,3.260545643713148,5.723018709502961,1.1627275917277136,6.654311761513025,bull_flat,-25.099999999999987,-7.499999999999971,-0.6999999999999673,0.13690476190476192,0.21825396825396826,0.0083701134449626,NORMAL,45.5,-0.8972692614081607,-1.1999999999999602,0.11027307385918395,51.800000000000026,Low-Vol,안정,없음,안정,안정
2024-08-05,0.0,NORMAL,0.5783181683964044,-2.6444423504914063,3.394438175356233,3.262068329555799,5.747094661750034,0.9610039013933307,5.522980391618567,bull_flat,-33.400000000000006,-2.0999999999999908,0.49999999999998934,0.24404761904761904,0.14285714285714285,0.0059999999999999,NORMAL,46.49999999999998,-0.8638654002256251,0.3999999999999986,0.11361345997743749,49.90000000000001,High-Vol,주의,금리,주의,안정
2024-08-06,0.0414959627258545,NORMAL,0.6490698684717446,-1.90775580597684,4.489391003125847,3.263591015398449,5.719515481431706,0.7269562871948768,4.1578377389352115,bull_flat,-19.799999999999997,-1.9000000000000101,0.8999999999999897,0.22420634920634921,0.0873015873015873,0.0074999999999998,NORMAL,46.30000000000001,-0.8700581626028152,0.4999999999999929,0.11299418373971848,45.89999999999996,High-Vol,주의,금리,주의,안정
2024-08-07,0.0429178509892605,NORMAL,0.0791766787104665,-1.9398538615973588,4.49142750722212,3.263834916408142,5.717968441981853,0.72668097418025,4.155138877751299,bull_flat,-19.700000000000006,-0.5999999999999811,1.6000000000000014,0.2619047619047619,0.04563492063492063,0.018,NORMAL,46.79999999999999,-0.8531622773056797,1.2000000000000028,0.11468377226943204,44.600000000000016,Normal,안정,없음,안정,안정
2024-08-08,0.0375317863571864,NORMAL,0.0139054599488121,-1.9255155786785367,4.3637592436845125,3.264078817417835,5.719252180899455,0.747996998721183,4.277983466242373,bull_steep,-23.70000000000001,1.4999999999999694,2.300000000000013,0.26587301587301587,0.03571428571428571,0.0269999999999996,NORMAL,46.89999999999998,-0.8494716826840121,1.7999999999999758,0.1150528317315988,43.69999999999998,Normal,안정,없음,안정,안정
2024-08-09,0.0365064502150615,NORMAL,0.0039052922957979,-1.624418057022999,4.26761057267412,3.266719081176563,5.7153508642205555,0.7654679417315272,4.374917862308414,bull_flat,-16.500000000000004,-0.49999999999998934,2.300000000000013,0.2638888888888889,0.003968253968253968,0.0254999999999998,NORMAL,46.79999999999999,-0.8523806572112022,1.6999999999999886,0.11476193427887979,40.300000000000004,Normal,안정,없음,안정,안정
2024-08-12,0.0343502716473045,NORMAL,0.0010281717510207,-1.6534663792986155,4.263835066426015,3.269359344935291,5.717767030277724,0.766764964873676,4.3841834361267615,bull_flat,-17.700000000000003,-4.70000000000001,2.8999999999999417,0.28174603174603174,0.005952380952380952,0.0194999999999998,NORMAL,47.49999999999996,-0.8288994139395893,1.29999999999999,0.11711005860604107,39.599999999999994,Low-Vol,안정,없음,안정,안정
2024-08-13,0.0284052088109051,NORMAL,0.0099130857045293,-1.9349707254806316,4.221283790756693,3.2713402648742766,5.723952817564529,0.7749633587861354,4.435853701033171,bull_flat,-16.299999999999983,-4.59999999999998,3.5999999999999535,0.2896825396825397,0.003968253968253968,0.024,NORMAL,47.69999999999998,-0.8219298339816641,1.6000000000000014,0.1178070166018336,38.20000000000001,Normal,안정,없음,안정,안정
2024-08-14,0.0241669742402151,NORMAL,0.0049878443894733,-2.01453118478604,4.238929855021125,3.2733211848132617,5.730834923596934,0.772204612193789,4.425377159722792,bull_flat,-19.399999999999995,-3.2,4.000000000000009,0.2976190476190476,0.003968253968253968,0.0345000000000001,NORMAL,48.20000000000002,-0.8050677769192031,2.300000000000012,0.1194932223080797,37.59999999999999,Normal,안정,없음,안정,안정
2024-08-16,0.0318592648775364,NORMAL,0.002125244217544,-1.8462965811896552,4.319097737161991,3.277055281754933,5.723921759768467,0.7587360789636199,4.34294595230127,bull_flat,-16.500000000000004,-3.50000000000001,4.80000000000001,0.3055555555555556,0.003968253968253968,0.0480000000000001,NORMAL,48.70000000000001,-0.7882173779866432,3.20000000000001,0.12117826220133569,35.9,Low-Vol,안정,없음,안정,안정
2024-08-19,0.0332498725440225,NORMAL,0.000657119047584,-1.7755999460895604,4.301954879990446,3.280789378696604,5.72140361553613,0.7626275658902052,4.363300112791738,bull_flat,-17.100000000000026,-2.400000000000049,5.900000000000016,0.3134920634920635,0.003968253968253968,0.0689999999999998,NORMAL,49.69999999999999,-0.7548778190147386,4.599999999999987,0.12451221809852614,35.80000000000001,Low-Vol,안정,없음,안정,안정
2024-08-20,0.0366688660600154,NORMAL,0.0007584309387659,-1.909122728041695,4.330686100984819,3.281436960845936,5.718027168505124,0.757717572765138,4.332649667124817,bull_flat,-14.59999999999999,-1.8999999999999704,6.000000000000011,0.31746031746031744,0.003968253968253968,0.0705000000000009,NORMAL,49.800000000000026,-0.7512629105303724,4.70000000000006,0.12487370894696276,34.60000000000001,Low-Vol,안정,없음,안정,안정
2024-08-21,0.0337997959695188,NORMAL,0.0002020133623764,-1.854021840403642,4.262084985198274,3.282084542995268,5.718547497329628,0.7700654854123197,4.4036560543845455,bull_flat,-17.39999999999999,-2.9999999999999805,6.1,0.32142857142857145,0.003968253968253968,0.0750000000000005,NORMAL,49.90000000000001,-0.7476503612601442,5.000000000000036,0.1,35.20000000000003,Low-Vol,안정,없음,안정,안정
2024-08-22,0.0287879598754343,NORMAL,0.0005049774849459,-1.85402184040364,4.203817187672218,3.288855814858711,5.722948801611604,0.7823498663318066,4.477348229964611,bull_flat,-15.09999999999998,-1.1999999999999997,8.10000000000004,0.3373015873015873,0.00992063492063492,0.078,NORMAL,51.500000000000014,-0.6945193940361678,5.200000000000003,0.1,35.80000000000001,Low-Vol,안정,없음,안정,안정
2024-08-23,0.0352941659340608,NORMAL,0.0002411010974359,-2.006199957449135,4.265932982423218,3.2956270867221544,5.717341094971336,0.77254544323622,4.416905810347286,bull_flat,-12.300000000000022,-1.9000000000000101,8.900000000000002,0.3412698412698413,0.011904761904761904,0.0885000000000002,NORMAL,51.90000000000001,-0.6810388445756531,5.90000000000002,0.1,35.400000000000006,Low-Vol,안정,없음,안정,안정
2024-08-26,0.0310338893597582,NORMAL,0.0001951029302565,-2.244234589972502,4.2917423771213095,3.297285149345052,5.724633583958091,0.7682858987348419,4.3981552579789005,bull_steep,-13.39999999999999,0.0,9.700000000000003,0.34523809523809523,0.013888888888888888,0.0989999999999998,NORMAL,52.400000000000006,-0.664262496412564,6.599999999999987,0.1,36.10000000000002,Low-Vol,안정,없음,안정,안정
2024-08-27,0.0624740982286256,NORMAL,0.0154847788559876,-1.7803381883183422,4.691232023118951,3.2989432119679494,5.702508791400493,0.703214677020954,4.010087877953848,bear_steep,2.7000000000000135,6.500000000000041,10.599999999999993,0.3492063492063492,0.005952380952380952,0.1035,NORMAL,52.49999999999999,-0.660706148430286,6.900000000000006,0.1,34.90000000000002,Normal,안정,없음,안정,안정
2024-08-28,0.0600440216868229,NORMAL,0.001543654025378,-1.6993072835277097,4.711453010875105,3.29910473904241,5.707020652770634,0.7002308484086175,3.996231913575083,bear_steep,0.19999999999997797,7.699999999999998,11.799999999999994,0.3611111111111111,0.007936507936507936,0.1200000000000001,NORMAL,53.69999999999999,-0.6208122355609663,8.000000000000007,0.1,35.80000000000001,Low-Vol,안정,없음,안정,안정
2024-08-29,0.0641599728510932,NORMAL,0.0003120492236133,-1.4244794289602638,4.727687205789884,3.2992662661168715,5.702112169602193,0.6978605230219842,3.9792789810086076,bear_steep,1.100000000000012,7.600000000000009,12.500000000000005,0.373015873015873,0.00992063492063492,0.1349999999999998,NORMAL,54.49999999999999,-0.5941511096908011,8.999999999999993,0.1,36.00000000000003,Low-Vol,안정,없음,안정,안정
2024-08-30,0.0599590777390596,NORMAL,0.0030702951205733,-1.2397578673655445,4.555031919698648,3.3014483227974742,5.699037674305994,0.7247914791815314,4.130613945871516,bear_steep,7.800000000000029,10.100000000000039,12.400000000000055,0.38095238095238093,0.011904761904761904,0.1425000000000004,NORMAL,55.00000000000003,-0.5774144396112428,9.500000000000028,0.1,36.3,Low-Vol,안정,없음,안정,안정
2024-09-02,0.0637239657127949,NORMAL,0.0017092274971775,-0.9579551454501196,4.507756473130787,3.303630379478077,5.6912337807197515,0.732876853301615,4.170973504617745,bear_steep,14.500000000000002,9.50000000000002,12.499999999999956,0.38492063492063494,0.013888888888888888,0.1469999999999999,NORMAL,55.3,-0.5672946906319205,9.799999999999995,0.1,36.400000000000034,Low-Vol,안정,없음,안정,안정
2024-09-03,0.0409334926439046,NORMAL,0.0009796742000779,-1.1574588493437652,3.778596230570832,3.3052486190802877,5.691637642471729,0.874729242658712,4.9786418844871125,bear_steep,24.2,6.7000000000000215,13.500000000000023,0.4007936507936508,0.03571428571428571,0.1485000000000003,NORMAL,56.400000000000006,-0.5307292237910815,9.900000000000029,0.1,37.300000000000026,Low-Vol,안정,없음,안정,안정
2024-09-04,0.0296100882313865,NORMAL,0.0023563941374573,-1.343617512482256,3.346714807090667,3.3068668586824983,5.707150591325028,0.9880934137788666,5.639197910732425,bear_steep,5.900000000000016,6.300000000000019,13.200000000000012,0.40476190476190477,0.037698412698412696,0.1544999999999995,NORMAL,56.59999999999998,-0.5239361318517568,10.299999999999969,0.1,38.60000000000001,Low-Vol,안정,없음,안정,안정
2024-09-05,0.0259254590963791,NORMAL,0.0019676237453323,-1.277371594258202,3.389841635797962,3.308034271649879,5.712423314792177,0.9758669067946516,5.574564870507892,bear_steep,2.8999999999999915,5.300000000000001,13.700000000000006,0.4126984126984127,0.03968253968253968,0.1605000000000003,NORMAL,57.500000000000014,-0.4939924419782168,10.700000000000024,0.1,38.60000000000001,Low-Vol,안정,없음,안정,안정
2024-09-06,0.0192136056573066,NORMAL,0.003978197717749,-1.2865738701379852,3.513623860287105,3.30920168461726,5.721463301435831,0.9418201310674327,5.388589316455801,neutral,-0.6999999999999673,2.30000000000006,13.80000000000004,0.4166666666666667,0.041666666666666664,0.1650000000000006,NORMAL,57.90000000000002,-0.4805975788555293,11.000000000000044,0.1,39.1,Low-Vol,안정,없음,안정,안정
2024-09-09,0.0262850130851097,NORMAL,0.0012125103569617,-0.9733317426082504,3.625784851514715,3.309519746348153,5.712195645096846,0.9127733392579985,5.2139398934700445,bear_steep,2.0000000000000018,6.40000000000001,13.200000000000017,0.4126984126984127,0.04365079365079365,0.1590000000000005,NORMAL,57.40000000000003,-0.4969862803675938,10.600000000000035,0.1,39.1,Low-Vol,안정,없음,안정,안정
2024-09-10,0.0225941660595789,NORMAL,0.9919210883183904,-0.9835238051242026,3.6514596937028823,3.3098378080790454,5.7173294838968935,0.9064423780404915,5.182429733424517,bear_steep,0.9999999999999787,7.900000000000021,12.40000000000006,0.4146825396825397,0.04563492063492063,0.148500000000001,NORMAL,57.40000000000003,-0.496823151479505,9.90000000000007,0.1,40.79999999999999,High-Vol,주의,금리,주의,안정
2024-09-11,0.0120272249835105,NORMAL,0.1901475986677939,-1.1809810938178753,3.913737613236617,3.310141897443959,5.732915163113069,0.8457751194788219,4.848757007043906,bull_steep,-3.100000000000014,6.70000000000002,13.40000000000004,0.4365079365079365,0.047619047619047616,0.1635000000000007,NORMAL,58.60000000000003,-0.4569372285088605,10.900000000000048,0.1,41.900000000000006,Normal,안정,없음,안정,안정
2024-09-12,0.0163547072910314,NORMAL,0.6940443235693685,-0.9221826426019916,3.907331166167663,3.310445986808873,5.726065393863423,0.8472396748637462,4.8513497825453955,neutral,2.5000000000000355,4.70000000000001,12.499999999999956,0.43253968253968256,0.0496031746031746,0.1514999999999993,NORMAL,58.299999999999976,-0.4667249168441842,10.09999999999996,0.1,41.599999999999994,High-Vol,주의,금리,주의,안정
2024-09-13,0.0115165864924163,NORMAL,0.107871060254776,-1.208552518973737,3.968146193189739,3.3115585175121147,5.736054252958178,0.8345354118241709,4.78694039823824,bull_steep,-4.499999999999993,6.09999999999999,13.600000000000017,0.4444444444444444,0.003968253968253968,0.1515,NORMAL,58.80000000000001,-0.4500172169621986,10.1,0.1,43.10000000000001,Normal,안정,없음,안정,안정
2024-09-19,0.02627897326685,NORMAL,0.0794479767483563,-0.9595293493187076,4.13420901872731,3.3126710482153565,5.7247178815009505,0.8012829136624402,4.587118623984554,bull_steep,-0.5999999999999783,7.800000000000029,12.800000000000017,0.44841269841269843,0.005952380952380952,0.1380000000000001,NORMAL,58.9,-0.4465626908301586,9.20000000000001,0.1,42.90000000000003,Normal,안정,없음,안정,안정
2024-09-20,0.0277308537978842,NORMAL,0.0063734261759115,-0.9558872437672584,4.127889737409471,3.3130999675493644,5.722721693870441,0.8026134849300888,4.593133602002375,bull_steep,-1.000000000000023,9.59999999999997,12.599999999999989,0.44642857142857145,0.007936507936507936,0.1349999999999998,NORMAL,58.80000000000001,-0.4497351601075069,8.999999999999986,0.1,43.300000000000026,Normal,안정,없음,안정,안정
2024-09-23,0.0357589393245995,NORMAL,0.0022278466913612,-0.8588527474688659,4.194843325598191,3.313528886883372,5.715110013121387,0.7899052788606492,4.514395568633938,bear_steep,2.499999999999991,10.1,12.400000000000016,0.4365079365079365,0.00992063492063492,0.1289999999999998,NORMAL,58.5,-0.4595345745405462,8.599999999999987,0.1,43.599999999999994,Low-Vol,안정,없음,안정,안정
2024-09-24,0.0356235316740461,NORMAL,0.0004465054604318,-0.8695057638289458,4.172983282219581,3.314955832941254,5.714508634057097,0.7943851218062038,4.53952063732805,bear_steep,4.599999999999982,9.89999999999998,12.399999999999967,0.4384920634920635,0.011904761904761904,0.1049999999999997,NORMAL,58.5,-0.4593886113032445,6.999999999999986,0.1,44.10000000000003,Low-Vol,안정,없음,안정,안정
2024-09-25,0.0314959929495415,NORMAL,0.0004343392476297,-1.0462041663048176,4.193026792689313,3.316382778999136,5.721661851665181,0.7909281154085072,4.5254232253422915,bull_steep,-0.8000000000000007,10.00000000000001,12.500000000000005,0.4623015873015873,0.013888888888888888,0.1049999999999997,NORMAL,58.9,-0.4459822191862607,6.999999999999986,0.1,45.199999999999996,Low-Vol,안정,없음,안정,안정
2024-09-26,0.0298856166624379,NORMAL,0.0002873877687377,-0.9193559177164812,4.131174804236418,3.320899627348444,5.720937431418024,0.8038632555424534,4.598851388374374,bear_steep,2.699999999999969,10.99999999999999,11.20000000000001,0.45634920634920634,0.015873015873015872,0.096,NORMAL,58.80000000000001,-0.4491579950880434,6.400000000000006,0.1,45.80000000000002,Low-Vol,안정,없음,안정,안정
2024-09-27,0.020995833164525,NORMAL,0.0005910509795218,-1.09982734400501,3.4333158745936525,3.3254164756977524,5.720685974427489,0.9685728308034953,5.540901008389086,neutral,-7.299999999999995,4.09999999999999,11.199999999999966,0.43452380952380953,0.017857142857142856,0.0869999999999997,NORMAL,58.299999999999976,-0.4655992780797872,5.799999999999983,0.1,45.599999999999994,Low-Vol,안정,없음,안정,안정
2024-09-30,0.0196501103310768,NORMAL,0.0213662746818655,-1.0490260499856672,3.4161997969427245,3.3276940130370503,5.722744417179405,0.9740923279765776,5.57448143174525,neutral,-6.199999999999983,4.600000000000021,12.100000000000005,0.4503968253968254,0.01984126984126984,0.0734999999999999,NORMAL,58.59999999999999,-0.4554994218721479,4.899999999999999,0.1544500578127852,46.30000000000001,Normal,안정,없음,안정,안정
2024-10-02,0.0095503258937652,NORMAL,0.1450377611927454,-1.186373240777962,3.5911111020641435,3.329971550376348,5.736227739433799,0.9272816840621572,5.319098918386234,bull_steep,-14.300000000000024,1.6000000000000014,12.600000000000039,0.4801587301587302,0.051587301587301584,0.0675000000000005,NORMAL,59.00000000000003,-0.4420838996597035,4.500000000000036,0.15579161003402967,46.900000000000034,Normal,안정,없음,안정,안정
2024-10-04,0.020888577105234,NORMAL,0.0283782616640859,-0.8084661460466985,3.908748621934342,3.3312355037387125,5.721581047045937,0.8522511488830835,4.876224020772576,neutral,-9.200000000000008,3.6999999999999895,12.800000000000011,0.48412698412698413,0.05357142857142857,0.0614999999999999,NORMAL,59.10000000000002,-0.4386271048673856,4.099999999999994,0.15613728951326145,46.20000000000002,Normal,안정,없음,안정,안정
2024-10-07,0.0623009591504346,NORMAL,0.2938312831406361,-0.4014381609923989,4.55192267069641,3.3324994571010764,5.696135733143267,0.732108099848548,4.170187108070933,neutral,-2.0000000000000018,0.8999999999999897,11.900000000000027,0.4523809523809524,0.09523809523809523,0.0561666666666667,NORMAL,58.59999999999999,-0.4550870512258922,3.29999999999999,0.15449129487741078,44.90000000000003,Normal,안정,없음,안정,안정
2024-10-08,0.0593677556865262,NORMAL,0.0135744835325269,-0.429421684318516,4.580884194126712,3.336074806058259,5.701861368155779,0.7282600180846177,4.152437663089111,neutral,-4.300000000000015,0.5999999999999783,12.400000000000016,0.4444444444444444,0.09722222222222222,0.0314999999999999,NORMAL,58.5,-0.4582635756496667,2.0999999999999943,0.15417364243503334,48.10000000000003,Normal,안정,없음,안정,안정
2024-10-10,0.0514322288551551,NORMAL,0.0183007899314395,-0.3279587613966614,4.3161386251577785,3.339650155015441,5.698819162123509,0.7737587795603665,4.409511359819916,neutral,3.600000000000003,0.49999999999998934,12.199999999999944,0.42857142857142855,0.12896825396825398,0.0276666666666663,NORMAL,57.999999999999964,-0.4747220902168433,1.3999999999999844,0.15252779097831567,49.00000000000002,Normal,안정,없음,안정,안정
2024-10-11,0.0496625741376758,NORMAL,0.999205850324646,-0.3599404644467948,4.281769801329688,3.343182481053054,5.6998141904934005,0.7807945396818954,4.45038379713863,neutral,5.500000000000016,1.29999999999999,12.000000000000016,0.4246031746031746,0.1349206349206349,0.0148333333333329,NORMAL,57.60000000000001,-0.4878554779514378,0.0999999999999943,0.15121445220485624,41.09999999999996,High-Vol,주의,금리,주의,안정
2024-10-14,0.0455896530302518,NORMAL,0.1369400091824135,-0.4717573489791776,4.162397461989771,3.346714807090667,5.699612231580641,0.8040353756824609,4.582689861863289,neutral,9.699999999999998,3.999999999999959,11.999999999999972,0.4087301587301587,0.13690476190476192,0.013333333333333,NORMAL,57.09999999999997,-0.5043075468232673,-0.8000000000000469,0.1495692453176733,42.499999999999986,Normal,안정,없음,안정,안정
2024-10-15,0.0395502060083484,NORMAL,0.017015564378787,-0.4114449087269603,4.166141721317846,3.3485321784019124,5.708179783218683,0.8037489846463253,4.587943704940698,neutral,1.7999999999999794,0.8999999999999397,11.799999999999994,0.4087301587301587,0.1388888888888889,0.013333333333333,NORMAL,56.89999999999999,-0.5107877466053393,-0.5000000000000355,0.14892122533946608,43.89999999999996,Normal,안정,없음,안정,안정
2024-10-16,0.0355086932770127,NORMAL,0.005711245998047,-0.5430202560264566,4.247215806297474,3.3503495497131577,5.717679340917253,0.7888343099367577,4.510301637332117,neutral,-0.19999999999997797,-0.49999999999998934,11.000000000000037,0.4166666666666667,0.14087301587301587,0.013333333333333,NORMAL,57.2,-0.5006504600695051,-0.2000000000000241,0.1499349539930495,44.899999999999984,Normal,안정,없음,안정,안정
2024-10-17,0.0283376188282393,NORMAL,0.0015134156017652,-0.3519395823241137,3.9619074353543087,3.3504968177392014,5.713040083856678,0.8456777126696223,4.831390670505783,neutral,8.499999999999996,0.7999999999999994,10.900000000000048,0.4126984126984127,0.15476190476190477,0.0199999999999995,NORMAL,57.00000000000003,-0.5071351073523404,-1.6000000000000014,0.14928648926476598,44.69999999999996,Low-Vol,안정,없음,안정,안정
2024-10-18,0.0382686413958652,NORMAL,0.0009722791001679,-0.2140108615642116,4.030919968130557,3.350644085765245,5.703496882157182,0.8312355770534419,4.740949522062432,bear_steep,10.199999999999987,6.00000000000001,11.299999999999999,0.4226190476190476,0.15674603174603174,0.0199999999999995,NORMAL,57.2,-0.5003202598279595,-1.099999999999973,0.14996797401720408,44.29999999999996,Low-Vol,안정,없음,안정,안정
2024-10-21,0.0310705354360917,NORMAL,0.0002716680422871,-0.2679229187318596,3.9174508360197113,3.350706916183143,5.707433905033651,0.8553283899250148,4.881730252595872,bear_steep,12.599999999999989,4.599999999999989,11.399999999999993,0.4107142857142857,0.15873015873015872,0.0333333333333328,NORMAL,56.89999999999999,-0.5101329286337212,-1.90000000000002,0.1489867071366279,45.29999999999998,Low-Vol,안정,없음,안정,안정
2024-10-22,0.0506479925299856,NORMAL,0.0009856156737055,-0.0806422673242416,4.10307650941403,3.3507697466010407,5.690463124107212,0.8166481270610214,4.647106052411964,bear_steep,15.09999999999998,5.099999999999971,11.799999999999994,0.4126984126984127,0.16666666666666666,0.0333333333333331,NORMAL,56.89999999999999,-0.509965817444915,-2.000000000000007,0.1490034182555085,46.30000000000001,Low-Vol,안정,없음,안정,안정
2024-10-23,0.050499868858767,NORMAL,0.0001374512202432,-0.0527561726172042,4.108076128029295,3.351727618684057,5.691052443253823,0.8158874164515375,4.643258074816572,bear_steep,13.900000000000023,4.100000000000029,12.100000000000044,0.43253968253968256,0.16865079365079366,0.0333333333333331,NORMAL,57.2,-0.4998196606337114,-1.6000000000000083,0.15001803393662888,46.60000000000002,Low-Vol,안정,없음,안정,안정
2024-10-24,0.047675909566003,NORMAL,0.0008570928735522,-0.2979890992159635,4.274945367456386,3.3526854907670742,5.703489311201728,0.7842639385031344,4.473040990413596,neutral,5.200000000000005,2.499999999999991,12.000000000000016,0.4146825396825397,0.17063492063492064,0.0333333333333331,NORMAL,56.89999999999999,-0.5096386106640931,-1.6000000000000083,0.1490361389335907,49.00000000000002,Low-Vol,안정,없음,안정,안정
2024-10-25,0.0454201952178224,NORMAL,0.0001813395948648,-0.2378551214863549,4.304391881983352,3.3534800306658763,5.707920319216681,0.7790833461754137,4.446945661997968,neutral,2.8000000000000025,0.0,10.599999999999987,0.4166666666666667,0.17261904761904762,0.0333333333333331,NORMAL,56.89999999999999,-0.5094719880769629,-1.6000000000000083,0.1490528011923037,48.89999999999999,Low-Vol,안정,없음,안정,안정
2024-10-28,0.0613984942512486,NORMAL,0.0016844269749227,-0.0333296012037934,4.451492948852575,3.354274570564679,5.693456744101459,0.7535167659715787,4.290115113014405,bear_steep,12.00000000000001,0.0,11.100000000000026,0.4365079365079365,0.14285714285714285,0.0266666666666663,NORMAL,57.100000000000016,-0.5026488649896687,-1.799999999999983,0.14973511350103313,47.50000000000001,Low-Vol,안정,없음,안정,안정
2024-10-29,0.0656336101734841,NORMAL,0.0003598740947019,0.0303561816085904,4.452707632795788,3.3544844231916713,5.693149755504907,0.7533583383028992,4.288981839516733,bear_flat,11.7,-1.1999999999999984,10.999999999999988,0.4087301587301587,0.14484126984126985,0.0266666666666663,NORMAL,56.8,-0.5124725444495232,-2.000000000000007,0.1487527455550477,48.20000000000002,Low-Vol,안정,없음,안정,안정
2024-10-30,0.0840555433369432,NORMAL,0.0001342891039991,0.1823173888772594,4.470473305920454,3.354694275818664,5.695854177404366,0.7504114321353597,4.2742340905001805,bear_flat,10.499999999999998,-0.5999999999999811,10.900000000000004,0.40476190476190477,0.07142857142857142,0.013333333333333,NORMAL,56.49999999999999,-0.522293630359165,-1.799999999999983,0.14777063696408352,48.499999999999986,Low-Vol,안정,없음,안정,안정
2024-10-31,0.0786012922950016,NORMAL,0.0002894586150948,0.148319806161727,4.466294826104094,3.3548217435685563,5.696928640638092,0.7511420258153748,4.279202520054525,bear_flat,10.80000000000001,-1.6999999999999904,11.000000000000037,0.4126984126984127,0.07341269841269842,0.013333333333333,NORMAL,56.70000000000002,-0.5154610343464511,-1.8999999999999704,0.1484538965653549,48.499999999999986,Low-Vol,안정,없음,안정,안정
2024-11-01,0.0586787556756279,NORMAL,0.0099326248166055,0.0803464745958647,4.213749424268878,3.354949211318448,5.698957216387308,0.7961909628502793,4.537458233357959,bear_flat,15.799999999999992,-0.10000000000003062,11.300000000000004,0.41865079365079366,0.07539682539682539,0.0066666666666665,NORMAL,56.8,-0.5119612877920944,-2.200000000000024,0.14880387122079058,48.8,Normal,안정,없음,안정,안정
2024-11-04,0.0764715910368556,NORMAL,0.0047479457376539,0.2697087379059804,4.0015786358570224,3.356092066234257,5.697793336618142,0.8386920192349235,4.778693798671562,bear_flat,10.000000000000009,-1.1000000000000094,11.700000000000005,0.4623015873015873,0.07738095238095238,0.0066666666666665,NORMAL,57.2,-0.4984680310005778,-1.90000000000002,0.15015319689994222,48.89999999999999,Normal,안정,없음,안정,안정
2024-11-05,0.0732645489798267,NORMAL,0.0099990958731757,0.3052163056578167,3.2758124745505564,3.354949211318448,5.703043330056055,1.0241578959060376,5.840816857171171,neutral,-2.8000000000000025,1.3999999999999817,11.799999999999994,0.4742063492063492,0.05555555555555555,0.0,NORMAL,57.3,-0.4949749112898023,-1.29999999999999,0.1505025088710198,49.10000000000001,Normal,안정,없음,안정,안정
2024-11-06,0.1505583566023364,NORMAL,0.0156465738538754,0.8346801887475356,3.510176933612199,3.356092066234257,5.689211920632301,0.9561033901446732,5.439474804568031,neutral,5.699999999999994,2.8999999999999915,10.400000000000015,0.43452380952380953,0.057539682539682536,0.0,NORMAL,56.89999999999999,-0.5081469606141578,-1.6000000000000083,0.14918530393858423,48.499999999999986,Normal,안정,없음,안정,안정
2024-11-07,0.0830446076038955,NORMAL,0.0124139812301135,0.3647675265804399,3.6086883460541936,3.357234921150066,5.6976889734529665,0.9303199941942697,5.300673972703518,neutral,0.9999999999999787,4.999999999999982,10.699999999999976,0.44841269841269843,0.0873015873015873,0.0,NORMAL,56.99999999999999,-0.504648338903031,-0.9999999999999788,0.14953516610969692,49.10000000000001,Normal,안정,없음,안정,안정
2024-11-08,0.050105061523787,NORMAL,0.0078320920956631,0.1642673552669648,3.774931160055488,3.358028384867108,5.708803995628256,0.8895601648051638,5.078324623191449,neutral,-3.600000000000003,2.200000000000019,10.400000000000015,0.4722222222222222,0.08928571428571429,0.0,NORMAL,57.2,-0.4978166287827307,-0.4000000000000057,0.15021833712172694,50.4,Normal,안정,없음,안정,안정
2024-11-11,0.0452592299145351,NORMAL,0.0027065335837685,0.1402153876174897,3.7792334226874464,3.3588218485841503,5.710832168213168,0.8887574470580497,5.075544618398122,neutral,-4.900000000000038,-1.1999999999999984,10.100000000000048,0.45436507936507936,0.09126984126984126,0.0,NORMAL,57.00000000000003,-0.5043258554424829,-0.0999999999999445,0.14956741445575172,49.40000000000002,Low-Vol,안정,없음,안정,안정
2024-11-12,0.024543029801119,NORMAL,0.0013283662084589,0.0068244128716046,3.727507986507024,3.3621776779951658,5.715924545498222,0.9019907375559503,5.155710996608101,neutral,-3.600000000000003,-2.9999999999999805,9.900000000000025,0.4146825396825397,0.05952380952380952,0.0,NORMAL,56.70000000000002,-0.5141688511155744,-0.1999999999999744,0.14858311488844256,49.6,Low-Vol,안정,없음,안정,안정
2024-11-13,0.0610040628804741,NORMAL,0.000802157513419,0.2251906303207531,3.79299562212688,3.3655335074061816,5.703796174864955,0.8873022388354342,5.060991115818661,neutral,5.900000000000016,0.0,8.700000000000024,0.3968253968253968,0.09722222222222222,0.0,NORMAL,56.19999999999998,-0.5306811876026989,-1.000000000000021,0.1469318812397301,49.799999999999976,Low-Vol,안정,없음,안정,안정
2024-11-14,0.0762620887810714,NORMAL,0.0006330670419985,0.3375018966658821,3.773327444047229,3.366659096180072,5.702565558744185,0.8922255346514617,5.087974604535542,neutral,4.599999999999982,1.399999999999979,8.600000000000035,0.40476190476190477,0.1746031746031746,0.0,NORMAL,56.30000000000002,-0.5271693554347734,-0.70000000000001,0.14728306445652267,51.00000000000002,Low-Vol,안정,없음,안정,안정
2024-11-15,0.0946720833659782,NORMAL,0.0001323185218605,0.4715822804592713,3.650147798017008,3.3677846849539628,5.7001702172293225,0.9226433753678569,5.259224289395792,neutral,1.200000000000001,-2.099999999999988,8.299999999999974,0.4146825396825397,0.1765873015873016,0.0,NORMAL,56.49999999999999,-0.5203214171935335,-0.70000000000001,0.14796785828064665,50.0,Low-Vol,안정,없음,안정,안정
2024-11-18,0.0703011916591508,NORMAL,0.0001871811933926,0.3056201791953531,3.658799774444301,3.368192915727679,5.705221697018891,0.920573172452226,5.2520740371679535,neutral,0.9000000000000341,-0.3999999999999587,8.000000000000007,0.42857142857142855,0.17857142857142858,0.0,NORMAL,56.70000000000002,-0.513475488584301,-0.1999999999999744,0.1486524511415699,50.60000000000002,Low-Vol,안정,없음,안정,안정
2024-11-19,0.0491098995339806,NORMAL,0.0001766734390912,0.1725017271061874,3.2403865916211108,3.3677846849539628,5.711546004964467,1.03931570808936,5.936099480434601,neutral,-9.399999999999986,-3.999999999999959,7.100000000000017,0.44047619047619047,0.18055555555555555,0.0,NORMAL,56.8,-0.509970043192838,-0.0999999999999872,0.1490029956807162,51.00000000000002,Low-Vol,안정,없음,안정,안정
2024-11-20,0.0318781319141548,NORMAL,0.0001094788657368,0.0608112107818641,3.2551942297940064,3.366659096180072,5.715947322285388,1.0342421553116108,5.91167367824807,bull_flat,-11.100000000000021,-4.800000000000049,6.699999999999973,0.4166666666666667,0.18253968253968253,0.0,NORMAL,56.49999999999999,-0.5198222510286902,-0.70000000000001,0.148017774897131,51.00000000000002,Low-Vol,안정,없음,안정,안정
2024-11-21,0.0176743539250765,NORMAL,0.0012921939734572,-0.0636320687298122,3.153377470853144,3.3655335074061816,5.725270747754136,1.0672789853146376,6.110461154314611,neutral,-9.599999999999964,-3.399999999999981,6.799999999999962,0.42857142857142855,0.18452380952380953,0.0,NORMAL,56.69999999999997,-0.5129730164581318,-0.200000000000017,0.14870269835418684,51.500000000000014,Low-Vol,안정,없음,안정,안정
2024-11-22,0.0173373585652438,NORMAL,0.0002806001070239,-0.0134176109555793,3.1333351997008188,3.3621776779951658,5.726011291934975,1.0730347899950818,6.144209324150912,neutral,-7.799999999999985,-1.1999999999999622,5.399999999999983,0.46825396825396826,0.1865079365079365,0.0,NORMAL,56.89999999999999,-0.5061257321978132,0.0,0.14938742678021869,51.40000000000002,Low-Vol,안정,없음,안정,안정
2024-11-25,0.0078998843920143,NORMAL,0.0007028560690634,-0.2813022835569155,2.918592847679557,3.3588218485841503,5.738950466863974,1.1508360445872399,6.6045910553678295,bull_flat,-19.700000000000006,-3.8000000000000203,4.999999999999982,0.47023809523809523,0.1884920634920635,0.0,NORMAL,56.89999999999999,-0.5059625062199055,-0.2000000000000241,0.14940374937800946,51.69999999999999,Low-Vol,안정,없음,안정,안정
2024-11-26,0.0050212997249607,NORMAL,0.0005397001242859,-0.2358062998237485,2.911117528228265,3.358028384867108,5.742569456850056,1.153518658145979,6.624161014175761,bull_flat,-21.499999999999986,-5.200000000000002,4.599999999999982,0.49007936507936506,0.19047619047619047,0.0029999999999997,NORMAL,56.99999999999999,-0.502457722193497,0.1999999999999815,0.1497542277806503,51.500000000000014,Low-Vol,안정,없음,안정,안정
2024-11-27,0.0011211163659232,NORMAL,0.000308209050762,-0.6794641755655425,2.92374579498358,3.357234921150066,5.748253670644549,1.1482649849074587,6.600518414366907,bull_flat,-22.500000000000007,-2.9000000000000306,4.999999999999982,0.5476190476190477,0.19246031746031747,0.0216666666666665,NORMAL,57.49999999999997,-0.4855843999775128,0.9999999999999788,0.15144156000224873,51.6,Low-Vol,안정,없음,안정,안정
2024-11-28,0.0,NORMAL,0.999975824230872,-0.8948809840879224,3.429347030067319,3.358028384867108,5.770464667059953,0.9792034330224052,5.650458812119596,bull_flat,-31.200000000000028,-1.400000000000018,4.500000000000037,0.5714285714285714,0.003968253968253968,0.0225000000000002,NORMAL,58.20000000000003,-0.4620289368939078,1.5000000000000142,0.15379710631060922,37.1,High-Vol,주의,금리,주의,안정
2024-11-29,0.0,NORMAL,0.1846539475022988,-1.087768721792498,3.4591564228717235,3.3588218485841503,5.779180000634012,0.9709944963390013,5.6115519739680515,bull_flat,-33.9,-0.70000000000002,4.1999999999999815,0.6111111111111112,0.06547619047619048,0.0284999999999995,NORMAL,58.69999999999997,-0.4451662178249834,1.8999999999999704,0.15548337821750166,41.1,Normal,안정,없음,안정,안정
2024-12-02,0.0,NORMAL,0.0329455147407852,-1.2982894599092647,3.5094571480051098,3.3621776779951658,5.791809609555198,0.9580335465575744,5.548747901228407,bull_flat,-39.900000000000006,-3.100000000000011,3.89999999999997,0.6309523809523809,0.20238095238095238,0.0321666666666668,NORMAL,58.9,-0.4383405705297278,1.6999999999999955,0.15616594294702724,43.599999999999994,Normal,안정,없음,안정,안정
2024-12-03,0.0027200000000002,NORMAL,0.0085285846999477,-1.3628549761533846,3.5988302193029846,3.3655335074061816,5.787912008609455,0.9351742934008186,5.41270652291746,bull_flat,-35.999999999999986,-2.699999999999969,3.100000000000014,0.5833333333333334,0.25595238095238093,0.0365000000000003,NORMAL,58.400000000000006,-0.4549328891179717,1.1000000000000083,0.15450671108820285,44.10000000000003,Normal,안정,없음,안정,안정
2024-12-04,0.0115479776000002,NORMAL,0.0053794611861375,-1.1637308935595654,3.4990938676658554,3.366659096180072,5.775701716085944,0.962151695126108,5.557101196674862,bull_flat,-36.89999999999998,-3.49999999999997,2.0000000000000018,0.5853174603174603,0.28174603174603174,0.0491666666666669,NORMAL,58.400000000000006,-0.4547924261026497,1.5000000000000142,0.15452075738973503,43.599999999999994,Normal,안정,없음,안정,안정
2024-12-05,0.0069844802085923,NORMAL,0.0039275510587075,-1.0492262651001072,3.4810766634537167,3.3677846849539628,5.782078335606283,0.9674549027635168,5.593900033945013,bull_flat,-35.999999999999986,-4.0999999999999925,2.499999999999991,0.6507936507936508,0.2837301587301587,0.0515,NORMAL,59.09999999999997,-0.4312260200724231,2.099999999999987,0.15687739799275768,44.300000000000004,Low-Vol,안정,없음,안정,안정
2024-12-06,0.0080009181236859,NORMAL,0.0019300557564969,-0.9565775069360762,3.440299099604104,3.368192915727679,5.780369064177256,0.9790407223939562,5.659216704295777,bull_flat,-30.49999999999997,-3.599999999999999,1.6999999999999904,0.6587301587301587,0.2857142857142857,0.0500000000000002,NORMAL,59.20000000000001,-0.4277480184955927,2.000000000000007,0.15722519815044073,44.09999999999998,Low-Vol,안정,없음,안정,안정
2024-12-09,0.0,NORMAL,0.010987840027102,-1.031625350660737,3.6267246351146296,3.368601146501396,5.795841068048578,0.9288273815679212,5.3833358832193845,bull_flat,-36.09999999999998,-3.9000000000000217,1.499999999999968,0.6666666666666666,0.2876984126984127,0.0559999999999995,NORMAL,59.399999999999984,-0.420922730215975,2.399999999999956,0.1579077269784025,45.799999999999976,Low-Vol,안정,없음,안정,안정
2024-12-10,0.0,NORMAL,0.0450896786069052,-1.2869726310556884,3.6380265037661887,3.3724071893648646,5.804124635589501,0.9269880760554252,5.380354329131007,bull_steep,-36.89999999999998,0.70000000000002,7.699999999999951,0.753968253968254,0.20436507936507936,0.1393333333333328,NORMAL,65.09999999999998,-0.2299083860335235,8.399999999999963,0.1,45.39999999999998,Normal,안정,없음,안정,안정
2024-12-11,0.0079899999999999,NORMAL,0.0089699218265027,-1.0427482558992438,3.5779845841214133,3.3762132322283334,5.793651161087859,0.9436075401809967,5.4669329207808905,bull_steep,-37.5,2.8,7.799999999999985,0.7599206349206349,0.06746031746031746,0.1350000000000005,NORMAL,65.20000000000002,-0.2264967592242447,9.000000000000036,0.1,46.20000000000002,Normal,안정,없음,안정,안정
2024-12-12,0.0093445667999998,NORMAL,0.0115802712710466,-0.8135522228342164,3.5818401621747986,3.3776176011098373,5.7916028892264455,0.9429838988289855,5.461388272951971,bull_steep,-37.39999999999996,0.60000000000002,6.499999999999995,0.7579365079365079,0.2976190476190476,0.1453333333333333,NORMAL,65.10000000000002,-0.2297867159636061,8.800000000000004,0.1,48.10000000000003,Normal,안정,없음,안정,안정
2024-12-13,0.0052836297162717,NORMAL,0.0129857471412936,-0.987734613548658,3.518582250371808,3.3790219699913417,5.796989764774393,0.9603362177008313,5.567059224753873,bull_flat,-40.79999999999999,-0.8000000000000007,7.30000000000004,0.7738095238095238,0.31746031746031744,0.1565000000000003,NORMAL,65.60000000000001,-0.2129675657288188,9.100000000000016,0.1,50.4,Normal,안정,없음,안정,안정
2024-12-16,0.0129134198326068,NORMAL,0.2104252204289924,-0.6915377439690529,3.810083574162805,3.3806235897932555,5.786970244696245,0.8872833164915771,5.134682151152157,bull_steep,-34.20000000000001,1.9999999999999991,7.100000000000017,0.7777777777777778,0.15476190476190477,0.138,NORMAL,65.90000000000002,-0.2028538621990101,9.200000000000005,0.1,52.60000000000002,Normal,안정,없음,안정,안정
2024-12-17,0.0379442221189896,NORMAL,0.0631673271342357,-0.6233937474100407,4.257266234272134,3.3822252095951693,5.770451502792404,0.7944594073932587,4.584389481299993,bull_steep,-24.6,2.1999999999999797,6.899999999999995,0.7777777777777778,0.21428571428571427,0.1349999999999998,NORMAL,65.8,-0.2061532396018557,8.999999999999993,0.1,52.49999999999999,Normal,안정,없음,안정,안정
2024-12-18,0.0325473808863918,NORMAL,0.2895252154433441,-0.818221951259044,4.347591589786108,3.3823516398497544,5.783721627770269,0.7779828371634508,4.499636161336326,bull_steep,-27.89999999999999,5.80000000000003,7.899999999999974,0.7936507936507936,0.30753968253968256,0.1663333333333332,NORMAL,66.69999999999999,-0.1759126703514192,10.199999999999996,0.1,56.49999999999999,Normal,안정,없음,안정,안정
2024-12-19,0.0599065820790234,NORMAL,0.076412115696716,-0.6603862179953729,4.741485443458228,3.3824780701043395,5.765743653873808,0.7133794061882242,4.113162784034019,bull_steep,-16.400000000000013,6.199999999999981,8.699999999999974,0.8015873015873016,0.32936507936507936,0.1774999999999998,NORMAL,67.19999999999997,-0.1590923577067368,10.5,0.1,56.89999999999999,Normal,안정,없음,안정,안정
2024-12-20,0.078375261153284,NORMAL,0.0598145816214389,-0.4765809559498656,4.973961145172344,3.3839692339662784,5.752486234096046,0.6803368854721977,3.9136285682265957,bull_steep,-10.299999999999976,8.400000000000011,8.599999999999985,0.7996031746031746,0.3392857142857143,0.1796666666666662,NORMAL,67.09999999999998,-0.1624065634326536,10.199999999999989,0.1,57.49999999999997,Normal,안정,없음,안정,안정
2024-12-23,0.069484902362998,NORMAL,0.007700959816857,-0.4765809559498669,4.864111321440783,3.385460397828217,5.759001361737386,0.6960080010721097,4.008311025954396,bull_steep,-7.600000000000007,8.09999999999999,8.699999999999974,0.8095238095238095,0.34523809523809523,0.1938333333333328,NORMAL,67.59999999999997,-0.1455816420442727,10.699999999999974,0.1,59.20000000000001,Normal,안정,없음,안정,안정
2024-12-24,0.0767945457350944,NORMAL,0.0283554010922428,-0.3871962332792826,4.917238741621688,3.3870628574834707,5.751919386683513,0.6888139940844991,3.9620025663935325,bull_steep,-2.7000000000000135,12.00000000000001,9.399999999999986,0.8174603174603174,0.3472222222222222,0.2013333333333332,NORMAL,68.19999999999999,-0.1253997065154164,11.200000000000005,0.1,59.89999999999998,Normal,안정,없음,안정,안정
2024-12-26,0.0819797812473271,NORMAL,0.0683696951412873,-0.2960841182393895,4.931275056637026,3.388665317138724,5.745411005632022,0.6871783216752235,3.948121892184571,bear_steep,2.400000000000002,11.7,9.90000000000002,0.8194444444444444,0.35714285714285715,0.2005000000000002,NORMAL,68.19999999999999,-0.1253673742889452,10.700000000000015,0.1,60.70000000000002,Normal,안정,없음,안정,안정
2024-12-27,0.0607312708795414,NORMAL,0.1183403270284991,-0.3566499370861691,4.481822937388896,3.389253476468343,5.751723483284701,0.7562220828034134,4.349580312238861,bear_steep,8.800000000000008,9.200000000000008,10.100000000000042,0.8253968253968254,0.30952380952380953,0.1908333333333335,NORMAL,68.70000000000003,-0.108539785069875,10.5,0.1,61.39999999999999,Normal,안정,없음,안정,안정
2024-12-30,0.0548696059061175,NORMAL,0.0316273295417487,-0.2402710938277781,4.417858495267871,3.389841635797962,5.7571149432470605,0.7673042582574667,4.417458811231163,bear_steep,10.40000000000001,11.400000000000041,9.799999999999986,0.8333333333333334,0.3115079365079365,0.1781666666666672,NORMAL,68.80000000000001,-0.1051520309590268,10.100000000000035,0.1,61.79999999999999,Normal,안정,없음,안정,안정
2024-12-31,0.0466968035883276,NORMAL,0.9999997661793562,-0.4497201959081853,4.196477219362873,3.3912869030164714,5.757139452657549,0.8081270851105324,4.652500324450991,bear_steep,15.799999999999992,12.9,9.699999999999953,0.8313492063492064,0.36904761904761907,0.195166666666666,NORMAL,68.79999999999997,-0.1051250849770266,9.89999999999997,0.1,61.79999999999999,High-Vol,주의,금리,주의,안정
2025-01-02,0.0549777383030656,NORMAL,0.9999999951986268,-1.1316546313533555,4.900225558718267,3.392732170234981,5.78206412973958,0.6923624493568016,4.003284083204599,bear_steep,3.600000000000003,11.399999999999988,10.40000000000001,0.8412698412698413,0.3888888888888889,0.2589999999999998,NORMAL,69.0,-0.0983749663909505,10.599999999999994,0.1,58.9,High-Vol,주의,금리,주의,안정
2025-01-03,0.0505484836314994,NORMAL,0.874932133761155,-1.0396504486252327,4.757429093422973,3.393585172795607,5.781601991651872,0.7133233320255165,4.124151597130475,bull_steep,-1.100000000000012,13.29999999999996,10.299999999999976,0.8333333333333334,0.3968253968253968,0.2693333333333327,NORMAL,68.79999999999997,-0.10507470001773,10.399999999999965,0.1,52.19999999999998,High-Vol,주의,금리,주의,안정
2025-01-06,0.0670509365864771,NORMAL,0.1708983641266852,-0.8528946407267965,4.917046075161704,3.394438175356233,5.767038580719003,0.6903409330457824,3.981222794724581,bear_steep,7.900000000000018,15.800000000000031,9.800000000000031,0.8134920634920635,0.40476190476190477,0.2766156628011362,NORMAL,67.8,-0.1386805474575459,8.700000000000024,0.1,59.699999999999996,Normal,안정,없음,안정,안정
2025-01-07,0.0645369556514132,NORMAL,0.0126487972859132,-0.9143083006110414,4.953308304345159,3.39570138233507,5.7723646424513975,0.6855421010956013,3.9571989852760905,bear_steep,4.999999999999982,16.199999999999985,10.299999999999976,0.8174603174603174,0.4166666666666667,0.3130522546160317,WARNING,67.89999999999998,-0.1352806947583485,8.699999999999967,0.1,58.099999999999994,Normal,주의,신용,안정,주의
2025-01-08,0.0546465661983999,NORMAL,0.0018166433116415,-0.9143083006110428,4.676309273460491,3.396964589313907,5.77200906192267,0.7264200014726864,4.192902831262225,bear_steep,11.899999999999977,19.30000000000001,10.600000000000032,0.8134920634920635,0.41865079365079366,0.307048010373317,WARNING,67.7,-0.14197573868778,8.300000000000018,0.1,57.00000000000003,Low-Vol,주의,신용,안정,주의
2025-01-09,0.0497956060089335,NORMAL,0.0351755989622047,-0.8583536779452295,4.62672727347937,3.4058887612328723,5.775997637995436,0.7361334610655778,4.2519051323641825,bear_steep,13.3,15.700000000000003,10.499999999999998,0.8095238095238095,0.42658730158730157,0.2577088971236407,NORMAL,67.39999999999999,-0.1520364330869063,2.300000000000012,0.1847963566913094,55.60000000000001,Normal,안정,없음,안정,안정
2025-01-10,0.062016482720891,NORMAL,0.0228616017454089,-0.5330207447650056,4.689167247356845,3.414812933151837,5.761847325527255,0.728234407735547,4.1959754745679865,bear_steep,14.500000000000002,12.000000000000007,8.700000000000019,0.7837301587301587,0.4246031746031746,0.228813413179854,NORMAL,65.90000000000002,-0.2024957135661443,0.7000000000000028,0.17975042864338558,52.099999999999994,Normal,안정,없음,안정,안정
2025-01-13,0.0691076064537801,NORMAL,0.0496080283120529,-0.4873810890862294,4.727241879730043,3.415506365047281,5.752056479483611,0.7225156765708654,4.1559509789479305,bear_steep,17.09999999999998,5.599999999999961,7.199999999999962,0.7261904761904762,0.42063492063492064,0.1825300216860776,NORMAL,64.19999999999999,-0.2596871393434836,-0.9000000000000341,0.17403128606565166,50.10000000000004,Normal,안정,없음,안정,안정
2025-01-14,0.0649763227879702,NORMAL,0.1120820979334865,-0.722484003498998,4.750830952248463,3.4161997969427245,5.758908508350576,0.7190741643471681,4.141082323193986,bear_steep,16.500000000000004,6.0,7.399999999999984,0.746031746031746,0.40674603174603174,0.1394095068678291,NORMAL,64.6,-0.2461448002628453,-1.0000000000000142,0.1753855199737155,46.4,Normal,안정,없음,안정,안정
2025-01-15,0.0655383371949584,NORMAL,0.0134146316409483,-0.6058608321275821,4.680021929773175,3.417922527007038,5.754136709025334,0.7303219041054138,4.202372077818241,bear_steep,13.899999999999979,1.6999999999999904,7.100000000000017,0.7261904761904762,0.40476190476190477,0.1660746285397017,NORMAL,64.00000000000001,-0.2662923358607544,-1.9000000000000057,0.17337076641392457,45.199999999999996,Normal,안정,없음,안정,안정
2025-01-16,0.0549466063378106,NORMAL,0.0646487848776545,-1.0430154290521525,4.65531953790499,3.419645257071352,5.767753530643897,0.7345672470445019,4.236802832636293,neutral,1.200000000000001,0.700000000000009,8.099999999999996,0.7658730158730159,0.4007936507936508,0.1411790623298087,NORMAL,64.99999999999999,-0.2325235105496752,-0.8000000000000114,0.17674764894503248,44.09999999999998,Normal,안정,없음,안정,안정
2025-01-17,0.0507219887300744,NORMAL,0.0148305347104557,-1.0003589053502744,4.49091187551973,3.4214911742904697,5.76632566526388,0.7618700319953401,4.393190719090143,neutral,7.500000000000018,2.3000000000000185,8.099999999999996,0.7857142857142857,0.4007936507936508,0.1199999999999998,NORMAL,65.3,-0.2223501850907572,-1.3999999999999917,0.1777649814909243,43.69999999999998,Normal,안정,없음,안정,안정
2025-01-20,0.054179572732018,NORMAL,0.0124227302619997,-0.6506904770577788,4.334937624756119,3.423337091509588,5.753700671912202,0.7897085005236224,4.543746330077544,neutral,5.399999999999983,3.399999999999981,7.599999999999962,0.7420634920634921,0.39285714285714285,0.0933333333333331,NORMAL,64.49999999999996,-0.249262028249362,-2.700000000000017,0.1750737971750638,40.599999999999966,Normal,안정,없음,안정,안정
2025-01-21,0.0436145691652025,NORMAL,0.0169196637160293,-0.7384451732632505,4.274634487298287,3.4245665978414035,5.765474673543204,0.8011367072476517,4.618933395682132,neutral,-5.500000000000016,-0.5000000000000393,7.899999999999974,0.7579365079365079,0.3968253968253968,0.0866666666666668,NORMAL,64.79999999999997,-0.2390790599584702,-2.300000000000012,0.176092094004153,39.69999999999998,Normal,안정,없음,안정,안정
2025-01-22,0.0436991494866646,NORMAL,0.0068944514413666,-0.9277793216968164,4.236094899786816,3.4257961041732194,5.763595697529057,0.8087156178549315,4.661109855593237,neutral,-1.6999999999999904,2.2000000000000295,7.899999999999974,0.7757936507936508,0.38095238095238093,0.0466666666666668,NORMAL,64.99999999999999,-0.2322696334421257,-2.59999999999998,0.17677303665578745,39.599999999999994,Normal,안정,없음,안정,안정
2025-01-23,0.043095754404554,NORMAL,0.0227410340827657,-0.898123510694762,4.174417702853251,3.4268040250648664,5.76143037086256,0.8209058769376663,4.729592051008233,neutral,-3.89999999999997,0.9000000000000286,7.200000000000006,0.7281746031746031,0.376984126984127,0.04,NORMAL,64.00000000000001,-0.265945203087326,-4.199999999999974,0.1734054796912674,38.3,Normal,안정,없음,안정,안정
2025-01-24,0.0460157574887641,NORMAL,0.0046855729066063,-0.7837278588378939,4.15386630299505,3.427811945956513,5.75692211194538,0.8252099841261062,4.750669604613678,neutral,-4.499999999999993,3.300000000000031,7.500000000000018,0.7301587301587301,0.373015873015873,0.0266666666666667,NORMAL,64.00000000000001,-0.2658736448843004,-4.199999999999974,0.17341263551156996,37.80000000000001,Normal,안정,없음,안정,안정
2025-01-31,0.0443763798528747,NORMAL,0.001434262814998,-0.7677366882302223,4.109459562367868,3.428579488011916,5.756848535564817,0.8343139617211297,4.803019108735566,neutral,-1.6999999999999904,4.399999999999999,6.400000000000006,0.6944444444444444,0.375,0.0533333333333334,NORMAL,63.10000000000002,-0.2961793758030629,-5.6000000000000085,0.17038206241969373,37.699999999999974,Low-Vol,안정,없음,안정,안정
2025-02-03,0.0406764728987682,NORMAL,0.0804393395853292,-0.8108295509466094,4.117740821577298,3.429347030067319,5.762005550127655,0.8328224574255039,4.798727621956706,neutral,-2.0000000000000018,0.49999999999998934,5.600000000000005,0.6904761904761905,0.3869047619047619,0.0599999999999998,NORMAL,62.40000000000001,-0.3197303754737249,-6.399999999999999,0.16802696245262752,37.999999999999986,Normal,안정,없음,안정,안정
2025-02-04,0.042405500961379,NORMAL,0.0840151128542979,-0.8010007344357238,4.123804451946602,3.4302752968245915,5.759785591033605,0.8318229772523194,4.791121998668583,neutral,-1.100000000000012,0.09999999999998899,5.200000000000005,0.6924603174603174,0.4007936507936508,0.04,NORMAL,62.40000000000001,-0.3196419462352855,-6.399999999999956,0.16803580537647145,37.9,Normal,안정,없음,안정,안정
2025-02-05,0.0296110549251962,NORMAL,0.0321577125801497,-0.8100303860919056,3.365377119714018,3.429347030067319,5.765499194508122,1.0190082442703292,5.875091211537718,neutral,6.899999999999995,-0.19999999999997797,4.700000000000015,0.6865079365079365,0.39880952380952384,0.0,NORMAL,62.000000000000014,-0.3330634997544757,-6.999999999999986,0.16669365002455244,37.80000000000001,Normal,안정,없음,안정,안정
2025-02-06,0.0259264275979063,NORMAL,0.0120374676965952,-1.09676200778649,3.4126544692241665,3.428579488011916,5.77011921573928,1.0046664609415819,5.797045251687798,bear_flat,4.1999999999999815,-5.799999999999988,4.500000000000037,0.6825396825396826,0.4107142857142857,0.0,NORMAL,61.400000000000034,-0.3532399676135425,-7.399999999999935,0.16467600323864576,37.9,Normal,안정,없음,안정,안정
2025-02-07,0.0326382777440732,NORMAL,0.0181941124405431,-0.8453509598166159,3.2305246437202872,3.427811945956513,5.760247712453708,1.0610697406750096,6.112024546477073,bear_flat,1.8999999999999684,-9.200000000000008,3.7000000000000366,0.6785714285714286,0.4126984126984127,0.0,NORMAL,60.70000000000002,-0.3767927653923826,-7.09999999999998,0.16232072346076176,37.300000000000026,Normal,안정,없음,안정,안정
2025-02-10,0.0316349232657227,NORMAL,0.0036802859960563,-0.7142902888820837,3.186253368192125,3.4268040250648664,5.7614586534230225,1.075496399399408,6.196428037045022,bear_flat,3.600000000000003,-9.39999999999999,2.8999999999999915,0.6706349206349206,0.4146825396825397,0.0,NORMAL,60.1,-0.396962565649489,-7.799999999999983,0.1603037434350511,37.80000000000001,Normal,안정,없음,안정,안정
2025-02-11,0.0348138328646485,NORMAL,0.0010977477063093,-0.6149671248522024,3.209406405191478,3.4257961041732194,5.757515700744933,1.0674235891820099,6.145708074060931,bear_flat,5.300000000000038,-7.499999999999973,2.499999999999991,0.6706349206349206,0.4166666666666667,0.0,NORMAL,59.50000000000002,-0.4171291454016836,-8.199999999999982,0.15828708545983164,37.9,Low-Vol,안정,없음,안정,안정
2025-02-12,0.0398250575908436,NORMAL,0.0003543458880728,-0.4378137284192826,3.226285953326433,3.4245665978414035,5.750667144409093,1.0614578643627466,6.10409086576549,bear_flat,10.099999999999998,-4.999999999999982,2.0000000000000018,0.623015873015873,0.4305555555555556,0.0,NORMAL,58.70000000000002,-0.4440539615906009,-8.699999999999974,0.15559460384093993,37.999999999999986,Low-Vol,안정,없음,안정,안정
2025-02-13,0.0386587535001106,NORMAL,0.0010634342805906,-0.643114299673512,2.9730145962429364,3.423337091509588,5.752650727063737,1.1514699913803768,6.624004683106399,neutral,3.49999999999997,-3.500000000000009,3.4000000000000252,0.6785714285714286,0.43253968253968256,0.0,NORMAL,59.60000000000001,-0.4134866238096695,-6.300000000000011,0.15865133761903305,38.09999999999998,Low-Vol,안정,없음,안정,안정
2025-02-14,0.0343241893453458,NORMAL,0.0002377687121974,-0.7503143628152721,2.932912150782971,3.4214911742904697,5.7586960863959336,1.1665849498346097,6.718008185060963,neutral,-2.499999999999991,2.8,3.399999999999981,0.6825396825396826,0.43452380952380953,0.0,NORMAL,59.7,-0.4099832745046539,-4.499999999999993,0.15900167254953462,38.7,Low-Vol,안정,없음,안정,안정
2025-02-17,0.0381670855551758,NORMAL,0.0036785287250075,-0.7054967067775996,2.8987111473531386,3.419645257071352,5.753487142774165,1.1797123215239596,6.787459674060363,bear_steep,2.8000000000000025,5.099999999999979,2.699999999999969,0.6626984126984127,0.4444444444444444,0.0,NORMAL,59.19999999999996,-0.4267787964271157,-5.400000000000034,0.15732212035728843,38.49999999999998,Low-Vol,안정,없음,안정,안정
2025-02-18,0.0396678877347262,NORMAL,0.0032945749554166,-0.6075877838283748,2.8752848829106687,3.417922527007038,5.75112529949799,1.1887248276932663,6.836505430688132,bear_steep,1.8000000000000238,5.20000000000001,1.6000000000000014,0.5833333333333334,0.4583333333333333,0.0,NORMAL,58.30000000000002,-0.4571058711687991,-5.699999999999996,0.1542894128831201,38.49999999999998,Low-Vol,안정,없음,안정,안정
2025-02-19,0.0388347465870135,NORMAL,0.0129648320577819,-0.5370345290027018,2.5270067585771563,3.4161997969427245,5.752461745850749,1.2,6.902954095020899,bear_steep,7.100000000000017,6.70000000000002,1.6000000000000014,0.5912698412698413,0.4642857142857143,0.0,NORMAL,58.400000000000006,-0.453583652168646,-6.59999999999998,0.15464163478313542,38.79999999999999,Normal,안정,없음,안정,안정
2025-02-20,0.0413352322851152,NORMAL,0.0075995438796172,-0.4249459487717306,2.5347843259234604,3.415506365047281,5.749310499258959,1.2,6.89917259911075,neutral,7.499999999999973,3.49999999999997,1.9000000000000128,0.5932539682539683,0.4742063492063492,0.0,NORMAL,58.400000000000006,-0.4534472376648311,-6.899999999999992,0.1546552762335169,39.000000000000014,Normal,안정,없음,안정,안정
2025-02-21,0.0360076641169304,NORMAL,0.0024881132109876,-0.4029280540166437,2.34866143288378,3.414812933151837,5.756386668508714,1.2,6.907664002210457,neutral,-1.200000000000001,-0.6999999999999618,1.5000000000000568,0.5734126984126984,0.49007936507936506,0.0280070372622793,NORMAL,58.20000000000003,-0.4600822492765363,-6.299999999999926,0.15399177507234638,35.00000000000001,Low-Vol,안정,없음,안정,안정
2025-02-24,0.0308325443118786,NORMAL,0.0064398315063353,-0.496439506905077,2.169956342029878,3.4137337011880016,5.763215166012359,1.2,6.9158581992148305,neutral,0.7000000000000117,-2.3999999999999493,1.200000000000001,0.5694444444444444,0.47619047619047616,0.0133333333333333,NORMAL,58.1,-0.4633296441215376,-6.699999999999974,0.15366703558784625,34.79999999999998,Normal,안정,없음,안정,안정
2025-02-25,0.0261459257673408,NORMAL,0.9917021889848594,-0.4094201673732212,2.248625311045303,3.4126544692241665,5.769561398221504,1.2,6.923473677865805,neutral,-2.9999999999999805,-4.899999999999999,1.29999999999999,0.5753968253968254,0.4365079365079365,0.0199999999999998,NORMAL,58.19999999999999,-0.4598025039582146,-6.799999999999997,0.15401974960417855,27.30000000000001,High-Vol,주의,금리,주의,안정
2025-02-26,0.0185959339334009,NORMAL,0.5210291214716326,-0.4981288094158597,2.429614437681294,3.404809529269037,5.7793568230335195,1.2,6.935228187640223,bull_flat,-8.50000000000004,-9.80000000000007,0.7000000000000117,0.5595238095238095,0.40674603174603174,0.0133333333333334,NORMAL,57.7,-0.4766019547145138,-6.3000000000000185,0.15233980452854862,32.2,High-Vol,주의,금리,주의,안정
2025-02-27,0.0189327726246322,NORMAL,0.0237035270501974,-0.4166024218930396,2.355927574617273,3.396964589313907,5.778901751097042,1.2,6.93468210131645,bull_flat,-10.499999999999998,-12.700000000000019,0.5000000000000338,0.5714285714285714,0.373015873015873,0.0,NORMAL,58.00000000000001,-0.4662916315084666,-6.000000000000007,0.15337083684915334,30.799999999999983,Normal,안정,없음,안정,안정
2025-02-28,0.0108500183369406,NORMAL,0.0058916343972263,-0.2806562701352533,2.5371502870242617,3.39570138233507,5.789889547065648,1.2,6.947867456478778,bull_flat,-15.300000000000002,-14.599999999999987,0.8999999999999897,0.6924603174603174,0.3492063492063492,0.0,NORMAL,59.10000000000002,-0.4288716343923023,-4.0,0.15711283656076977,29.19999999999998,Low-Vol,안정,없음,안정,안정
2025-03-04,0.0103427850916162,NORMAL,0.3036732727222948,-0.1655600224460358,2.5092250848251365,3.394438175356233,5.791151032083851,1.2,6.949381238500622,bull_flat,-13.200000000000012,-10.100000000000001,0.40000000000004476,0.6944444444444444,0.36706349206349204,0.0,NORMAL,59.10000000000002,-0.4287454264080698,-3.29999999999999,0.15712545735919303,29.19999999999998,Normal,안정,없음,안정,안정
2025-03-05,0.0546568965796064,NORMAL,0.040820345649285,0.2591347658892756,3.026283981526197,3.393585172795607,5.775476540257593,1.1213703649464433,6.476448235688278,bull_flat,-7.099999999999973,-5.199999999999968,-0.30000000000001137,0.6408730158730159,0.375,0.0,NORMAL,58.59999999999999,-0.4455712583921332,-3.8000000000000256,0.1554428741607867,27.0,Normal,안정,없음,안정,안정
2025-03-06,0.0673715322655001,NORMAL,0.0190687972877729,0.3156375770829493,3.08295825124949,3.392732170234981,5.767679536206165,1.100479440115656,6.347212746770686,neutral,-1.200000000000001,-2.8000000000000025,-0.40000000000000036,0.5734126984126984,0.376984126984127,0.0,NORMAL,58.00000000000001,-0.4657847719443113,-4.000000000000007,0.15342152280556887,25.8,Normal,안정,없음,안정,안정
2025-03-07,0.0256227249299514,NORMAL,0.0062157555999801,0.0273887682333639,3.132558228131046,3.3912869030164714,5.775476540257593,1.082593412809373,6.252492858317938,neutral,-2.2999999999999687,-0.5999999999999811,-0.49999999999998934,0.5654761904761905,0.3611111111111111,0.0,NORMAL,57.90000000000002,-0.4690357398403956,-3.500000000000014,0.15309642601596046,25.99999999999998,Normal,안정,없음,안정,안정
2025-03-10,0.0538839461596958,NORMAL,0.0014536587281745,0.2156995126911335,3.060250247765256,3.389841635797962,5.768703076425959,1.107700796127176,6.389996990378325,neutral,-3.49999999999997,0.3999999999999976,-2.0999999999999908,0.49206349206349204,0.3630952380952381,0.0,NORMAL,56.99999999999999,-0.4994242283196362,-3.7000000000000313,0.1500575771680364,26.099999999999966,Low-Vol,안정,없음,안정,안정
2025-03-11,0.026843195952912,NORMAL,0.0014097337174368,0.054231854105608,3.18342748092614,3.389253476468343,5.778395160861186,1.0646554686027663,6.152000007758623,neutral,-7.000000000000028,0.7999999999999619,-2.100000000000035,0.5099206349206349,0.35714285714285715,0.0,NORMAL,57.09999999999997,-0.4958766385226408,-3.0000000000000213,0.15041233614773591,25.70000000000001,Low-Vol,안정,없음,안정,안정
2025-03-12,0.0577098286002507,NORMAL,0.0002861021687527,0.2996579499174118,3.14376576065945,3.388665317138724,5.777995070704203,1.0779000648025072,6.228101261140628,neutral,-8.60000000000003,-0.3000000000000197,-1.6999999999999904,0.5694444444444444,0.35912698412698413,0.0,NORMAL,57.7,-0.4753623097427898,-1.8000000000000256,0.15246376902572104,26.399999999999977,Low-Vol,안정,없음,안정,안정
2025-03-13,0.0759484728521878,NORMAL,0.0001333079518014,0.4385708674365206,3.0524321622704607,3.3870628574834707,5.775998894501025,1.1096275617028308,6.409207569703419,bull_flat,-10.899999999999999,-2.800000000000011,-8.299999999999974,0.4503968253968254,0.3611111111111111,0.0,NORMAL,56.8,-0.5057655429117781,-1.9000000000000128,0.1494234457088222,26.399999999999977,Low-Vol,안정,없음,안정,안정
2025-03-14,0.0815045708645853,NORMAL,0.0001127095536813,0.4254526111261234,3.23817281161687,3.385460397828217,5.7661295668758275,1.0454847825548272,6.028400716408135,neutral,-5.899999999999972,-2.4000000000000106,-8.700000000000019,0.41865079365079366,0.3630952380952381,0.0,NORMAL,56.49999999999999,-0.5157925519430581,-3.100000000000016,0.1484207448056942,25.89999999999999,Low-Vol,안정,없음,안정,안정
2025-03-17,0.0732043847979456,NORMAL,0.0001188896804231,0.3690546212792763,3.1954696549630146,3.3839692339662784,5.767722456688507,1.0589896319968168,6.107958281868338,neutral,-4.0999999999999925,-3.0999999999999694,-8.10000000000004,0.501984126984127,0.36507936507936506,0.0,NORMAL,56.99999999999999,-0.4986540568967236,-2.70000000000001,0.15013459431032766,26.100000000000012,Low-Vol,안정,없음,안정,안정
2025-03-18,0.0734461493633956,NORMAL,0.00014122903751,0.3944328436482784,3.1553588502235663,3.3824780701043395,5.771444491853316,1.0719788875565393,6.186866645971234,bull_flat,-8.10000000000004,-5.60000000000001,-8.599999999999985,0.5158730158730159,0.36706349206349204,0.0,NORMAL,57.00000000000003,-0.4985000535868844,-2.199999999999932,0.15014999464131157,26.100000000000012,Low-Vol,안정,없음,안정,안정
2025-03-19,0.0679346379163909,NORMAL,0.0003564147674798,0.3198359840639524,3.201031905988735,3.3823516398497544,5.7659457907456755,1.0566441507570707,6.092552893373771,neutral,-6.700000000000017,-4.700000000000021,-9.600000000000009,0.40674603174603174,0.36904761904761907,0.0,NORMAL,56.30000000000002,-0.5221226537881768,-2.0,0.14778773462118233,26.399999999999977,Low-Vol,안정,없음,안정,안정
2025-03-20,0.026315814955899,NORMAL,0.0002342142893857,0.0073105081673111,3.2200809077772505,3.3822252095951693,5.770585623698901,1.0503541080058896,6.061158315451869,neutral,-8.10000000000004,-4.90000000000004,-8.799999999999963,0.5218253968253969,0.37103174603174605,0.0,NORMAL,57.00000000000003,-0.4981777214614593,-1.3999999999999773,0.15018222785385407,26.79999999999998,Low-Vol,안정,없음,안정,안정
2025-03-21,0.0576345545949168,NORMAL,9.42215896175914e-05,0.2493630792739422,3.214158644104812,3.3806235897932555,5.76782048791359,1.0517911416705463,6.066542495933402,bull_flat,-8.299999999999974,-5.199999999999968,-9.899999999999975,0.4603174603174603,0.373015873015873,0.0,NORMAL,56.8,-0.5048199605916823,-1.6000000000000014,0.14951800394083178,26.69999999999999,Low-Vol,안정,없음,안정,안정
2025-03-24,0.0303715138255868,NORMAL,0.0001871159525176,0.0077547028830692,3.161445372310781,3.3790219699913417,5.765290473201533,1.0688218748254152,6.1620685724803685,neutral,-4.0000000000000036,-2.60000000000003,-10.499999999999998,0.4384920634920635,0.375,0.0,NORMAL,56.69999999999997,-0.5080621082025454,-1.5000000000000568,0.14919378917974546,34.20000000000001,Low-Vol,안정,없음,안정,안정
2025-03-25,0.0302920154565882,NORMAL,9.774135003980234e-05,-0.2072450082121307,3.089302425092793,3.3776176011098373,5.764023032651043,1.0933269509890682,6.301961727719126,neutral,-0.40000000000000036,-0.6000000000000311,-10.40000000000001,0.44047619047619047,0.3392857142857143,0.0,NORMAL,56.69999999999997,-0.5079043988375496,-1.40000000000002,0.14920956011624506,34.10000000000002,Low-Vol,안정,없음,안정,안정
2025-03-26,0.0333056686729398,NORMAL,0.0002870311431596,-0.0200038655271627,3.042315600085946,3.3762132322283334,5.7600220533885444,1.1097511488068348,6.39219109090064,neutral,4.1999999999999815,1.9999999999999991,-10.699999999999976,0.49603174603174605,0.3412698412698413,0.0,NORMAL,56.89999999999999,-0.5009472940925607,-1.2999999999999972,0.14990527059074393,33.80000000000001,Low-Vol,안정,없음,안정,안정
2025-03-27,0.033138499654777,NORMAL,0.0001109605093155,-0.1533412127803811,2.8358791452238874,3.3724071893648646,5.760138058234015,1.1891928452044875,6.849914966241961,bear_steep,8.60000000000003,5.50000000000006,-12.199999999999989,0.39285714285714285,0.34325396825396826,0.0,NORMAL,56.00000000000001,-0.5313961639415387,-1.6999999999999886,0.14686038360584613,33.70000000000002,Low-Vol,안정,없음,안정,안정
2025-03-28,0.0338072325648943,NORMAL,7.955511672464254e-05,-0.2518790598815758,2.835378003203913,3.368601146501396,5.759110784525278,1.188060689860383,6.842173131645473,bear_steep,8.800000000000008,5.10000000000001,-12.699999999999978,0.3888888888888889,0.3888888888888889,0.0,NORMAL,55.500000000000014,-0.5482328297858667,-2.499999999999993,0.14517671702141333,33.70000000000002,Low-Vol,안정,없음,안정,안정
2025-03-31,0.0219412592134236,NORMAL,0.0216865288290856,-0.412487856773802,3.0939457008809947,3.368192915727679,5.7758084079094605,1.088639957310367,6.287775818619413,bear_steep,6.499999999999995,6.199999999999981,-11.60000000000001,0.5654761904761905,0.39087301587301587,2.4868995751603504e-16,NORMAL,57.100000000000016,-0.4936324980470367,-2.000000000000007,0.15063675019529635,35.400000000000006,Normal,안정,없음,안정,안정
2025-04-01,0.0246314191008933,NORMAL,0.0078163392084101,-0.2672993160264317,3.1029018676071582,3.3677846849539628,5.772075983207353,1.0853661600168723,6.264815945219377,neutral,8.400000000000007,4.400000000000001,-11.60000000000001,0.5813492063492064,0.3551587301587302,0.0,NORMAL,57.2,-0.4900791446714672,-1.90000000000002,0.1509920855328533,32.60000000000001,Normal,안정,없음,안정,안정
2025-04-02,0.0212732925133647,NORMAL,0.0031023645542501,-0.3449748262186781,2.728427347296177,3.366659096180072,5.776300718766421,1.2,6.931560862519705,neutral,-0.6000000000000227,-2.50000000000003,-12.1,0.4503968253968254,0.3968253968253968,0.0,NORMAL,56.69999999999997,-0.5069440205960528,-1.9000000000000128,0.14930559794039472,31.599999999999984,Low-Vol,안정,없음,안정,안정
2025-04-03,0.0163957311794102,NORMAL,0.0082197445540089,-0.0470629529542219,2.6819866948922244,3.3655335074061816,5.783893481440753,1.2,6.940672177728904,neutral,-6.800000000000006,-0.3000000000000197,-11.799999999999988,0.5873015873015873,0.34523809523809523,0.0,NORMAL,57.2,-0.4897698335922851,-0.8000000000000043,0.1510230166407715,31.099999999999994,Normal,안정,없음,안정,안정
2025-04-04,0.0086398384883215,NORMAL,0.0171679842063826,-0.2603920280656218,2.771751298936804,3.3654553135600995,5.79549409158455,1.2,6.95459290990146,neutral,-8.099999999999996,2.3000000000000185,-11.399999999999944,0.6150793650793651,0.4444444444444444,2.6053233644537007e-16,NORMAL,57.40000000000003,-0.4828122600039815,-0.4999999999999929,0.15171877399960187,30.70000000000004,Normal,안정,없음,안정,안정
2025-04-07,0.0011921514842676,NORMAL,0.0109101521001351,-0.7258741438452,2.8009913658522607,3.365377119714018,5.806400632572798,1.2,6.967680759087357,bull_steep,-15.300000000000002,3.800000000000031,-9.699999999999953,0.6706349206349206,0.4623015873015873,0.0231666666666675,NORMAL,58.10000000000004,-0.4588320767703406,1.1000000000000512,0.15411679232296593,34.399999999999984,Normal,안정,없음,안정,안정
2025-04-08,0.0076483008349734,NORMAL,0.0416950501618366,-0.4587514803849506,2.86229572932379,3.362099484149084,5.797973011306061,1.1746163926057256,6.810394142965681,bull_steep,-7.399999999999984,7.300000000000037,-9.699999999999953,0.6825396825396826,0.47619047619047616,0.0431666666666673,NORMAL,58.20000000000003,-0.4552901696672108,1.1000000000000585,0.15447098303327894,32.49999999999997,Normal,안정,없음,안정,안정
2025-04-09,0.0154383959787087,NORMAL,0.0107765372698449,-0.2664368949282759,3.0692833039652685,3.3588218485841503,5.787522224411235,1.09433425198802,6.333483804315111,bull_steep,-3.0999999999999694,8.5,-10.100000000000042,0.6309523809523809,0.4781746031746032,0.0266666666666664,NORMAL,57.599999999999966,-0.4755924105838205,-0.1000000000000298,0.15244075894161796,32.09999999999997,Normal,안정,없음,안정,안정
2025-04-10,0.0103777638884543,NORMAL,0.0149476460041262,-0.3148768516498598,3.1260198335903056,3.358028384867108,5.793923249427649,1.0742185154373558,6.223939631558149,bull_steep,-6.800000000000006,6.500000000000003,-9.399999999999986,0.6626984126984127,0.4861111111111111,0.0579999999999997,NORMAL,58.00000000000001,-0.4618220645429721,1.2000000000000028,0.1538177935457028,31.899999999999995,Normal,안정,없음,안정,안정
2025-04-11,0.0093630565480375,NORMAL,0.0064207984988736,-0.6038988603889832,2.9290334313737727,3.357234921150066,5.795860004047947,1.1461920800185126,6.643168833535821,bull_steep,-11.7,6.800000000000009,-7.400000000000029,0.7321428571428571,0.4880952380952381,0.0699999999999998,NORMAL,58.5,-0.444647089588312,2.000000000000007,0.1555352910411688,31.899999999999995,Normal,안정,없음,안정,안정
2025-04-14,0.00851703584707,NORMAL,0.0022625077404615,-0.7807522665420107,2.928642581200548,3.356092066234257,5.797014833842586,1.1459548146221663,6.643117059278029,bull_steep,-11.400000000000032,7.899999999999982,-5.19999999999996,0.7956349206349206,0.49007936507936506,0.0700000000000003,NORMAL,59.00000000000003,-0.4274754354938331,2.000000000000042,0.1572524564506167,43.199999999999996,Low-Vol,안정,없음,안정,안정
2025-04-15,0.0039465824443392,NORMAL,0.0025283832646329,-0.7688670234757407,2.957345894014099,3.354949211318448,5.803080232749324,1.1344459970371168,6.583281140527691,bull_steep,-12.399999999999967,7.500000000000023,-6.099999999999994,0.7341269841269841,0.49206349206349204,0.0624999999999993,NORMAL,58.5,-0.4443961942045348,1.4999999999999716,0.15556038057954652,43.50000000000001,Low-Vol,안정,없음,안정,안정
2025-04-16,0.0,NORMAL,0.001385680653094,-0.998687592337236,2.9402649361472157,3.3548217435685563,5.811855345743928,1.1409930113184141,6.631286332287387,bull_steep,-18.199999999999996,8.800000000000013,-5.000000000000027,0.7976190476190477,0.48412698412698413,0.0738333333333327,NORMAL,58.99999999999999,-0.4272179868854945,2.6999999999999678,0.15727820131145057,43.000000000000014,Low-Vol,안정,없음,안정,안정
2025-04-17,0.00272,NORMAL,0.0016809297009939,-0.6963877302505276,2.982100107748149,3.354694275818664,5.807544142254422,1.1249435480393277,6.533159312782703,bull_steep,-14.69999999999998,6.600000000000028,-6.699999999999973,0.7083333333333334,0.5119047619047619,0.0594999999999999,NORMAL,58.30000000000002,-0.4509662332231449,1.29999999999999,0.15490337667768553,42.7,Low-Vol,안정,없음,안정,안정
2025-04-18,0.0,NORMAL,0.0004097763995221,-0.8535622064013733,2.9666346341657097,3.3544844231916713,5.8135392666744785,1.130737295573654,6.573585668110744,bull_steep,-18.500000000000007,4.99999999999999,-7.299999999999995,0.6646825396825397,0.5138888888888888,0.0580000000000001,NORMAL,58.00000000000001,-0.461066198374563,1.2000000000000028,0.15389338016254372,42.80000000000004,Low-Vol,안정,없음,안정,안정
2025-04-21,0.0,NORMAL,0.0002535521622555,-1.2165081664026898,2.9331319707600407,3.354274570564679,5.818218246514947,1.1435811971649916,6.653604987716761,bull_steep,-21.4,5.900000000000022,-5.7999999999999385,0.7678571428571429,0.5158730158730159,0.0700000000000007,NORMAL,58.70000000000002,-0.4370485760912511,2.000000000000042,0.15629514239087489,43.199999999999996,Low-Vol,안정,없음,안정,안정
2025-04-22,0.00323,NORMAL,0.0008111909935121,-0.9167470965664468,2.988750839221515,3.3534800306658763,5.814111424493323,1.12203399047455,6.523630642687913,bull_steep,-20.000000000000018,8.199999999999994,-5.499999999999972,0.8293650793650794,0.5178571428571429,0.0856666666666672,NORMAL,59.3,-0.4164476568347335,2.6000000000000227,0.15835523431652665,43.000000000000014,Low-Vol,안정,없음,안정,안정
2025-04-23,0.0,NORMAL,0.0001452762398963,-1.0630788228110126,2.9265526693220028,3.3526854907670742,5.818940674208608,1.1456091414010992,6.666231629644056,bull_steep,-24.10000000000001,3.9999999999999676,-6.000000000000005,0.7916666666666666,0.4742063492063492,0.0581666666666665,NORMAL,58.99999999999999,-0.4265673070160516,2.0999999999999943,0.15734326929839484,42.90000000000003,Low-Vol,안정,없음,안정,안정
2025-04-24,0.00425,NORMAL,0.0001623612361537,-0.9865954820345866,3.033995975433608,3.351727618684057,5.813405399084797,1.1047238182987504,6.4222074097955275,bull_steep,-21.499999999999986,6.599999999999978,-5.100000000000016,0.7797619047619048,0.4880952380952381,0.0768333333333333,NORMAL,58.9,-0.4298579115522384,2.8999999999999915,0.15701420884477618,42.90000000000003,Low-Vol,안정,없음,안정,안정
2025-04-25,0.0,NORMAL,0.0003628832338446,-1.2887371870037383,3.116695280851848,3.3507697466010407,5.82452281982155,1.0751034171313714,6.261964386749799,bull_steep,-26.6,5.799999999999991,-4.400000000000048,0.8373015873015873,0.49404761904761907,0.0948333333333324,NORMAL,59.599999999999966,-0.4058331199862233,4.099999999999952,0.15941668800137768,43.000000000000014,Low-Vol,안정,없음,안정,안정
2025-04-28,0.00204,NORMAL,0.00118156499211,-1.230788716837178,2.8490580160725627,3.350706916183143,5.821636355210787,1.1760753544787779,6.846683040101066,bull_steep,-18.299999999999983,7.000000000000028,-3.8000000000000256,0.8234126984126984,0.5317460317460317,0.0729999999999998,NORMAL,59.3,-0.4159630944680867,2.199999999999981,0.15840369055319134,43.300000000000026,Low-Vol,안정,없음,안정,안정
2025-04-29,0.004587399,NORMAL,0.000632617422963,-1.0539300174588868,2.8444960704379256,3.350644085765245,5.818519094406938,1.1779394320799308,6.853863077611941,bull_steep,-18.39999999999997,8.700000000000019,-3.100000000000014,0.8214285714285714,0.5337301587301587,0.0781666666666665,NORMAL,59.3,-0.4158441778397456,2.0999999999999943,0.15841558221602545,43.300000000000026,Low-Vol,안정,없음,안정,안정
2025-04-30,0.0,NORMAL,0.0013535936833963,-1.2620423222616457,2.91865145500271,3.3504968177392014,5.8282970356248835,1.147960580218062,6.690655246699151,bull_steep,-20.399999999999974,11.30000000000004,-2.300000000000013,0.8472222222222222,0.5357142857142857,0.0910000000000003,NORMAL,60.1,-0.3883935759599978,3.40000000000002,0.16116064240400024,43.70000000000003,Low-Vol,안정,없음,안정,안정
2025-05-02,0.0050999999999998,NORMAL,0.0020356310458822,-1.0033919448084554,3.01520270768335,3.3503495497131577,5.821387341231547,1.1111523418229179,6.468448176867723,bull_steep,-14.500000000000002,10.19999999999999,-3.000000000000025,0.7738095238095238,0.5376984126984127,0.0736666666666666,NORMAL,58.99999999999999,-0.4258736297998112,1.799999999999983,0.1574126370200189,43.50000000000001,Low-Vol,안정,없음,안정,안정
2025-05-07,0.006795665,NORMAL,0.0080955937038204,-0.8620925805200563,2.8940001454915696,3.3485321784019124,5.81992771358661,1.1570601278712571,6.734006304483996,bull_steep,-8.899999999999997,11.89999999999998,-2.100000000000035,0.8154761904761905,0.5396825396825397,0.0618333333333328,NORMAL,59.3,-0.4154977151341061,1.8999999999999704,0.1584502284865894,43.70000000000003,Low-Vol,안정,없음,안정,안정
2025-05-08,0.0100146900010249,NORMAL,0.0037158249603807,-0.9695807991839476,2.781536871663039,3.346714807090667,5.815104286946298,1.2,6.978125144335557,bull_steep,-2.6000000000000245,9.799999999999939,-2.100000000000035,0.7123015873015873,0.5714285714285714,0.0408333333333324,NORMAL,58.59999999999999,-0.4393087090087903,0.4999999999999502,0.15606912909912096,43.10000000000001,Low-Vol,안정,없음,안정,안정
2025-05-09,0.0181338300658207,NORMAL,0.0047342049013972,-0.7059812121380244,2.863674488999637,3.343182481053054,5.803457448993113,1.1674450060212405,6.775217416483778,bull_steep,-1.6000000000000014,6.599999999999984,-2.1999999999999797,0.6031746031746031,0.5952380952380952,0.0333333333333335,NORMAL,57.90000000000002,-0.4631151384205671,-0.3000000000000113,0.15368848615794328,42.10000000000002,Low-Vol,안정,없음,안정,안정
2025-05-12,0.0206607094324868,NORMAL,0.0020916764048649,-0.7247623780455795,2.6746913250336903,3.339650155015441,5.8002356325073325,1.2,6.960282759008799,bull_steep,-4.700000000000015,5.699999999999999,-1.5000000000000124,0.6190476190476191,0.6329365079365079,0.0526666666666674,NORMAL,58.00000000000001,-0.4595587088133132,0.4000000000000412,0.1540441291186687,42.20000000000002,Low-Vol,안정,없음,안정,안정
2025-05-13,0.0268857315013215,NORMAL,0.0017216900999943,-0.6903640232428674,2.729179556685767,3.336074806058259,5.791255601578098,1.2,6.949506721893718,bear_steep,2.0000000000000018,8.699999999999969,-1.8000000000000238,0.4583333333333333,0.5972222222222222,0.0200000000000002,NORMAL,56.89999999999999,-0.4970475760310561,-1.1000000000000156,0.1502952423968944,41.1,Low-Vol,안정,없음,안정,안정
2025-05-14,0.0262148726500319,NORMAL,0.000427760022777,-0.6772885611110984,2.7268451020412323,3.3324994571010764,5.792587300900932,1.2,6.951104761081118,bear_steep,2.1999999999999797,8.19999999999999,-2.300000000000013,0.5535714285714286,0.626984126984127,0.026666666666667,NORMAL,57.3,-0.4832132229273476,-1.2000000000000028,0.15167867770726526,41.1,Low-Vol,안정,없음,안정,안정
2025-05-15,0.0277248182724545,NORMAL,0.000338874228478,-0.5256167790231207,2.728330895196576,3.3312355037387125,5.790374293625687,1.2,6.9484491523508245,bear_steep,3.600000000000003,8.19999999999998,-2.8000000000000025,0.4523809523809524,0.5873015873015873,0.0133333333333336,NORMAL,56.89999999999999,-0.4967550155954444,-2.100000000000037,0.15032449844045556,40.7,Low-Vol,안정,없음,안정,안정
2025-05-16,0.0191750053596657,NORMAL,0.001166814417875,-0.8385515125861794,2.9084993417658813,3.329971550376348,5.802454649334395,1.1449105394517889,6.643291482713983,bear_steep,1.200000000000001,9.200000000000008,-1.499999999999968,0.5873015873015873,0.5734126984126984,0.0066666666666668,NORMAL,57.7,-0.469226806095587,-0.8000000000000043,0.1530773193904413,41.1,Low-Vol,안정,없음,안정,안정
2025-05-19,0.03112928420232,NORMAL,0.004664467921784,-0.5422787001425824,3.1788611002585108,3.3276940130370503,5.785965186535858,1.0468195709357784,6.056861594018818,bear_steep,11.799999999999988,10.299999999999976,-1.4000000000000234,0.44642857142857145,0.5416666666666666,0.0066666666666668,NORMAL,56.89999999999999,-0.4964712013579866,-2.0999999999999943,0.15035287986420134,40.80000000000004,Low-Vol,안정,없음,안정,안정
2025-05-20,0.0254392478336646,NORMAL,0.0010212054475616,-0.656682853313971,3.289920811716951,3.3254164756977524,5.79418472148139,1.010789215307063,5.856699427970347,bear_steep,6.800000000000006,12.299999999999983,-0.7000000000000117,0.5853174603174603,0.6111111111111112,0.0199999999999998,NORMAL,57.7,-0.4689330503000029,-0.6000000000000227,0.15310669496999973,41.20000000000004,Low-Vol,안정,없음,안정,안정
2025-05-21,0.033327618038569,NORMAL,0.0004833081310321,-0.5159840148892856,3.3560628561957437,3.3276940130370503,5.783684608266453,0.9915469869384833,5.734795046729084,bear_steep,13.999999999999968,15.699999999999958,-0.8000000000000451,0.5694444444444444,0.6448412698412699,0.0266666666666666,NORMAL,57.599999999999966,-0.472218712290996,-0.4000000000000412,0.1527781287709004,41.000000000000014,Low-Vol,안정,없음,안정,안정
2025-05-22,0.0324917822762358,NORMAL,0.0001481694816104,-0.4101915939262784,3.3174617754510494,3.3254164756977524,5.784982733490052,1.002397827250209,5.798854122730403,bear_steep,15.300000000000002,14.800000000000008,-0.1000000000000334,0.628968253968254,0.6468253968253969,0.0266666666666666,NORMAL,58.1,-0.4549545907966029,-0.6000000000000227,0.15450454092033972,41.000000000000014,Low-Vol,안정,없음,안정,안정
2025-05-23,0.0343314024598075,NORMAL,0.000197859927569,-0.2410934234989966,3.3078654271615107,3.321439125574401,5.782566559908622,1.0041034614955717,5.806295099132788,bear_steep,14.500000000000002,13.699999999999996,0.19999999999997797,0.6547619047619048,0.6488095238095238,0.0266666666666666,NORMAL,58.299999999999976,-0.4479706294411198,-1.000000000000021,0.15520293705588803,41.000000000000014,Low-Vol,안정,없음,안정,안정
2025-05-26,0.0343314024598075,NORMAL,9.90337680843408e-05,-0.1274818860963305,3.2363722380402677,3.3174617754510494,5.7823198321699465,1.0250556893479856,5.927199841595493,bear_steep,16.800000000000015,15.700000000000042,-0.39999999999995595,0.5833333333333334,0.6507936507936508,0.0466666666666668,NORMAL,57.800000000000026,-0.4649715748267757,-1.1999999999999602,0.15350284251732244,41.300000000000026,Low-Vol,안정,없음,안정,안정
2025-05-27,0.0248077381047255,NORMAL,0.0011757450233468,-0.1750192636915955,3.52182667913891,3.321439125574401,5.794801623687642,0.9431012449444264,5.465084625505798,bear_steep,8.599999999999985,8.700000000000024,-0.40000000000000036,0.5277777777777778,0.6746031746031746,0.0466666666666666,NORMAL,57.3,-0.4819689611304819,-1.6000000000000014,0.1518031038869518,41.80000000000001,Low-Vol,안정,없음,안정,안정
2025-05-28,0.0243040640779419,NORMAL,0.0004330556275972,-0.1953745925129775,3.3159106076452955,3.3174617754510494,5.796091306898879,1.0004677954231267,5.798802691884271,bear_steep,12.99999999999999,12.1,-0.1000000000000334,0.5833333333333334,0.7142857142857143,0.0600000000000002,NORMAL,57.89999999999998,-0.46126072946533,-1.6999999999999886,0.153873927053467,42.10000000000002,Low-Vol,안정,없음,안정,안정
2025-05-29,0.0587518774584479,NORMAL,0.9978436814083796,0.2186905355193552,3.481439508684795,3.321439125574401,5.783783299361637,0.9540418890774183,5.517971544937399,bear_steep,17.19999999999997,14.69999999999994,-1.8000000000000238,0.5218253968253969,0.7361111111111112,0.0666666666666663,NORMAL,57.3,-0.4816943060814087,-2.0,0.15183056939185913,41.1,High-Vol,주의,금리,주의,안정
2025-05-30,0.0766163472767914,NORMAL,0.062884849298933,0.3344638814487571,3.500717971472327,3.3254164756977524,5.778045907291112,0.9499241306488776,5.488705235332815,bear_steep,18.299999999999983,14.59999999999999,-2.100000000000035,0.4444444444444444,0.49007936507936506,0.0,NORMAL,56.99999999999999,-0.4918371974628836,-2.300000000000012,0.15081628025371163,28.100000000000016,Normal,안정,없음,안정,안정
2025-06-02,0.0484828592837609,NORMAL,0.0170981731110148,0.0839482014432801,3.3057366405752826,3.321439125574401,5.776715542021032,1.0047500713778534,5.8041553531751875,bear_steep,23.0,15.700000000000008,-0.9999999999999787,0.5575396825396826,0.47619047619047616,0.0,NORMAL,57.60000000000001,-0.4711137256810036,-2.499999999999986,0.15288862743189965,27.99999999999998,Normal,안정,없음,안정,안정
2025-06-04,0.0961755388657651,NORMAL,0.4091563388105104,0.3427959800682231,3.851107154545213,3.3254164756977524,5.753286762536574,0.8634962212809317,4.967941379395937,bear_steep,30.100000000000016,16.90000000000001,-1.200000000000001,0.37103174603174605,0.4781746031746032,0.0,NORMAL,56.8,-0.4984148254786937,-2.199999999999981,0.15015851745213063,26.29999999999999,Normal,안정,없음,안정,안정
2025-06-05,0.1097541619977984,NORMAL,0.0367483195116315,0.4639121885874798,3.870998783123965,3.3276940130370503,5.753975520139987,0.8596473932114084,4.946390056490597,bear_steep,28.799999999999983,12.9,-1.8000000000000238,0.29365079365079366,0.4523809523809524,0.0,NORMAL,56.1,-0.5222787000118703,-3.200000000000003,0.14777212999881298,25.699999999999967,Normal,안정,없음,안정,안정
2025-06-09,0.0842566690433314,NORMAL,0.0078484401468718,0.2595753380534323,3.962438775884296,3.329971550376348,5.759268834028165,0.8403843538587419,4.83999941778355,bear_steep,24.50000000000001,12.10000000000005,-1.499999999999968,0.2837301587301587,0.46825396825396826,0.0,NORMAL,55.500000000000014,-0.5427051269918891,-3.099999999999973,0.1457294873008111,25.70000000000001,Normal,안정,없음,안정,안정
2025-06-10,0.0823623427635137,NORMAL,0.0193833103728336,0.2801148682089684,4.008474575328187,3.3312355037387125,5.767459265217341,0.8310481808322242,4.793036530382828,bear_steep,16.1,10.700000000000026,-0.09999999999994458,0.45634920634920634,0.4880952380952381,0.0,NORMAL,57.00000000000003,-0.4910601794303035,-0.8999999999999915,0.15089398205696966,25.49999999999999,Normal,안정,없음,안정,안정
2025-06-11,0.0846285119054838,NORMAL,0.0088103990837118,0.2919050830459155,4.005312261957778,3.3324994571010764,5.765337386301427,0.832019887376313,4.7968753628369605,bear_steep,15.200000000000014,6.300000000000011,-2.1999999999999797,0.2777777777777778,0.47023809523809523,0.0,NORMAL,55.500000000000014,-0.5423987117059811,-2.499999999999993,0.1457601288294019,25.30000000000001,Normal,안정,없음,안정,안정
2025-06-12,0.073464795021161,NORMAL,0.0082827539785946,0.2246892121401293,3.961376023555434,3.336074806058259,5.76723198710863,0.8421505018006465,4.856877311944273,bear_steep,10.499999999999998,4.600000000000026,-2.499999999999991,0.25793650793650796,0.49404761904761907,0.0,NORMAL,54.30000000000001,-0.5834235497249863,-2.59999999999998,0.1416576450275014,25.4,Normal,안정,없음,안정,안정
2025-06-13,0.0487732495161769,NORMAL,0.0442227198384661,0.0239818489510524,3.967297237215901,3.339650155015441,5.7681337045302215,0.8417947926077455,4.855584915538764,bear_flat,10.099999999999998,-1.0000000000000286,-3.000000000000025,0.25,0.49603174603174605,0.0,NORMAL,53.49999999999997,-0.6107015721090054,-3.8000000000000256,0.13892984278909948,25.199999999999978,Normal,안정,없음,안정,안정
2025-06-16,0.0844081712117039,NORMAL,0.0050530060119532,0.2322573813103447,4.066587215214648,3.343182481053054,5.75799017012481,0.8221101144824677,4.733701957950231,bear_steep,13.700000000000001,1.600000000000007,-3.699999999999992,0.24603174603174602,0.498015873015873,0.0,NORMAL,53.29999999999999,-0.6173675137925178,-3.6000000000000014,0.13826324862074824,25.4,Normal,안정,없음,안정,안정
2025-06-17,0.0884983280856067,NORMAL,0.0018497249008408,0.3157264799431256,3.834112811672533,3.346714807090667,5.7579966808334255,0.8728785436103924,5.0260317568793536,bear_steep,19.199999999999974,6.299999999999967,-3.200000000000003,0.25396825396825395,0.4722222222222222,0.0,NORMAL,53.800000000000026,-0.5999914273786053,-3.89999999999997,0.14000085726213948,25.4,Low-Vol,안정,없음,안정,안정
2025-06-18,0.082935129515599,NORMAL,0.000640917214003,0.2574032903331244,3.5514970898125857,3.3485321784019124,5.755698537041414,0.9428508861818091,5.42676546624484,bear_steep,12.9,2.300000000000013,-3.500000000000014,0.23809523809523808,0.4742063492063492,0.0,NORMAL,52.8,-0.6341430748483621,-4.099999999999987,0.13658569251516378,25.100000000000033,Low-Vol,안정,없음,안정,안정
2025-06-19,0.090561303921848,NORMAL,0.0001610360083638,0.325761330405952,3.429665473943165,3.3503495497131577,5.7560516337849625,0.9768735683311947,5.622934698994119,bear_steep,16.1,1.6000000000000014,-4.000000000000048,0.23809523809523808,0.47619047619047616,0.0,NORMAL,52.99999999999998,-0.6270592743729296,-4.700000000000017,0.13729407256270704,25.200000000000024,Low-Vol,안정,없음,안정,안정
2025-06-20,0.0801150717226141,NORMAL,0.0002197159800369,0.2464497857715291,3.31762042180202,3.3485321784019124,5.757841223471161,1.009317448251992,5.811489611114039,bear_flat,10.70000000000002,-1.0999999999999677,-3.500000000000014,0.2400793650793651,0.4781746031746032,0.0,NORMAL,53.29999999999999,-0.6165425074862046,-4.299999999999976,0.13834574925137955,25.200000000000024,Low-Vol,안정,없음,안정,안정
2025-06-23,0.0787930375855677,NORMAL,0.0003000527975685,0.2267116046237659,3.308664860316719,3.346714807090667,5.7556997445494265,1.0115000909370755,5.821890815018247,bear_flat,11.800000000000033,-4.399999999999999,-4.599999999999982,0.21825396825396826,0.44642857142857145,0.0,NORMAL,52.1,-0.6575729249942994,-6.0,0.13424270750057005,28.70000000000004,Low-Vol,안정,없음,안정,안정
2025-06-24,0.0449209653843227,NORMAL,0.0005402763771405,0.0077977397786668,3.532745316844132,3.3485321784019124,5.767301312780144,0.9478555282307244,5.466568432290973,bear_flat,5.699999999999994,-6.599999999999978,-4.4999999999999485,0.21825396825396826,0.4027777777777778,0.0,NORMAL,52.20000000000002,-0.6539105953175492,-6.099999999999952,0.13460894046824506,28.29999999999999,Low-Vol,안정,없음,안정,안정
2025-06-25,0.0435023363503415,NORMAL,0.0001802161279231,-0.074262985349723,3.534655495756856,3.3503495497131577,5.767968627937663,0.9478574513796475,5.467212043314756,bear_flat,5.399999999999983,-5.800000000000022,-4.800000000000004,0.2123015873015873,0.40476190476190477,0.0,NORMAL,52.1,-0.6571240790697531,-5.700000000000031,0.1342875920930247,28.29999999999999,Low-Vol,안정,없음,안정,안정
2025-06-26,0.0381806627052143,NORMAL,0.0035335380910683,-0.193947055498992,3.35190048213028,3.3504968177392014,5.774980372006952,0.9995812332739108,5.772562002383337,neutral,7.899999999999974,-3.500000000000064,-4.500000000000037,0.1984126984126984,0.40674603174603174,0.0,NORMAL,51.49999999999997,-0.6775239150469752,-5.800000000000026,0.13224760849530248,28.6,Low-Vol,안정,없음,안정,안정
2025-06-27,0.0376803987742044,NORMAL,0.0194215595392692,-0.2211326075822769,3.35190048213028,3.350644085765245,5.775649283954732,0.9996251689536331,5.773484391290179,bear_flat,7.900000000000018,-5.999999999999961,-4.0999999999999925,0.19444444444444445,0.4087301587301587,0.0,NORMAL,51.40000000000002,-0.6807252857326295,-6.499999999999957,0.13192747142673705,28.699999999999992,Normal,안정,없음,안정,안정
2025-06-30,0.0569373099947683,NORMAL,0.1130605696968549,0.1368145184771989,3.1657500981932345,3.3504968177392014,5.771381062733008,1.058357960614581,6.108187091483719,bear_flat,4.500000000000037,-6.599999999999939,-6.000000000000005,0.19047619047619047,0.4523809523809524,0.0,NORMAL,51.10000000000001,-0.6908020502135712,-6.199999999999989,0.13091979497864287,28.799999999999983,Normal,안정,없음,안정,안정
2025-07-01,0.0375195562669301,NORMAL,0.079821093876526,-0.0120516327649554,3.1545956451200645,3.3503495497131577,5.7758394831199205,1.062053564581537,6.1342509114982935,bull_flat,-0.20000000000002238,-10.900000000000038,-6.700000000000017,0.1865079365079365,0.5396825396825397,0.0,NORMAL,50.49999999999999,-0.7111904227187288,-6.5,0.12888095772812713,28.900000000000013,Normal,안정,없음,안정,안정
2025-07-02,0.0756782184201758,NORMAL,0.013801857110251,0.2572761291422185,3.3314253311221096,3.3485321784019124,5.7648330070436575,1.0051349934576024,5.794435386818997,bear_flat,3.89999999999997,-10.400000000000059,-6.899999999999995,0.1746031746031746,0.626984126984127,0.0200000000000002,NORMAL,49.799999999999976,-0.7350078872580129,-7.800000000000033,0.12649921127419872,28.39999999999998,Normal,안정,없음,안정,안정
2025-07-03,0.0778777651310764,NORMAL,0.0049196891114365,0.3021244971705736,2.4024110696066097,3.346714807090667,5.769525081668986,1.2,6.923430098002783,bull_flat,-8.000000000000007,-11.499999999999977,-6.899999999999995,0.18253968253968253,0.628968253968254,0.0200000000000002,NORMAL,50.30000000000001,-0.7175404034734169,-6.499999999999993,0.12824595965265834,29.19999999999998,Normal,안정,없음,안정,안정
2025-07-04,0.1087422487271194,NORMAL,0.0011495916720992,0.5501510210671765,2.435974894002497,3.343182481053054,5.766082850689306,1.2,6.9192994208271665,bull_flat,-6.300000000000017,-11.800000000000038,-7.600000000000051,0.16865079365079366,0.6309523809523809,0.026666666666667,NORMAL,49.799999999999976,-0.7344800148124986,-6.3000000000000185,0.12655199851875015,28.799999999999983,Low-Vol,안정,없음,안정,안정
2025-07-07,0.1379669961157099,NORMAL,0.0002972885461604,0.7906086742600708,2.4066300964320586,3.339650155015441,5.763145429762234,1.2,6.9157745157146815,bull_flat,-2.7000000000000135,-10.400000000000059,-9.00000000000008,0.15873015873015872,0.6329365079365079,0.0266666666666667,NORMAL,49.09999999999996,-0.7582910937262285,-6.400000000000055,0.12417089062737716,28.699999999999992,Low-Vol,안정,없음,안정,안정
2025-07-08,0.1248885362052854,NORMAL,0.0674000112811227,0.6699999988828541,2.268920448142673,3.336074806058259,5.761771006723371,1.2,6.914125208068045,bear_flat,1.6000000000000014,-7.600000000000007,-9.10000000000002,0.15873015873015872,0.6785714285714286,0.0266666666666666,NORMAL,49.10000000000001,-0.7580062522602956,-7.90000000000002,0.12419937477397044,29.19999999999998,Normal,안정,없음,안정,안정
2025-07-09,0.1080056813483097,NORMAL,0.0070532112611379,0.5163357712145158,2.270236482001484,3.3324994571010764,5.7602498149553005,1.2,6.912299777946361,neutral,1.6999999999999904,-4.200000000000021,-8.699999999999974,0.15079365079365079,0.6349206349206349,0.0266666666666667,NORMAL,48.89999999999999,-0.7646032726226227,-6.600000000000023,0.12353967273773774,29.89999999999999,Normal,안정,없음,안정,안정
2025-07-10,0.0963408260205456,NORMAL,0.106203505124353,0.47085459317142,2.438566231037788,3.331962394111593,5.76991883297303,1.2,6.9239025995676355,neutral,-1.29999999999999,-1.6999999999999849,-8.499999999999996,0.15873015873015872,0.5793650793650794,0.0133333333333333,NORMAL,49.500000000000014,-0.7436677476471288,-4.799999999999997,0.12563322523528714,30.799999999999983,Normal,안정,없음,안정,안정
2025-07-11,0.1050470529195313,NORMAL,0.0094184710562521,0.5339862638710191,2.4412248866846262,3.3314253311221096,5.767621122533681,1.2,6.921145347040417,neutral,0.40000000000000036,1.8000000000000294,-9.499999999999975,0.14682539682539683,0.5813492063492064,0.0133333333333333,NORMAL,49.00000000000002,-0.7606002600017536,-4.49999999999995,0.12393997399982465,30.500000000000014,Normal,안정,없음,안정,안정
2025-07-14,0.1465040852355507,NORMAL,0.0048883485289274,0.7947299016940382,2.6401554978128727,3.330698440749229,5.75351595230946,1.2,6.9042191427713515,neutral,2.200000000000024,3.100000000000014,-10.500000000000043,0.1349206349206349,0.6448412698412699,0.0200000000000002,NORMAL,48.49999999999999,-0.7775234481822821,-4.800000000000004,0.12224765518177179,30.100000000000016,Low-Vol,안정,없음,안정,안정
2025-07-15,0.1538867108848078,NORMAL,0.004434030642334,0.8737936454296191,2.648629238324085,3.329971550376348,5.755706459856322,1.2,6.906847751827586,neutral,0.8999999999999897,-0.6000000000000172,-9.500000000000025,0.14285714285714285,0.6468253968253969,0.0266666666666667,NORMAL,48.99999999999997,-0.7600159930872412,-4.800000000000054,0.12399840069127588,30.399999999999984,Normal,안정,없음,안정,안정
2025-07-16,0.1713428231153799,NORMAL,0.0017665709404218,1.0306353288881998,2.642661138840318,3.3276940130370503,5.755804846095015,1.2,6.906965815314018,neutral,0.09999999999998899,1.399999999999979,-9.899999999999975,0.1527777777777778,0.6488095238095238,0.0266666666666667,NORMAL,49.10000000000001,-0.7562883340355026,-3.699999999999996,0.12437116659644976,30.299999999999994,Low-Vol,안정,없음,안정,안정
2025-07-17,0.1814330087983805,NORMAL,0.0004818902557989,1.0764814208356734,2.7145756671405463,3.3254164756977524,5.749343694157165,1.2,6.899212432988598,neutral,3.0999999999999694,2.699999999999969,-9.40000000000003,0.13293650793650794,0.6507936507936508,0.0266666666666667,NORMAL,48.89999999999999,-0.7628914501892156,-4.099999999999987,0.12371085498107845,29.89999999999999,Low-Vol,안정,없음,안정,안정
2025-07-18,0.1725400843362712,NORMAL,0.0002254752365663,1.043334716609733,2.811835886503963,3.3215184487498863,5.7562896753845,1.1812632681346231,6.799693554274284,neutral,0.6000000000000227,-0.49999999999998934,-9.300000000000047,0.12301587301587301,0.5833333333333334,0.0199999999999998,NORMAL,48.69999999999996,-0.769491053245637,-4.60000000000003,0.1230508946754363,29.999999999999982,Low-Vol,안정,없음,안정,안정
2025-07-21,0.1695602325242114,NORMAL,0.000299883562374,1.0433347166097335,2.8373263916284874,3.31762042180202,5.760577113776431,1.1692769755325425,6.735710184918488,neutral,-1.8000000000000238,2.400000000000002,-9.50000000000002,0.15476190476190477,0.6567460317460317,0.0333333333333332,NORMAL,49.2,-0.75198245754306,-2.8999999999999915,0.12480175424569401,31.499999999999993,Low-Vol,안정,없음,안정,안정
2025-07-22,0.1501973193074081,NORMAL,0.0003108948527061,0.897683164828779,2.6212893573081133,3.317541098626535,5.763826590649383,1.2,6.916591908779259,neutral,1.6000000000000014,1.399999999999979,-10.40000000000001,0.12698412698412698,0.5853174603174603,0.0333333333333332,NORMAL,48.89999999999999,-0.7620347324601764,-3.3000000000000327,0.12379652675398237,31.499999999999993,Low-Vol,안정,없음,안정,안정
2025-07-23,0.1556522276933421,NORMAL,9.951105882904064e-05,0.9599203139998254,2.629288476895752,3.3174617754510494,5.765875959237908,1.2,6.9190511510854895,neutral,1.000000000000023,1.200000000000001,-9.799999999999986,0.1527777777777778,0.6626984126984127,0.0400000000000001,NORMAL,49.2,-0.7514162097547326,-2.8999999999999915,0.12485837902452675,31.599999999999984,Low-Vol,안정,없음,안정,안정
2025-07-24,0.1560728486405067,NORMAL,9.363430433775577e-05,0.9368759921160568,2.543407370562474,3.3169222772250926,5.761589224226336,1.2,6.913907069071603,neutral,6.100000000000039,4.800000000000054,-9.600000000000009,0.15476190476190477,0.6646825396825397,0.0400000000000001,NORMAL,49.29999999999999,-0.7476927765424979,-2.199999999999981,0.12523072234575022,31.499999999999993,Low-Vol,안정,없음,안정,안정
2025-07-25,0.184143090788822,NORMAL,0.0001262902893391,1.1839999948769058,2.540099459304268,3.316382778999136,5.759863991088193,1.2,6.9118367893058315,neutral,6.999999999999984,3.799999999999981,-10.699999999999932,0.12301587301587301,0.6666666666666666,0.0400000000000001,NORMAL,48.900000000000034,-0.7611963699912242,-2.499999999999986,0.12388036300087758,31.499999999999993,Low-Vol,안정,없음,안정,안정
2025-07-28,0.1609500048181973,NORMAL,0.0001479430552656,1.014765771846565,2.5905902599092694,3.3161466933222155,5.765942498206828,1.2,6.919130997848193,neutral,2.400000000000002,1.200000000000001,-9.899999999999975,0.15476190476190477,0.6686507936507936,0.0333333333333335,NORMAL,49.40000000000002,-0.7436849099961724,-1.6999999999999886,0.12563150900038278,35.400000000000006,Low-Vol,안정,없음,안정,안정
2025-07-29,0.1498734998113111,NORMAL,9.931363459722332e-05,0.926573189750056,2.544234969287879,3.3159106076452955,5.767325909662114,1.2,6.920791091594537,neutral,3.9000000000000146,3.3000000000000362,-10.099999999999998,0.14285714285714285,0.6706349206349206,0.0200000000000002,NORMAL,49.2,-0.7503028266921098,-1.299999999999983,0.12496971733078903,36.7,Low-Vol,안정,없음,안정,안정
2025-07-30,0.1529008634083636,NORMAL,0.0002429529720602,0.994821663936448,2.37151406223289,3.3147197472643337,5.773048260195876,1.2,6.927657912235051,neutral,-3.49999999999997,-0.5999999999999783,-10.899999999999999,0.14087301587301587,0.6726190476190477,0.0,NORMAL,49.2,-0.7500252608607566,-0.599999999999973,0.12499747391392435,36.89999999999998,Low-Vol,안정,없음,안정,안정
2025-07-31,0.1308279958633447,NORMAL,9.149390506408344e-05,0.8197200256482335,2.353603060930406,3.313528886883372,5.775477087729857,1.2,6.930572505275828,neutral,-2.8999999999999915,-4.0000000000000036,-9.799999999999986,0.1388888888888889,0.6746031746031746,0.0,NORMAL,49.2,-0.7497480028931868,-1.1000000000000083,0.12502519971068132,36.7,Low-Vol,안정,없음,안정,안정
2025-08-01,0.1555089114637187,NORMAL,0.0013606725989675,0.9613477258034916,2.5730587981908384,3.3130999675493644,5.764955927012338,1.2,6.917947112414805,neutral,0.40000000000000036,-0.7000000000000117,-10.099999999999998,0.13690476190476192,0.6765873015873016,0.0,NORMAL,49.2,-0.7494710522206587,-0.599999999999973,0.12505289477793413,36.39999999999999,Low-Vol,안정,없음,안정,안정
2025-08-04,0.1103710469403608,NORMAL,0.0026462178597424,0.6378388854602831,2.8246844257833588,3.3126710482153565,5.777940792111488,1.1727579257979115,6.77612585873981,neutral,-6.199999999999983,-0.09999999999993903,-8.999999999999986,0.15873015873015872,0.751984126984127,0.014166666666667,NORMAL,49.6,-0.7354057651704526,0.5000000000000426,0.12645942348295475,37.40000000000001,Low-Vol,안정,없음,안정,안정
2025-08-05,0.0804486087455796,NORMAL,0.0002869698755061,0.3990415911835492,2.8208761237004123,3.3115585175121147,5.780422194243067,1.1739468066991994,6.785908176304828,neutral,-8.099999999999996,-2.8999999999999915,-8.700000000000019,0.13095238095238096,0.753968253968254,0.0014999999999999,NORMAL,49.2,-0.7489282183394099,0.0999999999999943,0.125107178166059,37.299999999999976,Low-Vol,안정,없음,안정,안정
2025-08-06,0.0816774742137502,NORMAL,0.000146002148961,0.3908988279378079,2.836394115588888,3.310445986808873,5.777504325278148,1.167131876566301,6.7431094650318055,neutral,-7.500000000000018,-2.700000000000019,-9.200000000000008,0.07936507936507936,0.7559523809523809,0.0066666666666664,NORMAL,48.8,-0.762443565428566,-0.0999999999999943,0.1237556434571434,37.1,Low-Vol,안정,없음,안정,안정
2025-08-07,0.0596615528890019,NORMAL,0.0001856127052564,0.2101814114118473,2.707475032688479,3.310141897443959,5.779550606872145,1.2,6.935460728246574,neutral,-4.200000000000026,-1.7000000000000348,-7.600000000000007,0.14484126984126985,0.7579365079365079,0.0133333333333333,NORMAL,49.29999999999999,-0.7449180225680411,-0.2000000000000241,0.12550819774319588,37.299999999999976,Low-Vol,안정,없음,안정,안정
2025-08-08,0.0641734705464538,NORMAL,0.0004040233084216,0.2438419885134787,2.698981289301558,3.3098378080790454,5.778666135962158,1.2,6.93439936315459,neutral,-4.700000000000015,-0.8000000000000007,-7.999999999999963,0.14682539682539683,0.7599206349206349,0.0178333333333335,NORMAL,49.30000000000003,-0.7446447739216351,0.3000000000000113,0.1255355226078365,37.19999999999999,Low-Vol,안정,없음,안정,안정
2025-08-11,0.0630935290725041,NORMAL,0.0001613813945937,0.2271243894338508,2.230854214491768,3.309519746348153,5.777320785225772,1.2,6.932784942270926,bull_flat,-10.499999999999998,-5.099999999999971,-8.000000000000007,0.07738095238095238,0.7619047619047619,0.0126666666666665,NORMAL,48.89999999999999,-0.7581675513263648,0.4000000000000057,0.12418324486736353,36.7,Low-Vol,안정,없음,안정,안정
2025-08-12,0.1013252173930045,NORMAL,0.0001401402169022,0.5375470877706642,2.298420510286391,3.30920168461726,5.772755933652009,1.2,6.927307120382411,neutral,-7.599999999999962,-4.3999999999999595,-9.100000000000025,0.05555555555555555,0.7638888888888888,0.0066666666666664,NORMAL,48.59999999999997,-0.7682338501924395,-0.3999999999999986,0.12317661498075605,36.39999999999999,Low-Vol,안정,없음,안정,안정
2025-08-13,0.0728534205579544,NORMAL,0.0009505322874385,0.2794831204426388,2.312301200558689,3.3089332724669895,5.771384704014981,1.2,6.925661644817977,neutral,-6.799999999999962,-2.599999999999941,-7.899999999999974,0.09325396825396826,0.6785714285714286,0.0,NORMAL,49.00000000000002,-0.7541477555708347,-0.0999999999999872,0.12458522444291653,36.79999999999999,Low-Vol,안정,없음,안정,안정
2025-08-14,0.0753602804095087,NORMAL,0.0001637338668687,0.3360129332045319,2.2235344079095767,3.308664860316719,5.77642598703427,1.2,6.931711184441124,bull_flat,-11.799999999999988,-4.2999999999999705,-8.499999999999996,0.12103174603174603,0.7698412698412699,0.0111666666666666,NORMAL,49.2,-0.7469692503226706,0.3000000000000113,0.12530307496773296,36.89999999999998,Low-Vol,안정,없음,안정,안정
2025-08-18,0.0851372875086603,NORMAL,0.0005961421035501,0.3486007026017902,2.4603380169998306,3.308265143739115,5.7651650365481855,1.2,6.9181980438578226,neutral,-3.600000000000003,1.1999999999999955,-8.999999999999991,0.04563492063492063,0.6805555555555556,0.0066666666666668,NORMAL,48.59999999999997,-0.767397176266325,-0.0999999999999872,0.1232602823733675,36.09999999999998,Low-Vol,안정,없음,안정,안정
2025-08-19,0.1015626460634152,NORMAL,0.0011774185542837,0.4646760445420125,2.479659356910885,3.3078654271615107,5.760231226932213,1.2,6.912277472318655,neutral,0.30000000000001137,1.5000000000000069,-10.099999999999998,0.031746031746031744,0.5873015873015873,0.0,NORMAL,48.0,-0.7878137110494057,-1.2000000000000028,0.12121862889505944,36.09999999999998,Low-Vol,안정,없음,안정,안정
2025-08-20,0.09273399483085,NORMAL,0.0002133921634654,0.3926776265038094,2.4540192595649497,3.3073661429220045,5.761373679006308,1.2,6.913648414807569,neutral,1.4000000000000234,3.6000000000000423,-10.099999999999953,0.03373015873015873,0.5892857142857143,0.0,NORMAL,48.20000000000002,-0.7806118071743857,-0.6999999999999744,0.12193881928256144,36.3,Low-Vol,안정,없음,안정,안정
2025-08-21,0.0873790204037771,NORMAL,0.0002640362642227,0.3562516241364628,2.452039967047828,3.3068668586824983,5.763158098237848,1.2,6.915789717885417,neutral,1.5000000000000124,3.500000000000009,-9.50000000000007,0.03571428571428571,0.5912698412698413,0.0,NORMAL,48.29999999999996,-0.7768653669135899,-0.9000000000000412,0.12231346330864101,36.39999999999999,Low-Vol,안정,없음,안정,안정
2025-08-22,0.1275468120086125,NORMAL,0.0002252691035146,0.7054332261534452,2.4379618320918706,3.3063017496288905,5.759508638147609,1.2,6.91141036577713,neutral,1.0999999999999677,2.1999999999999797,-9.699999999999998,0.015873015873015872,0.5714285714285714,0.0,NORMAL,47.6,-0.8007330169212226,-1.6999999999999955,0.11992669830787775,36.3,Low-Vol,안정,없음,안정,안정
2025-08-25,0.1236235900597947,NORMAL,0.0002148460358408,0.681471654032472,2.4415859815421346,3.3057366405752826,5.761759731628563,1.2,6.914111677954275,neutral,-0.30000000000001137,4.79999999999996,-9.799999999999992,0.023809523809523808,0.5734126984126984,0.0,NORMAL,48.09999999999998,-0.7831657062838647,-0.800000000000054,0.12168342937161353,36.79999999999999,Low-Vol,안정,없음,안정,안정
2025-08-26,0.1023971191871675,NORMAL,0.0008489873811596,0.4811743108369284,2.3694269793615144,3.30468351002668,5.760345403560576,1.2,6.912414484272691,bear_steep,3.0999999999999694,7.299999999999951,-9.299999999999997,0.017857142857142856,0.5753968253968254,0.0,NORMAL,48.0,-0.7863212598199878,-1.40000000000002,0.12136787401800123,37.299999999999976,Low-Vol,안정,없음,안정,안정
2025-08-27,0.0647286139836073,NORMAL,0.0002693615719078,0.1861512549145351,2.5030297430787245,3.303630379478077,5.768325229342332,1.2,6.921990275210798,bear_steep,0.20000000000002238,6.0,-8.499999999999996,0.037698412698412696,0.5773809523809523,0.0,NORMAL,48.49999999999999,-0.7687606059442595,-0.700000000000017,0.12312393940557405,37.80000000000001,Low-Vol,안정,없음,안정,안정
2025-08-28,0.0542514000761543,NORMAL,0.0001123891234626,0.1049254350411296,2.43999568593232,3.3014483227974742,5.770123029266916,1.2,6.924147635120299,bear_steep,1.7999999999999794,5.60000000000001,-9.399999999999986,0.023809523809523808,0.5753968253968254,0.0,NORMAL,48.20000000000002,-0.778832152975353,-0.9999999999999858,0.1221167847024647,37.699999999999974,Low-Vol,안정,없음,안정,안정
2025-08-29,0.0428563710734124,NORMAL,0.0002319904357393,-0.4316800067044561,2.421287173993882,3.2992662661168715,5.769876805651374,1.2,6.923852166781649,bear_steep,2.9999999999999805,6.399999999999961,-8.800000000000008,0.011904761904761904,0.5734126984126984,0.0,NORMAL,48.0,-0.7854450342919512,-1.2000000000000028,0.12145549657080489,37.5,Low-Vol,안정,없음,안정,안정
2025-09-01,0.0481798017440928,NORMAL,0.0002318135671175,-0.2365579808511167,2.292751736738131,3.29910473904241,5.762804197676011,1.2,6.915365037211212,bear_steep,1.5000000000000124,5.800000000000033,-8.300000000000024,0.007936507936507936,0.5714285714285714,0.0,NORMAL,47.79999999999997,-0.7920542328921577,-1.400000000000034,0.12079457671078424,37.19999999999999,Low-Vol,안정,없음,안정,안정
2025-09-02,0.0536711090673717,NORMAL,0.0001222345473103,0.0161324825353242,1.945142397709833,3.2989432119679494,5.757520429046242,1.2,6.909024514855489,bear_steep,9.200000000000008,6.299999999999967,-8.100000000000046,0.003968253968253968,0.5694444444444444,0.0,NORMAL,47.39999999999997,-0.8055668906437378,-2.2000000000000317,0.11944331093562623,37.1,Low-Vol,안정,없음,안정,안정
2025-09-03,0.1047237125980424,NORMAL,0.0002008851427625,0.4381221948263384,2.082072600989072,3.297285149345052,5.747738684534381,1.2,6.897286421441257,bear_steep,14.69999999999998,9.699999999999953,-9.90000000000002,0.003968253968253968,0.5674603174603174,0.0,NORMAL,47.10000000000001,-0.8156175765199779,-2.0999999999999943,0.11843824234800221,36.79999999999999,Low-Vol,안정,없음,안정,안정
2025-09-04,0.0795320929208203,NORMAL,0.0002471018016546,0.2424867292579412,2.236915169085348,3.2956270867221544,5.754204993891384,1.2,6.905045992669661,bear_steep,10.40000000000001,6.200000000000028,-8.400000000000007,0.005952380952380952,0.43452380952380953,0.0,NORMAL,47.10000000000001,-0.8152998632632502,-1.6999999999999886,0.11847001367367499,36.89999999999998,Low-Vol,안정,없음,안정,안정
2025-09-05,0.0648785265300647,NORMAL,0.0001553576492055,0.1461494960949687,2.3439227129345466,3.2927739492195527,5.760478719801931,1.2,6.912574463762317,neutral,8.300000000000018,3.100000000000014,-7.200000000000006,0.007936507936507936,0.3869047619047619,0.0,NORMAL,47.10000000000001,-0.8149825210562236,-2.199999999999981,0.11850174789437765,37.000000000000014,Low-Vol,안정,없음,안정,안정
2025-09-08,0.0642682054616258,NORMAL,0.0003260483888055,0.1514025781692772,2.357161540140113,3.289920811716951,5.762270432781047,1.2,6.9147245193372555,neutral,7.200000000000006,3.299999999999992,-6.49999999999995,0.003968253968253968,0.43253968253968256,0.0,NORMAL,47.00000000000002,-0.8181201949618888,-2.300000000000012,0.11818798050381113,37.000000000000014,Low-Vol,안정,없음,안정,안정
2025-09-09,0.0433980557359789,NORMAL,0.0002695695101178,-0.2440643573968735,2.473283562179493,3.2860026773561097,5.7692584796507935,1.2,6.923110175580952,neutral,3.699999999999992,3.1999999999999975,-5.999999999999961,0.01984126984126984,0.5178571428571429,0.0,NORMAL,47.30000000000003,-0.8074363856664891,-1.5999999999999588,0.1192563614333511,37.299999999999976,Low-Vol,안정,없음,안정,안정
2025-09-10,0.0458927232149157,NORMAL,0.0005119441132529,-0.1851089628680205,2.456441585537464,3.282084542995268,5.765922705654807,1.2,6.919107246785768,neutral,3.200000000000003,3.299999999999992,-6.600000000000028,0.01984126984126984,0.47619047619047616,0.0,NORMAL,47.2,-0.8105801758167753,-1.3999999999999773,0.11894198241832248,37.5,Low-Vol,안정,없음,안정,안정
2025-09-11,0.0425707408443809,NORMAL,0.0005488017525608,-0.3318290156103179,2.497493480313901,3.281436960845936,5.770453238130604,1.2,6.924543885756725,neutral,0.40000000000000036,0.09999999999998899,-5.600000000000005,0.021825396825396824,0.5158730158730159,0.0,NORMAL,47.2,-0.8102667113320118,-1.8000000000000256,0.11897332886679883,37.9,Low-Vol,안정,없음,안정,안정
2025-09-12,0.0425707408443809,NORMAL,0.0002008807824815,-0.3212941568389537,2.4424103711400638,3.280789378696604,5.770182424101877,1.2,6.924218908922253,neutral,2.6000000000000245,-0.09999999999998899,-6.000000000000011,0.003968253968253968,0.5138888888888888,0.0,NORMAL,46.99999999999997,-0.8168651379654919,-2.2000000000000317,0.11831348620345082,37.699999999999974,Low-Vol,안정,없음,안정,안정
2025-09-15,0.0439017927406069,NORMAL,0.0001449936029685,-0.2421448299384954,2.166636976854586,3.2783009266235803,5.768172619010607,1.2,6.921807142812728,neutral,-1.6000000000000014,-3.2999999999999865,-6.700000000000022,0.003968253968253968,0.5119047619047619,0.0,NORMAL,46.599999999999966,-0.8303715630318218,-2.000000000000007,0.11696284369681782,37.59999999999999,Low-Vol,안정,없음,안정,안정
2025-09-16,0.0410752308311173,NORMAL,0.0005546381480084,-0.3621527805903513,2.1317400848775137,3.2758124745505564,5.772457037531889,1.2,6.926948445038266,neutral,-5.400000000000027,-2.700000000000008,-5.299999999999999,0.007936507936507936,0.4107142857142857,0.0,NORMAL,46.79999999999999,-0.8231321447109904,-1.20000000000001,0.11768678552890097,38.20000000000001,Low-Vol,안정,없음,안정,안정
2025-09-17,0.0382445845396683,NORMAL,0.0001486428825222,-0.1949197360240889,2.155311676081335,3.274566829681909,5.776081183589948,1.2,6.931297420307938,neutral,-6.600000000000028,-4.300000000000054,-5.900000000000066,0.003968253968253968,0.35714285714285715,0.0,NORMAL,46.29999999999996,-0.840092855582101,-1.9000000000000623,0.1159907144417899,38.39999999999999,Low-Vol,안정,없음,안정,안정
2025-09-18,0.0330753590199304,NORMAL,0.0002739838327808,-0.3419400960474617,2.241351800752561,3.2733211848132617,5.783115564298168,1.2,6.939738677157801,bull_flat,-8.900000000000041,-5.400000000000027,-5.60000000000001,0.007936507936507936,0.4087301587301587,0.0,NORMAL,46.49999999999998,-0.832845821557232,-1.799999999999983,0.1167154178442768,38.60000000000001,Low-Vol,안정,없음,안정,안정
2025-09-19,0.0576238447854698,NORMAL,0.0003167858644842,0.1392653803653697,2.6253571185650006,3.2713402648742766,5.769507591227638,1.2,6.923409109473166,neutral,-4.499999999999993,-2.9999999999999805,-5.7999999999999385,0.003968253968253968,0.35119047619047616,0.0,NORMAL,45.70000000000003,-0.8601727452335938,-1.899999999999963,0.11398272547664062,37.9,Low-Vol,안정,없음,안정,안정
2025-09-22,0.0719752173336504,NORMAL,0.0002677242239956,0.2466214297939413,2.659535970606018,3.269359344935291,5.765209096869297,1.2,6.9182509162431565,neutral,-1.8999999999999684,-4.3999999999999595,-6.100000000000044,0.003968253968253968,0.40674603174603174,0.0,NORMAL,45.299999999999976,-0.8736527076888657,-2.8000000000000043,0.11263472923111344,37.59999999999999,Low-Vol,안정,없음,안정,안정
2025-09-23,0.046950742062709,NORMAL,9.827722787475344e-05,0.0410829891184662,2.683531647896683,3.266719081176563,5.769468834020209,1.2,6.923362600824251,bull_flat,-4.699999999999971,-8.499999999999952,-5.900000000000022,0.003968253968253968,0.27976190476190477,0.0,NORMAL,45.19999999999999,-0.8767517132556926,-2.800000000000012,0.11232482867443075,37.80000000000001,Low-Vol,안정,없음,안정,안정
2025-09-24,0.0829384153311351,NORMAL,0.0002007352353554,0.3255496431167795,2.691756421294259,3.264078817417835,5.761262171968188,1.2,6.913514606361825,bear_flat,2.2999999999999687,-6.4,-5.899999999999972,0.003968253968253968,0.2777777777777778,0.0,NORMAL,44.600000000000016,-0.8971352412279329,-3.89999999999997,0.11028647587720672,37.40000000000001,Low-Vol,안정,없음,안정,안정
2025-09-25,0.083365826882938,NORMAL,0.0004037064556325,0.2728957425094681,2.7925653175228504,3.263834916408142,5.7524024023079185,1.168758666423363,6.723170160451952,neutral,6.999999999999984,-4.200000000000031,-5.699999999999999,0.003968253968253968,0.23809523809523808,0.0,NORMAL,44.09999999999998,-0.9140460954228036,-4.100000000000037,0.10859539045771965,36.79999999999999,Low-Vol,안정,없음,안정,안정
2025-09-26,0.1326574822291863,NORMAL,0.0004164452675049,0.6404062295906149,3.0441315415246426,3.263591015398449,5.7392229849343455,1.0720926382057363,6.152978711169263,bear_flat,12.800000000000011,-0.7999999999999563,-6.400000000000011,0.003968253968253968,0.2757936507936508,0.0,NORMAL,43.9,-0.9205715134587092,-4.100000000000001,0.10794284865412908,35.999999999999986,Low-Vol,안정,없음,안정,안정
2025-09-29,0.1224918507913428,NORMAL,0.0001165132448849,0.5517945229816512,2.9907576931184687,3.262068329555799,5.740048209524902,1.0907163549429624,6.260764460289879,neutral,9.200000000000008,-3.600000000000003,-5.699999999999999,0.00992063492063492,0.34523809523809523,0.0,NORMAL,44.09999999999998,-0.9132616127944088,-3.6999999999999886,0.10867383872055913,35.9,Low-Vol,안정,없음,안정,안정
2025-09-30,0.1244670751310983,NORMAL,0.0082097853579122,0.5517945229816512,2.9651440011183863,3.260545643713148,5.73703368986573,1.0996247205813083,6.308584068184156,bear_flat,8.099999999999996,-5.099999999999966,-5.099999999999971,0.007936507936507936,0.34325396825396826,0.0,NORMAL,43.99999999999999,-0.91633082096969,-3.3999999999999844,0.108366917903031,35.9,Normal,안정,없음,안정,안정
2025-10-01,0.1269982593899828,NORMAL,0.2783742993684159,0.5615636787419674,2.8241952742982144,3.2594072384620425,5.7347804952567225,1.1541012295164237,6.618517220582588,bear_flat,4.700000000000015,-7.399999999999984,-5.400000000000032,0.003968253968253968,0.40476190476190477,0.0,NORMAL,43.69999999999997,-0.9263135078430768,-3.400000000000034,0.10736864921569234,35.80000000000001,Normal,안정,없음,안정,안정
2025-10-02,0.1225917769202562,NORMAL,0.0135969586413005,0.5219310668280374,2.721957499958237,3.2582688332109364,5.735360375266062,1.197031486810844,6.865406957400734,neutral,7.600000000000007,-3.2999999999999865,-5.0999999999999766,0.007936507936507936,0.4623015873015873,0.0066666666666668,NORMAL,43.80000000000001,-0.9224566787014984,-3.299999999999997,0.10775433212985017,36.49999999999998,Normal,안정,없음,안정,안정
2025-10-10,0.1484668776509344,NORMAL,0.020470117422138,0.7627334046626756,2.617044335243774,3.25802449722382,5.734054554268982,1.2,6.8808654651227785,bear_flat,10.899999999999999,-2.200000000000024,-6.00000000000005,0.003968253968253968,0.4603174603174603,0.0133333333333333,NORMAL,43.49999999999996,-0.9324353354785871,-3.600000000000051,0.10675646645214129,36.49999999999998,Normal,안정,없음,안정,안정
2025-10-13,0.10014917042135,NORMAL,0.0125561810115341,0.3927950204423976,2.9913207785190727,3.2577801612367034,5.747714619527832,1.0890775020289025,6.259706680210375,neutral,5.600000000000005,-4.999999999999982,-4.899999999999993,0.031746031746031744,0.5099206349206349,0.0133333333333333,NORMAL,44.10000000000003,-0.911282614975138,-2.8999999999999915,0.10887173850248621,37.5,Normal,안정,없음,안정,안정
2025-10-14,0.0523148604793994,NORMAL,0.006165262513534,-0.0752800298425415,3.009331976929161,3.2568913576125516,5.755267046128587,1.0822638986264352,6.2287177509793725,bear_flat,5.299999999999994,-5.500000000000011,-4.299999999999976,0.03571428571428571,0.5079365079365079,0.0,NORMAL,44.20000000000001,-0.9074381980990028,-3.1000000000000227,0.10925618019009972,37.999999999999986,Normal,안정,없음,안정,안정
2025-10-15,0.0498315619265108,NORMAL,0.0012462413679208,-0.1052030461391675,3.019284509179017,3.256002553988399,5.758790321801284,1.0784020333591382,6.21029119271943,bear_flat,2.2999999999999687,-6.700000000000022,-4.399999999999954,0.041666666666666664,0.5059523809523809,0.0066666666666665,NORMAL,44.600000000000016,-0.8932211923599361,-2.59999999999998,0.11067788076400639,38.20000000000001,Low-Vol,안정,없음,안정,안정
2025-10-16,0.0746658952002577,NORMAL,0.0013517910086359,0.1502188316619313,3.17885696107065,3.255598391891203,5.746494783567821,1.024141202879008,5.885222079981093,bear_flat,9.499999999999975,-5.400000000000027,-5.60000000000001,0.007936507936507936,0.503968253968254,0.0,NORMAL,43.5,-0.9308952767678198,-3.699999999999996,0.10691047232321803,37.299999999999976,Low-Vol,안정,없음,안정,안정
2025-10-17,0.0546555787268521,NORMAL,0.0003389328536929,-0.0972008843277838,3.2379980819863574,3.2551942297940064,5.751739694380671,1.0053107344020105,5.782285656247027,bear_flat,7.199999999999962,-5.200000000000049,-5.399999999999988,0.00992063492063492,0.501984126984127,0.0,NORMAL,43.5,-0.9304937051640628,-3.499999999999972,0.10695062948359373,37.80000000000001,Low-Vol,안정,없음,안정,안정
2025-10-20,0.0658424432830158,NORMAL,0.0001555076977263,0.093440769382594,3.237360035584544,3.25514572359789,5.749903658329753,1.0054938863202882,5.7814929753812265,bear_flat,7.099999999999973,-5.500000000000021,-5.19999999999996,0.011904761904761904,0.5,0.0,NORMAL,43.5,-0.9300926528843376,-3.099999999999966,0.10699073471156624,38.3,Low-Vol,안정,없음,안정,안정
2025-10-21,0.083703832191552,NORMAL,0.000140470908532,0.2416155428080937,3.20525883674412,3.2550972174017727,5.746586610748681,1.0155489410360001,5.83593994711748,bear_flat,10.000000000000009,-8.300000000000018,-6.800000000000011,0.003968253968253968,0.498015873015873,0.0133333333333333,NORMAL,42.399999999999984,-0.9677392760753788,-4.400000000000006,0.10322607239246212,37.999999999999986,Low-Vol,안정,없음,안정,안정
2025-10-22,0.0677609274745023,NORMAL,0.000162210270439,0.1461428197806513,3.294317276127091,3.25514572359789,5.7547370900997405,0.9881093564323432,5.68630956253579,bear_flat,8.20000000000003,-7.199999999999967,-6.199999999999989,0.007936507936507936,0.49603174603174605,0.0199999999999998,NORMAL,42.7,-0.9569302984811734,-3.599999999999959,0.10430697015188267,39.000000000000014,Low-Vol,안정,없음,안정,안정
2025-10-23,0.1016471953226603,NORMAL,0.0003608926492349,0.3916387283455156,3.294908352690785,3.2551942297940064,5.744760608070953,0.9879468201704773,5.675517975384316,bear_flat,15.600000000000014,-4.599999999999982,-6.999999999999989,0.003968253968253968,0.49404761904761907,0.0133333333333333,NORMAL,42.20000000000001,-0.9738017970045038,-4.299999999999969,0.10261982029954964,38.49999999999998,Low-Vol,안정,없음,안정,안정
2025-10-24,0.0925560207278454,NORMAL,0.0003339259497048,0.3067965103054167,3.067984080106901,3.25514572359789,5.744890859623503,1.0610047635854964,6.095356568339314,bear_flat,9.799999999999986,-5.200000000000049,-7.100000000000017,0.003968253968253968,0.49206349206349204,0.0199999999999998,NORMAL,42.19999999999997,-0.9733643381982215,-3.500000000000057,0.10266356618017786,39.000000000000014,Low-Vol,안정,없음,안정,안정
2025-10-27,0.1201884530775079,NORMAL,0.0005028119882684,0.487461111810747,3.1922768643943296,3.2550972174017727,5.734404608306109,1.019678854834968,5.847251124157936,bear_flat,12.599999999999989,-3.5000000000000195,-7.30000000000004,0.003968253968253968,0.49007936507936506,0.0133333333333333,NORMAL,41.6,-0.9936807369927498,-3.6999999999999815,0.10063192630072502,38.79999999999999,Low-Vol,안정,없음,안정,안정
2025-10-28,0.1173095222622962,NORMAL,0.0004101346875436,0.4974302835864957,3.21082052146372,3.2542885678636475,5.739182613598617,1.0135379869754013,5.816879593070965,bear_flat,12.199999999999989,-5.100000000000021,-8.000000000000012,0.003968253968253968,0.4146825396825397,0.0200000000000001,NORMAL,41.400000000000006,-1.0001434600621273,-3.799999999999983,0.1,38.49999999999998,Low-Vol,안정,없음,안정,안정
2025-10-29,0.1524291906742432,NORMAL,0.000679247404762,0.7382079550378988,3.291392282590252,3.2550972174017727,5.727709913722908,0.9889727318799216,5.664548920790255,bear_flat,13.600000000000012,-5.20000000000001,-8.400000000000007,0.003968253968253968,0.4126984126984127,0.0200000000000001,NORMAL,40.79999999999999,-1.0204353912828314,-3.8000000000000256,0.1,37.59999999999999,Low-Vol,안정,없음,안정,안정
2025-10-30,0.2073721014663675,NORMAL,0.0036086829357673,1.1240275566872402,3.489363537199408,3.25514572359789,5.712419672575381,0.9328766375000572,5.328982856141299,bear_flat,16.500000000000004,-3.9000000000000092,-8.900000000000041,0.003968253968253968,0.4880952380952381,0.0333333333333332,NORMAL,40.29999999999996,-1.0372491924243197,-3.8000000000000256,0.1,37.699999999999974,Low-Vol,안정,없음,안정,안정
2025-10-31,0.2207637499689587,NORMAL,0.0148254143108517,1.22900004718367,3.289200830789003,3.2551942297940064,5.710492479543955,0.9896611357151947,5.651452472798549,bear_flat,11.799999999999988,-3.600000000000053,-8.60000000000003,0.007936507936507936,0.6051587301587301,0.0399999999999999,NORMAL,40.599999999999966,-1.0263781655238922,-3.3000000000000327,0.1,38.79999999999999,Normal,안정,없음,안정,안정
2025-11-03,0.214984306006157,NORMAL,0.0037032948238125,1.147224107171638,3.307133438334062,3.255598391891203,5.704620266859989,0.9844170042111094,5.615725193264289,bear_flat,14.69999999999998,-3.100000000000019,-8.60000000000003,0.00992063492063492,0.5357142857142857,0.0266666666666664,NORMAL,40.599999999999966,-1.0258935472868649,-3.500000000000014,0.1,37.699999999999974,Low-Vol,안정,없음,안정,안정
2025-11-04,0.2427622788987402,NORMAL,0.0240280126915537,1.4236464167961929,3.314636599911609,3.256002553988399,5.705754547626578,0.982310565832534,5.604822978180617,bear_flat,13.099999999999978,-1.6000000000000514,-8.900000000000002,0.015873015873015872,0.4781746031746032,0.0199999999999998,NORMAL,40.7,-1.0219510919656525,-3.29999999999999,0.1,37.79999999999997,Normal,안정,없음,안정,안정
2025-11-05,0.2765785449438425,NORMAL,0.0183350331005816,1.6610130617599623,3.413575837739644,3.2568913576125516,5.695796038266492,0.9540996047620129,5.434356748915099,bear_flat,16.500000000000004,-0.5999999999999783,-8.999999999999991,0.003968253968253968,0.5615079365079365,0.0200000000000001,NORMAL,40.20000000000001,-1.0387634217434036,-3.4999999999999645,0.1,38.10000000000002,Normal,안정,없음,안정,안정
2025-11-06,0.3155981813000488,WARNING,0.0375540509935245,1.8617603167982528,3.7421637422331098,3.2577801612367034,5.6778507259493765,0.8705605595154011,4.942912904827415,bear_flat,24.399999999999977,-0.9000000000000341,-8.999999999999991,0.003968253968253968,0.5297619047619048,0.013333333333333,NORMAL,39.8,-1.052100815786173,-4.000000000000007,0.1,37.39999999999996,Normal,주의,금리,주의,안정
2025-11-07,0.3340281222875695,WARNING,0.0170290181536393,1.9926878468583455,3.745579851111512,3.25802449722382,5.671597550147153,0.8698318088872118,4.933335956324777,bear_flat,26.200000000000003,-4.099999999999998,-10.099999999999998,0.003968253968253968,0.46825396825396826,0.0066666666666665,NORMAL,39.19999999999999,-1.0723409737323415,-4.299999999999969,0.1,37.19999999999999,Normal,주의,금리,주의,안정
2025-11-10,0.3346705923171872,WARNING,0.0063502235274386,1.9926878468583455,3.339571356043341,3.2582688332109364,5.671470330258356,0.9756548029179619,5.533397267323284,bear_steep,32.60000000000001,1.4999999999999625,-9.700000000000042,0.007936507936507936,0.5277777777777778,0.0066666666666665,NORMAL,39.6,-1.0579800121332783,-4.500000000000036,0.1,37.999999999999986,Normal,주의,금리,주의,안정
2025-11-11,0.3117166506629264,WARNING,0.0036509559630764,1.8202235824360116,3.3095555433829387,3.2594072384620425,5.678340938929813,0.9848474200648598,5.5922994239537,bear_steep,33.00000000000001,3.200000000000003,-8.399999999999968,0.023809523809523808,0.6031746031746031,0.0133333333333333,NORMAL,40.50000000000002,-1.0263434976593602,-3.6999999999999886,0.1,39.5,Low-Vol,주의,금리,주의,안정
2025-11-12,0.3481002414577163,WARNING,0.0480739134317403,1.98741264209,3.518238195460888,3.260545643713148,5.659255318876358,0.9267552287732519,5.244744457731501,bear_steep,42.600000000000016,2.3000000000000185,-7.799999999999979,0.041666666666666664,0.7956349206349206,0.0266666666666666,NORMAL,40.79999999999999,-1.0154861530085686,-3.8000000000000256,0.1,39.599999999999994,Normal,주의,금리,주의,안정
2025-11-13,0.3342003281190275,WARNING,0.0082232529207,1.8838803010104512,3.529496012926357,3.262068329555799,5.662149262770464,0.9242306316847686,5.233131789823793,bear_flat,35.9,-0.40000000000000036,-7.700000000000001,0.047619047619047616,0.19047619047619047,0.0,NORMAL,41.30000000000002,-0.9977228568278582,-2.199999999999981,0.10022771431721418,41.5,Normal,주의,금리,주의,안정
2025-11-14,0.3753195048387413,WARNING,0.0238180929066122,2.16462723144445,3.460514108443532,3.263591015398449,5.651495081673915,0.9430942666684706,5.32989260963173,bear_steep,43.20000000000004,4.300000000000059,-7.099999999999978,0.05952380952380952,0.30357142857142855,0.0,NORMAL,42.10000000000002,-0.9696008513851556,-1.3999999999999773,0.10303991486148445,43.70000000000003,Normal,주의,금리,주의,안정
2025-11-17,0.3428503171701829,WARNING,0.0063797483889234,1.913839191552131,3.548680258764836,3.263834916408142,5.655536097947291,0.919732035126817,5.20157772509824,bear_steep,40.90000000000003,6.400000000000011,-5.799999999999983,0.07936507936507936,0.3373015873015873,0.0,NORMAL,42.79999999999999,-0.9449612458438575,-0.70000000000001,0.10550387541561425,47.29999999999998,Normal,주의,금리,주의,안정
2025-11-18,0.3105614652987699,WARNING,0.0039558099770138,1.6705038653183042,3.742445021218351,3.264078817417835,5.663400513713562,0.8721781613120974,4.939494246824681,bear_steep,36.39999999999999,9.200000000000008,-4.2999999999999705,0.10317460317460317,0.5178571428571429,0.0261666666666672,NORMAL,43.70000000000003,-0.913424198159151,1.300000000000047,0.1086575801840849,50.199999999999974,Low-Vol,주의,금리,주의,안정
2025-11-19,0.3212367827247259,WARNING,0.0007081053569443,1.745426126223795,3.531273812215931,3.266719081176563,5.660775906496661,0.9250823512682083,5.2366838855843545,bear_steep,41.19999999999999,11.499999999999982,-4.300000000000059,0.1111111111111111,0.5515873015873016,0.0246666666666663,NORMAL,43.89999999999996,-0.9061233127565612,1.199999999999967,0.10938766872434388,51.40000000000002,Low-Vol,주의,금리,주의,안정
2025-11-20,0.3516269086018143,WARNING,0.0005013262612935,1.9397693441789032,3.5346815534373763,3.269359344935291,5.650715194835827,0.9249374506611304,5.226558106723563,bear_steep,41.300000000000026,11.000000000000032,-5.099999999999971,0.08333333333333333,0.5496031746031746,0.0216666666666664,NORMAL,43.19999999999999,-0.9299589243596724,0.9999999999999788,0.10700410756403277,52.30000000000001,Low-Vol,주의,금리,주의,안정
2025-11-21,0.3073711197861803,WARNING,0.0007206019762151,1.61193614057694,3.891542787013636,3.2713402648742766,5.66277776954464,0.8406281117583955,4.760290183719729,bear_steep,35.80000000000001,7.70000000000004,-4.000000000000009,0.10317460317460317,0.6190476190476191,0.0343333333333338,NORMAL,43.59999999999999,-0.9157264843398988,1.4000000000000128,0.10842735156601013,54.60000000000002,Low-Vol,주의,금리,주의,안정
2025-11-24,0.3223452951347442,WARNING,0.0007241939616145,1.715350185709407,3.8350873180205514,3.2733211848132617,5.658265715541624,0.853519336947655,4.829439201802736,bear_steep,33.00000000000001,4.600000000000026,-4.699999999999971,0.0873015873015873,0.7023809523809523,0.0470000000000004,NORMAL,43.40000000000001,-0.9222604077939156,1.8000000000000185,0.10777395922060845,55.60000000000001,Low-Vol,주의,금리,주의,안정
2025-11-25,0.3022782001742267,WARNING,0.0018783952473215,1.5732499991638564,3.8407064865450784,3.274566829681909,5.663501326878412,0.852594917407385,4.8286724460265145,bear_steep,32.89999999999998,5.999999999999961,-4.80000000000001,0.08531746031746032,0.8214285714285714,0.0603333333333332,NORMAL,43.19999999999999,-0.9287894180288296,1.799999999999983,0.10712105819711704,56.60000000000003,Low-Vol,주의,금리,주의,안정
2025-11-26,0.3114871479003919,WARNING,0.0002901983887754,1.676601655137521,3.814277195788968,3.2758124745505564,5.666372377497975,0.8588291585538443,4.866445821019332,bear_steep,26.69999999999999,4.899999999999993,-5.20000000000001,0.09126984126984126,0.8194444444444444,0.0708333333333333,NORMAL,43.299999999999976,-0.9249353076873664,2.499999999999986,0.10750646923126336,56.70000000000002,Low-Vol,주의,금리,주의,안정
2025-11-27,0.3786193515059073,WARNING,0.1852980502596934,1.986089523339468,4.124442546064795,3.2783009266235803,5.642794869454409,0.7948470344802029,4.485158768165941,bear_steep,30.100000000000016,2.000000000000046,-4.899999999999993,0.09523809523809523,0.8273809523809523,0.0783333333333346,NORMAL,43.300000000000026,-0.9245439174610942,3.000000000000071,0.10754560825389059,56.89999999999999,Normal,주의,금리,주의,안정
2025-11-28,0.3752847990809299,WARNING,0.0093661679136975,1.9577852505888824,4.153283418922277,3.280789378696604,5.644773522263164,0.7899266791544713,4.45895720302043,bear_steep,28.29999999999999,0.8000000000000007,-4.30000000000002,0.125,0.9007936507936508,0.0865000000000001,NORMAL,43.69999999999997,-0.9103143512166296,3.1000000000000085,0.10896856487833705,60.19999999999999,Normal,주의,금리,주의,안정
2025-12-01,0.3880809295873605,WARNING,0.0072235529956961,1.9897975115927424,4.197301764855983,3.281436960845936,5.6345984809171625,0.7817967696107567,4.405110890434715,bear_flat,30.100000000000016,-0.2999999999999614,-4.1999999999999815,0.12103174603174603,0.9464285714285714,0.1183333333333338,NORMAL,43.59999999999999,-0.9133948922382128,3.0000000000000213,0.10866051077617872,64.6,Normal,주의,금리,주의,안정
2025-12-02,0.357450872764823,WARNING,0.0018695671369835,1.72750746685239,4.363919049854636,3.282084542995268,5.643608864181094,0.7520956519815819,4.244533688235315,bear_flat,26.400000000000023,-2.8999999999999417,-3.299999999999942,0.16468253968253968,0.9682539682539683,0.1576521247726704,NORMAL,44.10000000000003,-0.89571336809978,3.400000000000034,0.11042866319002201,68.19999999999999,Low-Vol,주의,금리,주의,안정
2025-12-03,0.3505770695922849,WARNING,0.0004627376615444,1.6629073363764015,4.313415425342072,3.2856426868921353,5.638609633782277,0.7617264656653306,4.295078187607459,bear_flat,24.29999999999999,-3.100000000000019,-2.800000000000008,0.1746031746031746,0.9801587301587301,0.1799169637621105,NORMAL,44.3,-0.8884254769582498,4.099999999999987,0.11115745230417502,70.5,Low-Vol,주의,금리,주의,안정
2025-12-04,0.3592598229559967,WARNING,0.0001961196944875,1.8196266665692635,4.025350589504105,3.289200830789003,5.63734859238719,0.8171215792645306,4.606399184676099,bear_flat,17.300000000000004,-1.7999999999999794,-2.1999999999999797,0.1865079365079365,0.9861111111111112,0.22256526048961,NORMAL,44.90000000000003,-0.8673012047926172,5.100000000000023,0.1,74.00000000000003,Low-Vol,주의,금리,주의,안정
2025-12-05,0.3624173162847566,WARNING,0.000329620583253,1.8646390778744448,4.052731372660586,3.289560821252977,5.641811196788225,0.8116898256430469,4.579400746632024,bear_steep,13.200000000000012,3.200000000000008,-1.200000000000051,0.20238095238095238,0.9841269841269841,0.2532271421812758,NORMAL,45.89999999999996,-0.8323481907400311,6.699999999999967,0.1,76.6,Low-Vol,주의,금리,주의,안정
2025-12-08,0.3936812146034253,WARNING,0.0009843550404617,2.0369382076389964,4.13260144906838,3.289920811716951,5.631984130570144,0.7960895460796501,4.483563690033379,bear_steep,17.09999999999998,0.20000000000002793,-1.200000000000001,0.20238095238095238,0.9940476190476191,0.2482737050201589,NORMAL,45.80000000000002,-0.8354889281715374,6.200000000000024,0.1,79.5,Low-Vol,주의,금리,주의,안정
2025-12-09,0.438603258061649,WARNING,0.0023018769826903,2.3360741312513613,4.142132682314114,3.290656547153602,5.620097816355753,0.7944353306700904,4.464804267134836,bear_flat,25.199999999999978,-0.1000000000000334,-1.200000000000051,0.21031746031746032,0.998015873015873,0.2510384348089881,NORMAL,46.09999999999998,-0.8247826678867493,5.599999999999959,0.1,80.2,Low-Vol,주의,금리,주의,안정
2025-12-10,0.3822272897373534,WARNING,0.0016543245636531,1.873919657633208,4.325015971981457,3.291392282590252,5.6366839503143895,0.7610127462910474,4.289588333003423,bear_flat,8.899999999999997,-8.300000000000018,0.6999999999999618,0.27380952380952384,1.0,0.2694168183187945,NORMAL,47.89999999999996,-0.7621574704308974,7.099999999999966,0.1,80.79999999999998,Low-Vol,주의,금리,주의,안정
2025-12-11,0.3948064985216255,WARNING,0.0044070362019989,1.9783322691615173,4.300853648435752,3.2928547793586715,5.6350964121818965,0.76562818652439,4.314388646948922,bear_flat,11.100000000000021,-5.799999999999983,1.200000000000001,0.3055555555555556,1.0,0.3252947218739292,WARNING,48.4,-0.7445730943319094,7.09999999999998,0.1,81.70000000000002,Low-Vol,주의,금리+신용,주의,주의
2025-12-12,0.4097746824382388,WARNING,0.0046409410262455,2.082195282104476,4.217682077310131,3.294317276127091,5.628910690131521,0.781072924829857,4.396589736347076,bear_flat,9.199999999999964,-5.700000000000044,1.9000000000000183,0.3412698412698413,1.0,0.3233387287668602,WARNING,48.89999999999999,-0.7269975613642223,6.799999999999969,0.1,82.89999999999998,Low-Vol,주의,금리+신용,주의,주의
2025-12-15,0.3665849066566733,WARNING,0.0484493175044289,1.672978770803373,4.6449293235799125,3.294612814408938,5.648481309886611,0.7092923454580646,4.006424556565515,bear_flat,2.400000000000002,-6.199999999999983,3.3000000000000416,0.4444444444444444,1.0,0.3303820823950191,WARNING,49.90000000000001,-0.6921150910364212,7.100000000000023,0.1,90.39999999999999,Normal,주의,금리+신용,주의,주의
2025-12-16,0.3647841130425686,WARNING,0.0045082294225805,1.6917516375468613,4.586923633662602,3.294908352690785,5.650987893566343,0.7183264025827788,4.059253804624347,bear_flat,4.500000000000037,-8.19999999999999,4.000000000000009,0.45634920634920634,0.998015873015873,0.3170376830077931,WARNING,50.8,-0.6607109653460017,7.099999999999966,0.1,90.99999999999997,Normal,주의,금리+신용,주의,주의
2025-12-17,0.3786996838022025,WARNING,0.0072342628331792,1.7914291589204652,4.584674126053579,3.2952677197064695,5.648785104814289,0.7187572396869543,4.060105189521101,bear_flat,4.2999999999999705,-8.400000000000013,4.800000000000054,0.4623015873015873,0.996031746031746,0.3185266268206326,WARNING,51.10000000000001,-0.6501036714344545,7.2000000000000455,0.1,90.59999999999997,Low-Vol,주의,금리+신용,주의,주의
2025-12-18,0.3819773425971158,WARNING,0.0978538642651816,1.867142888871952,4.4855645657691845,3.2956270867221544,5.651971263964518,0.7347184592709168,4.152607618903508,bull_flat,-1.3000000000000345,-7.200000000000051,5.20000000000001,0.47619047619047616,0.9940476190476191,0.3380155804855459,WARNING,51.69999999999999,-0.6291067454734767,8.5,0.1,91.19999999999999,Normal,주의,금리+신용,주의,주의
2025-12-19,0.3709160659105603,WARNING,0.0179882908036208,1.791013281084159,4.350979925923509,3.297285149345052,5.644725761790902,0.757825870374521,4.277719213454671,bear_flat,7.100000000000017,-6.699999999999973,5.600000000000005,0.46825396825396826,0.9821428571428571,0.3101162670175372,WARNING,51.30000000000003,-0.6427681856489049,7.700000000000045,0.1,88.59999999999997,Normal,주의,금리+신용,주의,주의
2025-12-22,0.373142485282206,WARNING,0.0032479385137153,1.7877979976554972,4.349289113116481,3.2989432119679494,5.641483636560432,0.7585017059498473,4.279074962419236,neutral,6.999999999999984,-2.50000000000003,6.1,0.4722222222222222,0.9801587301587301,0.3079396549440171,WARNING,51.39999999999998,-0.6390971261170199,7.9999999999999645,0.1,89.6,Low-Vol,주의,금리+신용,주의,주의
2025-12-23,0.3924948888821434,WARNING,0.0042534076660048,1.932031866263356,4.310315045269143,3.29910473904241,5.638234424800024,0.7653975879706048,4.315491029154769,bear_steep,11.500000000000021,5.400000000000032,8.500000000000002,0.5198412698412699,0.9781746031746031,0.3387630514385177,WARNING,53.69999999999999,-0.5591733942695982,10.5,0.1,89.99999999999999,Low-Vol,주의,금리+신용,주의,주의
2025-12-24,0.3595347870492422,WARNING,0.0007969028422294,1.6850253941773523,4.383353678826756,3.2992662661168715,5.645829299019548,0.752680825654924,4.249507458292794,bear_steep,9.40000000000003,5.000000000000027,8.999999999999986,0.5198412698412699,0.9662698412698413,0.3265301730336045,WARNING,53.6,-0.5624741795774549,10.300000000000026,0.1,90.19999999999997,Low-Vol,주의,금리+신용,주의,주의
2025-12-26,0.3429624060181974,WARNING,0.0002789879452226,1.6617581069214051,3.82254737329081,3.3014483227974742,5.639385949684691,0.8636775428515554,4.870611000215259,bear_steep,2.300000000000013,7.799999999999985,8.999999999999991,0.5079365079365079,0.9583333333333334,0.3031311375277166,WARNING,53.099999999999966,-0.579643091386599,9.79999999999994,0.1,89.79999999999997,Low-Vol,주의,금리+신용,주의,주의
2025-12-29,0.3075164662354805,WARNING,0.0019941953077003,1.4116423576089554,3.8481027450994527,3.303630379478077,5.643971532669573,0.858508880430815,4.845399681695546,bear_steep,1.000000000000023,6.200000000000028,9.200000000000014,0.5119047619047619,0.9563492063492064,0.2771231820742084,NORMAL,53.100000000000016,-0.5794681658553372,9.40000000000004,0.1,90.19999999999997,Low-Vol,주의,금리,주의,안정
2025-12-30,0.3271833648021162,WARNING,0.0006926382437198,1.5277817918241523,3.787222284416215,3.30468351002668,5.6372658056709595,0.8725876808511871,4.9190086957121215,bull_steep,-0.20000000000002238,9.09999999999997,8.300000000000024,0.5,0.9543650793650794,0.2414485663950381,NORMAL,52.400000000000006,-0.6035710421868086,8.800000000000018,0.1,89.6,Low-Vol,주의,금리,주의,안정
2025-12-31,0.3220240311397743,WARNING,0.0545832254252445,1.4863917868890233,3.663112711457557,3.3057366405752826,5.637241523368952,0.9024392370552874,5.087267939445463,bear_steep,3.89999999999997,10.79999999999996,8.300000000000024,0.5,1.0,0.2677887082814263,NORMAL,52.30000000000001,-0.6068538980482756,8.199999999999982,0.1,89.6,Normal,주의,금리,주의,안정
2026-01-02,0.3187357602417881,WARNING,0.0957445053625823,1.458691290757048,3.6325864353826662,3.3063017496288905,5.637472804156366,0.9101784110143537,5.131106039023674,bear_steep,1.8000000000000238,12.400000000000011,8.700000000000024,0.5059523809523809,1.0,0.2898389867285574,NORMAL,52.400000000000006,-0.603197396491593,8.100000000000009,0.1,89.9,Normal,주의,금리,주의,안정
2026-01-05,0.3250661998549288,WARNING,0.0122488365760618,1.4968855783000974,3.634918373078989,3.3068668586824983,5.63546320946698,0.9097499638984707,5.1268624513637455,bear_steep,2.0000000000000018,11.20000000000001,8.59999999999999,0.5079365079365079,1.0,0.2700426336305837,NORMAL,52.400000000000006,-0.6030119009245535,7.499999999999979,0.1,88.49999999999997,Normal,주의,금리,주의,안정
2026-01-06,0.3240843572610146,WARNING,0.0365632351300443,1.4864095176527017,3.6073025349902665,3.30700014850828,5.6346873974247575,0.9167515384226577,5.165608340119907,bear_steep,4.0000000000000036,8.60000000000003,7.70000000000004,0.46825396825396826,0.998015873015873,0.2370200024622948,NORMAL,51.2,-0.6444681982205693,5.300000000000047,0.1,87.4,Normal,주의,금리,주의,안정
2026-01-07,0.3251587961900219,WARNING,0.025100331167007,1.558973620741494,3.611425582348605,3.307133438334062,5.644676234647595,0.9157418207641277,5.16906609274019,bull_steep,-4.699999999999971,7.69999999999999,7.199999999999962,0.4722222222222222,1.0,0.251779964902391,NORMAL,51.29999999999999,-0.6407921747192522,5.499999999999972,0.1,87.39999999999996,Normal,주의,금리,주의,안정
2026-01-08,0.3325348316035,WARNING,0.0214066164089052,1.640589060747731,3.38174666796844,3.307499432747786,5.647554546220962,0.978044708101906,5.523560837648273,bull_steep,-11.199999999999966,7.000000000000023,7.39999999999999,0.49206349206349204,1.0,0.256868970509116,NORMAL,51.6,-0.6301755716854797,5.500000000000021,0.1,87.39999999999996,Normal,주의,금리,주의,안정
2026-01-09,0.3650464602518889,WARNING,0.0113226910536283,1.8409241732794528,3.0474968157661984,3.307133438334062,5.637302765877381,1.085196683791312,6.117582267057725,bear_steep,1.5000000000000124,16.800000000000008,5.6999999999999496,0.44841269841269843,0.9821428571428571,0.1575483213340686,NORMAL,50.29999999999997,-0.6751061432696831,2.400000000000013,0.1324893856730317,81.80000000000001,Normal,주의,금리,주의,안정
2026-01-12,0.3474679896832303,WARNING,0.0210234479757799,1.7009899488421316,3.0464992852020654,3.30700014850828,5.6351451602591105,1.0855082633931872,6.116996636881391,bear_steep,1.399999999999979,13.499999999999984,5.399999999999988,0.34325396825396826,0.9761904761904762,0.0946852085188417,NORMAL,48.89999999999999,-0.7234891104483734,0.4999999999999929,0.12765108895516267,77.59999999999998,Normal,주의,금리,주의,안정
2026-01-13,0.3699766283681499,WARNING,0.0049669786989847,1.862119879939812,2.998468907538237,3.3068668586824983,5.630474044831679,1.102851808924528,6.209578485445221,bear_steep,0.30000000000001137,9.300000000000002,4.80000000000001,0.3055555555555556,0.9603174603174603,0.0435991945171121,NORMAL,48.30000000000001,-0.7440731191164239,-0.5999999999999801,0.1255926880883576,73.4,Normal,주의,금리,주의,안정
2026-01-14,0.3704858651945034,WARNING,0.0008799449931051,1.8585327624033643,2.251379693946733,3.3063017496288905,5.629410979786267,1.2,6.75529317574352,bear_steep,9.299999999999997,9.699999999999992,4.999999999999988,0.31746031746031744,0.9484126984126984,0.0343618937033018,NORMAL,48.49999999999999,-0.7368686665108084,-1.400000000000027,0.12631313334891917,72.6,Low-Vol,주의,금리,주의,안정
2026-01-15,0.4061273629606267,WARNING,0.0457673574767489,2.026425043394119,2.707105659672606,3.3057366405752826,5.61176709362357,1.2,6.734120512348284,bear_steep,17.99999999999997,8.900000000000002,5.100000000000021,0.26587301587301587,0.9583333333333334,0.0369123316620072,NORMAL,47.50000000000001,-0.7713393566099842,-3.29999999999999,0.12286606433900159,69.10000000000002,Normal,주의,금리,주의,안정
2026-01-16,0.4197904820831813,WARNING,0.0044118435832315,2.153144973937005,2.7244700112324853,3.30468351002668,5.613031016456223,1.2,6.735637219747468,bear_steep,16.400000000000013,8.000000000000012,5.299999999999999,0.2876984126984127,0.9563492063492064,0.0369015011665206,NORMAL,48.0,-0.7536985685677272,-3.1000000000000085,0.12463014314322729,69.20000000000002,Normal,주의,금리,주의,안정
2026-01-19,0.443531432737938,WARNING,0.0106613211146819,2.2258757654824515,3.0807167655390773,3.303630379478077,5.5961234843771805,1.072357711176994,6.001046171170538,bear_steep,25.30000000000001,9.00000000000003,4.700000000000021,0.23015873015873015,0.9285714285714286,0.0343296714215319,NORMAL,46.900000000000034,-0.7916385035309988,-4.7999999999999545,0.12083614964690012,68.79999999999997,Normal,주의,금리,주의,안정
2026-01-20,0.4890181164544396,WARNING,0.1492451762732534,2.44123737725736,3.4974389125999457,3.30468351002668,5.576812714877065,0.9448866992704744,5.269456158609803,bear_steep,31.099999999999994,12.99999999999999,4.000000000000048,0.21428571428571427,0.9265873015873016,0.0343199266989236,NORMAL,46.20000000000002,-0.8156632316480624,-5.100000000000016,0.11843367683519376,67.99999999999997,Normal,주의,금리,주의,안정
2026-01-21,0.4383052317107913,WARNING,0.0192942965452352,2.090002167110597,3.800038088451759,3.3057366405752826,5.588416878102311,0.8699219754194968,4.86148665006642,bear_steep,24.29999999999999,10.400000000000004,7.000000000000028,0.3492063492063492,0.9246031746031746,0.0343101902707556,NORMAL,48.60000000000002,-0.7319885708899558,-2.7999999999999545,0.12680114291100442,68.79999999999997,Normal,주의,금리,주의,안정
2026-01-22,0.4255461849341199,WARNING,0.0063983538648272,2.005883029828068,3.994927705030585,3.3063017496288905,5.598054813052145,0.8276249268454727,4.633089705129228,bear_steep,17.899999999999984,3.2999999999999865,9.200000000000014,0.49206349206349204,0.9226190476190477,0.0343004621252669,NORMAL,50.60000000000002,-0.6622489968126339,-3.099999999999966,0.13377510031873663,69.30000000000001,Normal,주의,금리,주의,안정
2026-01-23,0.4205118462252735,WARNING,0.0047319141446119,1.9618155103597783,3.89275643106255,3.3068668586824983,5.590875647513942,0.8494923628653207,4.7494061642927985,bear_steep,24.499999999999964,4.699999999999971,9.90000000000002,0.49603174603174605,0.9007936507936508,0.031727971307725,NORMAL,50.70000000000001,-0.6585605948973153,-2.8999999999999915,0.13414394051026846,68.69999999999999,Low-Vol,주의,금리,주의,안정
2026-01-26,0.3737050630096172,WARNING,0.007775062544105,1.6008289383229122,4.079667169086983,3.30700014850828,5.60121857936915,0.8106053781951963,4.54037790488349,bear_steep,16.999999999999993,3.1999999999999975,11.200000000000054,0.5357142857142857,0.8849206349206349,0.0291559768286303,NORMAL,51.500000000000014,-0.6305457351696965,-1.5999999999999517,0.13694542648303037,69.49999999999999,Normal,주의,금리,주의,안정
2026-01-27,0.3601247312845383,WARNING,0.0020703326550502,1.515965172642448,4.059764058480026,3.307133438334062,5.604119087594431,0.8146122263992484,4.565183926951824,bear_steep,17.599999999999973,2.0999999999999908,10.700000000000065,0.5218253968253969,0.871031746031746,0.0265843991868907,NORMAL,51.30000000000003,-0.6373003073285853,-1.799999999999983,0.13626996926714147,69.19999999999997,Low-Vol,주의,금리,주의,안정
2026-01-28,0.3424713765328913,WARNING,0.000664606927633,1.3958155760676594,4.049857047509586,3.307499432747786,5.607219426545358,0.8166953534277699,4.5793900513095185,bear_steep,13.3,1.799999999999985,11.60000000000001,0.5595238095238095,0.8829365079365079,0.0291417911468523,NORMAL,52.19999999999998,-0.6058119515954737,-0.2000000000000241,0.13941880484045263,69.0,Low-Vol,주의,금리,주의,안정
2026-01-29,0.3681867455880547,WARNING,0.0013704074639722,1.527832469322877,4.109603643329009,3.3078654271615107,5.5983307968002585,0.804911060591224,4.506158379193008,bear_steep,17.200000000000017,1.9000000000000128,11.300000000000004,0.5515873015873016,0.8611111111111112,0.0240044724520179,NORMAL,52.0,-0.6125806332217032,-0.3000000000000113,0.1387419366778297,67.99999999999997,Low-Vol,주의,금리,주의,안정
2026-01-30,0.3821902880548304,WARNING,0.0024451461400862,1.5459677369444842,4.206820902446772,3.308265143739115,5.587403062767182,0.7864050361200214,4.393961907392544,bear_steep,22.10000000000001,1.8000000000000294,11.799999999999994,0.5535714285714286,0.8551587301587301,0.0214330583378569,NORMAL,52.0,-0.612392289863508,-0.4000000000000057,0.1387607710136492,66.9,Low-Vol,주의,금리,주의,안정
2026-02-02,0.3503940317922758,WARNING,0.0003280899754058,1.3168941628883537,4.220286221273813,3.308664860316719,5.587875838134359,0.7839906316396856,4.380842307863094,bear_flat,20.70000000000003,-1.2000000000000066,11.799999999999994,0.5456349206349206,0.8412698412698413,0.0188618641898798,NORMAL,51.6,-0.6261157195806812,-0.8000000000000043,0.13738842804193188,65.8,Low-Vol,주의,금리,주의,안정
2026-02-03,0.3775192360547692,WARNING,0.0121935710184037,1.413942876311526,4.345872209713236,3.3089332724669895,5.5752448188321395,0.7613968181280992,4.244973665343962,bear_steep,26.29999999999999,2.1999999999999797,12.700000000000022,0.5555555555555556,0.8392857142857143,0.0293573142135058,NORMAL,51.90000000000001,-0.6154859344705013,0.70000000000001,0.13845140655294988,64.5,Low-Vol,주의,금리,주의,안정
2026-02-04,0.3987719331126311,WARNING,0.0022930714179218,1.5512347753140163,4.205247348629781,3.30920168461726,5.5644081179660745,0.7869220072620735,4.37875520541524,bear_steep,35.80000000000001,5.60000000000001,12.299999999999978,0.5555555555555556,0.8333333333333334,0.0252857634237706,NORMAL,51.89999999999997,-0.6152964609696477,0.5999999999999801,0.13847035390303525,63.89999999999998,Low-Vol,주의,금리,주의,안정
2026-02-05,0.3987492068640536,WARNING,0.0004994571723322,1.566424128648329,4.259861623648297,3.3093786140000994,5.569636610614905,0.7768746749021931,4.326909631194807,bear_steep,34.599999999999966,4.3999999999999595,11.499999999999982,0.5674603174603174,0.8313492063492064,0.0222819124480773,NORMAL,52.0,-0.6116278046875032,0.3999999999999986,0.1388372195312497,64.1,Low-Vol,주의,금리,주의,안정
2026-02-06,0.379104834739677,WARNING,0.0004733302657078,1.4186032771211328,4.212712590293929,3.3095555433829387,5.5643042878800415,0.7856115204745132,4.3713815519842925,bear_steep,32.399999999999984,3.299999999999992,11.399999999999988,0.5853174603174603,0.8214285714285714,0.0370736396116297,NORMAL,52.19999999999998,-0.6044806125602264,1.9000000000000128,0.13955193874397737,63.49999999999998,Low-Vol,주의,금리,주의,안정
2026-02-09,0.41160715864436,WARNING,0.000437118271777,1.606892917665145,4.249817333535758,3.309696675730992,5.5546426411796785,0.7787856314702811,4.325875876902866,bear_steep,36.20000000000001,7.500000000000018,10.699999999999982,0.5694444444444444,0.8194444444444444,0.0550716965695425,NORMAL,52.0,-0.611257294688796,3.1000000000000085,0.13887427053112042,62.9,Low-Vol,주의,금리,주의,안정
2026-02-10,0.3638397647225054,WARNING,0.0040815895079504,1.171744699788516,4.711628950630661,3.3098378080790454,5.570364102382598,0.7024826960612035,3.913084392684273,bear_steep,26.900000000000013,4.799999999999999,11.399999999999949,0.6408730158730159,0.8174603174603174,0.0865697548479221,NORMAL,53.49999999999997,-0.5588565980094236,5.19999999999996,0.1,63.49999999999998,Low-Vol,주의,금리,주의,안정
2026-02-11,0.3517778744195516,WARNING,0.0027063132618987,1.0778058103835813,4.871125991087951,3.310141897443959,5.579426012375844,0.6795434779350983,3.791462557331438,bear_steep,22.099999999999966,1.6999999999999515,11.799999999999994,0.6626984126984127,0.8154761904761905,0.1000678144452753,NORMAL,54.59999999999998,-0.5203960799328626,6.099999999999994,0.1,63.99999999999997,Low-Vol,주의,금리,주의,안정
2026-02-12,0.3466079602456644,WARNING,0.0227023244293996,1.1206321692676025,4.676917000715205,3.310445986808873,5.584787357015619,0.7078265417801154,3.9530607214936766,bear_steep,12.5,6.099999999999989,12.5,0.6865079365079365,0.8134920634920635,0.1390658753601082,NORMAL,56.20000000000003,-0.4645330174726024,8.700000000000024,0.1,64.5,Normal,주의,금리,주의,안정
2026-02-13,0.3190157499079319,WARNING,0.0173603088529699,0.9158180249142102,4.822128270030934,3.3115585175121147,5.5946137997405385,0.6867421047451463,3.842056856070058,neutral,8.300000000000018,2.10000000000003,12.400000000000055,0.6924603174603174,0.8115079365079365,0.1330639375909303,NORMAL,56.30000000000002,-0.4609244056467454,8.300000000000018,0.1,64.79999999999997,Normal,주의,금리,주의,안정
2026-02-19,0.2999125633284065,NORMAL,0.0051170763085438,0.8365041869758498,4.522374201794074,3.3126710482153565,5.590291351455305,0.7325070638562339,4.094927903955424,neutral,2.300000000000013,-2.499999999999991,12.500000000000005,0.6785714285714286,0.8095238095238095,0.1405620011362532,NORMAL,55.7,-0.481701123131151,8.799999999999962,0.1,64.39999999999996,Normal,안정,없음,안정,안정
2026-02-20,0.2815569853253733,NORMAL,0.0198574671577136,0.8585306392494352,4.155310489380769,3.3130999675493644,5.600896882391684,0.7973170659608371,4.465690669017737,bull_flat,-11.299999999999999,-6.5,13.900000000000029,0.8015873015873016,0.7896825396825397,0.1754879364997414,NORMAL,57.500000000000014,-0.4188544999268471,11.299999999999995,0.1,64.9,Normal,안정,없음,안정,안정
2026-02-23,0.2941722629143074,NORMAL,0.0076801904613252,0.9179320837211576,4.120500736050099,3.313528886883372,5.592901571434108,0.8041568486794427,4.497570102658756,neutral,-2.400000000000002,-4.0000000000000036,13.700000000000006,0.7757936507936508,0.7837301587301587,0.1309138853722549,NORMAL,57.100000000000016,-0.432684423827117,8.499999999999993,0.1,64.39999999999996,Normal,안정,없음,안정,안정
2026-02-24,0.3091037972311938,WARNING,0.0048486348160497,1.049361598589872,4.007607896567666,3.31408274339749,5.589759465147559,0.8269478524173615,4.622439585233392,neutral,3.500000000000014,-1.399999999999979,14.000000000000018,0.7857142857142857,0.7817460317460317,0.1024131249943307,NORMAL,57.2,-0.4290848410614876,6.59999999999998,0.1,64.19999999999999,Low-Vol,주의,금리,주의,안정
2026-02-25,0.2938026909997632,NORMAL,0.0017785627951972,0.9655791169514226,4.030423772939219,3.314636599911609,5.598099010595848,0.8224039918994382,4.6038989733623215,neutral,-3.399999999999981,-2.0999999999999908,14.800000000000018,0.8809523809523809,0.7797619047619048,0.1144123651242603,NORMAL,58.1,-0.397596879797266,7.399999999999984,0.1,64.19999999999999,Low-Vol,안정,없음,안정,안정
2026-02-26,0.2158307870905334,NORMAL,0.0172881147543761,0.3792347379979993,4.348514567914927,3.3152736037784525,5.6171486912189605,0.762392203590592,4.282470368594433,neutral,-7.399999999999984,-3.999999999999959,15.799999999999992,0.9682539682539683,0.7678571428571429,0.1148371762598719,NORMAL,59.10000000000002,-0.3626262755303681,7.600000000000008,0.1,65.39999999999999,Normal,안정,없음,안정,안정
2026-02-27,0.2056504174511499,NORMAL,0.014145940239864,0.3240731010120486,4.366692111885143,3.3159106076452955,5.622573791197306,0.7593644165156825,4.269582466268911,neutral,-8.399999999999963,-3.0999999999999694,15.90000000000003,0.996031746031746,0.7658730158730159,0.1253369905010181,NORMAL,59.60000000000001,-0.3450974503067396,8.299999999999976,0.1,65.39999999999999,Normal,안정,없음,안정,안정
2026-03-03,0.3112429913101965,WARNING,0.861370186082402,0.6002934450857313,5.527595841726632,3.3161466933222155,5.589025345170727,0.5999256798569348,3.352999829939188,neutral,7.600000000000007,-3.699999999999992,15.300000000000008,0.9424603174603174,0.7638888888888888,0.1013368048657631,NORMAL,58.9,-0.3694294527176216,6.700000000000017,0.1,61.3,High-Vol,주의,금리,주의,안정
2026-03-04,0.3483171263487971,WARNING,0.4047720987549989,0.832551641453075,5.524288475260376,3.316382778999136,5.580287548800422,0.6003275885846683,3.350000567780407,neutral,7.500000000000018,-4.1999999999999815,13.599999999999968,0.8333333333333334,0.7619047619047619,0.086336619353968,NORMAL,57.7,-0.4112025480164699,5.699999999999996,0.1,60.80000000000001,Normal,주의,금리,주의,안정
2026-03-05,0.31500471274837,WARNING,0.0415152374581127,0.6380937745515155,5.505872463011402,3.3169222772250926,5.589822861304275,0.602433547000637,3.367496813440784,bull_flat,-1.8000000000000238,-6.900000000000039,14.500000000000007,0.9365079365079365,0.7599206349206349,0.1028364339654975,NORMAL,58.80000000000001,-0.3727116657474102,6.800000000000011,0.1,61.09999999999998,Normal,주의,금리,주의,안정
2026-03-06,0.3278310852782415,WARNING,0.0074192192075656,0.6914329892634076,5.540214227284935,3.3174617754510494,5.583430895423248,0.5987966600845364,3.3433397719922535,bear_flat,1.29999999999999,-6.199999999999983,13.899999999999979,0.9345238095238095,0.7619047619047619,0.108836248700214,NORMAL,58.80000000000001,-0.3726176534138564,7.20000000000001,0.1,60.19999999999999,Normal,주의,금리,주의,안정
2026-03-09,0.417620316466924,WARNING,0.9980660416400036,1.0406034926348573,6.060562766990491,3.317541098626535,5.553976553984107,0.5473981915831118,3.040236721745903,bear_flat,7.799999999999985,-15.300000000000008,11.800000000000038,0.8353174603174603,0.7380952380952381,0.0869999999999997,NORMAL,57.7,-0.4109227518046594,5.799999999999983,0.1,58.5,High-Vol,주의,금리,주의,안정
2026-03-10,0.3551959305844588,WARNING,0.958481310127396,0.5965849914923239,6.458228125911597,3.31762042180202,5.5794491722862105,0.5137044336497062,2.8661877771266098,bull_flat,-8.300000000000018,-15.399999999999991,13.3,0.9662698412698413,0.7380952380952381,0.1080000000000007,NORMAL,59.10000000000002,-0.361935823639738,7.200000000000053,0.1,60.400000000000006,High-Vol,주의,금리,주의,안정
2026-03-11,0.3245471213649533,WARNING,0.1022063381370296,0.4081344537740193,6.452047818532609,3.3215184487498863,5.584425527432634,0.5148006558800272,2.874865924235487,bull_flat,-7.899999999999974,-12.799999999999962,13.100000000000028,0.9722222222222222,0.7361111111111112,0.1080000000000001,NORMAL,59.20000000000001,-0.3583530913485875,7.20000000000001,0.1,60.699999999999974,Normal,주의,금리,주의,안정
2026-03-12,0.3800796580022209,WARNING,0.0463776782664371,0.7478111670612954,6.503964378098851,3.3254164756977524,5.575692614287993,0.5112906963167889,2.850799759207685,bull_flat,-6.099999999999994,-9.89999999999997,11.60000000000006,0.9880952380952381,0.7341269841269841,0.1095000000000006,NORMAL,59.50000000000002,-0.3477850549701266,7.30000000000004,0.1,60.299999999999976,Normal,주의,금리,주의,안정
2026-03-13,0.4059495453004588,WARNING,0.0192423599249666,0.8618978064024648,6.536800682129948,3.3276940130370503,5.563588726817264,0.5090707480395067,2.8322602749450314,bull_flat,-5.299999999999994,-12.400000000000011,9.699999999999998,0.8809523809523809,0.7321428571428571,0.0914999999999999,NORMAL,58.1,-0.3966082767552614,6.099999999999994,0.1,59.3,Normal,주의,금리,주의,안정
2026-03-16,0.3759003675523232,WARNING,0.0038538781408214,0.723153879697079,6.342793258162312,3.329971550376348,5.568735176759173,0.5250008024605134,2.9235904364886545,bull_flat,-0.09999999999998899,-7.699999999999951,9.800000000000031,0.9226190476190477,0.7440476190476191,0.0780000000000006,NORMAL,58.70000000000002,-0.3755419651814217,5.2000000000000455,0.1,60.099999999999994,Normal,주의,금리,주의,안정
2026-03-17,0.4132797892824759,WARNING,0.0045106447222794,1.008727898837232,6.269330107754719,3.330698440749229,5.565738508215867,0.5312686337300041,2.956902292958315,bear_flat,5.300000000000038,-7.099999999999929,8.300000000000018,0.8948412698412699,0.7261904761904762,0.0540000000000007,NORMAL,58.20000000000003,-0.3929214644809138,3.600000000000051,0.16070785355190864,60.00000000000001,Low-Vol,주의,금리,주의,안정
2026-03-18,0.3807974500989217,WARNING,0.0162431489290212,0.7814832983255182,6.560118740902231,3.3314253311221096,5.584638261356439,0.5078300352020655,2.8360470448554422,bull_flat,-1.200000000000001,-11.900000000000022,8.599999999999985,0.9841269841269841,0.7242063492063492,0.0479999999999992,NORMAL,59.399999999999984,-0.3508754025620498,3.199999999999953,0.16491245974379504,60.9,Normal,주의,금리,주의,안정
2026-03-19,0.4282690469155715,WARNING,0.0254065691266875,0.961470606780422,6.743019782669598,3.331962394111593,5.565416755822174,0.49413504653733215,2.750067467637838,bear_flat,12.199999999999989,-6.500000000000034,7.499999999999973,0.9107142857142857,0.7222222222222222,0.0344999999999995,NORMAL,58.59999999999999,-0.3787579650615122,2.2999999999999687,0.1621242034938488,59.699999999999996,Normal,주의,금리,주의,안정
2026-03-20,0.4569443468610921,WARNING,0.0213354989531784,1.1010677540751217,6.790039144139541,3.3324994571010764,5.554819127518151,0.490792377828535,2.7262628880020614,bear_flat,14.800000000000013,-8.400000000000007,6.400000000000006,0.871031746031746,0.7599206349206349,0.0368549134590693,NORMAL,58.1,-0.3961465137793501,2.3999999999999986,0.160385348622065,57.699999999999996,Normal,주의,금리,주의,안정
2026-03-23,0.5345149719082571,HIGH,0.9985609185503176,1.3167185464257067,7.29430022616793,3.3360354065722087,5.5212786586368745,0.4573482449494403,2.5251471044043745,bear_flat,33.9,-13.500000000000018,6.699999999999973,0.8551587301587301,0.7579365079365079,0.0083547250174598,NORMAL,58.00000000000001,-0.399542942216156,0.4999999999999929,0.1600457057783844,56.29999999999997,High-Vol,경계,금리,경계,안정
2026-03-24,0.5089161274927511,HIGH,0.8090733731362969,1.157711551526093,7.399450548591596,3.339571356043341,5.532290404346486,0.4513269376033591,2.496871686126149,bear_flat,25.70000000000001,-11.20000000000001,8.400000000000052,0.996031746031746,0.7559523809523809,0.0413545367004058,NORMAL,59.80000000000003,-0.3364743096128321,2.700000000000017,0.1663525690387168,58.099999999999994,High-Vol,경계,금리,경계,안정
2026-03-25,0.514147635345733,HIGH,0.0558347225296638,1.1670461969668815,7.403562442642401,3.339610755529391,5.526668854371246,0.45108159502973716,2.4929786020309517,bear_flat,26.6,-13.39999999999999,6.300000000000061,0.996031746031746,0.7301587301587301,0.0420000000000008,NORMAL,60.00000000000006,-0.3293940596735716,2.800000000000054,0.16706059403264284,57.89999999999998,Normal,경계,금리,경계,안정
2026-03-26,0.5266075736167336,HIGH,0.017947939498403,1.2711450300433031,7.311668756173234,3.339650155015441,5.525617380000655,0.45675621617784284,2.523860086535625,bear_flat,30.900000000000016,-11.899999999999977,6.799999999999962,1.0,0.7281746031746031,0.0344999999999995,NORMAL,60.39999999999996,-0.3153153378611174,2.2999999999999687,0.16846846621388828,57.89999999999998,Normal,경계,금리,경계,안정
2026-03-27,0.5278233615290236,HIGH,0.007117802053264,1.3173357448723602,6.941551093159743,3.343182481053054,5.514962405722949,0.4816189402318815,2.6561103492629545,bear_flat,44.499999999999986,-7.500000000000012,6.900000000000084,0.9900793650793651,0.7261904761904762,0.0135000000000005,NORMAL,60.00000000000006,-0.3292402024312546,0.9000000000000341,0.16707597975687455,56.999999999999986,Normal,경계,금리,경계,안정
2026-03-30,0.5226763865292865,HIGH,0.004971868104617,1.3066196876933909,6.941551093159743,3.346714807090667,5.520684347611994,0.4821278071969456,2.6616754387406707,bear_flat,44.499999999999986,-5.6,8.400000000000007,1.0,0.7242063492063492,0.0285000000000001,NORMAL,61.50000000000002,-0.2766449704741602,1.9000000000000128,0.17233550295258399,58.19999999999999,Low-Vol,경계,금리,경계,안정
2026-03-31,0.4819559403598629,WARNING,0.1802517274595,1.2022755452513458,6.3092142308314605,3.3485321784019124,5.52283122664531,0.5307368011120183,2.9311697783112955,bear_flat,28.500000000000014,-8.69999999999998,9.00000000000003,0.996031746031746,0.7222222222222222,0.0375000000000005,NORMAL,61.400000000000034,-0.2800812508462044,2.5000000000000355,0.17199187491537957,58.099999999999994,Normal,주의,금리,주의,안정
2026-04-01,0.4326590794489879,WARNING,0.9996210957350828,0.6663875297132699,7.752301865286607,3.3503495497131577,5.565237598989324,0.43217480535883307,2.4051554761188703,bear_flat,5.699999999999994,-9.00000000000003,11.799999999999988,1.0,0.7202380952380952,0.0959999999999999,NORMAL,64.1,-0.1854471967466166,6.399999999999999,0.1,60.80000000000001,High-Vol,주의,금리,주의,안정
2026-04-02,0.499503263266801,WARNING,0.6411188842408582,0.8908483848727853,8.05944199452777,3.3504968177392014,5.53958352772305,0.41572317537791503,2.3029332544162187,bear_flat,21.499999999999986,-7.300000000000001,11.299999999999999,0.996031746031746,0.7182539682539683,0.0734999999999998,NORMAL,63.7,-0.1994182392589014,4.899999999999992,0.18005817607410987,57.399999999999984,High-Vol,주의,금리,주의,안정
2026-04-03,0.4721724375773872,WARNING,0.1623084749283375,0.7412275883194789,8.188147724479242,3.350644085765245,5.551698652103406,0.40920659940564796,2.2717917263521543,bear_flat,13.099999999999978,-9.00000000000003,12.1,1.0,0.7162698412698413,0.0854999999999998,NORMAL,64.5,-0.1713404140200276,5.699999999999989,0.1,58.00000000000001,Normal,주의,금리,주의,안정
2026-04-06,0.4436997271897801,WARNING,0.0086808902367177,0.6893720899073764,7.732031802150942,3.350706916183143,5.556502241528583,0.43335400085279313,2.4079324771139246,neutral,-1.399999999999979,-2.59999999999998,13.700000000000045,1.0,0.7142857142857143,0.1213333333333341,NORMAL,64.90000000000005,-0.1572825006896248,7.200000000000053,0.1,58.5,Normal,주의,금리,주의,안정
2026-04-07,0.4577337689268596,WARNING,0.0768442211106358,0.8470664144230895,7.311121664970423,3.3507697466010407,5.550221809131042,0.4583113098302675,2.543729427191365,bear_flat,12.5,-4.30000000000002,14.300000000000024,1.0,0.6884920634920635,0.0975,NORMAL,65.60000000000001,-0.1327081729645066,6.499999999999986,0.1,57.2,Normal,주의,금리,주의,안정
2026-04-08,0.4190917282422539,WARNING,0.7619686670567216,0.5854962825723787,7.872537208883997,3.3513351143656602,5.578881553283044,0.4256994950222334,2.374927060021445,neutral,2.0000000000000018,-4.199999999999987,14.19999999999999,1.0,0.6686507936507936,0.0989999999999998,NORMAL,65.8,-0.1256658973420066,6.599999999999987,0.1,57.699999999999996,High-Vol,주의,금리,주의,안정
2026-04-09,0.4189603665092226,WARNING,0.2957597262197627,0.5600187560225253,7.8510123383447805,3.35190048213028,5.571857960415094,0.4269386338573704,2.3788414256669346,bear_flat,1.100000000000012,-5.60000000000001,15.800000000000036,1.0,0.6488095238095238,0.0989999999999998,NORMAL,66.10000000000001,-0.115116631923084,6.599999999999987,0.1,57.09999999999997,Normal,주의,금리,주의,안정
2026-04-10,0.4271407476326933,WARNING,0.018026626030852,0.6003216499726118,7.782563168627934,3.35190048213028,5.566082593514734,0.4306936428915899,2.3972763888363295,neutral,-1.5000000000000124,-3.6999999999999975,16.900000000000006,0.9940476190476191,0.6468253968253969,0.1155,NORMAL,65.8,-0.1256146548621914,7.700000000000003,0.1,56.19999999999998,Normal,주의,금리,주의,안정
2026-04-13,0.4350462464147173,WARNING,0.0031110626890976,0.6182383743393671,7.794389007484798,3.35190048213028,5.559713380262227,0.4300401838953016,2.390900164453137,neutral,3.49999999999997,-4.70000000000006,17.799999999999994,0.998015873015873,0.6448412698412699,0.1109999999999998,NORMAL,66.10000000000001,-0.1150608749043282,7.399999999999991,0.1,57.09999999999997,Low-Vol,주의,금리,주의,안정
2026-04-14,0.4086939807476903,WARNING,0.0061252421546366,0.4858185549211689,7.898640789135137,3.352292986448677,5.572237905012827,0.4244139056253673,2.3649352523402083,neutral,-3.4000000000000252,-4.900000000000043,18.100000000000005,1.0,0.6349206349206349,0.1259999999999994,NORMAL,66.6,-0.0974884554987178,8.399999999999963,0.1,56.89999999999999,Low-Vol,주의,금리,주의,안정
2026-04-15,0.3730286983409655,WARNING,0.0009214668073938,0.3314639293578437,7.646428474853634,3.3526854907670742,5.5731084505482755,0.4384642453392269,2.4436087909633177,neutral,4.899999999999993,-1.7999999999999794,19.200000000000017,1.0,0.6428571428571429,0.1095000000000007,NORMAL,66.70000000000003,-0.0939567794661703,7.300000000000047,0.1,57.00000000000003,Low-Vol,주의,금리,주의,안정
2026-04-16,0.3753963049593553,WARNING,0.0003203416791888,0.3824289187334514,7.399281615201063,3.3534800306658763,5.568781804835367,0.4532169749799084,2.5238664439106397,neutral,-1.8000000000000238,-2.899999999999997,18.500000000000007,0.9920634920634921,0.628968253968254,0.1185000000000001,NORMAL,66.5,-0.1009578731594734,7.900000000000013,0.1,56.400000000000006,Low-Vol,주의,금리,주의,안정
2026-04-17,0.3701737189258714,WARNING,0.0004309608385736,0.3135075627139315,7.396192121270016,3.354274570564679,5.559575170500417,0.4535137156481421,2.521343592998797,neutral,-1.9000000000000128,2.000000000000007,19.69999999999996,0.9940476190476191,0.6170634920634921,0.1275,NORMAL,66.6,-0.0974239135915405,8.5,0.1,53.2,Low-Vol,주의,금리,주의,안정
2026-04-20,0.2965444231764403,NORMAL,0.000168081400662,0.0732324084094293,6.590381747588467,3.3544844231916713,5.56596775193084,0.5089969825221633,2.8330607905484664,bull_steep,-19.099999999999984,7.800000000000029,20.599999999999994,1.0,0.6150793650793651,0.132,NORMAL,66.80000000000001,-0.0903775614564895,8.800000000000004,0.1,52.70000000000002,Low-Vol,안정,없음,안정,안정
2026-04-21,0.2966404070149073,NORMAL,0.0003044972090993,0.111276521518282,6.564658166432212,3.354694275818664,5.573060360522979,0.5110234517575631,2.847964542287702,bull_steep,-18.000000000000014,1.29999999999999,17.799999999999994,0.9801587301587301,0.5932539682539683,0.0989999999999998,NORMAL,66.40000000000002,-0.1044104412077804,6.599999999999987,0.1,52.70000000000002,Low-Vol,안정,없음,안정,안정
2026-04-22,0.3345982008229416,WARNING,0.0001903432879321,0.2921313938775599,6.624349024621203,3.3548217435685563,5.563745603846559,0.5064379505215447,2.8176919208353057,bull_steep,-16.199999999999992,3.0999999999999694,15.699999999999914,0.9761904761904762,0.5734126984126984,0.0944999999999982,NORMAL,66.29999999999994,-0.1079013530263758,6.299999999999884,0.1,51.800000000000026,Low-Vol,주의,금리,주의,안정
2026-04-23,0.3837405870425113,WARNING,0.0526267609586842,0.4155293181504364,7.004291917328814,3.354949211318448,5.542639356931382,0.4789847783211619,2.654839883693925,neutral,-7.400000000000029,1.9999999999999574,14.19999999999999,0.9484126984126984,0.5714285714285714,0.0675000000000006,NORMAL,64.9,-0.1570832570985773,4.500000000000043,0.1842916742901423,49.6,Normal,주의,금리,주의,안정
2026-04-24,0.4093729779384579,WARNING,0.0057398811422469,0.5668555779853297,6.927587869107862,3.355506033757096,5.536530281045857,0.48436859945440425,2.681721418067081,neutral,-9.799999999999986,-1.200000000000001,13.399999999999945,0.9444444444444444,0.5912698412698413,0.0734999999999986,NORMAL,64.89999999999996,-0.1570481548553703,4.899999999999906,0.18429518451446297,49.2,Normal,주의,금리,주의,안정
2026-04-27,0.4151388356237869,WARNING,0.0012700407124408,0.6026122247137666,6.914704012388906,3.3560628561957437,5.536026784708585,0.4853516289609458,2.686919617929739,neutral,-7.100000000000017,-2.1000000000000405,14.19999999999999,0.9523809523809523,0.5892857142857143,0.0600000000000001,NORMAL,65.50000000000003,-0.1359159744996401,4.000000000000007,0.186408402550036,54.0,Low-Vol,주의,금리,주의,안정
2026-04-28,0.4417120123708212,WARNING,0.0010153283214502,0.7112194886596274,6.98184864676367,3.356648888672905,5.526963922460426,0.4807679253013926,2.657186978216946,neutral,-1.7999999999999794,0.5000000000000393,13.100000000000067,0.9484126984126984,0.5873015873015873,0.0585,NORMAL,65.30000000000004,-0.142919696214945,3.9000000000000057,0.1857080303785055,52.60000000000002,Low-Vol,주의,금리,주의,안정
2026-04-29,0.3618328115796264,WARNING,0.0003631840554261,0.593807197430433,5.41305439606298,3.357234921150066,5.53064680317711,0.6202108228566572,3.4301670047280157,bear_flat,15.399999999999991,-0.09999999999998899,13.999999999999968,0.9642857142857143,0.5853174603174603,0.0284999999999996,NORMAL,65.99999999999997,-0.1182640400333706,1.8999999999999773,0.18817359599666295,52.60000000000002,Low-Vol,주의,금리,주의,안정
2026-04-30,0.3720867128083803,WARNING,0.1190103439500644,0.6509793297919503,5.095144747698533,3.358028384867108,5.51306504233162,0.6590643742523552,3.6334647623368235,bear_steep,11.900000000000022,0.09999999999998899,13.3,0.9404761904761905,0.6130952380952381,0.0239999999999999,NORMAL,65.3,-0.1428671230504684,1.5999999999999943,0.18571328769495318,51.500000000000014,Normal,주의,금리,주의,안정
2026-05-04,0.3697111657103463,WARNING,0.0385728503192796,0.6778694757587629,4.8749493924498655,3.3588218485841503,5.5108033979656925,0.6889962496402865,3.796922873703309,bear_steep,18.500000000000007,1.799999999999985,13.699999999999957,0.9365079365079365,0.6111111111111112,0.0119999999999993,NORMAL,65.29999999999995,-0.142835399690184,0.7999999999999545,0.1857164600309816,51.29999999999999,Normal,주의,금리,주의,안정
2026-05-06,0.3485368476761713,WARNING,0.0210359846389103,0.5617527120532131,4.82529246454772,3.362099484149084,5.5112808565813705,0.696765949183604,3.8400728372533446,bear_steep,20.699999999999985,4.3999999999999595,13.499999999999934,0.9444444444444444,0.5753968253968254,0.0074999999999985,NORMAL,65.39999999999995,-0.1392837454588769,0.4999999999999005,0.18607162545411232,51.40000000000002,Normal,주의,금리,주의,안정
2026-05-07,0.3144084697416581,WARNING,0.0292912642395164,0.364794258601539,4.951246520348499,3.365377119714018,5.521185009418955,0.6797030012307168,3.7527660212521075,bear_steep,13.39999999999999,3.90000000000002,13.400000000000034,0.9345238095238095,0.5734126984126984,0.0,NORMAL,65.3,-0.1427735792600853,-0.3000000000000113,0.18572264207399147,52.200000000000024,Normal,주의,금리,주의,안정
2026-05-08,0.2941857662278631,NORMAL,0.0048250960748043,0.460630651274295,3.845226021691664,3.3654553135600995,5.516463734039025,0.8752295169581489,4.828171889260122,bear_steep,28.09999999999997,2.699999999999969,12.9,0.9186507936507936,0.5476190476190477,0.0,NORMAL,64.9,-0.1568277150972248,-0.8999999999999915,0.18431722849027754,50.59999999999998,Normal,안정,없음,안정,안정
2026-05-11,0.3064087727955005,WARNING,0.0023849372047273,0.4968780028987206,3.87250768746476,3.3655335074061816,5.507644203611869,0.8690837511569971,4.786604084513095,bear_steep,29.000000000000004,3.00000000000003,12.500000000000044,0.9087301587301587,0.5456349206349206,0.0,NORMAL,64.70000000000002,-0.163837188143974,-1.3999999999999917,0.1836162811856026,49.89999999999996,Low-Vol,주의,금리,주의,안정
2026-05-12,0.3604089745032158,WARNING,0.2773829463420846,0.6136583113693888,4.37775477181,3.366659096180072,5.48492767932248,0.7690378451208023,4.218116963149603,bear_steep,37.000000000000014,5.60000000000001,11.7,0.8948412698412699,0.5436507936507936,0.0,NORMAL,63.7,-0.1990298399937008,-2.0999999999999943,0.18009701600062994,48.29999999999997,Normal,주의,금리,주의,안정
2026-05-13,0.3813200038676796,WARNING,0.0572584206093797,0.7468565856629029,4.421773280864636,3.3677846849539628,5.4882162464863296,0.7616366717688031,4.180026755921321,bear_steep,32.89999999999998,7.600000000000012,10.30000000000002,0.8968253968253969,0.5416666666666666,0.0,NORMAL,63.79999999999999,-0.1954612905953085,-2.3000000000000185,0.18045387094046916,48.89999999999999,Normal,주의,금리,주의,안정
2026-05-14,0.3990867400836449,WARNING,0.006865190256195,0.9200090398048666,4.09598969468276,3.368192915727679,5.479712284042785,0.8223147924664275,4.506048469628376,bear_steep,42.7,11.20000000000001,8.400000000000007,0.8849206349206349,0.5396825396825397,0.0,NORMAL,62.99999999999999,-0.2236121896777088,-3.6000000000000085,0.17763878103222913,48.4,Normal,주의,금리,주의,안정
2026-05-15,0.4901693484378313,WARNING,0.4335981684524452,1.1990304302308907,4.735965415947691,3.368601146501396,5.4512812358588745,0.7112807739596472,3.877391536513402,bear_steep,56.19999999999998,12.399999999999972,6.299999999999972,0.8809523809523809,0.5376984126984127,0.0,NORMAL,62.5,-0.2411866232076399,-4.200000000000031,0.17588133767923603,46.0,Normal,주의,금리,주의,안정
2026-05-18,0.5141467648449212,HIGH,0.6291231481125709,1.3459032279933325,4.734375966214938,3.3724071893648646,5.447224031285831,0.7123234853823941,3.8801856076242585,bear_steep,56.400000000000006,14.69999999999998,6.099999999999994,0.876984126984127,0.5357142857142857,0.0,NORMAL,62.40000000000001,-0.2446570816771395,-4.099999999999987,0.17553429183228605,46.29999999999996,High-Vol,경계,금리,경계,안정
2026-05-19,0.4927799560907298,WARNING,0.0322814229846688,1.2492538485600184,4.889115192795216,3.3762132322283334,5.452998286759078,0.6905571047300436,3.765606709002237,bear_steep,49.29999999999999,11.299999999999999,6.899999999999995,0.8809523809523809,0.5337301587301587,0.0,NORMAL,62.59999999999999,-0.2375478969712492,-4.000000000000007,0.1762452103028751,46.29999999999996,Normal,주의,금리,주의,안정
2026-05-20,0.4995200882449437,WARNING,0.009398836218128,1.3295669831781454,4.804986445021675,3.3776176011098373,5.455117890897397,0.7029400893751326,3.8346210577793016,bear_steep,51.00000000000002,9.800000000000031,5.100000000000016,0.8809523809523809,0.5079365079365079,0.0,NORMAL,62.60000000000004,-0.2374935473402645,-4.199999999999974,0.17625064526597356,46.199999999999974,Normal,주의,금리,주의,안정
2026-05-21,0.4731336341895118,WARNING,0.0016073515809494,1.2032204878615569,4.7512297577076,3.3790219699913417,5.459957423299498,0.7111889220911243,3.8830612345398023,bear_steep,51.900000000000055,9.600000000000053,5.699999999999994,0.8809523809523809,0.5357142857142857,0.0,NORMAL,62.80000000000001,-0.2303833288187889,-3.6000000000000085,0.1769616671181211,46.4,Low-Vol,주의,금리,주의,안정
2026-05-22,0.4544350238075372,WARNING,0.0004740857631781,1.0733293922421605,4.995943090991027,3.380384318979891,5.469340322235789,0.6766258657100388,3.7006971303956133,bear_steep,43.10000000000001,6.000000000000011,5.299999999999949,0.8650793650793651,0.5337301587301587,0.0066666666666665,NORMAL,62.49999999999996,-0.2409168579211578,-3.799999999999983,0.17590831420788422,46.59999999999997,Low-Vol,주의,금리,주의,안정
2026-05-26,0.4389267234557867,WARNING,0.0060040549039257,1.0330573362890147,4.969581153588821,3.38174666796844,5.481827858841647,0.6804892733316742,3.7303250561924797,bear_steep,28.200000000000045,7.600000000000051,4.999999999999982,0.8849206349206349,0.4623015873015873,0.0,NORMAL,63.09999999999998,-0.2196853154956766,-1.8000000000000256,0.17803146845043236,47.199999999999996,Low-Vol,주의,금리,주의,안정
2026-05-27,0.4833107338909664,WARNING,0.0261094315120491,1.2859167592349894,4.973813003066521,3.3819859387818045,5.475022834238634,0.6799584014712048,3.7227877743872466,bear_steep,28.500000000000014,7.000000000000023,3.4000000000000252,0.8650793650793651,0.3531746031746032,0.0,NORMAL,62.50000000000004,-0.2408163036178901,-2.3999999999999204,0.175918369638211,45.499999999999964,Normal,주의,금리,주의,안정
2026-05-28,0.5101000828335331,HIGH,0.0083719540746854,1.4265616917959367,5.012329535098522,3.3822252095951693,5.464914846911873,0.6747810944813883,3.6876212216467827,bear_steep,32.70000000000004,5.300000000000043,2.200000000000024,0.8492063492063492,0.3551587301587302,0.0,NORMAL,61.80000000000003,-0.2654770118196548,-3.699999999999996,0.17345229881803453,44.199999999999974,Normal,경계,금리,경계,안정
2026-05-29,0.4380982977601254,WARNING,0.4784683961188081,0.9882343823613956,5.40460573565683,3.3823516398497544,5.4812136130507945,0.6258276376266866,3.430294966782814,bear_steep,20.69999999999994,0.4999999999999394,3.299999999999992,0.8492063492063492,0.33134920634920634,0.0,NORMAL,62.19999999999999,-0.2512895103046679,-3.100000000000051,0.1748710489695332,44.59999999999997,Normal,주의,금리,주의,안정
2026-06-01,0.488957130813983,WARNING,0.8155144740307922,1.109025423829016,5.761713469556013,3.3824780701043395,5.459077937858261,0.5870611386659231,3.20481251026509,bear_steep,33.10000000000004,6.600000000000028,4.300000000000015,0.8452380952380952,0.3333333333333333,0.0,NORMAL,62.000000000000014,-0.2582963225709623,-3.999999999999957,0.1741703677429038,42.99999999999997,High-Vol,주의,금리,주의,안정
2026-06-02,0.4817269460986226,WARNING,0.0716228554388166,1.118163969953753,5.685938333893727,3.3839692339662784,5.467092299797496,0.5951470162443598,3.253723669756995,bear_steep,21.199999999999974,3.399999999999981,3.600000000000003,0.8511904761904762,0.3353174603174603,0.0,NORMAL,62.40000000000001,-0.2441049943636162,-2.8999999999999844,0.1755895005636384,43.99999999999999,Normal,주의,금리,주의,안정
2026-06-04,0.5281875059980488,HIGH,0.0924674767196718,1.237523993730859,5.983246346433127,3.385460397828217,5.446766157456256,0.5658233343252592,3.081907388501879,bear_steep,29.700000000000017,5.400000000000027,3.4000000000000252,0.8452380952380952,0.3373015873015873,0.0,NORMAL,62.20000000000003,-0.251116570501842,-3.0999999999999237,0.1748883429498158,41.80000000000001,Normal,경계,금리,경계,안정
2026-06-05,0.5007771547649641,HIGH,0.0364808776215789,1.068084578011384,5.976700374656667,3.3870628574834707,5.4413480561289385,0.5667111692340845,3.0836727190984434,bear_steep,32.19999999999996,3.49999999999997,4.200000000000026,0.8333333333333334,0.2876984126984127,0.0,NORMAL,61.90000000000002,-0.2616621840181724,-3.499999999999929,0.17383378159818277,41.40000000000001,Normal,경계,금리,경계,안정
2026-06-08,0.5878619805411942,HIGH,0.0458606363771485,1.5161106765253,6.042568293279562,3.388665317138724,5.421816863271399,0.5607988445753337,3.0405486324216606,bear_steep,46.0,6.599999999999984,3.4000000000000252,0.8630952380952381,0.07539682539682539,0.0,NORMAL,62.50000000000004,-0.2403912602081814,-2.7999999999999545,0.17596087397918186,40.49999999999998,Normal,경계,금리,경계,안정
2026-06-09,0.5713113191447549,HIGH,0.0443785081824368,1.3822945833800289,6.428276350788397,3.389253476468343,5.438284827531019,0.5272414083524377,2.867288951489148,bear_steep,36.39999999999999,7.700000000000001,4.400000000000004,0.8849206349206349,0.2003968253968254,0.0,NORMAL,63.60000000000001,-0.2014419958961437,-1.2999999999999972,0.17985580041038562,43.300000000000026,Normal,경계,금리,경계,안정
2026-06-10,0.5493775133436415,HIGH,0.0282177829750516,1.2993566748882592,6.417105020342536,3.389841635797962,5.4376920750679165,0.5282509207893589,2.8724658456236263,bear_steep,32.299999999999955,3.999999999999959,2.2999999999999687,0.8174603174603174,0.07738095238095238,0.0,NORMAL,61.79999999999999,-0.2650552999800737,-2.900000000000027,0.17349447000199264,43.900000000000006,Normal,경계,금리,경계,안정
2026-06-11,0.5323394794980933,HIGH,0.033062504870639,1.2513485984573798,6.068607748075347,3.3912869030164714,5.431926389620957,0.5588245350166214,3.0354937389244463,bear_steep,24.399999999999977,1.399999999999979,2.9999999999999805,0.8055555555555556,0.10714285714285714,0.0,NORMAL,61.09999999999998,-0.2897549041686572,-2.6000000000000227,0.17102450958313428,45.69999999999999,Normal,경계,금리,경계,안정
2026-06-12,0.5058638888671914,HIGH,0.142456545736027,1.047996942478894,6.597086677585722,3.392732170234981,5.454561016237822,0.5142773372619366,2.8051571153635497,bear_flat,15.100000000000069,-2.1999999999999407,3.799999999999981,0.8511904761904762,0.43452380952380953,0.0,NORMAL,62.5,-0.2401559863277767,-1.29999999999999,0.17598440136722235,48.20000000000002,Normal,경계,금리,경계,안정
2026-06-15,0.4713036621399161,WARNING,0.0256912102125947,0.8540695293489188,6.806519707333246,3.393585172795607,5.471105660051218,0.4985786156087093,2.72777628583731,bear_flat,3.3000000000000362,-5.699999999999989,4.699999999999971,0.873015873015873,0.43253968253968256,0.0,NORMAL,62.9,-0.225946522976896,-0.0999999999999872,0.17740534770231042,48.70000000000001,Normal,주의,금리,주의,안정
2026-06-16,0.4703628840070967,WARNING,0.0117514843945974,1.028562570391347,6.076120212940604,3.394438175356233,5.473313630941741,0.5586522412981454,3.057678927253294,bull_flat,-10.699999999999932,-5.799999999999944,3.699999999999992,0.878968253968254,0.4305555555555556,0.0089999999999997,NORMAL,63.09999999999998,-0.218816582448693,0.5999999999999801,0.1781183417551307,48.900000000000034,Normal,주의,금리,주의,안정
2026-06-17,0.4229009338652765,WARNING,0.0293504354154155,0.7783691704289192,6.084700399146087,3.39570138233507,5.481124561027283,0.5580720757938411,3.0588625614571017,bull_flat,-16.800000000000015,-12.1,4.899999999999993,0.8809523809523809,0.34325396825396826,0.0164999999999994,NORMAL,63.49999999999998,-0.2046065942996376,1.099999999999966,0.17953934057003626,49.00000000000002,Normal,주의,금리,주의,안정
2026-06-18,0.435078611157896,WARNING,0.0082267225341518,0.7860817903471948,6.185756133842377,3.396964589313907,5.470962950024849,0.5491591514138516,3.0044293710522685,bull_flat,-9.199999999999964,-9.099999999999975,5.000000000000027,0.876984126984127,0.42857142857142855,0.0075000000000005,NORMAL,63.10000000000002,-0.2187244380148178,0.5000000000000355,0.17812755619851822,48.4,Normal,주의,금리,주의,안정
2026-06-19,0.4190029254271883,WARNING,0.0055547440314261,0.6236228427920311,6.314250799413569,3.404809529269037,5.459805182109971,0.5392262102710992,2.9440700571676683,bull_flat,-2.7000000000000135,-5.100000000000021,5.499999999999972,0.878968253968254,0.42658730158730157,0.0134999999999991,NORMAL,63.49999999999998,-0.204508692886753,0.8999999999999417,0.17954913071132472,47.70000000000003,Normal,주의,금리,주의,안정
2026-06-22,0.4461696329191526,WARNING,0.0025484218413244,0.7726203575448648,6.314850917105115,3.4126544692241665,5.454513522751706,0.5404172662224324,2.9477132865387663,neutral,2.0999999999999908,-3.600000000000003,3.399999999999981,0.873015873015873,0.4246031746031746,0.0059999999999999,NORMAL,63.20000000000001,-0.2150900617765833,0.3999999999999986,0.17849099382234168,47.00000000000002,Low-Vol,주의,금리,주의,안정
2026-06-23,0.4235509519315359,WARNING,0.0099767441232145,0.6687628086341845,6.247380503690717,3.4131151534819053,5.460137912847168,0.546327400974787,2.983022954889692,neutral,4.300000000000015,0.9000000000000286,4.6999999999999265,0.9047619047619048,0.498015873015873,0.0330000000000002,NORMAL,64.69999999999997,-0.1618951271249123,2.200000000000017,0.1838104872875088,48.0,Normal,주의,금리,주의,안정
2026-06-24,0.4161213747256954,WARNING,0.0031997237660497,0.6558624556773934,6.101932394526228,3.413575837739644,5.460090372478652,0.559425378229659,3.0545131217919894,neutral,9.799999999999986,-0.9999999999999787,5.200000000000049,0.9503968253968254,0.5297619047619048,0.0441666666666673,NORMAL,65.60000000000001,-0.1299645399915072,2.5000000000000284,0.18700354600084929,48.30000000000001,Low-Vol,주의,금리,주의,안정
2026-06-25,0.3861846572676733,WARNING,0.0005546694902526,0.4920732123209484,6.1139960229314205,3.4141943854457404,5.4657146109016965,0.5584227357427636,3.0521793058089197,neutral,4.1999999999999815,-0.4000000000000392,4.599999999999893,0.8968253968253969,0.5277777777777778,0.0448333333333323,NORMAL,64.59999999999995,-0.165382528853292,2.099999999999909,0.1834617471146708,48.60000000000002,Low-Vol,주의,금리,주의,안정
2026-06-26,0.3790698887436623,WARNING,0.0188863143330474,0.4854265816669444,6.05983324418821,3.414812933151837,5.4718247604449175,0.5635159905475738,3.0834607499848588,neutral,-3.000000000000025,1.399999999999979,4.2999999999999705,0.9563492063492064,0.5257936507936508,0.0733333333333331,NORMAL,65.8,-0.1228016384241591,3.999999999999965,0.18771983615758409,49.2,Normal,주의,금리,주의,안정
2026-06-29,0.3870860116865995,WARNING,0.0035117531394838,0.5688402428278214,5.804499162401173,3.415506365047281,5.466285480671077,0.5884239569145485,3.2164933321610203,bear_steep,7.600000000000051,7.400000000000029,4.899999999999949,0.9761904761904762,0.5238095238095238,0.0815000000000001,NORMAL,66.29999999999998,-0.1050442364003903,4.099999999999994,0.18949557635996098,48.50000000000003,Low-Vol,주의,금리,주의,안정
2026-06-30,0.4167536466751363,WARNING,0.1733175857507909,0.9432835743512789,5.406260990253513,3.4161997969427245,5.477368494342824,0.6318969437660336,3.461132411455591,neutral,-8.300000000000018,0.40000000000000036,3.100000000000014,1.0,0.5218253968253969,0.0980000000000002,NORMAL,67.20000000000002,-0.0730993581599696,5.200000000000003,0.1,48.70000000000001,Normal,주의,금리,주의,안정
2026-07-01,0.4535215180848273,WARNING,0.9432305576287636,0.9415056077346552,5.943018903235166,3.417922527007038,5.453019585651236,0.5751155402091088,3.1361163047726617,bear_steep,7.000000000000028,5.200000000000049,3.8000000000000256,1.0,0.5198412698412699,0.0965000000000004,NORMAL,67.50000000000003,-0.062440626287226,5.100000000000016,0.1,46.8,High-Vol,주의,금리,주의,안정
2026-07-02,0.449466742869445,WARNING,0.7721977176424145,1.0331464469056604,5.567490221672691,3.419645257071352,5.458346805456023,0.6142166615326281,3.3526075523344843,bull_steep,-4.600000000000026,6.499999999999989,3.9000000000000146,1.0,0.5178571428571429,0.113,NORMAL,68.40000000000002,-0.0304913344057802,6.199999999999989,0.1,47.10000000000001,High-Vol,주의,금리,주의,안정
2026-07-03,0.4637868601374422,WARNING,0.0368266504690312,1.1211210056525014,5.544487542168632,3.4214911742904697,5.455597815293531,0.6170978198198298,3.3666375176314647,bull_steep,-5.6999999999999496,7.70000000000004,3.5999999999999144,1.0,0.5158730158730159,0.1256666666666658,NORMAL,68.49999999999996,-0.0269356153538932,6.5999999999999375,0.1,46.4,Normal,주의,금리,주의,안정
2026-07-06,0.4387919043339015,WARNING,0.0034853067387802,1.0678755343285349,5.063790446316919,3.423337091509588,5.453764959680317,0.6760424089032963,3.68697640093467,bull_steep,-14.499999999999957,1.9000000000000572,2.699999999999969,0.9920634920634921,0.5138888888888888,0.133666666666666,NORMAL,68.29999999999998,-0.0340297618611925,5.79999999999994,0.1,45.599999999999994,Low-Vol,주의,금리,주의,안정
2026-07-07,0.485151677850366,WARNING,0.0010539168157958,1.470050675922916,4.815872878196362,3.4245665978414035,5.451725751009433,0.7110998741985005,3.8767214957075335,neutral,-5.999999999999961,1.6000000000000458,3.4000000000000696,1.0,0.5376984126984127,0.1240000000000008,NORMAL,69.20000000000006,-0.0020660633929675,5.600000000000051,0.1,44.8,Low-Vol,주의,금리,주의,안정
2026-07-08,0.4922837817716723,WARNING,0.0055202116303312,1.470050675922916,4.879106907060581,3.4257961041732194,5.44563237346116,0.7021358968822209,3.8235739706310086,bull_steep,-2.799999999999958,7.800000000000029,3.699999999999992,1.0,0.5357142857142857,0.1752576553404601,NORMAL,69.8,0.0192432200712664,8.000000000000007,0.1,44.8,Low-Vol,주의,금리,주의,안정
2026-07-09,0.4838093519298045,WARNING,0.0384659069904747,1.4184134253880183,4.836320915737493,3.4268040250648664,5.444591660499243,0.708555963255865,3.8577978885398907,bull_steep,-4.999999999999982,7.600000000000007,4.1999999999999815,1.0,0.5337301587301587,0.182801024210652,NORMAL,69.99999999999997,0.0263435754398524,8.899999999999991,0.1,44.8,Normal,주의,금리,주의,안정
2026-07-10,0.4400307268644301,WARNING,0.0152249535904909,1.2933528545077495,4.222729847908938,3.427811945956513,5.4487090182956,0.8117526030356732,4.4230037287854005,bear_steep,3.500000000000014,7.500000000000018,3.7000000000000366,0.996031746031746,0.5972222222222222,0.1380898636900642,NORMAL,69.80000000000004,0.0192319702339696,7.30000000000004,0.1,43.99999999999999,Normal,주의,금리,주의,안정
2026-07-13,0.4672086880077833,WARNING,0.0125593041704061,1.5384390446101888,3.842268381540968,3.428579488011916,5.441336314950324,0.892332119349992,4.855479166015699,bear_steep,14.499999999999957,7.999999999999957,3.100000000000014,0.9880952380952381,0.5952380952380952,0.1302340784322896,NORMAL,69.7,0.0156741176562294,6.800000000000004,0.1,44.90000000000003,Normal,주의,금리,주의,안정
2026-07-14,0.5098050191338623,HIGH,0.0315193800683166,1.7054968994198767,4.06852811869742,3.429347030067319,5.425961584430015,0.8428962342197746,4.573522586537221,bear_steep,22.299999999999986,5.299999999999999,2.799999999999958,0.9841269841269841,0.5932539682539683,0.123522842434471,NORMAL,69.49999999999999,0.0085617576780435,6.400000000000006,0.1,42.90000000000003,Normal,경계,금리,경계,안정
2026-07-15,0.4937446033083101,WARNING,0.0040391794841013,1.6389750442129327,3.918592658219605,3.429506252005242,5.427616054964831,0.8751882502539631,4.750185798194988,bear_steep,25.600000000000023,10.000000000000009,3.1999999999999584,0.9841269841269841,0.5912698412698413,0.1279003802351497,NORMAL,69.69999999999996,0.0156704690181652,6.1999999999999815,0.1,42.8,Normal,주의,금리,주의,안정
2026-07-16,0.4635368434220334,WARNING,0.9885833203265793,1.4551142185881267,3.9430785461429214,3.429665473943165,5.4338334914657995,0.8697938511263055,4.726314958921137,bear_steep,17.899999999999938,8.099999999999946,2.9999999999999805,0.9801587301587301,0.5476190476190477,0.1253777771370754,NORMAL,69.59999999999997,0.0121111047040992,6.499999999999943,0.1,43.599999999999994,High-Vol,주의,금리,주의,안정
2026-07-20,0.4927856865982121,WARNING,0.1525647808132547,1.629429646488157,3.8725586536959984,3.4304345187625147,5.425193863705683,0.8858315200696787,4.805807726959099,bear_steep,16.500000000000004,5.399999999999988,2.699999999999969,0.9742063492063492,0.5456349206349206,0.1175218408092257,NORMAL,69.49999999999999,0.0085517414255928,6.000000000000007,0.1,43.900000000000006,Normal,주의,금리,주의,안정
2026-07-21,0.5013655233819507,HIGH,0.3121114814973943,1.7009307164005465,3.8701659151160808,3.4312035635818647,5.427399533276622,0.886577898425564,4.811812472128275,bear_steep,13.3,7.600000000000012,3.999999999999959,1.0,0.5436507936507936,0.1387234462804974,NORMAL,70.39999999999998,0.040567796138315,7.199999999999967,0.1,43.199999999999996,Normal,경계,금리,경계,안정
2026-07-22,0.5236883248454867,HIGH,0.0845763725914226,1.750008236744932,4.01553234328899,3.4322597190877584,5.413613473119753,0.8547458781707902,4.627263802158964,bear_steep,22.299999999999986,8.000000000000012,2.8000000000000913,0.9603174603174603,0.5416666666666666,0.0860000000000006,NORMAL,69.10000000000002,-0.0056987334038715,4.400000000000048,0.19943012665961285,42.199999999999974,Normal,경계,금리,경계,안정
2026-07-23,0.4904928513090927,WARNING,0.0053240654606006,1.5427492795599147,4.018702985318831,3.4333158745936525,5.413902622668407,0.8543343180962313,4.625282805376812,bear_steep,22.10000000000001,7.600000000000007,4.300000000000015,0.9603174603174603,0.5396825396825397,0.0673333333333331,NORMAL,69.20000000000002,-0.002138463792663,3.6000000000000085,0.1997861536207337,41.99999999999999,Normal,주의,금리,주의,안정
2026-07-24,0.5091050491983264,HIGH,0.007499571219812,1.607770398678362,4.028356723868528,3.4350185391190218,5.402371348856506,0.8527096219572855,4.606654030556301,bear_steep,30.299999999999994,10.099999999999998,4.499999999999993,0.9642857142857143,0.5376984126984127,0.0858314955618218,NORMAL,69.39999999999995,0.0049816222848886,4.799999999999997,0.20049816222848887,41.40000000000001,Normal,경계,금리,경계,안정
2026-07-27,0.4766130562315197,WARNING,0.0693561679484495,1.247817653328931,4.885919619305634,3.4367212036443906,5.4264831050862945,0.7033929068470436,3.8169497252430196,bear_steep,21.60000000000002,7.29999999999999,5.599999999999916,1.0,0.49206349206349204,0.0927176919605428,NORMAL,71.09999999999994,0.0655102529387723,5.29999999999994,0.1,42.8,Normal,주의,금리,주의,안정
2026-07-28,0.4438532474851274,WARNING,0.0112202312832629,1.0361258121551695,5.018164373972865,3.4385101516242473,5.435830509105244,0.68521273823918,3.7247003077480807,bear_steep,14.499999999999957,4.899999999999954,6.299999999999928,1.0,0.49007936507936506,0.0944969524928552,NORMAL,71.59999999999998,0.0833028582618878,5.299999999999997,0.1,42.499999999999986,Normal,주의,금리,주의,안정
2026-07-29,0.4297157261926779,WARNING,0.0123962599611224,0.9995671480607335,4.9061829948491855,3.440299099604104,5.442712347767644,0.70121703638367,3.816522622390434,bear_steep,16.599999999999948,6.899999999999951,5.200000000000005,0.996031746031746,0.4880952380952381,0.0735703455228091,NORMAL,71.19999999999997,0.0690367885614329,3.999999999999957,0.2069036788561433,42.300000000000004,Normal,주의,금리,주의,안정
2026-07-30,0.4096031970132831,WARNING,0.0089707738379845,0.9456249290893798,4.381191858988047,3.4410657684422707,5.431533122496918,0.785417730881358,4.266022420278467,bear_steep,10.599999999999987,6.599999999999989,5.700000000000038,0.9880952380952381,0.42857142857142855,0.0586896424960308,NORMAL,71.00000000000004,0.0618964249603065,3.500000000000014,0.20618964249603067,41.40000000000001,Normal,주의,금리,주의,안정
2026-07-31,0.3852517924152825,WARNING,0.0458659005988495,0.7943712457124216,4.515691938585989,3.4418324372804374,5.442935576362432,0.762193808632169,4.148571797087212,bear_steep,7.800000000000029,6.700000000000022,6.700000000000017,1.0,0.30158730158730157,0.0637518976066314,NORMAL,71.99999999999997,0.0975189760663213,3.599999999999952,0.20975189760663215,40.49999999999998,Normal,주의,금리,주의,안정
2026-08-03,0.3865554929933251,WARNING,0.0358893091979812,0.8016719071800861,4.509437472211965,3.4440158583653977,5.442735063942211,0.7637351398235582,4.156808025082488,bear_steep,6.700000000000017,7.300000000000045,6.600000000000028,0.998015873015873,0.42658730158730157,0.0622498107633487,NORMAL,71.99999999999997,0.0974981076334849,3.500000000000014,0.2097498107633485,39.40000000000001,Normal,주의,금리,주의,안정
2026-08-04,0.4009168169157083,WARNING,0.0253670363689819,0.9046903436994128,4.511887806555847,3.446199279450358,5.4435573920166185,0.7638042937244526,4.157812509157776,bear_steep,5.6999999999999496,9.299999999999908,6.499999999999995,0.9920634920634921,0.4246031746031746,0.0615347119538076,NORMAL,71.8,0.0903471195380743,3.500000000000014,0.20903471195380743,39.29999999999998,Normal,주의,금리,주의,안정
2026-08-05,0.3596385491286242,WARNING,0.0476892343197792,0.5644550741142473,5.1627486559206455,3.4480252674125356,5.4666381041399115,0.6678661885773457,3.65098275494361,neutral,-6.299999999999972,4.800000000000004,7.400000000000029,1.0,0.4226190476190476,0.0573156900447045,NORMAL,72.30000000000003,0.1081569004470501,3.099999999999966,0.21081569004470502,39.5,Normal,주의,금리,주의,안정
2026-08-06,0.3698228754352521,WARNING,0.053973197570561,0.5733255373919034,5.217228544372043,3.449851255374713,5.456129685696594,0.6612421184991322,3.60782275217602,neutral,-4.999999999999982,-1.6999999999999904,5.600000000000005,0.9642857142857143,0.42063492063492064,0.0111802304353966,NORMAL,70.30000000000003,0.0368023043539625,0.5000000000000284,0.20368023043539626,38.3,Normal,주의,금리,주의,안정
2026-08-07,0.3397240378619517,WARNING,0.005903928875934,0.3665223151836368,5.226340170611483,3.450238337710794,5.453506009202472,0.6601633696007805,3.600204903173209,neutral,-4.1999999999999815,-0.9999999999999787,6.500000000000039,0.9603174603174603,0.41865079365079366,0.0063227168997216,NORMAL,70.20000000000005,0.033227168997205,0.2000000000000739,0.2033227168997205,37.999999999999986,Normal,주의,금리,주의,안정
2026-08-10,0.3610283595442068,WARNING,0.0184753518414696,0.4694214662907294,5.258724580212031,3.450625420046875,5.446724812037338,0.6561715426267383,3.5739858221778715,neutral,0.8999999999999453,-0.1000000000000778,6.000000000000005,0.9464285714285714,0.4166666666666667,0.0018947760028115,NORMAL,69.8,0.0189477600281154,-4.263256414560601e-14,0.20189477600281155,37.59999999999999,Normal,주의,금리,주의,안정
2026-08-11,0.3825691689972968,WARNING,0.0804850963743771,0.5169081975725384,5.391504037787008,3.4510772240561987,5.434010126843653,0.6400954538601672,3.4782851784227327,neutral,3.8000000000000256,3.9000000000000643,6.599999999999984,0.9305555555555556,0.4146825396825397,0.0011806052666307,NORMAL,69.59999999999997,0.0118060526663078,-0.1000000000000369,0.20118060526663079,37.1,Normal,주의,금리,주의,안정
2026-08-12,0.3232471338664682,WARNING,0.0136974729948984,0.1939383929612287,5.149090364224275,3.451529028065522,5.435766402190076,0.6703182084444744,3.643693196238718,bull_steep,-3.900000000000059,5.6999999999999496,8.000000000000052,0.9682539682539683,0.36706349206349204,0.019392999323025,NORMAL,70.50000000000006,0.0439299932302398,1.000000000000071,0.204392999323024,37.000000000000014,Normal,주의,금리,주의,안정
2026-08-13,0.3172602799127378,WARNING,0.003968284767157,0.1488073420250271,5.149805821582005,3.4535007116106895,5.4352310847620835,0.6706079474176726,3.6449091614930307,bull_steep,-2.8999999999999915,5.60000000000001,8.300000000000018,0.9682539682539683,0.4126984126984127,0.0201061404538914,NORMAL,70.70000000000003,0.0510614045389038,1.000000000000071,0.2051061404538904,36.89999999999998,Low-Vol,주의,금리,주의,안정
2026-08-14,0.3345100418867344,WARNING,0.1293434207467062,0.2604019559640582,5.116701239954045,3.4554723951558564,5.431978126376831,0.6753320612455558,3.668388984726837,bear_steep,1.6000000000000014,6.800000000000011,7.000000000000028,0.9246031746031746,0.3630952380952381,0.0011768373206695,NORMAL,69.60000000000002,0.0117683732066872,5.684341886080803e-14,0.20117683732066874,42.7,Normal,주의,금리,주의,안정
2026-08-18,0.3800833349668386,WARNING,0.141014815965157,0.458918537639945,5.276073101125582,3.4560510903046757,5.417481923817744,0.6550423059087964,3.5486798515967974,bear_steep,4.5999999999999375,9.399999999999942,6.899999999999951,0.9087301587301587,0.5357142857142857,0.0008194020393149,NORMAL,69.49999999999999,0.0081940203931496,0.0,0.20081940203931498,41.5,Normal,주의,금리,주의,안정
2026-08-19,0.3693708436119319,WARNING,0.0159070892382449,0.4045374335287906,5.377974085392915,3.456629785453495,5.427302367281043,0.6427382747793501,3.4883349602521,bear_steep,0.8999999999999453,7.79999999999994,7.099999999999973,0.9444444444444444,0.48214285714285715,0.0022482783632146,NORMAL,69.89999999999998,0.0224827836321461,-0.5,0.20224827836321463,39.900000000000006,Normal,주의,금리,주의,안정
2026-08-20,0.3710750642180575,WARNING,0.0183878811520278,0.4871874796699539,5.157771346536968,3.4574974650484362,5.429692501240997,0.6703471776370757,3.639779043644097,neutral,-7.099999999999973,3.100000000000014,6.800000000000006,0.8928571428571429,0.4801587301587302,0.003103777297308,NORMAL,69.29999999999995,0.0010377729730907,0.1999999999999318,0.20010377729730908,38.20000000000001,Normal,주의,금리,주의,안정
2026-08-21,0.4243632644019651,WARNING,0.0083149204149134,0.7597013741018624,5.31082310995791,3.4583651446433774,5.418468618988436,0.6511919288290484,3.52846303129875,neutral,-1.6000000000000014,4.699999999999976,5.699999999999994,0.876984126984127,0.39880952380952384,0.0,NORMAL,68.79999999999997,-0.0168331093531511,-0.4000000000000483,0.19831668906468491,37.80000000000001,Normal,주의,금리,주의,안정
2026-08-24,0.3888047505437247,WARNING,0.0035976993151691,0.5814755896694505,5.212878788458235,3.4587607837575503,5.426785572104165,0.6635030132324478,3.6006885792574863,bull_steep,-11.20000000000001,1.100000000000012,5.8999999999999275,0.8650793650793651,0.3551587301587302,0.0,NORMAL,68.39999999999998,-0.0311291049779226,-0.9999999999999716,0.19688708950220776,26.69999999999999,Low-Vol,주의,금리,주의,안정
2026-08-25,0.3405601503576904,WARNING,0.0048412058590811,0.4336580211486324,4.55830935880028,3.4591564228717235,5.4298201193724385,0.7588682887863831,4.120518302406037,neutral,-1.29999999999999,2.2000000000000295,6.799999999999962,0.873015873015873,0.3968253968253968,0.0,NORMAL,68.6,-0.0239712631432167,-2.499999999999943,0.19760287368567833,27.30000000000001,Low-Vol,주의,금리,주의,안정
2026-08-26,0.3517911124374909,WARNING,0.0031341968393127,0.5614727621081138,4.505841238121664,3.4598352656576274,5.436332440748112,0.7678555641032568,4.174318112943476,neutral,-0.09999999999994458,1.2000000000000899,6.200000000000028,0.8630952380952381,0.35119047619047616,0.0,NORMAL,68.40000000000002,-0.031118999346837,-3.19999999999996,0.19688810006531632,29.800000000000004,Low-Vol,주의,금리,주의,안정
2026-08-27,0.2900168078895148,NORMAL,0.9999983728031604,0.1678437845297005,4.590204100496012,3.460514108443532,5.447465593756401,0.7538911195843323,4.106795935374143,neutral,-1.899999999999924,2.600000000000069,7.30000000000004,0.8928571428571429,0.003968253968253968,0.0001081883917556,NORMAL,69.30000000000005,0.0010818839175569,-1.8999999999999204,0.2001081883917557,35.90000000000004,High-Vol,주의,금리,주의,안정
2026-08-28,0.3269904224224849,WARNING,0.2987152738054065,0.3903611800971259,4.543042685481294,3.4616449216184444,5.437770933045787,0.7619661890215577,4.143397594625098,neutral,-2.7000000000000135,1.6000000000000014,6.400000000000006,0.873015873015873,0.005952380952380952,0.0,NORMAL,68.80000000000001,-0.0168078535481308,-2.2000000000000317,0.19831921464518693,27.19999999999998,Normal,주의,금리,주의,안정
2026-08-31,0.3035695067332245,WARNING,0.073123406252317,0.2262685139897571,4.44005689863967,3.4627757347933565,5.430980970218225,0.7798944504189284,4.235591919004,neutral,5.19999999999996,-2.8000000000000522,5.599999999999961,0.8412698412698413,0.011904761904761904,0.0,NORMAL,67.8,-0.0525908461037728,-4.199999999999974,0.19474091538962274,24.2,Normal,주의,금리,주의,안정
2026-09-01,0.3307790471941756,WARNING,0.0616305879803678,0.3121472130065676,4.609746539441686,3.4634006909787156,5.418860525068781,0.7513212844448902,4.071305249922388,bear_flat,10.70000000000002,-2.8999999999999915,5.200000000000005,0.8293650793650794,0.013888888888888888,0.0,NORMAL,67.10000000000002,-0.0776355445194678,-4.899999999999949,0.19223644554805322,23.20000000000002,Normal,주의,금리,주의,안정
2026-09-02,0.323440966783393,WARNING,0.0244462967616983,0.1912953675281689,4.695563415552337,3.4640256471640747,5.408608590560057,0.7377231102216096,3.9900555513992817,bear_flat,15.800000000000036,-3.1999999999999584,4.499999999999904,0.8253968253968254,0.015873015873015872,0.0,NORMAL,66.99999999999994,-0.0811992764583702,-4.800000000000054,0.191880072354163,22.80000000000002,Normal,주의,금리,주의,안정
2026-09-03,0.30176539131155,WARNING,0.0137939455768297,0.2599502773051336,4.057906512372829,3.4647832703096557,5.419392541141542,0.8538351634630565,4.6272679162360575,bear_flat,21.699999999999964,-0.20000000000002238,4.300000000000015,0.8412698412698413,0.017857142857142856,0.0,NORMAL,67.90000000000003,-0.0489540570629466,-4.399999999999992,0.19510459429370536,23.499999999999986,Normal,주의,금리,주의,안정
2026-09-04,0.295663252170333,NORMAL,0.0025700700881131,0.2405267057733788,3.993662743054686,3.4655408934552367,5.4208336498685865,0.8677600279297751,4.7039827594126296,bear_steep,16.500000000000004,2.300000000000013,6.500000000000039,0.8452380952380952,0.01984126984126984,0.0,NORMAL,68.30000000000003,-0.0346171476001677,-2.0,0.19653828523998323,23.4,Low-Vol,안정,없음,안정,안정
2026-09-07,0.2992099715217287,NORMAL,0.0015645000009065,0.2350871560270519,4.010154872977235,3.4664518810717375,5.415649259365043,0.8644184553645831,4.681387167576679,bear_steep,17.69999999999996,2.2999999999999687,6.40000000000005,0.8273809523809523,0.021825396825396824,0.0,NORMAL,67.50000000000003,-0.0632690947508104,-2.700000000000017,0.19367309052491896,23.20000000000002,Low-Vol,안정,없음,안정,안정
2026-09-08,0.3487850841870237,WARNING,0.0045471137409161,0.5967052345787409,3.98046545810384,3.467362868688238,5.412554564071012,0.8710948267693229,4.714848280368947,bear_steep,16.199999999999992,3.90000000000002,4.900000000000038,0.8214285714285714,0.023809523809523808,0.0,NORMAL,67.40000000000003,-0.06683891902302,-2.399999999999963,0.193316108097698,22.90000000000001,Low-Vol,주의,금리,주의,안정
2026-09-09,0.3774926096865042,WARNING,0.0041034094204853,0.8436850874086891,3.774708075153823,3.467818183034338,5.4123413779517575,0.9186983771964992,4.972309240757744,neutral,9.999999999999964,-0.20000000000007234,4.200000000000026,0.8115079365079365,0.03968253968253968,0.0,NORMAL,67.10000000000002,-0.0775765288413224,-2.499999999999943,0.19224234711586777,23.299999999999965,Low-Vol,주의,금리,주의,안정
2026-09-10,0.4088220763906918,WARNING,0.0536662401152002,1.013376523368362,3.904312730140448,3.4682734973804386,5.401910493577238,0.8883185690034814,4.798617399539421,bear_steep,15.90000000000007,2.000000000000046,3.89999999999997,0.8035714285714286,0.04563492063492063,0.0,NORMAL,66.99999999999994,-0.0811448136386249,-3.5000000000001137,0.1918855186361375,23.4,Normal,주의,금리,주의,안정
2026-09-11,0.4838606691231891,WARNING,0.046376573654944,1.3596774388519592,4.282879012017365,3.4696993755000243,5.383344687882823,0.8101324753196077,4.3612223574931726,bear_steep,24.2,0.8999999999999897,3.89999999999997,0.8174603174603174,0.057539682539682536,0.0,NORMAL,67.39999999999995,-0.0667861416618486,-3.3000000000000824,0.19332138583381514,23.899999999999988,Normal,주의,금리,주의,안정
2026-09-14,0.4642492188974296,WARNING,0.0128416981951083,1.2193454984627743,4.297156342464031,3.4711252536196096,5.383844987693779,0.8077726237973536,4.348922591827635,bear_flat,22.299999999999986,-0.6000000000000671,3.399999999999981,0.7757936507936508,0.025793650793650792,0.0,NORMAL,66.5,-0.0990473160683707,-3.1000000000000227,0.19009526839316293,23.30000000000001,Normal,주의,금리,주의,안정
2026-09-15,0.4762559457791517,WARNING,0.0650652918245955,1.2453502268598076,4.263048081756565,3.4724382245730023,5.370151491228072,0.814543528005953,4.374222141591344,bear_flat,21.799999999999997,-2.6000000000000245,2.400000000000002,0.746031746031746,0.007936507936507936,0.0,NORMAL,65.89999999999998,-0.1205475938253286,-3.6000000000000085,0.18794524061746715,21.899999999999984,Normal,주의,금리,주의,안정
2026-09-16,0.4395048792298767,WARNING,0.0330091548101956,1.0079484033702175,4.32161032364946,3.473751195526395,5.381094287850593,0.8038094449461896,4.325374412720296,bear_flat,20.999999999999996,-4.499999999999993,3.100000000000014,0.7658730158730159,0.003968253968253968,0.0,NORMAL,66.30000000000003,-0.106171572890941,-3.599999999999952,0.1893828427109059,22.40000000000002,Normal,주의,금리,주의,안정
2026-09-17,0.4310115397982936,WARNING,0.125927867592632,0.9541130535843978,4.4426491622620015,3.474001172716808,5.388655482207422,0.7819661300799182,4.213746073755674,bear_flat,18.299999999999983,-6.899999999999995,1.6000000000000458,0.7638888888888888,0.007936507936507936,0.0,NORMAL,66.30000000000003,-0.1061491178103645,-2.999999999999929,0.18938508821896355,20.900000000000006,Normal,주의,금리,주의,안정
2026-09-18,0.4092404471651323,WARNING,0.0096565101769372,0.8332752377026281,4.446228443121311,3.4742511499072206,5.396944545937363,0.7813928578686008,4.217133922508355,bear_flat,8.999999999999986,-9.100000000000025,1.5000000000000124,0.8055555555555556,0.00992063492063492,0.0,NORMAL,67.10000000000002,-0.0774138422532819,-1.699999999999946,0.19225861577467182,19.300000000000004,Normal,주의,금리,주의,안정
2026-09-21,0.4108161530374572,WARNING,0.0218683585132965,0.8871128055679486,4.329932538674659,3.475167425337024,5.398168186917064,0.8025915864270559,4.33252436893783,bear_flat,12.199999999999989,-9.800000000000031,2.2000000000000686,0.7876984126984127,0.04365079365079365,0.0,NORMAL,66.80000000000001,-0.0881671332742913,-1.599999999999966,0.19118328667257087,23.70000000000001,Normal,주의,금리,주의,안정
2026-09-22,0.4227090926970228,WARNING,0.111120541008106,0.9791921832650669,4.301954879990443,3.4760837007668277,5.397781533307739,0.8080242117217534,4.361538168497223,bear_flat,14.100000000000001,-6.9,1.5000000000000124,0.8134920634920635,0.10317460317460317,0.0,NORMAL,67.30000000000001,-0.0701955658520551,-1.299999999999983,0.1929804434147945,27.89999999999999,Normal,주의,금리,주의,안정
2026-09-23,0.3834260995358665,WARNING,0.0554038970276445,0.6918787960357726,4.551066965703282,3.476204824996495,5.4117975082309275,0.7638219457531785,4.133649702759151,bear_flat,10.40000000000001,-8.60000000000003,2.0000000000000018,0.8392857142857143,0.15873015873015872,0.0,NORMAL,68.29999999999998,-0.0342672693865818,-0.1000000000000369,0.19657327306134184,30.100000000000016,Normal,주의,금리,주의,안정
2026-09-28,0.5070253184425519,HIGH,0.2842336241451962,1.175526600927594,5.354434954709071,3.476325949226163,5.381057879841983,0.6492423530458307,3.4936106797844175,bear_flat,30.099999999999927,-6.300000000000061,-0.29999999999996696,0.7817460317460317,0.14682539682539683,0.0399999999999997,NORMAL,66.90000000000005,-0.0845495768979225,-2.4000000000000057,0.19154504231020775,27.0,Normal,경계,금리,경계,안정
2026-09-29,0.4407416255657879,WARNING,0.0408898744512359,0.7289303002492212,5.573093254293565,3.476906849701613,5.3940680862256425,0.6238737970198095,3.365217738336969,bear_flat,19.200000000000017,-9.59999999999997,0.40000000000000036,0.8313492063492064,0.20436507936507936,0.0466666666666665,NORMAL,67.90000000000003,-0.0486033279203866,-0.8999999999999773,0.19513966720796136,27.800000000000004,Normal,주의,금리,주의,안정
